created_at,id,temperature,humidity,sht31_temp,sht31_hum,pm25,year,month
2024-01-01 00:00:00,1,22.4,96.22,,,31.17,2024.0,1
2024-01-01 01:00:00,2,22.48,94.71,,,19.7,2024.0,1
2024-01-01 02:00:00,3,21.94,96.98,,,32.68,2024.0,1
2024-01-01 03:00:00,4,21.75,96.47,,,26.13,2024.0,1
2024-01-01 04:00:00,5,21.56,97.31,,,25.1,2024.0,1
2024-01-01 05:00:00,6,21.69,96.56,,,23.63,2024.0,1
2024-01-01 06:00:00,7,22.63,96.11,,,29.52,2024.0,1
2024-01-01 07:00:00,8,24.12,91.44,,,34.93,2024.0,1
2024-01-01 08:00:00,9,27.14,79.97,,,27.43,2024.0,1
2024-01-01 09:00:00,10,28.46,73.34,,,10.87,2024.0,1
2024-01-01 10:00:00,11,29.94,65.68,,,3.97,2024.0,1
2024-01-01 11:00:00,12,29.1,67.28,,,3.07,2024.0,1
2024-01-01 12:00:00,13,,62.59,,,3.03,2024.0,1
2024-01-01 13:00:00,14,,58.03,,,1.43,2024.0,1
2024-01-01 14:00:00,15,,61.08,,,3.5,2024.0,1
2024-01-01 15:00:00,16,28.68,73.51,,,8.53,2024.0,1
2024-01-01 16:00:00,17,26.76,81.22,,,8.33,2024.0,1
2024-01-01 17:00:00,18,25.25,85.48,,,13.57,2024.0,1
2024-01-01 18:00:00,19,23.11,93.42,,,8.0,2024.0,1
2024-01-01 19:00:00,20,23.17,93.77,,,9.37,2024.0,1
2024-01-01 20:00:00,21,23.3,93.97,,,13.2,2024.0,1
2024-01-01 21:00:00,22,23.54,93.79,,,18.37,2024.0,1
2024-01-01 22:00:00,23,23.47,93.81,,,16.74,2024.0,1
2024-01-01 23:00:00,24,23.33,94.76,,,11.03,2024.0,1
2024-01-02 00:00:00,25,23.76,94.37,,,15.63,2024.0,1
2024-01-02 01:00:00,26,23.77,94.93,,,17.47,2024.0,1
2024-01-02 02:00:00,27,23.34,97.18,,,15.87,2024.0,1
2024-01-02 03:00:00,28,23.37,96.39,,,16.67,2024.0,1
2024-01-02 04:00:00,29,23.38,96.81,,,18.41,2024.0,1
2024-01-02 05:00:00,30,23.16,97.59,,,22.9,2024.0,1
2024-01-02 06:00:00,31,23.42,97.12,,,23.2,2024.0,1
2024-01-02 07:00:00,32,24.03,94.6,,,25.67,2024.0,1
2024-01-02 08:00:00,33,25.41,88.79,,,21.97,2024.0,1
2024-01-02 09:00:00,34,27.11,81.84,,,17.77,2024.0,1
2024-01-02 10:00:00,35,27.88,77.19,,,14.27,2024.0,1
2024-01-02 11:00:00,36,,66.59,,,10.57,2024.0,1
2024-01-02 12:00:00,37,,62.57,,,6.66,2024.0,1
2024-01-02 13:00:00,38,,61.99,,,5.9,2024.0,1
2024-01-02 14:00:00,39,,63.44,,,5.37,2024.0,1
2024-01-02 15:00:00,40,29.85,68.0,,,3.7,2024.0,1
2024-01-02 16:00:00,41,29.34,70.85,,,3.63,2024.0,1
2024-01-02 17:00:00,42,27.93,74.55,,,6.0,2024.0,1
2024-01-02 18:00:00,43,25.82,85.43,,,17.97,2024.0,1
2024-01-02 19:00:00,44,25.01,90.8,,,25.5,2024.0,1
2024-01-02 20:00:00,45,24.7,89.85,,,24.03,2024.0,1
2024-01-02 21:00:00,46,24.27,91.45,,,28.63,2024.0,1
2024-01-02 22:00:00,47,24.16,91.01,,,26.2,2024.0,1
2024-01-02 23:00:00,48,24.03,90.13,,,20.43,2024.0,1
2024-01-03 00:00:00,49,23.36,95.3,,,23.52,2024.0,1
2024-01-03 01:00:00,50,22.97,92.58,,,8.27,2024.0,1
2024-01-03 02:00:00,51,22.99,91.18,,,7.3,2024.0,1
2024-01-03 03:00:00,52,23.26,88.59,,,8.0,2024.0,1
2024-01-03 04:00:00,53,23.42,89.59,,,11.1,2024.0,1
2024-01-03 05:00:00,54,23.33,91.67,,,9.83,2024.0,1
2024-01-03 06:00:00,55,23.19,94.74,,,12.13,2024.0,1
2024-01-03 07:00:00,56,23.42,94.65,,,16.63,2024.0,1
2024-01-03 08:00:00,57,24.11,89.67,,,7.55,2024.0,1
2024-01-03 09:00:00,58,24.49,86.73,,,5.83,2024.0,1
2024-01-03 10:00:00,59,25.89,82.3,,,7.37,2024.0,1
2024-01-03 11:00:00,60,26.82,78.96,,,6.31,2024.0,1
2024-01-03 12:00:00,61,27.32,75.52,,,5.1,2024.0,1
2024-01-03 13:00:00,62,27.53,76.1,,,5.7,2024.0,1
2024-01-03 14:00:00,63,26.55,79.57,,,6.33,2024.0,1
2024-01-03 15:00:00,64,25.14,86.15,,,7.83,2024.0,1
2024-01-03 16:00:00,65,25.67,84.07,,,9.59,2024.0,1
2024-01-03 17:00:00,66,25.81,83.32,,,9.43,2024.0,1
2024-01-03 18:00:00,67,25.79,83.88,,,9.77,2024.0,1
2024-01-03 19:00:00,68,26.03,84.44,,,13.9,2024.0,1
2024-01-03 20:00:00,69,25.82,85.46,,,15.07,2024.0,1
2024-01-03 21:00:00,70,25.36,88.13,,,24.07,2024.0,1
2024-01-03 22:00:00,71,24.51,92.48,,,32.4,2024.0,1
2024-01-03 23:00:00,72,24.06,92.21,,,27.93,2024.0,1
2024-01-04 00:00:00,73,24.08,93.13,,,26.67,2024.0,1
2024-01-04 01:00:00,74,23.97,93.21,,,30.69,2024.0,1
2024-01-04 02:00:00,75,23.74,94.25,,,32.23,2024.0,1
2024-01-04 03:00:00,76,23.67,94.51,,,32.23,2024.0,1
2024-01-04 04:00:00,77,23.3,94.16,,,29.37,2024.0,1
2024-01-04 05:00:00,78,23.48,93.36,,,22.0,2024.0,1
2024-01-04 06:00:00,79,23.55,91.77,,,26.27,2024.0,1
2024-01-04 07:00:00,80,25.51,84.59,,,20.9,2024.0,1
2024-01-04 08:00:00,81,26.58,80.15,,,16.13,2024.0,1
2024-01-04 09:00:00,82,27.17,79.38,,,31.41,2024.0,1
2024-01-04 10:00:00,83,30.35,67.29,,,27.43,2024.0,1
2024-01-04 11:00:00,84,27.85,72.82,,,23.43,2024.0,1
2024-01-04 12:00:00,85,25.29,79.35,,,10.21,2024.0,1
2024-01-04 13:00:00,86,23.07,91.14,,,15.24,2024.0,1
2024-01-04 14:00:00,87,21.97,95.9,,,15.17,2024.0,1
2024-01-04 15:00:00,88,22.1,96.0,,,16.87,2024.0,1
2024-01-04 16:00:00,89,21.75,98.6,,,13.47,2024.0,1
2024-01-04 17:00:00,90,21.72,97.83,,,5.7,2024.0,1
2024-01-04 18:00:00,91,21.94,97.14,,,10.24,2024.0,1
2024-01-04 19:00:00,92,22.26,96.85,,,11.47,2024.0,1
2024-01-04 20:00:00,93,22.49,96.04,,,9.43,2024.0,1
2024-01-04 21:00:00,94,22.7,95.53,,,11.2,2024.0,1
2024-01-04 22:00:00,95,22.6,96.46,,,14.38,2024.0,1
2024-01-04 23:00:00,96,22.55,95.98,,,14.43,2024.0,1
2024-01-05 00:00:00,97,21.96,97.57,,,19.97,2024.0,1
2024-01-05 01:00:00,98,21.75,97.15,,,18.97,2024.0,1
2024-01-05 02:00:00,99,22.0,96.48,,,15.63,2024.0,1
2024-01-05 03:00:00,100,21.91,97.14,,,17.2,2024.0,1
2024-01-05 04:00:00,101,21.98,97.41,,,17.29,2024.0,1
2024-01-05 05:00:00,102,21.94,97.34,,,22.37,2024.0,1
2024-01-05 06:00:00,103,22.1,96.96,,,20.8,2024.0,1
2024-01-05 07:00:00,104,23.31,92.73,,,23.07,2024.0,1
2024-01-05 08:00:00,105,26.58,81.04,,,18.55,2024.0,1
2024-01-05 09:00:00,106,29.13,70.68,,,11.4,2024.0,1
2024-01-05 10:00:00,107,30.31,62.84,,,5.07,2024.0,1
2024-01-05 11:00:00,108,,60.0,,,4.17,2024.0,1
2024-01-05 12:00:00,109,26.53,76.49,,,3.81,2024.0,1
2024-01-05 13:00:00,110,26.76,75.77,,,1.93,2024.0,1
2024-01-05 14:00:00,111,29.47,64.9,,,3.67,2024.0,1
2024-01-05 15:00:00,112,28.01,69.27,,,1.63,2024.0,1
2024-01-05 16:00:00,113,26.03,77.85,,,3.71,2024.0,1
2024-01-05 17:00:00,114,23.7,89.35,,,2.47,2024.0,1
2024-01-05 18:00:00,115,21.99,95.41,,,3.4,2024.0,1
2024-01-05 19:00:00,116,22.18,95.77,,,3.63,2024.0,1
2024-01-05 20:00:00,117,22.57,94.08,,,5.1,2024.0,1
2024-01-05 21:00:00,118,22.22,96.74,,,7.2,2024.0,1
2024-01-05 22:00:00,119,22.21,96.31,,,1.83,2024.0,1
2024-01-05 23:00:00,120,22.37,95.67,,,3.9,2024.0,1
2024-01-06 00:00:00,121,22.54,94.62,,,3.27,2024.0,1
2024-01-06 01:00:00,122,22.46,94.84,,,7.17,2024.0,1
2024-01-06 02:00:00,123,22.38,94.89,,,8.47,2024.0,1
2024-01-06 03:00:00,124,22.09,97.59,,,17.06,2024.0,1
2024-01-06 04:00:00,125,22.25,97.03,,,15.87,2024.0,1
2024-01-06 05:00:00,126,22.43,96.02,,,14.93,2024.0,1
2024-01-06 06:00:00,127,22.67,94.96,,,13.37,2024.0,1
2024-01-06 07:00:00,128,23.45,93.08,,,21.81,2024.0,1
2024-01-06 08:00:00,129,25.73,84.75,,,23.23,2024.0,1
2024-01-06 09:00:00,130,28.33,74.86,,,14.87,2024.0,1
2024-01-06 10:00:00,131,28.25,75.73,,,18.43,2024.0,1
2024-01-06 11:00:00,132,29.05,67.38,,,7.84,2024.0,1
2024-01-06 12:00:00,133,30.37,60.86,,,1.73,2024.0,1
2024-01-06 13:00:00,134,30.09,62.71,,,7.9,2024.0,1
2024-01-06 14:00:00,135,26.57,74.59,,,8.43,2024.0,1
2024-01-06 15:00:00,136,24.29,81.67,,,9.84,2024.0,1
2024-01-06 16:00:00,137,25.77,79.36,,,8.17,2024.0,1
2024-01-06 17:00:00,138,24.89,87.09,,,14.27,2024.0,1
2024-01-06 18:00:00,139,23.78,91.31,,,11.7,2024.0,1
2024-01-06 19:00:00,140,22.85,93.61,,,3.97,2024.0,1
2024-01-06 20:00:00,141,23.12,94.24,,,5.6,2024.0,1
2024-01-06 21:00:00,142,23.18,94.53,,,8.13,2024.0,1
2024-01-06 22:00:00,143,22.64,96.77,,,11.33,2024.0,1
2024-01-06 23:00:00,144,22.45,96.67,,,12.97,2024.0,1
2024-01-07 00:00:00,145,22.9,94.25,,,10.2,2024.0,1
2024-01-07 01:00:00,146,22.92,95.06,,,14.1,2024.0,1
2024-01-07 02:00:00,147,22.74,95.95,,,17.39,2024.0,1
2024-01-07 03:00:00,148,22.99,95.28,,,17.31,2024.0,1
2024-01-07 04:00:00,149,22.96,95.38,,,18.97,2024.0,1
2024-01-07 05:00:00,150,22.36,98.27,,,21.6,2024.0,1
2024-01-07 06:00:00,151,22.58,96.92,,,21.87,2024.0,1
2024-01-07 07:00:00,152,24.29,90.53,,,22.73,2024.0,1
2024-01-07 08:00:00,153,27.19,79.86,,,15.53,2024.0,1
2024-01-07 09:00:00,154,27.46,78.21,,,21.17,2024.0,1
2024-01-07 10:00:00,155,28.71,71.16,,,7.65,2024.0,1
2024-01-07 11:00:00,156,29.02,70.49,,,10.23,2024.0,1
2024-01-07 12:00:00,157,27.14,76.43,,,7.87,2024.0,1
2024-01-07 13:00:00,158,27.0,77.28,,,5.8,2024.0,1
2024-01-07 14:00:00,159,26.71,78.25,,,3.25,2024.0,1
2024-01-07 15:00:00,160,24.45,84.87,,,2.8,2024.0,1
2024-01-07 16:00:00,161,23.04,91.94,,,2.87,2024.0,1
2024-01-07 17:00:00,162,21.96,97.45,,,1.8,2024.0,1
2024-01-07 18:00:00,163,22.39,96.25,,,2.81,2024.0,1
2024-01-07 19:00:00,164,22.83,95.75,,,3.2,2024.0,1
2024-01-07 20:00:00,165,22.58,96.23,,,5.0,2024.0,1
2024-01-07 21:00:00,166,22.63,95.62,,,4.03,2024.0,1
2024-01-07 22:00:00,167,22.76,94.4,,,8.52,2024.0,1
2024-01-07 23:00:00,168,22.66,95.43,,,6.83,2024.0,1
2024-01-08 00:00:00,169,22.48,96.22,,,9.17,2024.0,1
2024-01-08 01:00:00,170,22.55,96.08,,,10.93,2024.0,1
2024-01-08 02:00:00,171,22.74,95.07,,,11.35,2024.0,1
2024-01-08 03:00:00,172,22.22,96.6,,,15.93,2024.0,1
2024-01-08 04:00:00,173,21.95,97.66,,,13.8,2024.0,1
2024-01-08 05:00:00,174,22.4,96.55,,,23.7,2024.0,1
2024-01-08 06:00:00,175,22.35,97.45,,,20.94,2024.0,1
2024-01-08 07:00:00,176,23.61,93.62,,,18.53,2024.0,1
2024-01-08 08:00:00,177,25.21,85.3,,,18.33,2024.0,1
2024-01-08 09:00:00,178,28.37,72.39,,,6.13,2024.0,1
2024-01-08 10:00:00,179,30.19,65.25,,,7.94,2024.0,1
2024-01-08 11:00:00,180,,57.25,,,4.48,2024.0,1
2024-01-08 12:00:00,181,27.63,73.51,,,7.27,2024.0,1
2024-01-08 13:00:00,182,26.38,78.34,,,3.9,2024.0,1
2024-01-08 14:00:00,183,26.72,78.11,,,5.03,2024.0,1
2024-01-08 15:00:00,184,27.48,75.42,,,5.07,2024.0,1
2024-01-08 16:00:00,185,26.49,78.23,,,8.57,2024.0,1
2024-01-08 17:00:00,186,24.18,87.11,,,11.73,2024.0,1
2024-01-08 18:00:00,187,22.81,93.71,,,9.39,2024.0,1
2024-01-08 19:00:00,188,23.45,93.15,,,10.13,2024.0,1
2024-01-08 20:00:00,189,23.85,91.52,,,14.73,2024.0,1
2024-01-08 21:00:00,190,23.74,91.99,,,19.3,2024.0,1
2024-01-08 22:00:00,191,23.7,92.62,,,20.68,2024.0,1
2024-01-08 23:00:00,192,23.58,93.48,,,26.73,2024.0,1
2024-01-09 00:00:00,193,23.2,94.96,,,33.97,2024.0,1
2024-01-09 01:00:00,194,22.69,96.7,,,33.81,2024.0,1
2024-01-09 02:00:00,195,22.78,94.32,,,24.97,2024.0,1
2024-01-09 03:00:00,196,22.68,93.68,,,21.63,2024.0,1
2024-01-09 04:00:00,197,22.85,93.0,,,24.2,2024.0,1
2024-01-09 05:00:00,198,22.95,93.5,,,20.16,2024.0,1
2024-01-09 06:00:00,199,23.29,94.42,,,26.27,2024.0,1
2024-01-09 07:00:00,200,23.4,91.57,,,21.9,2024.0,1
2024-01-09 08:00:00,201,25.51,86.48,,,24.17,2024.0,1
2024-01-09 09:00:00,202,29.22,72.9,,,15.06,2024.0,1
2024-01-09 10:00:00,203,,64.24,,,6.4,2024.0,1
2024-01-09 11:00:00,204,,58.0,,,1.87,2024.0,1
2024-01-09 12:00:00,205,,53.62,,,1.23,2024.0,1
2024-01-09 13:00:00,206,29.27,69.14,,,5.19,2024.0,1
2024-01-09 14:00:00,207,24.59,86.66,,,15.1,2024.0,1
2024-01-09 15:00:00,208,25.1,86.75,,,13.8,2024.0,1
2024-01-09 16:00:00,209,24.67,86.05,,,6.97,2024.0,1
2024-01-09 17:00:00,210,24.14,86.31,,,7.43,2024.0,1
2024-01-09 18:00:00,211,23.7,87.39,,,5.5,2024.0,1
2024-01-09 19:00:00,212,23.61,89.62,,,7.23,2024.0,1
2024-01-09 20:00:00,213,23.34,93.44,,,13.23,2024.0,1
2024-01-09 21:00:00,214,23.36,93.8,,,18.5,2024.0,1
2024-01-09 22:00:00,215,23.06,95.52,,,20.23,2024.0,1
2024-01-09 23:00:00,216,23.14,95.55,,,26.2,2024.0,1
2024-01-10 00:00:00,217,23.08,95.68,,,20.16,2024.0,1
2024-01-10 01:00:00,218,23.26,95.26,,,19.03,2024.0,1
2024-01-10 02:00:00,219,23.17,95.73,,,20.03,2024.0,1
2024-01-10 03:00:00,220,23.08,96.41,,,23.33,2024.0,1
2024-01-10 04:00:00,221,23.03,95.89,,,25.06,2024.0,1
2024-01-10 05:00:00,222,22.81,95.95,,,24.47,2024.0,1
2024-01-10 06:00:00,223,23.14,95.68,,,24.17,2024.0,1
2024-01-10 07:00:00,224,24.06,92.19,,,29.73,2024.0,1
2024-01-10 08:00:00,225,26.74,82.25,,,30.45,2024.0,1
2024-01-10 09:00:00,226,28.98,74.19,,,21.2,2024.0,1
2024-01-10 10:00:00,227,,62.98,,,6.4,2024.0,1
2024-01-10 11:00:00,228,29.95,66.64,,,11.3,2024.0,1
2024-01-10 12:00:00,229,26.7,78.92,,,15.97,2024.0,1
2024-01-15 12:00:00,349,29.71,61.59,,,5.41,2024.0,1
2024-01-15 13:00:00,350,29.72,61.07,,,1.68,2024.0,1
2024-01-15 14:00:00,351,29.56,62.03,,,1.0,2024.0,1
2024-01-15 15:00:00,352,26.95,73.5,,,3.07,2024.0,1
2024-01-15 16:00:00,353,24.77,81.96,,,5.24,2024.0,1
2024-01-15 17:00:00,354,24.38,86.07,,,14.66,2024.0,1
2024-01-15 18:00:00,355,24.25,88.16,,,11.17,2024.0,1
2024-01-15 19:00:00,356,24.31,88.96,,,14.03,2024.0,1
2024-01-15 20:00:00,357,24.42,88.63,,,13.07,2024.0,1
2024-01-15 21:00:00,358,24.36,87.89,,,16.21,2024.0,1
2024-01-15 22:00:00,359,24.36,89.35,,,24.52,2024.0,1
2024-01-15 23:00:00,360,23.92,91.62,,,25.6,2024.0,1
2024-01-16 00:00:00,361,23.21,93.82,,,33.28,2024.0,1
2024-01-16 01:00:00,362,22.91,92.8,,,23.97,2024.0,1
2024-01-16 02:00:00,363,22.41,92.97,,,19.14,2024.0,1
2024-01-16 03:00:00,364,21.91,94.51,,,22.24,2024.0,1
2024-01-16 04:00:00,365,21.73,89.29,,,8.52,2024.0,1
2024-01-16 05:00:00,366,21.37,89.32,,,11.56,2024.0,1
2024-01-16 06:00:00,367,22.22,87.76,,,14.45,2024.0,1
2024-01-16 07:00:00,368,26.15,74.5,,,10.17,2024.0,1
2024-01-16 08:00:00,369,26.88,71.53,,,10.03,2024.0,1
2024-01-16 09:00:00,370,27.75,71.31,,,9.21,2024.0,1
2024-01-16 10:00:00,371,28.5,68.83,,,4.33,2024.0,1
2024-01-16 11:00:00,372,29.57,64.02,,,0.52,2024.0,1
2024-01-16 12:00:00,373,29.46,64.19,,,0.0,2024.0,1
2024-01-16 13:00:00,374,29.1,66.97,,,0.0,2024.0,1
2024-01-16 14:00:00,375,28.21,68.99,,,,2024.0,1
2024-01-16 15:00:00,376,27.37,70.41,,,,2024.0,1
2024-01-16 16:00:00,377,27.07,72.44,,,,2024.0,1
2024-01-16 17:00:00,378,25.68,79.86,,,,2024.0,1
2024-01-16 18:00:00,379,24.57,84.41,,,,2024.0,1
2024-01-16 19:00:00,380,24.93,84.78,,,,2024.0,1
2024-01-16 20:00:00,381,24.29,88.42,,,,2024.0,1
2024-01-16 21:00:00,382,24.22,90.06,,,,2024.0,1
2024-01-16 22:00:00,383,24.21,87.99,,,,2024.0,1
2024-01-16 23:00:00,384,24.18,85.71,,,,2024.0,1
2024-01-17 00:00:00,385,24.09,83.01,,,,2024.0,1
2024-01-17 01:00:00,386,23.13,90.12,,,,2024.0,1
2024-01-17 02:00:00,387,22.88,91.16,,,,2024.0,1
2024-01-17 03:00:00,388,22.56,92.58,,,,2024.0,1
2024-01-17 04:00:00,389,22.25,93.5,,,,2024.0,1
2024-01-17 05:00:00,390,22.05,93.7,,,,2024.0,1
2024-01-17 06:00:00,391,22.51,90.71,,,,2024.0,1
2024-01-17 07:00:00,392,23.43,88.52,,,,2024.0,1
2024-01-17 08:00:00,393,25.38,82.02,,,,2024.0,1
2024-01-17 09:00:00,394,26.75,75.27,,,,2024.0,1
2024-01-17 10:00:00,395,27.12,72.83,,,,2024.0,1
2024-01-17 11:00:00,396,27.23,72.61,,,,2024.0,1
2024-01-17 12:00:00,397,27.71,71.12,,,,2024.0,1
2024-01-17 13:00:00,398,27.73,70.03,,,,2024.0,1
2024-01-17 14:00:00,399,27.07,73.61,,,,2024.0,1
2024-01-17 15:00:00,400,26.71,72.15,,,,2024.0,1
2024-01-17 16:00:00,401,26.05,73.22,,,,2024.0,1
2024-01-17 17:00:00,402,25.85,74.32,,,,2024.0,1
2024-01-17 18:00:00,403,24.8,81.22,,,,2024.0,1
2024-01-17 19:00:00,404,24.3,82.59,,,,2024.0,1
2024-01-17 20:00:00,405,24.23,83.31,,,,2024.0,1
2024-01-17 21:00:00,406,23.02,89.51,,,,2024.0,1
2024-01-17 22:00:00,407,22.17,94.01,,,,2024.0,1
2024-01-17 23:00:00,408,22.49,93.55,,,,2024.0,1
2024-01-18 00:00:00,409,22.71,94.07,,,,2024.0,1
2024-01-18 01:00:00,410,22.31,95.36,,,,2024.0,1
2024-01-18 02:00:00,411,21.85,97.21,,,,2024.0,1
2024-01-18 03:00:00,412,22.14,96.37,,,,2024.0,1
2024-01-18 04:00:00,413,22.8,91.97,,,,2024.0,1
2024-01-18 05:00:00,414,22.73,91.01,,,,2024.0,1
2024-01-18 06:00:00,415,22.83,90.4,,,,2024.0,1
2024-01-18 07:00:00,416,23.1,90.1,,,,2024.0,1
2024-01-18 08:00:00,417,25.55,78.73,,,,2024.0,1
2024-01-18 09:00:00,418,23.71,88.29,,,,2024.0,1
2024-01-18 10:00:00,419,23.73,90.19,,,,2024.0,1
2024-01-18 11:00:00,420,25.0,83.86,,,,2024.0,1
2024-01-18 12:00:00,421,26.52,76.99,,,,2024.0,1
2024-01-18 13:00:00,422,27.26,73.89,,,,2024.0,1
2024-01-19 11:00:00,444,26.22,76.88,,,13.52,2024.0,1
2024-01-19 12:00:00,445,26.64,72.43,,,5.56,2024.0,1
2024-01-19 13:00:00,446,26.24,73.18,,,3.0,2024.0,1
2024-01-19 14:00:00,447,24.76,80.53,,,8.45,2024.0,1
2024-01-19 15:00:00,448,24.21,83.24,,,7.21,2024.0,1
2024-01-19 16:00:00,449,23.12,90.21,,,13.33,2024.0,1
2024-01-19 17:00:00,450,21.67,93.4,,,3.37,2024.0,1
2024-01-19 18:00:00,451,22.44,88.28,,,8.76,2024.0,1
2024-01-19 19:00:00,452,22.72,86.26,,,15.37,2024.0,1
2024-01-19 20:00:00,453,22.53,87.38,,,22.1,2024.0,1
2024-01-19 21:00:00,454,22.81,85.22,,,14.53,2024.0,1
2024-01-19 22:00:00,455,23.04,84.2,,,16.27,2024.0,1
2024-01-19 23:00:00,456,22.85,84.81,,,14.21,2024.0,1
2024-01-20 00:00:00,457,22.95,83.21,,,28.31,2024.0,1
2024-01-20 01:00:00,458,22.97,79.71,,,21.5,2024.0,1
2024-01-20 02:00:00,459,22.78,80.38,,,30.1,2024.0,1
2024-01-20 03:00:00,460,22.92,80.88,,,24.57,2024.0,1
2024-01-20 04:00:00,461,23.18,78.88,,,19.52,2024.0,1
2024-01-20 05:00:00,462,23.62,74.7,,,9.43,2024.0,1
2024-01-20 06:00:00,463,24.18,71.74,,,14.97,2024.0,1
2024-01-20 07:00:00,464,25.22,71.9,,,35.03,2024.0,1
2024-01-20 08:00:00,465,25.58,69.93,,,31.03,2024.0,1
2024-01-20 09:00:00,466,26.31,65.65,,,15.31,2024.0,1
2024-01-20 10:00:00,467,25.33,71.55,,,16.73,2024.0,1
2024-01-20 11:00:00,468,25.41,73.73,,,21.07,2024.0,1
2024-01-20 12:00:00,469,26.48,71.32,,,17.5,2024.0,1
2024-01-20 13:00:00,470,27.33,68.0,,,12.41,2024.0,1
2024-01-20 14:00:00,471,27.88,63.53,,,6.69,2024.0,1
2024-01-20 15:00:00,472,28.13,60.87,,,4.9,2024.0,1
2024-01-20 16:00:00,473,28.75,58.36,,,7.61,2024.0,1
2024-01-20 17:00:00,474,27.95,58.4,,,18.11,2024.0,1
2024-01-20 18:00:00,475,25.78,63.79,,,28.57,2024.0,1
2024-01-20 19:00:00,476,24.83,68.16,,,32.24,2024.0,1
2024-01-20 20:00:00,477,24.31,71.31,,,38.33,2024.0,1
2024-01-20 21:00:00,478,24.02,71.68,,,39.0,2024.0,1
2024-01-20 22:00:00,479,23.87,71.02,,,31.2,2024.0,1
2024-01-20 23:00:00,480,23.29,77.3,,,39.63,2024.0,1
2024-01-21 00:00:00,481,23.11,76.46,,,22.59,2024.0,1
2024-01-21 01:00:00,482,23.05,75.97,,,24.67,2024.0,1
2024-01-21 02:00:00,483,22.8,78.27,,,17.86,2024.0,1
2024-01-21 03:00:00,484,22.99,78.52,,,6.17,2024.0,1
2024-01-21 04:00:00,485,22.81,79.86,,,10.77,2024.0,1
2024-01-21 05:00:00,486,22.53,82.38,,,14.45,2024.0,1
2024-01-21 06:00:00,487,23.04,81.47,,,14.63,2024.0,1
2024-01-21 07:00:00,488,23.83,80.95,,,21.21,2024.0,1
2024-01-21 08:00:00,489,26.06,73.68,,,15.9,2024.0,1
2024-01-21 09:00:00,490,26.93,71.37,,,9.47,2024.0,1
2024-01-21 10:00:00,491,22.87,90.48,,,10.41,2024.0,1
2024-01-21 11:00:00,492,24.07,86.7,,,7.97,2024.0,1
2024-01-21 12:00:00,493,26.43,79.04,,,4.85,2024.0,1
2024-01-21 13:00:00,494,29.88,65.36,,,4.76,2024.0,1
2024-01-21 14:00:00,495,28.44,68.73,,,4.83,2024.0,1
2024-01-21 15:00:00,496,29.41,69.54,,,15.03,2024.0,1
2024-01-21 16:00:00,497,28.46,68.05,,,3.8,2024.0,1
2024-01-21 17:00:00,498,25.8,77.13,,,8.79,2024.0,1
2024-01-21 18:00:00,499,24.26,83.36,,,18.63,2024.0,1
2024-01-21 19:00:00,500,24.02,83.74,,,19.79,2024.0,1
2024-01-21 20:00:00,501,23.91,83.78,,,22.1,2024.0,1
2024-01-21 21:00:00,502,23.65,84.7,,,21.1,2024.0,1
2024-01-21 22:00:00,503,23.42,85.29,,,10.52,2024.0,1
2024-01-21 23:00:00,504,23.58,82.37,,,13.73,2024.0,1
2024-01-22 00:00:00,505,23.44,82.27,,,17.55,2024.0,1
2024-01-22 01:00:00,506,23.18,85.45,,,26.13,2024.0,1
2024-01-22 02:00:00,507,23.1,87.5,,,17.23,2024.0,1
2024-01-22 03:00:00,508,23.1,87.49,,,10.38,2024.0,1
2024-01-22 04:00:00,509,23.1,87.38,,,10.5,2024.0,1
2024-01-22 05:00:00,510,22.55,91.01,,,17.83,2024.0,1
2024-01-22 06:00:00,511,22.39,93.16,,,26.87,2024.0,1
2024-01-22 07:00:00,512,22.53,93.21,,,21.97,2024.0,1
2024-01-22 08:00:00,513,22.43,95.6,,,33.76,2024.0,1
2024-01-22 09:00:00,514,23.59,91.12,,,32.33,2024.0,1
2024-01-22 10:00:00,515,26.03,81.62,,,22.9,2024.0,1
2024-01-22 11:00:00,516,27.1,76.2,,,18.47,2024.0,1
2024-01-22 12:00:00,517,27.65,71.68,,,8.07,2024.0,1
2024-01-22 13:00:00,518,27.75,70.95,,,7.07,2024.0,1
2024-01-22 14:00:00,519,26.89,70.91,,,6.3,2024.0,1
2024-01-22 15:00:00,520,27.24,67.91,,,12.41,2024.0,1
2024-01-22 16:00:00,521,26.26,70.24,,,11.7,2024.0,1
2024-01-22 17:00:00,522,25.89,70.25,,,13.5,2024.0,1
2024-01-22 18:00:00,523,25.16,72.69,,,23.55,2024.0,1
2024-01-22 19:00:00,524,24.78,75.45,,,28.57,2024.0,1
2024-01-22 20:00:00,525,24.32,78.22,,,36.52,2024.0,1
2024-01-22 21:00:00,526,24.04,78.97,,,34.3,2024.0,1
2024-01-22 22:00:00,527,23.7,80.57,,,26.97,2024.0,1
2024-01-22 23:00:00,528,23.38,81.98,,,23.29,2024.0,1
2024-01-23 00:00:00,529,23.23,81.85,,,17.4,2024.0,1
2024-01-23 01:00:00,530,23.22,83.78,,,21.86,2024.0,1
2024-01-23 02:00:00,531,23.06,86.31,,,13.13,2024.0,1
2024-01-23 03:00:00,532,22.91,87.75,,,13.7,2024.0,1
2024-01-23 04:00:00,533,23.1,87.24,,,23.38,2024.0,1
2024-01-23 05:00:00,534,23.42,86.27,,,28.77,2024.0,1
2024-01-23 06:00:00,535,23.3,87.01,,,35.17,2024.0,1
2024-01-23 07:00:00,536,23.75,87.09,,,65.57,2024.0,1
2024-01-23 08:00:00,537,22.58,94.43,,,59.72,2024.0,1
2024-01-23 09:00:00,538,24.75,87.42,,,42.34,2024.0,1
2024-01-23 10:00:00,539,26.69,80.51,,,40.33,2024.0,1
2024-01-23 11:00:00,540,26.52,81.21,,,39.69,2024.0,1
2024-01-23 12:00:00,541,27.55,78.77,,,37.22,2024.0,1
2024-01-23 13:00:00,542,29.38,68.16,,,21.55,2024.0,1
2024-01-23 14:00:00,543,27.71,72.51,,,28.77,2024.0,1
2024-01-23 15:00:00,544,27.26,70.03,,,9.57,2024.0,1
2024-01-23 16:00:00,545,27.33,69.03,,,10.34,2024.0,1
2024-01-23 17:00:00,546,26.98,69.33,,,13.43,2024.0,1
2024-01-23 18:00:00,547,26.04,77.11,,,23.66,2024.0,1
2024-01-23 19:00:00,548,25.38,77.21,,,24.7,2024.0,1
2024-01-23 20:00:00,549,24.81,78.66,,,32.63,2024.0,1
2024-01-23 21:00:00,550,24.46,80.84,,,35.38,2024.0,1
2024-01-23 22:00:00,551,23.82,83.95,,,39.0,2024.0,1
2024-01-23 23:00:00,552,23.5,83.99,,,30.52,2024.0,1
2024-01-24 00:00:00,553,23.23,85.37,,,30.76,2024.0,1
2024-01-24 01:00:00,554,23.15,84.91,,,15.0,2024.0,1
2024-01-24 02:00:00,555,22.97,85.44,,,29.59,2024.0,1
2024-01-24 03:00:00,556,22.74,86.97,,,42.63,2024.0,1
2024-01-24 04:00:00,557,22.36,88.07,,,48.76,2024.0,1
2024-01-24 05:00:00,558,22.46,88.12,,,47.13,2024.0,1
2024-01-24 06:00:00,559,22.49,88.17,,,58.43,2024.0,1
2024-01-24 07:00:00,560,23.37,86.26,,,70.07,2024.0,1
2024-01-24 08:00:00,561,25.35,80.82,,,57.9,2024.0,1
2024-01-24 09:00:00,562,27.55,75.1,,,59.79,2024.0,1
2024-01-24 10:00:00,563,25.21,82.36,,,17.3,2024.0,1
2024-01-24 11:00:00,564,26.38,79.03,,,18.1,2024.0,1
2024-01-24 12:00:00,565,25.7,80.27,,,9.79,2024.0,1
2024-01-24 13:00:00,566,27.04,74.72,,,11.33,2024.0,1
2024-01-24 14:00:00,567,27.48,74.08,,,13.38,2024.0,1
2024-01-24 15:00:00,568,27.01,75.38,,,26.57,2024.0,1
2024-01-24 16:00:00,569,26.88,76.01,,,23.79,2024.0,1
2024-01-24 17:00:00,570,26.63,72.93,,,24.7,2024.0,1
2024-01-24 18:00:00,571,25.28,76.97,,,32.23,2024.0,1
2024-01-24 19:00:00,572,24.7,79.97,,,29.93,2024.0,1
2024-01-24 20:00:00,573,24.75,78.04,,,29.7,2024.0,1
2024-01-24 21:00:00,574,24.88,77.71,,,41.69,2024.0,1
2024-01-24 22:00:00,575,24.63,79.43,,,54.53,2024.0,1
2024-01-24 23:00:00,576,23.91,84.09,,,,2024.0,1
2024-01-25 00:00:00,577,23.12,84.6,,,58.14,2024.0,1
2024-01-25 01:00:00,578,23.3,82.69,,,60.33,2024.0,1
2024-01-25 02:00:00,579,22.52,85.28,,,69.31,2024.0,1
2024-01-25 03:00:00,580,21.96,88.45,,,69.3,2024.0,1
2024-01-25 04:00:00,581,21.64,87.3,,,43.6,2024.0,1
2024-01-25 05:00:00,582,21.59,88.7,,,,2024.0,1
2024-01-25 06:00:00,583,22.25,88.58,,,,2024.0,1
2024-01-25 07:00:00,584,24.28,82.21,,,,2024.0,1
2024-01-25 08:00:00,585,27.8,72.67,,,,2024.0,1
2024-01-25 09:00:00,586,29.62,63.73,,,60.07,2024.0,1
2024-01-25 10:00:00,587,,58.32,,,51.46,2024.0,1
2024-01-25 11:00:00,588,30.01,57.97,,,19.0,2024.0,1
2024-01-25 12:00:00,589,30.09,60.05,,,17.45,2024.0,1
2024-01-25 13:00:00,590,30.02,59.58,,,15.33,2024.0,1
2024-01-25 14:00:00,591,27.98,67.86,,,23.93,2024.0,1
2024-01-25 15:00:00,592,26.57,74.44,,,37.07,2024.0,1
2024-01-25 16:00:00,593,27.49,71.94,,,39.67,2024.0,1
2024-01-25 17:00:00,594,26.94,73.44,,,33.97,2024.0,1
2024-01-25 18:00:00,595,26.23,78.29,,,47.9,2024.0,1
2024-01-25 19:00:00,596,25.6,82.72,,,49.0,2024.0,1
2024-01-25 20:00:00,597,25.1,83.11,,,44.7,2024.0,1
2024-01-25 21:00:00,598,24.88,82.93,,,41.47,2024.0,1
2024-01-25 22:00:00,599,24.86,84.45,,,49.21,2024.0,1
2024-01-25 23:00:00,600,24.26,86.97,,,50.83,2024.0,1
2024-01-26 00:00:00,601,23.58,85.38,,,54.72,2024.0,1
2024-01-26 01:00:00,602,23.05,80.92,,,37.43,2024.0,1
2024-01-26 02:00:00,603,22.59,81.86,,,29.48,2024.0,1
2024-01-26 03:00:00,604,22.55,87.49,,,60.57,2024.0,1
2024-01-26 04:00:00,605,21.73,84.29,,,39.97,2024.0,1
2024-01-26 05:00:00,606,21.22,87.85,,,54.14,2024.0,1
2024-01-26 06:00:00,607,22.22,84.8,,,49.93,2024.0,1
2024-01-26 07:00:00,608,25.62,76.21,,,,2024.0,1
2024-01-26 08:00:00,609,27.8,70.83,,,49.23,2024.0,1
2024-01-26 09:00:00,610,28.55,67.65,,,52.27,2024.0,1
2024-01-26 10:00:00,611,28.68,64.82,,,37.93,2024.0,1
2024-01-26 11:00:00,612,28.39,65.88,,,37.93,2024.0,1
2024-01-26 12:00:00,613,28.93,64.09,,,30.38,2024.0,1
2024-01-26 13:00:00,614,28.92,65.83,,,34.73,2024.0,1
2024-01-26 14:00:00,615,28.9,65.04,,,36.8,2024.0,1
2024-01-26 15:00:00,616,27.5,71.78,,,57.66,2024.0,1
2024-01-26 16:00:00,617,26.52,77.76,,,,2024.0,1
2024-01-26 17:00:00,618,24.2,82.35,,,50.28,2024.0,1
2024-01-26 18:00:00,619,23.82,84.37,,,50.77,2024.0,1
2024-01-26 19:00:00,620,23.66,88.68,,,64.79,2024.0,1
2024-01-26 20:00:00,621,23.28,90.77,,,58.2,2024.0,1
2024-01-26 21:00:00,622,23.21,93.11,,,57.2,2024.0,1
2024-01-26 22:00:00,623,23.43,92.8,,,56.55,2024.0,1
2024-01-26 23:00:00,624,23.36,93.36,,,56.37,2024.0,1
2024-01-27 00:00:00,625,23.29,94.07,,,57.17,2024.0,1
2024-01-27 01:00:00,626,23.27,94.08,,,56.87,2024.0,1
2024-01-27 02:00:00,627,23.04,94.14,,,50.63,2024.0,1
2024-01-27 03:00:00,628,22.68,96.41,,,49.72,2024.0,1
2024-01-27 04:00:00,629,22.46,96.93,,,48.93,2024.0,1
2024-01-27 05:00:00,630,22.48,96.43,,,56.52,2024.0,1
2024-01-27 06:00:00,631,22.86,95.75,,,60.23,2024.0,1
2024-01-27 07:00:00,632,23.73,91.48,,,54.34,2024.0,1
2024-01-27 08:00:00,633,25.41,83.58,,,50.57,2024.0,1
2024-01-27 09:00:00,634,26.64,78.46,,,46.23,2024.0,1
2024-01-27 10:00:00,635,26.0,79.82,,,39.76,2024.0,1
2024-01-27 11:00:00,636,27.54,73.79,,,36.57,2024.0,1
2024-01-27 12:00:00,637,27.91,72.17,,,38.72,2024.0,1
2024-01-27 13:00:00,638,26.99,76.35,,,41.2,2024.0,1
2024-01-27 14:00:00,639,26.32,77.68,,,34.89,2024.0,1
2024-01-27 15:00:00,640,25.77,79.64,,,34.39,2024.0,1
2024-01-27 16:00:00,641,25.56,79.26,,,22.83,2024.0,1
2024-01-27 17:00:00,642,25.42,79.83,,,26.07,2024.0,1
2024-01-27 18:00:00,643,24.52,83.16,,,35.33,2024.0,1
2024-01-27 19:00:00,644,24.13,85.41,,,39.47,2024.0,1
2024-01-27 20:00:00,645,23.86,86.65,,,43.97,2024.0,1
2024-01-27 21:00:00,646,23.63,87.71,,,42.83,2024.0,1
2024-01-27 22:00:00,647,23.64,87.97,,,40.21,2024.0,1
2024-01-27 23:00:00,648,23.53,88.72,,,41.1,2024.0,1
2024-01-28 00:00:00,649,23.58,88.24,,,40.07,2024.0,1
2024-01-28 01:00:00,650,23.47,89.39,,,37.86,2024.0,1
2024-01-28 02:00:00,651,23.38,89.78,,,36.28,2024.0,1
2024-01-28 03:00:00,652,23.24,90.11,,,30.27,2024.0,1
2024-01-28 04:00:00,653,23.03,91.79,,,27.97,2024.0,1
2024-01-28 05:00:00,654,23.03,92.03,,,29.0,2024.0,1
2024-01-28 06:00:00,655,23.08,91.37,,,36.77,2024.0,1
2024-01-28 07:00:00,656,23.41,89.28,,,30.52,2024.0,1
2024-01-28 08:00:00,657,23.78,87.03,,,36.9,2024.0,1
2024-01-28 09:00:00,658,25.17,82.42,,,34.28,2024.0,1
2024-01-28 10:00:00,659,25.87,80.24,,,37.9,2024.0,1
2024-01-28 11:00:00,660,26.14,78.13,,,31.24,2024.0,1
2024-01-28 12:00:00,661,26.6,75.99,,,36.57,2024.0,1
2024-01-28 13:00:00,662,26.63,75.97,,,37.27,2024.0,1
2024-01-28 14:00:00,663,25.79,80.32,,,40.52,2024.0,1
2024-01-28 15:00:00,664,25.74,82.15,,,39.0,2024.0,1
2024-01-28 16:00:00,665,26.1,79.95,,,35.69,2024.0,1
2024-01-28 17:00:00,666,25.78,80.1,,,37.5,2024.0,1
2024-01-28 18:00:00,667,24.67,84.58,,,41.27,2024.0,1
2024-01-28 19:00:00,668,24.16,87.02,,,44.48,2024.0,1
2024-01-28 20:00:00,669,23.99,87.86,,,46.47,2024.0,1
2024-01-28 21:00:00,670,23.76,88.97,,,43.14,2024.0,1
2024-01-28 22:00:00,671,23.61,90.71,,,42.97,2024.0,1
2024-01-28 23:00:00,672,23.55,91.63,,,44.1,2024.0,1
2024-01-29 00:00:00,673,23.32,92.43,,,49.34,2024.0,1
2024-01-29 01:00:00,674,23.02,93.96,,,60.67,2024.0,1
2024-01-29 02:00:00,675,22.81,93.77,,,41.07,2024.0,1
2024-01-29 03:00:00,676,22.74,91.03,,,19.63,2024.0,1
2024-01-29 04:00:00,677,22.75,91.21,,,29.53,2024.0,1
2024-01-29 05:00:00,678,22.7,92.69,,,43.24,2024.0,1
2024-01-29 06:00:00,679,22.67,94.17,,,64.77,2024.0,1
2024-01-29 07:00:00,680,24.44,87.85,,,,2024.0,1
2024-01-29 08:00:00,681,26.07,79.78,,,44.81,2024.0,1
2024-01-29 09:00:00,682,25.43,80.0,,,41.29,2024.0,1
2024-01-29 10:00:00,683,25.84,79.0,,,39.75,2024.0,1
2024-01-29 11:00:00,684,25.18,82.12,,,45.58,2024.0,1
2024-01-29 12:00:00,685,25.1,81.41,,,34.57,2024.0,1
2024-01-29 13:00:00,686,24.67,84.35,,,31.87,2024.0,1
2024-01-29 14:00:00,687,25.43,82.17,,,34.48,2024.0,1
2024-01-29 15:00:00,688,25.5,81.26,,,31.47,2024.0,1
2024-01-29 16:00:00,689,25.09,81.95,,,37.53,2024.0,1
2024-01-29 17:00:00,690,24.47,85.14,,,45.21,2024.0,1
2024-01-29 18:00:00,691,24.02,88.13,,,51.43,2024.0,1
2024-01-29 19:00:00,692,23.93,88.22,,,44.79,2024.0,1
2024-01-29 20:00:00,693,23.9,87.44,,,47.1,2024.0,1
2024-01-29 21:00:00,694,23.81,88.24,,,51.57,2024.0,1
2024-01-29 22:00:00,695,23.45,90.78,,,50.72,2024.0,1
2024-01-29 23:00:00,696,23.32,92.28,,,51.38,2024.0,1
2024-01-30 00:00:00,697,23.7,91.86,,,,2024.0,1
2024-01-30 01:00:00,698,23.66,91.16,,,,2024.0,1
2024-01-30 02:00:00,699,23.53,91.17,,,,2024.0,1
2024-01-30 03:00:00,700,22.99,92.76,,,,2024.0,1
2024-01-30 04:00:00,701,23.25,92.22,,,,2024.0,1
2024-01-30 05:00:00,702,22.92,92.15,,,,2024.0,1
2024-01-30 06:00:00,703,22.83,91.87,,,,2024.0,1
2024-01-30 07:00:00,704,25.08,86.13,,,,2024.0,1
2024-01-30 08:00:00,705,25.63,82.72,,,61.03,2024.0,1
2024-01-30 09:00:00,706,25.77,81.61,,,52.86,2024.0,1
2024-01-30 10:00:00,707,24.34,86.58,,,42.6,2024.0,1
2024-01-30 11:00:00,708,24.36,86.35,,,38.93,2024.0,1
2024-01-30 12:00:00,709,25.72,81.26,,,34.77,2024.0,1
2024-01-30 13:00:00,710,26.01,80.76,,,34.27,2024.0,1
2024-01-30 14:00:00,711,26.26,79.44,,,30.66,2024.0,1
2024-01-30 15:00:00,712,25.36,82.74,,,40.0,2024.0,1
2024-01-30 16:00:00,713,24.76,85.12,,,41.17,2024.0,1
2024-01-30 17:00:00,714,24.18,87.33,,,41.9,2024.0,1
2024-01-30 18:00:00,715,23.67,90.43,,,54.77,2024.0,1
2024-01-30 19:00:00,716,23.34,92.91,,,59.38,2024.0,1
2024-01-30 20:00:00,717,23.38,94.2,,,69.63,2024.0,1
2024-01-30 21:00:00,718,23.29,94.49,,,67.34,2024.0,1
2024-01-30 22:00:00,719,23.36,94.89,,,68.8,2024.0,1
2024-01-30 23:00:00,720,23.42,94.99,,,,2024.0,1
2024-01-31 00:00:00,721,23.32,95.04,,,,2024.0,1
2024-01-31 01:00:00,722,23.31,94.29,,,62.9,2024.0,1
2024-01-31 02:00:00,723,23.31,93.13,,,55.14,2024.0,1
2024-01-31 03:00:00,724,22.57,94.46,,,43.53,2024.0,1
2024-01-31 04:00:00,725,21.98,96.59,,,39.73,2024.0,1
2024-01-31 05:00:00,726,22.12,96.14,,,38.59,2024.0,1
2024-01-31 06:00:00,727,22.07,97.25,,,41.87,2024.0,1
2024-01-31 07:00:00,728,22.97,93.98,,,43.14,2024.0,1
2024-01-31 08:00:00,729,23.81,89.72,,,39.43,2024.0,1
2024-01-31 09:00:00,730,25.15,84.81,,,34.46,2024.0,1
2024-01-31 10:00:00,731,27.3,76.51,,,34.0,2024.0,1
2024-01-31 11:00:00,732,27.63,74.74,,,35.23,2024.0,1
2024-01-31 12:00:00,733,26.82,76.38,,,29.34,2024.0,1
2024-01-31 13:00:00,734,24.16,87.41,,,31.67,2024.0,1
2024-01-31 14:00:00,735,24.37,88.57,,,36.93,2024.0,1
2024-01-31 15:00:00,736,23.7,88.74,,,23.1,2024.0,1
2024-01-31 16:00:00,737,22.69,92.87,,,22.6,2024.0,1
2024-01-31 17:00:00,738,22.2,96.58,,,23.79,2024.0,1
2024-01-31 18:00:00,739,22.47,96.45,,,42.63,2024.0,1
2024-01-31 19:00:00,740,22.44,96.88,,,46.17,2024.0,1
2024-01-31 20:00:00,741,22.85,95.34,,,44.93,2024.0,1
2024-01-31 21:00:00,742,23.07,95.92,,,55.9,2024.0,1
2024-01-31 22:00:00,743,23.04,95.82,,,62.34,2024.0,1
2024-01-31 23:00:00,744,23.03,96.03,,,67.69,2024.0,1
2024-02-01 00:00:00,745,23.27,94.98,,,11.59,2024.0,2
2024-02-01 01:00:00,746,23.11,94.49,,,11.84,2024.0,2
2024-02-01 02:00:00,747,22.65,96.25,,,13.97,2024.0,2
2024-02-01 03:00:00,748,22.14,97.61,,,16.31,2024.0,2
2024-02-01 04:00:00,749,22.2,96.92,,,18.72,2024.0,2
2024-02-01 05:00:00,750,22.01,96.95,,,12.97,2024.0,2
2024-02-01 06:00:00,751,22.21,96.41,,,13.74,2024.0,2
2024-02-01 07:00:00,752,23.69,92.48,,,14.4,2024.0,2
2024-02-01 08:00:00,753,26.09,84.23,,,,2024.0,2
2024-02-01 09:00:00,754,30.01,70.88,,,,2024.0,2
2024-02-01 10:00:00,755,28.93,69.42,,,,2024.0,2
2024-02-01 11:00:00,756,28.29,72.03,,,,2024.0,2
2024-02-01 12:00:00,757,28.62,71.94,,,,2024.0,2
2024-02-01 13:00:00,758,28.21,73.32,,,,2024.0,2
2024-02-01 14:00:00,759,26.41,80.12,,,19.37,2024.0,2
2024-02-01 15:00:00,760,23.23,90.43,,,7.4,2024.0,2
2024-02-01 16:00:00,761,22.93,93.77,,,6.98,2024.0,2
2024-02-01 17:00:00,762,23.25,94.38,,,8.3,2024.0,2
2024-02-01 18:00:00,763,23.18,94.83,,,8.73,2024.0,2
2024-02-01 19:00:00,764,22.98,95.26,,,9.01,2024.0,2
2024-02-01 20:00:00,765,22.61,97.25,,,12.19,2024.0,2
2024-02-01 21:00:00,766,22.71,98.54,,,14.21,2024.0,2
2024-02-01 22:00:00,767,22.78,97.22,,,14.05,2024.0,2
2024-02-01 23:00:00,768,22.57,96.82,,,12.54,2024.0,2
2024-02-02 00:00:00,769,22.66,96.46,,,11.68,2024.0,2
2024-02-02 01:00:00,770,22.71,95.94,,,15.46,2024.0,2
2024-02-02 02:00:00,771,22.47,97.1,,,14.13,2024.0,2
2024-02-02 03:00:00,772,22.29,96.9,,,13.16,2024.0,2
2024-02-02 04:00:00,773,22.16,97.0,,,12.85,2024.0,2
2024-02-02 05:00:00,774,21.89,97.71,,,14.84,2024.0,2
2024-02-02 06:00:00,775,21.87,96.13,,,11.94,2024.0,2
2024-02-02 07:00:00,776,23.52,90.84,,,10.12,2024.0,2
2024-02-02 08:00:00,777,25.77,85.33,,,20.66,2024.0,2
2024-02-02 09:00:00,778,29.22,72.48,,,,2024.0,2
2024-02-02 10:00:00,779,29.95,67.03,,,,2024.0,2
2024-02-02 11:00:00,780,,60.62,,,,2024.0,2
2024-02-02 12:00:00,781,,59.95,,,,2024.0,2
2024-02-02 13:00:00,782,,58.24,,,,2024.0,2
2024-02-02 14:00:00,783,29.98,65.62,,,,2024.0,2
2024-02-02 15:00:00,784,27.84,72.69,,,20.28,2024.0,2
2024-02-02 16:00:00,785,25.65,82.33,,,13.89,2024.0,2
2024-02-02 17:00:00,786,23.98,88.21,,,5.82,2024.0,2
2024-02-02 18:00:00,787,24.61,87.77,,,6.93,2024.0,2
2024-02-02 19:00:00,788,24.64,88.5,,,9.24,2024.0,2
2024-02-02 20:00:00,789,24.4,91.26,,,9.57,2024.0,2
2024-02-02 21:00:00,790,23.89,92.5,,,7.8,2024.0,2
2024-02-02 22:00:00,791,24.0,91.42,,,6.33,2024.0,2
2024-02-02 23:00:00,792,24.0,91.75,,,8.19,2024.0,2
2024-02-03 00:00:00,793,23.28,94.16,,,10.9,2024.0,2
2024-02-03 01:00:00,794,22.78,95.66,,,9.35,2024.0,2
2024-02-03 02:00:00,795,23.01,93.8,,,8.15,2024.0,2
2024-02-03 03:00:00,796,22.69,95.69,,,10.11,2024.0,2
2024-02-03 04:00:00,797,22.66,95.66,,,13.79,2024.0,2
2024-02-03 05:00:00,798,22.39,95.39,,,14.35,2024.0,2
2024-02-03 06:00:00,799,22.76,94.76,,,13.13,2024.0,2
2024-02-03 07:00:00,800,24.57,89.7,,,13.39,2024.0,2
2024-02-03 08:00:00,801,27.56,79.08,,,,2024.0,2
2024-02-03 09:00:00,802,29.8,68.17,,,,2024.0,2
2024-02-03 10:00:00,803,,61.35,,,,2024.0,2
2024-02-03 11:00:00,804,,60.36,,,,2024.0,2
2024-02-03 12:00:00,805,29.45,62.62,,,,2024.0,2
2024-02-03 13:00:00,806,27.58,71.67,,,,2024.0,2
2024-02-03 14:00:00,807,25.21,82.49,,,,2024.0,2
2024-02-03 15:00:00,808,24.09,85.05,,,,2024.0,2
2024-02-03 16:00:00,809,23.95,86.0,,,5.89,2024.0,2
2024-02-03 17:00:00,810,24.17,85.63,,,7.41,2024.0,2
2024-02-03 18:00:00,811,24.18,84.3,,,7.86,2024.0,2
2024-02-03 19:00:00,812,24.13,86.53,,,9.74,2024.0,2
2024-02-03 20:00:00,813,23.69,89.74,,,11.14,2024.0,2
2024-02-03 21:00:00,814,23.66,91.47,,,18.96,2024.0,2
2024-02-03 22:00:00,815,23.34,92.5,,,15.07,2024.0,2
2024-02-03 23:00:00,816,23.41,91.27,,,13.96,2024.0,2
2024-02-04 00:00:00,817,23.15,93.18,,,16.9,2024.0,2
2024-02-04 01:00:00,818,22.44,94.77,,,16.76,2024.0,2
2024-02-04 02:00:00,819,22.31,92.13,,,9.85,2024.0,2
2024-02-04 03:00:00,820,22.36,94.16,,,14.6,2024.0,2
2024-02-04 04:00:00,821,21.69,97.37,,,12.35,2024.0,2
2024-02-04 05:00:00,822,21.67,95.49,,,15.86,2024.0,2
2024-02-04 06:00:00,823,22.17,92.2,,,11.35,2024.0,2
2024-02-04 07:00:00,824,25.32,81.63,,,17.49,2024.0,2
2024-02-04 08:00:00,825,27.72,73.9,,,,2024.0,2
2024-02-04 09:00:00,826,26.31,77.32,,,14.27,2024.0,2
2024-02-04 10:00:00,827,27.14,74.48,,,6.86,2024.0,2
2024-02-04 11:00:00,828,26.48,77.6,,,4.94,2024.0,2
2024-02-04 12:00:00,829,25.43,80.56,,,6.16,2024.0,2
2024-02-04 13:00:00,830,26.38,76.63,,,7.28,2024.0,2
2024-02-04 14:00:00,831,26.38,78.03,,,,2024.0,2
2024-02-04 15:00:00,832,24.56,84.29,,,,2024.0,2
2024-02-04 16:00:00,833,24.3,86.15,,,,2024.0,2
2024-02-04 17:00:00,834,24.12,86.83,,,,2024.0,2
2024-02-04 18:00:00,835,24.03,88.08,,,,2024.0,2
2024-02-04 19:00:00,836,23.93,90.38,,,,2024.0,2
2024-02-04 20:00:00,837,24.52,89.96,,,,2024.0,2
2024-02-04 21:00:00,838,24.17,92.04,,,,2024.0,2
2024-02-04 22:00:00,839,23.5,89.88,,,,2024.0,2
2024-02-04 23:00:00,840,23.58,87.69,,,,2024.0,2
2024-02-05 00:00:00,841,23.38,88.43,,,,2024.0,2
2024-02-05 01:00:00,842,23.46,89.57,,,,2024.0,2
2024-02-05 02:00:00,843,22.92,92.36,,,,2024.0,2
2024-02-05 03:00:00,844,22.51,95.91,,,,2024.0,2
2024-02-05 04:00:00,845,22.55,95.76,,,,2024.0,2
2024-02-05 05:00:00,846,22.09,96.22,,,,2024.0,2
2024-02-05 06:00:00,847,21.58,96.55,,,,2024.0,2
2024-02-05 07:00:00,848,22.6,92.5,,,,2024.0,2
2024-02-05 08:00:00,849,25.97,82.88,,,,2024.0,2
2024-02-05 09:00:00,850,27.43,76.11,,,,2024.0,2
2024-02-05 10:00:00,851,27.85,70.68,,,,2024.0,2
2024-02-05 11:00:00,852,28.71,65.96,,,,2024.0,2
2024-02-05 12:00:00,853,28.65,65.94,,,,2024.0,2
2024-02-05 13:00:00,854,28.81,64.85,,,17.81,2024.0,2
2024-02-05 14:00:00,855,27.66,69.86,,,,2024.0,2
2024-02-05 15:00:00,856,25.88,79.11,,,20.72,2024.0,2
2024-02-05 16:00:00,857,22.65,93.32,,,5.0,2024.0,2
2024-02-05 17:00:00,858,22.55,92.78,,,3.3,2024.0,2
2024-02-05 18:00:00,859,23.27,90.09,,,5.39,2024.0,2
2024-02-05 19:00:00,860,23.65,88.71,,,8.8,2024.0,2
2024-02-05 20:00:00,861,23.35,90.24,,,8.16,2024.0,2
2024-02-05 21:00:00,862,23.31,90.22,,,7.54,2024.0,2
2024-02-05 22:00:00,863,23.24,92.17,,,10.25,2024.0,2
2024-02-05 23:00:00,864,23.0,93.84,,,10.49,2024.0,2
2024-02-06 00:00:00,865,22.83,95.53,,,13.45,2024.0,2
2024-02-06 01:00:00,866,22.87,95.18,,,12.95,2024.0,2
2024-02-06 02:00:00,867,22.77,94.22,,,13.13,2024.0,2
2024-02-06 03:00:00,868,22.73,93.87,,,10.53,2024.0,2
2024-02-06 04:00:00,869,22.39,94.1,,,10.7,2024.0,2
2024-02-06 05:00:00,870,22.03,96.48,,,12.02,2024.0,2
2024-02-06 06:00:00,871,22.37,94.62,,,10.15,2024.0,2
2024-02-06 07:00:00,872,23.3,90.62,,,12.71,2024.0,2
2024-02-06 08:00:00,873,23.96,87.29,,,11.33,2024.0,2
2024-02-06 09:00:00,874,25.27,81.23,,,8.0,2024.0,2
2024-02-06 10:00:00,875,24.3,84.86,,,6.17,2024.0,2
2024-02-06 11:00:00,876,25.88,80.21,,,13.16,2024.0,2
2024-02-06 12:00:00,877,27.73,71.88,,,16.9,2024.0,2
2024-02-06 13:00:00,878,23.61,83.37,,,4.44,2024.0,2
2024-02-06 14:00:00,879,24.32,82.7,,,3.36,2024.0,2
2024-02-06 15:00:00,880,25.08,76.81,,,3.75,2024.0,2
2024-02-06 16:00:00,881,24.39,79.66,,,10.58,2024.0,2
2024-02-06 17:00:00,882,24.08,79.73,,,15.46,2024.0,2
2024-02-06 18:00:00,883,24.3,78.26,,,,2024.0,2
2024-02-06 19:00:00,884,24.46,77.82,,,,2024.0,2
2024-02-06 20:00:00,885,24.12,82.65,,,9.32,2024.0,2
2024-02-06 21:00:00,886,23.66,85.31,,,13.88,2024.0,2
2024-02-06 22:00:00,887,22.81,86.65,,,16.2,2024.0,2
2024-02-06 23:00:00,888,22.14,88.23,,,12.33,2024.0,2
2024-02-07 00:00:00,889,21.92,87.92,,,11.4,2024.0,2
2024-02-07 01:00:00,890,21.83,87.37,,,7.96,2024.0,2
2024-02-07 02:00:00,891,21.91,88.44,,,12.82,2024.0,2
2024-02-07 03:00:00,892,21.75,91.36,,,17.66,2024.0,2
2024-02-07 04:00:00,893,21.67,92.12,,,15.16,2024.0,2
2024-02-07 05:00:00,894,21.84,91.86,,,12.43,2024.0,2
2024-02-07 06:00:00,895,21.87,91.98,,,17.3,2024.0,2
2024-02-07 07:00:00,896,22.47,90.62,,,16.68,2024.0,2
2024-02-07 08:00:00,897,24.89,82.53,,,,2024.0,2
2024-02-07 09:00:00,898,25.94,75.45,,,,2024.0,2
2024-02-07 10:00:00,899,26.27,73.72,,,21.03,2024.0,2
2024-02-07 11:00:00,900,28.11,66.38,,,10.63,2024.0,2
2024-02-07 12:00:00,901,28.42,65.66,,,9.21,2024.0,2
2024-02-07 13:00:00,902,25.93,74.57,,,11.24,2024.0,2
2024-02-07 14:00:00,903,23.71,84.87,,,6.82,2024.0,2
2024-02-07 15:00:00,904,22.94,87.3,,,4.04,2024.0,2
2024-02-07 18:00:00,907,22.82,89.82,,,4.9,2024.0,2
2024-02-07 19:00:00,908,22.79,92.06,,,6.74,2024.0,2
2024-02-07 20:00:00,909,22.71,93.84,,,8.75,2024.0,2
2024-02-07 21:00:00,910,22.59,94.54,,,11.17,2024.0,2
2024-02-07 22:00:00,911,22.49,94.49,,,10.78,2024.0,2
2024-02-07 23:00:00,912,22.42,95.23,,,12.26,2024.0,2
2024-02-08 00:00:00,913,22.34,95.0,,,14.32,2024.0,2
2024-02-08 01:00:00,914,22.03,93.72,,,16.5,2024.0,2
2024-02-08 02:00:00,915,22.0,93.8,,,13.51,2024.0,2
2024-02-08 03:00:00,916,21.87,96.44,,,14.11,2024.0,2
2024-02-08 04:00:00,917,21.9,97.82,,,14.42,2024.0,2
2024-02-08 05:00:00,918,21.76,97.75,,,14.78,2024.0,2
2024-02-08 06:00:00,919,21.73,96.2,,,15.77,2024.0,2
2024-02-08 07:00:00,920,24.43,86.83,,,15.09,2024.0,2
2024-02-08 08:00:00,921,26.97,76.83,,,,2024.0,2
2024-02-08 09:00:00,922,29.35,65.41,,,,2024.0,2
2024-02-08 10:00:00,923,30.37,62.29,,,,2024.0,2
2024-02-08 11:00:00,924,,58.12,,,,2024.0,2
2024-02-08 12:00:00,925,29.11,61.19,,,,2024.0,2
2024-02-08 13:00:00,926,29.18,60.84,,,,2024.0,2
2024-02-08 14:00:00,927,28.88,63.69,,,,2024.0,2
2024-02-08 15:00:00,928,28.21,69.8,,,,2024.0,2
2024-02-08 16:00:00,929,25.01,81.27,,,23.86,2024.0,2
2024-02-08 17:00:00,930,23.46,88.09,,,8.62,2024.0,2
2024-02-08 18:00:00,931,24.05,89.83,,,10.56,2024.0,2
2024-02-08 19:00:00,932,23.89,90.06,,,12.25,2024.0,2
2024-02-08 20:00:00,933,24.25,88.72,,,12.29,2024.0,2
2024-02-08 22:00:00,935,24.07,91.93,,,16.41,2024.0,2
2024-02-08 23:00:00,936,23.51,94.9,,,20.08,2024.0,2
2024-02-09 00:00:00,937,23.19,93.5,,,16.09,2024.0,2
2024-02-09 01:00:00,938,22.75,94.58,,,20.04,2024.0,2
2024-02-09 02:00:00,939,22.51,95.42,,,17.39,2024.0,2
2024-02-09 03:00:00,940,22.8,95.8,,,19.58,2024.0,2
2024-02-09 04:00:00,941,22.51,93.22,,,19.22,2024.0,2
2024-02-09 05:00:00,942,22.48,93.44,,,16.39,2024.0,2
2024-02-09 06:00:00,943,22.77,92.79,,,16.48,2024.0,2
2024-02-09 07:00:00,944,24.22,87.63,,,17.89,2024.0,2
2024-02-09 08:00:00,945,26.88,78.32,,,,2024.0,2
2024-02-09 09:00:00,946,28.07,72.32,,,,2024.0,2
2024-02-09 10:00:00,947,30.0,62.3,,,22.66,2024.0,2
2024-02-09 11:00:00,948,,,,,15.75,2024.0,2
2024-02-09 12:00:00,949,,,,,,2024.0,2
2024-02-09 13:00:00,950,30.22,62.51,,,,2024.0,2
2024-02-09 14:00:00,951,27.43,70.34,,,,2024.0,2
2024-02-09 15:00:00,952,29.29,66.74,,,,2024.0,2
2024-02-09 16:00:00,953,28.35,68.07,,,,2024.0,2
2024-02-09 17:00:00,954,27.17,75.89,,,,2024.0,2
2024-02-09 18:00:00,955,26.13,83.33,,,16.48,2024.0,2
2024-02-09 19:00:00,956,24.51,91.01,,,14.28,2024.0,2
2024-02-09 20:00:00,957,23.54,91.26,,,8.5,2024.0,2
2024-02-09 21:00:00,958,23.62,92.56,,,8.51,2024.0,2
2024-02-09 22:00:00,959,23.15,94.48,,,11.14,2024.0,2
2024-02-09 23:00:00,960,21.97,98.56,,,8.49,2024.0,2
2024-02-10 00:00:00,961,21.94,97.86,,,7.41,2024.0,2
2024-02-10 01:00:00,962,22.32,95.64,,,6.99,2024.0,2
2024-02-10 02:00:00,963,22.54,94.46,,,9.12,2024.0,2
2024-02-10 03:00:00,964,22.92,94.38,,,9.49,2024.0,2
2024-02-10 04:00:00,965,23.3,94.16,,,9.75,2024.0,2
2024-02-10 05:00:00,966,23.72,92.26,,,10.46,2024.0,2
2024-02-10 06:00:00,967,23.55,94.28,,,11.05,2024.0,2
2024-02-10 07:00:00,968,24.12,92.85,,,11.6,2024.0,2
2024-02-10 08:00:00,969,25.43,88.27,,,12.65,2024.0,2
2024-02-10 09:00:00,970,26.97,80.69,,,,2024.0,2
2024-02-10 10:00:00,971,27.66,77.05,,,,2024.0,2
2024-02-10 11:00:00,972,29.43,68.09,,,,2024.0,2
2024-02-10 12:00:00,973,29.27,68.81,,,,2024.0,2
2024-02-10 13:00:00,974,27.74,74.68,,,,2024.0,2
2024-02-10 14:00:00,975,27.94,77.04,,,,2024.0,2
2024-02-12 14:00:00,1023,28.06,69.14,,,,2024.0,2
2024-02-12 15:00:00,1024,28.05,69.15,,,,2024.0,2
2024-02-12 16:00:00,1025,27.23,73.24,,,,2024.0,2
2024-02-19 10:00:00,1187,30.17,68.15,,,,2024.0,2
2024-02-19 11:00:00,1188,,59.85,,,,2024.0,2
2024-02-19 12:00:00,1189,,62.07,,,,2024.0,2
2024-02-19 13:00:00,1190,28.84,67.63,,,,2024.0,2
2024-02-19 14:00:00,1191,27.91,72.86,,,,2024.0,2
2024-02-19 15:00:00,1192,26.66,79.21,,,23.58,2024.0,2
2024-02-19 16:00:00,1193,29.35,72.47,,,,2024.0,2
2024-02-19 17:00:00,1194,27.49,79.33,,,,2024.0,2
2024-02-19 18:00:00,1195,25.94,83.34,,,9.82,2024.0,2
2024-02-19 19:00:00,1196,23.85,92.46,,,16.49,2024.0,2
2024-02-19 20:00:00,1197,23.52,94.36,,,11.32,2024.0,2
2024-02-19 21:00:00,1198,23.96,92.32,,,7.74,2024.0,2
2024-02-19 22:00:00,1199,24.05,91.37,,,12.04,2024.0,2
2024-02-19 23:00:00,1200,24.14,91.5,,,12.49,2024.0,2
2024-02-20 00:00:00,1201,24.19,92.45,,,13.41,2024.0,2
2024-02-20 01:00:00,1202,23.63,94.63,,,16.91,2024.0,2
2024-02-20 02:00:00,1203,23.84,94.09,,,13.19,2024.0,2
2024-02-20 03:00:00,1204,23.66,94.64,,,13.27,2024.0,2
2024-02-20 04:00:00,1205,23.56,96.42,,,16.38,2024.0,2
2024-02-20 05:00:00,1206,23.33,96.83,,,13.63,2024.0,2
2024-02-20 06:00:00,1207,23.6,96.34,,,16.46,2024.0,2
2024-02-20 07:00:00,1208,25.11,90.09,,,16.95,2024.0,2
2024-02-20 08:00:00,1209,25.69,87.57,,,19.83,2024.0,2
2024-02-20 09:00:00,1210,28.88,76.42,,,,2024.0,2
2024-02-20 10:00:00,1211,,66.37,,,,2024.0,2
2024-02-20 11:00:00,1212,,58.99,,,,2024.0,2
2024-02-20 12:00:00,1213,,55.98,,,,2024.0,2
2024-02-20 13:00:00,1214,29.52,71.38,,,,2024.0,2
2024-02-20 14:00:00,1215,28.31,75.52,,,,2024.0,2
2024-02-20 15:00:00,1216,24.64,86.49,,,7.97,2024.0,2
2024-02-20 16:00:00,1217,23.14,90.48,,,8.14,2024.0,2
2024-02-20 17:00:00,1218,22.92,92.48,,,8.9,2024.0,2
2024-02-20 18:00:00,1219,23.73,89.94,,,8.69,2024.0,2
2024-02-20 19:00:00,1220,23.94,90.27,,,17.44,2024.0,2
2024-02-20 20:00:00,1221,23.49,95.39,,,20.33,2024.0,2
2024-02-20 21:00:00,1222,23.96,91.8,,,15.55,2024.0,2
2024-02-20 22:00:00,1223,24.33,90.91,,,17.15,2024.0,2
2024-02-20 23:00:00,1224,24.5,91.48,,,22.3,2024.0,2
2024-02-21 00:00:00,1225,24.03,92.77,,,17.42,2024.0,2
2024-02-21 01:00:00,1226,23.2,96.21,,,11.86,2024.0,2
2024-02-21 02:00:00,1227,23.13,96.65,,,8.89,2024.0,2
2024-02-21 03:00:00,1228,23.35,95.54,,,10.36,2024.0,2
2024-02-21 04:00:00,1229,23.51,96.3,,,11.37,2024.0,2
2024-02-21 05:00:00,1230,23.69,94.73,,,10.05,2024.0,2
2024-02-21 06:00:00,1231,23.79,93.93,,,9.78,2024.0,2
2024-02-21 07:00:00,1232,23.5,95.99,,,9.53,2024.0,2
2024-02-21 08:00:00,1233,23.7,95.88,,,10.96,2024.0,2
2024-02-21 09:00:00,1234,23.73,92.76,,,7.74,2024.0,2
2024-02-21 10:00:00,1235,25.67,85.46,,,7.83,2024.0,2
2024-02-21 11:00:00,1236,29.08,75.71,,,,2024.0,2
2024-02-21 12:00:00,1237,,66.59,,,,2024.0,2
2024-02-21 13:00:00,1238,,60.21,,,,2024.0,2
2024-02-21 14:00:00,1239,30.06,69.91,,,,2024.0,2
2024-02-21 15:00:00,1240,27.2,75.63,,,22.93,2024.0,2
2024-02-21 16:00:00,1241,26.04,78.58,,,18.48,2024.0,2
2024-02-21 17:00:00,1242,25.83,83.35,,,7.07,2024.0,2
2024-02-21 18:00:00,1243,24.82,88.1,,,7.72,2024.0,2
2024-02-21 19:00:00,1244,24.14,88.84,,,8.48,2024.0,2
2024-02-21 20:00:00,1245,24.27,85.53,,,4.89,2024.0,2
2024-02-21 21:00:00,1246,24.24,86.01,,,5.42,2024.0,2
2024-02-21 22:00:00,1247,24.24,85.29,,,5.18,2024.0,2
2024-02-21 23:00:00,1248,23.96,87.17,,,10.73,2024.0,2
2024-02-22 00:00:00,1249,23.69,89.57,,,12.57,2024.0,2
2024-02-22 01:00:00,1250,23.64,90.26,,,11.02,2024.0,2
2024-02-22 02:00:00,1251,23.03,94.47,,,10.59,2024.0,2
2024-02-22 03:00:00,1252,22.86,94.47,,,9.87,2024.0,2
2024-02-22 04:00:00,1253,22.69,96.31,,,10.56,2024.0,2
2024-02-22 05:00:00,1254,22.42,96.92,,,11.29,2024.0,2
2024-02-22 06:00:00,1255,22.56,96.79,,,17.81,2024.0,2
2024-02-22 07:00:00,1256,23.43,93.73,,,17.4,2024.0,2
2024-02-22 08:00:00,1257,26.88,82.33,,,,2024.0,2
2024-02-22 09:00:00,1258,28.78,75.06,,,,2024.0,2
2024-02-22 10:00:00,1259,,62.45,,,,2024.0,2
2024-02-22 15:00:00,1264,29.37,68.86,,,,2024.0,2
2024-02-22 16:00:00,1265,28.53,69.96,,,,2024.0,2
2024-02-22 23:00:00,1272,22.69,92.1,,,14.83,2024.0,2
2024-02-23 00:00:00,1273,22.97,93.01,,,12.8,2024.0,2
2024-02-23 01:00:00,1274,23.04,94.41,,,14.05,2024.0,2
2024-02-23 02:00:00,1275,22.78,95.63,,,15.11,2024.0,2
2024-02-23 03:00:00,1276,22.73,95.98,,,16.3,2024.0,2
2024-02-23 04:00:00,1277,22.44,96.43,,,17.27,2024.0,2
2024-02-23 05:00:00,1278,22.11,98.14,,,16.42,2024.0,2
2024-02-23 06:00:00,1279,22.36,96.57,,,18.12,2024.0,2
2024-02-23 07:00:00,1280,24.29,90.29,,,17.62,2024.0,2
2024-02-23 08:00:00,1281,27.97,78.36,,,,2024.0,2
2024-02-24 00:00:00,1297,23.29,96.47,,,7.59,2024.0,2
2024-02-24 01:00:00,1298,23.35,95.49,,,10.24,2024.0,2
2024-02-24 02:00:00,1299,23.39,95.38,,,11.67,2024.0,2
2024-02-24 03:00:00,1300,23.39,95.13,,,10.73,2024.0,2
2024-02-24 04:00:00,1301,23.26,96.54,,,11.61,2024.0,2
2024-02-24 05:00:00,1302,23.43,96.41,,,11.34,2024.0,2
2024-02-24 06:00:00,1303,23.21,96.7,,,10.49,2024.0,2
2024-02-25 00:00:00,1321,23.39,96.29,,,8.38,2024.0,2
2024-02-25 01:00:00,1322,23.45,96.5,,,9.15,2024.0,2
2024-02-25 02:00:00,1323,23.22,97.44,,,9.15,2024.0,2
2024-02-25 03:00:00,1324,23.27,97.33,,,9.8,2024.0,2
2024-02-25 04:00:00,1325,23.19,98.1,,,10.74,2024.0,2
2024-02-25 05:00:00,1326,22.86,99.14,,,9.56,2024.0,2
2024-02-25 06:00:00,1327,23.03,97.93,,,8.4,2024.0,2
2024-02-25 07:00:00,1328,24.82,92.43,,,9.63,2024.0,2
2024-02-25 08:00:00,1329,25.55,88.01,,,10.31,2024.0,2
2024-02-25 14:00:00,1335,26.43,77.22,,,15.61,2024.0,2
2024-02-26 00:00:00,1345,22.37,96.88,,,9.45,2024.0,2
2024-02-26 01:00:00,1346,22.19,97.73,,,13.6,2024.0,2
2024-02-26 02:00:00,1347,21.91,99.64,,,12.7,2024.0,2
2024-02-26 03:00:00,1348,22.19,97.14,,,9.31,2024.0,2
2024-02-26 04:00:00,1349,22.49,96.62,,,9.17,2024.0,2
2024-02-26 05:00:00,1350,22.74,95.96,,,8.99,2024.0,2
2024-02-26 06:00:00,1351,22.8,97.01,,,11.02,2024.0,2
2024-02-26 13:00:00,1358,26.92,74.08,,,12.9,2024.0,2
2024-02-26 14:00:00,1359,27.38,72.41,,,23.27,2024.0,2
2024-02-26 15:00:00,1360,26.96,76.45,,,,2024.0,2
2024-02-26 16:00:00,1361,25.98,82.64,,,17.71,2024.0,2
2024-02-26 17:00:00,1362,25.09,86.03,,,9.19,2024.0,2
2024-02-26 18:00:00,1363,24.76,85.22,,,9.77,2024.0,2
2024-02-26 19:00:00,1364,24.79,85.7,,,10.58,2024.0,2
2024-02-26 20:00:00,1365,24.86,86.71,,,10.69,2024.0,2
2024-02-26 21:00:00,1366,24.86,88.82,,,15.2,2024.0,2
2024-02-26 22:00:00,1367,24.53,90.54,,,18.47,2024.0,2
2024-02-26 23:00:00,1368,24.09,92.79,,,18.0,2024.0,2
2024-02-27 00:00:00,1369,23.68,92.22,,,13.21,2024.0,2
2024-02-27 01:00:00,1370,23.75,91.0,,,13.79,2024.0,2
2024-02-27 02:00:00,1371,23.77,91.45,,,11.78,2024.0,2
2024-02-27 03:00:00,1372,24.17,90.28,,,13.04,2024.0,2
2024-02-27 04:00:00,1373,23.89,91.02,,,11.62,2024.0,2
2024-02-27 05:00:00,1374,23.5,93.11,,,13.76,2024.0,2
2024-02-27 06:00:00,1375,23.83,93.88,,,21.37,2024.0,2
2024-02-27 07:00:00,1376,26.5,85.44,,,17.9,2024.0,2
2024-02-27 08:00:00,1377,28.12,78.14,,,,2024.0,2
2024-02-27 09:00:00,1378,29.67,69.26,,,,2024.0,2
2024-02-27 10:00:00,1379,30.13,66.37,,,,2024.0,2
2024-02-27 11:00:00,1380,29.51,68.32,,,,2024.0,2
2024-02-27 12:00:00,1381,29.6,68.64,,,,2024.0,2
2024-02-27 13:00:00,1382,28.85,71.53,,,,2024.0,2
2024-02-27 14:00:00,1383,29.04,69.88,,,,2024.0,2
2024-02-27 15:00:00,1384,24.16,85.65,,,8.24,2024.0,2
2024-02-27 16:00:00,1385,23.81,89.17,,,7.71,2024.0,2
2024-02-27 17:00:00,1386,23.84,90.04,,,10.32,2024.0,2
2024-02-27 18:00:00,1387,23.59,90.67,,,12.07,2024.0,2
2024-02-27 19:00:00,1388,23.37,93.31,,,11.58,2024.0,2
2024-02-27 20:00:00,1389,23.1,95.11,,,11.68,2024.0,2
2024-02-27 21:00:00,1390,23.01,96.7,,,12.75,2024.0,2
2024-02-27 22:00:00,1391,23.26,97.16,,,12.86,2024.0,2
2024-02-27 23:00:00,1392,23.44,96.01,,,15.93,2024.0,2
2024-02-28 00:00:00,1393,23.4,96.09,,,13.92,2024.0,2
2024-02-28 01:00:00,1394,23.28,97.75,,,15.35,2024.0,2
2024-02-28 02:00:00,1395,23.34,98.19,,,14.46,2024.0,2
2024-02-28 03:00:00,1396,23.24,98.28,,,17.99,2024.0,2
2024-02-28 04:00:00,1397,23.13,98.11,,,15.79,2024.0,2
2024-02-28 05:00:00,1398,23.07,98.75,,,17.53,2024.0,2
2024-02-28 06:00:00,1399,22.86,98.46,,,21.94,2024.0,2
2024-02-28 07:00:00,1400,24.16,92.62,,,17.22,2024.0,2
2024-02-28 08:00:00,1401,25.77,86.29,,,13.87,2024.0,2
2024-02-28 09:00:00,1402,28.33,79.6,,,,2024.0,2
2024-02-28 10:00:00,1403,30.18,72.27,,,,2024.0,2
2024-02-28 11:00:00,1404,27.97,77.02,,,,2024.0,2
2024-02-28 12:00:00,1405,27.8,78.14,,,,2024.0,2
2024-02-28 13:00:00,1406,30.41,70.47,,,,2024.0,2
2024-03-04 11:00:00,1524,,72.03,,,,2024.0,3
2024-03-04 12:00:00,1525,,74.37,,,13.17,2024.0,3
2024-03-04 13:00:00,1526,26.26,80.11,,,11.27,2024.0,3
2024-03-04 14:00:00,1527,27.0,80.15,,,6.21,2024.0,3
2024-03-04 15:00:00,1528,27.46,76.32,,,14.96,2024.0,3
2024-03-04 16:00:00,1529,26.98,80.49,,,10.24,2024.0,3
2024-03-04 17:00:00,1530,25.96,87.61,,,9.06,2024.0,3
2024-03-04 18:00:00,1531,25.32,89.94,,,9.09,2024.0,3
2024-03-04 19:00:00,1532,24.73,91.99,,,9.4,2024.0,3
2024-03-04 20:00:00,1533,24.52,92.87,,,10.68,2024.0,3
2024-03-04 21:00:00,1534,24.38,93.66,,,12.33,2024.0,3
2024-03-04 22:00:00,1535,24.08,94.87,,,13.51,2024.0,3
2024-03-04 23:00:00,1536,23.79,95.8,,,14.2,2024.0,3
2024-03-05 00:00:00,1537,23.48,94.45,,,13.74,2024.0,3
2024-03-05 01:00:00,1538,23.18,93.73,,,11.76,2024.0,3
2024-03-05 02:00:00,1539,22.86,94.86,,,9.99,2024.0,3
2024-03-05 03:00:00,1540,22.7,96.38,,,17.44,2024.0,3
2024-03-05 04:00:00,1541,22.73,97.07,,,12.94,2024.0,3
2024-03-05 05:00:00,1542,22.6,99.9,,,16.93,2024.0,3
2024-03-05 06:00:00,1543,22.84,99.6,,,19.19,2024.0,3
2024-03-05 07:00:00,1544,23.63,95.84,,,22.88,2024.0,3
2024-03-05 08:00:00,1545,25.34,88.96,,,24.28,2024.0,3
2024-03-05 09:00:00,1546,,79.0,,,,2024.0,3
2024-03-05 10:00:00,1547,,74.0,,,,2024.0,3
2024-03-05 11:00:00,1548,,67.7,,,,2024.0,3
2024-03-05 12:00:00,1549,,61.63,,,,2024.0,3
2024-03-05 13:00:00,1550,,64.8,,,,2024.0,3
2024-03-05 14:00:00,1551,25.77,85.35,,,3.26,2024.0,3
2024-03-05 15:00:00,1552,24.79,86.8,,,3.84,2024.0,3
2024-03-05 16:00:00,1553,24.55,91.84,,,8.44,2024.0,3
2024-03-05 17:00:00,1554,24.16,95.46,,,7.78,2024.0,3
2024-03-05 18:00:00,1555,23.53,99.42,,,8.18,2024.0,3
2024-03-05 19:00:00,1556,23.0,99.9,,,5.12,2024.0,3
2024-03-05 20:00:00,1557,22.93,99.9,,,4.47,2024.0,3
2024-03-05 21:00:00,1558,23.2,99.9,,,6.63,2024.0,3
2024-03-05 22:00:00,1559,23.12,99.9,,,7.93,2024.0,3
2024-03-05 23:00:00,1560,23.28,99.9,,,9.72,2024.0,3
2024-03-06 00:00:00,1561,23.31,99.9,,,9.06,2024.0,3
2024-03-06 01:00:00,1562,23.38,99.9,,,9.05,2024.0,3
2024-03-06 02:00:00,1563,23.19,99.9,,,8.94,2024.0,3
2024-03-06 03:00:00,1564,23.09,99.9,,,8.07,2024.0,3
2024-03-06 04:00:00,1565,23.19,98.92,,,7.91,2024.0,3
2024-03-06 05:00:00,1566,23.07,98.09,,,9.58,2024.0,3
2024-03-06 06:00:00,1567,23.23,95.94,,,8.78,2024.0,3
2024-03-06 07:00:00,1568,25.29,88.72,,,7.51,2024.0,3
2024-03-06 08:00:00,1569,27.91,80.08,,,,2024.0,3
2024-03-06 09:00:00,1570,,74.34,,,,2024.0,3
2024-03-06 10:00:00,1571,,67.12,,,,2024.0,3
2024-03-06 11:00:00,1572,,67.46,,,,2024.0,3
2024-03-06 12:00:00,1573,,75.91,,,16.12,2024.0,3
2024-03-06 13:00:00,1574,24.75,94.87,,,6.33,2024.0,3
2024-03-06 14:00:00,1575,25.24,90.12,,,6.66,2024.0,3
2024-03-06 15:00:00,1576,25.43,83.43,,,4.98,2024.0,3
2024-03-06 16:00:00,1577,25.33,87.59,,,6.46,2024.0,3
2024-03-06 17:00:00,1578,24.5,94.02,,,8.48,2024.0,3
2024-03-06 18:00:00,1579,24.37,92.6,,,6.1,2024.0,3
2024-03-06 19:00:00,1580,23.68,95.27,,,7.8,2024.0,3
2024-03-06 20:00:00,1581,23.68,95.15,,,9.61,2024.0,3
2024-03-06 21:00:00,1582,23.61,96.22,,,10.42,2024.0,3
2024-03-06 22:00:00,1583,23.37,98.29,,,13.64,2024.0,3
2024-03-06 23:00:00,1584,23.32,99.22,,,15.22,2024.0,3
2024-03-07 00:00:00,1585,23.14,99.9,,,17.02,2024.0,3
2024-03-07 01:00:00,1586,23.0,99.9,,,14.98,2024.0,3
2024-03-07 02:00:00,1587,22.85,99.76,,,16.27,2024.0,3
2024-03-07 03:00:00,1588,22.8,97.51,,,10.19,2024.0,3
2024-03-07 04:00:00,1589,22.66,98.76,,,10.83,2024.0,3
2024-03-07 05:00:00,1590,22.66,98.22,,,11.76,2024.0,3
2024-03-07 06:00:00,1591,22.9,99.69,,,16.08,2024.0,3
2024-03-07 07:00:00,1592,24.91,92.94,,,14.15,2024.0,3
2024-03-07 08:00:00,1593,27.69,81.58,,,24.43,2024.0,3
2024-03-07 09:00:00,1594,,72.68,,,,2024.0,3
2024-03-07 10:00:00,1595,,73.25,,,,2024.0,3
2024-03-07 11:00:00,1596,,73.7,,,,2024.0,3
2024-03-07 12:00:00,1597,,72.8,,,,2024.0,3
2024-03-07 13:00:00,1598,27.54,80.99,,,20.82,2024.0,3
2024-03-07 14:00:00,1599,23.79,95.38,,,8.02,2024.0,3
2024-03-07 15:00:00,1600,24.29,94.35,,,10.09,2024.0,3
2024-03-07 16:00:00,1601,25.42,89.59,,,9.74,2024.0,3
2024-03-07 17:00:00,1602,25.76,85.22,,,8.89,2024.0,3
2024-03-07 18:00:00,1603,25.02,89.67,,,9.85,2024.0,3
2024-03-07 19:00:00,1604,24.46,92.79,,,7.23,2024.0,3
2024-03-07 20:00:00,1605,24.07,95.6,,,10.83,2024.0,3
2024-03-07 21:00:00,1606,23.97,96.96,,,13.24,2024.0,3
2024-03-07 22:00:00,1607,23.96,96.27,,,11.16,2024.0,3
2024-03-07 23:00:00,1608,23.78,97.44,,,18.82,2024.0,3
2024-03-08 00:00:00,1609,23.38,99.9,,,20.2,2024.0,3
2024-03-08 01:00:00,1610,22.98,99.89,,,24.22,2024.0,3
2024-03-08 02:00:00,1611,22.82,97.43,,,13.17,2024.0,3
2024-03-08 03:00:00,1612,23.28,96.14,,,10.83,2024.0,3
2024-03-08 04:00:00,1613,23.27,95.85,,,11.26,2024.0,3
2024-03-08 05:00:00,1614,23.08,95.89,,,12.44,2024.0,3
2024-03-08 06:00:00,1615,23.21,95.17,,,13.35,2024.0,3
2024-03-08 07:00:00,1616,24.83,86.82,,,4.61,2024.0,3
2024-03-08 08:00:00,1617,27.05,78.95,,,13.83,2024.0,3
2024-03-08 09:00:00,1618,28.15,74.78,,,18.86,2024.0,3
2024-03-08 10:00:00,1619,,71.73,,,19.87,2024.0,3
2024-03-08 11:00:00,1620,,67.72,,,15.86,2024.0,3
2024-03-08 12:00:00,1621,,66.48,,,6.5,2024.0,3
2024-03-08 13:00:00,1622,,70.69,,,,2024.0,3
2024-03-08 14:00:00,1623,27.96,71.57,,,16.73,2024.0,3
2024-03-08 15:00:00,1624,26.93,76.09,,,9.04,2024.0,3
2024-03-08 16:00:00,1625,25.83,79.35,,,10.2,2024.0,3
2024-03-08 17:00:00,1626,25.29,81.06,,,4.6,2024.0,3
2024-03-08 18:00:00,1627,25.13,82.65,,,4.99,2024.0,3
2024-03-08 19:00:00,1628,24.59,85.51,,,3.3,2024.0,3
2024-03-08 20:00:00,1629,23.41,91.89,,,2.67,2024.0,3
2024-03-08 21:00:00,1630,23.23,93.62,,,1.33,2024.0,3
2024-03-08 22:00:00,1631,23.26,94.39,,,6.13,2024.0,3
2024-03-08 23:00:00,1632,22.77,97.52,,,8.64,2024.0,3
2024-03-09 00:00:00,1633,22.48,99.81,,,5.55,2024.0,3
2024-03-09 01:00:00,1634,22.64,97.83,,,6.43,2024.0,3
2024-03-09 02:00:00,1635,21.96,99.9,,,6.19,2024.0,3
2024-03-09 03:00:00,1636,22.04,99.47,,,1.81,2024.0,3
2024-03-09 04:00:00,1637,22.53,94.7,,,1.38,2024.0,3
2024-03-09 05:00:00,1638,23.07,90.09,,,0.89,2024.0,3
2024-03-09 06:00:00,1639,23.5,87.56,,,1.87,2024.0,3
2024-03-09 07:00:00,1640,23.77,86.96,,,2.55,2024.0,3
2024-03-09 08:00:00,1641,24.38,85.33,,,2.31,2024.0,3
2024-03-09 09:00:00,1642,25.61,80.36,,,4.15,2024.0,3
2024-03-09 10:00:00,1643,23.81,86.89,,,,2024.0,3
2024-03-09 11:00:00,1644,23.72,82.94,,,1.11,2024.0,3
2024-03-09 12:00:00,1645,24.1,81.45,,,,2024.0,3
2024-03-09 13:00:00,1646,23.42,86.18,,,0.78,2024.0,3
2024-03-09 14:00:00,1647,23.46,84.09,,,1.51,2024.0,3
2024-03-09 15:00:00,1648,24.35,79.47,,,2.77,2024.0,3
2024-03-09 16:00:00,1649,23.89,83.5,,,2.49,2024.0,3
2024-03-09 17:00:00,1650,23.38,86.09,,,4.23,2024.0,3
2024-03-09 18:00:00,1651,23.42,85.22,,,5.98,2024.0,3
2024-03-09 19:00:00,1652,23.36,85.04,,,7.89,2024.0,3
2024-03-09 20:00:00,1653,23.4,84.56,,,9.19,2024.0,3
2024-03-09 21:00:00,1654,23.07,89.46,,,18.86,2024.0,3
2024-03-09 22:00:00,1655,22.69,92.22,,,20.56,2024.0,3
2024-03-09 23:00:00,1656,22.36,93.92,,,17.5,2024.0,3
2024-03-10 00:00:00,1657,22.23,93.8,,,14.35,2024.0,3
2024-03-10 01:00:00,1658,22.27,94.44,,,14.63,2024.0,3
2024-03-10 02:00:00,1659,22.18,95.28,,,16.29,2024.0,3
2024-03-10 03:00:00,1660,22.03,95.31,,,14.58,2024.0,3
2024-03-10 04:00:00,1661,22.93,86.38,,,5.88,2024.0,3
2024-03-10 05:00:00,1662,23.03,86.65,,,9.47,2024.0,3
2024-03-10 06:00:00,1663,22.64,89.19,,,12.08,2024.0,3
2024-03-10 07:00:00,1664,23.38,87.11,,,11.33,2024.0,3
2024-03-10 08:00:00,1665,25.41,83.11,,,,2024.0,3
2024-03-10 09:00:00,1666,27.33,74.7,,,,2024.0,3
2024-03-10 10:00:00,1667,27.5,70.79,,,13.4,2024.0,3
2024-03-10 11:00:00,1668,26.74,74.79,,,15.55,2024.0,3
2024-03-10 12:00:00,1669,27.57,73.21,,,19.53,2024.0,3
2024-03-10 13:00:00,1670,27.7,72.35,,,19.9,2024.0,3
2024-03-10 14:00:00,1671,26.56,78.51,,,21.76,2024.0,3
2024-03-10 15:00:00,1672,25.27,86.48,,,9.03,2024.0,3
2024-03-10 16:00:00,1673,25.5,84.31,,,8.45,2024.0,3
2024-03-10 17:00:00,1674,25.11,86.89,,,9.73,2024.0,3
2024-03-10 18:00:00,1675,24.67,88.46,,,11.23,2024.0,3
2024-03-10 19:00:00,1676,23.87,91.9,,,11.32,2024.0,3
2024-03-10 23:00:00,1680,23.05,94.84,,,12.54,2024.0,3
2024-03-11 00:00:00,1681,22.99,95.37,,,11.16,2024.0,3
2024-03-11 01:00:00,1682,22.98,95.66,,,14.03,2024.0,3
2024-03-11 02:00:00,1683,22.95,95.75,,,11.13,2024.0,3
2024-03-11 03:00:00,1684,23.11,94.23,,,9.11,2024.0,3
2024-03-11 04:00:00,1685,23.28,92.72,,,8.31,2024.0,3
2024-03-11 05:00:00,1686,23.13,93.56,,,12.9,2024.0,3
2024-03-11 06:00:00,1687,23.09,93.53,,,15.68,2024.0,3
2024-03-11 07:00:00,1688,23.47,92.98,,,9.26,2024.0,3
2024-03-11 08:00:00,1689,23.55,92.45,,,6.08,2024.0,3
2024-03-11 09:00:00,1690,24.51,90.49,,,8.06,2024.0,3
2024-03-11 11:00:00,1692,25.2,86.4,,,7.2,2024.0,3
2024-03-11 12:00:00,1693,25.37,87.0,,,7.89,2024.0,3
2024-03-11 13:00:00,1694,25.69,84.0,,,7.62,2024.0,3
2024-03-11 14:00:00,1695,25.46,84.82,,,7.42,2024.0,3
2024-03-11 15:00:00,1696,25.08,86.26,,,7.07,2024.0,3
2024-03-11 16:00:00,1697,24.55,88.2,,,6.86,2024.0,3
2024-03-11 17:00:00,1698,23.77,93.03,,,7.83,2024.0,3
2024-03-11 18:00:00,1699,23.64,92.91,,,7.87,2024.0,3
2024-03-11 19:00:00,1700,23.49,94.05,,,8.68,2024.0,3
2024-03-11 20:00:00,1701,23.49,93.73,,,8.82,2024.0,3
2024-03-11 21:00:00,1702,23.4,94.61,,,9.73,2024.0,3
2024-03-11 22:00:00,1703,23.26,95.54,,,9.42,2024.0,3
2024-03-11 23:00:00,1704,22.55,98.94,,,5.74,2024.0,3
2024-03-12 00:00:00,1705,22.33,97.23,,,5.29,2024.0,3
2024-03-12 01:00:00,1706,22.41,97.01,,,7.4,2024.0,3
2024-03-12 02:00:00,1707,22.34,96.25,,,8.06,2024.0,3
2024-03-12 03:00:00,1708,22.33,94.51,,,7.71,2024.0,3
2024-03-12 04:00:00,1709,22.38,94.07,,,8.68,2024.0,3
2024-03-12 05:00:00,1710,22.3,94.03,,,8.88,2024.0,3
2024-03-12 06:00:00,1711,22.07,94.72,,,8.93,2024.0,3
2024-03-12 07:00:00,1712,23.29,90.55,,,8.05,2024.0,3
2024-03-12 08:00:00,1713,24.78,85.07,,,7.85,2024.0,3
2024-03-12 09:00:00,1714,24.99,81.61,,,9.02,2024.0,3
2024-03-12 10:00:00,1715,25.32,78.18,,,,2024.0,3
2024-03-12 11:00:00,1716,25.21,76.49,,,,2024.0,3
2024-03-12 12:00:00,1717,26.18,72.37,,,,2024.0,3
2024-03-12 14:00:00,1719,25.78,76.64,,,,2024.0,3
2024-03-12 15:00:00,1720,24.91,76.78,,,,2024.0,3
2024-03-12 16:00:00,1721,24.46,79.4,,,,2024.0,3
2024-03-12 17:00:00,1722,24.24,80.35,,,11.34,2024.0,3
2024-03-12 18:00:00,1723,24.09,80.78,,,9.63,2024.0,3
2024-03-12 19:00:00,1724,24.04,79.99,,,22.99,2024.0,3
2024-03-12 20:00:00,1725,23.81,80.91,,,9.08,2024.0,3
2024-03-12 21:00:00,1726,23.5,83.34,,,8.83,2024.0,3
2024-03-12 22:00:00,1727,23.6,83.52,,,8.77,2024.0,3
2024-03-12 23:00:00,1728,23.5,85.52,,,9.76,2024.0,3
2024-03-13 00:00:00,1729,23.18,87.63,,,10.02,2024.0,3
2024-03-13 01:00:00,1730,22.84,89.23,,,9.77,2024.0,3
2024-03-13 02:00:00,1731,23.03,88.63,,,8.12,2024.0,3
2024-03-13 03:00:00,1732,22.47,92.28,,,11.16,2024.0,3
2024-03-13 04:00:00,1733,22.56,94.59,,,9.28,2024.0,3
2024-03-13 05:00:00,1734,22.72,95.1,,,9.07,2024.0,3
2024-03-13 06:00:00,1735,22.85,95.5,,,9.55,2024.0,3
2024-03-13 07:00:00,1736,23.13,94.31,,,9.07,2024.0,3
2024-03-13 08:00:00,1737,23.56,92.68,,,9.61,2024.0,3
2024-03-13 09:00:00,1738,24.19,89.38,,,9.27,2024.0,3
2024-03-13 10:00:00,1739,24.53,87.32,,,8.7,2024.0,3
2024-03-13 11:00:00,1740,24.56,86.21,,,8.75,2024.0,3
2024-03-13 12:00:00,1741,24.88,84.66,,,9.09,2024.0,3
2024-03-13 13:00:00,1742,24.77,85.49,,,9.47,2024.0,3
2024-03-13 14:00:00,1743,23.55,91.72,,,8.19,2024.0,3
2024-03-13 15:00:00,1744,23.59,93.01,,,9.85,2024.0,3
2024-03-13 16:00:00,1745,22.95,96.52,,,10.55,2024.0,3
2024-03-13 17:00:00,1746,23.1,97.27,,,11.08,2024.0,3
2024-03-13 18:00:00,1747,23.23,96.2,,,11.12,2024.0,3
2024-03-13 19:00:00,1748,23.03,96.75,,,10.98,2024.0,3
2024-03-13 20:00:00,1749,22.93,98.1,,,11.9,2024.0,3
2024-03-13 21:00:00,1750,23.03,97.19,,,12.6,2024.0,3
2024-03-13 22:00:00,1751,23.19,96.32,,,11.93,2024.0,3
2024-03-13 23:00:00,1752,22.98,97.63,,,11.09,2024.0,3
2024-03-14 00:00:00,1753,22.77,98.16,,,11.02,2024.0,3
2024-03-14 01:00:00,1754,22.74,97.48,,,11.0,2024.0,3
2024-03-14 02:00:00,1755,22.64,97.3,,,11.01,2024.0,3
2024-03-14 03:00:00,1756,22.67,97.36,,,11.26,2024.0,3
2024-03-14 04:00:00,1757,22.6,97.54,,,9.52,2024.0,3
2024-03-14 05:00:00,1758,22.19,99.62,,,6.7,2024.0,3
2024-03-14 06:00:00,1759,22.2,99.67,,,9.35,2024.0,3
2024-03-14 07:00:00,1760,22.57,99.2,,,9.2,2024.0,3
2024-03-14 08:00:00,1761,22.86,98.18,,,9.42,2024.0,3
2024-03-14 09:00:00,1762,23.1,97.98,,,10.58,2024.0,3
2024-03-14 10:00:00,1763,23.14,96.52,,,10.33,2024.0,3
2024-03-14 11:00:00,1764,22.42,99.7,,,8.32,2024.0,3
2024-03-14 12:00:00,1765,23.22,96.25,,,7.55,2024.0,3
2024-03-14 13:00:00,1766,23.62,94.05,,,7.34,2024.0,3
2024-03-14 14:00:00,1767,22.15,99.26,,,6.01,2024.0,3
2024-03-14 15:00:00,1768,21.49,99.11,,,1.8,2024.0,3
2024-03-14 16:00:00,1769,22.58,95.39,,,5.53,2024.0,3
2024-03-14 17:00:00,1770,23.16,90.42,,,5.66,2024.0,3
2024-03-14 18:00:00,1771,22.84,91.55,,,6.33,2024.0,3
2024-03-14 19:00:00,1772,22.39,92.78,,,8.34,2024.0,3
2024-03-14 20:00:00,1773,22.4,92.35,,,6.95,2024.0,3
2024-03-14 21:00:00,1774,22.84,88.44,,,7.93,2024.0,3
2024-03-14 22:00:00,1775,22.95,87.09,,,8.37,2024.0,3
2024-03-14 23:00:00,1776,23.54,82.19,,,2.3,2024.0,3
2024-03-15 00:00:00,1777,23.46,82.64,,,2.31,2024.0,3
2024-03-15 01:00:00,1778,23.46,84.04,,,1.74,2024.0,3
2024-03-15 02:00:00,1779,22.54,89.78,,,8.81,2024.0,3
2024-03-15 03:00:00,1780,21.3,97.41,,,10.22,2024.0,3
2024-03-15 04:00:00,1781,21.09,99.9,,,7.5,2024.0,3
2024-03-15 05:00:00,1782,21.25,99.9,,,6.55,2024.0,3
2024-03-15 06:00:00,1783,21.47,99.54,,,7.25,2024.0,3
2024-03-15 07:00:00,1784,22.66,92.98,,,4.87,2024.0,3
2024-03-15 08:00:00,1785,23.67,87.3,,,5.28,2024.0,3
2024-03-15 09:00:00,1786,24.51,81.72,,,4.25,2024.0,3
2024-03-15 10:00:00,1787,24.54,81.56,,,4.35,2024.0,3
2024-03-15 11:00:00,1788,24.67,83.29,,,3.94,2024.0,3
2024-03-15 12:00:00,1789,25.43,80.31,,,2.96,2024.0,3
2024-03-15 13:00:00,1790,26.37,74.71,,,,2024.0,3
2024-03-15 14:00:00,1791,26.28,73.72,,,,2024.0,3
2024-03-15 15:00:00,1792,25.76,76.84,,,9.18,2024.0,3
2024-03-15 16:00:00,1793,25.39,80.26,,,9.27,2024.0,3
2024-03-15 17:00:00,1794,24.24,84.61,,,4.68,2024.0,3
2024-03-15 18:00:00,1795,22.73,92.6,,,4.75,2024.0,3
2024-03-15 19:00:00,1796,24.0,82.18,,,7.18,2024.0,3
2024-03-15 20:00:00,1797,23.75,83.24,,,5.55,2024.0,3
2024-03-15 21:00:00,1798,23.43,86.01,,,6.21,2024.0,3
2024-03-15 22:00:00,1799,23.49,84.82,,,3.23,2024.0,3
2024-03-15 23:00:00,1800,23.64,83.69,,,2.02,2024.0,3
2024-03-16 00:00:00,1801,23.35,86.13,,,3.01,2024.0,3
2024-03-16 01:00:00,1802,23.16,87.96,,,4.95,2024.0,3
2024-03-16 02:00:00,1803,22.16,93.09,,,,2024.0,3
2024-03-16 03:00:00,1804,21.88,96.18,,,3.22,2024.0,3
2024-03-16 04:00:00,1805,21.51,99.01,,,3.04,2024.0,3
2024-03-16 05:00:00,1806,21.12,99.9,,,3.4,2024.0,3
2024-03-16 06:00:00,1807,21.4,99.85,,,7.53,2024.0,3
2024-03-16 07:00:00,1808,22.18,98.36,,,9.71,2024.0,3
2024-03-16 08:00:00,1809,25.17,86.96,,,8.21,2024.0,3
2024-03-16 09:00:00,1810,25.87,80.24,,,,2024.0,3
2024-03-16 10:00:00,1811,26.7,76.06,,,,2024.0,3
2024-03-16 11:00:00,1812,26.78,74.99,,,,2024.0,3
2024-03-16 12:00:00,1813,25.29,82.56,,,2.08,2024.0,3
2024-03-16 13:00:00,1814,26.52,76.73,,,6.6,2024.0,3
2024-03-16 17:00:00,1818,25.16,83.47,,,3.65,2024.0,3
2024-03-16 19:00:00,1820,22.72,96.55,,,5.11,2024.0,3
2024-03-17 14:00:00,1839,25.37,83.36,,,3.42,2024.0,3
2024-03-17 15:00:00,1840,24.14,87.65,,,3.84,2024.0,3
2024-03-17 16:00:00,1841,23.24,92.7,,,3.24,2024.0,3
2024-03-17 17:00:00,1842,23.44,89.1,,,3.31,2024.0,3
2024-03-17 18:00:00,1843,23.68,86.84,,,3.32,2024.0,3
2024-03-17 19:00:00,1844,23.82,83.86,,,5.68,2024.0,3
2024-03-17 20:00:00,1845,23.98,80.99,,,3.0,2024.0,3
2024-03-17 22:00:00,1847,23.55,82.98,,,4.0,2024.0,3
2024-03-17 23:00:00,1848,23.34,84.01,,,2.6,2024.0,3
2024-03-18 00:00:00,1849,23.19,84.58,,,1.38,2024.0,3
2024-03-18 01:00:00,1850,23.06,84.86,,,0.99,2024.0,3
2024-03-18 02:00:00,1851,22.87,85.55,,,1.65,2024.0,3
2024-03-18 03:00:00,1852,22.67,85.71,,,2.06,2024.0,3
2024-03-18 04:00:00,1853,22.98,84.78,,,1.42,2024.0,3
2024-03-18 05:00:00,1854,22.72,85.99,,,4.02,2024.0,3
2024-03-18 06:00:00,1855,22.83,84.84,,,3.13,2024.0,3
2024-03-18 07:00:00,1856,23.91,80.3,,,12.75,2024.0,3
2024-03-18 08:00:00,1857,24.87,78.14,,,14.86,2024.0,3
2024-03-18 09:00:00,1858,25.74,76.13,,,9.17,2024.0,3
2024-03-18 10:00:00,1859,26.49,73.0,,,7.1,2024.0,3
2024-03-18 11:00:00,1860,27.12,70.69,,,8.31,2024.0,3
2024-03-18 12:00:00,1861,27.41,72.39,,,21.69,2024.0,3
2024-03-18 13:00:00,1862,27.52,70.09,,,9.76,2024.0,3
2024-03-18 14:00:00,1863,,65.4,,,9.1,2024.0,3
2024-03-18 15:00:00,1864,,65.79,,,10.13,2024.0,3
2024-03-18 16:00:00,1865,,67.83,,,16.69,2024.0,3
2024-03-18 17:00:00,1866,27.29,73.55,,,,2024.0,3
2024-03-18 18:00:00,1867,25.79,79.69,,,,2024.0,3
2024-03-18 19:00:00,1868,25.18,80.41,,,7.96,2024.0,3
2024-03-18 20:00:00,1869,24.62,80.16,,,9.49,2024.0,3
2024-03-18 21:00:00,1870,24.37,80.68,,,7.17,2024.0,3
2024-03-18 22:00:00,1871,23.93,81.11,,,3.6,2024.0,3
2024-03-18 23:00:00,1872,23.47,82.95,,,5.56,2024.0,3
2024-03-19 00:00:00,1873,22.91,85.33,,,7.85,2024.0,3
2024-03-19 01:00:00,1874,22.52,86.85,,,11.24,2024.0,3
2024-03-19 02:00:00,1875,21.99,86.95,,,10.45,2024.0,3
2024-03-19 03:00:00,1876,21.85,87.52,,,9.65,2024.0,3
2024-03-19 04:00:00,1877,21.37,87.9,,,11.2,2024.0,3
2024-03-19 05:00:00,1878,20.55,91.16,,,11.06,2024.0,3
2024-03-19 06:00:00,1879,21.67,86.0,,,10.19,2024.0,3
2024-03-19 07:00:00,1880,24.34,78.02,,,,2024.0,3
2024-03-19 08:00:00,1881,27.1,67.03,,,,2024.0,3
2024-03-19 09:00:00,1882,28.15,60.22,,,,2024.0,3
2024-03-19 10:00:00,1883,,60.57,,,14.83,2024.0,3
2024-03-19 11:00:00,1884,,57.35,,,5.44,2024.0,3
2024-03-19 12:00:00,1885,,54.04,,,4.21,2024.0,3
2024-03-19 13:00:00,1886,,54.37,,,3.25,2024.0,3
2024-03-19 15:00:00,1888,,57.64,,,7.32,2024.0,3
2024-03-19 16:00:00,1889,,58.64,,,8.43,2024.0,3
2024-03-19 17:00:00,1890,,59.01,,,14.24,2024.0,3
2024-03-19 18:00:00,1891,27.03,64.86,,,,2024.0,3
2024-03-19 19:00:00,1892,26.04,68.67,,,,2024.0,3
2024-03-19 20:00:00,1893,25.27,69.73,,,,2024.0,3
2024-03-19 22:00:00,1895,23.7,76.31,,,,2024.0,3
2024-03-20 00:00:00,1897,21.81,77.5,,,,2024.0,3
2024-03-20 01:00:00,1898,21.46,76.24,,,,2024.0,3
2024-03-20 02:00:00,1899,21.14,75.13,,,,2024.0,3
2024-03-20 03:00:00,1900,20.46,84.01,,,14.75,2024.0,3
2024-03-20 04:00:00,1901,19.87,85.78,,,16.5,2024.0,3
2024-03-20 05:00:00,1902,,89.58,,,19.97,2024.0,3
2024-03-20 06:00:00,1903,21.24,84.68,,,,2024.0,3
2024-03-20 07:00:00,1904,24.52,74.95,,,,2024.0,3
2024-03-20 08:00:00,1905,27.73,63.67,,,,2024.0,3
2024-03-20 09:00:00,1906,,57.35,,,,2024.0,3
2024-03-20 10:00:00,1907,,,,,,2024.0,3
2024-03-20 11:00:00,1908,,,,,,2024.0,3
2024-03-20 12:00:00,1909,,,,,21.24,2024.0,3
2024-03-20 13:00:00,1910,,55.85,,,21.13,2024.0,3
2024-03-20 14:00:00,1911,,57.58,,,,2024.0,3
2024-03-20 15:00:00,1912,,58.68,,,,2024.0,3
2024-03-20 16:00:00,1913,,61.97,,,23.66,2024.0,3
2024-03-20 17:00:00,1914,,63.48,,,24.8,2024.0,3
2024-03-20 18:00:00,1915,27.29,65.89,,,,2024.0,3
2024-03-20 19:00:00,1916,26.22,69.21,,,,2024.0,3
2024-03-20 20:00:00,1917,25.81,69.81,,,,2024.0,3
2024-03-20 21:00:00,1918,25.26,70.41,,,,2024.0,3
2024-03-20 22:00:00,1919,24.61,73.96,,,,2024.0,3
2024-03-20 23:00:00,1920,23.81,77.77,,,,2024.0,3
2024-03-21 00:00:00,1921,23.3,77.6,,,,2024.0,3
2024-03-21 01:00:00,1922,22.43,80.94,,,17.26,2024.0,3
2024-03-21 02:00:00,1923,21.57,83.63,,,13.15,2024.0,3
2024-03-21 03:00:00,1924,21.17,83.9,,,11.8,2024.0,3
2024-03-21 04:00:00,1925,20.57,86.77,,,15.77,2024.0,3
2024-03-21 05:00:00,1926,20.32,87.99,,,16.07,2024.0,3
2024-03-21 06:00:00,1927,20.07,88.26,,,15.71,2024.0,3
2024-03-21 07:00:00,1928,21.26,79.89,,,,2024.0,3
2024-03-21 08:00:00,1929,24.45,76.01,,,,2024.0,3
2024-03-21 09:00:00,1930,26.37,67.16,,,,2024.0,3
2024-03-21 10:00:00,1931,26.83,65.34,,,13.6,2024.0,3
2024-03-21 11:00:00,1932,27.94,62.28,,,20.86,2024.0,3
2024-03-21 12:00:00,1933,,60.56,,,21.73,2024.0,3
2024-03-21 13:00:00,1934,,60.45,,,22.72,2024.0,3
2024-03-21 14:00:00,1935,,57.55,,,,2024.0,3
2024-03-21 15:00:00,1936,,58.25,,,,2024.0,3
2024-03-21 16:00:00,1937,,63.43,,,,2024.0,3
2024-03-21 17:00:00,1938,27.65,70.73,,,,2024.0,3
2024-03-21 18:00:00,1939,25.87,81.45,,,,2024.0,3
2024-03-21 19:00:00,1940,24.69,87.45,,,13.46,2024.0,3
2024-03-21 20:00:00,1941,24.22,89.25,,,13.93,2024.0,3
2024-03-21 21:00:00,1942,24.05,90.48,,,13.29,2024.0,3
2024-03-21 22:00:00,1943,24.05,90.75,,,13.11,2024.0,3
2024-03-21 23:00:00,1944,23.97,91.19,,,15.34,2024.0,3
2024-03-22 00:00:00,1945,23.51,94.44,,,14.79,2024.0,3
2024-03-22 01:00:00,1946,23.2,96.05,,,16.28,2024.0,3
2024-03-22 02:00:00,1947,23.13,95.55,,,15.34,2024.0,3
2024-03-22 03:00:00,1948,23.14,95.09,,,16.82,2024.0,3
2024-03-22 04:00:00,1949,23.0,95.13,,,20.37,2024.0,3
2024-03-22 05:00:00,1950,22.74,94.19,,,19.6,2024.0,3
2024-03-22 06:00:00,1951,22.66,92.75,,,,2024.0,3
2024-03-22 07:00:00,1952,23.65,89.85,,,24.69,2024.0,3
2024-03-22 08:00:00,1953,27.87,77.81,,,,2024.0,3
2024-03-22 09:00:00,1954,,70.36,,,,2024.0,3
2024-03-22 10:00:00,1955,,65.92,,,,2024.0,3
2024-03-22 11:00:00,1956,,62.68,,,,2024.0,3
2024-03-22 12:00:00,1957,,67.14,,,,2024.0,3
2024-03-22 13:00:00,1958,,68.86,,,,2024.0,3
2024-03-22 14:00:00,1959,26.55,77.06,,,,2024.0,3
2024-03-22 15:00:00,1960,26.27,79.82,,,,2024.0,3
2024-03-22 16:00:00,1961,25.88,82.79,,,15.74,2024.0,3
2024-03-22 17:00:00,1962,24.7,86.68,,,13.65,2024.0,3
2024-03-22 18:00:00,1963,24.48,87.23,,,13.62,2024.0,3
2024-03-22 19:00:00,1964,24.56,86.2,,,12.39,2024.0,3
2024-03-22 20:00:00,1965,24.53,86.05,,,11.46,2024.0,3
2024-03-22 21:00:00,1966,24.69,84.83,,,10.45,2024.0,3
2024-03-22 22:00:00,1967,24.43,87.36,,,13.23,2024.0,3
2024-03-22 23:00:00,1968,23.65,93.19,,,15.13,2024.0,3
2024-03-23 00:00:00,1969,22.88,95.44,,,10.43,2024.0,3
2024-03-23 01:00:00,1970,22.75,96.45,,,10.32,2024.0,3
2024-03-23 02:00:00,1971,22.9,96.54,,,12.26,2024.0,3
2024-03-23 03:00:00,1972,22.81,97.77,,,15.07,2024.0,3
2024-03-23 04:00:00,1973,22.51,99.56,,,17.47,2024.0,3
2024-03-23 05:00:00,1974,22.64,98.35,,,18.14,2024.0,3
2024-03-23 06:00:00,1975,23.19,96.76,,,19.84,2024.0,3
2024-03-23 07:00:00,1976,26.41,84.52,,,,2024.0,3
2024-03-23 08:00:00,1977,,74.97,,,,2024.0,3
2024-03-23 09:00:00,1978,,68.43,,,,2024.0,3
2024-03-23 10:00:00,1979,,67.61,,,,2024.0,3
2024-03-23 11:00:00,1980,,64.63,,,,2024.0,3
2024-03-23 12:00:00,1981,,59.73,,,,2024.0,3
2024-03-23 13:00:00,1982,,59.12,,,,2024.0,3
2024-03-23 14:00:00,1983,,68.65,,,,2024.0,3
2024-03-23 15:00:00,1984,,73.52,,,,2024.0,3
2024-03-23 16:00:00,1985,26.09,82.92,,,,2024.0,3
2024-03-23 17:00:00,1986,24.51,87.91,,,9.52,2024.0,3
2024-03-23 18:00:00,1987,24.88,90.69,,,13.58,2024.0,3
2024-03-23 19:00:00,1988,25.14,91.67,,,14.29,2024.0,3
2024-03-23 20:00:00,1989,25.2,91.37,,,13.31,2024.0,3
2024-03-23 21:00:00,1990,25.06,89.43,,,9.88,2024.0,3
2024-03-23 22:00:00,1991,24.89,89.13,,,9.71,2024.0,3
2024-03-23 23:00:00,1992,24.39,92.07,,,13.29,2024.0,3
2024-03-24 00:00:00,1993,23.94,93.47,,,16.7,2024.0,3
2024-03-24 01:00:00,1994,23.77,94.08,,,14.76,2024.0,3
2024-03-24 02:00:00,1995,23.5,91.96,,,9.55,2024.0,3
2024-03-24 03:00:00,1996,23.29,92.84,,,11.78,2024.0,3
2024-03-24 04:00:00,1997,23.18,92.87,,,11.43,2024.0,3
2024-03-24 05:00:00,1998,22.61,95.31,,,12.86,2024.0,3
2024-03-24 06:00:00,1999,22.75,95.57,,,17.44,2024.0,3
2024-03-24 07:00:00,2000,24.95,88.78,,,19.82,2024.0,3
2024-03-24 08:00:00,2001,28.02,76.73,,,,2024.0,3
2024-03-24 09:00:00,2002,,71.54,,,,2024.0,3
2024-03-24 10:00:00,2003,,65.62,,,,2024.0,3
2024-03-24 11:00:00,2004,,60.91,,,24.33,2024.0,3
2024-03-24 12:00:00,2005,,58.42,,,24.55,2024.0,3
2024-03-24 13:00:00,2006,,55.38,,,22.7,2024.0,3
2024-03-24 14:00:00,2007,,60.36,,,,2024.0,3
2024-03-24 15:00:00,2008,,68.56,,,,2024.0,3
2024-03-24 16:00:00,2009,25.94,82.29,,,13.38,2024.0,3
2024-03-24 17:00:00,2010,25.12,83.88,,,8.91,2024.0,3
2024-03-24 18:00:00,2011,24.86,85.87,,,9.45,2024.0,3
2024-03-24 19:00:00,2012,25.27,83.5,,,10.89,2024.0,3
2024-03-24 20:00:00,2013,24.87,87.34,,,10.24,2024.0,3
2024-03-24 21:00:00,2014,24.51,87.9,,,9.95,2024.0,3
2024-03-24 22:00:00,2015,24.86,87.94,,,11.0,2024.0,3
2024-03-24 23:00:00,2016,23.9,91.62,,,6.74,2024.0,3
2024-03-25 00:00:00,2017,23.6,93.33,,,7.57,2024.0,3
2024-03-25 01:00:00,2018,23.61,92.74,,,8.3,2024.0,3
2024-03-25 02:00:00,2019,23.66,92.94,,,9.12,2024.0,3
2024-03-25 03:00:00,2020,23.19,95.0,,,10.59,2024.0,3
2024-03-25 04:00:00,2021,22.97,96.1,,,10.24,2024.0,3
2024-03-25 05:00:00,2022,22.77,97.61,,,11.42,2024.0,3
2024-03-25 06:00:00,2023,23.37,95.7,,,11.82,2024.0,3
2024-03-25 07:00:00,2024,24.38,91.49,,,11.77,2024.0,3
2024-03-25 08:00:00,2025,,78.98,,,,2024.0,3
2024-03-25 09:00:00,2026,,71.3,,,,2024.0,3
2024-03-25 10:00:00,2027,,64.04,,,,2024.0,3
2024-03-25 11:00:00,2028,,60.91,,,,2024.0,3
2024-03-25 12:00:00,2029,,69.22,,,,2024.0,3
2024-03-25 13:00:00,2030,25.7,82.04,,,19.08,2024.0,3
2024-03-25 14:00:00,2031,25.57,80.3,,,24.26,2024.0,3
2024-03-25 15:00:00,2032,26.6,80.22,,,,2024.0,3
2024-03-25 16:00:00,2033,26.67,83.72,,,13.23,2024.0,3
2024-03-25 17:00:00,2034,24.81,87.34,,,8.1,2024.0,3
2024-03-25 18:00:00,2035,24.98,87.28,,,10.19,2024.0,3
2024-03-25 19:00:00,2036,24.98,87.43,,,11.67,2024.0,3
2024-03-25 20:00:00,2037,24.61,89.52,,,12.47,2024.0,3
2024-03-25 21:00:00,2038,24.05,92.1,,,11.82,2024.0,3
2024-03-25 22:00:00,2039,23.79,93.1,,,11.65,2024.0,3
2024-03-25 23:00:00,2040,23.71,94.3,,,12.9,2024.0,3
2024-03-26 00:00:00,2041,23.36,95.82,,,12.6,2024.0,3
2024-03-26 01:00:00,2042,23.27,95.95,,,15.06,2024.0,3
2024-03-26 02:00:00,2043,23.23,97.6,,,16.31,2024.0,3
2024-03-26 03:00:00,2044,23.34,96.9,,,15.46,2024.0,3
2024-03-26 04:00:00,2045,23.14,97.87,,,16.93,2024.0,3
2024-03-26 05:00:00,2046,22.89,99.58,,,17.34,2024.0,3
2024-03-26 06:00:00,2047,23.12,96.9,,,17.1,2024.0,3
2024-03-26 07:00:00,2048,25.55,87.62,,,14.93,2024.0,3
2024-03-26 08:00:00,2049,28.14,78.46,,,,2024.0,3
2024-03-26 09:00:00,2050,,67.7,,,,2024.0,3
2024-03-26 10:00:00,2051,,62.15,,,,2024.0,3
2024-03-26 11:00:00,2052,,62.31,,,,2024.0,3
2024-03-26 12:00:00,2053,,62.86,,,,2024.0,3
2024-03-26 13:00:00,2054,,66.83,,,,2024.0,3
2024-03-26 14:00:00,2055,26.65,76.46,,,,2024.0,3
2024-03-26 15:00:00,2056,,70.99,,,,2024.0,3
2024-03-26 16:00:00,2057,,70.86,,,,2024.0,3
2024-03-26 17:00:00,2058,27.71,76.82,,,,2024.0,3
2024-03-26 18:00:00,2059,26.26,82.36,,,14.77,2024.0,3
2024-03-26 19:00:00,2060,25.81,85.08,,,11.12,2024.0,3
2024-03-26 20:00:00,2061,25.1,87.83,,,11.92,2024.0,3
2024-03-26 21:00:00,2062,24.76,90.05,,,13.68,2024.0,3
2024-03-26 22:00:00,2063,24.42,91.06,,,12.44,2024.0,3
2024-03-26 23:00:00,2064,24.2,90.95,,,10.04,2024.0,3
2024-03-27 00:00:00,2065,24.14,87.58,,,5.89,2024.0,3
2024-03-27 01:00:00,2066,23.99,88.71,,,7.28,2024.0,3
2024-03-27 02:00:00,2067,23.14,92.64,,,7.93,2024.0,3
2024-03-27 03:00:00,2068,22.36,97.3,,,8.15,2024.0,3
2024-03-27 04:00:00,2069,22.57,96.76,,,8.93,2024.0,3
2024-03-27 05:00:00,2070,22.7,95.44,,,8.79,2024.0,3
2024-03-27 06:00:00,2071,23.26,91.52,,,8.78,2024.0,3
2024-03-27 07:00:00,2072,25.13,83.56,,,13.94,2024.0,3
2024-03-27 08:00:00,2073,,72.06,,,,2024.0,3
2024-03-27 09:00:00,2074,,67.28,,,,2024.0,3
2024-03-27 10:00:00,2075,,65.88,,,22.03,2024.0,3
2024-03-27 11:00:00,2076,,65.81,,,18.77,2024.0,3
2024-03-27 12:00:00,2077,26.54,78.21,,,,2024.0,3
2024-03-27 13:00:00,2078,26.96,77.37,,,,2024.0,3
2024-03-27 14:00:00,2079,,72.92,,,,2024.0,3
2024-03-27 15:00:00,2080,23.83,89.28,,,5.48,2024.0,3
2024-03-27 16:00:00,2081,23.79,88.97,,,7.59,2024.0,3
2024-03-27 17:00:00,2082,24.09,91.23,,,11.57,2024.0,3
2024-03-27 18:00:00,2083,23.63,93.73,,,12.65,2024.0,3
2024-03-27 19:00:00,2084,23.68,93.39,,,12.27,2024.0,3
2024-03-27 20:00:00,2085,23.68,92.78,,,10.9,2024.0,3
2024-03-27 21:00:00,2086,23.82,94.33,,,14.39,2024.0,3
2024-03-27 22:00:00,2087,23.93,94.1,,,15.38,2024.0,3
2024-03-27 23:00:00,2088,23.96,94.27,,,18.46,2024.0,3
2024-03-28 00:00:00,2089,23.42,97.12,,,18.98,2024.0,3
2024-03-28 01:00:00,2090,23.19,98.09,,,20.19,2024.0,3
2024-03-28 02:00:00,2091,22.88,97.48,,,20.27,2024.0,3
2024-03-28 03:00:00,2092,22.6,97.7,,,17.4,2024.0,3
2024-03-28 04:00:00,2093,22.55,98.91,,,21.7,2024.0,3
2024-03-28 05:00:00,2094,22.61,99.31,,,24.17,2024.0,3
2024-03-28 06:00:00,2095,22.68,99.1,,,22.29,2024.0,3
2024-03-28 07:00:00,2096,24.58,92.11,,,24.13,2024.0,3
2024-03-28 08:00:00,2097,28.03,80.02,,,,2024.0,3
2024-03-28 09:00:00,2098,,71.42,,,,2024.0,3
2024-03-28 10:00:00,2099,,65.47,,,,2024.0,3
2024-03-28 11:00:00,2100,,60.12,,,,2024.0,3
2024-03-28 12:00:00,2101,,67.14,,,,2024.0,3
2024-03-28 13:00:00,2102,24.16,87.83,,,8.65,2024.0,3
2024-03-28 14:00:00,2103,25.04,82.34,,,9.71,2024.0,3
2024-03-28 15:00:00,2104,26.4,82.08,,,16.4,2024.0,3
2024-03-28 16:00:00,2105,25.12,85.27,,,17.35,2024.0,3
2024-03-28 17:00:00,2106,23.91,87.06,,,7.71,2024.0,3
2024-03-28 18:00:00,2107,23.98,86.28,,,11.41,2024.0,3
2024-03-28 19:00:00,2108,23.59,90.33,,,13.86,2024.0,3
2024-03-28 20:00:00,2109,23.48,91.25,,,14.13,2024.0,3
2024-03-28 21:00:00,2110,23.2,95.1,,,14.05,2024.0,3
2024-03-28 22:00:00,2111,22.97,97.69,,,15.79,2024.0,3
2024-03-28 23:00:00,2112,22.83,97.49,,,18.5,2024.0,3
2024-03-29 00:00:00,2113,22.77,97.78,,,18.68,2024.0,3
2024-03-29 01:00:00,2114,22.54,98.34,,,18.79,2024.0,3
2024-03-29 02:00:00,2115,22.37,99.9,,,19.92,2024.0,3
2024-03-29 03:00:00,2116,22.01,99.9,,,24.95,2024.0,3
2024-03-29 04:00:00,2117,21.82,99.9,,,21.97,2024.0,3
2024-03-29 05:00:00,2118,21.67,99.9,,,19.8,2024.0,3
2024-03-29 06:00:00,2119,22.16,98.17,,,19.75,2024.0,3
2024-03-29 07:00:00,2120,24.29,90.24,,,16.95,2024.0,3
2024-03-29 08:00:00,2121,25.55,84.7,,,12.72,2024.0,3
2024-03-29 09:00:00,2122,27.57,78.86,,,,2024.0,3
2024-03-29 10:00:00,2123,,72.22,,,,2024.0,3
2024-03-29 11:00:00,2124,,66.78,,,24.83,2024.0,3
2024-03-29 12:00:00,2125,,68.28,,,,2024.0,3
2024-03-29 13:00:00,2126,25.31,83.91,,,9.3,2024.0,3
2024-03-29 14:00:00,2127,25.73,85.05,,,7.78,2024.0,3
2024-03-29 15:00:00,2128,26.77,78.45,,,15.0,2024.0,3
2024-03-29 16:00:00,2129,27.14,77.22,,,,2024.0,3
2024-03-29 17:00:00,2130,25.29,86.06,,,8.16,2024.0,3
2024-03-29 18:00:00,2131,24.76,88.06,,,8.27,2024.0,3
2024-03-29 19:00:00,2132,24.61,90.44,,,10.99,2024.0,3
2024-03-29 20:00:00,2133,24.5,91.58,,,14.77,2024.0,3
2024-03-29 21:00:00,2134,24.28,93.12,,,13.78,2024.0,3
2024-03-29 22:00:00,2135,23.79,96.22,,,19.43,2024.0,3
2024-03-29 23:00:00,2136,23.6,97.83,,,22.83,2024.0,3
2024-03-30 00:00:00,2137,23.45,97.96,,,19.87,2024.0,3
2024-03-30 01:00:00,2138,23.36,97.02,,,15.13,2024.0,3
2024-03-30 02:00:00,2139,23.07,97.54,,,20.48,2024.0,3
2024-03-30 03:00:00,2140,22.77,97.07,,,18.79,2024.0,3
2024-03-30 04:00:00,2141,22.86,96.92,,,15.89,2024.0,3
2024-03-30 05:00:00,2142,22.56,99.26,,,19.81,2024.0,3
2024-03-30 06:00:00,2143,22.82,98.69,,,22.6,2024.0,3
2024-03-30 07:00:00,2144,25.75,87.41,,,19.95,2024.0,3
2024-03-30 08:00:00,2145,,78.03,,,,2024.0,3
2024-03-30 09:00:00,2146,,75.27,,,,2024.0,3
2024-03-30 10:00:00,2147,,73.17,,,,2024.0,3
2024-03-30 11:00:00,2148,,67.73,,,,2024.0,3
2024-03-30 12:00:00,2149,,64.67,,,24.45,2024.0,3
2024-03-30 13:00:00,2150,,63.67,,,,2024.0,3
2024-03-30 14:00:00,2151,,69.99,,,,2024.0,3
2024-03-30 15:00:00,2152,27.31,78.91,,,,2024.0,3
2024-03-30 16:00:00,2153,26.96,81.17,,,10.99,2024.0,3
2024-03-30 17:00:00,2154,26.41,85.48,,,14.19,2024.0,3
2024-03-30 18:00:00,2155,25.9,84.55,,,10.85,2024.0,3
2024-03-30 19:00:00,2156,25.33,86.74,,,9.94,2024.0,3
2024-03-30 20:00:00,2157,25.02,88.7,,,10.45,2024.0,3
2024-03-30 21:00:00,2158,24.72,89.57,,,9.84,2024.0,3
2024-03-30 22:00:00,2159,24.39,91.08,,,10.75,2024.0,3
2024-03-30 23:00:00,2160,24.24,92.18,,,13.79,2024.0,3
2024-03-31 00:00:00,2161,24.11,93.13,,,12.37,2024.0,3
2024-03-31 01:00:00,2162,23.71,95.67,,,17.27,2024.0,3
2024-03-31 02:00:00,2163,23.37,96.77,,,13.68,2024.0,3
2024-03-31 03:00:00,2164,23.11,96.89,,,15.14,2024.0,3
2024-03-31 04:00:00,2165,22.72,95.78,,,13.13,2024.0,3
2024-03-31 05:00:00,2166,22.42,98.17,,,15.91,2024.0,3
2024-03-31 06:00:00,2167,22.91,97.16,,,20.29,2024.0,3
2024-03-31 07:00:00,2168,24.97,87.3,,,16.66,2024.0,3
2024-03-31 08:00:00,2169,27.93,77.4,,,,2024.0,3
2024-03-31 09:00:00,2170,,73.84,,,,2024.0,3
2024-03-31 10:00:00,2171,,73.81,,,20.43,2024.0,3
2024-03-31 11:00:00,2172,,68.07,,,9.97,2024.0,3
2024-03-31 12:00:00,2173,,60.7,,,8.27,2024.0,3
2024-03-31 13:00:00,2174,,54.27,,,6.9,2024.0,3
2024-03-31 14:00:00,2175,,,,,13.9,2024.0,3
2024-03-31 15:00:00,2176,,69.43,,,,2024.0,3
2024-03-31 16:00:00,2177,,68.11,,,,2024.0,3
2024-03-31 17:00:00,2178,28.03,74.26,,,,2024.0,3
2024-03-31 18:00:00,2179,26.73,80.51,,,15.22,2024.0,3
2024-03-31 19:00:00,2180,25.5,85.91,,,11.99,2024.0,3
2024-03-31 20:00:00,2181,24.46,87.45,,,11.06,2024.0,3
2024-03-31 21:00:00,2182,24.25,88.96,,,9.77,2024.0,3
2024-03-31 22:00:00,2183,24.22,90.89,,,11.21,2024.0,3
2024-03-31 23:00:00,2184,24.01,92.06,,,12.1,2024.0,3
2024-04-01 00:00:00,2185,23.84,93.23,,,15.74,2024.0,4
2024-04-01 01:00:00,2186,23.52,95.85,,,19.35,2024.0,4
2024-04-01 02:00:00,2187,23.8,94.64,,,17.43,2024.0,4
2024-04-01 03:00:00,2188,23.87,94.04,,,18.47,2024.0,4
2024-04-01 04:00:00,2189,23.06,94.84,,,15.43,2024.0,4
2024-04-01 05:00:00,2190,23.61,92.05,,,15.01,2024.0,4
2024-04-01 06:00:00,2191,23.86,92.78,,,18.81,2024.0,4
2024-04-01 07:00:00,2192,25.97,83.54,,,24.91,2024.0,4
2024-04-01 08:00:00,2193,28.68,72.86,,,50.82,2024.0,4
2024-04-01 09:00:00,2194,29.74,66.73,,,40.8,2024.0,4
2024-04-01 10:00:00,2195,31.36,61.0,,,33.07,2024.0,4
2024-04-01 11:00:00,2196,31.94,59.82,,,34.27,2024.0,4
2024-04-01 12:00:00,2197,33.21,54.61,,,30.72,2024.0,4
2024-04-01 13:00:00,2198,32.49,58.83,,,46.9,2024.0,4
2024-04-01 14:00:00,2199,27.63,73.16,,,59.41,2024.0,4
2024-04-01 15:00:00,2200,27.09,75.29,,,52.37,2024.0,4
2024-04-01 16:00:00,2201,26.01,82.12,,,16.33,2024.0,4
2024-04-01 17:00:00,2202,24.18,89.61,,,10.44,2024.0,4
2024-04-01 18:00:00,2203,23.17,90.56,,,8.26,2024.0,4
2024-04-01 19:00:00,2204,23.28,91.1,,,10.08,2024.0,4
2024-04-01 20:00:00,2205,23.26,96.7,,,12.1,2024.0,4
2024-04-01 21:00:00,2206,23.27,97.25,,,12.39,2024.0,4
2024-04-01 22:00:00,2207,23.23,98.12,,,11.37,2024.0,4
2024-04-01 23:00:00,2208,23.08,98.89,,,13.92,2024.0,4
2024-04-02 00:00:00,2209,23.05,97.67,,,17.26,2024.0,4
2024-04-02 01:00:00,2210,23.14,96.48,,,13.44,2024.0,4
2024-04-02 02:00:00,2211,23.01,98.59,,,17.87,2024.0,4
2024-04-02 03:00:00,2212,22.57,99.88,,,18.71,2024.0,4
2024-04-02 04:00:00,2213,22.59,99.9,,,18.98,2024.0,4
2024-04-02 05:00:00,2214,21.89,99.9,,,16.07,2024.0,4
2024-04-02 06:00:00,2215,22.54,97.44,,,13.66,2024.0,4
2024-04-02 07:00:00,2216,24.62,90.71,,,12.05,2024.0,4
2024-04-02 08:00:00,2217,27.77,80.72,,,23.96,2024.0,4
2024-04-02 09:00:00,2218,29.03,75.72,,,44.14,2024.0,4
2024-04-02 10:00:00,2219,31.27,67.12,,,39.3,2024.0,4
2024-04-02 11:00:00,2220,32.22,60.62,,,29.55,2024.0,4
2024-04-02 12:00:00,2221,32.67,60.45,,,33.77,2024.0,4
2024-04-02 13:00:00,2222,32.48,60.19,,,31.28,2024.0,4
2024-04-02 14:00:00,2223,32.66,59.81,,,29.23,2024.0,4
2024-04-02 15:00:00,2224,30.02,71.28,,,54.41,2024.0,4
2024-04-02 16:00:00,2225,28.96,73.31,,,51.9,2024.0,4
2024-04-02 17:00:00,2226,26.11,86.04,,,17.19,2024.0,4
2024-04-02 18:00:00,2227,24.07,89.13,,,6.39,2024.0,4
2024-04-02 19:00:00,2228,23.54,89.95,,,6.27,2024.0,4
2024-04-02 20:00:00,2229,24.09,90.12,,,9.21,2024.0,4
2024-04-02 21:00:00,2230,24.59,87.87,,,7.95,2024.0,4
2024-04-02 22:00:00,2231,24.94,87.32,,,10.53,2024.0,4
2024-04-02 23:00:00,2232,24.34,92.11,,,14.09,2024.0,4
2024-04-03 00:00:00,2233,23.95,95.74,,,19.2,2024.0,4
2024-04-03 01:00:00,2234,23.82,96.04,,,16.44,2024.0,4
2024-04-03 02:00:00,2235,23.82,97.88,,,20.71,2024.0,4
2024-04-03 03:00:00,2236,23.98,97.59,,,17.91,2024.0,4
2024-04-03 04:00:00,2237,24.02,97.78,,,17.39,2024.0,4
2024-04-03 05:00:00,2238,23.99,98.13,,,18.82,2024.0,4
2024-04-03 06:00:00,2239,23.77,99.62,,,19.85,2024.0,4
2024-04-03 07:00:00,2240,25.85,89.86,,,13.42,2024.0,4
2024-04-03 08:00:00,2241,27.52,83.41,,,12.41,2024.0,4
2024-04-03 09:00:00,2242,27.74,82.41,,,11.44,2024.0,4
2024-04-03 10:00:00,2243,29.33,75.92,,,28.97,2024.0,4
2024-04-03 11:00:00,2244,30.97,69.55,,,28.1,2024.0,4
2024-04-03 12:00:00,2245,29.7,70.67,,,18.31,2024.0,4
2024-04-03 13:00:00,2246,29.8,69.86,,,18.24,2024.0,4
2024-04-03 14:00:00,2247,29.11,71.69,,,24.1,2024.0,4
2024-04-03 15:00:00,2248,28.27,76.69,,,32.12,2024.0,4
2024-04-03 16:00:00,2249,26.28,82.48,,,9.07,2024.0,4
2024-04-03 17:00:00,2250,25.04,89.58,,,10.09,2024.0,4
2024-04-03 18:00:00,2251,24.07,94.95,,,10.48,2024.0,4
2024-04-03 19:00:00,2252,24.12,94.96,,,11.15,2024.0,4
2024-04-03 20:00:00,2253,23.93,97.25,,,10.26,2024.0,4
2024-04-03 21:00:00,2254,23.2,98.83,,,4.54,2024.0,4
2024-04-03 22:00:00,2255,22.86,99.9,,,3.8,2024.0,4
2024-04-03 23:00:00,2256,22.99,99.87,,,5.86,2024.0,4
2024-04-04 00:00:00,2257,23.17,97.94,,,5.5,2024.0,4
2024-04-04 01:00:00,2258,23.11,97.82,,,6.82,2024.0,4
2024-04-04 02:00:00,2259,23.06,99.49,,,10.94,2024.0,4
2024-04-04 03:00:00,2260,23.01,99.84,,,10.12,2024.0,4
2024-04-04 04:00:00,2261,23.04,99.89,,,14.96,2024.0,4
2024-04-04 05:00:00,2262,22.94,99.9,,,12.46,2024.0,4
2024-04-04 06:00:00,2263,23.06,99.87,,,11.44,2024.0,4
2024-04-04 07:00:00,2264,24.93,93.13,,,11.43,2024.0,4
2024-04-04 08:00:00,2265,27.93,82.6,,,15.26,2024.0,4
2024-04-04 09:00:00,2266,29.61,75.82,,,40.72,2024.0,4
2024-04-04 10:00:00,2267,29.66,73.21,,,24.6,2024.0,4
2024-04-04 11:00:00,2268,30.51,69.96,,,20.69,2024.0,4
2024-04-04 12:00:00,2269,32.27,62.21,,,18.3,2024.0,4
2024-04-04 13:00:00,2270,31.98,63.19,,,24.52,2024.0,4
2024-04-04 14:00:00,2271,29.62,69.78,,,36.1,2024.0,4
2024-04-04 15:00:00,2272,28.29,75.8,,,41.59,2024.0,4
2024-04-04 16:00:00,2273,27.43,80.11,,,23.76,2024.0,4
2024-04-04 17:00:00,2274,26.26,87.31,,,,2024.0,4
2024-04-04 18:00:00,2275,25.12,91.81,,,,2024.0,4
2024-04-04 19:00:00,2276,24.76,89.59,,,,2024.0,4
2024-04-04 20:00:00,2277,24.6,90.66,,,,2024.0,4
2024-04-04 21:00:00,2278,24.61,92.29,,,,2024.0,4
2024-04-04 22:00:00,2279,24.7,92.51,,,,2024.0,4
2024-04-04 23:00:00,2280,24.77,92.29,,,,2024.0,4
2024-04-05 00:00:00,2281,24.62,93.49,,,,2024.0,4
2024-04-05 01:00:00,2282,23.96,96.43,,,18.65,2024.0,4
2024-04-05 02:00:00,2283,23.72,94.65,,,,2024.0,4
2024-04-05 03:00:00,2284,23.67,94.06,,,,2024.0,4
2024-04-05 04:00:00,2285,23.59,94.87,,,,2024.0,4
2024-04-05 05:00:00,2286,23.12,97.84,,,16.09,2024.0,4
2024-04-05 06:00:00,2287,23.18,98.15,,,22.1,2024.0,4
2024-04-05 07:00:00,2288,24.0,92.43,,,,2024.0,4
2024-04-05 08:00:00,2289,27.31,82.34,,,,2024.0,4
2024-04-05 09:00:00,2290,30.08,73.57,,,61.07,2024.0,4
2024-04-05 10:00:00,2291,30.52,69.05,,,55.77,2024.0,4
2024-04-05 11:00:00,2292,32.31,62.44,,,49.76,2024.0,4
2024-04-05 12:00:00,2293,31.97,62.69,,,56.37,2024.0,4
2024-04-05 13:00:00,2294,29.81,71.31,,,57.14,2024.0,4
2024-04-05 14:00:00,2295,28.99,74.4,,,48.23,2024.0,4
2024-04-05 15:00:00,2296,28.29,73.74,,,46.86,2024.0,4
2024-04-05 16:00:00,2297,28.71,75.61,,,51.92,2024.0,4
2024-04-05 17:00:00,2298,26.07,86.22,,,,2024.0,4
2024-04-05 18:00:00,2299,24.69,88.98,,,,2024.0,4
2024-04-05 19:00:00,2300,24.11,88.02,,,,2024.0,4
2024-04-05 20:00:00,2301,24.53,87.11,,,,2024.0,4
2024-04-05 21:00:00,2302,24.42,87.85,,,,2024.0,4
2024-04-05 22:00:00,2303,24.33,88.78,,,,2024.0,4
2024-04-05 23:00:00,2304,24.39,90.77,,,,2024.0,4
2024-04-06 00:00:00,2305,23.99,92.53,,,,2024.0,4
2024-04-06 01:00:00,2306,23.75,94.17,,,,2024.0,4
2024-04-06 02:00:00,2307,23.21,97.33,,,18.98,2024.0,4
2024-04-06 03:00:00,2308,23.13,96.99,,,21.19,2024.0,4
2024-04-06 04:00:00,2309,22.87,98.81,,,25.56,2024.0,4
2024-04-06 05:00:00,2310,22.79,98.77,,,20.87,2024.0,4
2024-04-06 06:00:00,2311,22.99,98.22,,,18.19,2024.0,4
2024-04-06 07:00:00,2312,25.29,89.91,,,,2024.0,4
2024-04-06 08:00:00,2313,27.59,80.77,,,26.3,2024.0,4
2024-04-06 09:00:00,2314,29.16,72.9,,,38.37,2024.0,4
2024-04-06 10:00:00,2315,31.23,67.23,,,40.76,2024.0,4
2024-04-06 11:00:00,2316,31.77,64.24,,,40.83,2024.0,4
2024-04-06 12:00:00,2317,29.91,69.33,,,52.1,2024.0,4
2024-04-06 13:00:00,2318,28.4,74.11,,,49.7,2024.0,4
2024-04-06 14:00:00,2319,31.11,65.8,,,47.41,2024.0,4
2024-04-06 15:00:00,2320,30.49,67.83,,,47.53,2024.0,4
2024-04-06 16:00:00,2321,26.4,83.13,,,,2024.0,4
2024-04-06 17:00:00,2322,26.14,84.2,,,,2024.0,4
2024-04-06 18:00:00,2323,25.97,86.45,,,,2024.0,4
2024-04-06 19:00:00,2324,26.27,85.09,,,,2024.0,4
2024-04-06 20:00:00,2325,25.63,92.26,,,17.82,2024.0,4
2024-04-06 21:00:00,2326,24.97,93.4,,,14.98,2024.0,4
2024-04-06 22:00:00,2327,24.66,92.9,,,13.78,2024.0,4
2024-04-06 23:00:00,2328,24.58,86.79,,,,2024.0,4
2024-04-07 00:00:00,2329,24.57,87.34,,,,2024.0,4
2024-04-07 01:00:00,2330,24.53,88.13,,,,2024.0,4
2024-04-07 02:00:00,2331,24.13,90.17,,,17.06,2024.0,4
2024-04-07 03:00:00,2332,23.91,89.29,,,9.92,2024.0,4
2024-04-07 04:00:00,2333,23.15,89.88,,,10.88,2024.0,4
2024-04-07 05:00:00,2334,22.47,90.51,,,12.45,2024.0,4
2024-04-07 06:00:00,2335,22.47,83.14,,,,2024.0,4
2024-04-07 07:00:00,2336,24.02,77.49,,,56.59,2024.0,4
2024-04-07 08:00:00,2337,26.88,76.76,,,,2024.0,4
2024-04-07 09:00:00,2338,29.5,71.15,,,,2024.0,4
2024-04-07 10:00:00,2339,31.39,59.66,,,43.52,2024.0,4
2024-04-07 11:00:00,2340,33.11,51.64,,,37.37,2024.0,4
2024-04-07 12:00:00,2341,33.64,50.44,,,46.66,2024.0,4
2024-04-07 13:00:00,2342,30.57,64.87,,,52.43,2024.0,4
2024-04-07 14:00:00,2343,30.86,62.94,,,49.93,2024.0,4
2024-04-07 15:00:00,2344,30.25,65.27,,,49.8,2024.0,4
2024-04-07 16:00:00,2345,29.44,64.75,,,44.21,2024.0,4
2024-04-07 17:00:00,2346,28.43,70.2,,,49.3,2024.0,4
2024-04-07 18:00:00,2347,27.33,80.16,,,,2024.0,4
2024-04-07 19:00:00,2348,26.65,76.47,,,36.08,2024.0,4
2024-04-07 20:00:00,2349,25.68,83.16,,,,2024.0,4
2024-04-07 21:00:00,2350,24.77,89.55,,,10.8,2024.0,4
2024-04-07 22:00:00,2351,24.52,87.63,,,9.1,2024.0,4
2024-04-07 23:00:00,2352,24.46,85.6,,,,2024.0,4
2024-04-08 00:00:00,2353,24.2,86.29,,,,2024.0,4
2024-04-08 01:00:00,2354,23.65,85.05,,,,2024.0,4
2024-04-08 02:00:00,2355,22.94,86.72,,,,2024.0,4
2024-04-08 03:00:00,2356,22.69,87.87,,,11.78,2024.0,4
2024-04-08 04:00:00,2357,22.11,88.23,,,,2024.0,4
2024-04-08 05:00:00,2358,21.84,91.21,,,12.75,2024.0,4
2024-04-08 06:00:00,2359,22.03,87.29,,,16.36,2024.0,4
2024-04-08 07:00:00,2360,24.22,85.03,,,,2024.0,4
2024-04-08 08:00:00,2361,27.5,77.32,,,,2024.0,4
2024-04-08 09:00:00,2362,29.11,73.09,,,,2024.0,4
2024-04-08 10:00:00,2363,29.47,70.89,,,46.55,2024.0,4
2024-04-08 11:00:00,2364,31.97,58.17,,,39.43,2024.0,4
2024-04-08 12:00:00,2365,32.27,55.68,,,44.97,2024.0,4
2024-04-08 13:00:00,2366,31.56,56.01,,,41.97,2024.0,4
2024-04-08 14:00:00,2367,29.89,58.78,,,32.93,2024.0,4
2024-04-08 15:00:00,2368,29.59,59.65,,,31.9,2024.0,4
2024-04-08 16:00:00,2369,28.53,68.91,,,38.83,2024.0,4
2024-04-08 17:00:00,2370,27.25,79.08,,,50.8,2024.0,4
2024-04-08 18:00:00,2371,26.48,82.13,,,,2024.0,4
2024-04-08 19:00:00,2372,26.05,79.92,,,,2024.0,4
2024-04-08 20:00:00,2373,25.96,80.1,,,,2024.0,4
2024-04-08 21:00:00,2374,25.43,83.89,,,,2024.0,4
2024-04-08 22:00:00,2375,25.1,88.87,,,,2024.0,4
2024-04-08 23:00:00,2376,24.72,93.07,,,18.96,2024.0,4
2024-04-09 00:00:00,2377,24.66,93.01,,,15.55,2024.0,4
2024-04-09 01:00:00,2378,23.87,95.87,,,7.85,2024.0,4
2024-04-09 02:00:00,2379,23.26,97.48,,,6.48,2024.0,4
2024-04-09 03:00:00,2380,23.57,96.79,,,8.2,2024.0,4
2024-04-09 04:00:00,2381,23.49,97.11,,,9.21,2024.0,4
2024-04-09 05:00:00,2382,23.64,95.88,,,9.2,2024.0,4
2024-04-09 06:00:00,2383,23.69,95.8,,,10.08,2024.0,4
2024-04-09 07:00:00,2384,22.45,99.77,,,9.16,2024.0,4
2024-04-09 08:00:00,2385,21.81,99.41,,,6.93,2024.0,4
2024-04-09 09:00:00,2386,22.52,95.62,,,6.43,2024.0,4
2024-04-09 10:00:00,2387,23.96,91.44,,,8.44,2024.0,4
2024-04-09 11:00:00,2388,25.4,85.94,,,,2024.0,4
2024-04-09 12:00:00,2389,25.86,84.95,,,,2024.0,4
2024-04-09 13:00:00,2390,26.66,81.61,,,,2024.0,4
2024-04-09 14:00:00,2391,28.32,72.57,,,31.59,2024.0,4
2024-04-09 15:00:00,2392,28.79,70.1,,,35.17,2024.0,4
2024-04-09 16:00:00,2393,27.84,74.59,,,39.76,2024.0,4
2024-04-09 17:00:00,2394,26.07,83.54,,,,2024.0,4
2024-04-09 18:00:00,2395,25.11,85.93,,,,2024.0,4
2024-04-09 19:00:00,2396,24.71,88.25,,,,2024.0,4
2024-04-09 20:00:00,2397,24.51,89.06,,,,2024.0,4
2024-04-09 21:00:00,2398,24.62,89.28,,,,2024.0,4
2024-04-09 22:00:00,2399,24.31,92.64,,,14.29,2024.0,4
2024-04-09 23:00:00,2400,23.98,94.41,,,15.48,2024.0,4
2024-04-10 00:00:00,2401,23.75,95.66,,,20.66,2024.0,4
2024-04-10 01:00:00,2402,23.44,97.18,,,25.75,2024.0,4
2024-04-10 02:00:00,2403,22.97,99.11,,,25.65,2024.0,4
2024-04-10 03:00:00,2404,22.87,99.66,,,24.47,2024.0,4
2024-04-10 04:00:00,2405,22.65,99.9,,,25.55,2024.0,4
2024-04-10 05:00:00,2406,22.49,99.9,,,25.93,2024.0,4
2024-04-10 06:00:00,2407,22.41,99.31,,,21.96,2024.0,4
2024-04-10 07:00:00,2408,24.27,91.94,,,20.61,2024.0,4
2024-04-10 08:00:00,2409,26.11,85.77,,,,2024.0,4
2024-04-10 09:00:00,2410,28.84,77.13,,,,2024.0,4
2024-04-10 10:00:00,2411,30.66,70.53,,,53.9,2024.0,4
2024-04-10 11:00:00,2412,32.41,62.98,,,46.97,2024.0,4
2024-04-10 12:00:00,2413,32.45,62.14,,,44.55,2024.0,4
2024-04-10 13:00:00,2414,27.88,76.13,,,38.34,2024.0,4
2024-04-10 14:00:00,2415,24.1,86.49,,,,2024.0,4
2024-04-10 15:00:00,2416,24.69,88.63,,,,2024.0,4
2024-04-10 16:00:00,2417,24.44,90.31,,,9.32,2024.0,4
2024-04-10 17:00:00,2418,24.14,92.89,,,9.96,2024.0,4
2024-04-10 18:00:00,2419,23.81,95.09,,,10.04,2024.0,4
2024-04-10 19:00:00,2420,23.65,97.55,,,10.69,2024.0,4
2024-04-10 20:00:00,2421,23.67,98.59,,,10.6,2024.0,4
2024-04-10 21:00:00,2422,23.43,98.14,,,8.48,2024.0,4
2024-04-10 22:00:00,2423,23.14,98.98,,,7.94,2024.0,4
2024-04-10 23:00:00,2424,23.11,98.84,,,8.5,2024.0,4
2024-04-11 00:00:00,2425,22.98,98.47,,,8.33,2024.0,4
2024-04-11 01:00:00,2426,22.78,99.39,,,10.26,2024.0,4
2024-04-11 02:00:00,2427,22.61,99.9,,,12.11,2024.0,4
2024-04-11 03:00:00,2428,22.48,99.9,,,10.53,2024.0,4
2024-04-11 04:00:00,2429,22.1,99.9,,,9.3,2024.0,4
2024-04-11 05:00:00,2430,22.23,99.9,,,9.16,2024.0,4
2024-04-11 06:00:00,2431,22.41,99.87,,,8.95,2024.0,4
2024-04-11 07:00:00,2432,24.2,94.53,,,8.99,2024.0,4
2024-04-11 08:00:00,2433,27.09,83.34,,,,2024.0,4
2024-04-11 09:00:00,2434,29.55,74.75,,,35.55,2024.0,4
2024-04-11 10:00:00,2435,30.84,67.43,,,15.62,2024.0,4
2024-04-11 11:00:00,2436,33.68,58.67,,,14.37,2024.0,4
2024-04-11 12:00:00,2437,32.37,62.62,,,28.59,2024.0,4
2024-04-11 13:00:00,2438,29.45,71.6,,,36.93,2024.0,4
2024-04-11 14:00:00,2439,26.33,80.18,,,,2024.0,4
2024-04-11 15:00:00,2440,24.75,81.13,,,,2024.0,4
2024-04-11 16:00:00,2441,24.75,87.37,,,5.89,2024.0,4
2024-04-11 17:00:00,2442,25.01,86.19,,,6.48,2024.0,4
2024-04-11 18:00:00,2443,24.65,88.24,,,7.09,2024.0,4
2024-04-11 19:00:00,2444,24.8,91.6,,,8.11,2024.0,4
2024-04-11 20:00:00,2445,24.13,95.28,,,7.52,2024.0,4
2024-04-11 21:00:00,2446,23.1,98.87,,,4.95,2024.0,4
2024-04-11 22:00:00,2447,22.64,99.54,,,2.67,2024.0,4
2024-04-11 23:00:00,2448,22.74,99.68,,,1.76,2024.0,4
2024-04-12 00:00:00,2449,22.66,99.9,,,1.8,2024.0,4
2024-04-20 14:00:00,2655,26.9,78.33,,,33.48,2024.0,4
2024-04-20 15:00:00,2656,26.29,80.13,,,26.08,2024.0,4
2024-04-20 16:00:00,2657,24.93,87.32,,,,2024.0,4
2024-04-20 17:00:00,2658,24.98,87.68,,,,2024.0,4
2024-04-20 18:00:00,2659,25.37,86.72,,,,2024.0,4
2024-04-20 19:00:00,2660,25.52,85.54,,,,2024.0,4
2024-04-20 20:00:00,2661,24.96,87.12,,,,2024.0,4
2024-04-20 21:00:00,2662,24.63,89.27,,,,2024.0,4
2024-04-20 22:00:00,2663,24.51,90.32,,,,2024.0,4
2024-04-20 23:00:00,2664,24.26,91.77,,,,2024.0,4
2024-04-21 00:00:00,2665,24.33,91.49,,,,2024.0,4
2024-04-21 01:00:00,2666,23.77,93.04,,,16.36,2024.0,4
2024-04-21 02:00:00,2667,23.66,94.16,,,18.25,2024.0,4
2024-04-21 03:00:00,2668,23.42,95.35,,,22.87,2024.0,4
2024-04-21 04:00:00,2669,23.56,94.3,,,21.17,2024.0,4
2024-04-21 05:00:00,2670,23.47,95.3,,,23.01,2024.0,4
2024-04-21 06:00:00,2671,23.61,94.4,,,21.24,2024.0,4
2024-04-21 07:00:00,2672,25.53,88.25,,,,2024.0,4
2024-04-21 08:00:00,2673,26.68,83.1,,,24.12,2024.0,4
2024-04-21 09:00:00,2674,28.67,74.65,,,43.45,2024.0,4
2024-04-21 10:00:00,2675,29.12,72.91,,,46.7,2024.0,4
2024-04-21 11:00:00,2676,30.78,67.51,,,32.83,2024.0,4
2024-04-21 12:00:00,2677,32.91,59.47,,,15.37,2024.0,4
2024-04-21 13:00:00,2678,32.07,59.96,,,20.03,2024.0,4
2024-04-21 14:00:00,2679,28.39,71.8,,,,2024.0,4
2024-04-21 15:00:00,2680,24.59,85.29,,,,2024.0,4
2024-04-21 16:00:00,2681,24.49,89.35,,,5.7,2024.0,4
2024-04-21 17:00:00,2682,23.52,93.33,,,7.49,2024.0,4
2024-04-21 18:00:00,2683,23.15,96.3,,,7.54,2024.0,4
2024-04-21 19:00:00,2684,23.15,96.93,,,7.4,2024.0,4
2024-04-21 20:00:00,2685,23.61,96.23,,,7.9,2024.0,4
2024-04-21 21:00:00,2686,23.38,97.16,,,9.91,2024.0,4
2024-04-21 22:00:00,2687,23.67,97.35,,96.93,11.71,2024.0,4
2024-04-21 23:00:00,2688,23.61,97.77,,,10.7,2024.0,4
2024-04-22 00:00:00,2689,23.39,98.96,,,13.04,2024.0,4
2024-04-22 01:00:00,2690,23.1,99.59,,,13.86,2024.0,4
2024-04-22 02:00:00,2691,23.05,99.77,,,14.09,2024.0,4
2024-04-22 03:00:00,2692,22.9,99.33,,,10.86,2024.0,4
2024-04-22 04:00:00,2693,22.9,98.39,,,10.56,2024.0,4
2024-04-22 05:00:00,2694,22.75,98.19,,,10.54,2024.0,4
2024-04-22 06:00:00,2695,22.85,98.22,,,10.7,2024.0,4
2024-04-22 07:00:00,2696,24.2,92.43,,,12.04,2024.0,4
2024-04-22 08:00:00,2697,27.68,80.81,,,30.16,2024.0,4
2024-04-22 09:00:00,2698,29.55,74.16,,,47.38,2024.0,4
2024-04-22 10:00:00,2699,30.93,69.71,,,42.0,2024.0,4
2024-04-22 11:00:00,2700,31.94,64.72,,,36.34,2024.0,4
2024-04-22 12:00:00,2701,29.28,74.17,,,51.52,2024.0,4
2024-04-22 13:00:00,2702,27.66,80.79,,,,2024.0,4
2024-04-22 14:00:00,2703,27.55,79.0,,,,2024.0,4
2024-04-22 15:00:00,2704,26.89,80.22,,,,2024.0,4
2024-04-22 16:00:00,2705,27.81,79.44,,,43.22,2024.0,4
2024-04-22 17:00:00,2706,26.84,84.28,,,,2024.0,4
2024-04-22 18:00:00,2707,26.19,85.79,,,,2024.0,4
2024-04-22 19:00:00,2708,26.23,86.16,,,,2024.0,4
2024-04-22 20:00:00,2709,25.96,87.23,,,15.05,2024.0,4
2024-04-22 21:00:00,2710,25.8,89.08,,,17.97,2024.0,4
2024-04-22 22:00:00,2711,25.28,91.57,,,22.58,2024.0,4
2024-04-22 23:00:00,2712,25.19,92.34,,,22.47,2024.0,4
2024-04-23 00:00:00,2713,25.15,91.96,,,19.3,2024.0,4
2024-04-23 01:00:00,2714,24.85,92.71,,,17.38,2024.0,4
2024-04-23 02:00:00,2715,24.67,93.16,,,18.86,2024.0,4
2024-04-23 03:00:00,2716,24.44,94.41,,,22.2,2024.0,4
2024-04-23 04:00:00,2717,24.12,95.12,,,15.77,2024.0,4
2024-04-23 05:00:00,2718,23.96,94.96,,,11.49,2024.0,4
2024-04-23 06:00:00,2719,23.83,96.13,,,12.98,2024.0,4
2024-04-23 07:00:00,2720,25.5,92.5,,,16.02,2024.0,4
2024-04-23 08:00:00,2721,28.52,81.22,,,,2024.0,4
2024-04-23 09:00:00,2722,31.02,72.36,,,46.59,2024.0,4
2024-04-23 10:00:00,2723,31.22,68.95,,,34.8,2024.0,4
2024-04-23 11:00:00,2724,26.91,80.03,,,16.62,2024.0,4
2024-04-23 12:00:00,2725,28.2,76.97,,,26.73,2024.0,4
2024-04-23 13:00:00,2726,26.15,85.41,,,11.02,2024.0,4
2024-04-23 14:00:00,2727,25.48,85.66,,,10.49,2024.0,4
2024-04-23 15:00:00,2728,25.65,85.14,,,9.12,2024.0,4
2024-04-23 16:00:00,2729,27.18,80.08,,,23.53,2024.0,4
2024-04-23 17:00:00,2730,26.69,82.22,,,19.33,2024.0,4
2024-04-23 18:00:00,2731,24.89,89.44,,,10.67,2024.0,4
2024-04-23 19:00:00,2732,24.77,92.19,,,12.88,2024.0,4
2024-04-23 20:00:00,2733,24.93,92.7,,,18.34,2024.0,4
2024-04-23 21:00:00,2734,24.97,93.19,,,22.72,2024.0,4
2024-04-23 22:00:00,2735,24.52,94.11,,,18.71,2024.0,4
2024-04-23 23:00:00,2736,24.49,93.8,,,21.51,2024.0,4
2024-04-24 00:00:00,2737,24.43,94.45,,,23.69,2024.0,4
2024-04-24 01:00:00,2738,23.57,97.23,,,18.25,2024.0,4
2024-04-24 02:00:00,2739,23.16,97.36,,,15.21,2024.0,4
2024-04-24 03:00:00,2740,23.28,97.01,,,17.43,2024.0,4
2024-04-24 04:00:00,2741,23.39,96.38,,,17.62,2024.0,4
2024-04-24 05:00:00,2742,23.55,96.29,,,16.7,2024.0,4
2024-04-24 06:00:00,2743,23.45,97.51,,,19.02,2024.0,4
2024-04-24 07:00:00,2744,24.75,92.89,,,22.76,2024.0,4
2024-04-24 08:00:00,2745,27.16,84.69,,,26.01,2024.0,4
2024-04-24 09:00:00,2746,29.57,76.94,,,,2024.0,4
2024-04-24 10:00:00,2747,31.13,70.87,,,,2024.0,4
2024-04-24 11:00:00,2748,32.63,63.44,,,43.0,2024.0,4
2024-04-24 12:00:00,2749,32.06,64.47,,,40.93,2024.0,4
2024-04-24 13:00:00,2750,28.97,74.22,,,32.49,2024.0,4
2024-04-24 14:00:00,2751,23.8,82.4,,,8.18,2024.0,4
2024-04-24 15:00:00,2752,25.23,79.28,,,21.24,2024.0,4
2024-04-24 16:00:00,2753,25.93,85.25,,,14.52,2024.0,4
2024-04-24 17:00:00,2754,25.62,87.9,,,13.55,2024.0,4
2024-04-24 18:00:00,2755,25.82,88.45,,,12.98,2024.0,4
2024-04-24 19:00:00,2756,25.8,89.96,,,,2024.0,4
2024-04-24 20:00:00,2757,25.57,90.76,,,21.49,2024.0,4
2024-04-24 21:00:00,2758,25.5,91.62,,,21.55,2024.0,4
2024-04-25 00:00:00,2761,24.61,94.82,,,18.91,2024.0,4
2024-04-25 01:00:00,2762,24.65,95.26,,,20.76,2024.0,4
2024-04-25 02:00:00,2763,24.44,96.86,,,21.08,2024.0,4
2024-04-25 03:00:00,2764,24.35,96.53,,,16.71,2024.0,4
2024-04-25 04:00:00,2765,24.0,98.73,,,20.14,2024.0,4
2024-04-25 05:00:00,2766,24.15,97.88,,,20.2,2024.0,4
2024-04-25 06:00:00,2767,24.21,98.23,,,16.92,2024.0,4
2024-04-25 07:00:00,2768,24.76,96.35,,,18.38,2024.0,4
2024-04-25 08:00:00,2769,24.75,95.97,,,13.63,2024.0,4
2024-04-25 09:00:00,2770,25.34,93.37,,,11.62,2024.0,4
2024-04-25 10:00:00,2771,27.89,83.85,,,13.78,2024.0,4
2024-04-25 11:00:00,2772,30.59,75.08,,,54.58,2024.0,4
2024-04-25 12:00:00,2773,31.14,71.8,,,58.14,2024.0,4
2024-04-25 13:00:00,2774,29.74,74.61,,,49.4,2024.0,4
2024-04-25 14:00:00,2775,28.92,78.23,,,43.91,2024.0,4
2024-04-25 15:00:00,2776,27.81,79.14,,,37.74,2024.0,4
2024-04-25 16:00:00,2777,27.25,81.81,,,18.11,2024.0,4
2024-04-25 17:00:00,2778,26.3,86.94,,,9.06,2024.0,4
2024-04-25 18:00:00,2779,23.54,94.06,,,5.66,2024.0,4
2024-04-25 19:00:00,2780,22.22,96.81,,,2.75,2024.0,4
2024-04-25 20:00:00,2781,22.84,97.22,,,5.14,2024.0,4
2024-04-25 21:00:00,2782,22.9,97.84,,,7.54,2024.0,4
2024-04-25 22:00:00,2783,22.81,99.15,,,8.38,2024.0,4
2024-04-25 23:00:00,2784,23.0,98.6,,,8.88,2024.0,4
2024-04-26 00:00:00,2785,23.46,96.76,,,8.49,2024.0,4
2024-04-26 01:00:00,2786,23.24,98.33,,,9.72,2024.0,4
2024-04-26 02:00:00,2787,23.1,98.87,,,10.14,2024.0,4
2024-04-26 03:00:00,2788,23.14,98.97,,,10.98,2024.0,4
2024-04-26 04:00:00,2789,23.14,98.13,,,10.85,2024.0,4
2024-04-26 05:00:00,2790,22.86,99.67,,,12.14,2024.0,4
2024-04-26 06:00:00,2791,22.89,99.61,,,14.24,2024.0,4
2024-04-26 07:00:00,2792,24.01,95.98,,,15.05,2024.0,4
2024-04-26 08:00:00,2793,27.37,85.03,,,,2024.0,4
2024-04-26 09:00:00,2794,29.88,76.73,,,38.17,2024.0,4
2024-04-26 10:00:00,2795,30.79,70.83,,,37.9,2024.0,4
2024-04-26 11:00:00,2796,31.41,69.02,,,35.0,2024.0,4
2024-04-26 12:00:00,2797,29.4,71.38,,,24.07,2024.0,4
2024-04-26 13:00:00,2798,26.54,84.48,,,,2024.0,4
2024-04-26 14:00:00,2799,26.0,88.53,,,,2024.0,4
2024-04-26 15:00:00,2800,26.34,87.29,,,,2024.0,4
2024-04-26 16:00:00,2801,25.93,89.26,,,,2024.0,4
2024-04-26 17:00:00,2802,25.55,90.78,,,,2024.0,4
2024-04-26 18:00:00,2803,25.08,94.18,,,,2024.0,4
2024-04-26 19:00:00,2804,25.09,95.54,,,14.47,2024.0,4
2024-04-26 20:00:00,2805,25.47,93.84,,,,2024.0,4
2024-04-26 21:00:00,2806,25.01,93.12,,,,2024.0,4
2024-04-26 22:00:00,2807,24.57,89.87,,,,2024.0,4
2024-04-26 23:00:00,2808,24.57,85.19,,,,2024.0,4
2024-04-27 00:00:00,2809,24.2,86.46,,,,2024.0,4
2024-04-27 01:00:00,2810,23.91,89.3,,,,2024.0,4
2024-04-27 02:00:00,2811,23.69,91.14,,,,2024.0,4
2024-04-27 03:00:00,2812,23.64,92.16,,,,2024.0,4
2024-04-27 04:00:00,2813,23.0,95.48,,,11.24,2024.0,4
2024-04-27 05:00:00,2814,23.27,94.53,,,,2024.0,4
2024-04-27 06:00:00,2815,23.3,95.47,,,,2024.0,4
2024-04-27 07:00:00,2816,24.96,90.11,,,,2024.0,4
2024-04-27 08:00:00,2817,27.05,81.86,,,19.63,2024.0,4
2024-04-27 09:00:00,2818,28.6,76.18,,,37.47,2024.0,4
2024-04-27 10:00:00,2819,29.21,72.89,,,21.79,2024.0,4
2024-04-27 11:00:00,2820,29.17,71.39,,,7.63,2024.0,4
2024-04-27 12:00:00,2821,30.19,67.78,,,8.28,2024.0,4
2024-04-27 13:00:00,2822,27.95,77.13,,,12.02,2024.0,4
2024-04-27 14:00:00,2823,26.65,83.42,,,6.3,2024.0,4
2024-04-27 15:00:00,2824,26.55,83.51,,,6.83,2024.0,4
2024-04-27 16:00:00,2825,26.41,83.12,,,7.16,2024.0,4
2024-04-27 17:00:00,2826,26.4,81.17,,,6.86,2024.0,4
2024-04-27 18:00:00,2827,26.05,83.9,,,8.61,2024.0,4
2024-04-27 19:00:00,2828,25.63,87.21,,,,2024.0,4
2024-04-27 20:00:00,2829,25.29,90.38,,,,2024.0,4
2024-04-27 21:00:00,2830,24.98,92.09,,,,2024.0,4
2024-04-27 22:00:00,2831,24.85,92.17,,,,2024.0,4
2024-04-27 23:00:00,2832,24.15,92.8,,,,2024.0,4
2024-04-28 00:00:00,2833,24.17,92.08,,,,2024.0,4
2024-04-28 01:00:00,2834,24.34,91.57,,,,2024.0,4
2024-04-28 02:00:00,2835,23.95,94.56,,,21.1,2024.0,4
2024-04-28 03:00:00,2836,23.56,94.75,,,22.05,2024.0,4
2024-04-28 04:00:00,2837,23.43,95.47,,,20.5,2024.0,4
2024-04-28 05:00:00,2838,23.41,96.25,,,23.9,2024.0,4
2024-04-28 06:00:00,2839,23.49,97.01,,,27.44,2024.0,4
2024-04-28 07:00:00,2840,25.83,88.82,,,,2024.0,4
2024-04-28 08:00:00,2841,28.39,80.32,,,,2024.0,4
2024-04-28 09:00:00,2842,29.52,75.12,,,,2024.0,4
2024-04-28 10:00:00,2843,30.42,70.08,,,43.57,2024.0,4
2024-04-28 11:00:00,2844,31.56,63.19,,,25.38,2024.0,4
2024-04-28 12:00:00,2845,31.95,60.45,,,22.66,2024.0,4
2024-04-28 13:00:00,2846,32.51,59.66,,,25.14,2024.0,4
2024-04-28 14:00:00,2847,29.25,72.61,,,45.93,2024.0,4
2024-04-28 15:00:00,2848,27.42,75.71,,,41.21,2024.0,4
2024-04-28 16:00:00,2849,27.06,77.9,,,35.0,2024.0,4
2024-04-28 17:00:00,2850,26.44,81.93,,,9.38,2024.0,4
2024-04-28 18:00:00,2851,26.16,84.68,,,10.54,2024.0,4
2024-04-28 19:00:00,2852,26.27,84.76,,,,2024.0,4
2024-04-28 20:00:00,2853,25.14,89.1,,,,2024.0,4
2024-04-28 21:00:00,2854,24.89,88.41,,,,2024.0,4
2024-04-28 22:00:00,2855,24.95,89.02,,,,2024.0,4
2024-04-28 23:00:00,2856,24.83,90.38,,,,2024.0,4
2024-04-29 00:00:00,2857,24.69,90.88,,,,2024.0,4
2024-04-29 01:00:00,2858,24.05,93.17,,,,2024.0,4
2024-04-29 02:00:00,2859,23.48,96.28,,,12.67,2024.0,4
2024-04-29 03:00:00,2860,23.26,97.52,,,13.1,2024.0,4
2024-04-29 04:00:00,2861,23.35,95.7,,,11.4,2024.0,4
2024-04-29 05:00:00,2862,23.6,93.74,,,10.01,2024.0,4
2024-04-29 06:00:00,2863,23.82,92.53,,,,2024.0,4
2024-04-29 07:00:00,2864,26.26,85.41,,,,2024.0,4
2024-04-29 08:00:00,2865,27.61,80.29,,,22.88,2024.0,4
2024-04-29 09:00:00,2866,28.1,76.9,,,38.17,2024.0,4
2024-04-29 10:00:00,2867,29.81,71.35,,,37.33,2024.0,4
2024-04-29 11:00:00,2868,31.02,66.13,,,33.27,2024.0,4
2024-04-29 12:00:00,2869,32.77,60.5,,,34.14,2024.0,4
2024-04-29 13:00:00,2870,32.15,62.72,,,34.07,2024.0,4
2024-04-29 14:00:00,2871,32.05,61.32,,,36.07,2024.0,4
2024-04-29 15:00:00,2872,31.92,66.22,,,44.63,2024.0,4
2024-04-29 16:00:00,2873,30.67,71.71,,,47.24,2024.0,4
2024-04-29 17:00:00,2874,29.2,76.17,,,47.73,2024.0,4
2024-04-29 18:00:00,2875,27.97,81.16,,,21.11,2024.0,4
2024-04-29 19:00:00,2876,26.87,83.39,,,11.27,2024.0,4
2024-04-29 20:00:00,2877,26.31,84.99,,,11.6,2024.0,4
2024-04-29 21:00:00,2878,25.68,88.31,,,13.34,2024.0,4
2024-04-29 22:00:00,2879,24.88,91.68,,,14.06,2024.0,4
2024-04-29 23:00:00,2880,24.3,92.91,,,12.17,2024.0,4
2024-04-30 00:00:00,2881,24.19,90.84,,,10.49,2024.0,4
2024-04-30 01:00:00,2882,24.18,91.43,,,10.81,2024.0,4
2024-04-30 02:00:00,2883,23.71,93.03,,,12.09,2024.0,4
2024-04-30 03:00:00,2884,23.46,92.87,,,12.9,2024.0,4
2024-04-30 04:00:00,2885,23.27,93.74,,,12.4,2024.0,4
2024-04-30 05:00:00,2886,23.34,95.74,,,19.08,2024.0,4
2024-04-30 06:00:00,2887,23.56,94.96,,,16.18,2024.0,4
2024-04-30 07:00:00,2888,26.37,84.92,,,21.55,2024.0,4
2024-04-30 08:00:00,2889,28.77,75.76,,,56.14,2024.0,4
2024-04-30 09:00:00,2890,30.42,71.16,,,,2024.0,4
2024-04-30 10:00:00,2891,31.77,66.39,,,58.29,2024.0,4
2024-04-30 11:00:00,2892,32.29,63.77,,,54.83,2024.0,4
2024-04-30 12:00:00,2893,30.46,69.47,,,,2024.0,4
2024-04-30 13:00:00,2894,31.13,68.28,,,,2024.0,4
2024-04-30 14:00:00,2895,25.86,86.33,,,14.59,2024.0,4
2024-04-30 15:00:00,2896,27.23,81.57,,,21.35,2024.0,4
2024-04-30 16:00:00,2897,29.6,76.3,,,57.83,2024.0,4
2024-04-30 17:00:00,2898,28.94,76.31,,,59.7,2024.0,4
2024-04-30 18:00:00,2899,26.83,85.73,,,13.65,2024.0,4
2024-04-30 19:00:00,2900,25.96,90.94,,,14.12,2024.0,4
2024-04-30 20:00:00,2901,24.83,93.46,,,8.69,2024.0,4
2024-04-30 21:00:00,2902,24.73,93.2,,,10.81,2024.0,4
2024-04-30 22:00:00,2903,24.66,94.0,,,12.4,2024.0,4
2024-04-30 23:00:00,2904,24.93,93.62,,,15.22,2024.0,4
2024-05-01 00:00:00,2905,24.89,92.96,,,11.96,2024.0,5
2024-05-01 01:00:00,2906,24.07,93.29,,,9.03,2024.0,5
2024-05-01 02:00:00,2907,23.67,96.06,,,14.45,2024.0,5
2024-05-01 03:00:00,2908,23.6,96.96,,,15.58,2024.0,5
2024-05-01 04:00:00,2909,23.79,93.86,,,11.47,2024.0,5
2024-05-01 05:00:00,2910,23.78,94.34,,,12.13,2024.0,5
2024-05-01 06:00:00,2911,23.91,92.4,,,11.88,2024.0,5
2024-05-01 07:00:00,2912,25.64,88.82,,,15.39,2024.0,5
2024-05-01 08:00:00,2913,27.31,82.59,,,16.24,2024.0,5
2024-05-01 09:00:00,2914,28.32,78.36,,,50.41,2024.0,5
2024-05-01 10:00:00,2915,28.77,75.22,,,38.97,2024.0,5
2024-05-01 11:00:00,2916,29.61,71.07,,,38.0,2024.0,5
2024-05-01 12:00:00,2917,29.98,70.3,,,37.33,2024.0,5
2024-05-01 13:00:00,2918,29.22,74.54,,,46.0,2024.0,5
2024-05-01 14:00:00,2919,31.05,70.06,,,47.0,2024.0,5
2024-05-01 15:00:00,2920,31.37,68.69,,,44.59,2024.0,5
2024-05-01 16:00:00,2921,30.75,72.19,,,47.9,2024.0,5
2024-05-01 17:00:00,2922,27.26,84.87,,,13.47,2024.0,5
2024-05-01 18:00:00,2923,26.44,87.91,,,14.74,2024.0,5
2024-05-01 19:00:00,2924,26.39,88.92,,,15.52,2024.0,5
2024-05-01 20:00:00,2925,26.31,90.06,,,17.73,2024.0,5
2024-05-01 21:00:00,2926,25.78,89.61,,,14.47,2024.0,5
2024-05-01 22:00:00,2927,24.75,87.22,,,6.87,2024.0,5
2024-05-01 23:00:00,2928,24.22,88.3,,,5.55,2024.0,5
2024-05-02 00:00:00,2929,24.17,88.46,,,6.61,2024.0,5
2024-05-02 01:00:00,2930,24.14,88.92,,,8.21,2024.0,5
2024-05-02 02:00:00,2931,24.24,88.53,,,8.09,2024.0,5
2024-05-02 03:00:00,2932,23.98,88.85,,,7.0,2024.0,5
2024-05-02 04:00:00,2933,23.73,90.05,,,8.19,2024.0,5
2024-05-02 05:00:00,2934,23.25,92.23,,,10.02,2024.0,5
2024-05-02 06:00:00,2935,23.11,94.05,,,14.13,2024.0,5
2024-05-02 07:00:00,2936,24.56,91.24,,,15.08,2024.0,5
2024-05-02 08:00:00,2937,27.13,80.98,,,24.08,2024.0,5
2024-05-02 09:00:00,2938,30.52,70.52,,,47.62,2024.0,5
2024-05-02 10:00:00,2939,31.63,65.81,,,49.41,2024.0,5
2024-05-02 11:00:00,2940,31.55,64.84,,,46.27,2024.0,5
2024-05-02 12:00:00,2941,31.9,64.13,,,45.52,2024.0,5
2024-05-02 13:00:00,2942,31.82,64.15,,,45.4,2024.0,5
2024-05-02 14:00:00,2943,30.98,66.8,,,45.17,2024.0,5
2024-05-02 15:00:00,2944,30.76,65.68,,,47.93,2024.0,5
2024-05-02 16:00:00,2945,29.29,70.88,,,50.55,2024.0,5
2024-05-02 17:00:00,2946,28.14,74.23,,,60.77,2024.0,5
2024-05-02 18:00:00,2947,27.18,80.38,,,27.17,2024.0,5
2024-05-02 19:00:00,2948,26.6,81.23,,,15.23,2024.0,5
2024-05-02 20:00:00,2949,26.0,82.71,,,14.65,2024.0,5
2024-05-02 21:00:00,2950,25.27,85.54,,,13.65,2024.0,5
2024-05-02 22:00:00,2951,24.47,88.11,,,10.37,2024.0,5
2024-05-02 23:00:00,2952,24.41,86.63,,,9.74,2024.0,5
2024-05-03 00:00:00,2953,24.19,87.54,,,10.01,2024.0,5
2024-05-03 01:00:00,2954,24.02,88.14,,,12.24,2024.0,5
2024-05-03 02:00:00,2955,23.69,88.66,,,10.66,2024.0,5
2024-05-03 03:00:00,2956,23.68,89.49,,,11.57,2024.0,5
2024-05-03 04:00:00,2957,23.5,92.67,,,20.87,2024.0,5
2024-05-03 05:00:00,2958,23.26,93.73,,,21.08,2024.0,5
2024-05-03 06:00:00,2959,23.74,91.04,,,17.34,2024.0,5
2024-05-03 07:00:00,2960,25.96,84.24,,,17.13,2024.0,5
2024-05-03 08:00:00,2961,27.63,77.44,,,46.27,2024.0,5
2024-05-03 09:00:00,2962,29.64,70.53,,,40.1,2024.0,5
2024-05-03 10:00:00,2963,30.44,67.29,,,42.14,2024.0,5
2024-05-03 11:00:00,2964,31.04,63.35,,,38.63,2024.0,5
2024-05-03 12:00:00,2965,32.37,60.51,,,38.79,2024.0,5
2024-05-03 13:00:00,2966,31.48,63.01,,,38.97,2024.0,5
2024-05-03 14:00:00,2967,30.79,63.96,,,39.97,2024.0,5
2024-05-03 15:00:00,2968,30.61,63.41,,,39.5,2024.0,5
2024-05-03 16:00:00,2969,29.33,67.51,,,42.17,2024.0,5
2024-05-03 17:00:00,2970,28.16,73.18,,,45.4,2024.0,5
2024-05-03 18:00:00,2971,27.07,77.36,,,47.72,2024.0,5
2024-05-03 19:00:00,2972,26.31,80.92,,,30.08,2024.0,5
2024-05-03 20:00:00,2973,25.68,84.33,,,14.26,2024.0,5
2024-05-03 21:00:00,2974,25.09,86.29,,,14.56,2024.0,5
2024-05-03 22:00:00,2975,24.79,86.98,,,17.48,2024.0,5
2024-05-03 23:00:00,2976,24.13,88.44,,,16.57,2024.0,5
2024-05-04 00:00:00,2977,23.8,89.54,,,11.37,2024.0,5
2024-05-04 01:00:00,2978,23.44,90.64,,,10.59,2024.0,5
2024-05-04 02:00:00,2979,23.26,90.92,,,10.18,2024.0,5
2024-05-04 03:00:00,2980,23.05,90.01,,,8.94,2024.0,5
2024-05-04 04:00:00,2981,22.79,89.87,,,9.94,2024.0,5
2024-05-04 05:00:00,2982,22.98,89.18,,,10.29,2024.0,5
2024-05-04 06:00:00,2983,23.35,88.25,,,10.73,2024.0,5
2024-05-04 07:00:00,2984,25.31,82.29,,,13.49,2024.0,5
2024-05-04 08:00:00,2985,27.82,74.9,,,59.84,2024.0,5
2024-05-04 09:00:00,2986,29.55,67.3,,,51.79,2024.0,5
2024-05-04 10:00:00,2987,30.91,63.73,,,46.8,2024.0,5
2024-05-04 11:00:00,2988,33.26,56.69,,,47.48,2024.0,5
2024-05-04 12:00:00,2989,33.93,54.38,,,45.27,2024.0,5
2024-05-04 13:00:00,2990,32.9,55.42,,,48.38,2024.0,5
2024-05-04 14:00:00,2991,27.01,75.39,,,40.09,2024.0,5
2024-05-08 15:00:00,3088,27.62,72.88,,,71.79,2024.0,5
2024-05-08 16:00:00,3089,27.14,76.24,,,67.66,2024.0,5
2024-05-08 17:00:00,3090,25.83,80.87,,,14.48,2024.0,5
2024-05-08 18:00:00,3091,26.36,78.16,,,58.98,2024.0,5
2024-05-08 19:00:00,3092,26.06,83.85,,,24.42,2024.0,5
2024-05-08 20:00:00,3093,25.31,87.31,,,24.24,2024.0,5
2024-05-08 21:00:00,3094,24.63,88.9,,,19.59,2024.0,5
2024-05-08 22:00:00,3095,24.03,91.68,,,18.16,2024.0,5
2024-05-08 23:00:00,3096,24.36,92.16,,,22.73,2024.0,5
2024-05-09 00:00:00,3097,24.26,91.22,,,22.14,2024.0,5
2024-05-09 01:00:00,3098,23.85,90.97,,,18.42,2024.0,5
2024-05-09 02:00:00,3099,23.31,92.64,,,19.32,2024.0,5
2024-05-09 03:00:00,3100,23.15,93.45,,,20.37,2024.0,5
2024-05-09 04:00:00,3101,23.03,94.18,,,23.23,2024.0,5
2024-05-09 05:00:00,3102,22.51,95.96,,,26.85,2024.0,5
2024-05-09 06:00:00,3103,22.53,94.9,,,27.37,2024.0,5
2024-05-09 07:00:00,3104,24.68,87.49,,,27.04,2024.0,5
2024-05-09 08:00:00,3105,27.59,78.07,,,,2024.0,5
2024-05-09 09:00:00,3106,29.07,72.58,,,88.6,2024.0,5
2024-05-09 10:00:00,3107,30.68,67.44,,,90.59,2024.0,5
2024-05-09 11:00:00,3108,30.98,62.29,,,52.9,2024.0,5
2024-05-09 12:00:00,3109,30.99,60.2,,,48.38,2024.0,5
2024-05-09 13:00:00,3110,29.85,68.27,,,81.67,2024.0,5
2024-05-09 14:00:00,3111,28.8,69.27,,,52.59,2024.0,5
2024-05-09 15:00:00,3112,27.03,74.88,,,52.2,2024.0,5
2024-05-09 16:00:00,3113,26.3,80.11,,,32.35,2024.0,5
2024-05-09 17:00:00,3114,25.98,85.15,,,20.81,2024.0,5
2024-05-09 18:00:00,3115,25.73,86.28,,,18.14,2024.0,5
2024-05-09 19:00:00,3116,25.51,86.19,,,18.16,2024.0,5
2024-05-09 20:00:00,3117,25.21,86.07,,,17.49,2024.0,5
2024-05-09 21:00:00,3118,24.97,85.67,,,13.21,2024.0,5
2024-05-09 22:00:00,3119,25.06,85.95,,,13.47,2024.0,5
2024-05-09 23:00:00,3120,24.53,88.04,,,16.19,2024.0,5
2024-05-10 00:00:00,3121,24.24,88.72,,,16.44,2024.0,5
2024-05-10 01:00:00,3122,23.92,92.36,,,23.19,2024.0,5
2024-05-10 02:00:00,3123,23.5,93.81,,,24.13,2024.0,5
2024-05-10 03:00:00,3124,23.52,94.21,,,22.5,2024.0,5
2024-05-10 04:00:00,3125,23.19,94.68,,,23.51,2024.0,5
2024-05-10 05:00:00,3126,22.87,94.77,,,25.46,2024.0,5
2024-05-10 06:00:00,3127,22.92,94.81,,,26.01,2024.0,5
2024-05-10 07:00:00,3128,24.62,89.56,,,27.57,2024.0,5
2024-05-10 08:00:00,3129,26.88,81.55,,,31.0,2024.0,5
2024-05-10 09:00:00,3130,28.3,76.13,,,75.03,2024.0,5
2024-05-10 10:00:00,3131,29.56,68.74,,,48.28,2024.0,5
2024-05-10 11:00:00,3132,30.95,64.6,,,48.33,2024.0,5
2024-05-10 12:00:00,3133,31.52,60.2,,,44.45,2024.0,5
2024-05-10 13:00:00,3134,32.1,59.04,,,44.21,2024.0,5
2024-05-10 14:00:00,3135,31.0,62.74,,,46.97,2024.0,5
2024-05-10 15:00:00,3136,29.43,69.05,,,49.03,2024.0,5
2024-05-10 16:00:00,3137,26.59,79.01,,,37.52,2024.0,5
2024-05-10 17:00:00,3138,25.88,84.28,,,13.39,2024.0,5
2024-05-10 18:00:00,3139,25.5,86.01,,,14.89,2024.0,5
2024-05-10 19:00:00,3140,25.83,84.2,,,13.49,2024.0,5
2024-05-10 20:00:00,3141,25.69,86.59,,,17.06,2024.0,5
2024-05-10 22:00:00,3143,24.92,80.71,,,15.77,2024.0,5
2024-05-10 23:00:00,3144,24.86,83.25,,,11.43,2024.0,5
2024-05-11 00:00:00,3145,24.42,85.28,,,12.52,2024.0,5
2024-05-11 01:00:00,3146,24.05,87.3,,,14.84,2024.0,5
2024-05-11 02:00:00,3147,23.77,88.2,,,16.64,2024.0,5
2024-05-11 03:00:00,3148,23.57,89.57,,,17.94,2024.0,5
2024-05-11 04:00:00,3149,23.22,91.6,,,21.8,2024.0,5
2024-05-11 05:00:00,3150,22.99,92.3,,,16.17,2024.0,5
2024-05-11 06:00:00,3151,23.35,92.28,,,19.84,2024.0,5
2024-05-11 07:00:00,3152,24.88,88.12,,,20.55,2024.0,5
2024-05-11 08:00:00,3153,26.52,81.68,,,20.69,2024.0,5
2024-05-11 09:00:00,3154,28.26,76.59,,,67.19,2024.0,5
2024-05-11 10:00:00,3155,29.83,69.25,,,55.03,2024.0,5
2024-05-11 11:00:00,3156,30.48,68.26,,,54.59,2024.0,5
2024-05-11 12:00:00,3157,30.39,67.63,,,50.33,2024.0,5
2024-05-11 13:00:00,3158,28.81,72.2,,,53.7,2024.0,5
2024-05-11 14:00:00,3159,27.42,76.79,,,59.46,2024.0,5
2024-05-11 15:00:00,3160,29.01,71.91,,,49.0,2024.0,5
2024-05-11 16:00:00,3161,28.32,71.34,,,39.52,2024.0,5
2024-05-11 17:00:00,3162,27.43,72.18,,,36.43,2024.0,5
2024-05-11 18:00:00,3163,26.73,75.09,,,40.41,2024.0,5
2024-05-11 19:00:00,3164,25.13,83.86,,,9.71,2024.0,5
2024-05-11 20:00:00,3165,24.89,85.31,,,9.33,2024.0,5
2024-05-11 21:00:00,3166,24.35,87.9,,,9.85,2024.0,5
2024-05-11 22:00:00,3167,24.14,89.46,,,12.2,2024.0,5
2024-05-11 23:00:00,3168,24.16,88.99,,,13.01,2024.0,5
2024-05-12 00:00:00,3169,24.04,90.34,,,23.03,2024.0,5
2024-05-12 01:00:00,3170,23.72,91.29,,,22.7,2024.0,5
2024-05-12 02:00:00,3171,23.38,92.46,,,16.99,2024.0,5
2024-05-12 03:00:00,3172,23.42,91.85,,,13.41,2024.0,5
2024-05-12 04:00:00,3173,23.32,93.74,,,20.92,2024.0,5
2024-05-12 05:00:00,3174,23.49,92.77,,,20.53,2024.0,5
2024-05-12 06:00:00,3175,23.26,92.78,,,23.28,2024.0,5
2024-05-12 07:00:00,3176,24.52,87.42,,,14.19,2024.0,5
2024-05-12 08:00:00,3177,27.25,78.95,,,50.14,2024.0,5
2024-05-12 09:00:00,3178,29.12,71.92,,,53.8,2024.0,5
2024-05-12 10:00:00,3179,29.43,65.62,,,40.59,2024.0,5
2024-05-12 11:00:00,3180,30.83,61.86,,,39.5,2024.0,5
2024-05-12 12:00:00,3181,32.82,57.36,,,40.24,2024.0,5
2024-05-12 13:00:00,3182,31.66,60.5,,,39.9,2024.0,5
2024-05-12 14:00:00,3183,30.24,65.99,,,46.14,2024.0,5
2024-05-12 15:00:00,3184,30.06,64.14,,,39.63,2024.0,5
2024-05-12 16:00:00,3185,28.87,68.1,,,40.24,2024.0,5
2024-05-12 17:00:00,3186,27.93,72.87,,,46.93,2024.0,5
2024-05-12 18:00:00,3187,26.94,78.16,,,52.34,2024.0,5
2024-05-12 19:00:00,3188,26.37,81.59,,,17.51,2024.0,5
2024-05-12 20:00:00,3189,26.12,83.18,,,12.33,2024.0,5
2024-05-12 21:00:00,3190,26.21,83.59,,,11.29,2024.0,5
2024-05-12 22:00:00,3191,25.35,87.39,,,13.23,2024.0,5
2024-05-12 23:00:00,3192,24.61,91.11,,,16.95,2024.0,5
2024-05-13 00:00:00,3193,24.53,91.22,,,20.1,2024.0,5
2024-05-13 01:00:00,3194,23.74,93.66,,,20.33,2024.0,5
2024-05-13 02:00:00,3195,23.32,94.7,,,16.79,2024.0,5
2024-05-13 03:00:00,3196,23.39,94.05,,,17.67,2024.0,5
2024-05-13 04:00:00,3197,23.67,92.49,,,16.75,2024.0,5
2024-05-13 05:00:00,3198,23.37,94.39,,,20.59,2024.0,5
2024-05-13 06:00:00,3199,23.26,93.83,,,21.63,2024.0,5
2024-05-13 07:00:00,3200,25.57,85.14,,,21.78,2024.0,5
2024-05-13 08:00:00,3201,28.14,77.11,,,84.31,2024.0,5
2024-05-13 09:00:00,3202,30.29,68.8,,,63.8,2024.0,5
2024-05-13 10:00:00,3203,31.55,62.44,,,43.83,2024.0,5
2024-05-13 11:00:00,3204,32.17,59.86,,,40.47,2024.0,5
2024-05-13 12:00:00,3205,29.85,71.42,,,76.03,2024.0,5
2024-05-13 13:00:00,3206,28.77,73.27,,,57.96,2024.0,5
2024-05-13 18:00:00,3211,26.64,78.89,,,44.18,2024.0,5
2024-05-13 19:00:00,3212,25.65,85.22,,,14.1,2024.0,5
2024-05-13 20:00:00,3213,25.43,87.23,,,14.4,2024.0,5
2024-05-13 21:00:00,3214,25.7,86.67,,,14.85,2024.0,5
2024-05-13 22:00:00,3215,25.33,88.03,,,16.77,2024.0,5
2024-05-13 23:00:00,3216,24.82,91.2,,,17.5,2024.0,5
2024-05-14 00:00:00,3217,24.58,93.03,,,25.29,2024.0,5
2024-05-14 01:00:00,3218,24.76,91.38,,,29.23,2024.0,5
2024-05-14 02:00:00,3219,23.97,91.72,,,23.2,2024.0,5
2024-05-14 03:00:00,3220,23.35,93.06,,,16.14,2024.0,5
2024-05-14 04:00:00,3221,22.69,92.95,,,10.51,2024.0,5
2024-05-14 05:00:00,3222,22.52,91.08,,,9.8,2024.0,5
2024-05-14 06:00:00,3223,23.11,88.01,,,11.68,2024.0,5
2024-05-14 07:00:00,3224,24.45,84.13,,,13.94,2024.0,5
2024-05-14 08:00:00,3225,27.46,78.52,,,55.96,2024.0,5
2024-05-14 09:00:00,3226,29.16,72.64,,,76.03,2024.0,5
2024-05-14 10:00:00,3227,30.19,66.25,,,63.3,2024.0,5
2024-05-14 11:00:00,3228,32.05,59.31,,,49.76,2024.0,5
2024-05-14 12:00:00,3229,31.55,61.43,,,55.8,2024.0,5
2024-05-14 13:00:00,3230,28.02,74.85,,,70.03,2024.0,5
2024-05-14 14:00:00,3231,27.57,75.71,,,57.13,2024.0,5
2024-05-14 15:00:00,3232,27.82,75.98,,,57.14,2024.0,5
2024-05-14 16:00:00,3233,28.34,71.82,,,47.8,2024.0,5
2024-05-14 17:00:00,3234,25.85,86.22,,,23.29,2024.0,5
2024-05-14 18:00:00,3235,24.98,90.02,,,21.53,2024.0,5
2024-05-14 19:00:00,3236,25.14,87.63,,,19.73,2024.0,5
2024-05-14 20:00:00,3237,24.97,86.81,,,17.91,2024.0,5
2024-05-14 21:00:00,3238,24.89,88.63,,,18.67,2024.0,5
2024-05-14 22:00:00,3239,24.66,87.33,,,19.86,2024.0,5
2024-05-14 23:00:00,3240,24.15,89.82,,,22.55,2024.0,5
2024-05-15 00:00:00,3241,23.36,87.42,,,22.34,2024.0,5
2024-05-15 01:00:00,3242,23.04,88.31,,,19.72,2024.0,5
2024-05-19 12:00:00,3349,29.94,58.55,31.54,55.58,40.66,2024.0,5
2024-05-19 13:00:00,3350,30.58,58.36,31.43,57.2,42.59,2024.0,5
2024-05-19 14:00:00,3351,29.5,61.25,30.86,59.66,46.28,2024.0,5
2024-05-19 15:00:00,3352,28.46,62.5,29.58,61.12,44.07,2024.0,5
2024-05-19 16:00:00,3353,27.5,63.3,27.81,63.73,43.21,2024.0,5
2024-05-19 17:00:00,3354,26.16,64.86,25.95,66.3,45.45,2024.0,5
2024-05-19 18:00:00,3355,25.29,68.36,25.11,69.46,53.07,2024.0,5
2024-05-19 19:00:00,3356,24.7,71.77,24.44,72.68,48.1,2024.0,5
2024-05-19 20:00:00,3357,24.12,76.29,23.66,76.75,44.21,2024.0,5
2024-05-19 21:00:00,3358,23.52,77.96,23.07,77.69,37.13,2024.0,5
2024-05-19 22:00:00,3359,22.84,79.49,22.3,79.3,33.56,2024.0,5
2024-05-19 23:00:00,3360,21.95,81.37,21.55,80.86,23.31,2024.0,5
2024-05-20 00:00:00,3361,21.79,82.39,21.34,81.71,22.78,2024.0,5
2024-05-20 01:00:00,3362,21.86,82.01,21.36,81.21,22.43,2024.0,5
2024-05-20 02:00:00,3363,21.78,82.06,21.05,81.88,26.31,2024.0,5
2024-05-20 03:00:00,3364,21.7,82.05,20.96,81.9,31.84,2024.0,5
2024-05-20 04:00:00,3365,22.06,83.07,21.13,83.09,39.78,2024.0,5
2024-05-20 05:00:00,3366,22.41,83.31,21.3,83.41,44.17,2024.0,5
2024-05-20 06:00:00,3367,22.48,82.3,21.76,80.99,35.3,2024.0,5
2024-05-20 07:00:00,3368,22.74,82.32,23.56,76.25,43.93,2024.0,5
2024-05-20 08:00:00,3369,25.44,74.23,28.51,62.59,56.55,2024.0,5
2024-05-20 09:00:00,3370,28.81,64.54,33.23,51.15,54.28,2024.0,5
2024-05-20 10:00:00,3371,30.76,60.97,34.32,50.67,67.55,2024.0,5
2024-05-20 11:00:00,3372,32.08,57.1,33.24,55.05,61.97,2024.0,5
2024-05-20 12:00:00,3373,32.8,54.94,33.5,54.51,64.67,2024.0,5
2024-05-20 13:00:00,3374,29.96,62.55,30.67,62.89,70.71,2024.0,5
2024-05-20 14:00:00,3375,29.58,64.6,30.27,65.12,64.64,2024.0,5
2024-05-20 15:00:00,3376,29.43,65.9,29.66,67.33,55.97,2024.0,5
2024-05-20 16:00:00,3377,27.55,70.59,27.06,72.5,53.38,2024.0,5
2024-05-20 17:00:00,3378,26.72,73.24,26.44,74.18,55.77,2024.0,5
2024-05-20 18:00:00,3379,26.06,77.92,25.67,78.08,77.71,2024.0,5
2024-05-20 19:00:00,3380,25.3,78.33,25.03,77.66,59.14,2024.0,5
2024-05-20 20:00:00,3381,24.87,79.88,24.55,79.56,55.22,2024.0,5
2024-05-20 21:00:00,3382,24.45,84.02,23.83,83.64,50.74,2024.0,5
2024-05-20 22:00:00,3383,24.14,85.32,23.63,84.14,55.22,2024.0,5
2024-05-20 23:00:00,3384,23.77,86.76,23.1,85.87,50.02,2024.0,5
2024-05-21 00:00:00,3385,23.44,88.02,22.74,86.51,49.53,2024.0,5
2024-05-21 01:00:00,3386,22.99,88.32,22.21,87.12,37.75,2024.0,5
2024-05-21 02:00:00,3387,22.4,90.51,21.8,88.59,39.51,2024.0,5
2024-05-21 03:00:00,3388,22.28,91.19,21.43,90.06,43.53,2024.0,5
2024-05-21 04:00:00,3389,22.12,91.34,21.14,90.69,48.93,2024.0,5
2024-05-21 05:00:00,3390,22.21,92.83,21.1,92.7,84.56,2024.0,5
2024-05-21 06:00:00,3391,22.58,90.59,22.41,86.68,50.27,2024.0,5
2024-05-21 07:00:00,3392,24.73,83.54,27.06,72.24,58.94,2024.0,5
2024-05-21 08:00:00,3393,27.31,76.45,31.13,61.4,,2024.0,5
2024-05-21 09:00:00,3394,29.63,68.68,33.55,55.08,90.38,2024.0,5
2024-05-21 10:00:00,3395,31.33,63.96,34.5,52.6,87.24,2024.0,5
2024-05-21 11:00:00,3396,31.97,60.54,33.63,53.29,72.1,2024.0,5
2024-05-21 12:00:00,3397,31.94,60.0,32.26,60.0,75.38,2024.0,5
2024-05-21 13:00:00,3398,29.2,69.85,30.4,67.43,84.45,2024.0,5
2024-05-21 14:00:00,3399,30.08,66.92,31.64,64.07,64.03,2024.0,5
2024-05-21 15:00:00,3400,30.2,67.03,30.04,68.07,59.72,2024.0,5
2024-05-21 16:00:00,3401,28.57,71.09,27.96,72.82,70.69,2024.0,5
2024-05-21 17:00:00,3402,26.89,78.45,26.31,79.15,76.28,2024.0,5
2024-05-21 18:00:00,3403,26.17,81.21,25.74,80.65,46.6,2024.0,5
2024-05-21 19:00:00,3404,26.12,82.74,25.51,82.23,56.86,2024.0,5
2024-05-21 20:00:00,3405,25.83,84.27,25.11,83.41,65.8,2024.0,5
2024-05-21 21:00:00,3406,25.5,85.25,24.8,84.04,66.75,2024.0,5
2024-05-21 22:00:00,3407,25.29,85.99,24.45,85.2,72.64,2024.0,5
2024-05-21 23:00:00,3408,24.78,86.38,23.85,85.87,70.84,2024.0,5
2024-05-22 00:00:00,3409,24.16,87.71,23.64,85.89,66.88,2024.0,5
2024-05-22 01:00:00,3410,24.57,86.52,23.59,86.06,75.55,2024.0,5
2024-05-22 02:00:00,3411,24.3,87.0,23.1,87.38,82.23,2024.0,5
2024-05-22 03:00:00,3412,23.68,89.26,22.65,88.82,62.22,2024.0,5
2024-05-22 04:00:00,3413,23.0,90.83,22.32,88.65,45.05,2024.0,5
2024-05-22 05:00:00,3414,22.64,90.04,22.14,87.21,42.58,2024.0,5
2024-05-22 06:00:00,3415,22.87,89.5,22.53,86.08,46.11,2024.0,5
2024-05-22 07:00:00,3416,23.76,87.08,24.13,81.76,63.97,2024.0,5
2024-05-22 08:00:00,3417,26.44,80.1,29.69,66.58,94.83,2024.0,5
2024-05-22 09:00:00,3418,29.09,72.68,32.96,58.46,,2024.0,5
2024-05-22 10:00:00,3419,31.01,65.9,34.32,54.4,87.9,2024.0,5
2024-05-22 11:00:00,3420,32.33,60.6,33.99,56.94,76.73,2024.0,5
2024-05-22 12:00:00,3421,32.9,57.84,33.02,58.36,65.68,2024.0,5
2024-05-22 13:00:00,3422,29.13,72.18,30.24,69.42,,2024.0,5
2024-05-22 14:00:00,3423,29.34,69.46,30.24,67.57,75.93,2024.0,5
2024-05-22 15:00:00,3424,28.62,73.57,28.3,74.04,73.32,2024.0,5
2024-05-22 16:00:00,3425,27.8,76.58,27.51,76.21,75.17,2024.0,5
2024-05-22 17:00:00,3426,27.25,78.21,26.58,78.84,72.83,2024.0,5
2024-05-22 18:00:00,3427,26.09,83.06,25.32,83.25,60.04,2024.0,5
2024-05-22 19:00:00,3428,25.18,86.34,24.6,84.94,50.6,2024.0,5
2024-05-22 20:00:00,3429,24.61,88.21,24.22,86.16,50.62,2024.0,5
2024-05-22 21:00:00,3430,24.24,90.43,23.89,87.93,52.33,2024.0,5
2024-05-22 22:00:00,3431,24.7,88.92,24.22,86.55,53.44,2024.0,5
2024-05-22 23:00:00,3432,24.89,88.1,24.03,87.04,54.76,2024.0,5
2024-05-23 00:00:00,3433,24.39,85.22,23.9,82.71,33.1,2024.0,5
2024-05-23 01:00:00,3434,24.46,84.53,23.72,83.15,30.06,2024.0,5
2024-05-23 02:00:00,3435,24.08,88.49,23.29,87.34,36.02,2024.0,5
2024-05-23 03:00:00,3436,24.06,88.63,23.32,87.16,36.5,2024.0,5
2024-05-23 04:00:00,3437,23.58,90.63,22.94,88.4,39.69,2024.0,5
2024-05-23 05:00:00,3438,23.63,91.19,22.66,90.16,48.28,2024.0,5
2024-05-23 06:00:00,3439,23.9,90.78,23.33,88.56,67.39,2024.0,5
2024-05-23 07:00:00,3440,25.59,85.64,27.17,76.42,63.93,2024.0,5
2024-05-23 08:00:00,3441,27.78,79.59,30.96,66.12,84.3,2024.0,5
2024-05-23 09:00:00,3442,30.12,71.29,33.46,58.63,88.41,2024.0,5
2024-05-23 10:00:00,3443,31.74,65.44,33.71,60.27,89.17,2024.0,5
2024-05-23 11:00:00,3444,30.71,67.52,30.75,66.89,,2024.0,5
2024-05-23 12:00:00,3445,30.85,66.68,30.93,66.41,91.79,2024.0,5
2024-05-23 13:00:00,3446,29.86,69.58,30.99,67.06,86.07,2024.0,5
2024-05-23 14:00:00,3447,29.26,71.42,30.89,67.15,63.41,2024.0,5
2024-05-23 15:00:00,3448,28.67,72.51,30.17,68.36,64.85,2024.0,5
2024-05-23 16:00:00,3449,27.02,79.93,27.12,78.11,63.66,2024.0,5
2024-05-23 17:00:00,3450,25.77,86.43,25.41,84.38,61.87,2024.0,5
2024-05-23 18:00:00,3451,24.97,90.18,24.61,87.79,61.06,2024.0,5
2024-05-23 19:00:00,3452,24.09,95.63,23.14,95.45,54.48,2024.0,5
2024-05-23 20:00:00,3453,23.55,99.38,22.71,98.12,45.7,2024.0,5
2024-05-23 21:00:00,3454,23.59,96.96,22.71,97.19,37.04,2024.0,5
2024-05-23 22:00:00,3455,23.12,96.6,22.3,96.11,32.44,2024.0,5
2024-05-23 23:00:00,3456,22.68,99.38,21.87,97.88,32.21,2024.0,5
2024-05-24 00:00:00,3457,22.94,99.28,22.1,98.12,28.51,2024.0,5
2024-05-24 01:00:00,3458,23.33,96.99,22.31,96.19,30.17,2024.0,5
2024-05-24 02:00:00,3459,23.35,97.52,22.37,95.48,32.14,2024.0,5
2024-05-24 03:00:00,3460,23.45,97.78,22.51,95.31,31.58,2024.0,5
2024-05-24 04:00:00,3461,23.42,97.7,22.68,94.49,41.56,2024.0,5
2024-05-24 05:00:00,3462,23.51,96.44,22.46,94.52,33.36,2024.0,5
2024-05-24 06:00:00,3463,23.76,95.97,23.16,92.74,36.64,2024.0,5
2024-05-24 07:00:00,3464,24.69,92.86,24.37,88.76,36.57,2024.0,5
2024-05-24 08:00:00,3465,25.15,90.13,25.43,84.14,36.85,2024.0,5
2024-05-24 09:00:00,3466,27.53,82.9,31.19,66.8,49.4,2024.0,5
2024-05-24 10:00:00,3467,28.33,78.11,30.6,67.69,45.21,2024.0,5
2024-05-24 11:00:00,3468,30.69,71.81,32.95,64.2,40.31,2024.0,5
2024-05-24 12:00:00,3469,29.62,73.14,29.39,72.15,42.66,2024.0,5
2024-05-24 13:00:00,3470,26.31,84.71,25.04,86.68,25.02,2024.0,5
2024-05-24 14:00:00,3471,24.25,91.94,22.81,96.27,28.95,2024.0,5
2024-05-24 15:00:00,3472,25.29,88.68,23.96,94.59,28.3,2024.0,5
2024-05-24 16:00:00,3473,25.91,84.76,24.15,94.93,43.18,2024.0,5
2024-05-24 17:00:00,3474,26.0,87.09,24.12,96.48,50.0,2024.0,5
2024-05-24 18:00:00,3475,25.16,90.87,24.16,92.47,32.0,2024.0,5
2024-05-24 19:00:00,3476,23.92,93.61,22.95,92.81,10.0,2024.0,5
2024-05-24 20:00:00,3477,22.38,99.61,21.55,98.59,11.62,2024.0,5
2024-05-24 21:00:00,3478,22.29,99.9,21.54,99.12,13.26,2024.0,5
2024-05-24 22:00:00,3479,22.56,99.9,21.5,99.3,11.58,2024.0,5
2024-05-24 23:00:00,3480,23.1,98.0,21.56,99.09,9.2,2024.0,5
2024-05-25 00:00:00,3481,23.19,98.58,21.73,99.11,26.98,2024.0,5
2024-05-25 01:00:00,3482,23.26,98.9,21.81,99.26,28.1,2024.0,5
2024-05-25 02:00:00,3483,23.22,99.61,21.86,99.39,27.26,2024.0,5
2024-05-25 03:00:00,3484,22.81,98.37,21.39,99.12,8.13,2024.0,5
2024-05-25 04:00:00,3485,22.99,98.5,21.63,99.08,24.84,2024.0,5
2024-05-25 05:00:00,3486,23.0,98.22,21.56,99.15,25.32,2024.0,5
2024-05-25 06:00:00,3487,22.9,99.63,21.91,99.08,40.2,2024.0,5
2024-05-25 07:00:00,3488,23.47,96.82,22.5,98.14,39.14,2024.0,5
2024-05-25 08:00:00,3489,23.8,95.19,23.04,97.86,34.79,2024.0,5
2024-05-25 09:00:00,3490,25.19,90.08,24.53,96.04,34.93,2024.0,5
2024-05-25 10:00:00,3491,26.2,86.07,26.44,86.79,40.08,2024.0,5
2024-05-25 11:00:00,3492,26.08,85.77,26.5,79.83,37.86,2024.0,5
2024-05-25 12:00:00,3493,25.79,86.63,26.7,79.16,33.25,2024.0,5
2024-05-25 13:00:00,3494,26.2,85.2,27.43,76.67,32.76,2024.0,5
2024-05-25 14:00:00,3495,26.23,84.82,27.49,76.32,31.54,2024.0,5
2024-05-25 15:00:00,3496,26.88,81.71,27.67,75.0,31.1,2024.0,5
2024-05-25 16:00:00,3497,26.97,82.1,26.58,79.06,33.88,2024.0,5
2024-05-25 17:00:00,3498,26.19,84.81,25.37,83.08,30.54,2024.0,5
2024-05-25 18:00:00,3499,25.71,87.81,24.83,86.31,32.48,2024.0,5
2024-05-25 19:00:00,3500,24.59,91.38,24.08,88.63,32.25,2024.0,5
2024-05-25 20:00:00,3501,24.38,92.43,23.91,89.32,33.73,2024.0,5
2024-05-25 21:00:00,3502,24.41,92.44,23.77,89.86,31.67,2024.0,5
2024-05-25 22:00:00,3503,24.17,92.18,23.68,89.26,32.16,2024.0,5
2024-05-25 23:00:00,3504,23.73,94.4,23.22,91.2,35.81,2024.0,5
2024-05-26 00:00:00,3505,23.58,94.32,22.86,91.55,38.17,2024.0,5
2024-05-26 01:00:00,3506,23.04,93.16,22.56,88.93,29.48,2024.0,5
2024-05-26 02:00:00,3507,22.9,91.78,22.41,88.04,24.44,2024.0,5
2024-05-26 03:00:00,3508,23.0,91.8,22.32,88.65,26.69,2024.0,5
2024-05-26 04:00:00,3509,23.35,90.39,22.52,87.75,26.38,2024.0,5
2024-05-26 05:00:00,3510,23.44,90.26,22.51,88.16,29.69,2024.0,5
2024-05-26 06:00:00,3511,23.13,90.21,22.66,86.69,27.35,2024.0,5
2024-05-26 07:00:00,3512,23.64,89.13,23.62,84.4,32.16,2024.0,5
2024-05-26 08:00:00,3513,25.38,84.26,26.41,76.35,37.94,2024.0,5
2024-05-26 09:00:00,3514,27.98,76.45,32.59,58.88,49.34,2024.0,5
2024-05-26 10:00:00,3515,29.99,68.34,33.65,58.41,40.62,2024.0,5
2024-05-26 11:00:00,3516,30.32,65.02,31.57,61.35,31.47,2024.0,5
2024-05-26 12:00:00,3517,31.17,63.93,31.83,62.33,32.45,2024.0,5
2024-05-26 13:00:00,3518,31.23,65.05,32.21,63.0,37.55,2024.0,5
2024-05-26 14:00:00,3519,31.29,64.13,31.49,64.47,36.27,2024.0,5
2024-05-26 15:00:00,3520,28.4,73.38,27.98,75.11,42.31,2024.0,5
2024-05-26 16:00:00,3521,26.81,80.81,26.57,80.45,46.35,2024.0,5
2024-05-26 17:00:00,3522,26.1,85.38,25.82,82.6,43.3,2024.0,5
2024-05-26 18:00:00,3523,25.83,82.76,25.51,79.93,34.86,2024.0,5
2024-05-26 19:00:00,3524,25.32,83.01,25.05,80.19,33.75,2024.0,5
2024-05-26 20:00:00,3525,25.02,85.35,24.6,82.86,36.78,2024.0,5
2024-05-26 21:00:00,3526,24.48,85.63,23.97,83.41,35.23,2024.0,5
2024-05-26 22:00:00,3527,23.72,86.73,23.24,84.19,31.67,2024.0,5
2024-05-26 23:00:00,3528,23.21,88.55,22.71,85.8,30.7,2024.0,5
2024-05-27 00:00:00,3529,22.91,89.95,22.34,87.32,26.91,2024.0,5
2024-05-27 01:00:00,3530,22.87,90.93,22.07,88.8,28.67,2024.0,5
2024-05-27 02:00:00,3531,23.14,89.48,21.93,88.75,30.13,2024.0,5
2024-05-27 03:00:00,3532,22.91,91.16,21.57,91.2,34.98,2024.0,5
2024-05-27 04:00:00,3533,22.52,91.16,21.6,89.45,32.92,2024.0,5
2024-05-27 05:00:00,3534,22.2,91.76,21.26,90.35,34.17,2024.0,5
2024-05-27 06:00:00,3535,22.43,95.03,21.86,91.97,67.53,2024.0,5
2024-05-27 07:00:00,3536,24.53,87.62,28.36,71.74,59.24,2024.0,5
2024-05-27 08:00:00,3537,28.21,74.72,33.08,60.67,61.6,2024.0,5
2024-05-27 09:00:00,3538,30.03,69.0,34.21,58.31,61.72,2024.0,5
2024-05-27 10:00:00,3539,31.52,64.12,35.22,55.47,48.0,2024.0,5
2024-05-27 11:00:00,3540,32.65,61.4,34.26,57.81,45.21,2024.0,5
2024-05-27 12:00:00,3541,33.2,59.29,34.19,57.87,43.45,2024.0,5
2024-05-27 13:00:00,3542,32.92,58.79,33.14,59.47,42.55,2024.0,5
2024-05-27 14:00:00,3543,30.65,63.09,30.3,65.35,41.69,2024.0,5
2024-05-27 15:00:00,3544,28.09,72.03,27.73,73.39,43.77,2024.0,5
2024-05-27 16:00:00,3545,27.19,75.63,26.7,76.45,53.49,2024.0,5
2024-05-27 17:00:00,3546,26.94,79.17,26.58,78.45,55.07,2024.0,5
2024-05-27 18:00:00,3547,26.17,83.52,25.14,83.76,59.13,2024.0,5
2024-05-27 19:00:00,3548,25.81,87.98,25.05,86.89,63.0,2024.0,5
2024-05-27 20:00:00,3549,25.41,88.62,24.37,88.36,77.58,2024.0,5
2024-05-27 21:00:00,3550,25.14,89.6,24.29,88.71,65.8,2024.0,5
2024-05-27 22:00:00,3551,25.09,90.73,23.92,90.84,71.65,2024.0,5
2024-05-27 23:00:00,3552,24.71,93.4,23.69,92.81,74.42,2024.0,5
2024-05-28 00:00:00,3553,24.31,94.45,23.28,93.81,73.68,2024.0,5
2024-05-28 01:00:00,3554,24.0,95.88,22.92,95.13,75.69,2024.0,5
2024-05-28 02:00:00,3555,23.95,94.79,22.84,93.98,78.14,2024.0,5
2024-05-28 03:00:00,3556,23.95,94.38,22.75,93.99,74.72,2024.0,5
2024-05-28 04:00:00,3557,23.92,92.56,22.68,92.01,69.59,2024.0,5
2024-05-28 05:00:00,3558,23.51,92.83,22.37,91.9,74.24,2024.0,5
2024-05-28 06:00:00,3559,22.91,90.77,22.41,87.46,56.63,2024.0,5
2024-05-28 07:00:00,3560,24.4,85.38,26.1,75.39,64.2,2024.0,5
2024-05-28 08:00:00,3561,27.87,78.32,31.76,62.67,92.35,2024.0,5
2024-05-28 09:00:00,3562,29.98,71.67,34.0,60.29,,2024.0,5
2024-05-28 10:00:00,3563,31.02,65.91,34.79,56.68,59.97,2024.0,5
2024-05-28 11:00:00,3564,32.65,60.07,34.19,56.61,55.31,2024.0,5
2024-05-28 12:00:00,3565,34.01,56.44,34.31,56.33,57.9,2024.0,5
2024-05-28 13:00:00,3566,32.25,59.97,32.39,60.91,72.14,2024.0,5
2024-05-28 14:00:00,3567,29.97,64.98,31.49,62.76,65.86,2024.0,5
2024-05-28 17:00:00,3570,28.26,73.69,27.98,75.09,59.25,2024.0,5
2024-05-28 18:00:00,3571,27.19,78.89,26.75,79.52,59.09,2024.0,5
2024-05-28 19:00:00,3572,26.63,83.21,25.9,83.0,53.22,2024.0,5
2024-05-28 20:00:00,3573,26.23,84.95,25.35,84.15,51.38,2024.0,5
2024-05-28 21:00:00,3574,25.59,85.75,24.87,84.38,43.77,2024.0,5
2024-05-28 22:00:00,3575,25.3,86.21,24.39,85.51,42.37,2024.0,5
2024-05-28 23:00:00,3576,24.78,87.51,24.21,85.75,40.36,2024.0,5
2024-05-29 00:00:00,3577,24.29,90.08,23.59,88.62,35.53,2024.0,5
2024-05-29 01:00:00,3578,23.79,92.66,23.14,90.83,38.07,2024.0,5
2024-05-29 02:00:00,3579,23.78,93.38,22.99,91.81,46.35,2024.0,5
2024-05-29 03:00:00,3580,24.18,92.23,23.15,91.38,48.54,2024.0,5
2024-05-29 04:00:00,3581,23.64,94.23,22.49,93.6,56.33,2024.0,5
2024-05-29 05:00:00,3582,22.89,94.62,21.96,92.88,58.13,2024.0,5
2024-05-29 06:00:00,3583,23.03,93.17,22.36,90.4,64.44,2024.0,5
2024-05-29 07:00:00,3584,24.45,86.95,26.63,75.44,63.86,2024.0,5
2024-05-29 08:00:00,3585,27.35,77.12,31.1,61.57,76.41,2024.0,5
2024-05-29 09:00:00,3586,29.14,71.19,33.42,55.97,54.97,2024.0,5
2024-05-29 10:00:00,3587,30.87,65.17,34.69,56.05,52.66,2024.0,5
2024-05-29 11:00:00,3588,31.99,60.32,33.65,56.54,54.31,2024.0,5
2024-05-29 12:00:00,3589,33.13,57.01,33.85,56.05,58.37,2024.0,5
2024-05-29 13:00:00,3590,31.23,62.81,31.62,63.44,87.43,2024.0,5
2024-05-29 14:00:00,3591,29.47,67.48,31.09,65.33,69.93,2024.0,5
2024-05-29 15:00:00,3592,31.15,64.58,33.45,60.73,51.64,2024.0,5
2024-05-29 16:00:00,3593,29.62,69.71,30.27,69.59,51.41,2024.0,5
2024-05-29 17:00:00,3594,28.58,74.77,28.03,77.0,55.8,2024.0,5
2024-05-29 18:00:00,3595,27.99,77.73,26.85,80.61,59.68,2024.0,5
2024-05-29 19:00:00,3596,27.03,79.98,25.88,81.95,51.56,2024.0,5
2024-05-29 20:00:00,3597,26.03,83.6,25.13,83.47,39.53,2024.0,5
2024-05-29 21:00:00,3598,25.59,86.04,24.82,85.14,45.51,2024.0,5
2024-05-29 22:00:00,3599,25.06,88.82,24.2,88.2,61.51,2024.0,5
2024-05-29 23:00:00,3600,24.73,88.64,23.81,87.88,61.66,2024.0,5
2024-05-30 00:00:00,3601,24.3,87.85,23.22,87.66,49.19,2024.0,5
2024-05-30 01:00:00,3602,23.2,86.45,22.2,85.41,42.51,2024.0,5
2024-05-30 02:00:00,3603,23.04,85.19,21.96,84.35,45.65,2024.0,5
2024-05-30 03:00:00,3604,23.13,84.71,22.33,82.89,45.09,2024.0,5
2024-05-30 04:00:00,3605,22.8,87.73,21.52,88.09,52.95,2024.0,5
2024-05-30 05:00:00,3606,22.75,89.62,21.44,89.76,52.72,2024.0,5
2024-05-30 06:00:00,3607,22.7,87.49,21.9,85.67,60.18,2024.0,5
2024-05-30 07:00:00,3608,24.23,83.45,26.66,72.16,90.04,2024.0,5
2024-05-30 08:00:00,3609,27.46,75.51,31.48,63.59,94.21,2024.0,5
2024-05-30 09:00:00,3610,29.11,69.21,33.36,58.76,60.45,2024.0,5
2024-05-30 10:00:00,3611,31.51,60.44,35.61,51.56,47.07,2024.0,5
2024-05-30 11:00:00,3612,32.94,54.29,33.45,53.17,46.48,2024.0,5
2024-05-30 12:00:00,3613,33.68,51.71,34.26,51.24,47.83,2024.0,5
2024-05-30 13:00:00,3614,34.34,49.45,34.93,49.61,40.39,2024.0,5
2024-05-30 14:00:00,3615,31.73,56.46,32.52,57.06,34.11,2024.0,5
2024-05-30 15:00:00,3616,30.14,60.5,31.88,58.87,33.45,2024.0,5
2024-05-30 16:00:00,3617,29.63,63.38,30.55,63.74,36.41,2024.0,5
2024-05-30 17:00:00,3618,28.48,70.7,27.92,73.54,41.1,2024.0,5
2024-05-30 18:00:00,3619,27.99,74.31,27.1,76.99,43.43,2024.0,5
2024-05-30 19:00:00,3620,27.4,79.28,26.4,81.34,37.46,2024.0,5
2024-05-30 20:00:00,3621,26.21,85.64,25.6,85.02,28.37,2024.0,5
2024-05-30 21:00:00,3622,25.77,87.47,24.99,86.9,30.24,2024.0,5
2024-05-30 22:00:00,3623,25.11,87.58,24.34,86.87,29.92,2024.0,5
2024-05-30 23:00:00,3624,25.0,87.77,24.06,87.6,29.09,2024.0,5
2024-05-31 00:00:00,3625,24.99,87.91,23.94,87.9,26.31,2024.0,5
2024-05-31 01:00:00,3626,24.45,88.25,23.31,88.67,27.7,2024.0,5
2024-05-31 02:00:00,3627,24.01,89.55,23.04,89.09,27.89,2024.0,5
2024-05-31 03:00:00,3628,23.61,90.7,22.47,90.67,24.19,2024.0,5
2024-05-31 04:00:00,3629,23.26,91.63,22.03,91.78,26.45,2024.0,5
2024-05-31 05:00:00,3630,23.11,91.81,21.89,91.43,26.04,2024.0,5
2024-05-31 06:00:00,3631,23.08,90.22,22.47,87.97,32.11,2024.0,5
2024-05-31 07:00:00,3632,24.34,86.95,26.21,77.06,31.98,2024.0,5
2024-05-31 08:00:00,3633,27.32,80.23,31.32,64.66,38.58,2024.0,5
2024-05-31 09:00:00,3634,29.87,71.01,34.0,56.41,43.59,2024.0,5
2024-05-31 10:00:00,3635,30.79,65.83,34.28,55.06,37.0,2024.0,5
2024-05-31 11:00:00,3636,32.16,60.89,33.67,57.82,34.41,2024.0,5
2024-05-31 12:00:00,3637,33.17,57.05,34.16,55.5,32.6,2024.0,5
2024-05-31 13:00:00,3638,32.87,53.5,32.99,54.17,23.62,2024.0,5
2024-05-31 14:00:00,3639,28.83,65.9,28.48,68.18,33.31,2024.0,5
2024-05-31 15:00:00,3640,29.0,65.4,29.88,64.96,34.59,2024.0,5
2024-05-31 16:00:00,3641,30.29,63.69,29.66,66.66,34.86,2024.0,5
2024-05-31 17:00:00,3642,28.8,71.38,28.0,74.62,42.24,2024.0,5
2024-05-31 18:00:00,3643,27.48,79.15,26.89,80.19,37.82,2024.0,5
2024-05-31 19:00:00,3644,26.54,83.83,25.93,83.46,26.29,2024.0,5
2024-05-31 20:00:00,3645,26.17,85.76,25.41,85.14,28.6,2024.0,5
2024-05-31 21:00:00,3646,25.99,85.85,25.06,85.54,28.32,2024.0,5
2024-05-31 22:00:00,3647,25.17,88.04,24.22,87.84,34.84,2024.0,5
2024-05-31 23:00:00,3648,24.91,88.26,23.85,88.38,33.16,2024.0,5
2024-06-01 00:00:00,3649,24.94,89.18,24.04,88.45,33.5,2024.0,6
2024-06-01 01:00:00,3650,24.33,88.63,23.58,87.45,28.3,2024.0,6
2024-06-01 02:00:00,3651,24.13,89.84,23.1,89.63,31.67,2024.0,6
2024-06-01 03:00:00,3652,23.8,90.97,22.62,91.33,32.67,2024.0,6
2024-06-01 04:00:00,3653,23.49,92.0,22.33,91.73,31.51,2024.0,6
2024-06-01 05:00:00,3654,23.18,92.47,22.0,92.21,32.3,2024.0,6
2024-06-01 06:00:00,3655,22.88,95.19,22.18,93.0,36.97,2024.0,6
2024-06-01 07:00:00,3656,23.29,91.98,23.43,86.75,38.56,2024.0,6
2024-06-01 08:00:00,3657,25.65,84.46,27.92,73.13,34.77,2024.0,6
2024-06-01 09:00:00,3658,27.66,79.16,30.52,66.35,,2024.0,6
2024-06-01 10:00:00,3659,29.43,72.1,32.09,63.16,44.34,2024.0,6
2024-06-01 11:00:00,3660,30.29,67.72,31.89,62.28,36.69,2024.0,6
2024-06-01 12:00:00,3661,30.54,66.69,31.47,63.29,30.47,2024.0,6
2024-06-01 13:00:00,3662,28.13,76.71,28.56,73.55,44.72,2024.0,6
2024-06-01 14:00:00,3663,27.49,79.96,28.82,73.86,33.32,2024.0,6
2024-06-01 15:00:00,3664,27.56,79.19,28.59,74.03,37.08,2024.0,6
2024-06-01 16:00:00,3665,26.42,82.33,26.24,80.62,27.04,2024.0,6
2024-06-01 17:00:00,3666,25.27,90.02,24.29,91.67,28.05,2024.0,6
2024-06-01 18:00:00,3667,24.91,91.81,24.46,89.75,30.82,2024.0,6
2024-06-01 19:00:00,3668,24.45,92.07,24.14,88.9,24.37,2024.0,6
2024-06-01 20:00:00,3669,24.23,93.14,23.8,90.24,23.01,2024.0,6
2024-06-01 21:00:00,3670,24.21,93.39,23.54,91.28,25.3,2024.0,6
2024-06-01 22:00:00,3671,24.25,93.02,23.43,91.34,24.47,2024.0,6
2024-06-01 23:00:00,3672,24.16,93.04,23.45,90.93,22.8,2024.0,6
2024-06-02 00:00:00,3673,24.08,93.83,23.0,93.05,27.49,2024.0,6
2024-06-02 01:00:00,3674,24.15,93.79,22.76,94.19,27.52,2024.0,6
2024-06-02 02:00:00,3675,23.92,94.7,22.64,94.75,29.44,2024.0,6
2024-06-02 03:00:00,3676,23.72,95.15,22.38,95.22,31.98,2024.0,6
2024-06-02 04:00:00,3677,23.64,94.82,22.34,94.72,33.11,2024.0,6
2024-06-02 05:00:00,3678,23.57,94.94,22.43,94.11,32.62,2024.0,6
2024-06-02 06:00:00,3679,23.62,94.5,22.63,93.08,31.44,2024.0,6
2024-06-02 07:00:00,3680,23.62,94.52,23.18,91.03,35.42,2024.0,6
2024-06-02 08:00:00,3681,25.59,88.4,28.87,73.89,34.91,2024.0,6
2024-06-02 09:00:00,3682,28.63,78.4,32.43,64.89,46.14,2024.0,6
2024-06-02 10:00:00,3683,28.81,75.95,30.94,67.27,40.2,2024.0,6
2024-06-02 11:00:00,3684,30.14,69.88,32.03,62.97,29.07,2024.0,6
2024-06-02 12:00:00,3685,31.47,64.3,32.76,60.32,25.9,2024.0,6
2024-06-02 13:00:00,3686,32.13,60.67,33.19,58.15,22.55,2024.0,6
2024-06-02 14:00:00,3687,31.3,63.59,31.68,62.82,19.62,2024.0,6
2024-06-02 15:00:00,3688,27.35,79.71,26.89,78.54,24.64,2024.0,6
2024-06-02 16:00:00,3689,25.04,88.71,24.98,85.65,22.18,2024.0,6
2024-06-02 17:00:00,3690,24.83,87.9,24.33,85.83,21.88,2024.0,6
2024-06-02 18:00:00,3691,24.98,87.93,24.22,86.75,24.48,2024.0,6
2024-06-02 19:00:00,3692,25.38,88.18,24.34,87.68,26.68,2024.0,6
2024-06-02 20:00:00,3693,25.62,87.77,24.26,88.32,32.62,2024.0,6
2024-06-02 21:00:00,3694,25.5,88.61,24.32,88.55,39.71,2024.0,6
2024-06-02 22:00:00,3695,25.6,88.7,24.11,89.61,39.74,2024.0,6
2024-06-02 23:00:00,3696,25.08,90.84,23.84,91.07,32.62,2024.0,6
2024-06-03 00:00:00,3697,24.51,93.74,23.46,93.35,35.53,2024.0,6
2024-06-03 01:00:00,3698,24.43,93.84,23.42,92.95,32.25,2024.0,6
2024-06-03 02:00:00,3699,24.19,95.21,23.26,94.1,31.62,2024.0,6
2024-06-03 03:00:00,3700,24.14,96.42,23.25,94.73,30.1,2024.0,6
2024-06-03 04:00:00,3701,24.34,94.11,23.28,92.97,27.45,2024.0,6
2024-06-03 05:00:00,3702,24.11,92.79,22.97,91.87,23.17,2024.0,6
2024-06-03 06:00:00,3703,24.39,90.01,23.61,88.14,21.07,2024.0,6
2024-06-03 07:00:00,3704,24.98,88.04,25.96,80.42,21.22,2024.0,6
2024-06-03 08:00:00,3705,27.57,80.11,30.92,65.7,29.52,2024.0,6
2024-06-03 09:00:00,3706,29.54,73.26,33.09,58.87,33.24,2024.0,6
2024-06-03 10:00:00,3707,31.21,65.07,34.83,54.9,23.0,2024.0,6
2024-06-03 11:00:00,3708,31.67,63.4,33.39,59.38,23.79,2024.0,6
2024-06-03 12:00:00,3709,30.89,63.53,31.91,61.39,19.87,2024.0,6
2024-06-03 13:00:00,3710,30.66,65.37,31.58,64.11,22.28,2024.0,6
2024-06-03 14:00:00,3711,26.48,81.38,25.87,80.95,26.41,2024.0,6
2024-06-03 15:00:00,3712,22.73,95.73,21.55,97.52,18.58,2024.0,6
2024-06-03 16:00:00,3713,22.85,94.88,21.69,97.47,14.74,2024.0,6
2024-06-03 17:00:00,3714,23.66,92.81,22.25,97.48,19.41,2024.0,6
2024-06-03 18:00:00,3715,23.89,91.93,22.44,97.75,19.73,2024.0,6
2024-06-03 19:00:00,3716,24.11,92.49,22.45,98.3,25.39,2024.0,6
2024-06-03 20:00:00,3717,23.74,93.5,22.3,98.15,23.07,2024.0,6
2024-06-03 21:00:00,3718,23.58,95.19,22.29,98.66,28.67,2024.0,6
2024-06-03 22:00:00,3719,23.74,91.25,22.57,95.82,18.88,2024.0,6
2024-06-03 23:00:00,3720,23.82,92.06,22.66,92.34,21.88,2024.0,6
2024-06-04 00:00:00,3721,23.88,91.26,22.54,92.01,21.67,2024.0,6
2024-06-04 01:00:00,3722,23.47,90.84,22.55,89.42,12.91,2024.0,6
2024-06-04 02:00:00,3723,23.24,90.33,22.27,89.18,11.0,2024.0,6
2024-06-04 03:00:00,3724,22.98,92.35,21.73,92.01,18.39,2024.0,6
2024-06-04 04:00:00,3725,22.78,89.91,22.01,87.83,7.59,2024.0,6
2024-06-04 05:00:00,3726,22.61,90.53,21.71,89.21,13.22,2024.0,6
2024-06-04 06:00:00,3727,22.48,93.58,21.93,90.87,22.83,2024.0,6
2024-06-04 07:00:00,3728,23.79,86.76,25.74,76.37,20.91,2024.0,6
2024-06-04 08:00:00,3729,26.63,79.8,32.03,59.93,33.43,2024.0,6
2024-06-04 09:00:00,3730,29.34,67.4,33.77,54.55,20.97,2024.0,6
2024-06-04 10:00:00,3731,30.52,59.05,33.94,50.78,5.52,2024.0,6
2024-06-04 11:00:00,3732,31.68,53.44,33.21,49.69,,2024.0,6
2024-06-04 12:00:00,3733,31.54,54.87,32.37,53.35,5.0,2024.0,6
2024-06-04 14:00:00,3735,30.73,59.25,31.48,58.94,,2024.0,6
2024-06-04 15:00:00,3736,29.91,61.28,31.0,60.71,,2024.0,6
2024-06-04 16:00:00,3737,28.82,65.69,28.5,68.11,6.48,2024.0,6
2024-06-04 17:00:00,3738,27.78,70.36,26.95,73.41,16.9,2024.0,6
2024-06-04 18:00:00,3739,26.67,75.26,25.96,77.25,15.16,2024.0,6
2024-06-04 20:00:00,3741,25.05,86.64,24.45,85.56,19.99,2024.0,6
2024-06-04 21:00:00,3742,24.94,87.58,24.24,86.7,22.4,2024.0,6
2024-06-04 22:00:00,3743,24.6,88.72,23.82,88.07,23.59,2024.0,6
2024-06-04 23:00:00,3744,24.26,91.25,23.11,91.65,27.4,2024.0,6
2024-06-05 00:00:00,3745,24.23,90.88,23.12,90.8,27.93,2024.0,6
2024-06-05 01:00:00,3746,23.92,90.6,22.45,92.0,24.99,2024.0,6
2024-06-05 02:00:00,3747,23.42,92.32,21.94,93.31,32.09,2024.0,6
2024-06-05 03:00:00,3748,23.32,93.17,21.95,93.74,32.09,2024.0,6
2024-06-05 04:00:00,3749,23.29,93.25,21.96,93.24,32.72,2024.0,6
2024-06-05 05:00:00,3750,23.12,92.68,21.61,93.36,36.43,2024.0,6
2024-06-05 06:00:00,3751,22.94,92.36,22.05,90.84,33.15,2024.0,6
2024-06-05 07:00:00,3752,23.11,90.79,24.32,82.73,39.98,2024.0,6
2024-06-05 08:00:00,3753,25.96,82.78,30.35,65.4,38.83,2024.0,6
2024-06-05 09:00:00,3754,28.5,73.67,32.82,57.54,37.47,2024.0,6
2024-06-05 10:00:00,3755,30.86,64.27,34.7,54.94,28.23,2024.0,6
2024-06-05 11:00:00,3756,32.01,58.21,32.95,55.87,23.79,2024.0,6
2024-06-05 12:00:00,3757,33.18,54.75,33.73,53.83,21.93,2024.0,6
2024-06-05 13:00:00,3758,33.44,51.37,33.48,51.94,19.28,2024.0,6
2024-06-05 14:00:00,3759,32.65,52.2,32.6,53.92,25.37,2024.0,6
2024-06-05 15:00:00,3760,31.38,60.19,32.17,60.73,31.6,2024.0,6
2024-06-05 16:00:00,3761,30.51,64.34,30.5,66.55,24.55,2024.0,6
2024-06-05 17:00:00,3762,26.35,79.56,24.89,84.74,18.33,2024.0,6
2024-06-05 18:00:00,3763,25.52,81.57,24.78,81.52,16.75,2024.0,6
2024-06-05 19:00:00,3764,26.07,80.79,25.03,81.23,23.46,2024.0,6
2024-06-05 20:00:00,3765,25.58,80.34,24.55,80.42,24.44,2024.0,6
2024-06-05 21:00:00,3766,24.6,80.67,23.46,81.39,15.57,2024.0,6
2024-06-05 22:00:00,3767,23.13,83.07,22.47,81.82,10.07,2024.0,6
2024-06-05 23:00:00,3768,22.69,80.4,21.94,78.98,10.97,2024.0,6
2024-06-06 00:00:00,3769,22.23,82.27,21.39,81.69,7.07,2024.0,6
2024-06-06 01:00:00,3770,21.65,81.25,20.35,81.25,20.95,2024.0,6
2024-06-06 02:00:00,3771,20.79,83.19,19.15,84.82,28.53,2024.0,6
2024-06-06 03:00:00,3772,20.22,86.04,18.81,86.36,24.32,2024.0,6
2024-06-06 04:00:00,3773,20.24,85.02,18.79,85.16,23.38,2024.0,6
2024-06-06 05:00:00,3774,19.65,87.75,18.33,88.02,24.97,2024.0,6
2024-06-06 06:00:00,3775,20.11,87.02,19.35,84.88,24.83,2024.0,6
2024-06-06 07:00:00,3776,22.85,80.04,26.35,66.14,32.11,2024.0,6
2024-06-06 08:00:00,3777,26.23,70.84,31.23,54.39,28.59,2024.0,6
2024-06-06 09:00:00,3778,27.86,66.48,31.76,56.49,33.23,2024.0,6
2024-06-06 10:00:00,3779,28.14,65.63,31.03,59.01,12.45,2024.0,6
2024-06-06 11:00:00,3780,28.86,63.94,30.86,59.81,4.8,2024.0,6
2024-06-06 12:00:00,3781,29.92,61.15,30.6,60.46,,2024.0,6
2024-06-06 13:00:00,3782,30.76,59.57,31.24,59.42,5.31,2024.0,6
2024-06-06 14:00:00,3783,31.12,59.39,31.76,59.35,10.53,2024.0,6
2024-06-06 15:00:00,3784,29.08,67.95,29.55,68.24,29.37,2024.0,6
2024-06-06 16:00:00,3785,28.01,69.91,28.47,69.82,26.55,2024.0,6
2024-06-06 17:00:00,3786,26.92,73.39,26.63,74.64,27.2,2024.0,6
2024-06-06 18:00:00,3787,26.44,77.1,25.97,78.12,34.66,2024.0,6
2024-06-06 19:00:00,3788,26.08,80.45,25.25,80.78,28.24,2024.0,6
2024-06-06 20:00:00,3789,24.45,81.08,24.27,79.55,16.93,2024.0,6
2024-06-06 21:00:00,3790,24.2,82.08,23.94,80.63,19.15,2024.0,6
2024-06-07 17:00:00,3810,27.36,69.21,26.49,70.38,32.59,2024.0,6
2024-06-07 18:00:00,3811,26.56,73.54,25.85,74.63,47.77,2024.0,6
2024-06-07 19:00:00,3812,26.07,80.06,25.29,79.81,45.2,2024.0,6
2024-06-07 20:00:00,3813,24.98,85.03,24.25,84.31,26.82,2024.0,6
2024-06-07 21:00:00,3814,24.45,86.58,23.57,86.4,26.15,2024.0,6
2024-06-07 22:00:00,3815,23.98,88.99,23.07,88.84,27.56,2024.0,6
2024-06-07 23:00:00,3816,23.67,89.14,23.02,87.58,31.98,2024.0,6
2024-06-08 00:00:00,3817,23.74,90.64,22.56,91.01,35.17,2024.0,6
2024-06-08 01:00:00,3818,23.45,92.64,22.03,93.55,37.47,2024.0,6
2024-06-08 02:00:00,3819,23.12,93.37,21.67,94.2,35.27,2024.0,6
2024-06-08 05:00:00,3822,22.01,93.25,20.79,93.18,33.28,2024.0,6
2024-06-08 06:00:00,3823,22.1,93.83,21.29,92.27,36.78,2024.0,6
2024-06-08 07:00:00,3824,23.81,88.85,25.54,78.91,37.83,2024.0,6
2024-06-08 08:00:00,3825,25.83,82.43,28.94,68.48,37.87,2024.0,6
2024-06-08 09:00:00,3826,27.43,75.82,31.57,59.72,48.43,2024.0,6
2024-06-08 10:00:00,3827,29.82,65.7,33.29,53.79,40.7,2024.0,6
2024-06-08 11:00:00,3828,31.24,57.01,33.62,51.16,29.1,2024.0,6
2024-06-08 12:00:00,3829,32.08,51.69,33.22,49.5,21.33,2024.0,6
2024-06-08 13:00:00,3830,31.86,55.19,31.88,56.14,30.66,2024.0,6
2024-06-08 14:00:00,3831,28.57,68.88,28.54,69.97,41.87,2024.0,6
2024-06-08 15:00:00,3832,25.3,75.77,24.78,78.9,36.07,2024.0,6
2024-06-08 16:00:00,3833,25.44,79.09,24.84,78.75,36.68,2024.0,6
2024-06-08 17:00:00,3834,25.33,79.57,24.9,77.79,36.32,2024.0,6
2024-06-08 18:00:00,3835,25.48,82.73,24.7,82.25,31.14,2024.0,6
2024-06-08 19:00:00,3836,25.06,86.6,23.99,86.9,34.66,2024.0,6
2024-06-08 21:00:00,3838,24.19,91.24,23.51,89.96,31.96,2024.0,6
2024-06-08 22:00:00,3839,23.65,92.61,22.82,91.26,44.56,2024.0,6
2024-06-08 23:00:00,3840,23.62,93.28,22.96,91.6,32.92,2024.0,6
2024-06-09 00:00:00,3841,23.56,94.74,22.6,93.79,36.14,2024.0,6
2024-06-09 01:00:00,3842,23.1,96.08,22.14,94.55,33.99,2024.0,6
2024-06-09 02:00:00,3843,22.77,94.8,21.77,93.4,35.09,2024.0,6
2024-06-09 03:00:00,3844,22.76,94.37,21.13,95.4,36.98,2024.0,6
2024-06-09 04:00:00,3845,22.46,95.1,20.88,96.21,39.16,2024.0,6
2024-06-09 05:00:00,3846,22.24,97.46,20.79,97.7,42.79,2024.0,6
2024-06-09 06:00:00,3847,21.77,96.59,20.96,95.18,43.08,2024.0,6
2024-06-09 07:00:00,3848,22.74,93.54,24.25,83.73,49.23,2024.0,6
2024-06-09 08:00:00,3849,25.74,84.47,28.61,70.66,39.22,2024.0,6
2024-06-09 09:00:00,3850,27.51,77.23,30.65,63.54,44.85,2024.0,6
2024-06-09 10:00:00,3851,28.3,72.7,31.4,63.17,33.72,2024.0,6
2024-06-09 11:00:00,3852,30.14,67.21,33.03,59.63,31.07,2024.0,6
2024-06-09 12:00:00,3853,30.81,63.67,31.64,61.42,23.3,2024.0,6
2024-06-09 13:00:00,3854,28.69,72.21,28.44,71.92,33.12,2024.0,6
2024-06-09 14:00:00,3855,25.79,79.22,25.62,77.84,32.46,2024.0,6
2024-06-09 15:00:00,3856,25.46,79.81,26.48,73.44,24.44,2024.0,6
2024-06-09 16:00:00,3857,26.98,75.33,26.46,73.11,34.44,2024.0,6
2024-06-09 17:00:00,3858,25.24,85.97,24.26,85.69,24.95,2024.0,6
2024-06-09 18:00:00,3859,24.62,87.98,23.55,87.74,24.05,2024.0,6
2024-06-09 19:00:00,3860,23.75,91.22,22.85,90.14,26.13,2024.0,6
2024-06-09 20:00:00,3861,23.8,90.6,22.72,90.25,26.73,2024.0,6
2024-06-09 21:00:00,3862,23.73,92.95,22.41,93.69,30.71,2024.0,6
2024-06-09 22:00:00,3863,23.11,97.62,21.97,96.69,30.69,2024.0,6
2024-06-09 23:00:00,3864,22.94,97.78,21.57,97.85,38.81,2024.0,6
2024-06-10 00:00:00,3865,22.71,98.16,21.49,97.46,33.68,2024.0,6
2024-06-10 01:00:00,3866,22.74,97.39,21.34,97.54,47.45,2024.0,6
2024-06-10 02:00:00,3867,22.43,98.02,20.95,98.21,42.99,2024.0,6
2024-06-10 03:00:00,3868,22.12,97.98,20.81,97.77,37.92,2024.0,6
2024-06-10 04:00:00,3869,22.01,97.28,20.53,97.77,35.79,2024.0,6
2024-06-10 05:00:00,3870,21.98,98.94,20.6,98.74,40.94,2024.0,6
2024-06-10 06:00:00,3871,21.43,99.87,20.68,99.25,39.17,2024.0,6
2024-06-10 07:00:00,3872,21.79,99.58,21.56,96.09,34.98,2024.0,6
2024-06-10 08:00:00,3873,22.65,96.91,24.3,85.79,40.71,2024.0,6
2024-06-10 09:00:00,3874,26.09,83.72,30.72,64.48,32.8,2024.0,6
2024-06-10 10:00:00,3875,29.83,71.47,33.07,60.7,34.8,2024.0,6
2024-06-10 11:00:00,3876,30.74,69.21,33.2,62.07,33.97,2024.0,6
2024-06-10 12:00:00,3877,31.79,64.81,32.66,62.37,27.21,2024.0,6
2024-06-10 13:00:00,3878,31.4,65.35,31.72,64.69,24.73,2024.0,6
2024-06-10 14:00:00,3879,29.01,74.04,28.79,74.43,41.83,2024.0,6
2024-06-10 15:00:00,3880,26.28,80.63,26.5,78.59,27.3,2024.0,6
2024-06-10 16:00:00,3881,25.72,81.92,25.9,79.42,25.46,2024.0,6
2024-06-10 17:00:00,3882,26.35,80.0,25.94,79.29,34.73,2024.0,6
2024-06-10 18:00:00,3883,26.94,80.13,26.02,80.66,43.35,2024.0,6
2024-06-10 19:00:00,3884,26.25,85.02,25.36,83.91,26.71,2024.0,6
2024-06-10 20:00:00,3885,25.84,87.63,24.62,87.66,31.71,2024.0,6
2024-06-10 21:00:00,3886,25.04,91.6,24.13,90.44,34.38,2024.0,6
2024-06-10 22:00:00,3887,24.94,91.75,23.91,90.85,32.9,2024.0,6
2024-06-10 23:00:00,3888,24.25,93.82,23.3,92.67,30.33,2024.0,6
2024-06-11 00:00:00,3889,23.85,94.57,23.04,92.73,28.76,2024.0,6
2024-06-11 01:00:00,3890,23.53,95.55,22.75,93.15,29.12,2024.0,6
2024-06-11 02:00:00,3891,23.48,94.64,22.68,92.04,27.52,2024.0,6
2024-06-11 03:00:00,3892,23.3,95.38,22.24,93.69,28.5,2024.0,6
2024-06-11 04:00:00,3893,23.23,95.3,22.0,94.27,30.89,2024.0,6
2024-06-11 05:00:00,3894,22.86,95.12,21.92,93.18,30.4,2024.0,6
2024-06-11 06:00:00,3895,22.76,95.93,22.44,91.58,31.27,2024.0,6
2024-06-11 07:00:00,3896,24.3,89.94,24.2,85.32,32.58,2024.0,6
2024-06-11 08:00:00,3897,25.63,86.29,26.22,79.34,35.4,2024.0,6
2024-06-11 09:00:00,3898,28.01,78.27,31.19,64.83,39.11,2024.0,6
2024-06-11 10:00:00,3899,30.98,67.68,34.26,54.84,34.2,2024.0,6
2024-06-11 11:00:00,3900,31.54,64.05,33.9,58.34,27.43,2024.0,6
2024-06-11 12:00:00,3901,31.48,63.93,32.17,62.43,29.69,2024.0,6
2024-06-11 13:00:00,3902,29.73,69.97,29.47,70.72,42.63,2024.0,6
2024-06-11 14:00:00,3903,25.46,77.95,25.61,75.91,31.13,2024.0,6
2024-06-11 15:00:00,3904,26.07,80.3,28.59,72.41,27.07,2024.0,6
2024-06-11 16:00:00,3905,27.02,78.57,27.03,76.87,33.77,2024.0,6
2024-06-11 17:00:00,3906,26.13,84.54,25.54,82.97,29.57,2024.0,6
2024-06-11 18:00:00,3907,25.63,87.51,25.05,85.42,30.06,2024.0,6
2024-06-11 19:00:00,3908,24.95,89.14,24.33,87.21,29.1,2024.0,6
2024-06-11 20:00:00,3909,24.32,93.91,23.75,91.57,30.37,2024.0,6
2024-06-11 21:00:00,3910,23.36,97.64,22.99,93.61,24.14,2024.0,6
2024-06-11 22:00:00,3911,23.56,96.29,22.98,92.87,22.33,2024.0,6
2024-06-11 23:00:00,3912,24.05,94.02,22.85,93.45,24.67,2024.0,6
2024-06-12 00:00:00,3913,23.97,93.93,22.73,93.7,26.06,2024.0,6
2024-06-12 01:00:00,3914,23.54,97.06,22.37,96.1,33.1,2024.0,6
2024-06-12 02:00:00,3915,23.37,97.94,22.35,95.77,28.79,2024.0,6
2024-06-12 03:00:00,3916,23.66,96.19,22.47,95.22,32.05,2024.0,6
2024-06-12 04:00:00,3917,23.16,98.59,21.82,97.62,33.72,2024.0,6
2024-06-12 05:00:00,3918,22.98,99.04,21.67,97.85,33.34,2024.0,6
2024-06-12 06:00:00,3919,22.47,99.87,21.92,96.94,32.74,2024.0,6
2024-06-12 07:00:00,3920,23.87,93.34,25.28,82.88,34.39,2024.0,6
2024-06-12 08:00:00,3921,25.98,85.01,28.2,72.79,30.38,2024.0,6
2024-06-12 09:00:00,3922,27.49,78.54,30.59,64.34,29.64,2024.0,6
2024-06-12 10:00:00,3923,28.75,72.8,31.67,59.94,20.17,2024.0,6
2024-06-12 11:00:00,3924,30.33,66.72,31.11,59.83,20.59,2024.0,6
2024-06-12 12:00:00,3925,29.06,71.78,31.4,61.58,31.9,2024.0,6
2024-06-12 13:00:00,3926,29.87,68.2,30.67,62.29,35.86,2024.0,6
2024-06-12 14:00:00,3927,28.03,74.59,29.15,69.62,35.9,2024.0,6
2024-06-12 15:00:00,3928,27.89,76.82,27.85,74.7,32.6,2024.0,6
2024-06-12 16:00:00,3929,25.62,81.55,25.01,80.43,15.76,2024.0,6
2024-06-12 17:00:00,3930,24.23,88.2,23.93,85.45,14.83,2024.0,6
2024-06-12 18:00:00,3931,23.89,87.79,23.49,85.41,7.06,2024.0,6
2024-06-12 19:00:00,3932,23.81,89.65,23.09,88.15,15.46,2024.0,6
2024-06-12 20:00:00,3933,23.78,91.38,22.94,89.95,21.57,2024.0,6
2024-06-12 21:00:00,3934,23.89,91.25,22.67,91.16,24.61,2024.0,6
2024-06-12 22:00:00,3935,23.77,91.76,22.51,91.58,27.35,2024.0,6
2024-06-12 23:00:00,3936,23.02,95.47,22.29,93.04,30.93,2024.0,6
2024-06-13 00:00:00,3937,22.71,98.36,21.82,95.82,33.85,2024.0,6
2024-06-13 01:00:00,3938,22.95,97.36,21.9,95.46,36.0,2024.0,6
2024-06-13 02:00:00,3939,22.68,97.52,21.69,95.36,34.68,2024.0,6
2024-06-13 03:00:00,3940,22.88,96.17,21.85,94.13,32.02,2024.0,6
2024-06-13 04:00:00,3941,23.03,95.72,21.78,94.71,32.58,2024.0,6
2024-06-13 05:00:00,3942,22.45,98.96,21.37,97.17,32.79,2024.0,6
2024-06-13 06:00:00,3943,22.42,98.98,21.71,95.53,33.36,2024.0,6
2024-06-13 07:00:00,3944,23.83,93.56,25.03,84.1,34.53,2024.0,6
2024-06-13 08:00:00,3945,25.53,87.56,27.2,77.05,34.39,2024.0,6
2024-06-13 09:00:00,3946,26.84,80.97,28.34,71.37,29.37,2024.0,6
2024-06-13 10:00:00,3947,29.21,72.14,32.39,58.78,23.53,2024.0,6
2024-06-13 11:00:00,3948,29.18,70.43,29.2,65.41,29.47,2024.0,6
2024-06-13 12:00:00,3949,28.32,74.42,28.2,70.14,32.9,2024.0,6
2024-06-13 13:00:00,3950,27.55,76.86,28.51,69.81,34.67,2024.0,6
2024-06-13 14:00:00,3951,28.03,74.43,30.31,64.29,23.59,2024.0,6
2024-06-13 15:00:00,3952,28.18,74.82,30.76,63.96,21.97,2024.0,6
2024-06-13 16:00:00,3953,28.58,74.73,30.85,64.87,23.1,2024.0,6
2024-06-13 17:00:00,3954,28.13,78.59,27.33,76.94,28.38,2024.0,6
2024-06-13 19:00:00,3956,25.57,87.21,24.27,87.55,23.23,2024.0,6
2024-06-13 20:00:00,3957,24.55,91.83,23.71,90.46,25.44,2024.0,6
2024-06-13 21:00:00,3958,24.39,92.87,23.25,92.51,29.44,2024.0,6
2024-06-13 22:00:00,3959,24.31,93.37,22.99,93.56,31.67,2024.0,6
2024-06-13 23:00:00,3960,23.97,93.79,22.5,94.31,36.13,2024.0,6
2024-06-14 00:00:00,3961,23.29,93.45,22.22,92.12,42.54,2024.0,6
2024-06-14 01:00:00,3962,22.81,91.34,22.15,88.56,34.53,2024.0,6
2024-06-14 02:00:00,3963,23.04,92.76,22.15,90.9,32.7,2024.0,6
2024-06-14 03:00:00,3964,22.8,90.73,21.53,89.82,27.49,2024.0,6
2024-06-14 04:00:00,3965,22.17,91.02,21.19,89.71,23.8,2024.0,6
2024-06-14 05:00:00,3966,22.28,94.4,21.33,92.64,30.91,2024.0,6
2024-06-14 06:00:00,3967,22.53,93.52,21.47,92.19,33.21,2024.0,6
2024-06-14 07:00:00,3968,24.14,88.3,24.85,81.04,32.0,2024.0,6
2024-06-14 08:00:00,3969,27.05,80.36,30.16,66.73,42.13,2024.0,6
2024-06-14 09:00:00,3970,28.7,75.51,31.97,61.72,,2024.0,6
2024-06-14 10:00:00,3971,30.66,68.02,33.65,56.33,41.24,2024.0,6
2024-06-14 11:00:00,3972,31.9,63.63,33.82,58.57,40.03,2024.0,6
2024-06-14 12:00:00,3973,30.52,65.9,31.17,64.8,44.48,2024.0,6
2024-06-14 13:00:00,3974,29.53,70.43,30.6,68.42,29.7,2024.0,6
2024-06-14 14:00:00,3975,29.46,69.98,32.24,64.4,21.8,2024.0,6
2024-06-14 15:00:00,3976,28.92,70.3,31.16,65.51,15.76,2024.0,6
2024-06-14 16:00:00,3977,28.57,71.42,30.43,67.42,18.97,2024.0,6
2024-06-14 17:00:00,3978,26.87,79.38,26.55,78.83,24.66,2024.0,6
2024-06-14 18:00:00,3979,25.93,86.16,25.63,83.65,24.17,2024.0,6
2024-06-14 19:00:00,3980,24.72,91.16,24.41,88.27,25.02,2024.0,6
2024-06-14 20:00:00,3981,24.08,90.52,23.47,89.0,22.18,2024.0,6
2024-06-14 21:00:00,3982,24.08,88.48,23.53,86.61,17.58,2024.0,6
2024-06-14 22:00:00,3983,24.4,86.87,23.63,85.48,20.21,2024.0,6
2024-06-14 23:00:00,3984,24.38,88.37,23.3,87.86,29.2,2024.0,6
2024-06-15 00:00:00,3985,24.22,89.58,22.93,89.96,34.26,2024.0,6
2024-06-15 01:00:00,3986,24.34,89.9,23.23,89.47,31.58,2024.0,6
2024-06-15 02:00:00,3987,23.9,92.4,22.97,91.23,33.89,2024.0,6
2024-06-15 03:00:00,3988,23.48,94.61,22.65,92.55,26.73,2024.0,6
2024-06-15 04:00:00,3989,23.39,95.51,22.15,94.7,27.75,2024.0,6
2024-06-15 05:00:00,3990,23.32,95.94,22.23,94.73,32.49,2024.0,6
2024-06-15 06:00:00,3991,23.16,96.34,22.6,92.88,32.47,2024.0,6
2024-06-15 07:00:00,3992,23.98,93.29,24.14,88.09,37.22,2024.0,6
2024-06-15 08:00:00,3993,26.85,83.84,30.2,68.97,36.38,2024.0,6
2024-06-15 09:00:00,3994,28.65,76.5,32.06,61.91,38.2,2024.0,6
2024-06-15 10:00:00,3995,28.88,72.76,31.31,61.6,34.62,2024.0,6
2024-06-15 11:00:00,3996,29.6,68.43,31.96,58.61,25.8,2024.0,6
2024-06-15 12:00:00,3997,30.93,64.35,32.73,60.1,23.83,2024.0,6
2024-06-15 13:00:00,3998,31.07,64.89,32.34,62.57,24.97,2024.0,6
2024-06-15 14:00:00,3999,28.15,75.15,28.01,75.02,28.76,2024.0,6
2024-06-15 15:00:00,4000,26.79,80.11,26.75,77.01,24.94,2024.0,6
2024-06-15 16:00:00,4001,26.38,81.13,26.06,78.57,21.76,2024.0,6
2024-06-15 17:00:00,4002,26.71,80.36,25.61,80.38,34.45,2024.0,6
2024-06-15 18:00:00,4003,26.21,84.39,25.19,84.34,43.55,2024.0,6
2024-06-15 19:00:00,4004,25.69,87.13,25.13,84.92,42.48,2024.0,6
2024-06-15 20:00:00,4005,25.66,86.9,24.93,85.13,33.52,2024.0,6
2024-06-15 21:00:00,4006,25.77,88.74,24.79,87.93,34.98,2024.0,6
2024-06-15 22:00:00,4007,25.46,90.43,24.31,89.83,29.77,2024.0,6
2024-06-15 23:00:00,4008,25.27,88.51,23.85,88.98,34.59,2024.0,6
2024-06-16 00:00:00,4009,24.72,90.79,23.61,90.49,34.15,2024.0,6
2024-06-16 01:00:00,4010,24.2,93.24,23.05,92.84,38.28,2024.0,6
2024-06-16 02:00:00,4011,24.21,90.95,23.12,90.04,27.47,2024.0,6
2024-06-16 03:00:00,4012,23.81,91.02,22.61,90.79,29.52,2024.0,6
2024-06-16 04:00:00,4013,23.34,93.11,22.03,92.77,30.51,2024.0,6
2024-06-16 05:00:00,4014,23.09,93.12,21.96,92.14,27.35,2024.0,6
2024-06-16 06:00:00,4015,23.05,95.16,22.09,93.59,34.84,2024.0,6
2024-06-16 07:00:00,4016,23.82,91.67,24.56,84.21,33.28,2024.0,6
2024-06-16 08:00:00,4017,27.01,81.87,28.92,71.25,36.38,2024.0,6
2024-06-16 09:00:00,4018,28.91,76.07,31.99,62.95,47.57,2024.0,6
2024-06-16 10:00:00,4019,31.65,65.99,34.67,55.11,42.33,2024.0,6
2024-06-16 11:00:00,4020,32.13,59.98,34.59,54.55,26.41,2024.0,6
2024-06-16 12:00:00,4021,31.96,57.34,33.16,55.19,11.07,2024.0,6
2024-06-16 13:00:00,4022,32.07,58.91,32.34,59.85,21.97,2024.0,6
2024-06-16 14:00:00,4023,28.68,74.58,28.62,74.26,40.0,2024.0,6
2024-06-16 15:00:00,4024,28.05,77.31,28.89,73.9,37.7,2024.0,6
2024-06-16 16:00:00,4025,27.6,78.43,28.52,74.36,35.48,2024.0,6
2024-06-16 17:00:00,4026,26.82,78.0,26.74,76.49,33.13,2024.0,6
2024-06-16 18:00:00,4027,26.76,79.63,26.01,79.79,32.9,2024.0,6
2024-06-16 19:00:00,4028,26.27,83.37,25.53,82.87,24.19,2024.0,6
2024-06-16 20:00:00,4029,25.62,86.84,24.94,85.36,25.8,2024.0,6
2024-06-16 21:00:00,4030,24.93,88.98,24.22,87.68,26.8,2024.0,6
2024-06-16 22:00:00,4031,24.41,90.32,23.86,88.22,28.39,2024.0,6
2024-06-16 23:00:00,4032,23.95,88.38,23.23,86.64,20.3,2024.0,6
2024-06-17 00:00:00,4033,23.38,89.14,22.62,87.25,20.61,2024.0,6
2024-06-17 01:00:00,4034,22.81,91.6,22.05,89.5,23.24,2024.0,6
2024-06-17 02:00:00,4035,22.5,90.99,21.43,90.11,18.07,2024.0,6
2024-06-17 03:00:00,4036,22.28,92.08,20.9,92.4,23.38,2024.0,6
2024-06-17 04:00:00,4037,21.54,92.73,20.71,90.96,25.34,2024.0,6
2024-06-17 05:00:00,4038,21.23,91.34,20.3,90.09,18.67,2024.0,6
2024-06-17 06:00:00,4039,21.17,93.93,20.28,92.54,27.54,2024.0,6
2024-06-17 07:00:00,4040,23.42,86.65,24.91,77.34,29.0,2024.0,6
2024-06-17 08:00:00,4041,27.57,73.17,31.79,57.27,37.53,2024.0,6
2024-06-17 09:00:00,4042,27.98,67.06,31.44,54.17,21.52,2024.0,6
2024-06-17 10:00:00,4043,29.17,61.62,31.93,51.2,11.3,2024.0,6
2024-06-17 11:00:00,4044,30.88,56.58,33.6,49.24,7.93,2024.0,6
2024-06-17 12:00:00,4045,32.75,52.04,33.12,51.57,7.76,2024.0,6
2024-06-17 13:00:00,4046,30.36,59.59,30.47,61.04,24.8,2024.0,6
2024-06-17 14:00:00,4047,28.56,69.0,29.12,68.62,28.69,2024.0,6
2024-06-17 15:00:00,4048,28.39,69.81,30.44,65.46,26.62,2024.0,6
2024-06-17 16:00:00,4049,27.54,74.69,28.23,72.21,29.8,2024.0,6
2024-06-17 17:00:00,4050,27.08,76.56,26.8,75.91,31.67,2024.0,6
2024-06-17 18:00:00,4051,26.96,76.34,25.98,77.55,35.2,2024.0,6
2024-06-17 19:00:00,4052,25.7,82.61,24.68,82.82,27.01,2024.0,6
2024-06-17 20:00:00,4053,25.03,83.76,24.18,83.15,26.98,2024.0,6
2024-06-17 21:00:00,4054,24.53,84.52,23.8,83.54,26.93,2024.0,6
2024-06-17 22:00:00,4055,24.44,85.84,23.44,85.72,32.79,2024.0,6
2024-06-17 23:00:00,4056,24.27,87.24,23.0,88.01,33.48,2024.0,6
2024-06-18 00:00:00,4057,23.71,89.52,22.41,90.31,33.75,2024.0,6
2024-06-18 01:00:00,4058,23.18,92.61,21.93,92.62,38.12,2024.0,6
2024-06-18 02:00:00,4059,22.84,92.29,21.6,92.21,35.95,2024.0,6
2024-06-18 03:00:00,4060,22.84,91.75,21.62,91.58,34.06,2024.0,6
2024-06-18 04:00:00,4061,22.61,92.34,21.38,92.31,32.45,2024.0,6
2024-06-18 05:00:00,4062,22.52,93.59,21.13,94.03,36.41,2024.0,6
2024-06-18 06:00:00,4063,22.17,93.23,21.31,91.59,33.61,2024.0,6
2024-06-18 07:00:00,4064,22.93,89.94,23.66,83.16,33.94,2024.0,6
2024-06-18 08:00:00,4065,25.37,83.18,26.85,73.99,35.89,2024.0,6
2024-06-18 09:00:00,4066,27.29,76.86,30.49,63.44,41.26,2024.0,6
2024-06-18 10:00:00,4067,28.06,73.98,30.25,63.47,41.34,2024.0,6
2024-06-18 11:00:00,4068,29.32,69.54,32.05,58.87,37.67,2024.0,6
2024-06-18 12:00:00,4069,29.85,65.76,31.46,58.35,18.55,2024.0,6
2024-06-18 13:00:00,4070,29.97,67.76,30.63,62.91,31.86,2024.0,6
2024-06-18 14:00:00,4071,26.85,79.53,28.04,72.94,38.09,2024.0,6
2024-06-18 15:00:00,4072,28.32,75.06,29.57,67.64,33.0,2024.0,6
2024-06-18 16:00:00,4073,28.26,75.65,27.76,73.47,29.77,2024.0,6
2024-06-18 17:00:00,4074,26.32,83.37,25.76,81.85,25.44,2024.0,6
2024-06-18 18:00:00,4075,25.38,88.93,24.83,86.98,27.61,2024.0,6
2024-06-18 19:00:00,4076,25.01,91.17,24.54,88.58,30.73,2024.0,6
2024-06-18 20:00:00,4077,24.95,90.13,24.25,88.24,28.35,2024.0,6
2024-06-18 21:00:00,4078,24.62,91.06,23.93,89.15,29.43,2024.0,6
2024-06-18 22:00:00,4079,24.45,92.07,23.58,90.8,32.45,2024.0,6
2024-06-18 23:00:00,4080,24.57,92.01,23.51,91.27,34.82,2024.0,6
2024-06-19 00:00:00,4081,24.26,91.8,22.99,91.69,29.64,2024.0,6
2024-06-19 01:00:00,4082,23.63,92.19,22.56,91.33,25.44,2024.0,6
2024-06-19 02:00:00,4083,23.4,93.63,22.11,93.2,29.71,2024.0,6
2024-06-19 03:00:00,4084,22.97,94.6,21.62,94.5,29.93,2024.0,6
2024-06-19 04:00:00,4085,22.54,95.84,21.5,94.61,32.41,2024.0,6
2024-06-19 05:00:00,4086,22.36,96.41,20.87,96.64,32.9,2024.0,6
2024-06-19 06:00:00,4087,22.16,96.29,20.93,95.96,31.69,2024.0,6
2024-06-19 07:00:00,4088,23.19,92.26,23.98,84.73,32.83,2024.0,6
2024-06-19 08:00:00,4089,25.29,83.4,27.48,71.58,29.04,2024.0,6
2024-06-19 09:00:00,4090,25.6,81.26,27.55,70.82,29.18,2024.0,6
2024-06-19 10:00:00,4091,29.69,68.48,33.06,55.24,32.07,2024.0,6
2024-06-19 11:00:00,4092,30.76,63.16,33.4,56.53,25.69,2024.0,6
2024-06-19 12:00:00,4093,31.94,59.91,33.54,56.35,23.7,2024.0,6
2024-06-19 13:00:00,4094,33.07,55.71,34.36,53.62,23.67,2024.0,6
2024-06-19 14:00:00,4095,31.84,57.21,33.08,55.66,23.07,2024.0,6
2024-06-19 15:00:00,4096,29.51,62.75,29.57,63.97,24.54,2024.0,6
2024-06-19 16:00:00,4097,28.23,68.79,28.09,69.48,27.59,2024.0,6
2024-06-19 17:00:00,4098,27.54,70.73,26.72,72.71,29.2,2024.0,6
2024-06-19 18:00:00,4099,26.43,72.94,25.5,74.98,32.33,2024.0,6
2024-06-19 19:00:00,4100,24.72,80.07,24.23,79.82,28.42,2024.0,6
2024-06-19 20:00:00,4101,23.93,85.45,23.48,84.16,25.19,2024.0,6
2024-06-19 21:00:00,4102,23.31,89.8,22.72,87.96,27.77,2024.0,6
2024-06-19 22:00:00,4103,22.61,86.45,22.33,83.39,18.36,2024.0,6
2024-06-19 23:00:00,4104,22.05,87.72,21.8,84.67,17.04,2024.0,6
2024-06-20 00:00:00,4105,21.73,89.17,21.23,86.83,18.64,2024.0,6
2024-06-20 01:00:00,4106,21.36,88.67,20.92,86.06,17.49,2024.0,6
2024-06-20 02:00:00,4107,21.05,87.28,20.59,84.45,14.74,2024.0,6
2024-06-20 03:00:00,4108,20.55,88.79,19.93,85.78,15.5,2024.0,6
2024-06-20 04:00:00,4109,20.51,88.75,19.45,87.08,19.61,2024.0,6
2024-06-20 05:00:00,4110,20.45,87.62,19.1,86.91,23.07,2024.0,6
2024-06-20 06:00:00,4111,19.83,90.52,18.6,90.09,32.51,2024.0,6
2024-06-20 07:00:00,4112,21.82,83.83,23.16,75.19,42.76,2024.0,6
2024-06-20 08:00:00,4113,24.85,73.96,28.92,58.84,41.37,2024.0,6
2024-06-20 09:00:00,4114,26.98,67.01,30.89,53.3,33.59,2024.0,6
2024-06-20 10:00:00,4115,28.9,57.83,31.75,49.94,17.2,2024.0,6
2024-06-20 11:00:00,4116,29.54,56.3,32.19,51.35,19.0,2024.0,6
2024-06-20 12:00:00,4117,31.25,54.74,31.94,53.54,20.4,2024.0,6
2024-06-20 13:00:00,4118,31.08,55.66,31.75,55.16,22.43,2024.0,6
2024-06-20 14:00:00,4119,29.86,60.14,30.12,61.32,33.17,2024.0,6
2024-06-20 15:00:00,4120,29.59,63.61,32.32,59.34,38.63,2024.0,6
2024-06-20 16:00:00,4121,30.01,62.4,30.34,63.31,25.66,2024.0,6
2024-06-20 17:00:00,4122,27.78,68.95,26.77,71.95,32.13,2024.0,6
2024-06-20 18:00:00,4123,26.29,73.77,25.69,74.74,35.37,2024.0,6
2024-06-20 19:00:00,4124,25.76,74.49,24.93,75.5,34.38,2024.0,6
2024-06-20 20:00:00,4125,25.07,75.17,24.13,76.5,33.6,2024.0,6
2024-06-20 21:00:00,4126,24.63,77.22,23.81,77.82,36.97,2024.0,6
2024-06-20 22:00:00,4127,24.56,78.32,23.14,80.15,39.69,2024.0,6
2024-06-20 23:00:00,4128,23.88,81.3,22.37,83.48,33.09,2024.0,6
2024-06-21 00:00:00,4129,23.24,84.33,21.65,86.17,30.84,2024.0,6
2024-06-21 01:00:00,4130,22.75,87.12,21.3,88.66,30.57,2024.0,6
2024-06-21 02:00:00,4131,22.08,90.05,20.66,91.54,33.43,2024.0,6
2024-06-21 03:00:00,4132,21.67,91.63,20.44,92.3,30.1,2024.0,6
2024-06-21 04:00:00,4133,21.58,91.08,20.07,92.66,34.75,2024.0,6
2024-06-21 05:00:00,4134,21.01,91.84,19.71,92.32,33.21,2024.0,6
2024-06-21 06:00:00,4135,20.95,92.21,20.05,91.39,34.17,2024.0,6
2024-06-21 07:00:00,4136,22.82,86.29,24.15,78.1,34.15,2024.0,6
2024-06-21 08:00:00,4137,25.56,77.24,29.41,62.05,39.19,2024.0,6
2024-06-21 09:00:00,4138,28.04,68.86,31.96,54.99,37.86,2024.0,6
2024-06-21 10:00:00,4139,30.16,61.31,32.68,51.6,33.93,2024.0,6
2024-06-21 11:00:00,4140,31.03,54.76,33.56,48.75,25.87,2024.0,6
2024-06-21 12:00:00,4141,32.23,,32.71,42.03,6.0,2024.0,6
2024-06-21 13:00:00,4142,33.01,,33.4,43.14,5.37,2024.0,6
2024-06-21 14:00:00,4143,33.19,,35.42,41.77,6.31,2024.0,6
2024-06-21 15:00:00,4144,29.86,61.04,31.52,60.44,39.43,2024.0,6
2024-06-21 16:00:00,4145,29.29,63.6,30.43,63.5,32.77,2024.0,6
2024-06-21 17:00:00,4146,29.03,64.0,27.89,68.44,25.86,2024.0,6
2024-06-21 18:00:00,4147,27.55,71.05,26.35,74.69,32.1,2024.0,6
2024-06-21 19:00:00,4148,26.04,79.63,24.81,81.81,29.22,2024.0,6
2024-06-21 20:00:00,4149,24.66,86.76,23.82,87.38,26.89,2024.0,6
2024-06-21 21:00:00,4150,24.51,87.68,23.77,87.48,27.76,2024.0,6
2024-06-21 22:00:00,4151,23.98,87.8,23.05,88.1,28.43,2024.0,6
2024-06-21 23:00:00,4152,23.06,86.89,22.35,85.99,22.71,2024.0,6
2024-06-22 00:00:00,4153,22.26,90.88,21.62,89.6,32.37,2024.0,6
2024-06-22 01:00:00,4154,22.11,91.7,21.48,89.84,32.07,2024.0,6
2024-06-22 02:00:00,4155,22.6,88.19,21.32,88.5,28.3,2024.0,6
2024-06-22 03:00:00,4156,21.75,89.73,20.55,90.16,22.04,2024.0,6
2024-06-22 04:00:00,4157,20.68,91.96,20.06,89.3,27.47,2024.0,6
2024-06-22 05:00:00,4158,20.37,89.64,19.67,87.38,26.58,2024.0,6
2024-06-22 06:00:00,4159,20.7,88.98,20.01,86.63,27.77,2024.0,6
2024-06-22 07:00:00,4160,21.93,85.18,23.15,77.65,26.15,2024.0,6
2024-06-22 08:00:00,4161,23.59,80.27,26.93,66.44,27.32,2024.0,6
2024-06-22 09:00:00,4162,26.12,73.22,30.3,57.71,36.93,2024.0,6
2024-06-22 10:00:00,4163,27.13,63.95,29.87,53.19,19.27,2024.0,6
2024-06-22 11:00:00,4164,28.33,58.78,30.71,49.75,15.04,2024.0,6
2024-06-22 12:00:00,4165,29.05,53.59,29.9,51.48,11.5,2024.0,6
2024-06-22 13:00:00,4166,29.38,51.6,30.28,50.87,14.0,2024.0,6
2024-06-22 14:00:00,4167,29.19,53.09,32.0,48.97,11.13,2024.0,6
2024-06-22 15:00:00,4168,28.51,55.2,30.67,52.1,16.21,2024.0,6
2024-06-22 16:00:00,4169,28.05,57.81,29.16,57.12,22.78,2024.0,6
2024-06-22 17:00:00,4170,26.51,65.43,26.17,67.84,29.93,2024.0,6
2024-06-22 18:00:00,4171,25.52,70.64,24.65,73.06,34.66,2024.0,6
2024-06-22 19:00:00,4172,24.06,76.06,23.5,76.59,28.13,2024.0,6
2024-06-22 20:00:00,4173,23.03,78.66,22.6,77.67,24.03,2024.0,6
2024-06-22 21:00:00,4174,22.59,78.69,22.02,77.94,23.76,2024.0,6
2024-06-22 22:00:00,4175,22.11,80.31,21.19,80.67,22.02,2024.0,6
2024-06-22 23:00:00,4176,21.48,81.32,20.92,80.63,16.79,2024.0,6
2024-06-23 00:00:00,4177,21.22,81.88,20.3,81.76,21.76,2024.0,6
2024-06-23 01:00:00,4178,21.24,81.89,19.44,84.67,29.66,2024.0,6
2024-06-23 02:00:00,4179,20.58,85.84,18.96,87.06,32.41,2024.0,6
2024-06-23 03:00:00,4180,19.9,87.21,18.49,87.92,31.29,2024.0,6
2024-06-23 04:00:00,4181,19.87,87.22,18.39,87.95,31.45,2024.0,6
2024-06-23 05:00:00,4182,19.33,87.92,17.52,90.18,35.05,2024.0,6
2024-06-23 06:00:00,4183,19.16,85.06,18.1,83.8,30.65,2024.0,6
2024-06-23 07:00:00,4184,20.65,79.75,21.63,72.92,38.15,2024.0,6
2024-06-23 08:00:00,4185,23.9,74.68,27.25,61.82,45.97,2024.0,6
2024-06-23 09:00:00,4186,25.45,68.54,28.77,56.46,14.47,2024.0,6
2024-06-23 10:00:00,4187,26.0,67.05,28.11,58.16,13.28,2024.0,6
2024-06-23 11:00:00,4188,26.74,65.43,28.67,57.6,17.2,2024.0,6
2024-06-23 12:00:00,4189,27.36,63.33,28.39,57.61,16.38,2024.0,6
2024-06-23 13:00:00,4190,27.98,60.35,29.23,54.35,11.14,2024.0,6
2024-06-23 14:00:00,4191,28.28,58.84,30.84,51.13,6.2,2024.0,6
2024-06-23 15:00:00,4192,28.23,60.19,30.39,56.61,6.34,2024.0,6
2024-06-23 16:00:00,4193,27.64,62.28,28.94,60.81,6.47,2024.0,6
2024-06-23 17:00:00,4194,26.68,66.63,26.55,67.97,14.34,2024.0,6
2024-06-23 18:00:00,4195,25.34,74.35,24.94,74.56,23.67,2024.0,6
2024-06-23 19:00:00,4196,24.48,78.26,24.16,77.27,27.93,2024.0,6
2024-06-23 20:00:00,4197,23.99,79.83,23.66,78.9,23.92,2024.0,6
2024-06-23 21:00:00,4198,23.56,82.38,23.02,81.35,23.38,2024.0,6
2024-06-23 22:00:00,4199,23.44,83.86,22.61,83.22,24.34,2024.0,6
2024-06-23 23:00:00,4200,23.32,85.12,22.26,84.92,26.59,2024.0,6
2024-06-24 00:00:00,4201,23.03,85.69,21.83,85.93,24.19,2024.0,6
2024-06-24 01:00:00,4202,22.75,87.05,21.34,88.11,23.92,2024.0,6
2024-06-24 02:00:00,4203,22.33,87.02,20.64,89.03,29.55,2024.0,6
2024-06-24 03:00:00,4204,22.14,88.83,20.81,89.84,23.0,2024.0,6
2024-06-24 04:00:00,4205,21.71,89.29,20.36,90.17,26.62,2024.0,6
2024-06-24 05:00:00,4206,21.33,89.05,20.21,88.91,27.4,2024.0,6
2024-06-24 06:00:00,4207,21.63,87.6,21.11,85.57,25.55,2024.0,6
2024-06-24 07:00:00,4208,23.93,82.13,25.09,74.62,30.79,2024.0,6
2024-06-24 08:00:00,4209,26.55,76.22,29.46,63.96,36.8,2024.0,6
2024-06-24 09:00:00,4210,27.37,74.08,28.68,66.51,32.83,2024.0,6
2024-06-24 10:00:00,4211,27.82,74.58,29.38,66.38,31.17,2024.0,6
2024-06-24 11:00:00,4212,28.25,73.62,30.78,63.44,22.33,2024.0,6
2024-06-24 12:00:00,4213,30.01,67.19,31.29,60.65,16.9,2024.0,6
2024-06-24 13:00:00,4214,30.67,64.58,32.03,58.29,7.31,2024.0,6
2024-06-24 14:00:00,4215,29.89,67.43,31.06,62.12,10.9,2024.0,6
2024-06-24 15:00:00,4216,28.51,72.9,30.36,65.13,9.59,2024.0,6
2024-06-24 16:00:00,4217,28.18,73.38,29.03,68.21,14.53,2024.0,6
2024-06-24 17:00:00,4218,26.09,80.72,26.02,77.71,11.63,2024.0,6
2024-06-24 18:00:00,4219,25.5,84.25,25.14,81.87,16.29,2024.0,6
2024-06-24 19:00:00,4220,24.79,85.85,24.47,83.57,15.57,2024.0,6
2024-06-24 20:00:00,4221,24.22,86.42,23.97,83.75,8.34,2024.0,6
2024-06-24 21:00:00,4222,23.64,88.21,23.41,85.16,,2024.0,6
2024-06-24 22:00:00,4223,23.53,88.67,23.1,86.02,6.1,2024.0,6
2024-06-24 23:00:00,4224,23.25,90.53,22.51,88.56,10.3,2024.0,6
2024-06-25 00:00:00,4225,23.02,90.84,22.27,88.95,13.27,2024.0,6
2024-06-25 01:00:00,4226,22.98,90.22,22.16,88.44,10.56,2024.0,6
2024-06-25 02:00:00,4227,22.69,91.16,21.63,90.28,15.59,2024.0,6
2024-06-25 03:00:00,4228,22.3,93.04,21.53,91.11,19.36,2024.0,6
2024-06-25 04:00:00,4229,22.27,92.81,21.09,92.26,22.09,2024.0,6
2024-06-25 05:00:00,4230,22.13,93.2,20.83,93.17,24.4,2024.0,6
2024-06-25 06:00:00,4231,22.08,93.33,21.14,92.28,42.75,2024.0,6
2024-06-25 07:00:00,4232,23.26,89.34,24.5,80.92,40.65,2024.0,6
2024-06-25 08:00:00,4233,27.36,77.35,30.06,64.72,38.83,2024.0,6
2024-06-25 09:00:00,4234,28.17,74.23,31.37,61.32,33.97,2024.0,6
2024-06-25 10:00:00,4235,30.43,65.74,33.49,54.49,20.38,2024.0,6
2024-06-25 11:00:00,4236,30.72,63.79,31.28,58.72,16.77,2024.0,6
2024-06-25 12:00:00,4237,30.59,64.59,31.64,61.15,19.6,2024.0,6
2024-06-25 13:00:00,4238,28.98,69.15,29.12,67.51,25.9,2024.0,6
2024-06-25 14:00:00,4239,26.79,78.6,28.6,71.39,31.33,2024.0,6
2024-06-25 15:00:00,4240,27.07,77.29,28.28,71.54,26.86,2024.0,6
2024-06-25 16:00:00,4241,25.01,85.51,24.37,85.25,16.62,2024.0,6
2024-06-25 17:00:00,4242,24.55,88.27,23.71,89.52,21.62,2024.0,6
2024-06-25 18:00:00,4243,24.81,87.52,23.91,87.24,22.06,2024.0,6
2024-06-25 19:00:00,4244,22.48,97.81,21.45,98.0,10.34,2024.0,6
2024-06-25 20:00:00,4245,22.67,96.77,21.24,99.05,6.59,2024.0,6
2024-06-25 21:00:00,4246,22.85,96.79,21.39,98.97,14.51,2024.0,6
2024-06-25 22:00:00,4247,22.7,97.52,21.29,99.25,20.55,2024.0,6
2024-06-25 23:00:00,4248,22.77,95.96,21.32,98.84,22.43,2024.0,6
2024-06-26 00:00:00,4249,22.76,95.9,21.2,99.11,23.2,2024.0,6
2024-06-26 01:00:00,4250,22.58,97.24,20.98,99.52,25.82,2024.0,6
2024-06-26 02:00:00,4251,22.52,98.06,20.89,99.82,27.93,2024.0,6
2024-06-26 03:00:00,4252,22.27,99.44,20.83,100.0,27.72,2024.0,6
2024-06-26 04:00:00,4253,22.1,99.47,20.54,100.0,29.52,2024.0,6
2024-06-26 05:00:00,4254,21.78,99.22,20.37,100.0,27.01,2024.0,6
2024-06-26 06:00:00,4255,22.05,99.25,20.91,99.92,29.28,2024.0,6
2024-06-26 07:00:00,4256,23.34,94.1,23.45,95.52,31.04,2024.0,6
2024-06-26 08:00:00,4257,25.77,84.18,27.83,85.93,28.69,2024.0,6
2024-06-26 09:00:00,4258,26.76,80.06,30.03,66.2,20.56,2024.0,6
2024-06-26 10:00:00,4259,27.96,75.57,31.02,61.95,13.72,2024.0,6
2024-06-26 11:00:00,4260,28.97,70.86,31.01,60.87,7.93,2024.0,6
2024-06-26 12:00:00,4261,29.04,69.42,29.65,63.52,4.96,2024.0,6
2024-06-26 13:00:00,4262,29.84,68.13,30.59,62.46,8.03,2024.0,6
2024-06-26 14:00:00,4263,28.39,72.69,27.97,70.22,21.69,2024.0,6
2024-06-26 15:00:00,4264,25.51,79.61,24.12,84.71,12.51,2024.0,6
2024-06-26 17:00:00,4266,25.74,83.87,23.73,95.07,18.42,2024.0,6
2024-06-26 18:00:00,4267,25.08,86.7,24.45,86.18,18.53,2024.0,6
2024-06-26 19:00:00,4268,24.7,90.09,24.12,88.35,21.75,2024.0,6
2024-06-26 21:00:00,4270,24.22,93.0,23.19,92.45,25.75,2024.0,6
2024-06-26 22:00:00,4271,24.1,93.16,22.96,92.83,24.86,2024.0,6
2024-06-26 23:00:00,4272,23.61,94.94,22.81,92.92,27.78,2024.0,6
2024-06-27 00:00:00,4273,23.39,95.59,22.44,93.69,27.4,2024.0,6
2024-06-27 01:00:00,4274,22.97,93.91,22.08,91.86,21.64,2024.0,6
2024-06-27 02:00:00,4275,23.01,93.1,21.84,92.13,22.31,2024.0,6
2024-06-27 03:00:00,4276,22.55,94.1,21.43,93.03,24.53,2024.0,6
2024-06-27 05:00:00,4278,21.7,96.41,20.86,94.37,28.37,2024.0,6
2024-06-27 06:00:00,4279,21.5,96.72,20.92,93.68,29.7,2024.0,6
2024-06-27 07:00:00,4280,23.42,90.18,24.94,80.44,29.06,2024.0,6
2024-06-27 08:00:00,4281,26.8,79.61,31.03,62.95,38.84,2024.0,6
2024-06-27 09:00:00,4282,28.02,76.89,32.08,60.64,32.33,2024.0,6
2024-06-27 10:00:00,4283,29.0,71.53,31.84,59.68,31.37,2024.0,6
2024-06-27 11:00:00,4284,28.75,70.15,29.98,62.59,24.41,2024.0,6
2024-06-27 13:00:00,4286,29.8,65.75,29.94,62.33,33.77,2024.0,6
2024-06-27 14:00:00,4287,26.31,81.03,24.31,88.27,19.2,2024.0,6
2024-06-27 15:00:00,4288,25.42,85.36,24.19,92.76,17.05,2024.0,6
2024-06-27 16:00:00,4289,26.53,83.67,26.8,84.55,20.61,2024.0,6
2024-06-27 17:00:00,4290,26.5,84.31,25.86,83.05,18.58,2024.0,6
2024-06-27 18:00:00,4291,25.9,86.07,25.17,84.61,17.86,2024.0,6
2024-06-27 19:00:00,4292,24.96,90.43,24.39,88.28,21.69,2024.0,6
2024-06-27 20:00:00,4293,24.65,91.08,24.04,88.9,20.44,2024.0,6
2024-06-27 21:00:00,4294,24.46,91.97,23.91,89.55,20.56,2024.0,6
2024-06-27 22:00:00,4295,24.32,91.68,23.65,89.54,18.83,2024.0,6
2024-06-28 01:00:00,4298,24.24,92.38,23.22,91.42,21.51,2024.0,6
2024-06-28 02:00:00,4299,24.11,93.56,23.02,92.79,19.55,2024.0,6
2024-06-28 03:00:00,4300,23.61,95.47,22.66,93.92,16.57,2024.0,6
2024-06-28 04:00:00,4301,22.93,98.58,22.32,94.96,18.58,2024.0,6
2024-06-28 05:00:00,4302,23.25,96.8,22.24,94.62,21.21,2024.0,6
2024-06-28 06:00:00,4303,23.56,95.71,22.78,93.02,20.93,2024.0,6
2024-06-28 07:00:00,4304,24.68,91.84,25.64,83.8,25.84,2024.0,6
2024-06-28 08:00:00,4305,26.88,83.7,29.81,70.55,22.97,2024.0,6
2024-06-28 09:00:00,4306,29.01,76.9,32.39,62.34,28.87,2024.0,6
2024-06-28 10:00:00,4307,29.87,70.34,32.84,58.22,11.77,2024.0,6
2024-06-28 11:00:00,4308,31.54,64.8,33.65,59.56,12.38,2024.0,6
2024-06-28 12:00:00,4309,30.77,66.68,31.51,64.52,18.93,2024.0,6
2024-06-28 13:00:00,4310,28.38,74.61,26.41,81.44,22.54,2024.0,6
2024-06-28 14:00:00,4311,23.73,88.68,21.7,98.62,9.16,2024.0,6
2024-06-28 15:00:00,4312,25.5,86.0,24.29,94.3,24.1,2024.0,6
2024-06-28 16:00:00,4313,26.16,84.26,24.49,94.97,18.74,2024.0,6
2024-06-28 18:00:00,4315,24.46,92.73,22.65,99.19,17.63,2024.0,6
2024-06-28 19:00:00,4316,24.58,92.03,22.72,98.15,20.86,2024.0,6
2024-06-28 20:00:00,4317,23.73,95.33,22.31,99.02,19.36,2024.0,6
2024-06-28 21:00:00,4318,23.29,96.52,22.1,99.2,18.9,2024.0,6
2024-06-28 22:00:00,4319,23.4,97.81,22.24,99.62,23.61,2024.0,6
2024-06-28 23:00:00,4320,23.42,96.87,22.11,99.58,23.69,2024.0,6
2024-06-29 00:00:00,4321,23.85,94.87,22.16,99.59,25.59,2024.0,6
2024-06-29 02:00:00,4323,23.35,98.39,21.83,100.0,31.88,2024.0,6
2024-06-29 03:00:00,4324,23.29,98.94,21.84,100.0,31.06,2024.0,6
2024-06-29 04:00:00,4325,22.88,98.23,21.49,100.0,25.24,2024.0,6
2024-06-29 05:00:00,4326,22.98,98.48,21.64,100.0,27.47,2024.0,6
2024-06-29 06:00:00,4327,23.05,99.76,22.08,99.92,39.31,2024.0,6
2024-06-29 07:00:00,4328,23.94,96.39,23.73,97.52,31.69,2024.0,6
2024-06-29 08:00:00,4329,26.7,85.74,26.32,94.78,28.09,2024.0,6
2024-06-29 09:00:00,4330,28.65,78.84,29.93,72.89,32.81,2024.0,6
2024-06-29 10:00:00,4331,29.66,73.23,30.69,65.93,21.53,2024.0,6
2024-06-29 12:00:00,4333,31.37,65.77,32.31,60.24,13.57,2024.0,6
2024-06-29 13:00:00,4334,26.84,80.54,26.9,76.86,24.81,2024.0,6
2024-06-29 14:00:00,4335,24.59,87.82,24.47,84.81,20.1,2024.0,6
2024-06-29 15:00:00,4336,24.01,88.88,24.39,83.95,17.13,2024.0,6
2024-06-29 16:00:00,4337,23.5,94.33,23.32,90.35,21.42,2024.0,6
2024-06-29 17:00:00,4338,22.56,98.71,21.48,98.33,5.78,2024.0,6
2024-06-29 18:00:00,4339,22.88,99.44,21.56,99.66,7.05,2024.0,6
2024-06-29 19:00:00,4340,22.9,99.36,21.57,99.95,10.45,2024.0,6
2024-06-29 20:00:00,4341,23.15,99.83,21.82,100.0,15.05,2024.0,6
2024-06-29 22:00:00,4343,22.35,99.9,21.25,100.0,10.74,2024.0,6
2024-06-29 23:00:00,4344,21.72,98.78,20.29,100.0,,2024.0,6
2024-06-30 00:00:00,4345,21.67,97.97,20.18,100.0,,2024.0,6
2024-06-30 01:00:00,4346,21.99,98.78,20.54,100.0,11.51,2024.0,6
2024-06-30 02:00:00,4347,22.16,97.29,20.54,99.78,5.66,2024.0,6
2024-06-30 04:00:00,4349,21.52,99.9,20.86,100.0,19.18,2024.0,6
2024-06-30 05:00:00,4350,21.64,99.12,20.6,99.76,9.76,2024.0,6
2024-06-30 06:00:00,4351,21.95,95.57,20.87,98.76,,2024.0,6
2024-06-30 07:00:00,4352,22.85,95.17,22.49,97.34,15.99,2024.0,6
2024-06-30 08:00:00,4353,25.68,85.66,27.25,84.91,9.26,2024.0,6
2024-06-30 09:00:00,4354,26.66,79.8,28.34,72.88,,2024.0,6
2024-06-30 11:00:00,4356,28.46,73.8,29.82,67.98,5.17,2024.0,6
2024-06-30 12:00:00,4357,28.81,71.23,29.74,67.02,5.48,2024.0,6
2024-06-30 14:00:00,4359,29.48,67.49,30.47,64.69,6.53,2024.0,6
2024-06-30 15:00:00,4360,28.43,76.06,28.36,75.31,23.07,2024.0,6
2024-06-30 18:00:00,4363,25.99,85.33,25.4,84.39,18.44,2024.0,6
2024-06-30 19:00:00,4364,25.42,89.02,24.7,87.74,23.45,2024.0,6
2024-06-30 20:00:00,4365,24.98,93.06,24.21,91.67,29.32,2024.0,6
2024-06-30 22:00:00,4367,24.11,87.69,23.64,85.39,19.58,2024.0,6
2024-06-30 23:00:00,4368,23.55,88.16,23.07,85.62,15.04,2024.0,6
2024-07-01 00:00:00,4369,23.1,89.12,22.68,85.96,10.85,2024.0,7
2024-07-01 01:00:00,4370,22.73,89.82,22.03,87.57,9.78,2024.0,7
2024-07-01 02:00:00,4371,22.54,89.71,22.09,86.65,7.53,2024.0,7
2024-07-01 03:00:00,4372,22.58,90.29,21.66,89.1,13.78,2024.0,7
2024-07-01 04:00:00,4373,22.16,93.37,21.54,90.78,23.38,2024.0,7
2024-07-01 05:00:00,4374,22.26,92.71,21.1,91.94,24.51,2024.0,7
2024-07-01 06:00:00,4375,22.22,92.05,21.53,89.77,25.81,2024.0,7
2024-07-01 07:00:00,4376,23.66,87.46,23.65,82.77,28.05,2024.0,7
2024-07-01 08:00:00,4377,25.75,78.8,27.04,70.63,25.25,2024.0,7
2024-07-01 09:00:00,4378,28.52,70.58,30.27,62.53,25.2,2024.0,7
2024-07-01 10:00:00,4379,30.0,62.57,30.96,58.56,13.83,2024.0,7
2024-07-01 11:00:00,4380,30.71,61.51,31.65,57.91,19.93,2024.0,7
2024-07-01 12:00:00,4381,32.3,57.53,33.37,54.53,22.67,2024.0,7
2024-07-01 13:00:00,4382,31.45,59.76,31.57,59.02,27.76,2024.0,7
2024-07-01 14:00:00,4383,28.43,71.09,27.39,74.56,33.87,2024.0,7
2024-07-01 15:00:00,4384,24.29,88.43,22.17,98.74,22.78,2024.0,7
2024-07-01 16:00:00,4385,24.6,88.52,22.51,97.79,22.53,2024.0,7
2024-07-01 17:00:00,4386,24.88,88.55,22.7,97.55,24.57,2024.0,7
2024-07-01 18:00:00,4387,24.92,87.11,23.02,97.22,25.83,2024.0,7
2024-07-01 19:00:00,4388,24.81,87.43,22.99,97.51,26.0,2024.0,7
2024-07-01 20:00:00,4389,24.38,88.76,22.67,98.09,19.71,2024.0,7
2024-07-01 21:00:00,4390,24.18,89.99,22.64,98.46,22.57,2024.0,7
2024-07-01 22:00:00,4391,23.71,90.77,22.27,98.2,11.55,2024.0,7
2024-07-01 23:00:00,4392,23.31,92.84,22.59,92.61,16.88,2024.0,7
2024-07-02 00:00:00,4393,23.15,94.18,22.42,92.83,21.32,2024.0,7
2024-07-02 01:00:00,4394,23.5,92.71,22.3,92.83,20.7,2024.0,7
2024-07-02 02:00:00,4395,23.41,93.28,22.06,93.92,24.67,2024.0,7
2024-07-02 03:00:00,4396,23.03,94.36,21.75,94.66,22.4,2024.0,7
2024-07-02 04:00:00,4397,22.72,96.45,21.61,96.06,25.66,2024.0,7
2024-07-02 05:00:00,4398,22.12,97.88,21.24,96.38,24.79,2024.0,7
2024-07-02 06:00:00,4399,21.99,96.74,21.47,93.84,24.72,2024.0,7
2024-07-02 07:00:00,4400,23.25,92.58,24.37,84.67,26.64,2024.0,7
2024-07-02 08:00:00,4401,26.78,82.46,30.41,69.32,30.33,2024.0,7
2024-07-02 09:00:00,4402,29.09,73.13,33.03,60.65,29.13,2024.0,7
2024-07-02 10:00:00,4403,30.42,66.59,33.06,58.56,26.53,2024.0,7
2024-07-02 11:00:00,4404,31.04,64.67,33.2,58.16,27.14,2024.0,7
2024-07-02 12:00:00,4405,31.05,63.31,32.04,59.99,28.87,2024.0,7
2024-07-02 13:00:00,4406,28.4,72.67,28.65,71.06,36.59,2024.0,7
2024-07-02 14:00:00,4407,24.64,84.49,22.31,94.38,18.81,2024.0,7
2024-07-02 15:00:00,4408,25.34,82.44,23.61,93.96,23.52,2024.0,7
2024-07-02 16:00:00,4409,26.22,80.41,24.45,92.85,28.31,2024.0,7
2024-07-02 17:00:00,4410,25.63,82.69,25.15,81.64,21.46,2024.0,7
2024-07-02 18:00:00,4411,24.96,84.19,24.56,82.2,21.66,2024.0,7
2024-07-02 19:00:00,4412,24.9,83.94,24.28,82.61,20.26,2024.0,7
2024-07-02 20:00:00,4413,24.76,85.54,23.82,85.26,23.47,2024.0,7
2024-07-02 21:00:00,4414,24.14,90.06,23.29,89.66,26.98,2024.0,7
2024-07-02 22:00:00,4415,23.62,93.91,22.84,92.48,30.24,2024.0,7
2024-07-02 23:00:00,4416,23.64,93.27,22.58,92.75,28.27,2024.0,7
2024-07-03 00:00:00,4417,23.37,93.84,22.3,92.95,25.69,2024.0,7
2024-07-03 01:00:00,4418,23.14,93.73,22.14,92.66,20.57,2024.0,7
2024-07-03 02:00:00,4419,23.11,94.21,21.67,94.62,28.99,2024.0,7
2024-07-03 03:00:00,4420,22.96,93.94,21.54,94.19,23.47,2024.0,7
2024-07-03 04:00:00,4421,22.85,93.69,21.33,94.43,26.17,2024.0,7
2024-07-03 05:00:00,4422,22.54,94.73,20.83,96.5,31.31,2024.0,7
2024-07-03 06:00:00,4423,22.52,94.15,21.58,92.92,28.86,2024.0,7
2024-07-03 07:00:00,4424,24.45,89.83,25.19,83.06,40.83,2024.0,7
2024-07-03 08:00:00,4425,26.45,81.43,29.71,68.1,21.21,2024.0,7
2024-07-03 09:00:00,4426,26.38,81.08,29.13,69.09,5.63,2024.0,7
2024-07-03 10:00:00,4427,27.26,77.56,29.61,66.39,7.8,2024.0,7
2024-07-03 11:00:00,4428,27.74,75.07,29.85,64.87,5.62,2024.0,7
2024-07-03 12:00:00,4429,28.05,71.86,29.21,64.94,3.7,2024.0,7
2024-07-03 13:00:00,4430,28.7,70.27,30.22,62.99,5.45,2024.0,7
2024-07-03 14:00:00,4431,28.79,69.07,30.41,61.98,5.45,2024.0,7
2024-07-03 15:00:00,4432,28.91,67.72,31.47,58.76,5.37,2024.0,7
2024-07-03 16:00:00,4433,28.13,70.35,29.27,64.56,9.8,2024.0,7
2024-07-03 17:00:00,4434,26.9,73.87,26.67,71.51,14.36,2024.0,7
2024-07-03 18:00:00,4435,26.13,74.31,25.89,71.64,6.23,2024.0,7
2024-07-03 19:00:00,4436,25.56,75.61,25.08,73.64,5.93,2024.0,7
2024-07-03 20:00:00,4437,24.77,80.52,24.13,79.57,8.29,2024.0,7
2024-07-03 21:00:00,4438,24.37,81.4,23.74,80.43,1.16,2024.0,7
2024-07-03 22:00:00,4439,24.06,82.85,23.29,82.29,3.03,2024.0,7
2024-07-03 23:00:00,4440,23.87,84.06,23.0,83.59,2.61,2024.0,7
2024-07-04 00:00:00,4441,23.87,83.81,22.96,83.32,0.21,2024.0,7
2024-07-04 01:00:00,4442,23.37,86.61,22.03,87.32,18.18,2024.0,7
2024-07-04 02:00:00,4443,22.84,88.83,21.75,88.6,10.46,2024.0,7
2024-07-04 03:00:00,4444,22.51,90.16,20.92,91.82,18.18,2024.0,7
2024-07-04 04:00:00,4445,21.9,91.54,21.01,90.62,23.96,2024.0,7
2024-07-04 05:00:00,4446,22.02,90.84,21.07,90.04,28.37,2024.0,7
2024-07-04 06:00:00,4447,22.2,89.87,21.33,88.63,29.17,2024.0,7
2024-07-04 07:00:00,4448,23.04,88.11,23.16,83.6,33.34,2024.0,7
2024-07-04 08:00:00,4449,25.26,81.81,26.79,73.36,38.36,2024.0,7
2024-07-04 09:00:00,4450,27.2,77.56,28.68,68.94,35.13,2024.0,7
2024-07-04 10:00:00,4451,27.3,77.76,29.04,68.92,16.93,2024.0,7
2024-07-04 11:00:00,4452,26.22,80.72,27.47,73.33,5.88,2024.0,7
2024-07-04 12:00:00,4453,25.74,83.84,25.87,81.58,5.05,2024.0,7
2024-07-04 13:00:00,4454,23.68,81.81,24.11,77.74,0.0,2024.0,7
2024-07-04 14:00:00,4455,24.69,80.1,24.94,75.54,0.48,2024.0,7
2024-07-04 15:00:00,4456,24.04,81.57,23.63,80.12,0.54,2024.0,7
2024-07-04 16:00:00,4457,22.85,86.93,22.46,84.74,3.8,2024.0,7
2024-07-04 17:00:00,4458,22.38,93.02,21.25,95.53,6.54,2024.0,7
2024-07-04 18:00:00,4459,22.61,92.97,21.76,91.79,6.63,2024.0,7
2024-07-04 19:00:00,4460,22.69,92.82,21.8,91.45,13.8,2024.0,7
2024-07-04 20:00:00,4461,22.6,93.2,21.67,91.86,20.22,2024.0,7
2024-07-04 21:00:00,4462,22.64,92.76,21.73,91.48,20.3,2024.0,7
2024-07-04 22:00:00,4463,22.47,93.85,21.81,91.58,14.11,2024.0,7
2024-07-04 23:00:00,4464,22.5,93.99,21.67,92.13,12.94,2024.0,7
2024-07-05 00:00:00,4465,22.39,94.66,21.54,92.85,13.79,2024.0,7
2024-07-05 01:00:00,4466,22.31,95.25,21.5,93.27,12.75,2024.0,7
2024-07-05 02:00:00,4467,22.13,96.39,21.64,93.23,5.18,2024.0,7
2024-07-05 03:00:00,4468,22.36,95.72,21.61,93.23,3.77,2024.0,7
2024-07-05 04:00:00,4469,22.02,95.72,21.17,93.47,12.1,2024.0,7
2024-07-05 05:00:00,4470,22.07,94.36,21.3,91.96,11.53,2024.0,7
2024-07-05 06:00:00,4471,22.93,91.79,21.96,89.94,6.23,2024.0,7
2024-07-05 07:00:00,4472,23.49,90.12,22.69,88.01,23.03,2024.0,7
2024-07-05 08:00:00,4473,24.01,89.18,24.2,84.31,29.06,2024.0,7
2024-07-05 09:00:00,4474,25.63,84.79,27.84,74.06,24.39,2024.0,7
2024-07-05 10:00:00,4475,26.91,78.76,28.84,68.46,14.14,2024.0,7
2024-07-05 11:00:00,4476,26.73,77.65,28.77,67.43,7.24,2024.0,7
2024-07-05 12:00:00,4477,27.45,75.14,29.2,65.87,6.5,2024.0,7
2024-07-05 13:00:00,4478,28.09,71.78,29.68,63.51,3.86,2024.0,7
2024-07-05 14:00:00,4479,27.59,71.81,28.44,65.67,1.8,2024.0,7
2024-07-05 15:00:00,4480,26.29,73.43,26.44,69.44,0.73,2024.0,7
2024-07-05 16:00:00,4481,24.57,82.46,24.38,79.93,3.5,2024.0,7
2024-07-05 17:00:00,4482,24.07,85.57,23.82,82.69,6.19,2024.0,7
2024-07-05 18:00:00,4483,24.03,84.68,23.58,82.52,6.99,2024.0,7
2024-07-05 19:00:00,4484,23.91,85.73,23.4,83.88,10.77,2024.0,7
2024-07-05 20:00:00,4485,23.76,88.23,23.18,86.48,16.66,2024.0,7
2024-07-05 21:00:00,4486,23.75,88.11,23.14,86.35,14.09,2024.0,7
2024-07-05 22:00:00,4487,23.66,88.0,23.27,85.39,11.76,2024.0,7
2024-07-05 23:00:00,4488,23.55,90.39,22.33,90.99,15.99,2024.0,7
2024-07-06 00:00:00,4489,22.02,96.9,20.59,98.89,5.31,2024.0,7
2024-07-06 01:00:00,4490,21.96,98.27,20.64,99.42,9.65,2024.0,7
2024-07-06 02:00:00,4491,22.03,97.82,20.62,99.33,16.1,2024.0,7
2024-07-06 03:00:00,4492,22.27,96.7,20.67,99.26,13.18,2024.0,7
2024-07-06 04:00:00,4493,22.46,97.15,20.83,99.53,16.84,2024.0,7
2024-07-06 05:00:00,4494,21.94,99.69,20.93,99.93,20.86,2024.0,7
2024-07-06 06:00:00,4495,21.39,99.64,20.58,99.75,6.99,2024.0,7
2024-07-06 07:00:00,4496,21.32,98.28,20.27,99.74,0.99,2024.0,7
2024-07-06 08:00:00,4497,21.5,99.36,20.89,99.14,3.49,2024.0,7
2024-07-06 09:00:00,4498,22.87,95.41,23.26,94.78,5.34,2024.0,7
2024-07-06 10:00:00,4499,25.22,86.43,26.65,83.19,1.36,2024.0,7
2024-07-06 11:00:00,4500,26.59,81.47,29.16,70.46,1.24,2024.0,7
2024-07-06 12:00:00,4501,27.73,77.56,29.35,69.5,0.23,2024.0,7
2024-07-06 13:00:00,4502,27.48,78.26,28.33,72.83,0.41,2024.0,7
2024-07-06 14:00:00,4503,24.24,86.35,22.89,89.26,0.31,2024.0,7
2024-07-06 15:00:00,4504,22.19,95.29,20.84,98.73,0.2,2024.0,7
2024-07-06 16:00:00,4505,22.33,94.75,21.12,97.77,0.09,2024.0,7
2024-07-06 17:00:00,4506,21.54,98.47,20.41,99.64,0.76,2024.0,7
2024-07-06 18:00:00,4507,20.79,99.9,19.98,100.0,0.76,2024.0,7
2024-07-06 19:00:00,4508,21.11,98.22,19.97,99.54,0.2,2024.0,7
2024-07-06 20:00:00,4509,21.85,93.88,20.17,98.4,1.79,2024.0,7
2024-07-06 21:00:00,4510,22.01,94.34,20.38,98.87,16.22,2024.0,7
2024-07-06 22:00:00,4511,22.01,95.39,20.44,99.18,16.42,2024.0,7
2024-07-06 23:00:00,4512,22.01,96.4,20.37,99.69,21.48,2024.0,7
2024-07-07 00:00:00,4513,21.72,98.09,20.37,99.93,27.29,2024.0,7
2024-07-07 01:00:00,4514,21.82,97.38,20.12,100.0,25.57,2024.0,7
2024-07-07 02:00:00,4515,21.63,98.5,20.08,100.0,24.7,2024.0,7
2024-07-07 03:00:00,4516,21.66,99.1,20.14,100.0,27.22,2024.0,7
2024-07-07 04:00:00,4517,21.53,98.92,20.06,100.0,24.05,2024.0,7
2024-07-07 05:00:00,4518,21.21,99.9,20.05,100.0,26.31,2024.0,7
2024-07-07 06:00:00,4519,21.08,99.9,20.29,100.0,29.64,2024.0,7
2024-07-07 07:00:00,4520,21.8,99.01,21.49,99.36,29.97,2024.0,7
2024-07-07 08:00:00,4521,24.49,90.21,26.2,84.16,30.47,2024.0,7
2024-07-07 09:00:00,4522,24.86,85.34,25.89,79.7,22.42,2024.0,7
2024-07-07 10:00:00,4523,26.47,79.57,28.07,72.63,11.73,2024.0,7
2024-07-07 11:00:00,4524,27.79,77.56,30.69,67.93,28.62,2024.0,7
2024-07-07 12:00:00,4525,30.71,67.92,31.41,64.14,20.0,2024.0,7
2024-07-07 13:00:00,4526,31.55,62.37,32.32,59.87,10.73,2024.0,7
2024-07-07 14:00:00,4527,28.95,70.95,28.16,72.91,16.39,2024.0,7
2024-07-07 15:00:00,4528,25.12,82.31,22.98,92.76,2.77,2024.0,7
2024-07-07 16:00:00,4529,26.31,79.96,24.87,90.16,8.51,2024.0,7
2024-07-07 17:00:00,4530,26.33,83.08,25.55,83.3,15.39,2024.0,7
2024-07-07 18:00:00,4531,25.41,88.44,24.48,88.36,20.03,2024.0,7
2024-07-07 19:00:00,4532,25.06,90.54,24.08,90.32,20.7,2024.0,7
2024-07-07 20:00:00,4533,24.53,89.79,23.93,88.11,22.78,2024.0,7
2024-07-07 21:00:00,4534,24.42,91.09,23.63,90.15,26.87,2024.0,7
2024-07-07 22:00:00,4535,24.06,93.02,23.36,91.62,21.83,2024.0,7
2024-07-07 23:00:00,4536,23.94,94.73,22.85,94.35,23.25,2024.0,7
2024-07-08 00:00:00,4537,23.76,95.44,22.89,93.99,21.24,2024.0,7
2024-07-08 01:00:00,4538,23.46,96.43,22.5,94.96,21.07,2024.0,7
2024-07-08 02:00:00,4539,23.07,93.33,22.52,89.9,9.04,2024.0,7
2024-07-08 03:00:00,4540,23.01,90.42,22.42,87.66,5.29,2024.0,7
2024-07-08 04:00:00,4541,22.33,94.5,21.25,93.61,16.84,2024.0,7
2024-07-08 05:00:00,4542,21.88,94.64,21.05,92.68,10.72,2024.0,7
2024-07-08 06:00:00,4543,21.64,95.14,21.14,92.14,16.36,2024.0,7
2024-07-08 07:00:00,4544,23.54,88.9,24.59,81.2,22.44,2024.0,7
2024-07-08 08:00:00,4545,27.19,78.25,30.97,65.46,28.64,2024.0,7
2024-07-08 09:00:00,4546,28.82,72.2,32.62,60.35,20.9,2024.0,7
2024-07-08 10:00:00,4547,30.65,65.55,33.84,56.44,14.63,2024.0,7
2024-07-08 11:00:00,4548,31.43,59.82,34.04,53.09,1.37,2024.0,7
2024-07-08 12:00:00,4549,32.23,57.5,32.95,55.4,2.72,2024.0,7
2024-07-08 13:00:00,4550,32.28,56.76,32.66,56.17,2.23,2024.0,7
2024-07-08 14:00:00,4551,28.88,72.66,28.79,72.41,28.69,2024.0,7
2024-07-08 15:00:00,4552,27.98,73.09,30.16,66.51,20.93,2024.0,7
2024-07-08 16:00:00,4553,27.4,72.71,28.44,69.88,10.17,2024.0,7
2024-07-08 17:00:00,4554,26.56,74.11,26.31,73.84,7.45,2024.0,7
2024-07-08 18:00:00,4555,25.55,82.31,25.17,81.58,16.26,2024.0,7
2024-07-08 19:00:00,4556,25.17,85.37,24.6,85.28,18.25,2024.0,7
2024-07-08 20:00:00,4557,25.49,86.7,24.35,87.55,24.81,2024.0,7
2024-07-08 21:00:00,4558,24.65,90.8,23.62,91.67,24.34,2024.0,7
2024-07-08 22:00:00,4559,24.46,91.43,23.66,90.67,23.14,2024.0,7
2024-07-08 23:00:00,4560,24.58,91.01,23.45,91.24,23.68,2024.0,7
2024-07-09 00:00:00,4561,24.14,86.61,23.24,85.94,10.7,2024.0,7
2024-07-09 01:00:00,4562,23.86,86.45,22.74,86.48,12.31,2024.0,7
2024-07-09 02:00:00,4563,23.35,90.04,22.19,89.97,18.07,2024.0,7
2024-07-09 03:00:00,4564,23.4,89.31,22.26,88.8,15.68,2024.0,7
2024-07-09 04:00:00,4565,23.27,88.71,21.83,89.34,14.92,2024.0,7
2024-07-09 05:00:00,4566,22.98,92.72,21.83,92.51,24.1,2024.0,7
2024-07-09 06:00:00,4567,23.09,89.93,22.33,87.94,17.33,2024.0,7
2024-07-09 07:00:00,4568,23.39,90.61,23.81,85.15,26.15,2024.0,7
2024-07-09 08:00:00,4569,26.28,82.04,30.23,67.09,30.75,2024.0,7
2024-07-09 09:00:00,4570,28.25,75.9,30.3,66.74,36.2,2024.0,7
2024-07-09 10:00:00,4571,28.13,73.8,30.96,64.04,36.55,2024.0,7
2024-07-09 11:00:00,4572,31.61,62.02,34.71,53.79,33.73,2024.0,7
2024-07-09 12:00:00,4573,31.84,58.71,32.29,56.55,33.72,2024.0,7
2024-07-09 13:00:00,4574,29.03,68.42,30.07,64.97,31.77,2024.0,7
2024-07-09 14:00:00,4575,29.07,68.43,31.02,63.05,30.67,2024.0,7
2024-07-09 15:00:00,4576,27.4,76.44,25.98,81.39,28.91,2024.0,7
2024-07-09 16:00:00,4577,25.88,81.79,23.5,93.65,25.53,2024.0,7
2024-07-09 17:00:00,4578,25.93,83.15,24.44,90.18,29.32,2024.0,7
2024-07-09 18:00:00,4579,25.39,86.46,24.59,86.37,29.44,2024.0,7
2024-07-09 19:00:00,4580,24.36,86.9,23.8,85.63,23.81,2024.0,7
2024-07-09 20:00:00,4581,23.89,86.6,23.49,84.8,22.57,2024.0,7
2024-07-09 21:00:00,4582,23.49,85.4,23.23,82.3,20.57,2024.0,7
2024-07-09 22:00:00,4583,23.29,78.63,23.06,74.78,12.8,2024.0,7
2024-07-09 23:00:00,4584,22.87,83.86,22.39,81.93,14.88,2024.0,7
2024-07-10 00:00:00,4585,22.17,91.33,21.55,89.73,22.29,2024.0,7
2024-07-10 01:00:00,4586,21.95,93.47,21.36,91.51,24.79,2024.0,7
2024-07-10 03:00:00,4588,21.95,92.97,21.49,90.27,24.81,2024.0,7
2024-07-10 04:00:00,4589,21.88,92.78,21.38,89.83,25.97,2024.0,7
2024-07-10 05:00:00,4590,22.08,90.99,21.05,90.18,27.31,2024.0,7
2024-07-10 06:00:00,4591,22.01,91.5,20.85,91.02,29.6,2024.0,7
2024-07-10 07:00:00,4592,23.4,87.41,24.35,80.22,31.78,2024.0,7
2024-07-10 08:00:00,4593,26.27,77.22,29.1,64.77,36.3,2024.0,7
2024-07-10 09:00:00,4594,27.66,70.54,30.71,59.1,30.48,2024.0,7
2024-07-10 10:00:00,4595,28.45,66.41,31.65,55.85,31.23,2024.0,7
2024-07-10 11:00:00,4596,29.86,61.27,32.32,53.4,30.77,2024.0,7
2024-07-10 12:00:00,4597,31.02,54.67,32.37,49.99,23.72,2024.0,7
2024-07-10 13:00:00,4598,31.46,54.66,32.38,51.65,26.63,2024.0,7
2024-07-10 14:00:00,4599,29.59,65.32,29.25,64.6,42.79,2024.0,7
2024-07-10 15:00:00,4600,28.27,68.56,28.0,67.16,35.5,2024.0,7
2024-07-10 16:00:00,4601,27.67,70.29,27.48,68.79,32.97,2024.0,7
2024-07-10 17:00:00,4602,27.16,75.73,26.05,76.42,34.81,2024.0,7
2024-07-10 18:00:00,4603,24.78,84.68,24.28,83.68,25.86,2024.0,7
2024-07-10 19:00:00,4604,24.26,87.2,23.77,85.98,27.05,2024.0,7
2024-07-10 20:00:00,4605,24.52,86.92,23.55,86.97,28.23,2024.0,7
2024-07-10 21:00:00,4606,24.56,85.91,23.23,86.9,25.57,2024.0,7
2024-07-10 22:00:00,4607,23.8,88.66,22.68,89.18,27.96,2024.0,7
2024-07-10 23:00:00,4608,23.54,87.97,22.39,88.04,23.43,2024.0,7
2024-07-11 11:00:00,4620,29.56,59.28,31.76,52.14,10.03,2024.0,7
2024-07-11 12:00:00,4621,30.04,57.29,30.88,53.22,10.07,2024.0,7
2024-07-11 13:00:00,4622,30.75,53.88,31.24,51.27,11.97,2024.0,7
2024-07-11 14:00:00,4623,30.65,55.29,33.7,48.67,15.03,2024.0,7
2024-07-11 15:00:00,4624,29.26,58.21,31.51,52.65,16.45,2024.0,7
2024-07-11 16:00:00,4625,27.12,64.54,27.24,62.66,13.2,2024.0,7
2024-07-11 17:00:00,4626,24.95,71.84,24.76,70.31,9.93,2024.0,7
2024-07-11 18:00:00,4627,23.53,73.88,23.29,72.38,10.47,2024.0,7
2024-07-11 19:00:00,4628,22.73,74.47,22.36,73.35,6.83,2024.0,7
2024-07-11 20:00:00,4629,22.18,75.58,21.6,74.92,8.52,2024.0,7
2024-07-11 21:00:00,4630,21.35,79.35,20.77,78.56,7.01,2024.0,7
2024-07-11 22:00:00,4631,20.71,81.54,20.29,79.18,4.36,2024.0,7
2024-07-11 23:00:00,4632,20.48,82.38,20.02,80.14,4.27,2024.0,7
2024-07-12 00:00:00,4633,20.2,83.37,19.3,82.39,4.48,2024.0,7
2024-07-12 01:00:00,4634,20.01,81.98,19.36,79.77,5.76,2024.0,7
2024-07-12 02:00:00,4635,20.26,81.39,19.07,80.76,11.83,2024.0,7
2024-07-12 03:00:00,4636,19.42,85.2,18.26,85.41,16.68,2024.0,7
2024-07-12 04:00:00,4637,18.86,86.0,17.64,85.59,22.38,2024.0,7
2024-07-12 05:00:00,4638,19.16,82.62,17.78,83.12,24.49,2024.0,7
2024-07-12 06:00:00,4639,18.93,87.97,18.05,87.09,33.08,2024.0,7
2024-07-12 07:00:00,4640,21.31,82.83,21.83,77.0,45.26,2024.0,7
2024-07-12 08:00:00,4641,24.62,71.24,28.34,58.55,44.07,2024.0,7
2024-07-12 09:00:00,4642,25.18,68.38,28.61,56.87,29.07,2024.0,7
2024-07-12 10:00:00,4643,25.64,65.46,28.46,55.76,9.34,2024.0,7
2024-07-12 11:00:00,4644,26.92,62.02,29.41,54.11,7.2,2024.0,7
2024-07-12 12:00:00,4645,27.88,58.92,28.87,54.25,6.63,2024.0,7
2024-07-12 13:00:00,4646,29.04,55.01,29.85,51.53,6.76,2024.0,7
2024-07-12 14:00:00,4647,29.1,54.76,32.13,48.24,9.63,2024.0,7
2024-07-12 15:00:00,4648,28.6,56.54,30.26,51.82,10.33,2024.0,7
2024-07-12 16:00:00,4649,26.87,63.16,26.8,61.96,17.59,2024.0,7
2024-07-12 17:00:00,4650,25.93,66.39,25.33,66.2,23.33,2024.0,7
2024-07-12 18:00:00,4651,24.52,69.79,24.06,69.11,23.1,2024.0,7
2024-07-12 19:00:00,4652,23.75,72.7,23.17,72.05,29.27,2024.0,7
2024-07-12 20:00:00,4653,23.07,73.3,22.56,71.99,27.1,2024.0,7
2024-07-12 22:00:00,4655,21.87,79.2,21.1,78.51,38.52,2024.0,7
2024-07-12 23:00:00,4656,21.59,80.37,20.44,80.95,35.34,2024.0,7
2024-07-13 00:00:00,4657,20.92,82.76,19.75,83.4,27.22,2024.0,7
2024-07-13 01:00:00,4658,20.85,84.35,19.22,86.18,29.61,2024.0,7
2024-07-13 02:00:00,4659,20.29,86.44,18.61,88.12,34.01,2024.0,7
2024-07-13 03:00:00,4660,19.96,88.41,18.35,90.21,31.58,2024.0,7
2024-07-13 04:00:00,4661,19.03,91.06,17.67,92.08,35.4,2024.0,7
2024-07-13 05:00:00,4662,18.74,90.88,17.33,91.83,31.93,2024.0,7
2024-07-13 06:00:00,4663,18.89,89.01,17.86,88.69,33.2,2024.0,7
2024-07-13 07:00:00,4664,20.71,85.19,20.79,80.85,40.96,2024.0,7
2024-07-13 08:00:00,4665,24.09,74.24,28.59,58.81,39.64,2024.0,7
2024-07-13 09:00:00,4666,25.82,68.76,29.2,57.0,42.27,2024.0,7
2024-07-13 10:00:00,4667,27.32,62.64,30.77,51.79,34.38,2024.0,7
2024-07-13 11:00:00,4668,28.29,55.91,30.42,49.44,23.17,2024.0,7
2024-07-13 12:00:00,4669,28.13,55.93,29.05,51.71,17.33,2024.0,7
2024-07-13 13:00:00,4670,28.4,55.74,29.19,52.32,16.38,2024.0,7
2024-07-13 14:00:00,4671,28.26,57.13,31.28,50.01,18.63,2024.0,7
2024-07-13 15:00:00,4672,28.11,59.22,30.59,52.71,21.52,2024.0,7
2024-07-13 16:00:00,4673,26.91,62.5,27.82,58.73,24.27,2024.0,7
2024-07-13 17:00:00,4674,25.59,68.04,25.23,67.07,25.77,2024.0,7
2024-07-13 18:00:00,4675,24.26,75.29,23.66,74.67,23.48,2024.0,7
2024-07-13 19:00:00,4676,23.12,79.28,22.51,78.13,17.87,2024.0,7
2024-07-13 20:00:00,4677,22.39,79.57,21.75,78.4,17.47,2024.0,7
2024-07-13 21:00:00,4678,21.36,81.35,20.93,79.86,11.62,2024.0,7
2024-07-13 22:00:00,4679,21.12,81.32,20.42,80.49,8.54,2024.0,7
2024-07-13 23:00:00,4680,20.48,84.31,19.8,82.58,6.48,2024.0,7
2024-07-14 00:00:00,4681,19.92,85.74,19.34,83.53,7.21,2024.0,7
2024-07-14 01:00:00,4682,19.57,87.11,18.63,86.07,13.56,2024.0,7
2024-07-14 02:00:00,4683,19.31,87.85,18.12,87.74,21.23,2024.0,7
2024-07-14 03:00:00,4684,19.08,88.15,17.49,89.52,26.42,2024.0,7
2024-07-14 04:00:00,4685,18.43,89.46,16.8,91.28,30.11,2024.0,7
2024-07-14 05:00:00,4686,18.43,88.96,16.9,89.89,24.7,2024.0,7
2024-07-14 06:00:00,4687,17.77,86.99,16.81,84.83,30.75,2024.0,7
2024-07-14 07:00:00,4688,19.63,80.24,20.11,74.16,32.08,2024.0,7
2024-07-14 08:00:00,4689,21.77,76.79,25.34,62.95,26.11,2024.0,7
2024-07-14 09:00:00,4690,23.34,68.53,26.49,56.95,9.07,2024.0,7
2024-07-14 10:00:00,4691,24.57,63.58,27.49,53.85,5.55,2024.0,7
2024-07-14 11:00:00,4692,25.2,60.65,27.23,53.33,5.23,2024.0,7
2024-07-14 12:00:00,4693,26.99,55.48,27.78,51.25,5.57,2024.0,7
2024-07-14 13:00:00,4694,27.86,53.71,28.39,50.71,7.24,2024.0,7
2024-07-14 14:00:00,4695,28.36,52.03,31.64,45.98,7.23,2024.0,7
2024-07-14 15:00:00,4696,28.4,54.26,31.39,49.84,10.8,2024.0,7
2024-07-14 16:00:00,4697,25.99,62.93,26.05,63.71,17.52,2024.0,7
2024-07-14 17:00:00,4698,24.66,67.69,24.38,68.47,22.3,2024.0,7
2024-07-14 18:00:00,4699,23.61,71.09,22.99,71.73,27.03,2024.0,7
2024-07-14 19:00:00,4700,22.48,76.15,21.97,75.26,23.73,2024.0,7
2024-07-14 20:00:00,4701,21.91,78.54,21.41,77.35,23.2,2024.0,7
2024-07-14 21:00:00,4702,21.69,79.75,21.08,78.86,16.7,2024.0,7
2024-07-14 22:00:00,4703,20.79,82.51,20.18,81.09,6.48,2024.0,7
2024-07-14 23:00:00,4704,19.87,84.92,19.35,82.8,4.44,2024.0,7
2024-07-15 00:00:00,4705,19.33,86.23,18.77,84.15,4.04,2024.0,7
2024-07-15 01:00:00,4706,19.05,86.71,18.5,84.35,3.44,2024.0,7
2024-07-15 02:00:00,4707,19.05,86.98,17.97,86.58,10.51,2024.0,7
2024-07-15 03:00:00,4708,18.86,88.62,17.26,90.4,29.57,2024.0,7
2024-07-15 04:00:00,4709,18.28,91.02,16.89,91.74,34.75,2024.0,7
2024-07-15 05:00:00,4710,17.67,91.6,16.49,90.83,28.37,2024.0,7
2024-07-15 06:00:00,4711,18.24,89.49,17.3,88.36,33.08,2024.0,7
2024-07-15 07:00:00,4712,20.6,83.95,20.74,79.14,42.26,2024.0,7
2024-07-15 08:00:00,4713,23.57,72.23,27.19,59.14,41.53,2024.0,7
2024-07-15 09:00:00,4714,25.42,68.11,29.22,55.54,41.93,2024.0,7
2024-07-15 10:00:00,4715,26.05,67.95,28.82,57.84,28.69,2024.0,7
2024-07-15 11:00:00,4716,27.13,63.57,29.51,55.33,13.07,2024.0,7
2024-07-15 12:00:00,4717,28.07,61.41,29.15,56.11,17.43,2024.0,7
2024-07-15 13:00:00,4718,29.02,58.03,29.83,54.11,16.21,2024.0,7
2024-07-15 14:00:00,4719,28.56,58.26,31.52,50.67,15.33,2024.0,7
2024-07-15 15:00:00,4720,28.39,58.58,30.57,52.51,18.14,2024.0,7
2024-07-15 16:00:00,4721,26.12,65.28,26.09,63.22,22.53,2024.0,7
2024-07-15 17:00:00,4722,24.67,71.45,24.43,69.93,24.8,2024.0,7
2024-07-15 18:00:00,4723,22.99,77.47,22.68,75.11,23.21,2024.0,7
2024-07-15 19:00:00,4724,21.81,79.63,21.57,77.25,19.07,2024.0,7
2024-07-15 20:00:00,4725,21.29,79.6,20.99,77.28,18.8,2024.0,7
2024-07-15 21:00:00,4726,20.84,81.77,20.31,79.8,6.87,2024.0,7
2024-07-15 22:00:00,4727,20.49,83.29,19.9,81.2,5.4,2024.0,7
2024-07-15 23:00:00,4728,20.08,83.32,19.61,80.78,4.67,2024.0,7
2024-07-16 00:00:00,4729,19.87,84.84,18.8,84.21,12.48,2024.0,7
2024-07-16 01:00:00,4730,19.54,85.75,18.58,84.68,11.35,2024.0,7
2024-07-16 02:00:00,4731,19.3,86.79,18.2,86.17,16.24,2024.0,7
2024-07-16 03:00:00,4732,19.09,89.09,17.5,90.82,32.56,2024.0,7
2024-07-16 04:00:00,4733,18.61,91.28,17.4,91.53,35.82,2024.0,7
2024-07-16 05:00:00,4734,18.65,90.62,17.33,90.93,32.71,2024.0,7
2024-07-16 06:00:00,4735,18.86,89.15,17.67,88.93,37.9,2024.0,7
2024-07-16 07:00:00,4736,20.6,84.59,20.73,79.72,42.06,2024.0,7
2024-07-16 08:00:00,4737,23.99,74.57,28.17,59.74,45.33,2024.0,7
2024-07-16 09:00:00,4738,26.17,68.04,29.9,55.61,37.93,2024.0,7
2024-07-16 10:00:00,4739,28.13,60.89,31.27,51.2,16.1,2024.0,7
2024-07-16 11:00:00,4740,29.04,59.49,31.35,52.26,13.57,2024.0,7
2024-07-16 12:00:00,4741,29.74,58.64,30.72,54.34,16.1,2024.0,7
2024-07-16 13:00:00,4742,30.48,56.96,31.36,53.1,8.28,2024.0,7
2024-07-16 14:00:00,4743,29.8,57.89,31.12,53.53,7.18,2024.0,7
2024-07-16 15:00:00,4744,28.81,61.39,28.72,59.67,16.52,2024.0,7
2024-07-16 18:00:00,4747,25.55,73.5,24.82,73.14,26.97,2024.0,7
2024-07-16 19:00:00,4748,24.13,81.01,23.58,80.27,26.78,2024.0,7
2024-07-16 20:00:00,4749,23.15,85.18,22.95,82.54,18.97,2024.0,7
2024-07-16 21:00:00,4750,22.92,86.11,22.51,84.13,22.18,2024.0,7
2024-07-16 22:00:00,4751,22.52,88.83,21.53,88.87,27.29,2024.0,7
2024-07-16 23:00:00,4752,22.36,88.71,21.18,89.16,27.72,2024.0,7
2024-07-17 00:00:00,4753,22.22,88.85,20.99,89.63,40.33,2024.0,7
2024-07-17 01:00:00,4754,21.57,90.6,20.41,91.05,27.6,2024.0,7
2024-07-17 02:00:00,4755,20.81,93.43,19.66,93.2,26.29,2024.0,7
2024-07-17 03:00:00,4756,20.28,95.37,19.48,93.48,28.88,2024.0,7
2024-07-17 04:00:00,4757,19.87,96.3,19.44,92.78,24.01,2024.0,7
2024-07-17 05:00:00,4758,20.06,93.68,19.24,91.28,29.64,2024.0,7
2024-07-17 06:00:00,4759,20.24,92.77,19.71,89.52,30.47,2024.0,7
2024-07-17 07:00:00,4760,22.08,86.7,24.9,73.92,31.0,2024.0,7
2024-07-17 08:00:00,4761,24.61,78.53,28.53,63.11,33.5,2024.0,7
2024-07-17 09:00:00,4762,25.91,72.66,29.45,59.15,20.63,2024.0,7
2024-07-17 10:00:00,4763,27.55,68.59,30.98,56.63,20.66,2024.0,7
2024-07-17 11:00:00,4764,29.18,64.22,32.31,54.37,22.2,2024.0,7
2024-07-17 12:00:00,4765,29.34,62.97,31.97,54.61,21.9,2024.0,7
2024-07-17 13:00:00,4766,28.2,64.81,29.04,59.9,20.47,2024.0,7
2024-07-17 14:00:00,4767,27.15,74.6,27.77,69.79,34.17,2024.0,7
2024-07-17 15:00:00,4768,26.28,78.45,27.1,72.61,33.21,2024.0,7
2024-07-17 16:00:00,4769,25.7,81.28,25.77,77.56,26.06,2024.0,7
2024-07-17 17:00:00,4770,25.45,83.48,25.18,80.69,29.77,2024.0,7
2024-07-17 18:00:00,4771,25.02,81.84,24.28,80.34,25.46,2024.0,7
2024-07-17 19:00:00,4772,23.72,85.28,23.44,82.56,25.88,2024.0,7
2024-07-17 20:00:00,4773,23.49,87.38,23.17,84.52,26.82,2024.0,7
2024-07-17 21:00:00,4774,23.05,91.56,22.66,88.53,29.61,2024.0,7
2024-07-17 22:00:00,4775,22.92,92.6,22.35,89.91,30.33,2024.0,7
2024-07-17 23:00:00,4776,22.62,93.18,21.94,90.94,30.61,2024.0,7
2024-07-18 00:00:00,4777,22.4,92.23,21.75,89.77,25.73,2024.0,7
2024-07-18 01:00:00,4778,21.93,92.89,21.32,90.39,22.15,2024.0,7
2024-07-18 02:00:00,4779,21.61,93.49,21.13,90.5,16.54,2024.0,7
2024-07-18 03:00:00,4780,21.78,94.08,20.96,92.06,24.9,2024.0,7
2024-07-18 04:00:00,4781,22.01,93.19,20.78,92.8,27.34,2024.0,7
2024-07-18 05:00:00,4782,21.67,95.51,20.32,95.43,38.4,2024.0,7
2024-07-18 06:00:00,4783,21.54,94.33,20.72,92.52,30.29,2024.0,7
2024-07-18 07:00:00,4784,22.56,89.11,24.95,77.07,26.43,2024.0,7
2024-07-18 08:00:00,4785,24.92,80.5,28.61,65.13,25.55,2024.0,7
2024-07-18 09:00:00,4786,27.44,72.99,31.54,57.99,30.03,2024.0,7
2024-07-18 10:00:00,4787,28.59,68.03,31.88,56.27,23.48,2024.0,7
2024-07-18 11:00:00,4788,30.24,61.96,33.11,52.51,20.31,2024.0,7
2024-07-18 12:00:00,4789,31.16,58.02,33.55,50.53,19.33,2024.0,7
2024-07-18 13:00:00,4790,33.05,53.39,35.97,48.52,23.48,2024.0,7
2024-07-18 14:00:00,4791,28.82,67.63,29.53,65.92,43.83,2024.0,7
2024-07-18 15:00:00,4792,27.28,73.43,27.64,70.94,40.59,2024.0,7
2024-07-18 16:00:00,4793,25.26,81.78,22.69,92.35,30.62,2024.0,7
2024-07-18 17:00:00,4794,24.49,88.05,22.2,98.19,27.72,2024.0,7
2024-07-18 18:00:00,4795,24.96,85.87,22.77,96.51,28.26,2024.0,7
2024-07-18 19:00:00,4796,25.04,86.03,22.94,96.75,26.6,2024.0,7
2024-07-18 20:00:00,4797,24.1,88.89,22.35,97.47,26.6,2024.0,7
2024-07-18 21:00:00,4798,23.46,89.59,22.6,92.07,23.91,2024.0,7
2024-07-18 22:00:00,4799,22.85,87.8,22.4,85.8,18.11,2024.0,7
2024-07-18 23:00:00,4800,22.22,89.65,21.68,87.92,19.45,2024.0,7
2024-07-19 00:00:00,4801,21.89,90.23,21.29,88.58,18.97,2024.0,7
2024-07-19 01:00:00,4802,21.51,91.37,20.82,90.04,20.42,2024.0,7
2024-07-19 02:00:00,4803,21.29,92.73,20.54,91.38,24.58,2024.0,7
2024-07-19 03:00:00,4804,21.17,92.59,20.22,91.81,24.41,2024.0,7
2024-07-19 04:00:00,4805,20.96,93.22,19.66,93.55,28.05,2024.0,7
2024-07-19 05:00:00,4806,20.73,94.12,19.59,92.73,25.85,2024.0,7
2024-07-19 06:00:00,4807,20.48,92.31,19.7,89.95,31.53,2024.0,7
2024-07-19 07:00:00,4808,22.36,86.9,25.48,73.5,32.43,2024.0,7
2024-07-19 08:00:00,4809,25.38,78.27,29.33,62.2,37.8,2024.0,7
2024-07-19 09:00:00,4810,26.57,73.41,30.77,58.15,31.53,2024.0,7
2024-07-19 10:00:00,4811,28.07,68.36,32.1,54.58,24.5,2024.0,7
2024-07-19 11:00:00,4812,29.46,62.64,32.71,51.6,20.86,2024.0,7
2024-07-19 12:00:00,4813,30.28,58.5,32.9,49.74,17.07,2024.0,7
2024-07-19 13:00:00,4814,30.75,54.72,33.61,46.81,12.59,2024.0,7
2024-07-19 14:00:00,4815,30.19,56.4,32.71,52.66,16.6,2024.0,7
2024-07-19 15:00:00,4816,28.58,61.32,30.41,58.67,21.23,2024.0,7
2024-07-19 16:00:00,4817,27.41,64.69,28.03,63.66,24.0,2024.0,7
2024-07-19 17:00:00,4818,25.72,70.45,25.62,68.86,29.27,2024.0,7
2024-07-19 18:00:00,4819,24.41,70.63,24.27,69.14,25.47,2024.0,7
2024-07-19 19:00:00,4820,23.67,71.32,23.51,69.62,18.24,2024.0,7
2024-07-19 20:00:00,4821,22.74,76.4,22.53,74.0,16.77,2024.0,7
2024-07-19 21:00:00,4822,22.48,76.8,22.2,74.36,16.17,2024.0,7
2024-07-19 22:00:00,4823,21.92,78.73,21.46,76.66,12.53,2024.0,7
2024-07-19 23:00:00,4824,21.53,78.76,20.81,77.38,9.57,2024.0,7
2024-07-20 00:00:00,4825,20.58,82.48,20.04,80.28,6.03,2024.0,7
2024-07-20 01:00:00,4826,19.86,86.16,19.31,83.64,7.93,2024.0,7
2024-07-20 02:00:00,4827,19.45,86.68,18.84,84.16,10.09,2024.0,7
2024-07-20 03:00:00,4828,19.14,87.52,18.42,85.52,11.6,2024.0,7
2024-07-20 04:00:00,4829,19.1,86.96,18.32,84.98,15.45,2024.0,7
2024-07-20 05:00:00,4830,19.08,88.81,17.69,89.3,29.59,2024.0,7
2024-07-20 06:00:00,4831,19.07,90.46,18.17,89.21,,2024.0,7
2024-07-20 07:00:00,4832,21.1,83.98,24.49,69.72,40.28,2024.0,7
2024-07-20 08:00:00,4833,24.56,72.87,29.03,57.07,32.66,2024.0,7
2024-07-20 09:00:00,4834,26.4,64.47,30.67,51.3,23.4,2024.0,7
2024-07-20 10:00:00,4835,27.09,62.83,31.02,50.88,19.9,2024.0,7
2024-07-20 11:00:00,4836,28.99,56.8,32.26,47.15,12.14,2024.0,7
2024-07-20 12:00:00,4837,30.22,52.46,32.99,46.66,11.57,2024.0,7
2024-07-20 13:00:00,4838,30.94,49.87,33.95,45.43,14.53,2024.0,7
2024-07-20 14:00:00,4839,31.97,46.92,34.89,43.49,21.21,2024.0,7
2024-07-20 15:00:00,4840,31.65,48.21,32.7,48.11,28.67,2024.0,7
2024-07-20 16:00:00,4841,29.36,55.36,30.25,56.05,30.48,2024.0,7
2024-07-20 17:00:00,4842,26.52,67.6,26.1,68.53,22.9,2024.0,7
2024-07-20 18:00:00,4843,24.29,75.16,23.92,74.51,21.57,2024.0,7
2024-07-20 19:00:00,4844,23.08,78.41,22.74,76.74,11.59,2024.0,7
2024-07-20 20:00:00,4845,22.3,79.36,21.92,77.67,7.99,2024.0,7
2024-07-20 21:00:00,4846,21.58,79.57,21.24,77.86,5.54,2024.0,7
2024-07-20 22:00:00,4847,21.13,80.95,20.75,79.38,4.76,2024.0,7
2024-07-20 23:00:00,4848,20.87,81.79,20.6,79.17,4.02,2024.0,7
2024-07-21 00:00:00,4849,20.88,80.77,20.41,78.54,3.36,2024.0,7
2024-07-21 01:00:00,4850,20.47,81.69,19.93,79.33,3.23,2024.0,7
2024-07-21 02:00:00,4851,20.02,82.57,19.37,80.53,3.51,2024.0,7
2024-07-21 03:00:00,4852,19.9,83.07,18.87,82.32,5.15,2024.0,7
2024-07-21 04:00:00,4853,19.71,84.95,18.79,83.72,13.58,2024.0,7
2024-07-21 05:00:00,4854,19.7,87.61,18.27,88.48,27.2,2024.0,7
2024-07-21 06:00:00,4855,19.54,89.02,18.7,87.48,26.36,2024.0,7
2024-07-21 07:00:00,4856,21.81,80.77,25.16,67.15,29.1,2024.0,7
2024-07-21 08:00:00,4857,24.04,71.3,28.2,57.05,29.67,2024.0,7
2024-07-21 09:00:00,4858,25.66,66.99,30.3,52.44,29.9,2024.0,7
2024-07-21 10:00:00,4859,27.36,58.82,31.31,47.62,22.2,2024.0,7
2024-07-21 11:00:00,4860,30.02,47.86,33.31,42.23,5.83,2024.0,7
2024-07-21 12:00:00,4861,30.57,44.54,33.07,40.85,4.83,2024.0,7
2024-07-21 13:00:00,4862,31.67,,34.62,32.57,0.87,2024.0,7
2024-07-21 14:00:00,4863,31.63,41.96,34.78,39.57,5.59,2024.0,7
2024-07-21 15:00:00,4864,30.78,48.18,32.43,47.77,8.87,2024.0,7
2024-07-21 16:00:00,4865,28.7,58.05,29.26,59.52,16.1,2024.0,7
2024-07-21 17:00:00,4866,27.96,61.86,27.5,64.46,18.54,2024.0,7
2024-07-21 18:00:00,4867,25.56,70.86,24.95,71.65,29.13,2024.0,7
2024-07-21 19:00:00,4868,24.16,75.88,23.62,75.65,22.03,2024.0,7
2024-07-21 20:00:00,4869,22.82,78.18,22.34,77.1,10.3,2024.0,7
2024-07-21 21:00:00,4870,22.23,80.03,21.69,79.12,9.97,2024.0,7
2024-07-21 22:00:00,4871,22.53,77.95,21.86,77.04,9.86,2024.0,7
2024-07-21 23:00:00,4872,21.88,80.01,21.42,78.69,6.1,2024.0,7
2024-07-22 00:00:00,4873,21.97,79.74,21.38,78.35,9.8,2024.0,7
2024-07-22 01:00:00,4874,21.64,78.17,21.03,76.85,2.62,2024.0,7
2024-07-22 02:00:00,4875,21.18,80.01,20.74,78.38,1.87,2024.0,7
2024-07-22 03:00:00,4876,21.03,81.17,20.28,80.44,1.59,2024.0,7
2024-07-22 04:00:00,4877,21.06,82.71,19.81,83.62,11.51,2024.0,7
2024-07-22 05:00:00,4878,21.02,82.47,19.57,83.9,16.1,2024.0,7
2024-07-22 06:00:00,4879,20.66,84.44,19.96,82.67,17.58,2024.0,7
2024-07-22 07:00:00,4880,22.07,78.96,24.15,69.17,28.21,2024.0,7
2024-07-22 08:00:00,4881,23.81,75.01,27.86,61.19,33.5,2024.0,7
2024-07-22 09:00:00,4882,26.44,66.65,30.9,56.09,23.83,2024.0,7
2024-07-22 10:00:00,4883,28.37,61.42,32.45,52.84,28.13,2024.0,7
2024-07-22 11:00:00,4884,29.99,57.04,33.44,50.66,28.67,2024.0,7
2024-07-22 12:00:00,4885,31.55,53.37,34.4,48.56,25.48,2024.0,7
2024-07-22 13:00:00,4886,32.28,49.85,35.18,46.11,29.1,2024.0,7
2024-07-22 14:00:00,4887,31.56,50.27,33.52,48.55,33.72,2024.0,7
2024-07-22 15:00:00,4888,29.11,59.23,30.7,57.79,39.87,2024.0,7
2024-07-22 16:00:00,4889,28.01,62.64,28.99,62.34,38.57,2024.0,7
2024-07-22 17:00:00,4890,27.19,68.9,27.0,69.54,38.31,2024.0,7
2024-07-22 18:00:00,4891,26.48,70.54,25.68,71.84,33.17,2024.0,7
2024-07-22 19:00:00,4892,24.45,76.4,23.96,75.6,27.7,2024.0,7
2024-07-22 20:00:00,4893,23.62,79.52,23.17,78.25,23.69,2024.0,7
2024-07-22 21:00:00,4894,23.04,80.09,22.53,78.41,15.16,2024.0,7
2024-07-22 22:00:00,4895,22.35,80.34,21.91,78.57,10.78,2024.0,7
2024-07-22 23:00:00,4896,21.85,81.3,21.32,79.89,12.6,2024.0,7
2024-07-23 00:00:00,4897,21.55,82.23,20.98,80.8,12.4,2024.0,7
2024-07-23 01:00:00,4898,21.79,81.21,21.21,79.62,9.82,2024.0,7
2024-07-23 02:00:00,4899,21.29,81.58,20.71,80.02,7.46,2024.0,7
2024-07-23 03:00:00,4900,20.64,85.02,19.97,82.88,7.57,2024.0,7
2024-07-23 04:00:00,4901,20.74,86.04,19.33,86.21,15.02,2024.0,7
2024-07-23 05:00:00,4902,20.17,86.51,19.11,85.41,15.66,2024.0,7
2024-07-23 06:00:00,4903,20.11,86.28,19.29,84.44,23.94,2024.0,7
2024-07-23 07:00:00,4904,21.91,80.97,24.57,69.27,37.09,2024.0,7
2024-07-23 08:00:00,4905,24.73,70.09,28.64,58.47,33.57,2024.0,7
2024-07-23 09:00:00,4906,27.02,63.42,31.26,54.19,25.97,2024.0,7
2024-07-23 10:00:00,4907,28.33,60.17,32.37,51.92,25.4,2024.0,7
2024-07-23 11:00:00,4908,30.45,55.71,33.84,49.52,31.8,2024.0,7
2024-07-23 12:00:00,4909,31.58,52.48,34.2,48.24,32.28,2024.0,7
2024-07-23 13:00:00,4910,32.56,48.91,35.35,45.6,32.87,2024.0,7
2024-07-23 14:00:00,4911,30.98,53.79,32.62,52.76,37.83,2024.0,7
2024-07-23 15:00:00,4912,28.1,63.05,29.92,61.01,41.55,2024.0,7
2024-07-23 16:00:00,4913,27.32,65.82,28.41,65.14,39.87,2024.0,7
2024-07-23 17:00:00,4914,26.65,67.79,26.6,69.24,40.31,2024.0,7
2024-07-23 18:00:00,4915,26.1,69.5,25.66,70.89,41.5,2024.0,7
2024-07-23 19:00:00,4916,25.08,81.1,24.31,81.25,33.04,2024.0,7
2024-07-23 20:00:00,4917,24.02,84.7,23.36,84.34,27.98,2024.0,7
2024-07-23 21:00:00,4918,23.48,85.44,22.8,84.39,26.24,2024.0,7
2024-07-23 22:00:00,4919,23.12,85.06,22.41,83.84,22.98,2024.0,7
2024-07-23 23:00:00,4920,22.64,85.61,21.97,84.16,20.7,2024.0,7
2024-07-24 00:00:00,4921,22.31,83.99,21.92,81.51,13.06,2024.0,7
2024-07-24 01:00:00,4922,22.1,84.39,21.67,82.03,11.94,2024.0,7
2024-07-24 02:00:00,4923,21.97,83.94,21.43,81.92,10.09,2024.0,7
2024-07-24 03:00:00,4924,21.96,82.53,21.46,80.29,7.35,2024.0,7
2024-07-24 04:00:00,4925,21.93,82.02,21.38,79.97,11.02,2024.0,7
2024-07-24 05:00:00,4926,21.8,82.31,21.1,80.63,11.26,2024.0,7
2024-07-24 06:00:00,4927,21.35,84.47,21.16,81.32,15.01,2024.0,7
2024-07-24 07:00:00,4928,22.54,80.94,25.06,69.65,23.76,2024.0,7
2024-07-24 08:00:00,4929,25.63,68.26,29.41,57.66,29.2,2024.0,7
2024-07-24 09:00:00,4930,27.77,62.51,32.17,53.0,25.27,2024.0,7
2024-07-24 10:00:00,4931,28.91,58.41,32.84,50.64,18.07,2024.0,7
2024-07-24 11:00:00,4932,29.83,56.9,33.12,51.05,11.03,2024.0,7
2024-07-24 12:00:00,4933,30.49,56.02,32.93,52.04,9.9,2024.0,7
2024-07-24 13:00:00,4934,31.11,56.14,34.11,51.39,9.93,2024.0,7
2024-07-24 14:00:00,4935,29.62,59.53,30.44,59.25,11.17,2024.0,7
2024-07-24 15:00:00,4936,28.34,63.5,28.68,64.35,12.17,2024.0,7
2024-07-24 16:00:00,4937,27.04,67.96,26.93,69.24,18.27,2024.0,7
2024-07-24 17:00:00,4938,26.03,73.04,25.73,72.5,23.8,2024.0,7
2024-07-24 18:00:00,4939,24.87,79.84,24.61,77.99,25.74,2024.0,7
2024-07-24 19:00:00,4940,24.26,82.39,23.97,80.47,22.57,2024.0,7
2024-07-24 20:00:00,4941,24.37,80.68,23.47,80.34,21.12,2024.0,7
2024-07-24 21:00:00,4942,23.84,81.56,22.79,81.91,16.2,2024.0,7
2024-07-24 22:00:00,4943,23.05,84.02,22.18,83.21,14.11,2024.0,7
2024-07-24 23:00:00,4944,22.38,84.69,21.76,82.99,8.29,2024.0,7
2024-07-25 00:00:00,4945,22.01,85.34,21.23,84.17,6.74,2024.0,7
2024-07-25 01:00:00,4946,21.64,86.34,21.0,84.8,9.4,2024.0,7
2024-07-25 02:00:00,4947,21.25,88.11,20.4,87.25,13.91,2024.0,7
2024-07-25 03:00:00,4948,20.72,90.33,19.89,88.33,10.56,2024.0,7
2024-07-25 04:00:00,4949,20.38,91.74,19.64,89.33,17.0,2024.0,7
2024-07-25 05:00:00,4950,19.83,93.2,19.25,90.25,13.49,2024.0,7
2024-07-25 06:00:00,4951,19.92,93.03,19.52,89.24,19.56,2024.0,7
2024-07-25 07:00:00,4952,21.97,86.8,24.17,75.42,28.16,2024.0,7
2024-07-25 08:00:00,4953,24.62,79.56,28.66,63.52,48.37,2024.0,7
2024-07-25 09:00:00,4954,26.79,71.84,30.51,58.0,48.6,2024.0,7
2024-07-25 10:00:00,4955,29.4,62.32,33.51,49.48,36.62,2024.0,7
2024-07-25 11:00:00,4956,29.4,58.9,32.12,49.96,26.43,2024.0,7
2024-07-25 12:00:00,4957,30.13,58.36,32.79,49.94,30.9,2024.0,7
2024-07-25 13:00:00,4958,30.35,58.89,31.87,52.95,32.41,2024.0,7
2024-07-25 14:00:00,4959,28.74,63.1,28.28,61.59,33.47,2024.0,7
2024-07-25 15:00:00,4960,27.68,66.76,27.86,63.83,35.8,2024.0,7
2024-07-25 16:00:00,4961,26.99,68.86,26.58,67.42,29.79,2024.0,7
2024-07-25 17:00:00,4962,25.94,72.8,25.61,70.77,27.77,2024.0,7
2024-07-25 18:00:00,4963,25.09,78.29,24.58,76.83,29.67,2024.0,7
2024-07-25 19:00:00,4964,23.8,86.03,23.53,83.81,22.36,2024.0,7
2024-07-25 20:00:00,4965,23.4,88.06,23.1,85.21,23.65,2024.0,7
2024-07-25 21:00:00,4966,23.16,89.24,22.64,87.02,25.97,2024.0,7
2024-07-25 22:00:00,4967,22.67,89.81,22.09,87.64,22.89,2024.0,7
2024-07-25 23:00:00,4968,22.52,89.98,22.02,87.39,23.05,2024.0,7
2024-07-26 00:00:00,4969,22.12,89.96,21.67,87.26,17.26,2024.0,7
2024-07-26 01:00:00,4970,21.66,90.97,20.99,89.09,14.18,2024.0,7
2024-07-26 02:00:00,4971,21.36,92.87,20.41,91.71,24.32,2024.0,7
2024-07-26 03:00:00,4972,21.4,89.01,20.77,86.67,20.77,2024.0,7
2024-07-26 04:00:00,4973,20.64,91.04,20.11,87.41,15.88,2024.0,7
2024-07-26 05:00:00,4974,20.4,91.05,19.79,87.63,14.86,2024.0,7
2024-07-26 06:00:00,4975,20.5,89.83,19.92,86.46,20.12,2024.0,7
2024-07-26 07:00:00,4976,22.18,84.43,24.39,73.61,29.25,2024.0,7
2024-07-26 08:00:00,4977,25.42,74.88,29.56,59.01,41.03,2024.0,7
2024-07-26 09:00:00,4978,27.43,66.79,31.5,52.94,32.33,2024.0,7
2024-07-26 10:00:00,4979,28.21,61.38,31.82,49.65,28.9,2024.0,7
2024-07-26 11:00:00,4980,29.55,56.26,32.79,46.73,22.93,2024.0,7
2024-07-26 12:00:00,4981,30.02,53.41,32.69,45.8,22.8,2024.0,7
2024-07-26 13:00:00,4982,31.14,50.37,34.15,44.75,24.57,2024.0,7
2024-07-26 14:00:00,4983,31.21,50.52,33.76,47.1,24.69,2024.0,7
2024-07-26 15:00:00,4984,30.53,51.64,31.52,51.57,26.2,2024.0,7
2024-07-26 16:00:00,4985,27.86,62.03,27.78,63.69,23.31,2024.0,7
2024-07-26 17:00:00,4986,26.92,65.94,26.34,67.19,25.23,2024.0,7
2024-07-26 18:00:00,4987,25.96,70.84,25.12,71.32,25.63,2024.0,7
2024-07-26 19:00:00,4988,25.21,74.37,24.55,74.15,28.93,2024.0,7
2024-07-26 20:00:00,4989,24.15,79.61,23.63,78.68,28.17,2024.0,7
2024-07-26 21:00:00,4990,23.33,83.7,22.74,82.44,26.82,2024.0,7
2024-07-26 22:00:00,4991,22.36,85.76,21.8,84.25,25.83,2024.0,7
2024-07-26 23:00:00,4992,21.79,86.96,21.18,85.64,23.43,2024.0,7
2024-07-27 00:00:00,4993,21.24,87.34,20.63,85.74,21.62,2024.0,7
2024-07-27 01:00:00,4994,20.42,88.63,19.76,86.42,23.38,2024.0,7
2024-07-27 02:00:00,4995,20.11,82.91,19.58,79.37,26.32,2024.0,7
2024-07-27 03:00:00,4996,20.23,83.14,19.33,81.45,24.51,2024.0,7
2024-07-27 04:00:00,4997,20.13,83.37,18.72,83.12,24.01,2024.0,7
2024-07-27 05:00:00,4998,19.82,84.87,18.22,85.91,28.41,2024.0,7
2024-07-27 06:00:00,4999,19.52,89.84,18.63,88.69,39.14,2024.0,7
2024-07-27 07:00:00,5000,21.36,83.55,24.31,70.65,35.45,2024.0,7
2024-07-27 08:00:00,5001,24.57,73.63,29.41,56.85,40.43,2024.0,7
2024-07-27 09:00:00,5002,26.69,65.8,30.61,53.03,28.86,2024.0,7
2024-07-27 10:00:00,5003,27.08,65.36,30.64,53.52,24.93,2024.0,7
2024-07-27 11:00:00,5004,28.66,60.22,31.69,50.3,19.1,2024.0,7
2024-07-27 12:00:00,5005,30.31,57.16,33.1,48.6,24.63,2024.0,7
2024-07-27 13:00:00,5006,31.33,53.52,34.4,46.07,23.4,2024.0,7
2024-07-27 14:00:00,5007,31.42,51.87,34.31,47.5,20.89,2024.0,7
2024-07-27 15:00:00,5008,29.86,58.85,31.14,58.12,21.9,2024.0,7
2024-07-27 16:00:00,5009,27.88,65.41,27.86,65.56,23.43,2024.0,7
2024-07-27 17:00:00,5010,26.58,70.03,26.38,69.37,27.31,2024.0,7
2024-07-27 18:00:00,5011,25.74,76.45,25.18,75.65,34.2,2024.0,7
2024-07-27 19:00:00,5012,24.62,81.26,23.97,80.66,25.83,2024.0,7
2024-07-27 20:00:00,5013,23.63,82.38,23.16,80.86,20.61,2024.0,7
2024-07-27 21:00:00,5014,22.9,84.29,22.3,82.76,19.54,2024.0,7
2024-07-27 22:00:00,5015,22.07,86.66,21.55,85.03,17.56,2024.0,7
2024-07-27 23:00:00,5016,21.77,87.35,21.28,85.39,17.33,2024.0,7
2024-07-28 00:00:00,5017,21.58,87.57,20.87,86.12,18.36,2024.0,7
2024-07-28 01:00:00,5018,21.43,87.22,20.21,87.43,19.41,2024.0,7
2024-07-28 02:00:00,5019,20.77,88.91,19.91,87.36,24.1,2024.0,7
2024-07-28 03:00:00,5020,20.13,91.17,19.63,87.93,21.6,2024.0,7
2024-07-28 04:00:00,5021,20.33,89.96,19.57,87.77,26.89,2024.0,7
2024-07-28 05:00:00,5022,20.55,90.14,18.99,90.55,30.82,2024.0,7
2024-07-28 06:00:00,5023,20.29,91.24,19.42,89.39,38.05,2024.0,7
2024-07-28 07:00:00,5024,21.84,85.51,24.78,72.21,40.35,2024.0,7
2024-07-28 08:00:00,5025,25.26,74.2,29.42,58.45,39.33,2024.0,7
2024-07-28 09:00:00,5026,26.29,69.13,30.42,54.71,29.14,2024.0,7
2024-07-28 10:00:00,5027,27.93,63.54,32.0,50.67,19.8,2024.0,7
2024-07-28 11:00:00,5028,29.13,59.6,32.17,49.71,21.4,2024.0,7
2024-07-28 12:00:00,5029,30.22,56.34,32.85,48.05,16.93,2024.0,7
2024-07-28 13:00:00,5030,31.01,52.6,34.17,45.65,15.37,2024.0,7
2024-07-28 14:00:00,5031,31.29,52.98,32.36,52.33,25.1,2024.0,7
2024-07-28 15:00:00,5032,29.47,59.16,29.86,59.95,24.79,2024.0,7
2024-07-28 16:00:00,5033,27.46,66.52,27.36,66.55,28.47,2024.0,7
2024-07-28 17:00:00,5034,26.61,69.21,26.17,69.03,27.38,2024.0,7
2024-07-28 18:00:00,5035,24.71,77.19,24.45,75.39,23.63,2024.0,7
2024-07-28 19:00:00,5036,23.49,80.0,23.19,77.86,16.55,2024.0,7
2024-07-28 20:00:00,5037,22.64,81.69,22.26,79.8,12.8,2024.0,7
2024-07-28 21:00:00,5038,22.05,84.38,21.69,82.16,13.09,2024.0,7
2024-07-28 22:00:00,5039,21.51,86.26,21.06,84.23,11.75,2024.0,7
2024-07-28 23:00:00,5040,21.17,86.73,20.77,84.42,10.56,2024.0,7
2024-07-29 00:00:00,5041,21.07,86.29,20.58,84.13,10.7,2024.0,7
2024-07-29 01:00:00,5042,20.63,88.47,19.99,85.69,8.94,2024.0,7
2024-07-29 02:00:00,5043,20.24,88.35,19.65,85.51,10.52,2024.0,7
2024-07-29 03:00:00,5044,19.77,89.13,19.14,86.39,6.45,2024.0,7
2024-07-29 04:00:00,5045,19.78,89.51,18.85,87.86,11.3,2024.0,7
2024-07-29 05:00:00,5046,19.7,92.1,18.67,90.7,28.27,2024.0,7
2024-07-29 06:00:00,5047,20.09,90.1,19.51,86.96,27.94,2024.0,7
2024-07-29 07:00:00,5048,22.08,82.72,24.78,70.04,28.95,2024.0,7
2024-07-29 08:00:00,5049,23.98,75.2,27.96,59.74,35.83,2024.0,7
2024-07-29 09:00:00,5050,25.91,69.93,30.02,55.34,31.43,2024.0,7
2024-07-29 10:00:00,5051,27.61,64.18,31.45,51.85,27.17,2024.0,7
2024-07-29 11:00:00,5052,30.0,60.31,33.38,49.67,28.1,2024.0,7
2024-07-29 12:00:00,5053,30.99,57.46,33.68,48.89,28.52,2024.0,7
2024-07-29 13:00:00,5054,30.75,59.08,33.09,51.25,29.73,2024.0,7
2024-07-29 14:00:00,5055,29.84,60.25,30.06,57.74,29.73,2024.0,7
2024-07-29 15:00:00,5056,28.59,63.32,28.34,63.31,28.24,2024.0,7
2024-07-29 16:00:00,5057,27.64,66.62,27.28,66.34,28.67,2024.0,7
2024-07-29 17:00:00,5058,26.51,70.23,26.2,69.54,30.23,2024.0,7
2024-07-29 18:00:00,5059,25.21,77.76,24.83,75.79,33.21,2024.0,7
2024-07-29 19:00:00,5060,24.06,80.32,23.7,78.57,27.4,2024.0,7
2024-07-29 20:00:00,5061,23.39,86.44,22.97,84.25,26.35,2024.0,7
2024-07-29 21:00:00,5062,22.64,87.74,22.06,85.88,26.06,2024.0,7
2024-07-29 22:00:00,5063,21.79,87.84,21.46,85.27,18.13,2024.0,7
2024-07-29 23:00:00,5064,21.76,88.44,21.34,85.94,18.67,2024.0,7
2024-07-30 00:00:00,5065,21.79,89.37,21.17,87.44,21.31,2024.0,7
2024-07-30 01:00:00,5066,21.6,89.8,20.62,88.92,20.93,2024.0,7
2024-07-30 02:00:00,5067,21.23,88.65,20.58,86.64,16.26,2024.0,7
2024-07-30 03:00:00,5068,20.97,90.26,20.16,88.46,22.31,2024.0,7
2024-07-30 04:00:00,5069,21.09,90.89,19.65,91.7,28.9,2024.0,7
2024-07-30 05:00:00,5070,20.74,90.81,19.45,90.53,24.65,2024.0,7
2024-07-30 06:00:00,5071,20.52,91.19,20.04,87.58,28.48,2024.0,7
2024-07-30 07:00:00,5072,22.29,86.06,24.95,73.65,41.1,2024.0,7
2024-07-30 08:00:00,5073,25.25,75.12,29.39,59.1,41.94,2024.0,7
2024-07-30 10:00:00,5075,28.16,63.92,31.99,51.34,30.38,2024.0,7
2024-07-30 11:00:00,5076,30.03,57.47,33.2,47.68,25.93,2024.0,7
2024-07-30 12:00:00,5077,31.65,52.77,34.38,46.78,24.23,2024.0,7
2024-07-30 13:00:00,5078,31.63,50.78,33.35,48.55,22.86,2024.0,7
2024-07-30 14:00:00,5079,29.98,52.59,29.92,54.03,21.0,2024.0,7
2024-07-30 15:00:00,5080,29.02,60.74,28.42,63.16,32.57,2024.0,7
2024-07-30 16:00:00,5081,28.21,63.45,28.23,63.67,29.24,2024.0,7
2024-07-30 17:00:00,5082,27.93,63.04,27.46,64.43,25.8,2024.0,7
2024-07-30 18:00:00,5083,26.69,68.74,25.81,69.84,32.9,2024.0,7
2024-07-30 19:00:00,5084,24.77,76.76,24.47,74.96,34.14,2024.0,7
2024-07-30 20:00:00,5085,24.15,79.06,23.61,78.01,33.46,2024.0,7
2024-07-30 21:00:00,5086,23.14,84.38,22.52,83.17,27.26,2024.0,7
2024-07-30 22:00:00,5087,22.69,87.95,21.84,87.36,25.1,2024.0,7
2024-07-30 23:00:00,5088,22.45,88.32,21.43,88.18,23.43,2024.0,7
2024-07-31 00:00:00,5089,21.82,90.46,20.8,90.39,24.12,2024.0,7
2024-07-31 01:00:00,5090,21.74,91.0,20.37,92.03,28.99,2024.0,7
2024-07-31 02:00:00,5091,21.34,90.26,20.19,90.47,26.73,2024.0,7
2024-07-31 03:00:00,5092,21.07,90.7,19.94,90.6,29.18,2024.0,7
2024-07-31 04:00:00,5093,20.79,91.17,19.62,90.5,26.26,2024.0,7
2024-07-31 05:00:00,5094,20.26,91.98,18.95,91.51,27.96,2024.0,7
2024-07-31 06:00:00,5095,20.23,93.67,19.43,91.55,33.1,2024.0,7
2024-07-31 07:00:00,5096,22.73,84.42,26.23,69.68,31.12,2024.0,7
2024-07-31 08:00:00,5097,25.02,76.22,29.05,60.3,39.28,2024.0,7
2024-07-31 09:00:00,5098,26.87,70.47,31.46,56.25,38.77,2024.0,7
2024-07-31 10:00:00,5099,28.37,66.1,31.92,56.31,32.6,2024.0,7
2024-07-31 11:00:00,5100,29.86,60.61,32.87,53.88,25.1,2024.0,7
2024-07-31 12:00:00,5101,30.51,55.93,32.9,51.11,20.73,2024.0,7
2024-07-31 13:00:00,5102,31.69,51.59,34.57,47.32,18.33,2024.0,7
2024-07-31 14:00:00,5103,31.32,54.01,33.95,50.03,21.69,2024.0,7
2024-07-31 15:00:00,5104,29.59,59.11,29.34,60.08,23.07,2024.0,7
2024-07-31 16:00:00,5105,28.23,64.84,27.84,65.21,26.45,2024.0,7
2024-07-31 17:00:00,5106,27.15,70.44,26.67,70.23,33.73,2024.0,7
2024-07-31 18:00:00,5107,26.09,77.21,25.57,76.0,38.2,2024.0,7
2024-07-31 19:00:00,5108,25.05,82.29,24.55,80.98,27.42,2024.0,7
2024-07-31 20:00:00,5109,24.17,85.93,23.71,84.4,27.49,2024.0,7
2024-07-31 21:00:00,5110,23.66,88.69,23.08,87.18,28.74,2024.0,7
2024-07-31 22:00:00,5111,23.25,90.29,22.6,88.29,29.55,2024.0,7
2024-07-31 23:00:00,5112,23.21,89.84,22.32,88.64,29.88,2024.0,7
2024-08-01 00:00:00,5113,23.04,90.44,22.01,89.8,31.29,2024.0,8
2024-08-01 01:00:00,5114,22.75,89.17,21.87,87.7,24.14,2024.0,8
2024-08-01 02:00:00,5115,22.28,90.69,21.45,89.26,30.55,2024.0,8
2024-08-01 03:00:00,5116,21.76,90.4,21.18,87.91,22.85,2024.0,8
2024-08-01 04:00:00,5117,21.51,90.34,20.86,88.05,21.93,2024.0,8
2024-08-01 05:00:00,5118,21.17,91.19,20.57,88.84,23.1,2024.0,8
2024-08-01 06:00:00,5119,21.69,89.86,21.04,87.5,28.32,2024.0,8
2024-08-01 07:00:00,5120,22.96,84.18,25.6,71.83,26.87,2024.0,8
2024-08-01 08:00:00,5121,25.38,77.25,29.94,60.43,26.25,2024.0,8
2024-08-01 09:00:00,5122,28.53,65.97,32.74,51.88,22.41,2024.0,8
2024-08-01 10:00:00,5123,29.28,63.82,32.84,52.32,18.33,2024.0,8
2024-08-01 11:00:00,5124,30.72,62.02,33.8,51.87,23.21,2024.0,8
2024-08-01 12:00:00,5125,31.23,60.73,34.02,51.51,23.3,2024.0,8
2024-08-01 13:00:00,5126,31.19,61.17,32.57,55.88,32.97,2024.0,8
2024-08-01 14:00:00,5127,27.3,75.75,28.37,69.52,42.28,2024.0,8
2024-08-01 15:00:00,5128,26.19,77.49,27.23,70.8,36.6,2024.0,8
2024-08-01 16:00:00,5129,26.43,77.0,27.26,70.99,34.4,2024.0,8
2024-08-01 17:00:00,5130,25.51,77.64,25.16,74.67,39.28,2024.0,8
2024-08-01 18:00:00,5131,25.32,80.24,24.98,77.57,34.22,2024.0,8
2024-08-01 19:00:00,5132,25.09,81.63,24.49,79.86,31.87,2024.0,8
2024-08-01 20:00:00,5133,24.05,87.03,23.62,84.9,29.66,2024.0,8
2024-08-01 21:00:00,5134,23.71,88.15,23.06,86.45,27.8,2024.0,8
2024-08-01 22:00:00,5135,23.54,91.34,23.01,88.8,29.18,2024.0,8
2024-08-01 23:00:00,5136,23.69,91.78,22.9,90.06,28.83,2024.0,8
2024-08-02 00:00:00,5137,24.0,89.78,23.05,88.34,25.04,2024.0,8
2024-08-02 01:00:00,5138,23.36,89.78,22.44,88.24,20.86,2024.0,8
2024-08-02 02:00:00,5139,22.41,93.33,21.62,91.3,17.64,2024.0,8
2024-08-02 03:00:00,5140,21.92,93.8,21.38,90.77,13.76,2024.0,8
2024-08-02 04:00:00,5141,22.11,95.06,21.13,93.44,25.69,2024.0,8
2024-08-02 05:00:00,5142,22.04,97.05,20.64,96.83,30.66,2024.0,8
2024-08-02 06:00:00,5143,22.12,95.13,21.43,92.55,29.38,2024.0,8
2024-08-02 07:00:00,5144,24.03,88.94,26.16,77.11,30.02,2024.0,8
2024-08-02 08:00:00,5145,25.49,82.09,27.31,71.82,25.44,2024.0,8
2024-08-02 09:00:00,5146,26.74,79.07,30.53,63.6,16.02,2024.0,8
2024-08-02 10:00:00,5147,27.77,75.78,31.21,61.71,9.87,2024.0,8
2024-08-02 11:00:00,5148,28.88,71.75,31.67,60.09,5.03,2024.0,8
2024-08-02 12:00:00,5149,29.2,70.14,31.56,60.3,4.86,2024.0,8
2024-08-02 13:00:00,5150,29.58,69.23,32.17,59.17,4.2,2024.0,8
2024-08-02 14:00:00,5151,29.01,70.79,30.49,63.24,3.17,2024.0,8
2024-08-02 15:00:00,5152,27.5,76.64,27.71,72.29,25.5,2024.0,8
2024-08-02 16:00:00,5153,26.23,80.24,26.4,75.67,22.43,2024.0,8
2024-08-02 17:00:00,5154,24.63,88.18,23.07,91.45,18.72,2024.0,8
2024-08-02 18:00:00,5155,23.08,94.23,21.36,99.09,14.25,2024.0,8
2024-08-02 19:00:00,5156,23.51,93.97,21.8,98.73,16.68,2024.0,8
2024-08-02 20:00:00,5157,23.4,95.91,22.03,98.77,22.85,2024.0,8
2024-08-02 21:00:00,5158,22.44,97.21,21.23,99.04,12.73,2024.0,8
2024-08-02 22:00:00,5159,21.42,98.93,20.58,99.42,5.49,2024.0,8
2024-08-02 23:00:00,5160,21.9,96.26,20.75,98.99,7.6,2024.0,8
2024-08-03 00:00:00,5161,22.53,95.24,21.17,99.02,2.12,2024.0,8
2024-08-03 01:00:00,5162,22.58,95.26,21.0,99.37,5.07,2024.0,8
2024-08-03 02:00:00,5163,22.09,97.94,20.85,99.83,19.06,2024.0,8
2024-08-03 03:00:00,5164,21.95,98.55,20.57,100.0,24.99,2024.0,8
2024-08-03 04:00:00,5165,21.72,98.17,20.54,99.95,20.61,2024.0,8
2024-08-03 05:00:00,5166,21.82,99.17,20.54,99.99,19.29,2024.0,8
2024-08-03 06:00:00,5167,22.03,98.98,20.86,99.99,20.81,2024.0,8
2024-08-03 07:00:00,5168,22.47,96.77,22.12,98.93,35.97,2024.0,8
2024-08-03 08:00:00,5169,24.63,88.53,28.39,78.44,21.55,2024.0,8
2024-08-03 09:00:00,5170,26.7,80.87,30.9,66.37,22.21,2024.0,8
2024-08-03 10:00:00,5171,28.09,75.81,31.65,63.1,9.76,2024.0,8
2024-08-03 11:00:00,5172,28.65,72.2,31.52,62.1,5.03,2024.0,8
2024-08-03 12:00:00,5173,28.63,69.6,30.79,61.76,5.6,2024.0,8
2024-08-03 13:00:00,5174,29.05,67.33,31.29,60.42,8.69,2024.0,8
2024-08-03 14:00:00,5175,27.98,71.94,27.9,70.37,13.62,2024.0,8
2024-08-03 15:00:00,5176,24.6,85.75,24.39,83.42,18.6,2024.0,8
2024-08-03 16:00:00,5177,23.28,90.21,22.33,90.43,16.36,2024.0,8
2024-08-03 17:00:00,5178,23.51,88.79,21.38,96.98,13.13,2024.0,8
2024-08-03 18:00:00,5179,24.31,88.27,22.14,97.03,28.97,2024.0,8
2024-08-03 19:00:00,5180,23.95,91.17,22.21,98.09,39.82,2024.0,8
2024-08-03 20:00:00,5181,23.87,92.18,22.12,98.72,36.67,2024.0,8
2024-08-03 21:00:00,5182,23.79,93.12,22.06,99.16,32.07,2024.0,8
2024-08-03 22:00:00,5183,23.31,95.53,22.04,96.9,32.56,2024.0,8
2024-08-03 23:00:00,5184,22.71,96.35,21.81,94.77,33.08,2024.0,8
2024-08-04 00:00:00,5185,22.01,94.03,21.33,91.69,21.62,2024.0,8
2024-08-04 01:00:00,5186,21.77,92.68,20.83,91.45,13.04,2024.0,8
2024-08-04 02:00:00,5187,21.34,94.05,20.66,92.01,22.58,2024.0,8
2024-08-04 03:00:00,5188,21.18,92.67,20.73,89.47,14.67,2024.0,8
2024-08-04 04:00:00,5189,21.36,91.68,20.65,89.42,13.87,2024.0,8
2024-08-04 05:00:00,5190,21.38,92.4,20.45,91.1,20.06,2024.0,8
2024-08-04 06:00:00,5191,21.31,95.52,20.59,93.33,30.38,2024.0,8
2024-08-04 07:00:00,5192,22.92,87.79,26.16,73.11,21.35,2024.0,8
2024-08-04 08:00:00,5193,24.51,81.45,28.96,64.42,23.55,2024.0,8
2024-08-04 09:00:00,5194,26.9,72.51,31.21,57.02,17.57,2024.0,8
2024-08-04 10:00:00,5195,27.66,69.27,30.97,56.7,7.73,2024.0,8
2024-08-04 11:00:00,5196,28.79,64.33,31.53,54.35,5.0,2024.0,8
2024-08-04 12:00:00,5197,30.49,58.41,32.98,50.48,6.37,2024.0,8
2024-08-04 13:00:00,5198,31.69,55.02,34.58,47.88,6.83,2024.0,8
2024-08-04 14:00:00,5199,31.09,55.14,33.69,48.65,6.17,2024.0,8
2024-08-04 15:00:00,5200,28.87,58.63,29.14,55.69,7.77,2024.0,8
2024-08-04 16:00:00,5201,28.02,60.3,28.01,57.99,8.1,2024.0,8
2024-08-04 17:00:00,5202,26.81,63.57,26.55,62.07,6.48,2024.0,8
2024-08-04 18:00:00,5203,25.51,68.96,25.17,67.24,6.8,2024.0,8
2024-08-04 19:00:00,5204,24.26,73.1,23.86,71.61,7.27,2024.0,8
2024-08-04 20:00:00,5205,23.71,76.0,22.93,75.17,6.59,2024.0,8
2024-08-04 21:00:00,5206,22.89,79.31,22.38,77.24,5.46,2024.0,8
2024-08-04 22:00:00,5207,22.33,80.18,21.82,78.13,3.46,2024.0,8
2024-08-04 23:00:00,5208,22.29,79.87,21.63,78.19,4.13,2024.0,8
2024-08-05 00:00:00,5209,21.91,80.95,21.3,79.37,2.6,2024.0,8
2024-08-05 01:00:00,5210,21.64,82.29,20.37,82.9,12.13,2024.0,8
2024-08-05 02:00:00,5211,21.06,84.46,19.9,84.55,6.65,2024.0,8
2024-08-05 03:00:00,5212,20.39,86.64,18.89,86.94,17.55,2024.0,8
2024-08-05 04:00:00,5213,19.86,88.14,18.42,88.37,23.0,2024.0,8
2024-08-05 05:00:00,5214,19.63,85.37,18.24,85.11,20.17,2024.0,8
2024-08-05 06:00:00,5215,19.33,86.69,18.82,83.83,24.97,2024.0,8
2024-08-05 07:00:00,5216,21.89,79.68,25.88,64.59,35.76,2024.0,8
2024-08-05 08:00:00,5217,25.44,69.79,30.29,54.63,35.1,2024.0,8
2024-08-05 09:00:00,5218,27.02,61.82,31.3,50.01,16.87,2024.0,8
2024-08-05 10:00:00,5219,29.69,49.91,33.65,42.31,4.67,2024.0,8
2024-08-05 11:00:00,5220,31.01,43.07,33.25,39.59,2.79,2024.0,8
2024-08-05 12:00:00,5221,31.32,43.38,33.54,40.51,1.2,2024.0,8
2024-08-05 13:00:00,5222,32.54,40.49,35.32,38.35,0.73,2024.0,8
2024-08-05 14:00:00,5223,31.39,45.98,32.4,46.52,4.59,2024.0,8
2024-08-05 15:00:00,5224,29.46,58.74,29.94,60.1,24.97,2024.0,8
2024-08-05 16:00:00,5225,27.14,69.11,27.95,66.55,32.34,2024.0,8
2024-08-05 17:00:00,5226,27.34,64.38,26.86,65.8,14.73,2024.0,8
2024-08-05 18:00:00,5227,25.85,75.85,25.14,75.69,33.1,2024.0,8
2024-08-05 19:00:00,5228,24.99,74.76,24.29,74.58,20.24,2024.0,8
2024-08-05 20:00:00,5229,23.28,81.29,22.89,79.86,15.08,2024.0,8
2024-08-05 21:00:00,5230,22.35,86.11,22.06,84.01,14.32,2024.0,8
2024-08-05 22:00:00,5231,21.9,88.71,21.42,87.23,18.85,2024.0,8
2024-08-05 23:00:00,5232,21.62,90.0,20.93,88.86,19.85,2024.0,8
2024-08-06 00:00:00,5233,21.48,88.72,20.6,88.13,17.81,2024.0,8
2024-08-06 01:00:00,5234,21.1,89.89,20.31,88.9,19.74,2024.0,8
2024-08-06 02:00:00,5235,20.29,94.12,19.49,92.31,26.41,2024.0,8
2024-08-06 03:00:00,5236,20.11,94.89,19.0,93.67,26.62,2024.0,8
2024-08-06 04:00:00,5237,20.08,91.35,19.27,89.01,22.89,2024.0,8
2024-08-06 05:00:00,5238,19.99,90.49,18.94,89.12,20.61,2024.0,8
2024-08-06 06:00:00,5239,19.88,91.96,19.39,88.68,25.62,2024.0,8
2024-08-06 07:00:00,5240,22.28,84.53,25.86,69.56,28.77,2024.0,8
2024-08-06 08:00:00,5241,23.88,78.53,27.7,63.2,37.03,2024.0,8
2024-08-06 09:00:00,5242,26.46,70.31,30.99,55.07,31.2,2024.0,8
2024-08-06 10:00:00,5243,28.36,60.81,32.21,49.51,19.3,2024.0,8
2024-08-06 11:00:00,5244,30.15,52.94,33.04,45.49,14.9,2024.0,8
2024-08-06 12:00:00,5245,32.49,44.31,34.69,41.07,8.33,2024.0,8
2024-08-06 13:00:00,5246,32.69,44.25,35.24,41.71,13.97,2024.0,8
2024-08-06 14:00:00,5247,30.88,51.0,31.28,52.19,21.52,2024.0,8
2024-08-06 15:00:00,5248,29.58,59.17,29.24,61.16,28.07,2024.0,8
2024-08-06 16:00:00,5249,27.83,66.49,28.04,65.41,30.34,2024.0,8
2024-08-06 17:00:00,5250,27.36,67.06,27.12,66.9,29.8,2024.0,8
2024-08-06 18:00:00,5251,26.11,72.93,25.53,72.51,32.43,2024.0,8
2024-08-06 19:00:00,5252,24.58,78.46,24.24,76.87,31.9,2024.0,8
2024-08-06 20:00:00,5253,23.97,81.14,23.43,80.19,26.16,2024.0,8
2024-08-06 21:00:00,5254,23.13,85.48,22.56,84.0,22.31,2024.0,8
2024-08-06 22:00:00,5255,22.38,87.4,21.84,85.71,17.79,2024.0,8
2024-08-06 23:00:00,5256,21.55,88.29,21.09,86.17,14.78,2024.0,8
2024-08-07 00:00:00,5257,21.19,86.7,20.78,84.27,11.17,2024.0,8
2024-08-07 01:00:00,5258,20.87,86.81,20.41,84.01,9.15,2024.0,8
2024-08-07 02:00:00,5259,20.5,88.2,19.87,85.41,12.22,2024.0,8
2024-08-07 03:00:00,5260,20.12,87.67,19.66,84.26,9.2,2024.0,8
2024-08-07 04:00:00,5261,19.6,87.4,19.12,84.03,4.74,2024.0,8
2024-08-07 05:00:00,5262,19.44,86.79,18.78,83.71,7.91,2024.0,8
2024-08-07 06:00:00,5263,19.76,85.05,19.7,80.2,10.88,2024.0,8
2024-08-07 07:00:00,5264,22.62,75.33,26.61,61.5,22.47,2024.0,8
2024-08-07 08:00:00,5265,24.58,68.78,28.95,57.29,24.6,2024.0,8
2024-08-07 09:00:00,5266,27.26,61.42,31.46,51.6,20.24,2024.0,8
2024-08-07 10:00:00,5267,29.02,55.09,32.91,47.87,16.07,2024.0,8
2024-08-07 11:00:00,5268,29.24,51.32,31.94,46.87,8.67,2024.0,8
2024-08-07 12:00:00,5269,30.46,52.47,32.77,48.97,17.1,2024.0,8
2024-08-07 13:00:00,5270,30.29,53.49,32.58,50.34,16.97,2024.0,8
2024-08-07 14:00:00,5271,29.99,55.19,31.74,53.17,17.37,2024.0,8
2024-08-07 15:00:00,5272,29.57,55.57,31.42,53.72,15.76,2024.0,8
2024-08-07 16:00:00,5273,28.49,60.35,29.46,59.53,20.7,2024.0,8
2024-08-07 17:00:00,5274,27.95,63.71,27.2,66.43,28.37,2024.0,8
2024-08-07 18:00:00,5275,26.0,71.47,24.93,73.0,34.9,2024.0,8
2024-08-07 19:00:00,5276,24.5,75.72,23.82,75.48,31.67,2024.0,8
2024-08-07 20:00:00,5277,23.6,77.66,23.18,76.14,27.57,2024.0,8
2024-08-07 21:00:00,5278,23.24,79.55,22.71,77.9,27.67,2024.0,8
2024-08-07 22:00:00,5279,22.89,81.66,21.9,81.57,22.96,2024.0,8
2024-08-07 23:00:00,5280,22.41,84.01,21.62,83.34,22.55,2024.0,8
2024-08-08 00:00:00,5281,21.87,86.45,20.97,86.01,21.93,2024.0,8
2024-08-08 01:00:00,5282,21.53,86.92,20.7,86.19,23.76,2024.0,8
2024-08-08 02:00:00,5283,20.76,90.8,20.16,88.27,24.28,2024.0,8
2024-08-08 03:00:00,5284,21.07,88.77,19.9,88.93,23.83,2024.0,8
2024-08-08 04:00:00,5285,20.97,88.56,19.68,88.91,27.22,2024.0,8
2024-08-08 05:00:00,5286,21.11,87.8,19.86,88.08,25.51,2024.0,8
2024-08-08 06:00:00,5287,21.09,88.5,20.41,86.92,27.47,2024.0,8
2024-08-08 07:00:00,5288,21.7,88.06,22.31,81.92,31.56,2024.0,8
2024-08-08 08:00:00,5289,23.04,85.88,23.09,81.04,34.93,2024.0,8
2024-08-08 09:00:00,5290,24.15,82.25,24.92,75.88,15.37,2024.0,8
2024-08-08 10:00:00,5291,26.28,76.6,29.43,63.93,23.36,2024.0,8
2024-08-08 11:00:00,5292,27.08,72.79,28.33,65.26,18.59,2024.0,8
2024-08-08 12:00:00,5293,26.82,74.62,28.07,67.27,14.67,2024.0,8
2024-08-08 13:00:00,5294,26.24,77.51,28.16,68.18,10.05,2024.0,8
2024-08-08 14:00:00,5295,27.91,69.68,30.76,58.9,4.28,2024.0,8
2024-08-08 15:00:00,5296,28.12,69.28,30.57,62.26,5.67,2024.0,8
2024-08-08 16:00:00,5297,27.29,72.96,28.97,67.63,7.79,2024.0,8
2024-08-08 17:00:00,5298,26.18,76.79,26.27,73.56,12.13,2024.0,8
2024-08-08 18:00:00,5299,24.76,80.81,24.36,78.54,14.24,2024.0,8
2024-08-08 19:00:00,5300,24.01,83.37,23.42,81.57,11.53,2024.0,8
2024-08-08 20:00:00,5301,22.91,87.52,22.66,84.17,5.69,2024.0,8
2024-08-08 21:00:00,5302,22.64,88.8,22.18,86.0,5.61,2024.0,8
2024-08-08 22:00:00,5303,22.73,88.11,22.19,85.23,6.95,2024.0,8
2024-08-08 23:00:00,5304,22.22,88.66,21.75,85.7,5.54,2024.0,8
2024-08-09 00:00:00,5305,21.93,89.25,21.34,86.67,9.7,2024.0,8
2024-08-09 01:00:00,5306,21.63,90.24,21.09,87.47,12.62,2024.0,8
2024-08-09 02:00:00,5307,21.43,90.89,21.05,87.47,11.0,2024.0,8
2024-08-09 03:00:00,5308,21.31,91.85,20.83,88.75,8.98,2024.0,8
2024-08-09 04:00:00,5309,21.34,92.87,20.74,90.0,6.5,2024.0,8
2024-08-09 05:00:00,5310,21.11,94.06,20.5,91.3,5.75,2024.0,8
2024-08-09 06:00:00,5311,21.41,92.61,21.24,88.04,10.21,2024.0,8
2024-08-09 07:00:00,5312,22.81,87.3,25.85,73.05,7.33,2024.0,8
2024-08-09 08:00:00,5313,24.73,80.07,28.65,64.17,8.47,2024.0,8
2024-08-09 09:00:00,5314,26.72,73.79,30.46,59.5,12.53,2024.0,8
2024-08-09 10:00:00,5315,27.57,71.62,30.72,59.25,13.47,2024.0,8
2024-08-09 11:00:00,5316,28.52,68.46,30.93,58.48,11.83,2024.0,8
2024-08-09 12:00:00,5317,29.19,65.43,31.56,56.56,9.0,2024.0,8
2024-08-09 13:00:00,5318,30.52,63.21,33.02,55.93,8.67,2024.0,8
2024-08-09 14:00:00,5319,29.83,63.83,32.31,57.72,9.59,2024.0,8
2024-08-09 15:00:00,5320,29.4,64.06,32.05,58.38,11.8,2024.0,8
2024-08-09 16:00:00,5321,28.61,66.86,30.27,62.12,18.07,2024.0,8
2024-08-09 17:00:00,5322,25.95,75.39,25.84,72.77,22.1,2024.0,8
2024-08-09 18:00:00,5323,24.37,80.34,24.24,77.65,18.6,2024.0,8
2024-08-09 19:00:00,5324,23.69,82.66,23.54,79.81,14.21,2024.0,8
2024-08-09 20:00:00,5325,23.18,84.9,22.83,81.99,10.34,2024.0,8
2024-08-09 21:00:00,5326,22.49,86.44,21.92,84.15,9.87,2024.0,8
2024-08-09 22:00:00,5327,21.72,88.18,21.22,85.91,10.54,2024.0,8
2024-08-09 23:00:00,5328,21.2,90.87,20.69,88.39,8.91,2024.0,8
2024-08-10 00:00:00,5329,21.05,91.25,20.42,89.12,22.69,2024.0,8
2024-08-10 01:00:00,5330,21.23,90.43,20.37,88.92,12.04,2024.0,8
2024-08-10 02:00:00,5331,21.52,89.46,20.35,89.03,18.07,2024.0,8
2024-08-10 03:00:00,5332,22.11,87.61,20.84,87.21,17.98,2024.0,8
2024-08-10 04:00:00,5333,22.21,87.84,20.69,88.58,25.07,2024.0,8
2024-08-10 05:00:00,5334,21.63,89.8,20.06,90.9,26.87,2024.0,8
2024-08-10 06:00:00,5335,21.65,89.64,20.81,88.16,24.19,2024.0,8
2024-08-10 07:00:00,5336,23.58,84.51,27.39,69.08,29.71,2024.0,8
2024-08-10 08:00:00,5337,24.97,79.42,29.11,63.53,25.64,2024.0,8
2024-08-10 09:00:00,5338,27.07,71.07,30.96,57.5,23.55,2024.0,8
2024-08-10 10:00:00,5339,27.87,69.83,31.24,57.53,10.52,2024.0,8
2024-08-13 10:00:00,5411,28.1,60.65,31.54,52.67,31.54,2024.0,8
2024-08-13 11:00:00,5412,29.34,53.5,31.88,48.46,23.0,2024.0,8
2024-08-13 12:00:00,5413,31.01,48.58,33.31,44.95,15.03,2024.0,8
2024-08-13 13:00:00,5414,31.64,47.69,33.93,44.84,10.9,2024.0,8
2024-08-13 14:00:00,5415,30.75,49.25,33.05,46.83,9.48,2024.0,8
2024-08-13 15:00:00,5416,29.77,53.52,30.42,54.15,11.07,2024.0,8
2024-08-13 16:00:00,5417,28.63,58.27,29.07,59.12,22.69,2024.0,8
2024-08-13 17:00:00,5418,27.48,63.91,27.35,65.9,32.07,2024.0,8
2024-08-13 18:00:00,5419,25.16,73.45,24.78,73.4,35.57,2024.0,8
2024-08-13 19:00:00,5420,24.01,76.95,23.82,75.59,35.93,2024.0,8
2024-08-13 20:00:00,5421,23.02,81.37,22.78,79.35,26.46,2024.0,8
2024-08-13 21:00:00,5422,22.22,84.75,21.81,82.9,22.96,2024.0,8
2024-08-13 22:00:00,5423,21.65,86.19,21.14,84.54,20.19,2024.0,8
2024-08-13 23:00:00,5424,20.87,89.06,20.31,86.88,19.81,2024.0,8
2024-08-14 00:00:00,5425,20.48,89.97,19.76,87.93,19.14,2024.0,8
2024-08-14 01:00:00,5426,20.11,90.13,19.38,88.2,16.93,2024.0,8
2024-08-14 02:00:00,5427,19.87,90.98,18.94,89.59,21.42,2024.0,8
2024-08-14 03:00:00,5428,19.67,92.04,18.62,91.1,27.98,2024.0,8
2024-08-14 04:00:00,5429,19.48,92.36,18.41,91.18,27.01,2024.0,8
2024-08-14 05:00:00,5430,19.47,92.14,17.86,93.27,32.43,2024.0,8
2024-08-14 06:00:00,5431,19.33,92.11,19.02,88.69,32.38,2024.0,8
2024-08-14 07:00:00,5432,20.56,85.35,23.6,71.26,26.85,2024.0,8
2024-08-14 08:00:00,5433,23.78,76.35,28.3,59.71,36.13,2024.0,8
2024-08-14 09:00:00,5434,26.32,69.95,30.52,55.86,32.83,2024.0,8
2024-08-14 10:00:00,5435,27.42,66.11,30.71,56.22,22.33,2024.0,8
2024-08-14 11:00:00,5436,28.59,62.0,31.16,55.69,12.27,2024.0,8
2024-08-14 12:00:00,5437,29.85,57.98,32.24,53.69,10.79,2024.0,8
2024-08-14 13:00:00,5438,30.89,56.7,33.49,52.19,13.13,2024.0,8
2024-08-14 14:00:00,5439,30.63,56.81,33.38,52.33,10.63,2024.0,8
2024-08-14 16:00:00,5441,28.72,58.54,28.85,59.69,7.23,2024.0,8
2024-08-14 17:00:00,5442,27.66,63.92,27.48,65.23,19.14,2024.0,8
2024-08-14 18:00:00,5443,24.77,74.25,24.4,73.75,26.45,2024.0,8
2024-08-14 19:00:00,5444,23.28,80.72,23.01,78.47,16.71,2024.0,8
2024-08-14 20:00:00,5445,22.34,80.25,22.1,77.68,11.94,2024.0,8
2024-08-14 21:00:00,5446,21.88,79.78,21.58,77.49,10.55,2024.0,8
2024-08-14 22:00:00,5447,21.54,80.63,21.09,78.78,8.87,2024.0,8
2024-08-14 23:00:00,5448,21.07,80.65,20.57,78.52,6.27,2024.0,8
2024-08-15 00:00:00,5449,20.73,79.9,20.15,77.02,5.76,2024.0,8
2024-08-15 01:00:00,5450,20.21,80.43,19.63,77.82,4.91,2024.0,8
2024-08-15 02:00:00,5451,19.61,84.06,18.98,81.87,9.02,2024.0,8
2024-08-15 03:00:00,5452,19.38,86.16,18.7,83.83,9.02,2024.0,8
2024-08-15 04:00:00,5453,19.48,86.66,18.58,84.86,13.91,2024.0,8
2024-08-15 05:00:00,5454,19.64,88.31,18.18,88.79,24.16,2024.0,8
2024-08-15 06:00:00,5455,19.33,87.31,19.24,83.02,18.16,2024.0,8
2024-08-15 07:00:00,5456,21.16,83.12,24.72,68.45,25.89,2024.0,8
2024-08-15 08:00:00,5457,24.63,72.48,29.43,56.52,26.33,2024.0,8
2024-08-15 09:00:00,5458,26.1,66.62,30.04,55.01,12.97,2024.0,8
2024-08-15 10:00:00,5459,27.49,63.09,31.12,54.06,11.57,2024.0,8
2024-08-15 11:00:00,5460,29.62,58.66,32.35,52.63,9.36,2024.0,8
2024-08-16 15:00:00,5488,30.21,46.05,32.93,56.14,39.11,2024.0,8
2024-08-16 16:00:00,5489,29.14,49.4,30.74,61.48,37.82,2024.0,8
2024-08-16 17:00:00,5490,28.0,56.36,28.29,69.45,43.4,2024.0,8
2024-08-16 18:00:00,5491,26.68,59.34,26.84,71.18,41.24,2024.0,8
2024-08-16 19:00:00,5492,25.28,63.35,25.42,73.56,36.93,2024.0,8
2024-08-16 20:00:00,5493,24.29,68.33,24.35,76.43,36.76,2024.0,8
2024-08-16 21:00:00,5494,24.01,68.64,24.12,76.43,36.98,2024.0,8
2024-08-16 22:00:00,5495,23.84,68.08,23.91,76.86,36.03,2024.0,8
2024-08-16 23:00:00,5496,23.67,69.49,23.7,77.33,32.46,2024.0,8
2024-08-17 00:00:00,5497,23.17,70.84,23.03,79.69,39.1,2024.0,8
2024-08-17 01:00:00,5498,,,22.33,82.11,38.83,2024.0,8
2024-08-17 02:00:00,5499,,,22.27,82.79,48.97,2024.0,8
2024-08-17 03:00:00,5500,,,21.7,81.02,46.87,2024.0,8
2024-08-17 04:00:00,5501,21.77,73.95,21.52,82.02,45.69,2024.0,8
2024-08-17 05:00:00,5502,21.32,75.61,21.1,82.96,51.97,2024.0,8
2024-08-17 06:00:00,5503,21.7,75.5,22.1,81.1,47.11,2024.0,8
2024-08-17 07:00:00,5504,23.23,70.61,25.58,72.56,56.86,2024.0,8
2024-08-17 08:00:00,5505,25.69,64.05,29.82,62.28,50.03,2024.0,8
2024-08-17 09:00:00,5506,27.23,53.46,31.11,58.43,42.63,2024.0,8
2024-08-17 10:00:00,5507,29.78,46.73,34.79,49.08,31.76,2024.0,8
2024-08-17 11:00:00,5508,30.22,39.57,32.97,50.32,23.07,2024.0,8
2024-08-17 12:00:00,5509,31.07,39.12,34.21,49.4,24.83,2024.0,8
2024-08-17 13:00:00,5510,31.51,38.73,34.94,48.61,24.89,2024.0,8
2024-08-17 14:00:00,5511,30.79,41.21,33.37,50.49,19.42,2024.0,8
2024-08-17 15:00:00,5512,30.13,39.51,32.42,51.0,13.52,2024.0,8
2024-08-17 16:00:00,5513,28.98,46.06,29.96,57.61,18.29,2024.0,8
2024-08-17 17:00:00,5514,27.51,51.34,27.69,65.58,24.87,2024.0,8
2024-08-17 18:00:00,5515,25.7,60.14,25.67,71.69,31.17,2024.0,8
2024-08-17 19:00:00,5516,24.86,69.23,24.84,77.07,38.18,2024.0,8
2024-08-17 20:00:00,5517,24.27,71.94,24.18,79.17,36.7,2024.0,8
2024-08-17 21:00:00,5518,23.57,71.46,23.51,79.64,38.63,2024.0,8
2024-08-17 22:00:00,5519,23.16,68.99,23.13,77.44,28.86,2024.0,8
2024-08-17 23:00:00,5520,22.68,73.65,22.54,80.24,40.6,2024.0,8
2024-08-18 00:00:00,5521,22.63,72.84,22.38,81.26,44.7,2024.0,8
2024-08-18 01:00:00,5522,22.07,74.71,21.72,83.16,45.36,2024.0,8
2024-08-18 02:00:00,5523,21.53,78.19,21.29,85.12,44.19,2024.0,8
2024-08-18 03:00:00,5524,21.52,71.96,21.38,79.62,37.96,2024.0,8
2024-08-18 04:00:00,5525,20.7,78.7,20.35,86.24,44.79,2024.0,8
2024-08-18 05:00:00,5526,20.52,81.92,20.24,84.73,37.12,2024.0,8
2024-08-18 06:00:00,5527,21.06,92.7,21.4,80.02,28.51,2024.0,8
2024-08-18 07:00:00,5528,24.16,88.44,29.15,60.57,35.46,2024.0,8
2024-08-18 08:00:00,5529,26.5,49.57,31.85,51.62,36.92,2024.0,8
2024-08-18 09:00:00,5530,28.03,41.82,32.96,47.91,26.21,2024.0,8
2024-08-18 10:00:00,5531,30.72,36.4,35.36,44.38,17.37,2024.0,8
2024-08-18 11:00:00,5532,31.14,35.07,34.08,45.68,6.57,2024.0,8
2024-08-18 12:00:00,5533,31.99,34.36,34.81,45.4,5.03,2024.0,8
2024-08-18 13:00:00,5534,32.51,34.49,35.51,45.35,10.03,2024.0,8
2024-08-18 14:00:00,5535,32.0,35.59,35.19,46.3,10.69,2024.0,8
2024-08-18 15:00:00,5536,31.48,38.21,33.84,49.5,13.63,2024.0,8
2024-08-18 16:00:00,5537,30.16,42.53,30.84,56.27,20.67,2024.0,8
2024-08-18 17:00:00,5538,28.94,51.34,29.08,63.72,29.46,2024.0,8
2024-08-18 18:00:00,5539,27.34,59.37,27.19,71.39,34.9,2024.0,8
2024-08-18 19:00:00,5540,25.29,68.2,25.16,77.04,34.24,2024.0,8
2024-08-18 20:00:00,5541,24.42,69.33,24.34,77.83,29.62,2024.0,8
2024-08-18 21:00:00,5542,23.11,76.37,23.04,82.13,27.01,2024.0,8
2024-08-20 13:00:00,5582,33.07,100.0,36.43,40.11,15.97,2024.0,8
2024-08-20 14:00:00,5583,33.38,70.31,36.98,36.9,16.48,2024.0,8
2024-08-20 15:00:00,5584,32.37,30.15,34.16,42.67,23.07,2024.0,8
2024-08-20 16:00:00,5585,30.27,46.23,31.13,57.97,35.63,2024.0,8
2024-08-20 17:00:00,5586,28.85,54.43,28.78,66.27,36.69,2024.0,8
2024-08-20 18:00:00,5587,27.12,64.59,26.86,73.58,40.43,2024.0,8
2024-08-20 19:00:00,5588,26.33,67.74,26.13,76.87,40.7,2024.0,8
2024-08-20 20:00:00,5589,24.97,72.11,24.84,80.11,45.04,2024.0,8
2024-08-22 11:00:00,5628,31.56,43.48,34.86,52.58,,2024.0,8
2024-08-22 12:00:00,5629,30.68,46.24,33.36,55.87,,2024.0,8
2024-08-22 13:00:00,5630,33.14,41.82,36.54,49.26,35.2,2024.0,8
2024-08-22 14:00:00,5631,30.22,51.78,31.6,63.0,,2024.0,8
2024-08-22 15:00:00,5632,29.14,56.57,30.35,67.18,42.56,2024.0,8
2024-08-22 16:00:00,5633,28.33,58.64,28.69,70.12,41.53,2024.0,8
2024-08-22 17:00:00,5634,27.52,64.17,27.55,73.17,38.34,2024.0,8
2024-08-22 18:00:00,5635,26.99,67.32,26.55,76.12,40.53,2024.0,8
2024-08-22 19:00:00,5636,25.58,72.45,25.31,79.96,35.83,2024.0,8
2024-08-22 20:00:00,5637,24.88,75.17,24.75,82.18,42.02,2024.0,8
2024-08-22 21:00:00,5638,24.25,77.77,24.18,84.1,41.38,2024.0,8
2024-08-22 22:00:00,5639,23.96,79.04,23.96,84.72,44.26,2024.0,8
2024-08-22 23:00:00,5640,23.58,80.84,23.56,86.03,36.78,2024.0,8
2024-08-23 00:00:00,5641,23.17,80.33,23.14,85.54,34.87,2024.0,8
2024-08-23 01:00:00,5642,22.72,78.83,22.7,83.9,31.52,2024.0,8
2024-08-23 02:00:00,5643,22.28,78.02,22.25,84.06,27.0,2024.0,8
2024-08-23 03:00:00,5644,21.9,78.25,21.87,84.24,28.61,2024.0,8
2024-08-23 04:00:00,5645,21.99,77.98,21.94,84.13,38.23,2024.0,8
2024-08-23 05:00:00,5646,21.64,79.21,21.55,84.11,31.15,2024.0,8
2024-08-23 06:00:00,5647,21.76,77.52,21.81,82.94,37.19,2024.0,8
2024-08-23 07:00:00,5648,22.88,74.0,24.63,75.81,39.11,2024.0,8
2024-08-23 08:00:00,5649,25.31,64.35,28.94,66.14,50.07,2024.0,8
2024-08-23 09:00:00,5650,27.87,56.33,32.97,58.56,48.37,2024.0,8
2024-08-23 10:00:00,5651,29.66,51.5,34.27,56.21,,2024.0,8
2024-08-23 11:00:00,5652,30.62,46.45,34.29,54.1,40.59,2024.0,8
2024-08-23 12:00:00,5653,32.72,36.07,36.2,46.01,29.72,2024.0,8
2024-08-23 13:00:00,5654,32.5,40.6,35.32,49.14,35.8,2024.0,8
2024-08-23 14:00:00,5655,29.56,54.4,30.86,64.58,46.5,2024.0,8
2024-08-23 15:00:00,5656,29.16,56.45,30.25,66.43,46.87,2024.0,8
2024-08-23 16:00:00,5657,28.79,55.24,29.33,66.79,43.26,2024.0,8
2024-08-23 17:00:00,5658,28.26,53.46,28.29,66.65,,2024.0,8
2024-08-23 18:00:00,5659,27.53,66.44,26.32,74.28,40.87,2024.0,8
2024-08-23 19:00:00,5660,27.25,70.35,25.36,78.37,42.97,2024.0,8
2024-08-23 20:00:00,5661,25.81,72.9,24.79,80.19,42.59,2024.0,8
2024-08-23 21:00:00,5662,,96.33,24.27,80.41,,2024.0,8
2024-09-02 11:00:00,5892,33.68,35.54,35.42,47.72,40.18,2024.0,9
2024-09-02 12:00:00,5893,35.0,30.76,36.1,43.87,36.9,2024.0,9
2024-09-02 13:00:00,5894,36.48,40.8,33.15,55.33,51.53,2024.0,9
2024-09-02 14:00:00,5895,34.81,47.23,31.79,61.04,53.69,2024.0,9
2024-09-02 15:00:00,5896,30.6,53.83,30.39,64.71,55.7,2024.0,9
2024-09-02 16:00:00,5897,30.6,55.67,30.55,64.95,54.11,2024.0,9
2024-09-02 17:00:00,5898,28.03,60.9,27.12,72.48,53.83,2024.0,9
2024-09-02 18:00:00,5899,26.78,67.47,25.93,76.51,56.88,2024.0,9
2024-09-02 19:00:00,5900,26.77,70.62,25.73,78.93,57.06,2024.0,9
2024-09-02 20:00:00,5901,25.9,66.27,24.84,77.26,47.83,2024.0,9
2024-09-02 21:00:00,5902,24.77,67.79,22.91,78.26,44.46,2024.0,9
2024-09-02 22:00:00,5903,23.94,70.07,22.84,80.5,42.6,2024.0,9
2024-09-02 23:00:00,5904,22.91,74.79,21.89,82.71,42.58,2024.0,9
2024-09-03 00:00:00,5905,22.14,74.93,21.16,83.91,41.67,2024.0,9
2024-09-03 01:00:00,5906,21.57,75.9,20.62,85.28,40.93,2024.0,9
2024-09-03 02:00:00,5907,21.5,76.0,20.46,85.0,43.64,2024.0,9
2024-09-03 03:00:00,5908,21.66,75.0,20.43,84.94,43.88,2024.0,9
2024-09-03 04:00:00,5909,21.45,74.4,19.86,86.46,47.73,2024.0,9
2024-09-03 05:00:00,5910,20.73,79.1,19.02,91.01,56.41,2024.0,9
2024-09-03 06:00:00,5911,22.08,73.14,23.65,75.27,69.34,2024.0,9
2024-09-03 07:00:00,5912,24.24,63.2,28.32,60.94,64.87,2024.0,9
2024-09-03 08:00:00,5913,27.16,52.9,30.86,55.21,60.57,2024.0,9
2024-09-03 09:00:00,5914,29.34,44.0,33.86,49.17,47.07,2024.0,9
2024-09-03 10:00:00,5915,31.84,36.0,35.07,45.11,42.3,2024.0,9
2024-09-03 11:00:00,5916,33.21,30.6,34.71,43.0,35.7,2024.0,9
2024-09-03 12:00:00,5917,33.76,29.23,34.72,42.57,35.3,2024.0,9
2024-09-03 13:00:00,5918,33.57,30.5,34.79,43.25,37.6,2024.0,9
2024-09-03 14:00:00,5919,32.34,35.48,32.67,49.11,43.03,2024.0,9
2024-09-03 15:00:00,5920,30.72,42.67,30.9,56.34,48.17,2024.0,9
2024-09-03 16:00:00,5921,29.63,49.34,29.29,63.11,53.59,2024.0,9
2024-09-03 17:00:00,5922,28.6,55.31,27.67,69.42,63.59,2024.0,9
2024-09-03 18:00:00,5923,27.48,57.1,26.33,71.13,49.2,2024.0,9
2024-09-03 19:00:00,5924,25.24,60.07,24.27,72.61,32.54,2024.0,9
2024-09-03 20:00:00,5925,24.35,61.47,23.34,73.61,31.6,2024.0,9
2024-09-03 21:00:00,5926,23.34,64.31,22.46,75.29,29.38,2024.0,9
2024-09-03 22:00:00,5927,22.7,67.3,21.86,76.21,27.96,2024.0,9
2024-09-03 23:00:00,5928,22.36,66.07,21.51,76.38,20.0,2024.0,9
2024-09-04 00:00:00,5929,21.85,67.76,20.98,77.58,21.14,2024.0,9
2024-09-04 01:00:00,5930,21.61,69.74,20.61,78.82,24.74,2024.0,9
2024-09-04 02:00:00,5931,21.38,68.93,20.23,79.62,26.73,2024.0,9
2024-09-04 03:00:00,5932,21.52,68.38,19.96,79.61,29.59,2024.0,9
2024-09-04 04:00:00,5933,21.2,74.83,19.82,79.91,39.41,2024.0,9
2024-09-04 05:00:00,5934,20.93,77.83,19.26,85.3,65.89,2024.0,9
2024-09-04 06:00:00,5935,21.61,71.83,22.27,77.27,,2024.0,9
2024-09-04 07:00:00,5936,24.18,62.37,27.65,63.1,66.26,2024.0,9
2024-09-04 08:00:00,5937,26.42,55.63,29.35,60.7,53.0,2024.0,9
2024-09-04 09:00:00,5938,28.08,50.43,31.17,57.03,39.76,2024.0,9
2024-09-04 10:00:00,5939,29.71,43.13,31.98,53.02,32.53,2024.0,9
2024-09-04 11:00:00,5940,31.16,38.53,32.47,50.8,34.23,2024.0,9
2024-09-04 12:00:00,5941,31.64,38.8,32.59,51.7,35.63,2024.0,9
2024-09-04 13:00:00,5942,31.91,37.0,33.27,49.34,31.37,2024.0,9
2024-09-04 14:00:00,5943,31.88,36.14,33.6,47.89,31.03,2024.0,9
2024-09-04 15:00:00,5944,31.5,36.07,32.12,49.57,31.33,2024.0,9
2024-09-04 16:00:00,5945,30.61,39.74,30.07,54.97,36.89,2024.0,9
2024-09-04 17:00:00,5946,28.73,53.8,27.83,65.79,43.45,2024.0,9
2024-09-04 18:00:00,5947,27.53,58.28,26.33,71.14,48.14,2024.0,9
2024-09-04 19:00:00,5948,26.13,66.7,25.08,76.55,49.05,2024.0,9
2024-09-04 20:00:00,5949,25.42,68.52,24.05,80.11,56.93,2024.0,9
2024-09-04 21:00:00,5950,24.69,68.83,23.55,79.98,46.27,2024.0,9
2024-09-04 22:00:00,5951,24.04,71.21,22.92,81.8,38.71,2024.0,9
2024-09-04 23:00:00,5952,23.66,73.5,22.56,82.88,33.9,2024.0,9
2024-09-05 00:00:00,5953,22.92,75.77,21.91,85.42,36.6,2024.0,9
2024-09-05 01:00:00,5954,22.59,77.48,21.61,86.53,31.96,2024.0,9
2024-09-05 02:00:00,5955,22.24,80.26,19.65,81.43,33.15,2024.0,9
2024-09-05 17:00:00,5970,,,0.0,0.0,0.0,2024.0,9
2024-09-05 18:00:00,5971,,,0.0,0.0,2.13,2024.0,9
2024-09-05 19:00:00,5972,,,0.0,0.0,0.0,2024.0,9
2024-09-05 20:00:00,5973,,,0.0,0.0,0.0,2024.0,9
2024-09-05 21:00:00,5974,,,0.0,0.0,0.0,2024.0,9
2024-09-05 22:00:00,5975,,,0.0,0.0,0.0,2024.0,9
2024-09-05 23:00:00,5976,,,0.0,0.0,0.0,2024.0,9
2024-09-06 00:00:00,5977,,,0.0,0.0,0.0,2024.0,9
2024-09-06 01:00:00,5978,,,0.0,0.0,0.0,2024.0,9
2024-09-06 02:00:00,5979,,,0.0,0.0,0.0,2024.0,9
2024-09-06 03:00:00,5980,,,0.0,0.0,0.0,2024.0,9
2024-09-06 04:00:00,5981,,,0.0,0.0,2.21,2024.0,9
2024-09-06 05:00:00,5982,,,0.0,0.0,0.0,2024.0,9
2024-09-06 06:00:00,5983,,,0.0,0.0,0.0,2024.0,9
2024-09-06 07:00:00,5984,,,0.0,0.0,0.0,2024.0,9
2024-09-06 08:00:00,5985,,,0.0,0.0,0.0,2024.0,9
2024-09-06 09:00:00,5986,,,0.0,0.0,0.0,2024.0,9
2024-09-06 10:00:00,5987,,,0.0,0.0,2.13,2024.0,9
2024-09-06 11:00:00,5988,,,0.0,0.0,0.0,2024.0,9
2024-09-06 12:00:00,5989,,,0.0,0.0,0.0,2024.0,9
2024-09-06 13:00:00,5990,,16.18,13.09,20.41,10.68,2024.0,9
2024-09-06 14:00:00,5991,31.91,41.45,33.97,50.64,26.53,2024.0,9
2024-09-06 15:00:00,5992,31.5,41.2,33.18,52.68,30.2,2024.0,9
2024-09-06 16:00:00,5993,29.84,46.67,30.02,59.99,34.83,2024.0,9
2024-09-06 17:00:00,5994,27.92,53.7,27.24,67.19,39.53,2024.0,9
2024-09-06 18:00:00,5995,26.49,59.68,25.66,71.27,40.86,2024.0,9
2024-09-06 19:00:00,5996,25.42,64.57,24.56,74.28,35.0,2024.0,9
2024-09-06 20:00:00,5997,24.58,64.9,23.64,75.63,29.0,2024.0,9
2024-09-06 21:00:00,5998,23.81,68.67,22.77,78.29,26.11,2024.0,9
2024-09-06 22:00:00,5999,22.85,71.93,21.89,81.77,21.21,2024.0,9
2024-09-06 23:00:00,6000,22.44,72.67,21.48,82.29,22.67,2024.0,9
2024-09-07 00:00:00,6001,23.03,72.37,21.28,82.18,24.67,2024.0,9
2024-09-07 01:00:00,6002,23.52,73.6,21.0,83.47,26.33,2024.0,9
2024-09-07 02:00:00,6003,23.41,71.41,21.51,80.91,21.86,2024.0,9
2024-09-07 03:00:00,6004,22.15,71.69,21.18,81.77,25.97,2024.0,9
2024-09-07 04:00:00,6005,21.95,72.97,20.77,83.39,30.81,2024.0,9
2024-09-07 05:00:00,6006,22.12,71.93,21.05,82.42,21.77,2024.0,9
2024-09-07 06:00:00,6007,22.5,69.27,23.33,74.92,24.03,2024.0,9
2024-09-07 07:00:00,6008,24.23,61.76,27.56,63.97,20.66,2024.0,9
2024-09-07 08:00:00,6009,25.33,53.87,27.95,60.8,8.93,2024.0,9
2024-09-07 09:00:00,6010,26.27,48.4,28.71,56.94,9.3,2024.0,9
2024-09-07 10:00:00,6011,27.61,44.1,29.36,54.91,18.73,2024.0,9
2024-09-07 11:00:00,6012,29.03,40.43,30.09,53.09,18.13,2024.0,9
2024-09-07 12:00:00,6013,29.6,39.48,30.32,52.94,21.48,2024.0,9
2024-09-07 13:00:00,6014,29.79,39.93,31.05,52.44,21.47,2024.0,9
2024-09-07 14:00:00,6015,29.81,42.41,31.49,53.8,22.72,2024.0,9
2024-09-07 15:00:00,6016,28.76,46.59,30.17,57.76,16.59,2024.0,9
2024-09-07 16:00:00,6017,28.38,47.3,29.45,58.99,18.8,2024.0,9
2024-09-07 17:00:00,6018,26.83,51.79,26.48,65.36,23.1,2024.0,9
2024-09-07 18:00:00,6019,25.43,56.33,24.55,69.52,32.37,2024.0,9
2024-09-07 19:00:00,6020,24.68,58.83,23.69,70.85,33.17,2024.0,9
2024-09-07 20:00:00,6021,26.0,63.17,23.23,73.53,37.03,2024.0,9
2024-09-07 21:00:00,6022,23.78,68.5,22.58,78.89,34.03,2024.0,9
2024-09-07 22:00:00,6023,23.56,68.77,22.52,79.16,35.37,2024.0,9
2024-09-07 23:00:00,6024,23.33,70.2,22.2,80.84,38.47,2024.0,9
2024-09-08 00:00:00,6025,22.69,73.31,21.27,83.64,67.51,2024.0,9
2024-09-08 01:00:00,6026,22.13,70.79,20.86,81.93,73.24,2024.0,9
2024-09-08 02:00:00,6027,22.62,70.03,21.2,81.96,,2024.0,9
2024-09-08 03:00:00,6028,21.93,71.63,20.82,82.1,,2024.0,9
2024-09-08 04:00:00,6029,22.54,69.17,21.58,79.97,49.67,2024.0,9
2024-09-08 05:00:00,6030,22.52,71.52,21.24,83.52,64.97,2024.0,9
2024-09-08 06:00:00,6031,22.8,71.77,23.81,78.93,56.97,2024.0,9
2024-09-08 07:00:00,6032,25.03,65.13,28.5,67.79,48.8,2024.0,9
2024-09-08 08:00:00,6033,26.23,63.77,29.07,67.07,37.17,2024.0,9
2024-09-08 09:00:00,6034,27.69,56.23,30.26,63.0,28.63,2024.0,9
2024-09-08 10:00:00,6035,28.53,52.53,29.93,62.98,29.73,2024.0,9
2024-09-08 11:00:00,6036,29.4,49.55,30.61,61.22,29.1,2024.0,9
2024-09-08 12:00:00,6037,29.28,49.57,30.16,61.82,28.86,2024.0,9
2024-09-08 13:00:00,6038,30.31,47.73,31.85,59.2,30.6,2024.0,9
2024-09-08 14:00:00,6039,30.24,46.9,31.02,59.91,27.53,2024.0,9
2024-09-08 15:00:00,6040,29.44,49.43,29.32,63.65,29.73,2024.0,9
2024-09-08 16:00:00,6041,28.5,59.83,27.97,70.17,47.73,2024.0,9
2024-09-08 17:00:00,6042,27.97,61.03,27.01,72.11,45.04,2024.0,9
2024-09-08 18:00:00,6043,26.33,67.52,25.46,77.2,44.99,2024.0,9
2024-09-08 19:00:00,6044,25.65,69.47,24.86,79.31,41.57,2024.0,9
2024-09-08 20:00:00,6045,25.17,72.21,24.32,81.8,41.29,2024.0,9
2024-09-08 21:00:00,6046,25.02,73.33,23.93,83.64,42.73,2024.0,9
2024-09-08 22:00:00,6047,24.72,74.43,23.71,84.29,41.33,2024.0,9
2024-09-08 23:00:00,6048,24.39,76.34,23.27,86.34,42.69,2024.0,9
2024-09-09 00:00:00,6049,23.97,77.33,22.86,87.26,37.6,2024.0,9
2024-09-09 01:00:00,6050,23.57,78.97,22.58,87.56,25.03,2024.0,9
2024-09-09 02:00:00,6051,23.53,78.0,22.43,87.76,25.83,2024.0,9
2024-09-09 03:00:00,6052,23.35,79.0,22.36,88.24,19.77,2024.0,9
2024-09-09 04:00:00,6053,22.89,80.4,21.99,88.96,16.73,2024.0,9
2024-09-09 05:00:00,6054,22.88,81.41,22.01,89.32,21.35,2024.0,9
2024-09-09 06:00:00,6055,23.62,77.77,23.37,84.34,39.5,2024.0,9
2024-09-09 07:00:00,6056,25.95,69.27,29.34,67.27,32.04,2024.0,9
2024-09-09 08:00:00,6057,28.16,59.2,31.93,60.41,30.43,2024.0,9
2024-09-09 09:00:00,6058,29.98,51.2,33.96,55.66,26.93,2024.0,9
2024-09-09 10:00:00,6059,31.3,47.0,32.45,57.75,23.72,2024.0,9
2024-09-09 11:00:00,6060,27.19,62.52,27.18,71.62,43.31,2024.0,9
2024-09-09 12:00:00,6061,25.1,69.9,25.85,75.2,26.59,2024.0,9
2024-09-09 13:00:00,6062,26.81,62.11,28.93,66.55,35.29,2024.0,9
2024-09-09 14:00:00,6063,26.82,60.14,27.63,67.09,32.53,2024.0,9
2024-09-09 15:00:00,6064,25.86,63.47,25.51,74.1,36.87,2024.0,9
2024-09-09 16:00:00,6065,24.44,77.07,22.12,95.2,26.19,2024.0,9
2024-09-09 17:00:00,6066,23.55,82.07,21.39,98.65,30.75,2024.0,9
2024-09-09 18:00:00,6067,23.06,84.07,21.16,99.05,33.68,2024.0,9
2024-09-09 19:00:00,6068,22.94,88.9,21.48,99.71,35.09,2024.0,9
2024-09-09 20:00:00,6069,22.36,90.34,20.98,100.0,33.85,2024.0,9
2024-09-09 21:00:00,6070,22.34,90.0,20.85,100.0,33.25,2024.0,9
2024-09-09 22:00:00,6071,22.56,87.17,20.92,100.0,31.21,2024.0,9
2024-09-09 23:00:00,6072,22.69,87.97,20.92,100.0,36.36,2024.0,9
2024-09-10 00:00:00,6073,22.32,89.25,20.74,100.0,36.4,2024.0,9
2024-09-10 01:00:00,6074,22.44,87.37,20.51,100.0,41.23,2024.0,9
2024-09-10 02:00:00,6075,22.21,90.37,20.53,100.0,39.66,2024.0,9
2024-09-10 03:00:00,6076,22.19,89.07,20.45,100.0,38.12,2024.0,9
2024-09-10 04:00:00,6077,22.22,88.1,20.37,100.0,47.93,2024.0,9
2024-09-10 05:00:00,6078,21.48,90.17,19.96,100.0,51.45,2024.0,9
2024-09-10 06:00:00,6079,22.05,87.67,21.46,99.46,47.93,2024.0,9
2024-09-10 07:00:00,6080,24.75,75.97,26.66,86.11,73.05,2024.0,9
2024-09-10 08:00:00,6081,26.34,69.72,30.11,67.43,59.52,2024.0,9
2024-09-10 09:00:00,6082,28.76,59.28,32.74,59.23,42.48,2024.0,9
2024-09-10 10:00:00,6083,29.49,55.93,30.93,62.36,39.2,2024.0,9
2024-09-10 11:00:00,6084,27.32,64.24,28.12,70.46,58.62,2024.0,9
2024-09-10 12:00:00,6085,26.24,69.3,27.03,74.46,52.33,2024.0,9
2024-09-10 13:00:00,6086,27.46,64.97,27.29,71.26,52.03,2024.0,9
2024-09-10 14:00:00,6087,28.52,60.37,30.05,65.74,57.8,2024.0,9
2024-09-10 15:00:00,6088,28.93,57.9,28.81,66.79,42.99,2024.0,9
2024-09-10 16:00:00,6089,28.24,59.13,27.34,71.18,47.4,2024.0,9
2024-09-10 17:00:00,6090,24.92,77.3,23.42,89.31,42.88,2024.0,9
2024-09-10 18:00:00,6091,23.18,88.59,21.5,99.36,35.33,2024.0,9
2024-09-10 19:00:00,6092,22.71,90.8,21.3,99.99,39.08,2024.0,9
2024-09-10 20:00:00,6093,22.7,92.48,21.42,100.0,44.13,2024.0,9
2024-09-10 21:00:00,6094,22.78,92.4,21.39,100.0,32.87,2024.0,9
2024-09-10 22:00:00,6095,22.23,91.93,20.8,100.0,25.0,2024.0,9
2024-09-10 23:00:00,6096,21.55,93.53,20.35,100.0,23.03,2024.0,9
2024-09-11 00:00:00,6097,21.46,92.55,20.05,100.0,20.93,2024.0,9
2024-09-11 01:00:00,6098,21.21,92.77,19.83,100.0,18.8,2024.0,9
2024-09-11 02:00:00,6099,21.27,93.48,19.93,100.0,17.33,2024.0,9
2024-09-11 03:00:00,6100,21.48,93.9,20.12,100.0,17.29,2024.0,9
2024-09-11 04:00:00,6101,20.6,96.5,19.68,100.0,12.24,2024.0,9
2024-09-11 05:00:00,6102,20.54,96.55,19.58,100.0,12.18,2024.0,9
2024-09-11 06:00:00,6103,20.6,96.7,19.72,100.0,17.6,2024.0,9
2024-09-11 07:00:00,6104,21.24,94.43,20.31,100.0,19.92,2024.0,9
2024-09-11 08:00:00,6105,21.76,88.47,20.67,99.58,8.87,2024.0,9
2024-09-11 09:00:00,6106,24.7,71.0,24.14,94.06,5.58,2024.0,9
2024-09-11 10:00:00,6107,25.94,63.6,24.09,94.53,7.73,2024.0,9
2024-09-11 11:00:00,6108,28.02,56.27,29.15,72.49,9.27,2024.0,9
2024-09-11 12:00:00,6109,29.4,47.9,31.05,58.23,4.7,2024.0,9
2024-09-11 13:00:00,6110,31.44,40.8,33.9,51.12,5.0,2024.0,9
2024-09-11 14:00:00,6111,31.71,35.8,34.51,46.23,7.53,2024.0,9
2024-09-11 15:00:00,6112,30.53,36.43,32.88,47.06,8.7,2024.0,9
2024-09-11 16:00:00,6113,29.32,40.62,30.58,52.22,14.0,2024.0,9
2024-09-11 17:00:00,6114,27.88,45.1,27.64,58.98,16.17,2024.0,9
2024-09-11 18:00:00,6115,26.74,47.41,25.79,62.84,23.62,2024.0,9
2024-09-11 19:00:00,6116,25.71,56.97,24.7,70.33,35.73,2024.0,9
2024-09-11 20:00:00,6117,24.52,69.14,23.49,79.45,42.69,2024.0,9
2024-09-11 21:00:00,6118,23.99,72.7,22.68,83.36,46.13,2024.0,9
2024-09-11 22:00:00,6119,24.2,70.41,22.82,79.99,43.53,2024.0,9
2024-09-11 23:00:00,6120,23.47,72.14,22.34,82.36,46.89,2024.0,9
2024-09-12 00:00:00,6121,22.87,77.7,21.77,86.65,47.03,2024.0,9
2024-09-12 01:00:00,6122,22.98,75.69,21.0,85.66,48.41,2024.0,9
2024-09-12 02:00:00,6123,23.15,74.4,21.68,84.86,43.12,2024.0,9
2024-09-12 03:00:00,6124,22.87,75.62,20.87,85.85,45.17,2024.0,9
2024-09-12 04:00:00,6125,22.64,76.7,21.08,87.88,73.3,2024.0,9
2024-09-12 05:00:00,6126,22.64,78.27,20.9,89.24,54.33,2024.0,9
2024-09-12 06:00:00,6127,23.44,72.2,24.79,76.14,70.93,2024.0,9
2024-09-12 07:00:00,6128,25.6,65.33,29.18,65.79,55.97,2024.0,9
2024-09-12 08:00:00,6129,26.98,58.5,30.65,61.75,33.83,2024.0,9
2024-09-12 09:00:00,6130,27.74,56.87,30.32,61.89,34.32,2024.0,9
2024-09-12 10:00:00,6131,28.86,50.43,29.24,62.98,34.25,2024.0,9
2024-09-12 11:00:00,6132,30.49,43.08,30.77,57.53,32.42,2024.0,9
2024-09-12 12:00:00,6133,31.7,35.3,31.92,50.4,26.07,2024.0,9
2024-09-12 13:00:00,6134,32.06,34.69,33.33,48.02,26.52,2024.0,9
2024-09-12 14:00:00,6135,32.09,36.66,34.29,48.1,31.17,2024.0,9
2024-09-12 15:00:00,6136,31.88,38.63,34.06,49.88,32.23,2024.0,9
2024-09-12 16:00:00,6137,30.0,45.23,29.84,59.91,38.37,2024.0,9
2024-09-12 17:00:00,6138,27.89,53.23,27.06,67.81,43.53,2024.0,9
2024-09-12 18:00:00,6139,26.38,60.66,25.49,73.27,45.86,2024.0,9
2024-09-12 19:00:00,6140,25.4,72.9,24.54,81.27,49.31,2024.0,9
2024-09-12 20:00:00,6141,24.76,75.31,23.88,84.04,50.52,2024.0,9
2024-09-12 21:00:00,6142,23.91,74.63,23.05,83.32,35.25,2024.0,9
2024-09-12 22:00:00,6143,23.67,67.72,22.93,77.48,26.14,2024.0,9
2024-09-12 23:00:00,6144,23.13,71.23,21.5,79.87,29.58,2024.0,9
2024-09-13 00:00:00,6145,22.32,74.4,21.29,83.75,35.37,2024.0,9
2024-09-13 01:00:00,6146,21.9,74.79,20.94,83.91,33.72,2024.0,9
2024-09-13 02:00:00,6147,22.11,73.97,20.63,84.92,36.86,2024.0,9
2024-09-13 03:00:00,6148,21.7,75.72,20.54,84.91,38.19,2024.0,9
2024-09-13 04:00:00,6149,21.62,74.97,20.31,85.44,39.23,2024.0,9
2024-09-13 05:00:00,6150,20.99,77.86,20.09,86.39,41.41,2024.0,9
2024-09-13 06:00:00,6151,21.97,71.5,23.01,75.51,36.37,2024.0,9
2024-09-13 07:00:00,6152,23.8,62.87,26.54,65.31,36.1,2024.0,9
2024-09-13 08:00:00,6153,25.14,57.23,28.41,61.18,37.03,2024.0,9
2024-09-13 09:00:00,6154,26.66,52.77,29.4,59.3,37.23,2024.0,9
2024-09-13 10:00:00,6155,27.86,48.3,28.03,61.2,32.37,2024.0,9
2024-09-13 11:00:00,6156,28.85,42.7,29.06,56.9,31.0,2024.0,9
2024-09-13 12:00:00,6157,29.36,38.9,29.71,53.27,28.28,2024.0,9
2024-09-13 13:00:00,6158,29.77,37.57,31.01,50.44,28.3,2024.0,9
2024-09-13 14:00:00,6159,30.0,35.69,31.74,47.81,27.34,2024.0,9
2024-09-13 15:00:00,6160,29.65,38.2,31.01,50.67,30.97,2024.0,9
2024-09-13 16:00:00,6161,28.84,41.83,29.72,54.69,28.59,2024.0,9
2024-09-13 17:00:00,6162,27.39,42.03,26.93,57.12,23.13,2024.0,9
2024-09-13 18:00:00,6163,26.13,40.31,25.23,56.19,23.69,2024.0,9
2024-09-13 19:00:00,6164,25.0,44.37,23.95,60.06,31.4,2024.0,9
2024-09-13 20:00:00,6165,24.68,44.62,23.27,61.2,30.17,2024.0,9
2024-09-13 21:00:00,6166,23.74,48.1,22.44,63.95,30.63,2024.0,9
2024-09-13 22:00:00,6167,23.22,51.31,21.87,66.87,24.86,2024.0,9
2024-09-13 23:00:00,6168,23.15,50.1,22.06,65.51,19.23,2024.0,9
2024-09-14 00:00:00,6169,22.35,56.55,21.42,70.16,13.07,2024.0,9
2024-09-14 01:00:00,6170,21.85,60.93,20.78,73.41,17.03,2024.0,9
2024-09-14 02:00:00,6171,20.87,66.5,19.46,77.83,34.37,2024.0,9
2024-09-14 03:00:00,6172,20.08,70.62,18.49,82.2,42.59,2024.0,9
2024-09-14 04:00:00,6173,18.95,63.23,17.14,75.48,37.58,2024.0,9
2024-09-14 05:00:00,6174,19.38,62.86,17.83,75.12,40.66,2024.0,9
2024-09-14 06:00:00,6175,20.08,61.13,21.42,67.11,60.2,2024.0,9
2024-09-14 07:00:00,6176,23.94,55.0,29.06,54.79,50.55,2024.0,9
2024-09-14 08:00:00,6177,25.65,52.27,29.36,56.51,33.63,2024.0,9
2024-09-14 09:00:00,6178,26.36,80.83,28.52,59.48,24.61,2024.0,9
2024-09-14 10:00:00,6179,27.94,100.0,28.22,57.41,16.79,2024.0,9
2024-09-14 11:00:00,6180,29.25,70.57,29.58,52.82,20.67,2024.0,9
2024-09-14 12:00:00,6181,30.15,33.23,30.87,47.1,23.37,2024.0,9
2024-09-14 13:00:00,6182,30.99,29.93,32.57,42.69,24.28,2024.0,9
2024-09-14 14:00:00,6183,30.9,30.67,32.82,42.79,25.83,2024.0,9
2024-09-14 15:00:00,6184,31.03,30.14,32.6,42.72,24.93,2024.0,9
2024-09-14 16:00:00,6185,29.15,29.87,28.85,44.83,20.33,2024.0,9
2024-09-14 17:00:00,6186,27.45,40.62,26.59,56.18,29.28,2024.0,9
2024-09-14 18:00:00,6187,25.85,46.93,24.89,61.7,30.63,2024.0,9
2024-09-14 19:00:00,6188,24.49,46.41,23.67,61.23,23.07,2024.0,9
2024-09-14 20:00:00,6189,23.66,49.83,22.69,64.08,21.27,2024.0,9
2024-09-14 21:00:00,6190,23.27,51.1,22.06,65.86,22.73,2024.0,9
2024-09-14 22:00:00,6191,22.71,52.43,21.65,67.83,24.61,2024.0,9
2024-09-14 23:00:00,6192,22.05,56.2,21.02,70.86,23.2,2024.0,9
2024-09-15 00:00:00,6193,22.49,54.87,21.4,69.62,16.87,2024.0,9
2024-09-15 01:00:00,6194,21.84,61.6,20.61,73.1,22.65,2024.0,9
2024-09-15 02:00:00,6195,21.49,63.24,20.32,75.08,25.31,2024.0,9
2024-09-15 03:00:00,6196,20.87,66.77,19.69,77.77,31.77,2024.0,9
2024-09-15 04:00:00,6197,20.39,68.86,18.64,81.05,52.93,2024.0,9
2024-09-15 05:00:00,6198,19.7,69.2,18.02,81.61,66.13,2024.0,9
2024-09-15 06:00:00,6199,21.7,63.03,24.16,65.16,50.72,2024.0,9
2024-09-15 07:00:00,6200,24.6,56.43,29.32,55.44,59.52,2024.0,9
2024-09-15 08:00:00,6201,25.46,48.73,28.6,55.18,26.8,2024.0,9
2024-09-15 09:00:00,6202,26.46,46.93,28.41,56.44,25.9,2024.0,9
2024-09-15 10:00:00,6203,27.63,44.77,27.83,58.5,24.97,2024.0,9
2024-09-15 11:00:00,6204,28.66,40.27,28.88,54.77,26.0,2024.0,9
2024-09-15 12:00:00,6205,29.62,35.47,29.98,49.96,31.7,2024.0,9
2024-09-15 13:00:00,6206,30.37,33.03,31.8,45.91,26.87,2024.0,9
2024-09-15 14:00:00,6207,30.47,34.0,32.53,45.72,30.2,2024.0,9
2024-09-15 15:00:00,6208,29.2,36.97,29.3,51.68,31.66,2024.0,9
2024-09-15 16:00:00,6209,27.56,47.6,27.02,62.71,41.27,2024.0,9
2024-09-15 17:00:00,6210,26.45,49.93,25.7,65.2,37.83,2024.0,9
2024-09-15 18:00:00,6211,25.58,50.77,24.68,66.33,29.87,2024.0,9
2024-09-15 19:00:00,6212,25.05,42.28,24.14,58.46,31.55,2024.0,9
2024-09-15 20:00:00,6213,24.69,41.63,23.64,58.05,28.87,2024.0,9
2024-09-15 21:00:00,6214,24.2,40.76,23.22,57.0,28.14,2024.0,9
2024-09-15 22:00:00,6215,23.78,45.83,22.74,62.19,32.34,2024.0,9
2024-09-15 23:00:00,6216,23.22,47.59,22.26,63.45,29.66,2024.0,9
2024-09-16 00:00:00,6217,22.83,46.72,21.85,62.63,20.48,2024.0,9
2024-09-16 01:00:00,6218,22.34,50.4,21.19,66.33,19.67,2024.0,9
2024-09-16 02:00:00,6219,21.86,55.14,20.81,69.88,13.62,2024.0,9
2024-09-16 03:00:00,6220,21.24,59.67,20.05,72.76,17.53,2024.0,9
2024-09-16 04:00:00,6221,20.48,61.86,19.3,73.97,22.66,2024.0,9
2024-09-16 05:00:00,6222,20.32,62.77,19.29,74.17,23.63,2024.0,9
2024-09-16 06:00:00,6223,21.16,60.52,23.48,65.99,45.03,2024.0,9
2024-09-16 07:00:00,6224,24.5,51.47,29.35,54.51,59.13,2024.0,9
2024-09-16 08:00:00,6225,26.25,45.03,30.52,50.96,45.27,2024.0,9
2024-09-16 09:00:00,6226,27.69,39.57,30.38,47.38,19.24,2024.0,9
2024-09-16 10:00:00,6227,29.12,34.17,28.99,49.19,20.23,2024.0,9
2024-09-16 11:00:00,6228,30.39,31.73,30.33,46.88,22.87,2024.0,9
2024-09-16 12:00:00,6229,32.57,23.67,32.54,38.43,16.93,2024.0,9
2024-09-16 13:00:00,6230,32.98,23.27,34.49,36.24,23.73,2024.0,9
2024-09-16 14:00:00,6231,31.94,30.93,34.0,43.07,41.13,2024.0,9
2024-09-16 15:00:00,6232,29.96,35.93,30.12,50.52,42.04,2024.0,9
2024-09-16 16:00:00,6233,28.28,42.47,28.45,56.65,32.87,2024.0,9
2024-09-16 17:00:00,6234,26.1,48.62,25.35,63.85,31.79,2024.0,9
2024-09-16 18:00:00,6235,25.12,45.87,24.35,61.44,32.0,2024.0,9
2024-09-16 19:00:00,6236,24.83,44.45,23.95,60.22,27.52,2024.0,9
2024-09-16 20:00:00,6237,24.34,42.87,23.4,58.87,29.7,2024.0,9
2024-09-16 21:00:00,6238,24.31,40.38,23.38,56.45,29.79,2024.0,9
2024-09-16 22:00:00,6239,24.12,37.73,22.99,54.19,26.37,2024.0,9
2024-09-16 23:00:00,6240,23.7,35.54,22.6,51.83,26.93,2024.0,9
2024-09-17 00:00:00,6241,22.98,36.6,21.64,53.28,28.77,2024.0,9
2024-09-17 01:00:00,6242,22.49,38.86,21.03,55.77,33.55,2024.0,9
2024-09-17 02:00:00,6243,21.65,50.33,19.8,67.29,48.63,2024.0,9
2024-09-17 03:00:00,6244,21.14,55.0,19.2,69.6,56.88,2024.0,9
2024-09-17 04:00:00,6245,20.5,53.45,18.72,69.48,45.86,2024.0,9
2024-09-17 05:00:00,6246,20.0,59.73,18.33,73.79,56.93,2024.0,9
2024-09-17 06:00:00,6247,22.03,52.52,25.54,57.57,64.38,2024.0,9
2024-09-17 07:00:00,6248,24.97,37.69,29.92,43.48,51.86,2024.0,9
2024-09-17 08:00:00,6249,26.9,28.57,30.55,37.7,25.47,2024.0,9
2024-09-17 09:00:00,6250,28.23,29.07,30.41,40.15,23.3,2024.0,9
2024-09-17 10:00:00,6251,30.03,26.73,29.76,41.58,21.8,2024.0,9
2024-09-17 11:00:00,6252,32.0,21.27,31.71,35.95,18.87,2024.0,9
2024-09-17 12:00:00,6253,32.86,19.17,32.93,33.27,20.65,2024.0,9
2024-09-17 16:00:00,6257,29.7,31.57,30.51,44.92,39.87,2024.0,9
2024-09-17 17:00:00,6258,28.42,38.73,27.8,54.37,41.27,2024.0,9
2024-09-17 18:00:00,6259,26.36,49.97,25.27,65.32,41.17,2024.0,9
2024-09-17 19:00:00,6260,25.07,54.79,23.81,69.58,41.41,2024.0,9
2024-09-17 20:00:00,6261,24.37,57.86,23.18,71.58,34.69,2024.0,9
2024-09-17 21:00:00,6262,23.91,56.73,22.7,71.02,30.5,2024.0,9
2024-09-17 22:00:00,6263,23.23,54.76,22.11,69.55,36.21,2024.0,9
2024-09-17 23:00:00,6264,22.79,55.37,21.68,69.5,42.57,2024.0,9
2024-09-18 00:00:00,6265,22.64,45.9,21.54,62.0,37.07,2024.0,9
2024-09-18 01:00:00,6266,22.43,39.83,21.28,56.21,27.63,2024.0,9
2024-09-18 02:00:00,6267,21.51,41.21,20.32,57.77,27.52,2024.0,9
2024-09-18 03:00:00,6268,20.64,45.67,19.51,61.56,24.8,2024.0,9
2024-09-18 04:00:00,6269,19.92,53.21,18.81,67.97,21.62,2024.0,9
2024-09-18 05:00:00,6270,19.85,58.17,18.58,71.88,26.33,2024.0,9
2024-09-18 06:00:00,6271,21.04,59.17,23.43,62.88,46.67,2024.0,9
2024-09-18 07:00:00,6272,23.18,52.31,27.0,55.65,39.53,2024.0,9
2024-09-18 08:00:00,6273,25.88,37.77,29.98,45.14,27.83,2024.0,9
2024-09-18 09:00:00,6274,28.06,29.93,31.18,39.78,20.07,2024.0,9
2024-09-18 11:00:00,6276,30.51,26.07,30.43,40.71,16.87,2024.0,9
2024-09-18 12:00:00,6277,31.63,26.31,31.76,38.37,22.24,2024.0,9
2024-09-18 13:00:00,6278,31.82,24.77,33.06,37.81,33.6,2024.0,9
2024-09-18 14:00:00,6279,30.7,25.97,32.86,37.63,33.23,2024.0,9
2024-09-18 15:00:00,6280,30.46,26.33,32.37,38.27,28.43,2024.0,9
2024-09-18 16:00:00,6281,29.89,29.83,30.87,42.94,31.03,2024.0,9
2024-09-18 17:00:00,6282,27.64,43.72,26.7,59.51,38.93,2024.0,9
2024-09-18 18:00:00,6283,25.24,52.6,24.22,67.53,38.83,2024.0,9
2024-09-18 19:00:00,6284,23.9,57.21,22.89,70.78,34.62,2024.0,9
2024-09-18 20:00:00,6285,22.83,64.1,21.92,74.09,29.15,2024.0,9
2024-09-18 21:00:00,6286,22.75,60.52,21.77,71.8,29.56,2024.0,9
2024-09-18 22:00:00,6287,22.78,51.0,21.65,66.5,27.63,2024.0,9
2024-09-18 23:00:00,6288,22.33,47.62,21.23,63.74,21.83,2024.0,9
2024-09-19 00:00:00,6289,21.4,53.17,20.45,67.86,22.7,2024.0,9
2024-09-19 01:00:00,6290,20.88,57.31,19.95,70.8,12.24,2024.0,9
2024-09-19 02:00:00,6291,20.11,61.27,19.14,73.29,21.1,2024.0,9
2024-09-19 03:00:00,6292,20.22,57.45,19.11,71.16,29.41,2024.0,9
2024-09-19 04:00:00,6293,19.93,58.77,18.44,72.91,39.43,2024.0,9
2024-09-19 05:00:00,6294,19.42,60.83,18.15,73.01,43.24,2024.0,9
2024-09-19 06:00:00,6295,20.83,53.34,22.86,61.52,49.24,2024.0,9
2024-09-19 07:00:00,6296,23.78,44.52,28.03,50.01,51.14,2024.0,9
2024-09-19 08:00:00,6297,26.59,33.89,31.39,40.72,37.67,2024.0,9
2024-09-19 09:00:00,6298,28.61,26.44,32.02,36.12,22.33,2024.0,9
2024-09-19 10:00:00,6299,30.54,23.55,30.21,38.14,14.83,2024.0,9
2024-09-19 11:00:00,6300,31.08,23.4,31.16,37.63,30.13,2024.0,9
2024-09-19 12:00:00,6301,31.59,25.07,31.76,39.31,39.63,2024.0,9
2024-09-19 13:00:00,6302,31.06,28.3,32.34,41.17,42.7,2024.0,9
2024-09-19 14:00:00,6303,30.67,31.66,32.7,43.36,42.62,2024.0,9
2024-09-19 15:00:00,6304,30.66,34.6,32.55,46.28,45.1,2024.0,9
2024-09-19 16:00:00,6305,29.88,37.25,30.8,50.26,44.11,2024.0,9
2024-09-19 17:00:00,6306,28.3,44.1,27.46,59.88,50.03,2024.0,9
2024-09-19 18:00:00,6307,26.4,59.69,25.05,72.27,46.81,2024.0,9
2024-09-19 19:00:00,6308,25.08,64.87,23.93,76.38,46.57,2024.0,9
2024-09-19 20:00:00,6309,24.12,69.47,22.9,79.5,45.99,2024.0,9
2024-09-19 21:00:00,6310,23.4,72.66,22.1,82.48,49.81,2024.0,9
2024-09-19 22:00:00,6311,23.02,72.7,21.93,82.66,57.97,2024.0,9
2024-09-19 23:00:00,6312,23.02,71.03,21.95,81.44,54.03,2024.0,9
2024-09-20 00:00:00,6313,22.3,69.7,21.31,79.96,29.67,2024.0,9
2024-09-20 01:00:00,6314,21.52,74.59,19.76,83.27,38.24,2024.0,9
2024-09-20 02:00:00,6315,21.16,74.57,20.23,82.92,24.69,2024.0,9
2024-09-20 03:00:00,6316,21.24,73.31,19.89,84.23,29.76,2024.0,9
2024-09-20 04:00:00,6317,21.25,73.9,19.78,84.44,29.7,2024.0,9
2024-09-20 05:00:00,6318,21.53,72.24,20.01,84.11,39.34,2024.0,9
2024-09-20 06:00:00,6319,22.09,71.27,22.69,77.12,64.13,2024.0,9
2024-09-20 07:00:00,6320,24.72,61.8,28.23,61.56,,2024.0,9
2024-09-20 08:00:00,6321,27.17,52.97,31.93,54.83,,2024.0,9
2024-09-20 09:00:00,6322,29.08,46.1,32.81,52.22,65.17,2024.0,9
2024-09-20 10:00:00,6323,30.4,39.17,31.05,52.48,57.4,2024.0,9
2024-09-20 11:00:00,6324,31.93,32.83,32.15,47.74,46.0,2024.0,9
2024-09-20 12:00:00,6325,31.01,33.8,31.68,47.91,41.5,2024.0,9
2024-09-20 13:00:00,6326,31.16,34.67,32.62,47.42,40.63,2024.0,9
2024-09-20 15:00:00,6328,30.97,37.97,32.75,49.58,41.48,2024.0,9
2024-09-20 16:00:00,6329,30.2,40.1,31.06,52.99,41.33,2024.0,9
2024-09-20 17:00:00,6330,28.21,52.66,27.45,66.83,56.66,2024.0,9
2024-09-20 18:00:00,6331,27.48,59.57,26.31,70.95,52.08,2024.0,9
2024-09-20 19:00:00,6332,26.58,59.27,25.27,72.74,50.77,2024.0,9
2024-09-20 20:00:00,6333,25.3,67.45,24.19,78.42,64.52,2024.0,9
2024-09-20 21:00:00,6334,24.83,73.21,23.82,82.84,75.17,2024.0,9
2024-09-20 22:00:00,6335,24.15,78.18,23.05,86.97,71.39,2024.0,9
2024-09-20 23:00:00,6336,23.57,80.63,22.59,88.38,51.95,2024.0,9
2024-09-21 00:00:00,6337,23.28,82.21,22.17,89.61,51.78,2024.0,9
2024-09-21 01:00:00,6338,23.07,82.1,21.76,91.07,58.13,2024.0,9
2024-09-21 02:00:00,6339,23.0,80.64,21.48,90.56,55.35,2024.0,9
2024-09-21 03:00:00,6340,22.57,80.23,21.35,89.27,65.71,2024.0,9
2024-09-21 04:00:00,6341,22.08,79.62,20.51,90.14,,2024.0,9
2024-09-21 05:00:00,6342,21.86,79.77,20.12,91.09,,2024.0,9
2024-09-21 06:00:00,6343,22.7,74.86,22.58,82.35,,2024.0,9
2024-09-21 07:00:00,6344,25.91,63.83,29.39,63.93,,2024.0,9
2024-09-21 08:00:00,6345,27.69,59.38,32.02,59.08,,2024.0,9
2024-09-21 09:00:00,6346,29.56,49.79,33.13,54.75,66.66,2024.0,9
2024-09-21 10:00:00,6347,31.59,39.6,32.38,52.78,53.5,2024.0,9
2024-09-21 11:00:00,6348,30.26,42.33,31.36,55.07,48.76,2024.0,9
2024-09-21 12:00:00,6349,29.79,47.1,30.75,57.94,42.32,2024.0,9
2024-09-21 13:00:00,6350,29.86,44.59,31.23,56.52,38.97,2024.0,9
2024-09-21 14:00:00,6351,30.26,44.27,32.45,54.7,43.31,2024.0,9
2024-09-21 15:00:00,6352,29.94,46.07,31.48,57.4,47.96,2024.0,9
2024-09-21 16:00:00,6353,29.31,49.4,29.79,62.06,55.27,2024.0,9
2024-09-21 17:00:00,6354,28.46,53.45,27.62,68.1,60.38,2024.0,9
2024-09-21 18:00:00,6355,27.48,64.69,26.24,76.99,63.03,2024.0,9
2024-09-21 19:00:00,6356,25.69,75.31,24.58,84.24,67.95,2024.0,9
2024-09-21 20:00:00,6357,25.05,79.43,23.88,87.1,69.27,2024.0,9
2024-09-21 21:00:00,6358,24.78,80.4,23.72,87.67,64.8,2024.0,9
2024-09-21 22:00:00,6359,24.37,81.72,23.38,89.35,49.0,2024.0,9
2024-09-21 23:00:00,6360,24.09,83.7,23.0,90.86,59.54,2024.0,9
2024-09-22 00:00:00,6361,23.9,85.31,22.78,92.71,55.89,2024.0,9
2024-09-22 01:00:00,6362,23.99,84.33,22.72,92.58,52.13,2024.0,9
2024-09-22 02:00:00,6363,24.04,88.37,22.43,93.09,54.96,2024.0,9
2024-09-22 03:00:00,6364,23.37,90.8,21.83,93.68,,2024.0,9
2024-09-22 04:00:00,6365,22.64,84.79,21.37,90.52,72.79,2024.0,9
2024-09-22 05:00:00,6366,22.9,80.57,21.55,90.36,,2024.0,9
2024-09-22 06:00:00,6367,23.49,77.0,22.97,84.49,,2024.0,9
2024-09-22 07:00:00,6368,25.8,67.37,28.33,68.81,,2024.0,9
2024-09-22 08:00:00,6369,27.5,64.07,30.7,64.34,,2024.0,9
2024-09-22 09:00:00,6370,30.06,54.47,33.35,58.25,,2024.0,9
2024-09-22 10:00:00,6371,31.86,44.3,32.89,53.98,66.77,2024.0,9
2024-09-22 11:00:00,6372,31.79,38.21,33.03,50.74,46.72,2024.0,9
2024-09-22 12:00:00,6373,31.61,40.83,32.99,52.43,45.41,2024.0,9
2024-09-22 13:00:00,6374,31.8,40.55,33.62,51.66,40.21,2024.0,9
2024-09-22 14:00:00,6375,31.72,44.77,34.23,53.87,45.57,2024.0,9
2024-09-22 15:00:00,6376,30.74,48.69,32.57,58.74,47.17,2024.0,9
2024-09-22 16:00:00,6377,29.58,54.73,29.77,66.34,52.73,2024.0,9
2024-09-22 17:00:00,6378,28.52,59.93,27.71,72.39,58.28,2024.0,9
2024-09-22 18:00:00,6379,27.37,70.33,26.4,80.37,67.9,2024.0,9
2024-09-22 19:00:00,6380,27.2,70.72,25.7,82.29,60.62,2024.0,9
2024-09-22 20:00:00,6381,25.71,76.97,23.55,93.73,59.48,2024.0,9
2024-09-22 21:00:00,6382,25.87,77.14,24.68,87.02,65.5,2024.0,9
2024-09-22 22:00:00,6383,25.55,80.77,24.41,89.51,50.63,2024.0,9
2024-09-22 23:00:00,6384,24.72,83.76,23.61,91.42,36.6,2024.0,9
2024-09-23 00:00:00,6385,24.62,84.3,23.53,91.33,43.73,2024.0,9
2024-09-23 01:00:00,6386,24.79,82.7,23.56,91.4,40.31,2024.0,9
2024-09-23 02:00:00,6387,24.71,86.79,23.49,89.16,39.07,2024.0,9
2024-09-23 03:00:00,6388,24.83,85.67,23.4,88.32,35.11,2024.0,9
2024-09-23 04:00:00,6389,24.58,80.0,23.23,88.25,49.28,2024.0,9
2024-09-23 05:00:00,6390,24.57,80.0,23.15,89.68,51.04,2024.0,9
2024-09-23 06:00:00,6391,24.91,78.59,24.22,86.65,64.27,2024.0,9
2024-09-23 07:00:00,6392,26.3,72.93,26.01,81.11,70.34,2024.0,9
2024-09-23 08:00:00,6393,27.04,70.07,27.17,77.85,,2024.0,9
2024-09-23 09:00:00,6394,27.9,65.17,28.26,73.24,73.47,2024.0,9
2024-09-23 10:00:00,6395,30.02,58.24,32.42,61.44,70.77,2024.0,9
2024-09-23 11:00:00,6396,30.69,53.33,32.51,60.02,58.8,2024.0,9
2024-09-23 12:00:00,6397,31.68,49.27,33.05,57.98,47.03,2024.0,9
2024-09-23 13:00:00,6398,29.08,57.9,28.2,71.76,48.1,2024.0,9
2024-09-23 14:00:00,6399,25.93,74.31,22.77,97.59,52.25,2024.0,9
2024-09-23 15:00:00,6400,28.41,65.69,26.75,93.3,53.62,2024.0,9
2024-09-23 16:00:00,6401,29.0,61.28,26.62,89.15,53.86,2024.0,9
2024-09-23 17:00:00,6402,27.24,67.37,26.21,79.48,56.47,2024.0,9
2024-09-23 18:00:00,6403,26.12,73.4,24.98,84.43,62.3,2024.0,9
2024-09-23 19:00:00,6404,25.59,77.75,24.58,86.66,64.52,2024.0,9
2024-09-23 20:00:00,6405,25.14,79.67,24.04,88.78,48.88,2024.0,9
2024-09-23 21:00:00,6406,,86.0,23.38,90.57,42.65,2024.0,9
2024-09-23 22:00:00,6407,,92.87,23.19,91.02,46.41,2024.0,9
2024-09-23 23:00:00,6408,,89.93,23.26,90.91,44.75,2024.0,9
2024-09-24 00:00:00,6409,24.51,79.8,23.16,89.9,47.41,2024.0,9
2024-09-24 01:00:00,6410,24.05,81.28,23.01,89.29,34.27,2024.0,9
2024-09-24 02:00:00,6411,24.05,83.21,22.9,91.13,38.84,2024.0,9
2024-09-24 03:00:00,6412,24.38,81.6,22.88,91.45,41.58,2024.0,9
2024-09-24 04:00:00,6413,23.95,81.86,22.45,91.79,43.8,2024.0,9
2024-09-24 05:00:00,6414,23.65,82.17,22.48,91.03,50.03,2024.0,9
2024-09-24 06:00:00,6415,24.14,79.45,23.16,88.34,,2024.0,9
2024-09-24 07:00:00,6416,25.75,73.17,25.66,81.02,,2024.0,9
2024-09-24 08:00:00,6417,27.1,70.03,28.06,75.66,,2024.0,9
2024-09-24 09:00:00,6418,29.23,61.13,30.9,66.55,62.73,2024.0,9
2024-09-24 10:00:00,6419,26.46,69.67,26.45,77.21,59.54,2024.0,9
2024-09-24 11:00:00,6420,21.95,86.9,20.43,97.08,25.85,2024.0,9
2024-09-24 12:00:00,6421,22.38,82.31,20.44,98.34,26.39,2024.0,9
2024-09-24 13:00:00,6422,24.81,75.43,24.17,95.29,57.71,2024.0,9
2024-09-24 14:00:00,6423,28.65,62.57,29.64,81.21,53.15,2024.0,9
2024-09-24 15:00:00,6424,27.88,63.93,29.02,69.97,46.1,2024.0,9
2024-09-24 16:00:00,6425,27.73,64.41,28.2,71.15,43.2,2024.0,9
2024-09-24 17:00:00,6426,25.15,74.59,24.25,83.78,55.93,2024.0,9
2024-09-24 18:00:00,6427,24.32,77.03,23.41,85.87,51.63,2024.0,9
2024-09-24 19:00:00,6428,23.8,76.82,22.99,85.41,36.79,2024.0,9
2024-09-24 20:00:00,6429,23.5,76.4,22.54,85.58,33.5,2024.0,9
2024-09-24 21:00:00,6430,23.86,74.93,22.42,86.08,38.48,2024.0,9
2024-09-24 22:00:00,6431,23.69,76.8,22.23,86.97,43.07,2024.0,9
2024-09-24 23:00:00,6432,23.26,78.83,21.93,88.84,44.07,2024.0,9
2024-09-25 00:00:00,6433,22.76,81.73,21.51,90.41,33.7,2024.0,9
2024-09-25 01:00:00,6434,22.89,86.31,21.3,91.78,34.89,2024.0,9
2024-09-25 02:00:00,6435,22.4,100.0,21.21,92.57,41.76,2024.0,9
2024-09-25 03:00:00,6436,22.04,98.21,20.99,93.54,46.67,2024.0,9
2024-09-25 04:00:00,6437,22.16,85.7,20.44,95.28,45.2,2024.0,9
2024-09-25 05:00:00,6438,22.04,85.21,20.84,92.79,47.96,2024.0,9
2024-09-25 06:00:00,6439,23.7,75.66,25.93,75.39,61.68,2024.0,9
2024-09-25 07:00:00,6440,25.35,69.0,27.16,71.7,54.5,2024.0,9
2024-09-25 08:00:00,6441,28.01,58.1,31.35,60.98,50.47,2024.0,9
2024-09-25 09:00:00,6442,29.33,56.87,31.33,60.51,42.09,2024.0,9
2024-09-25 10:00:00,6443,31.22,48.1,31.79,58.41,34.8,2024.0,9
2024-09-25 11:00:00,6444,32.6,42.4,33.28,53.86,29.43,2024.0,9
2024-09-25 12:00:00,6445,31.98,46.17,31.69,59.55,37.23,2024.0,9
2024-09-25 13:00:00,6446,24.05,77.4,20.98,98.76,38.17,2024.0,9
2024-09-25 14:00:00,6447,23.05,86.28,21.12,99.72,29.77,2024.0,9
2024-09-25 15:00:00,6448,22.43,87.0,20.71,100.0,22.24,2024.0,9
2024-09-25 16:00:00,6449,22.5,89.72,21.1,99.93,26.31,2024.0,9
2024-09-25 17:00:00,6450,23.09,86.57,21.21,99.83,31.2,2024.0,9
2024-09-25 18:00:00,6451,22.94,87.0,21.24,99.9,25.44,2024.0,9
2024-09-25 19:00:00,6452,22.63,88.0,21.13,99.87,20.7,2024.0,9
2024-09-25 20:00:00,6453,22.57,84.6,20.8,99.66,17.58,2024.0,9
2024-09-25 21:00:00,6454,22.41,88.3,20.93,100.0,30.46,2024.0,9
2024-09-25 22:00:00,6455,22.5,88.13,21.06,100.0,27.85,2024.0,9
2024-09-25 23:00:00,6456,22.4,90.21,20.84,100.0,30.03,2024.0,9
2024-09-26 00:00:00,6457,22.15,91.2,20.67,100.0,33.75,2024.0,9
2024-09-26 01:00:00,6458,21.98,92.86,20.72,100.0,48.41,2024.0,9
2024-09-26 02:00:00,6459,22.23,89.83,20.61,100.0,36.11,2024.0,9
2024-09-26 03:00:00,6460,22.31,91.24,20.54,100.0,43.76,2024.0,9
2024-09-26 04:00:00,6461,22.21,91.53,20.54,100.0,42.61,2024.0,9
2024-09-26 05:00:00,6462,22.04,92.31,20.57,100.0,39.74,2024.0,9
2024-09-26 06:00:00,6463,22.62,87.87,22.71,99.28,45.34,2024.0,9
2024-09-26 07:00:00,6464,25.06,74.9,28.33,80.24,65.32,2024.0,9
2024-09-26 08:00:00,6465,30.28,64.36,32.46,63.68,61.57,2024.0,9
2024-09-26 09:00:00,6466,32.21,56.03,32.02,61.09,37.68,2024.0,9
2024-09-26 10:00:00,6467,31.24,48.67,31.57,61.59,34.43,2024.0,9
2024-09-26 11:00:00,6468,32.03,46.07,32.86,58.79,32.4,2024.0,9
2024-09-26 12:00:00,6469,29.68,50.33,29.28,65.19,31.1,2024.0,9
2024-09-26 13:00:00,6470,26.02,68.24,25.09,80.69,37.36,2024.0,9
2024-09-26 14:00:00,6471,24.16,78.52,23.82,86.22,36.36,2024.0,9
2024-09-26 15:00:00,6472,23.58,80.37,22.42,90.82,24.0,2024.0,9
2024-09-26 16:00:00,6473,23.81,79.0,22.79,87.46,31.41,2024.0,9
2024-09-26 17:00:00,6474,23.72,76.2,22.64,85.4,31.1,2024.0,9
2024-09-26 18:00:00,6475,24.11,73.79,23.05,83.73,43.28,2024.0,9
2024-09-26 19:00:00,6476,23.18,82.7,21.91,92.33,34.63,2024.0,9
2024-09-26 20:00:00,6477,23.0,87.03,22.07,92.47,24.47,2024.0,9
2024-09-26 21:00:00,6478,23.04,86.93,21.97,93.23,21.51,2024.0,9
2024-09-26 22:00:00,6479,23.13,85.63,22.04,92.35,30.4,2024.0,9
2024-09-26 23:00:00,6480,22.92,89.41,21.63,95.74,28.97,2024.0,9
2024-09-27 00:00:00,6481,22.67,90.6,21.46,96.66,35.06,2024.0,9
2024-09-27 01:00:00,6482,22.51,91.21,21.27,96.93,51.04,2024.0,9
2024-09-27 02:00:00,6483,22.79,89.6,21.31,96.74,46.05,2024.0,9
2024-09-27 03:00:00,6484,22.66,90.79,20.92,98.74,40.57,2024.0,9
2024-09-27 04:00:00,6485,22.14,94.27,20.6,99.95,53.82,2024.0,9
2024-09-27 05:00:00,6486,22.03,92.62,20.49,99.72,57.99,2024.0,9
2024-09-27 06:00:00,6487,22.39,92.86,22.36,94.44,72.41,2024.0,9
2024-09-27 07:00:00,6488,25.02,79.7,28.49,74.69,71.33,2024.0,9
2024-09-27 08:00:00,6489,27.8,66.83,32.17,65.4,,2024.0,9
2024-09-27 09:00:00,6490,29.39,56.86,31.89,62.66,49.31,2024.0,9
2024-09-27 10:00:00,6491,29.78,54.13,30.02,64.56,31.5,2024.0,9
2024-09-27 11:00:00,6492,29.7,49.72,30.06,62.13,23.14,2024.0,9
2024-09-27 12:00:00,6493,31.14,47.97,32.14,58.4,20.54,2024.0,9
2024-09-27 13:00:00,6494,33.0,40.77,35.09,52.59,17.53,2024.0,9
2024-09-27 14:00:00,6495,30.46,54.37,30.66,64.63,38.72,2024.0,9
2024-09-27 15:00:00,6496,27.47,65.77,27.07,74.0,42.98,2024.0,9
2024-09-27 16:00:00,6497,27.03,71.14,26.41,79.03,47.04,2024.0,9
2024-09-27 17:00:00,6498,26.82,70.45,25.81,80.52,48.62,2024.0,9
2024-09-27 18:00:00,6499,27.33,68.24,25.88,80.21,49.07,2024.0,9
2024-09-27 19:00:00,6500,26.52,71.83,25.45,81.94,45.7,2024.0,9
2024-09-27 20:00:00,6501,26.1,74.9,25.01,84.21,52.78,2024.0,9
2024-09-27 21:00:00,6502,25.49,80.93,24.39,88.32,62.28,2024.0,9
2024-09-27 22:00:00,6503,25.47,80.41,24.23,88.99,48.74,2024.0,9
2024-09-27 23:00:00,6504,25.01,79.62,23.92,87.41,41.03,2024.0,9
2024-09-28 00:00:00,6505,24.57,80.21,23.53,87.99,28.63,2024.0,9
2024-09-28 01:00:00,6506,24.2,81.43,23.24,88.51,26.17,2024.0,9
2024-09-28 02:00:00,6507,24.02,83.97,23.02,90.22,31.15,2024.0,9
2024-09-28 03:00:00,6508,23.96,84.72,22.82,91.51,32.3,2024.0,9
2024-09-28 04:00:00,6509,23.66,84.0,22.58,90.48,28.18,2024.0,9
2024-09-28 05:00:00,6510,,61.0,22.57,89.78,37.22,2024.0,9
2024-09-28 06:00:00,6511,,54.7,24.55,84.26,43.9,2024.0,9
2024-09-28 07:00:00,6512,,62.14,28.97,69.0,35.33,2024.0,9
2024-09-28 08:00:00,6513,27.65,61.41,30.65,62.92,32.14,2024.0,9
2024-09-28 09:00:00,6514,28.92,56.0,31.02,61.32,35.17,2024.0,9
2024-09-28 10:00:00,6515,29.36,54.52,29.94,62.24,39.03,2024.0,9
2024-09-28 11:00:00,6516,30.13,51.07,30.83,60.81,40.71,2024.0,9
2024-09-28 12:00:00,6517,30.97,47.67,31.71,58.32,37.13,2024.0,9
2024-09-28 13:00:00,6518,32.03,44.23,34.15,54.17,35.87,2024.0,9
2024-09-28 14:00:00,6519,31.61,46.83,33.39,56.88,38.1,2024.0,9
2024-09-28 15:00:00,6520,30.72,49.59,31.69,61.72,37.78,2024.0,9
2024-09-28 16:00:00,6521,29.95,53.1,29.32,67.75,39.0,2024.0,9
2024-09-28 17:00:00,6522,28.46,61.8,27.4,74.26,44.67,2024.0,9
2024-09-28 18:00:00,6523,26.51,70.9,25.51,80.76,44.79,2024.0,9
2024-09-28 19:00:00,6524,26.18,71.63,25.27,81.11,45.0,2024.0,9
2024-09-28 20:00:00,6525,25.76,93.11,24.87,82.0,32.95,2024.0,9
2024-09-28 21:00:00,6526,24.99,100.0,24.06,81.91,21.86,2024.0,9
2024-09-28 22:00:00,6527,24.07,85.1,23.2,82.99,27.21,2024.0,9
2024-09-28 23:00:00,6528,23.63,74.43,22.71,82.6,32.29,2024.0,9
2024-09-29 00:00:00,6529,23.28,74.76,22.33,83.78,33.0,2024.0,9
2024-09-29 01:00:00,6530,22.87,78.57,21.81,86.39,35.33,2024.0,9
2024-09-29 02:00:00,6531,22.68,79.31,21.59,87.07,31.43,2024.0,9
2024-09-29 03:00:00,6532,22.62,78.13,21.45,87.2,34.15,2024.0,9
2024-09-29 04:00:00,6533,22.59,79.97,21.23,88.48,33.49,2024.0,9
2024-09-29 05:00:00,6534,22.56,82.43,21.54,89.96,39.28,2024.0,9
2024-09-29 06:00:00,6535,24.51,73.7,26.95,73.29,60.71,2024.0,9
2024-09-29 07:00:00,6536,26.02,68.03,29.5,66.33,47.21,2024.0,9
2024-09-29 08:00:00,6537,27.59,59.63,31.15,60.55,32.9,2024.0,9
2024-09-29 09:00:00,6538,28.38,54.3,30.36,61.85,29.63,2024.0,9
2024-09-29 10:00:00,6539,29.06,49.6,29.75,61.64,30.23,2024.0,9
2024-09-29 11:00:00,6540,29.86,49.0,30.42,61.29,36.43,2024.0,9
2024-09-29 12:00:00,6541,31.13,48.07,32.03,60.17,37.83,2024.0,9
2024-09-29 13:00:00,6542,31.41,48.8,32.91,59.7,38.9,2024.0,9
2024-09-29 14:00:00,6543,31.48,48.8,32.48,60.9,40.5,2024.0,9
2024-09-29 15:00:00,6544,29.8,56.97,29.5,66.02,37.69,2024.0,9
2024-09-29 16:00:00,6545,28.31,72.53,27.47,73.37,47.93,2024.0,9
2024-09-29 17:00:00,6546,27.15,74.82,26.24,77.13,47.61,2024.0,9
2024-09-29 18:00:00,6547,24.72,68.87,23.89,78.68,23.57,2024.0,9
2024-09-29 19:00:00,6548,24.81,69.32,23.84,79.37,28.07,2024.0,9
2024-09-29 20:00:00,6549,24.57,74.52,23.59,83.61,38.28,2024.0,9
2024-09-29 21:00:00,6550,24.73,76.0,23.31,85.62,38.84,2024.0,9
2024-09-29 22:00:00,6551,24.25,78.31,22.78,88.15,35.45,2024.0,9
2024-09-29 23:00:00,6552,23.65,81.67,22.26,90.47,33.64,2024.0,9
2024-09-30 00:00:00,6553,22.98,86.28,21.61,93.66,34.98,2024.0,9
2024-09-30 01:00:00,6554,22.64,83.97,21.69,90.52,26.44,2024.0,9
2024-09-30 02:00:00,6555,22.64,84.97,21.41,92.05,32.55,2024.0,9
2024-09-30 03:00:00,6556,22.35,87.6,21.16,93.45,32.14,2024.0,9
2024-09-30 04:00:00,6557,22.59,83.28,21.37,91.18,29.76,2024.0,9
2024-09-30 05:00:00,6558,22.6,84.07,21.63,90.92,35.91,2024.0,9
2024-09-30 06:00:00,6559,23.89,77.21,25.45,78.32,58.44,2024.0,9
2024-09-30 07:00:00,6560,26.13,66.2,29.78,64.71,44.97,2024.0,9
2024-09-30 08:00:00,6561,28.39,53.97,31.67,57.52,34.62,2024.0,9
2024-09-30 09:00:00,6562,29.93,43.5,31.54,52.47,31.4,2024.0,9
2024-09-30 10:00:00,6563,31.42,36.97,31.76,51.26,24.73,2024.0,9
2024-09-30 11:00:00,6564,32.07,35.37,32.46,49.89,23.93,2024.0,9
2024-09-30 12:00:00,6565,32.03,31.4,32.59,46.34,20.23,2024.0,9
2024-09-30 13:00:00,6566,31.88,33.62,33.6,46.45,25.38,2024.0,9
2024-09-30 14:00:00,6567,32.27,33.23,34.77,45.17,25.2,2024.0,9
2024-10-01 05:00:00,6582,,,0.0,0.0,,2024.0,10
2024-10-01 06:00:00,6583,,,0.0,0.0,,2024.0,10
2024-10-01 07:00:00,6584,,,0.0,0.0,,2024.0,10
2024-10-01 08:00:00,6585,,,0.0,0.0,,2024.0,10
2024-10-01 09:00:00,6586,,,0.0,0.0,,2024.0,10
2024-10-02 15:00:00,6616,30.6,46.5,0.0,53.61,33.39,2024.0,10
2024-10-02 16:00:00,6617,29.4,50.62,0.0,58.79,37.48,2024.0,10
2024-10-02 17:00:00,6618,28.05,57.33,0.0,65.81,42.85,2024.0,10
2024-10-02 18:00:00,6619,27.0,65.76,0.0,72.86,50.79,2024.0,10
2024-10-02 19:00:00,6620,25.39,76.9,0.0,81.93,46.85,2024.0,10
2024-10-02 20:00:00,6621,24.52,82.36,0.0,85.07,37.21,2024.0,10
2024-10-02 21:00:00,6622,24.4,84.29,0.0,87.0,44.39,2024.0,10
2024-10-02 22:00:00,6623,24.31,86.24,0.0,89.31,62.66,2024.0,10
2024-10-02 23:00:00,6624,24.21,85.86,0.0,88.83,59.79,2024.0,10
2024-10-03 00:00:00,6625,23.67,84.33,0.0,86.73,29.1,2024.0,10
2024-10-03 01:00:00,6626,23.0,86.97,0.0,89.03,25.71,2024.0,10
2024-10-03 02:00:00,6627,22.68,87.73,0.0,89.5,25.33,2024.0,10
2024-10-03 03:00:00,6628,22.02,88.76,0.0,90.83,24.03,2024.0,10
2024-10-03 04:00:00,6629,21.54,90.29,0.0,91.71,27.45,2024.0,10
2024-10-03 05:00:00,6630,21.98,85.79,0.0,86.66,24.97,2024.0,10
2024-10-03 06:00:00,6631,22.33,88.17,0.0,87.69,44.82,2024.0,10
2024-10-03 07:00:00,6632,24.76,79.03,0.0,71.45,48.68,2024.0,10
2024-10-03 08:00:00,6633,26.91,67.29,0.0,62.32,47.11,2024.0,10
2024-10-03 09:00:00,6634,28.31,60.96,0.0,59.96,33.14,2024.0,10
2024-10-03 10:00:00,6635,28.79,59.23,0.0,60.8,35.7,2024.0,10
2024-10-03 11:00:00,6636,29.93,56.31,0.0,58.0,39.31,2024.0,10
2024-10-03 12:00:00,6637,30.88,53.07,0.0,56.33,37.0,2024.0,10
2024-10-03 13:00:00,6638,31.31,49.45,0.0,53.9,31.52,2024.0,10
2024-10-03 14:00:00,6639,31.24,49.11,0.0,53.46,33.36,2024.0,10
2024-10-03 15:00:00,6640,29.79,51.62,0.0,58.27,35.12,2024.0,10
2024-10-03 16:00:00,6641,29.08,53.2,0.0,61.0,35.47,2024.0,10
2024-10-03 17:00:00,6642,27.82,59.0,0.0,67.14,40.18,2024.0,10
2024-10-03 18:00:00,6643,26.45,67.48,0.0,73.59,45.44,2024.0,10
2024-10-03 19:00:00,6644,25.42,72.0,0.0,77.07,44.57,2024.0,10
2024-10-03 20:00:00,6645,24.76,75.83,0.0,79.57,44.73,2024.0,10
2024-10-03 21:00:00,6646,24.42,79.47,0.0,82.53,33.34,2024.0,10
2024-10-03 22:00:00,6647,24.14,81.19,0.0,83.44,19.9,2024.0,10
2024-10-03 23:00:00,6648,23.78,82.9,0.0,85.53,21.53,2024.0,10
2024-10-04 00:00:00,6649,23.34,85.5,0.0,87.5,24.54,2024.0,10
2024-10-04 01:00:00,6650,22.81,86.4,0.0,87.9,22.29,2024.0,10
2024-10-04 02:00:00,6651,22.55,87.66,0.0,89.1,27.54,2024.0,10
2024-10-04 03:00:00,6652,22.39,88.14,0.0,90.14,30.5,2024.0,10
2024-10-04 04:00:00,6653,22.17,87.62,0.0,89.03,28.19,2024.0,10
2024-10-04 05:00:00,6654,21.82,90.03,0.0,91.55,37.1,2024.0,10
2024-10-04 06:00:00,6655,22.38,86.93,0.0,81.66,49.88,2024.0,10
2024-10-04 07:00:00,6656,25.37,76.04,0.0,67.5,50.86,2024.0,10
2024-10-04 08:00:00,6657,27.49,64.89,0.0,59.37,40.07,2024.0,10
2024-10-04 09:00:00,6658,28.9,56.96,0.0,57.21,35.04,2024.0,10
2024-10-04 10:00:00,6659,30.62,49.89,0.0,54.41,29.15,2024.0,10
2024-10-04 11:00:00,6660,31.85,46.88,0.0,52.92,29.31,2024.0,10
2024-10-04 12:00:00,6661,32.04,47.21,0.0,53.89,35.75,2024.0,10
2024-10-04 13:00:00,6662,31.8,48.43,0.0,54.54,38.86,2024.0,10
2024-10-04 14:00:00,6663,28.11,59.2,0.0,65.96,39.8,2024.0,10
2024-10-04 15:00:00,6664,25.98,69.46,0.0,71.73,46.73,2024.0,10
2024-10-04 17:00:00,6666,26.52,66.54,0.0,72.54,47.82,2024.0,10
2024-10-04 18:00:00,6667,26.21,70.21,0.0,74.83,49.83,2024.0,10
2024-10-04 19:00:00,6668,24.08,83.96,0.0,88.12,40.16,2024.0,10
2024-10-04 20:00:00,6669,23.34,89.52,0.0,90.85,37.89,2024.0,10
2024-10-04 21:00:00,6670,23.52,88.58,0.0,89.88,38.66,2024.0,10
2024-10-04 22:00:00,6671,23.29,90.5,0.0,91.73,46.2,2024.0,10
2024-10-04 23:00:00,6672,23.2,90.44,0.0,91.44,48.26,2024.0,10
2024-10-05 00:00:00,6673,23.25,87.36,0.0,88.04,33.5,2024.0,10
2024-10-05 01:00:00,6674,22.56,84.24,0.0,85.45,24.37,2024.0,10
2024-10-05 02:00:00,6675,21.97,85.23,0.0,86.33,24.75,2024.0,10
2024-10-05 03:00:00,6676,21.68,85.1,0.0,86.45,24.54,2024.0,10
2024-10-05 04:00:00,6677,21.72,84.34,0.0,85.28,24.17,2024.0,10
2024-10-05 05:00:00,6678,21.51,84.7,0.0,85.6,26.15,2024.0,10
2024-10-05 06:00:00,6679,21.82,85.12,0.0,85.54,36.62,2024.0,10
2024-10-05 07:00:00,6680,22.99,85.72,0.0,77.66,59.69,2024.0,10
2024-10-05 08:00:00,6681,27.4,66.07,0.0,57.97,50.77,2024.0,10
2024-10-05 09:00:00,6682,27.71,62.04,0.0,61.79,43.04,2024.0,10
2024-10-05 10:00:00,6683,29.18,57.45,0.0,58.97,38.45,2024.0,10
2024-10-05 11:00:00,6684,31.64,50.55,0.0,55.97,35.93,2024.0,10
2024-10-05 12:00:00,6685,33.22,46.14,0.0,53.07,38.62,2024.0,10
2024-10-05 13:00:00,6686,31.64,50.38,0.0,58.88,48.04,2024.0,10
2024-10-05 14:00:00,6687,27.9,63.62,0.0,71.21,51.34,2024.0,10
2024-10-05 16:00:00,6689,25.1,76.37,0.0,78.4,51.18,2024.0,10
2024-10-05 17:00:00,6690,24.63,79.15,0.0,81.3,44.96,2024.0,10
2024-10-05 18:00:00,6691,24.68,79.19,0.0,81.26,48.27,2024.0,10
2024-10-05 19:00:00,6692,24.96,75.89,0.0,78.68,45.82,2024.0,10
2024-10-05 20:00:00,6693,24.23,82.79,0.0,85.11,34.22,2024.0,10
2024-10-05 21:00:00,6694,23.8,85.62,0.0,87.58,39.01,2024.0,10
2024-10-05 22:00:00,6695,24.06,84.1,0.0,85.97,49.21,2024.0,10
2024-10-05 23:00:00,6696,23.53,81.31,0.0,82.31,28.97,2024.0,10
2024-10-06 00:00:00,6697,22.79,84.07,0.0,85.1,29.39,2024.0,10
2024-10-06 01:00:00,6698,22.36,85.59,0.0,86.59,28.26,2024.0,10
2024-10-06 02:00:00,6699,22.14,86.0,0.0,87.07,27.47,2024.0,10
2024-10-06 03:00:00,6700,21.95,85.93,0.0,87.07,27.76,2024.0,10
2024-10-06 04:00:00,6701,21.76,85.11,0.0,86.37,25.09,2024.0,10
2024-10-06 05:00:00,6702,21.35,89.25,0.0,90.96,41.56,2024.0,10
2024-10-06 06:00:00,6703,21.99,88.93,0.0,87.15,50.55,2024.0,10
2024-10-06 07:00:00,6704,23.83,82.36,0.0,73.89,,2024.0,10
2024-10-06 08:00:00,6705,27.38,66.1,0.0,59.79,51.69,2024.0,10
2024-10-06 09:00:00,6706,28.07,60.62,0.0,60.31,40.85,2024.0,10
2024-10-06 10:00:00,6707,29.25,54.73,0.0,56.73,39.04,2024.0,10
2024-10-06 11:00:00,6708,30.04,46.28,0.0,51.55,32.34,2024.0,10
2024-10-06 12:00:00,6709,30.99,43.07,0.0,50.26,30.85,2024.0,10
2024-10-06 13:00:00,6710,31.51,43.59,0.0,50.7,31.85,2024.0,10
2024-10-06 14:00:00,6711,30.81,45.32,0.0,49.61,36.21,2024.0,10
2024-10-06 15:00:00,6712,30.64,46.71,0.0,50.71,37.0,2024.0,10
2024-10-06 16:00:00,6713,29.65,48.72,0.0,56.38,35.48,2024.0,10
2024-10-06 17:00:00,6714,27.71,51.9,0.0,63.03,35.34,2024.0,10
2024-10-06 18:00:00,6715,26.88,52.71,0.0,64.43,37.07,2024.0,10
2024-10-06 19:00:00,6716,26.0,55.66,0.0,66.59,39.24,2024.0,10
2024-10-06 20:00:00,6717,24.77,61.21,0.0,70.14,43.04,2024.0,10
2024-10-06 21:00:00,6718,23.77,67.26,0.0,73.33,47.96,2024.0,10
2024-10-06 22:00:00,6719,23.51,68.71,0.0,73.93,50.32,2024.0,10
2024-10-06 23:00:00,6720,23.01,73.34,0.0,77.55,,2024.0,10
2024-10-07 00:00:00,6721,22.8,77.33,0.0,81.07,,2024.0,10
2024-10-07 01:00:00,6722,22.09,80.0,0.0,83.07,51.17,2024.0,10
2024-10-07 02:00:00,6723,21.99,80.23,0.0,83.2,49.48,2024.0,10
2024-10-07 03:00:00,6724,21.67,82.48,0.0,85.28,47.62,2024.0,10
2024-10-07 04:00:00,6725,21.8,85.27,0.0,87.23,43.28,2024.0,10
2024-10-07 05:00:00,6726,21.95,84.96,0.0,86.19,37.83,2024.0,10
2024-10-07 06:00:00,6727,22.73,82.14,0.0,78.89,42.0,2024.0,10
2024-10-07 07:00:00,6728,25.69,72.17,0.0,66.45,53.24,2024.0,10
2024-10-07 08:00:00,6729,27.51,63.48,0.0,63.38,39.41,2024.0,10
2024-10-07 09:00:00,6730,27.79,52.04,0.0,58.14,27.79,2024.0,10
2024-10-07 10:00:00,6731,28.86,47.09,0.0,54.96,26.78,2024.0,10
2024-10-07 11:00:00,6732,29.78,46.41,0.0,54.74,30.22,2024.0,10
2024-10-07 12:00:00,6733,31.01,43.41,0.0,51.41,30.86,2024.0,10
2024-10-07 13:00:00,6734,31.81,40.71,0.0,49.07,30.46,2024.0,10
2024-10-07 14:00:00,6735,32.75,38.79,0.0,43.59,30.59,2024.0,10
2024-10-07 15:00:00,6736,32.02,39.73,0.0,46.31,31.15,2024.0,10
2024-10-07 16:00:00,6737,30.99,42.87,0.0,50.73,31.6,2024.0,10
2024-10-07 17:00:00,6738,29.06,48.62,0.0,60.07,36.28,2024.0,10
2024-10-07 18:00:00,6739,26.98,56.7,0.0,67.1,41.1,2024.0,10
2024-10-07 19:00:00,6740,25.36,65.93,0.0,72.55,45.79,2024.0,10
2024-10-07 20:00:00,6741,24.51,70.21,0.0,75.54,46.93,2024.0,10
2024-10-07 21:00:00,6742,24.05,72.86,0.0,77.9,43.45,2024.0,10
2024-10-07 22:00:00,6743,23.52,77.0,0.0,80.25,40.11,2024.0,10
2024-10-07 23:00:00,6744,23.28,77.69,0.0,80.14,34.72,2024.0,10
2024-10-08 00:00:00,6745,22.9,79.71,0.0,82.21,34.29,2024.0,10
2024-10-08 01:00:00,6746,22.43,81.93,0.0,84.15,28.66,2024.0,10
2024-10-08 02:00:00,6747,22.27,82.0,0.0,84.24,27.33,2024.0,10
2024-10-08 03:00:00,6748,22.1,82.0,0.0,84.2,26.8,2024.0,10
2024-10-08 04:00:00,6749,22.22,81.17,0.0,82.76,23.1,2024.0,10
2024-10-08 05:00:00,6750,21.81,82.76,0.0,84.69,33.59,2024.0,10
2024-10-08 06:00:00,6751,22.79,79.85,0.0,74.89,48.53,2024.0,10
2024-10-08 07:00:00,6752,25.4,70.55,0.0,65.21,36.52,2024.0,10
2024-10-08 08:00:00,6753,26.84,64.25,0.0,63.18,34.29,2024.0,10
2024-10-08 09:00:00,6754,28.37,56.54,0.0,60.39,32.75,2024.0,10
2024-10-08 11:00:00,6756,30.36,49.19,0.0,56.19,37.92,2024.0,10
2024-10-08 12:00:00,6757,31.23,47.18,0.0,54.36,40.29,2024.0,10
2024-10-08 13:00:00,6758,31.87,44.0,0.0,51.36,39.21,2024.0,10
2024-10-08 14:00:00,6759,32.1,41.15,0.0,46.3,35.89,2024.0,10
2024-10-08 15:00:00,6760,31.32,42.21,0.0,48.21,34.62,2024.0,10
2024-10-08 16:00:00,6761,29.9,45.34,0.0,54.83,37.14,2024.0,10
2024-10-08 17:00:00,6762,28.44,53.14,0.0,63.25,42.14,2024.0,10
2024-10-08 18:00:00,6763,26.82,65.21,0.0,72.97,47.0,2024.0,10
2024-10-08 19:00:00,6764,25.6,73.11,0.0,78.5,48.39,2024.0,10
2024-10-08 20:00:00,6765,24.67,77.24,0.0,81.1,48.93,2024.0,10
2024-10-08 21:00:00,6766,24.36,76.24,0.0,80.41,45.66,2024.0,10
2024-10-08 22:00:00,6767,23.8,76.33,0.0,80.23,37.3,2024.0,10
2024-10-08 23:00:00,6768,23.27,79.47,0.0,81.73,33.03,2024.0,10
2024-10-09 00:00:00,6769,22.7,81.97,0.0,84.38,27.12,2024.0,10
2024-10-09 01:00:00,6770,22.3,83.2,0.0,85.3,26.93,2024.0,10
2024-10-09 02:00:00,6771,22.15,83.15,0.0,85.96,27.79,2024.0,10
2024-10-09 03:00:00,6772,21.79,84.0,0.0,86.38,30.68,2024.0,10
2024-10-09 04:00:00,6773,21.7,84.27,0.0,86.43,32.09,2024.0,10
2024-10-09 05:00:00,6774,21.56,84.71,0.0,86.11,34.89,2024.0,10
2024-10-09 06:00:00,6775,22.75,81.04,0.0,73.96,56.41,2024.0,10
2024-10-09 07:00:00,6776,25.4,70.76,0.0,65.24,56.84,2024.0,10
2024-10-09 08:00:00,6777,26.76,64.07,0.0,63.93,31.97,2024.0,10
2024-10-09 09:00:00,6778,28.0,59.9,0.0,62.72,34.52,2024.0,10
2024-10-09 10:00:00,6779,28.6,57.6,0.0,61.23,34.27,2024.0,10
2024-10-09 11:00:00,6780,30.52,51.43,0.0,57.2,33.1,2024.0,10
2024-10-09 12:00:00,6781,31.5,48.14,0.0,55.24,35.41,2024.0,10
2024-10-09 13:00:00,6782,31.67,46.73,0.0,54.12,35.46,2024.0,10
2024-10-09 14:00:00,6783,31.82,47.54,0.0,51.58,36.77,2024.0,10
2024-10-09 15:00:00,6784,29.96,55.0,0.0,64.43,42.4,2024.0,10
2024-10-09 16:00:00,6785,29.41,58.67,0.0,64.73,45.07,2024.0,10
2024-10-09 17:00:00,6786,28.51,61.0,0.0,69.41,41.33,2024.0,10
2024-10-09 18:00:00,6787,26.39,71.39,0.0,76.39,44.36,2024.0,10
2024-10-09 19:00:00,6788,25.34,77.42,0.0,80.5,45.5,2024.0,10
2024-10-09 20:00:00,6789,24.58,80.43,0.0,82.79,35.91,2024.0,10
2024-10-09 21:00:00,6790,23.79,80.9,0.0,83.07,31.37,2024.0,10
2024-10-09 22:00:00,6791,23.3,81.86,0.0,83.07,26.23,2024.0,10
2024-10-09 23:00:00,6792,22.72,83.9,0.0,85.0,23.12,2024.0,10
2024-10-10 00:00:00,6793,22.45,84.25,0.0,85.68,26.7,2024.0,10
2024-10-10 01:00:00,6794,22.02,85.78,0.0,87.11,32.76,2024.0,10
2024-10-10 02:00:00,6795,21.88,86.72,0.0,88.45,30.59,2024.0,10
2024-10-10 03:00:00,6796,21.62,87.83,0.0,89.2,22.69,2024.0,10
2024-10-10 04:00:00,6797,21.5,88.48,0.0,90.83,36.97,2024.0,10
2024-10-10 05:00:00,6798,21.53,89.0,0.0,90.4,38.1,2024.0,10
2024-10-10 06:00:00,6799,22.22,87.2,0.0,81.9,60.97,2024.0,10
2024-10-10 07:00:00,6800,25.53,74.58,0.0,65.96,49.08,2024.0,10
2024-10-10 08:00:00,6801,28.06,64.52,0.0,59.22,37.67,2024.0,10
2024-10-10 09:00:00,6802,29.96,56.96,0.0,57.59,36.96,2024.0,10
2024-10-10 10:00:00,6803,31.33,52.07,0.0,55.48,35.07,2024.0,10
2024-10-10 11:00:00,6804,31.48,50.61,0.0,54.54,36.25,2024.0,10
2024-10-10 12:00:00,6805,31.32,50.43,0.0,54.8,35.57,2024.0,10
2024-10-10 13:00:00,6806,31.05,51.0,0.0,56.68,33.11,2024.0,10
2024-10-10 14:00:00,6807,29.51,58.11,0.0,65.37,45.56,2024.0,10
2024-10-10 15:00:00,6808,27.17,67.79,0.0,72.28,47.21,2024.0,10
2024-10-10 16:00:00,6809,25.77,74.96,0.0,77.36,47.04,2024.0,10
2024-10-10 17:00:00,6810,24.87,77.31,0.0,80.59,35.74,2024.0,10
2024-10-10 18:00:00,6811,24.78,81.93,0.0,83.9,43.66,2024.0,10
2024-10-10 19:00:00,6812,25.28,80.37,0.0,82.43,55.22,2024.0,10
2024-10-10 20:00:00,6813,25.54,71.47,0.0,74.5,49.77,2024.0,10
2024-10-10 21:00:00,6814,25.23,74.2,0.0,78.17,44.36,2024.0,10
2024-10-10 22:00:00,6815,24.25,84.97,0.0,87.43,42.92,2024.0,10
2024-10-10 23:00:00,6816,24.01,86.3,0.0,89.48,43.45,2024.0,10
2024-10-11 00:00:00,6817,23.53,85.67,0.0,87.77,43.8,2024.0,10
2024-10-11 01:00:00,6818,23.1,87.45,0.0,88.76,44.82,2024.0,10
2024-10-11 02:00:00,6819,22.61,88.9,0.0,90.2,43.1,2024.0,10
2024-10-11 03:00:00,6820,22.6,88.81,0.0,90.54,33.86,2024.0,10
2024-10-11 04:00:00,6821,22.38,88.75,0.0,90.36,32.35,2024.0,10
2024-10-11 05:00:00,6822,22.21,89.33,0.0,90.73,37.7,2024.0,10
2024-10-11 06:00:00,6823,23.15,86.36,0.0,81.25,42.98,2024.0,10
2024-10-11 07:00:00,6824,24.98,79.2,0.0,70.53,54.62,2024.0,10
2024-10-11 08:00:00,6825,27.61,68.23,0.0,62.53,48.63,2024.0,10
2024-10-11 09:00:00,6826,27.72,65.63,0.0,65.26,38.52,2024.0,10
2024-10-11 10:00:00,6827,29.07,58.43,0.0,60.93,36.57,2024.0,10
2024-10-11 11:00:00,6828,31.11,51.83,0.0,55.47,35.5,2024.0,10
2024-10-11 13:00:00,6830,31.76,48.07,0.0,53.11,32.37,2024.0,10
2024-10-11 14:00:00,6831,31.82,45.76,0.0,49.04,30.88,2024.0,10
2024-10-11 15:00:00,6832,32.97,43.38,0.0,47.34,31.52,2024.0,10
2024-10-11 16:00:00,6833,31.35,47.29,0.0,54.12,34.54,2024.0,10
2024-10-11 17:00:00,6834,29.04,56.13,0.0,64.43,40.0,2024.0,10
2024-10-11 18:00:00,6835,27.47,63.32,0.0,70.96,43.25,2024.0,10
2024-10-11 19:00:00,6836,26.43,67.25,0.0,73.61,43.36,2024.0,10
2024-10-11 20:00:00,6837,25.67,71.17,0.0,75.86,44.55,2024.0,10
2024-10-11 21:00:00,6838,25.1,74.66,0.0,78.83,47.55,2024.0,10
2024-10-11 22:00:00,6839,24.2,81.43,0.0,84.46,41.37,2024.0,10
2024-10-11 23:00:00,6840,23.68,84.4,0.0,86.8,41.7,2024.0,10
2024-10-12 00:00:00,6841,23.45,86.96,0.0,88.92,49.99,2024.0,10
2024-10-12 01:00:00,6842,23.32,86.31,0.0,88.21,52.31,2024.0,10
2024-10-12 02:00:00,6843,23.24,84.07,0.0,85.47,31.51,2024.0,10
2024-10-12 03:00:00,6844,22.95,84.89,0.0,86.93,41.52,2024.0,10
2024-10-12 04:00:00,6845,22.55,88.39,0.0,90.52,63.27,2024.0,10
2024-10-12 05:00:00,6846,22.48,86.79,0.0,87.31,49.3,2024.0,10
2024-10-12 06:00:00,6847,23.23,82.5,0.0,77.73,37.9,2024.0,10
2024-10-12 07:00:00,6848,25.12,74.93,0.0,67.57,47.59,2024.0,10
2024-10-12 08:00:00,6849,27.31,64.38,0.0,59.86,43.07,2024.0,10
2024-10-12 09:00:00,6850,29.11,56.83,0.0,57.38,34.54,2024.0,10
2024-10-12 10:00:00,6851,30.17,53.41,0.0,56.28,33.62,2024.0,10
2024-10-12 11:00:00,6852,30.24,52.34,0.0,55.52,31.62,2024.0,10
2024-10-12 12:00:00,6853,30.99,50.27,0.0,53.57,33.7,2024.0,10
2024-10-12 13:00:00,6854,31.73,48.5,0.0,52.75,31.86,2024.0,10
2024-10-12 14:00:00,6855,32.33,46.66,0.0,51.34,32.86,2024.0,10
2024-10-12 15:00:00,6856,31.94,48.0,0.0,53.45,35.0,2024.0,10
2024-10-12 17:00:00,6858,29.22,55.68,0.0,67.16,40.56,2024.0,10
2024-10-12 18:00:00,6859,28.03,61.21,0.0,70.32,45.39,2024.0,10
2024-10-12 19:00:00,6860,26.15,72.74,0.0,77.07,46.04,2024.0,10
2024-10-12 20:00:00,6861,25.39,78.14,0.0,81.17,44.67,2024.0,10
2024-10-12 21:00:00,6862,24.99,81.4,0.0,83.96,33.79,2024.0,10
2024-10-12 22:00:00,6863,24.8,82.75,0.0,85.57,40.63,2024.0,10
2024-10-12 23:00:00,6864,24.44,84.3,0.0,86.78,51.17,2024.0,10
2024-10-13 01:00:00,6866,23.31,87.97,0.0,89.37,47.79,2024.0,10
2024-10-13 02:00:00,6867,23.2,86.72,0.0,87.24,35.95,2024.0,10
2024-10-13 03:00:00,6868,23.27,85.62,0.0,87.0,32.06,2024.0,10
2024-10-13 04:00:00,6869,22.91,87.5,0.0,88.86,32.93,2024.0,10
2024-10-13 05:00:00,6870,22.72,88.17,0.0,89.07,34.91,2024.0,10
2024-10-13 06:00:00,6871,23.69,83.14,0.0,77.64,29.58,2024.0,10
2024-10-13 07:00:00,6872,25.09,77.17,0.0,69.48,38.48,2024.0,10
2024-10-13 08:00:00,6873,26.71,68.54,0.0,64.39,41.93,2024.0,10
2024-10-13 09:00:00,6874,27.9,60.68,0.0,60.14,39.5,2024.0,10
2024-10-13 10:00:00,6875,29.01,52.89,0.0,56.64,41.71,2024.0,10
2024-10-13 11:00:00,6876,29.9,47.68,0.0,53.76,40.04,2024.0,10
2024-10-13 12:00:00,6877,31.11,41.07,0.0,48.17,35.62,2024.0,10
2024-10-13 13:00:00,6878,31.23,41.37,0.0,48.93,36.53,2024.0,10
2024-10-13 14:00:00,6879,31.54,38.75,0.0,44.96,36.14,2024.0,10
2024-10-13 15:00:00,6880,30.39,40.03,0.0,49.41,34.72,2024.0,10
2024-10-13 16:00:00,6881,29.36,45.34,0.0,55.79,38.17,2024.0,10
2024-10-13 17:00:00,6882,27.68,55.59,0.0,66.07,44.52,2024.0,10
2024-10-13 18:00:00,6883,26.29,68.53,0.0,76.33,47.82,2024.0,10
2024-10-13 19:00:00,6884,24.64,83.59,0.0,87.41,38.84,2024.0,10
2024-10-13 20:00:00,6885,24.29,86.35,0.0,89.73,43.42,2024.0,10
2024-10-13 21:00:00,6886,24.19,87.5,0.0,90.87,48.91,2024.0,10
2024-10-13 22:00:00,6887,23.79,89.76,0.0,92.83,47.78,2024.0,10
2024-10-13 23:00:00,6888,23.47,89.82,0.0,91.61,61.23,2024.0,10
2024-10-14 00:00:00,6889,23.09,84.63,0.0,86.15,,2024.0,10
2024-10-14 01:00:00,6890,22.73,86.67,0.0,88.63,,2024.0,10
2024-10-14 02:00:00,6891,22.72,86.9,0.0,88.87,,2024.0,10
2024-10-14 03:00:00,6892,22.63,87.45,0.0,89.72,,2024.0,10
2024-10-14 04:00:00,6893,22.05,89.1,0.0,91.43,,2024.0,10
2024-10-14 05:00:00,6894,22.14,89.89,0.0,91.39,,2024.0,10
2024-10-14 06:00:00,6895,23.13,85.55,0.0,81.34,,2024.0,10
2024-10-14 07:00:00,6896,25.18,77.93,0.0,69.86,,2024.0,10
2024-10-14 08:00:00,6897,27.43,65.77,0.0,60.46,57.85,2024.0,10
2024-10-14 09:00:00,6898,28.82,59.93,0.0,59.66,48.41,2024.0,10
2024-10-14 10:00:00,6899,29.78,55.81,0.0,58.31,40.92,2024.0,10
2024-10-14 11:00:00,6900,30.57,49.54,0.0,53.75,38.25,2024.0,10
2024-10-14 12:00:00,6901,31.88,46.0,0.0,51.43,38.47,2024.0,10
2024-10-14 13:00:00,6902,32.32,42.96,0.0,49.5,34.86,2024.0,10
2024-10-14 14:00:00,6903,30.96,49.79,0.0,56.04,42.21,2024.0,10
2024-10-14 15:00:00,6904,27.94,60.66,0.0,64.59,48.34,2024.0,10
2024-10-14 16:00:00,6905,26.54,70.52,0.0,74.34,62.14,2024.0,10
2024-10-14 17:00:00,6906,26.41,74.53,0.0,78.3,,2024.0,10
2024-10-14 18:00:00,6907,26.07,78.69,0.0,80.9,,2024.0,10
2024-10-14 19:00:00,6908,24.53,82.93,0.0,85.1,44.4,2024.0,10
2024-10-14 20:00:00,6909,23.68,87.5,0.0,95.3,42.9,2024.0,10
2024-10-14 21:00:00,6910,23.77,87.66,0.0,97.0,43.83,2024.0,10
2024-10-14 22:00:00,6911,23.68,88.57,0.0,97.75,41.85,2024.0,10
2024-10-14 23:00:00,6912,23.73,88.38,0.0,97.69,43.04,2024.0,10
2024-10-15 00:00:00,6913,23.66,89.07,0.0,92.37,55.99,2024.0,10
2024-10-15 01:00:00,6914,23.34,90.77,0.0,92.7,,2024.0,10
2024-10-15 02:00:00,6915,23.12,91.81,0.0,93.37,,2024.0,10
2024-10-15 03:00:00,6916,22.75,90.59,0.0,91.69,,2024.0,10
2024-10-15 04:00:00,6917,22.36,86.17,0.0,87.33,40.18,2024.0,10
2024-10-15 05:00:00,6918,22.02,84.1,0.0,85.27,30.02,2024.0,10
2024-10-15 06:00:00,6919,22.65,81.87,0.0,77.83,48.58,2024.0,10
2024-10-15 07:00:00,6920,26.0,69.83,0.0,61.59,55.69,2024.0,10
2024-10-15 08:00:00,6921,27.84,58.96,0.0,55.7,45.04,2024.0,10
2024-10-15 09:00:00,6922,28.69,52.07,0.0,53.87,40.33,2024.0,10
2024-10-15 10:00:00,6923,29.85,47.93,0.0,52.46,37.86,2024.0,10
2024-10-15 11:00:00,6924,30.88,42.03,0.0,49.17,34.14,2024.0,10
2024-10-15 12:00:00,6925,31.17,40.93,0.0,48.52,35.7,2024.0,10
2024-10-15 13:00:00,6926,32.26,36.24,0.0,43.97,32.9,2024.0,10
2024-10-15 14:00:00,6927,33.07,34.0,0.0,40.0,31.52,2024.0,10
2024-10-15 15:00:00,6928,31.33,37.41,0.0,46.33,35.41,2024.0,10
2024-10-15 16:00:00,6929,30.06,42.86,0.0,53.41,40.52,2024.0,10
2024-10-15 17:00:00,6930,28.13,51.0,0.0,61.23,42.9,2024.0,10
2024-10-15 18:00:00,6931,26.64,58.59,0.0,67.45,43.9,2024.0,10
2024-10-15 19:00:00,6932,25.42,62.23,0.0,69.81,44.62,2024.0,10
2024-10-15 20:00:00,6933,24.71,54.8,0.0,64.2,36.47,2024.0,10
2024-10-15 21:00:00,6934,24.38,47.5,0.0,58.37,28.4,2024.0,10
2024-10-15 22:00:00,6935,24.28,42.11,0.0,53.32,29.79,2024.0,10
2024-10-15 23:00:00,6936,24.19,40.15,0.0,51.85,30.73,2024.0,10
2024-10-16 00:00:00,6937,23.88,39.73,0.0,51.69,31.38,2024.0,10
2024-10-16 01:00:00,6938,24.01,36.72,0.0,48.56,17.88,2024.0,10
2024-10-16 02:00:00,6939,23.59,39.04,0.0,51.56,26.96,2024.0,10
2024-10-16 03:00:00,6940,23.13,40.17,0.0,52.59,29.34,2024.0,10
2024-10-16 04:00:00,6941,22.72,40.76,0.0,53.34,40.83,2024.0,10
2024-10-16 05:00:00,6942,22.09,43.5,0.0,56.71,50.86,2024.0,10
2024-10-16 06:00:00,6943,22.57,48.6,0.0,58.63,57.8,2024.0,10
2024-10-16 07:00:00,6944,24.43,44.76,0.0,51.66,,2024.0,10
2024-10-16 08:00:00,6945,27.43,34.96,0.0,40.88,58.46,2024.0,10
2024-10-16 09:00:00,6946,29.41,29.43,0.0,37.54,35.36,2024.0,10
2024-10-16 10:00:00,6947,30.94,27.4,0.0,36.47,33.1,2024.0,10
2024-10-16 11:00:00,6948,32.46,25.11,0.0,34.29,30.64,2024.0,10
2024-10-16 12:00:00,6949,33.29,23.96,0.0,33.04,27.48,2024.0,10
2024-10-16 13:00:00,6950,33.51,23.54,0.0,32.75,29.43,2024.0,10
2024-10-16 14:00:00,6951,33.51,26.81,0.0,35.07,37.85,2024.0,10
2024-10-16 15:00:00,6952,31.89,32.83,0.0,41.79,41.33,2024.0,10
2024-10-16 16:00:00,6953,31.33,38.68,0.0,49.86,33.68,2024.0,10
2024-10-16 17:00:00,6954,28.33,44.0,0.0,58.03,37.41,2024.0,10
2024-10-16 18:00:00,6955,25.77,51.52,0.0,64.9,38.45,2024.0,10
2024-10-16 19:00:00,6956,24.5,52.79,0.0,65.46,29.86,2024.0,10
2024-10-16 20:00:00,6957,23.58,50.96,0.0,63.04,32.42,2024.0,10
2024-10-16 21:00:00,6958,22.94,51.21,0.0,63.1,37.62,2024.0,10
2024-10-16 22:00:00,6959,22.56,50.33,0.0,62.63,30.47,2024.0,10
2024-10-16 23:00:00,6960,21.88,52.78,0.0,65.11,35.15,2024.0,10
2024-10-24 00:00:00,7129,23.36,84.93,22.79,85.72,25.83,2024.0,10
2024-10-24 01:00:00,7130,23.21,85.56,22.69,85.96,24.96,2024.0,10
2024-10-24 04:00:00,7133,21.96,90.68,21.32,91.93,42.66,2024.0,10
2024-10-24 05:00:00,7134,21.94,88.07,21.38,89.22,38.41,2024.0,10
2024-10-24 08:00:00,7137,27.81,65.04,32.19,57.36,52.84,2024.0,10
2024-10-24 09:00:00,7138,29.06,59.22,32.53,55.87,48.26,2024.0,10
2024-10-24 18:00:00,7147,23.26,84.12,21.76,97.0,30.55,2024.0,10
2024-10-25 01:00:00,7154,22.91,88.38,22.22,90.45,57.57,2024.0,10
2024-10-25 02:00:00,7155,22.66,89.54,21.96,91.64,47.86,2024.0,10
2024-10-25 03:00:00,7156,22.11,89.2,21.41,91.3,30.89,2024.0,10
2024-10-25 04:00:00,7157,21.97,88.14,21.34,89.86,25.44,2024.0,10
2024-10-25 05:00:00,7158,21.77,89.13,21.34,90.07,29.66,2024.0,10
2024-10-25 06:00:00,7159,22.75,87.72,24.56,81.62,39.97,2024.0,10
2024-10-25 07:00:00,7160,24.93,80.57,29.04,68.83,61.22,2024.0,10
2024-10-25 08:00:00,7161,27.24,70.43,31.65,60.93,,2024.0,10
2024-10-25 09:00:00,7162,29.74,57.42,32.9,54.83,61.04,2024.0,10
2024-10-26 02:00:00,7179,21.7,80.37,20.86,82.47,36.77,2024.0,10
2024-10-26 03:00:00,7180,21.02,81.79,20.07,84.14,37.89,2024.0,10
2024-10-26 04:00:00,7181,20.61,84.77,19.67,86.46,50.25,2024.0,10
2024-10-27 02:00:00,7203,22.58,85.43,22.04,86.71,26.18,2024.0,10
2024-10-27 03:00:00,7204,22.31,86.4,21.64,88.07,27.58,2024.0,10
2024-10-27 04:00:00,7205,22.07,89.17,21.51,90.55,43.57,2024.0,10
2024-10-27 05:00:00,7206,21.96,89.52,21.7,89.81,45.83,2024.0,10
2024-10-28 01:00:00,7226,22.55,90.08,21.89,91.73,61.15,2024.0,10
2024-10-28 02:00:00,7227,22.52,91.32,21.81,92.96,,2024.0,10
2024-10-28 03:00:00,7228,22.28,92.29,21.44,94.38,,2024.0,10
2024-10-28 05:00:00,7230,21.85,91.63,21.23,93.07,54.52,2024.0,10
2024-10-29 16:00:00,7265,32.08,41.14,33.88,49.76,40.59,2024.0,10
2024-10-29 17:00:00,7266,30.69,48.0,31.35,58.3,51.85,2024.0,10
2024-10-29 18:00:00,7267,29.09,53.93,29.46,63.78,46.67,2024.0,10
2024-10-29 19:00:00,7268,27.74,58.37,28.03,67.0,46.07,2024.0,10
2024-10-29 20:00:00,7269,26.76,62.1,26.98,69.21,56.45,2024.0,10
2024-10-29 21:00:00,7270,25.8,68.31,26.0,72.03,44.38,2024.0,10
2024-10-29 22:00:00,7271,24.81,71.48,25.09,74.03,41.24,2024.0,10
2024-10-29 23:00:00,7272,23.78,75.0,24.07,76.13,40.67,2024.0,10
2024-10-30 00:00:00,7273,23.56,76.38,23.77,77.04,38.08,2024.0,10
2024-10-30 01:00:00,7274,23.13,79.0,23.21,78.59,45.92,2024.0,10
2024-10-30 02:00:00,7275,22.38,79.86,22.38,79.55,45.15,2024.0,10
2024-10-30 03:00:00,7276,21.68,80.37,21.65,80.27,46.16,2024.0,10
2024-10-30 04:00:00,7277,21.43,80.47,21.51,79.63,58.93,2024.0,10
2024-10-30 05:00:00,7278,21.17,81.17,21.79,78.93,,2024.0,10
2024-10-30 06:00:00,7279,22.92,75.63,26.26,67.87,,2024.0,10
2024-10-30 07:00:00,7280,26.17,64.0,31.01,59.13,,2024.0,10
2024-10-30 08:00:00,7281,28.15,56.78,31.71,57.3,43.22,2024.0,10
2024-10-30 09:00:00,7282,30.36,50.41,32.81,54.7,43.93,2024.0,10
2024-10-30 10:00:00,7283,30.91,46.6,32.49,53.57,38.27,2024.0,10
2024-10-30 11:00:00,7284,31.6,44.07,33.2,51.68,35.18,2024.0,10
2024-10-30 12:00:00,7285,32.63,37.41,34.08,46.07,31.14,2024.0,10
2024-10-31 01:00:00,7298,22.79,80.32,23.13,79.0,35.44,2024.0,10
2024-10-31 02:00:00,7299,22.65,80.69,22.78,79.9,34.12,2024.0,10
2024-10-31 03:00:00,7300,22.27,83.27,22.44,82.17,53.31,2024.0,10
2024-10-31 04:00:00,7301,22.3,82.57,22.44,81.47,45.38,2024.0,10
2024-10-31 05:00:00,7302,22.12,84.66,22.33,83.24,59.84,2024.0,10
2024-10-31 06:00:00,7303,22.38,84.0,24.41,76.83,,2024.0,10
2024-10-31 07:00:00,7304,25.73,71.23,30.56,62.57,,2024.0,10
2024-10-31 08:00:00,7305,28.43,59.6,33.28,56.43,61.37,2024.0,10
2024-10-31 09:00:00,7306,31.16,50.45,34.29,53.14,42.55,2024.0,10
2024-10-31 10:00:00,7307,32.09,48.33,34.28,53.8,46.37,2024.0,10
2024-10-31 11:00:00,7308,32.67,45.67,34.9,51.9,38.9,2024.0,10
2024-10-31 12:00:00,7309,32.65,45.73,34.76,52.17,37.0,2024.0,10
2024-10-31 22:00:00,7319,24.05,82.31,24.28,81.86,,2024.0,10
2024-10-31 23:00:00,7320,23.58,85.97,23.76,84.87,,2024.0,10
2024-11-01 01:00:00,7322,22.57,92.45,22.67,90.86,92.74,2024.0,11
2024-11-01 02:00:00,7323,22.57,91.04,22.83,88.52,71.57,2024.0,11
2024-11-01 03:00:00,7324,22.59,91.66,22.66,89.93,90.94,2024.0,11
2024-11-01 04:00:00,7325,22.25,91.83,22.48,89.6,86.47,2024.0,11
2024-11-01 05:00:00,7326,22.11,91.93,22.31,89.8,87.66,2024.0,11
2024-11-01 06:00:00,7327,22.75,90.13,23.61,85.5,89.91,2024.0,11
2024-11-01 07:00:00,7328,24.06,84.44,26.02,78.0,93.55,2024.0,11
2024-11-01 08:00:00,7329,25.41,79.77,28.87,69.63,,2024.0,11
2024-11-01 09:00:00,7330,29.18,64.38,32.7,58.69,79.9,2024.0,11
2024-11-01 10:00:00,7331,31.58,54.36,33.74,55.0,51.79,2024.0,11
2024-11-01 11:00:00,7332,31.82,52.24,34.03,55.83,41.76,2024.0,11
2024-11-01 12:00:00,7333,29.11,61.8,30.43,65.1,53.85,2024.0,11
2024-11-02 01:00:00,7346,22.67,91.83,22.77,90.1,77.09,2024.0,11
2024-11-02 02:00:00,7347,22.5,92.21,22.56,90.62,69.82,2024.0,11
2024-11-02 03:00:00,7348,22.31,93.52,22.33,91.62,69.75,2024.0,11
2024-11-02 04:00:00,7349,21.95,93.31,22.03,91.38,70.47,2024.0,11
2024-11-02 05:00:00,7350,21.72,93.88,21.84,91.96,72.95,2024.0,11
2024-11-02 06:00:00,7351,22.75,90.7,26.47,77.8,80.51,2024.0,11
2024-11-02 07:00:00,7352,26.1,79.37,30.89,65.67,98.81,2024.0,11
2024-11-02 08:00:00,7353,28.72,66.37,33.53,57.23,66.13,2024.0,11
2024-11-02 09:00:00,7354,30.17,58.65,33.12,56.23,45.71,2024.0,11
2024-11-02 10:00:00,7355,31.7,51.24,33.24,53.93,30.66,2024.0,11
2024-11-02 11:00:00,7356,31.94,50.97,33.62,54.77,35.1,2024.0,11
2024-11-02 12:00:00,7357,28.92,59.0,30.81,59.9,40.93,2024.0,11
2024-11-03 01:00:00,7370,22.15,95.29,21.93,97.0,65.35,2024.0,11
2024-11-03 02:00:00,7371,21.94,96.0,21.81,97.0,54.27,2024.0,11
2024-11-03 03:00:00,7372,21.86,95.38,21.82,96.59,40.73,2024.0,11
2024-11-03 04:00:00,7373,21.78,94.2,21.66,96.03,35.42,2024.0,11
2024-11-03 05:00:00,7374,21.43,95.13,21.61,94.73,38.86,2024.0,11
2024-11-03 06:00:00,7375,22.4,92.0,24.35,84.67,39.4,2024.0,11
2024-11-03 07:00:00,7376,24.45,85.17,28.76,71.7,49.58,2024.0,11
2024-11-03 08:00:00,7377,26.96,75.79,31.7,63.66,61.53,2024.0,11
2024-11-03 09:00:00,7378,29.39,64.77,33.25,58.3,43.97,2024.0,11
2024-11-03 10:00:00,7379,30.84,57.64,33.41,56.36,39.14,2024.0,11
2024-11-03 11:00:00,7380,31.67,54.48,33.51,56.24,42.69,2024.0,11
2024-11-03 12:00:00,7381,27.38,68.93,28.08,71.4,50.09,2024.0,11
2024-11-03 15:00:00,7384,23.58,87.07,23.63,93.25,30.84,2024.0,11
2024-11-03 16:00:00,7385,23.6,86.46,24.18,85.89,30.8,2024.0,11
2024-11-03 17:00:00,7386,22.18,92.46,22.49,91.5,24.82,2024.0,11
2024-11-03 18:00:00,7387,21.85,94.71,21.5,95.79,20.18,2024.0,11
2024-11-03 19:00:00,7388,21.42,96.27,21.28,96.17,14.32,2024.0,11
2024-11-03 20:00:00,7389,21.57,96.39,21.36,96.96,16.25,2024.0,11
2024-11-03 21:00:00,7390,21.76,96.79,21.56,97.0,26.63,2024.0,11
2024-11-03 22:00:00,7391,21.76,96.0,21.5,96.6,21.71,2024.0,11
2024-11-03 23:00:00,7392,21.75,95.43,21.41,96.43,23.74,2024.0,11
2024-11-04 00:00:00,7393,21.81,96.1,21.5,96.9,27.91,2024.0,11
2024-11-04 01:00:00,7394,21.54,96.7,21.36,97.0,32.49,2024.0,11
2024-11-04 02:00:00,7395,21.5,96.8,21.38,97.0,40.96,2024.0,11
2024-11-04 03:00:00,7396,21.42,97.07,21.3,97.0,39.86,2024.0,11
2024-11-04 04:00:00,7397,21.39,97.39,21.34,97.0,40.61,2024.0,11
2024-11-04 05:00:00,7398,21.44,97.93,21.45,97.0,44.47,2024.0,11
2024-11-04 06:00:00,7399,22.05,96.2,22.37,96.17,40.36,2024.0,11
2024-11-04 07:00:00,7400,23.02,93.0,23.81,94.63,45.09,2024.0,11
2024-11-04 08:00:00,7401,23.97,87.59,26.06,81.41,61.25,2024.0,11
2024-11-04 09:00:00,7402,27.17,74.33,31.34,63.97,64.89,2024.0,11
2024-11-04 10:00:00,7403,30.19,59.29,32.75,57.18,40.04,2024.0,11
2024-11-04 11:00:00,7404,27.96,65.73,29.09,66.13,42.7,2024.0,11
2024-11-04 12:00:00,7405,26.74,71.62,28.33,69.55,47.28,2024.0,11
2024-11-04 13:00:00,7406,26.44,73.21,27.23,73.71,41.62,2024.0,11
2024-11-05 01:00:00,7418,22.39,94.87,22.18,97.0,76.4,2024.0,11
2024-11-05 02:00:00,7419,22.22,96.83,22.17,97.0,95.23,2024.0,11
2024-11-05 03:00:00,7420,22.19,97.73,22.16,97.0,80.85,2024.0,11
2024-11-05 04:00:00,7421,21.95,98.1,21.97,96.93,67.36,2024.0,11
2024-11-05 05:00:00,7422,21.82,96.4,22.13,95.73,55.5,2024.0,11
2024-11-05 06:00:00,7423,22.46,94.84,26.33,81.74,66.59,2024.0,11
2024-11-05 07:00:00,7424,24.54,85.86,30.31,68.07,68.25,2024.0,11
2024-11-05 08:00:00,7425,27.89,69.17,32.44,58.9,37.7,2024.0,11
2024-11-05 09:00:00,7426,29.33,60.7,32.37,57.27,20.0,2024.0,11
2024-11-05 10:00:00,7427,30.71,56.69,32.41,57.38,27.1,2024.0,11
2024-11-05 12:00:00,7429,22.44,94.17,22.24,97.0,62.06,2024.0,11
2024-11-05 23:00:00,7440,21.72,98.24,21.69,97.0,32.34,2024.0,11
2024-11-06 00:00:00,7441,21.92,98.0,21.87,97.0,47.84,2024.0,11
2024-11-06 01:00:00,7442,21.96,97.59,22.03,96.74,49.46,2024.0,11
2024-11-06 02:00:00,7443,21.93,97.86,21.98,96.72,38.98,2024.0,11
2024-11-06 03:00:00,7444,22.01,97.21,22.06,96.21,36.43,2024.0,11
2024-11-06 04:00:00,7445,22.18,97.0,22.25,95.18,38.96,2024.0,11
2024-11-06 05:00:00,7446,22.02,96.71,22.35,93.75,35.13,2024.0,11
2024-11-06 06:00:00,7447,22.51,92.1,23.65,86.62,30.01,2024.0,11
2024-11-06 07:00:00,7448,24.1,83.93,27.03,74.26,23.92,2024.0,11
2024-11-06 08:00:00,7449,25.7,78.33,28.29,70.73,32.29,2024.0,11
2024-11-06 09:00:00,7450,26.63,67.76,28.75,64.28,28.55,2024.0,11
2024-11-06 10:00:00,7451,27.6,63.3,29.75,61.17,28.17,2024.0,11
2024-11-06 11:00:00,7452,26.7,56.93,27.51,54.15,,2024.0,11
2024-11-06 12:00:00,7453,27.55,58.91,29.73,58.43,25.52,2024.0,11
2024-11-06 13:00:00,7454,28.09,58.5,30.25,58.43,29.54,2024.0,11
2024-11-06 14:00:00,7455,28.5,53.9,30.28,55.43,25.43,2024.0,11
2024-11-06 15:00:00,7456,27.91,57.33,29.47,59.73,28.0,2024.0,11
2024-11-06 16:00:00,7457,27.27,59.64,28.4,63.54,26.61,2024.0,11
2024-11-06 17:00:00,7458,26.2,64.67,26.69,68.17,29.5,2024.0,11
2024-11-06 18:00:00,7459,25.33,69.07,25.71,71.28,33.14,2024.0,11
2024-11-06 19:00:00,7460,24.64,73.4,25.03,74.43,36.4,2024.0,11
2024-11-06 20:00:00,7461,24.23,75.1,24.55,76.0,33.66,2024.0,11
2024-11-06 21:00:00,7462,23.74,78.4,24.09,78.07,38.52,2024.0,11
2024-11-06 22:00:00,7463,23.18,81.83,23.32,80.83,51.94,2024.0,11
2024-11-06 23:00:00,7464,22.65,83.27,22.9,81.77,51.57,2024.0,11
2024-11-07 00:00:00,7465,22.02,86.17,22.04,85.4,72.05,2024.0,11
2024-11-07 01:00:00,7466,21.56,86.43,21.75,84.93,60.19,2024.0,11
2024-11-07 02:00:00,7467,21.82,85.34,22.02,83.76,66.54,2024.0,11
2024-11-07 03:00:00,7468,21.51,86.77,21.71,85.03,68.88,2024.0,11
2024-11-07 04:00:00,7469,21.59,86.48,21.76,84.97,64.41,2024.0,11
2024-11-07 05:00:00,7470,21.46,88.04,21.85,85.75,64.49,2024.0,11
2024-11-07 06:00:00,7471,22.97,82.57,25.81,73.47,73.19,2024.0,11
2024-11-07 07:00:00,7472,24.98,73.6,29.55,63.1,88.37,2024.0,11
2024-11-07 08:00:00,7473,26.69,66.13,31.75,58.63,61.57,2024.0,11
2024-11-07 09:00:00,7474,29.56,57.33,32.71,57.53,47.1,2024.0,11
2024-11-12 10:00:00,7595,28.23,66.38,29.9,67.97,20.52,2024.0,11
2024-11-12 11:00:00,7596,27.91,69.41,29.43,71.52,42.69,2024.0,11
2024-11-12 12:00:00,7597,25.62,78.69,25.38,85.34,42.96,2024.0,11
2024-11-12 13:00:00,7598,24.18,84.04,23.7,92.68,25.19,2024.0,11
2024-11-12 14:00:00,7599,24.84,84.22,25.64,86.41,26.43,2024.0,11
2024-11-12 17:00:00,7602,24.68,84.14,24.99,84.21,26.78,2024.0,11
2024-11-12 18:00:00,7603,23.64,92.61,23.83,91.68,40.58,2024.0,11
2024-11-12 19:00:00,7604,23.06,96.0,23.36,93.32,46.59,2024.0,11
2024-11-12 20:00:00,7605,23.01,96.43,23.26,93.9,60.3,2024.0,11
2024-11-12 21:00:00,7606,22.8,97.1,22.89,94.9,60.79,2024.0,11
2024-11-12 22:00:00,7607,22.49,97.03,22.64,94.93,68.18,2024.0,11
2024-11-12 23:00:00,7608,22.48,97.9,22.71,94.93,63.2,2024.0,11
2024-11-13 00:00:00,7609,22.51,97.43,22.73,94.37,71.73,2024.0,11
2024-11-13 01:00:00,7610,22.01,94.79,22.31,91.83,54.69,2024.0,11
2024-11-13 02:00:00,7611,21.9,93.28,22.29,90.28,46.99,2024.0,11
2024-11-13 03:00:00,7612,21.71,97.0,21.74,95.07,71.53,2024.0,11
2024-11-13 04:00:00,7613,21.41,97.1,21.62,94.27,52.93,2024.0,11
2024-11-13 05:00:00,7614,21.28,97.37,21.5,94.9,56.24,2024.0,11
2024-11-13 06:00:00,7615,22.08,95.76,24.86,84.79,72.57,2024.0,11
2024-11-13 07:00:00,7616,24.3,87.63,30.34,70.43,78.31,2024.0,11
2024-11-13 08:00:00,7617,27.86,71.1,32.77,62.8,66.67,2024.0,11
2024-11-13 09:00:00,7618,29.5,60.6,32.71,59.97,42.9,2024.0,11
2024-11-13 10:00:00,7619,30.6,57.45,32.61,60.41,39.93,2024.0,11
2024-11-13 11:00:00,7620,30.51,55.38,32.38,59.55,37.55,2024.0,11
2024-11-13 12:00:00,7621,30.85,51.57,32.98,56.27,34.53,2024.0,11
2024-11-13 13:00:00,7622,31.6,48.8,33.73,54.1,36.03,2024.0,11
2024-11-13 14:00:00,7623,30.37,55.1,31.94,60.93,42.3,2024.0,11
2024-11-13 15:00:00,7624,29.47,54.97,31.13,60.93,39.97,2024.0,11
2024-11-13 16:00:00,7625,28.5,60.07,30.03,64.34,42.28,2024.0,11
2024-11-13 17:00:00,7626,26.92,72.24,27.45,74.76,49.52,2024.0,11
2024-11-13 18:00:00,7627,25.82,75.31,26.34,76.24,46.55,2024.0,11
2024-11-13 19:00:00,7628,25.33,82.27,25.59,82.83,47.9,2024.0,11
2024-11-13 20:00:00,7629,24.56,87.55,24.88,87.48,54.69,2024.0,11
2024-11-13 21:00:00,7630,24.35,88.93,24.68,88.37,60.64,2024.0,11
2024-11-13 22:00:00,7631,24.18,90.4,24.42,89.97,65.99,2024.0,11
2024-11-13 23:00:00,7632,23.73,92.4,24.0,91.13,65.86,2024.0,11
2024-11-14 00:00:00,7633,23.44,91.17,23.73,88.57,52.42,2024.0,11
2024-11-14 01:00:00,7634,23.34,89.86,23.63,87.62,55.61,2024.0,11
2024-11-14 02:00:00,7635,22.99,91.5,23.23,89.3,58.96,2024.0,11
2024-11-14 03:00:00,7636,22.63,91.37,22.78,89.67,54.6,2024.0,11
2024-11-14 04:00:00,7637,22.24,92.83,22.44,90.97,60.1,2024.0,11
2024-11-14 05:00:00,7638,22.19,92.57,22.61,89.7,54.16,2024.0,11
2024-11-14 06:00:00,7639,22.58,91.0,23.81,85.62,66.1,2024.0,11
2024-11-14 07:00:00,7640,23.77,87.48,25.86,80.45,83.84,2024.0,11
2024-11-14 08:00:00,7641,25.81,80.13,27.9,74.2,84.82,2024.0,11
2024-11-14 09:00:00,7642,28.0,69.93,31.09,65.7,70.53,2024.0,11
2024-11-14 10:00:00,7643,29.47,62.1,31.95,62.76,58.24,2024.0,11
2024-11-14 11:00:00,7644,29.97,59.17,32.51,61.3,56.77,2024.0,11
2024-11-14 12:00:00,7645,29.98,58.0,32.29,61.13,58.17,2024.0,11
2024-11-14 13:00:00,7646,30.7,50.13,32.38,56.2,43.9,2024.0,11
2024-11-14 14:00:00,7647,30.01,49.93,32.09,56.03,43.47,2024.0,11
2024-11-14 15:00:00,7648,30.78,47.93,32.89,54.1,41.93,2024.0,11
2024-11-14 16:00:00,7649,27.6,44.93,29.08,51.9,31.37,2024.0,11
2024-11-14 17:00:00,7650,28.02,53.1,28.54,62.03,38.97,2024.0,11
2024-11-14 18:00:00,7651,27.32,54.82,27.77,63.89,43.43,2024.0,11
2024-11-14 19:00:00,7652,26.45,59.83,26.81,68.31,46.93,2024.0,11
2024-11-14 20:00:00,7653,26.05,61.48,26.53,68.76,45.79,2024.0,11
2024-11-14 21:00:00,7654,25.06,67.18,25.34,72.14,54.96,2024.0,11
2024-11-14 22:00:00,7655,24.45,72.37,24.63,75.4,68.63,2024.0,11
2024-11-14 23:00:00,7656,23.97,75.93,24.18,77.7,69.09,2024.0,11
2024-11-15 00:00:00,7657,23.22,82.5,23.39,82.23,73.61,2024.0,11
2024-11-15 01:00:00,7658,23.03,84.0,23.19,83.53,68.25,2024.0,11
2024-11-15 02:00:00,7659,22.56,85.67,22.68,85.13,77.97,2024.0,11
2024-11-15 03:00:00,7660,21.83,85.64,22.0,84.71,67.07,2024.0,11
2024-11-15 04:00:00,7661,22.04,85.17,22.44,83.37,61.66,2024.0,11
2024-11-15 05:00:00,7662,22.02,86.47,22.28,85.1,63.58,2024.0,11
2024-11-15 06:00:00,7663,22.62,83.63,24.53,77.57,73.25,2024.0,11
2024-11-15 07:00:00,7664,25.75,73.97,29.72,65.93,,2024.0,11
2024-11-15 08:00:00,7665,28.08,65.1,32.2,61.41,98.43,2024.0,11
2024-11-15 09:00:00,7666,30.67,55.1,34.16,56.2,67.27,2024.0,11
2024-11-15 10:00:00,7667,31.5,51.93,34.05,55.8,56.17,2024.0,11
2024-11-15 11:00:00,7668,31.68,52.8,34.22,57.03,62.97,2024.0,11
2024-11-15 12:00:00,7669,31.93,50.97,34.2,56.33,63.13,2024.0,11
2024-11-15 13:00:00,7670,29.09,62.57,30.08,67.43,70.27,2024.0,11
2024-11-15 14:00:00,7671,27.16,70.1,29.14,70.77,71.9,2024.0,11
2024-11-15 15:00:00,7672,26.91,70.8,28.49,71.87,67.37,2024.0,11
2024-11-15 16:00:00,7673,26.73,73.28,27.72,74.31,78.31,2024.0,11
2024-11-15 17:00:00,7674,25.85,77.03,26.45,76.77,79.97,2024.0,11
2024-11-15 18:00:00,7675,25.48,77.2,25.98,77.0,86.03,2024.0,11
2024-11-15 19:00:00,7676,25.17,78.63,25.69,77.83,90.57,2024.0,11
2024-11-15 20:00:00,7677,24.92,79.37,25.36,78.78,71.55,2024.0,11
2024-11-15 21:00:00,7678,24.53,82.1,24.94,81.55,66.56,2024.0,11
2024-11-15 22:00:00,7679,24.29,82.9,24.75,81.9,67.46,2024.0,11
2024-11-15 23:00:00,7680,24.23,82.6,24.52,82.23,63.14,2024.0,11
2024-11-16 00:00:00,7681,23.93,84.93,24.12,84.86,85.14,2024.0,11
2024-11-16 01:00:00,7682,23.55,88.53,23.77,87.17,99.49,2024.0,11
2024-11-16 02:00:00,7683,23.59,88.53,23.94,86.83,88.8,2024.0,11
2024-11-16 03:00:00,7684,23.54,89.23,23.75,87.7,98.24,2024.0,11
2024-11-16 04:00:00,7685,23.25,91.87,23.49,89.48,102.36,2024.0,11
2024-11-16 05:00:00,7686,23.17,92.04,23.62,89.0,94.58,2024.0,11
2024-11-16 06:00:00,7687,23.93,89.0,25.41,83.77,102.93,2024.0,11
2024-11-16 07:00:00,7688,25.09,84.83,26.93,78.9,104.1,2024.0,11
2024-11-16 08:00:00,7689,26.85,77.07,29.66,70.63,,2024.0,11
2024-11-16 09:00:00,7690,28.14,72.5,31.2,67.0,,2024.0,11
2024-11-16 10:00:00,7691,30.1,62.9,33.49,61.2,80.5,2024.0,11
2024-11-16 11:00:00,7692,31.44,56.6,34.29,58.47,55.7,2024.0,11
2024-11-20 15:00:00,7792,24.74,89.1,24.12,96.07,22.65,2024.0,11
2024-11-20 16:00:00,7793,24.37,88.41,23.89,94.89,28.83,2024.0,11
2024-11-20 19:00:00,7796,22.32,96.33,22.21,96.96,19.6,2024.0,11
2024-11-20 20:00:00,7797,21.84,97.41,21.7,97.9,17.88,2024.0,11
2024-11-20 21:00:00,7798,,97.09,21.85,98.0,17.1,2024.0,11
2024-11-20 23:00:00,7800,22.3,96.93,22.06,98.0,37.52,2024.0,11
2024-11-21 00:00:00,7801,22.27,97.71,22.14,97.86,57.0,2024.0,11
2024-11-21 01:00:00,7802,22.37,97.97,22.29,97.8,35.78,2024.0,11
2024-11-21 02:00:00,7803,22.31,97.45,22.18,97.79,35.9,2024.0,11
2024-11-21 03:00:00,7804,22.28,98.0,22.16,98.0,36.74,2024.0,11
2024-11-21 04:00:00,7805,22.16,98.0,22.03,98.0,33.41,2024.0,11
2024-11-21 05:00:00,7806,22.01,97.76,21.99,97.76,30.61,2024.0,11
2024-11-21 06:00:00,7807,22.8,97.6,23.73,96.13,48.2,2024.0,11
2024-11-21 07:00:00,7808,24.74,88.62,26.42,93.28,40.27,2024.0,11
2024-11-21 08:00:00,7809,27.34,78.75,29.24,89.82,50.3,2024.0,11
2024-11-21 11:00:00,7812,31.91,55.78,34.12,58.43,25.74,2024.0,11
2024-11-21 12:00:00,7813,26.62,78.0,27.59,77.43,40.43,2024.0,11
2024-11-21 13:00:00,7814,25.64,84.31,26.95,81.55,30.2,2024.0,11
2024-11-21 14:00:00,7815,24.35,89.36,25.11,88.32,34.48,2024.0,11
2024-11-21 15:00:00,7816,24.02,88.8,23.63,92.4,30.95,2024.0,11
2024-11-21 16:00:00,7817,23.0,94.89,22.55,96.92,18.93,2024.0,11
2024-11-21 17:00:00,7818,23.28,94.61,22.72,97.0,20.44,2024.0,11
2024-11-22 01:00:00,7826,22.34,99.0,22.34,98.0,47.37,2024.0,11
2024-11-22 02:00:00,7827,22.3,98.62,22.32,97.79,45.91,2024.0,11
2024-11-22 03:00:00,7828,22.36,98.33,22.35,98.0,47.66,2024.0,11
2024-11-22 04:00:00,7829,22.26,98.0,22.27,98.0,44.04,2024.0,11
2024-11-22 05:00:00,7830,22.23,97.7,22.27,97.97,44.24,2024.0,11
2024-11-22 06:00:00,7831,22.29,97.81,22.68,97.22,57.74,2024.0,11
2024-11-22 07:00:00,7832,23.84,91.31,25.31,93.34,50.02,2024.0,11
2024-11-22 08:00:00,7833,25.73,83.41,28.75,75.07,48.36,2024.0,11
2024-11-22 09:00:00,7834,28.75,72.25,33.06,64.67,58.92,2024.0,11
2024-11-22 10:00:00,7835,31.35,59.32,33.84,59.75,36.39,2024.0,11
2024-11-22 11:00:00,7836,31.68,56.65,33.87,59.48,30.48,2024.0,11
2024-11-22 12:00:00,7837,32.28,54.68,34.82,58.44,35.48,2024.0,11
2024-11-22 13:00:00,7838,32.41,54.15,34.33,59.04,33.38,2024.0,11
2024-11-22 14:00:00,7839,27.53,72.13,29.0,72.63,46.03,2024.0,11
2024-11-22 15:00:00,7840,25.12,83.17,25.69,82.87,29.39,2024.0,11
2024-11-22 16:00:00,7841,22.89,91.19,22.16,96.48,22.33,2024.0,11
2024-11-22 17:00:00,7842,22.56,95.42,22.39,97.0,31.02,2024.0,11
2024-11-22 18:00:00,7843,22.82,94.16,22.52,96.72,30.34,2024.0,11
2024-11-22 20:00:00,7845,21.83,97.44,21.75,97.96,8.34,2024.0,11
2024-11-22 22:00:00,7847,22.28,97.0,22.1,98.0,29.28,2024.0,11
2024-11-22 23:00:00,7848,22.32,97.3,22.15,98.0,43.91,2024.0,11
2024-11-23 00:00:00,7849,22.14,98.66,22.08,98.0,53.28,2024.0,11
2024-11-23 01:00:00,7850,22.27,99.0,22.21,98.0,53.11,2024.0,11
2024-11-23 02:00:00,7851,22.3,99.0,22.25,98.0,42.49,2024.0,11
2024-11-23 03:00:00,7852,22.14,99.0,22.12,98.0,33.54,2024.0,11
2024-11-23 04:00:00,7853,22.03,98.1,21.91,98.0,39.02,2024.0,11
2024-11-23 05:00:00,7854,21.77,98.86,21.85,97.86,42.43,2024.0,11
2024-11-23 10:00:00,7859,31.22,58.86,33.89,60.07,29.18,2024.0,11
2024-11-23 11:00:00,7860,32.25,53.79,34.58,57.48,24.31,2024.0,11
2024-11-23 12:00:00,7861,30.74,59.52,32.63,62.52,32.22,2024.0,11
2024-11-23 13:00:00,7862,27.1,71.57,28.86,70.57,42.13,2024.0,11
2024-11-23 14:00:00,7863,27.39,70.9,29.16,70.24,38.34,2024.0,11
2024-11-23 15:00:00,7864,27.01,74.82,27.27,78.61,34.96,2024.0,11
2024-11-23 17:00:00,7866,24.53,88.37,24.89,88.19,31.24,2024.0,11
2024-11-23 18:00:00,7867,24.26,91.04,24.58,90.29,29.72,2024.0,11
2024-11-23 19:00:00,7868,24.02,91.9,24.32,91.1,30.06,2024.0,11
2024-11-23 21:00:00,7870,23.59,93.38,24.01,90.67,38.5,2024.0,11
2024-11-23 23:00:00,7872,23.33,92.14,23.67,90.79,42.34,2024.0,11
2024-11-24 00:00:00,7873,23.32,95.28,23.51,92.79,42.33,2024.0,11
2024-11-24 01:00:00,7874,23.21,96.57,23.45,93.7,44.2,2024.0,11
2024-11-24 02:00:00,7875,22.7,96.41,22.86,93.62,47.59,2024.0,11
2024-11-24 03:00:00,7876,22.45,95.37,22.68,92.57,37.54,2024.0,11
2024-11-24 04:00:00,7877,22.61,96.33,22.88,93.6,50.36,2024.0,11
2024-11-24 05:00:00,7878,22.82,96.23,23.3,92.47,45.29,2024.0,11
2024-11-24 06:00:00,7879,23.32,94.18,24.65,88.11,53.55,2024.0,11
2024-11-24 07:00:00,7880,25.11,88.07,28.45,77.72,58.06,2024.0,11
2024-11-24 08:00:00,7881,27.34,78.86,31.47,68.46,58.29,2024.0,11
2024-11-24 09:00:00,7882,29.87,67.52,34.7,61.11,45.07,2024.0,11
2024-11-24 10:00:00,7883,31.66,58.04,35.14,57.8,30.84,2024.0,11
2024-11-24 11:00:00,7884,29.4,62.38,30.49,65.38,36.9,2024.0,11
2024-11-24 16:00:00,7889,,91.65,22.64,93.0,23.07,2024.0,11
2024-11-24 23:00:00,7896,22.49,98.08,22.36,98.0,38.94,2024.0,11
2024-11-25 00:00:00,7897,22.2,98.93,22.13,98.0,55.01,2024.0,11
2024-11-25 01:00:00,7898,22.09,99.0,22.08,98.0,69.3,2024.0,11
2024-11-25 02:00:00,7899,21.99,99.0,21.98,98.0,64.37,2024.0,11
2024-11-25 03:00:00,7900,21.9,99.0,21.94,98.0,72.36,2024.0,11
2024-11-25 05:00:00,7902,21.9,99.0,21.93,98.0,57.2,2024.0,11
2024-11-25 06:00:00,7903,22.4,98.0,22.53,97.29,55.92,2024.0,11
2024-11-25 07:00:00,7904,23.36,93.96,24.19,95.56,48.09,2024.0,11
2024-11-25 08:00:00,7905,26.29,82.12,29.36,89.44,48.69,2024.0,11
2024-11-25 09:00:00,7906,29.32,67.63,33.71,64.04,48.89,2024.0,11
2024-11-25 10:00:00,7907,30.98,58.96,34.03,59.18,32.79,2024.0,11
2024-11-25 11:00:00,7908,31.75,53.77,35.12,55.19,22.77,2024.0,11
2024-11-26 00:00:00,7921,22.93,96.26,22.91,96.07,28.26,2024.0,11
2024-11-26 01:00:00,7922,23.0,97.77,23.02,97.0,31.58,2024.0,11
2024-11-26 02:00:00,7923,22.94,97.67,23.02,96.23,30.31,2024.0,11
2024-11-26 03:00:00,7924,22.99,98.03,23.19,95.2,33.12,2024.0,11
2024-11-26 04:00:00,7925,22.93,98.63,23.23,95.0,36.76,2024.0,11
2024-11-26 05:00:00,7926,22.93,98.6,23.23,94.9,35.69,2024.0,11
2024-11-26 06:00:00,7927,23.6,96.3,25.91,87.03,43.48,2024.0,11
2024-11-26 07:00:00,7928,26.44,83.57,30.89,71.0,35.76,2024.0,11
2024-11-26 08:00:00,7929,,77.48,32.65,66.35,46.73,2024.0,11
2024-11-26 10:00:00,7931,32.75,54.08,34.75,57.33,19.67,2024.0,11
2024-11-26 13:00:00,7934,26.53,78.42,27.36,78.77,30.96,2024.0,11
2024-11-26 14:00:00,7935,23.95,88.5,23.54,93.88,17.7,2024.0,11
2024-11-27 00:00:00,7945,23.65,93.36,23.79,91.84,50.6,2024.0,11
2024-11-27 01:00:00,7946,23.2,92.5,23.49,89.79,42.71,2024.0,11
2024-11-27 02:00:00,7947,22.94,94.31,23.13,91.79,48.68,2024.0,11
2024-11-27 03:00:00,7948,22.66,95.97,22.9,93.3,57.93,2024.0,11
2024-11-27 04:00:00,7949,22.34,98.17,22.59,94.83,48.64,2024.0,11
2024-11-27 05:00:00,7950,22.45,95.93,22.95,91.9,34.62,2024.0,11
2024-11-27 06:00:00,7951,23.73,91.69,26.51,81.81,33.91,2024.0,11
2024-11-27 07:00:00,7952,25.88,84.23,30.05,72.07,40.83,2024.0,11
2024-11-27 09:00:00,7954,29.32,69.23,33.21,63.08,40.65,2024.0,11
2024-11-27 17:00:00,7962,22.33,97.57,22.23,97.0,25.02,2024.0,11
2024-11-27 18:00:00,7963,22.64,97.24,22.47,94.42,32.51,2024.0,11
2024-11-28 00:00:00,7969,22.32,98.88,22.38,98.0,34.17,2024.0,11
2024-11-28 01:00:00,7970,22.31,99.0,22.34,98.0,56.26,2024.0,11
2024-11-28 02:00:00,7971,22.05,99.0,22.15,98.0,46.52,2024.0,11
2024-11-28 03:00:00,7972,22.0,99.0,22.15,98.0,40.58,2024.0,11
2024-11-28 04:00:00,7973,22.1,99.0,22.22,98.0,44.48,2024.0,11
2024-11-28 05:00:00,7974,22.18,99.0,22.33,98.0,49.27,2024.0,11
2024-11-28 06:00:00,7975,22.3,99.0,23.17,96.92,54.78,2024.0,11
2024-11-28 07:00:00,7976,24.44,91.26,28.09,85.96,47.51,2024.0,11
2024-11-28 09:00:00,7978,28.44,72.58,31.71,65.75,56.83,2024.0,11
2024-11-28 10:00:00,7979,28.77,67.35,31.07,,39.39,2024.0,11
2024-11-28 11:00:00,7980,28.22,70.37,29.38,69.33,16.65,2024.0,11
2024-12-11 13:00:00,8294,28.87,61.75,30.04,66.07,13.57,2024.0,12
2024-12-11 14:00:00,8295,29.6,64.07,28.61,68.73,11.27,2024.0,12
2024-12-11 16:00:00,8297,27.41,58.89,27.64,66.93,7.3,2024.0,12
2024-12-11 17:00:00,8298,26.74,60.25,26.64,70.54,13.54,2024.0,12
2024-12-11 18:00:00,8299,26.03,69.65,25.73,74.84,35.69,2024.0,12
2024-12-11 19:00:00,8300,25.53,73.04,27.21,71.66,35.0,2024.0,12
2024-12-11 20:00:00,8301,26.96,73.74,26.76,77.17,35.46,2024.0,12
2024-12-11 21:00:00,8302,24.7,79.92,24.36,82.04,28.58,2024.0,12
2024-12-11 22:00:00,8303,24.95,79.77,25.6,79.69,37.38,2024.0,12
2024-12-11 23:00:00,8304,24.22,78.24,23.92,80.41,25.44,2024.0,12
2024-12-12 00:00:00,8305,24.01,78.66,23.73,80.62,18.15,2024.0,12
2024-12-12 01:00:00,8306,23.7,80.93,23.43,82.23,13.18,2024.0,12
2024-12-12 02:00:00,8307,23.51,83.47,23.23,83.83,15.99,2024.0,12
2024-12-12 03:00:00,8308,23.44,84.23,23.18,84.7,14.78,2024.0,12
2024-12-12 04:00:00,8309,23.42,84.5,23.09,85.07,7.17,2024.0,12
2024-12-12 05:00:00,8310,21.81,92.72,20.69,97.41,4.71,2024.0,12
2024-12-12 06:00:00,8311,21.97,94.4,21.52,98.73,9.2,2024.0,12
2024-12-12 07:00:00,8312,24.03,81.52,24.84,85.62,9.24,2024.0,12
2024-12-12 22:00:00,8327,24.72,73.13,24.44,77.03,12.8,2024.0,12
2024-12-12 23:00:00,8328,24.65,67.43,24.4,72.1,2.47,2024.0,12
2024-12-13 00:00:00,8329,24.4,70.13,24.1,74.47,5.83,2024.0,12
2024-12-13 01:00:00,8330,24.32,69.3,23.96,74.07,13.07,2024.0,12
2024-12-13 02:00:00,8331,24.46,68.83,24.05,73.77,12.2,2024.0,12
2024-12-13 03:00:00,8332,24.14,70.5,23.73,75.27,24.57,2024.0,12
2024-12-13 04:00:00,8333,24.03,72.33,23.58,76.63,26.3,2024.0,12
2024-12-13 05:00:00,8334,23.3,79.13,23.0,80.5,36.63,2024.0,12
2024-12-13 06:00:00,8335,24.42,72.9,27.47,67.93,34.9,2024.0,12
2024-12-13 07:00:00,8336,25.24,70.33,28.86,64.77,25.6,2024.0,12
2024-12-13 08:00:00,8337,26.25,65.79,30.37,61.21,16.86,2024.0,12
2024-12-13 09:00:00,8338,26.64,63.61,28.98,63.36,10.25,2024.0,12
2024-12-13 10:00:00,8339,26.7,64.41,28.05,65.96,9.74,2024.0,12
2024-12-13 11:00:00,8340,27.48,61.0,31.61,60.77,10.75,2024.0,12
2024-12-13 12:00:00,8341,28.25,61.54,29.72,64.0,11.5,2024.0,12
2024-12-13 13:00:00,8342,27.88,63.79,29.02,64.29,9.32,2024.0,12
2024-12-13 14:00:00,8343,27.61,65.82,28.55,64.22,19.18,2024.0,12
2024-12-13 15:00:00,8344,27.14,68.39,27.53,70.04,24.79,2024.0,12
2024-12-13 16:00:00,8345,26.82,69.92,27.7,71.84,27.12,2024.0,12
2024-12-13 17:00:00,8346,26.1,73.07,27.89,73.17,24.93,2024.0,12
2024-12-13 18:00:00,8347,23.34,79.38,22.08,89.45,8.92,2024.0,12
2024-12-13 19:00:00,8348,23.23,79.59,22.0,88.39,15.51,2024.0,12
2024-12-13 20:00:00,8349,23.38,84.17,22.91,85.88,25.29,2024.0,12
2024-12-13 21:00:00,8350,23.6,83.75,23.18,85.36,21.54,2024.0,12
2024-12-13 22:00:00,8351,23.74,83.03,23.2,85.37,21.75,2024.0,12
2024-12-13 23:00:00,8352,23.81,84.6,23.24,84.5,50.09,2024.0,12
2024-12-14 00:00:00,8353,23.45,88.5,22.92,89.8,47.99,2024.0,12
2024-12-14 01:00:00,8354,23.62,85.53,23.32,86.23,21.15,2024.0,12
2024-12-14 02:00:00,8355,23.7,84.87,23.42,85.83,5.74,2024.0,12
2024-12-14 03:00:00,8356,23.28,87.23,22.63,89.57,12.06,2024.0,12
2024-12-14 04:00:00,8357,21.85,95.37,20.88,99.13,11.43,2024.0,12
2024-12-14 05:00:00,8358,22.21,94.7,21.15,99.03,18.51,2024.0,12
2024-12-14 06:00:00,8359,22.54,92.1,21.26,98.8,18.98,2024.0,12
2024-12-14 07:00:00,8360,22.28,94.13,21.81,99.17,14.61,2024.0,12
2024-12-14 08:00:00,8361,23.75,86.0,23.36,93.43,6.01,2024.0,12
2024-12-14 09:00:00,8362,23.61,81.83,23.37,84.54,6.4,2024.0,12
2024-12-14 10:00:00,8363,23.78,87.84,22.65,90.22,8.44,2024.0,12
2024-12-14 11:00:00,8364,24.18,84.91,24.36,87.7,3.9,2024.0,12
2024-12-14 12:00:00,8365,25.67,76.68,26.75,72.07,5.63,2024.0,12
2024-12-14 13:00:00,8366,,68.59,,,1.54,2024.0,12
2024-12-14 14:00:00,8367,27.17,68.77,27.75,72.21,2.72,2024.0,12
2024-12-14 15:00:00,8368,25.58,69.8,27.39,72.4,10.6,2024.0,12
2024-12-14 16:00:00,8369,25.2,74.83,27.03,74.62,26.97,2024.0,12
2024-12-14 19:00:00,8372,22.74,89.76,21.21,98.66,13.98,2024.0,12
2024-12-14 20:00:00,8373,23.3,85.77,21.6,97.43,14.4,2024.0,12
2024-12-14 21:00:00,8374,23.41,85.47,22.0,98.33,22.22,2024.0,12
2024-12-14 22:00:00,8375,23.28,85.57,22.79,89.03,12.4,2024.0,12
2024-12-14 23:00:00,8376,23.19,86.33,22.76,87.77,11.59,2024.0,12
2024-12-15 00:00:00,8377,22.92,89.2,22.45,90.4,27.36,2024.0,12
2024-12-15 01:00:00,8378,22.8,88.57,22.35,89.93,17.08,2024.0,12
2024-12-15 02:00:00,8379,22.65,89.57,21.66,93.83,12.69,2024.0,12
2024-12-15 03:00:00,8380,22.51,86.52,21.8,89.59,9.8,2024.0,12
2024-12-15 04:00:00,8381,22.57,89.93,22.06,91.23,17.73,2024.0,12
2024-12-15 05:00:00,8382,22.3,94.07,21.72,95.33,51.55,2024.0,12
2024-12-15 06:00:00,8383,22.39,94.5,22.93,91.8,38.68,2024.0,12
2024-12-15 07:00:00,8384,24.98,86.2,29.38,73.53,38.64,2024.0,12
2024-12-15 08:00:00,8385,26.38,77.13,28.75,71.57,40.5,2024.0,12
2024-12-15 09:00:00,8386,25.92,74.37,27.38,71.63,15.03,2024.0,12
2024-12-15 10:00:00,8387,25.43,77.0,26.72,74.4,14.87,2024.0,12
2024-12-15 11:00:00,8388,26.33,73.93,28.43,70.63,16.37,2024.0,12
2024-12-15 12:00:00,8389,26.95,70.72,28.37,70.28,13.83,2024.0,12
2024-12-15 13:00:00,8390,25.7,75.15,25.91,77.78,9.0,2024.0,12
2024-12-15 15:00:00,8392,22.32,88.25,21.46,92.45,3.87,2024.0,12
2024-12-15 16:00:00,8393,23.33,87.5,22.12,97.3,3.42,2024.0,12
2024-12-15 17:00:00,8394,23.6,85.23,23.32,87.93,5.96,2024.0,12
2024-12-15 18:00:00,8395,23.35,87.73,23.0,88.37,14.81,2024.0,12
2024-12-15 19:00:00,8396,23.24,88.27,22.88,88.83,17.78,2024.0,12
2024-12-15 20:00:00,8397,23.45,87.23,23.01,87.73,11.46,2024.0,12
2024-12-15 21:00:00,8398,23.45,87.57,22.86,88.79,16.48,2024.0,12
2024-12-15 22:00:00,8399,23.15,89.89,22.49,91.32,30.37,2024.0,12
2024-12-15 23:00:00,8400,22.69,92.8,22.1,93.9,47.66,2024.0,12
2024-12-16 00:00:00,8401,22.56,92.77,22.08,93.4,35.47,2024.0,12
2024-12-16 01:00:00,8402,22.65,91.47,22.17,92.2,32.76,2024.0,12
2024-12-16 02:00:00,8403,22.85,90.23,22.27,88.17,27.78,2024.0,12
2024-12-16 03:00:00,8404,22.69,91.3,22.21,88.97,31.22,2024.0,12
2024-12-16 04:00:00,8405,22.21,93.57,21.59,94.57,35.09,2024.0,12
2024-12-16 05:00:00,8406,22.31,92.86,21.82,93.21,31.77,2024.0,12
2024-12-16 06:00:00,8407,22.97,89.8,23.12,88.23,29.37,2024.0,12
2024-12-16 07:00:00,8408,23.96,85.7,26.22,79.23,25.06,2024.0,12
2024-12-16 08:00:00,8409,26.31,76.77,30.06,67.8,29.55,2024.0,12
2024-12-16 09:00:00,8410,26.52,72.53,29.2,67.73,5.4,2024.0,12
2024-12-16 10:00:00,8411,27.25,69.77,29.21,67.83,4.77,2024.0,12
2024-12-16 11:00:00,8412,27.84,68.03,29.43,67.48,4.41,2024.0,12
2024-12-16 12:00:00,8413,27.94,69.03,29.26,69.3,17.2,2024.0,12
2024-12-16 13:00:00,8414,26.7,73.5,28.19,72.6,19.43,2024.0,12
2024-12-16 14:00:00,8415,26.03,74.67,26.9,74.23,13.73,2024.0,12
2024-12-16 15:00:00,8416,24.44,82.1,24.53,83.0,18.96,2024.0,12
2024-12-16 16:00:00,8417,23.04,89.3,22.35,92.33,16.88,2024.0,12
2024-12-16 17:00:00,8418,22.35,92.9,21.41,98.4,20.97,2024.0,12
2024-12-16 18:00:00,8419,22.69,92.03,21.96,96.73,29.12,2024.0,12
2024-12-16 19:00:00,8420,22.83,92.2,22.33,93.23,33.19,2024.0,12
2024-12-16 20:00:00,8421,23.01,91.33,22.6,91.8,28.48,2024.0,12
2024-12-16 21:00:00,8422,22.85,93.66,22.21,94.76,47.48,2024.0,12
2024-12-16 22:00:00,8423,22.36,96.23,21.72,97.2,41.81,2024.0,12
2024-12-16 23:00:00,8424,22.22,96.97,21.65,97.73,48.73,2024.0,12
2024-12-17 00:00:00,8425,22.15,98.13,21.49,98.63,60.05,2024.0,12
2024-12-17 01:00:00,8426,21.94,98.8,21.33,99.23,69.68,2024.0,12
2024-12-17 02:00:00,8427,21.82,97.67,21.38,97.6,44.51,2024.0,12
2024-12-17 03:00:00,8428,22.03,97.41,21.35,97.83,46.74,2024.0,12
2024-12-17 04:00:00,8429,21.85,97.83,21.27,98.2,45.65,2024.0,12
2024-12-17 05:00:00,8430,21.98,97.03,21.56,96.63,50.36,2024.0,12
2024-12-17 06:00:00,8431,21.99,97.0,21.65,96.52,46.28,2024.0,12
2024-12-17 09:00:00,8434,25.28,85.43,28.28,78.47,26.33,2024.0,12
2024-12-17 10:00:00,8435,26.84,76.4,29.36,70.6,23.12,2024.0,12
2024-12-17 11:00:00,8436,27.42,71.8,28.97,70.17,17.63,2024.0,12
2024-12-17 12:00:00,8437,27.3,71.23,28.53,70.73,19.6,2024.0,12
2024-12-17 13:00:00,8438,27.08,73.0,28.26,72.63,25.83,2024.0,12
2024-12-17 14:00:00,8439,26.93,74.37,28.5,72.87,27.47,2024.0,12
2024-12-17 15:00:00,8440,27.12,70.67,28.83,69.63,14.87,2024.0,12
2024-12-17 16:00:00,8441,27.25,70.87,28.35,71.53,22.7,2024.0,12
2024-12-17 17:00:00,8442,26.97,73.33,26.8,77.07,33.57,2024.0,12
2024-12-17 18:00:00,8443,26.35,77.33,25.98,80.0,39.45,2024.0,12
2024-12-17 19:00:00,8444,25.65,81.1,25.33,82.73,28.83,2024.0,12
2024-12-17 20:00:00,8445,25.14,83.37,24.79,85.23,32.52,2024.0,12
2024-12-17 21:00:00,8446,24.61,85.6,24.28,87.07,27.31,2024.0,12
2024-12-17 22:00:00,8447,24.42,86.48,24.02,88.41,34.89,2024.0,12
2024-12-17 23:00:00,8448,24.07,84.63,23.64,86.47,28.21,2024.0,12
2024-12-18 00:00:00,8449,23.8,77.0,23.46,79.2,14.43,2024.0,12
2024-12-18 01:00:00,8450,23.46,79.63,23.05,80.83,10.45,2024.0,12
2024-12-18 02:00:00,8451,23.09,82.97,22.65,83.97,14.87,2024.0,12
2024-12-18 03:00:00,8452,22.95,84.97,22.45,86.03,29.48,2024.0,12
2024-12-18 04:00:00,8453,22.65,87.4,22.11,88.77,29.64,2024.0,12
2024-12-18 05:00:00,8454,22.44,89.86,21.9,91.17,27.59,2024.0,12
2024-12-18 06:00:00,8455,21.24,96.33,20.49,99.33,24.77,2024.0,12
2024-12-18 07:00:00,8456,21.37,96.07,20.74,96.61,21.44,2024.0,12
2024-12-18 08:00:00,8457,21.76,96.04,21.5,99.73,23.5,2024.0,12
2024-12-18 09:00:00,8458,24.04,88.07,25.31,92.17,25.56,2024.0,12
2024-12-18 10:00:00,8459,25.56,78.5,27.3,78.0,23.83,2024.0,12
2024-12-18 11:00:00,8460,25.56,75.7,27.07,73.17,11.4,2024.0,12
2024-12-18 12:00:00,8461,25.96,75.57,27.32,73.5,4.7,2024.0,12
2024-12-18 13:00:00,8462,25.19,80.53,25.92,80.47,4.4,2024.0,12
2024-12-18 14:00:00,8463,26.02,76.76,27.08,75.48,5.01,2024.0,12
2024-12-18 15:00:00,8464,24.93,81.67,24.27,86.44,3.98,2024.0,12
2024-12-18 17:00:00,8466,22.89,91.14,21.54,99.0,19.29,2024.0,12
2024-12-18 18:00:00,8467,23.4,86.48,21.78,97.52,13.08,2024.0,12
2024-12-18 19:00:00,8468,23.31,87.03,22.59,91.1,8.02,2024.0,12
2024-12-18 22:00:00,8471,22.56,87.3,20.81,98.67,1.56,2024.0,12
2024-12-18 23:00:00,8472,22.84,85.57,21.37,97.4,13.71,2024.0,12
2024-12-19 00:00:00,8473,23.42,81.93,22.95,83.34,9.98,2024.0,12
2024-12-19 01:00:00,8474,22.46,87.5,21.95,88.93,22.6,2024.0,12
2024-12-19 02:00:00,8475,23.05,85.23,22.72,85.8,9.2,2024.0,12
2024-12-19 03:00:00,8476,23.16,85.0,22.84,85.3,1.05,2024.0,12
2024-12-19 04:00:00,8477,23.26,84.83,22.89,85.57,4.33,2024.0,12
2024-12-19 05:00:00,8478,23.32,84.73,23.06,85.1,2.08,2024.0,12
2024-12-19 06:00:00,8479,23.62,83.33,24.26,81.8,4.85,2024.0,12
2024-12-19 07:00:00,8480,24.93,75.83,27.26,71.13,2.08,2024.0,12
2024-12-19 08:00:00,8481,25.96,71.47,28.71,67.1,0.23,2024.0,12
2024-12-19 09:00:00,8482,26.23,73.45,28.8,69.31,0.66,2024.0,12
2024-12-19 10:00:00,8483,26.85,70.67,28.34,70.1,1.5,2024.0,12
2024-12-19 11:00:00,8484,27.6,68.29,28.96,69.25,3.89,2024.0,12
2024-12-19 12:00:00,8485,27.27,67.93,28.22,69.66,4.72,2024.0,12
2024-12-19 13:00:00,8486,27.77,66.66,29.08,68.07,1.52,2024.0,12
2024-12-19 14:00:00,8487,27.7,68.67,28.65,70.6,7.4,2024.0,12
2024-12-19 15:00:00,8488,26.02,78.8,27.12,77.33,14.62,2024.0,12
2024-12-19 16:00:00,8489,25.76,81.27,26.38,80.43,12.31,2024.0,12
2024-12-19 17:00:00,8490,24.64,84.41,23.86,88.96,5.43,2024.0,12
2024-12-19 18:00:00,8491,23.76,89.43,22.17,98.6,14.36,2024.0,12
2024-12-19 20:00:00,8493,22.8,87.86,21.22,96.27,14.85,2024.0,12
2024-12-19 21:00:00,8494,22.6,91.76,21.34,99.0,21.37,2024.0,12
2024-12-19 22:00:00,8495,22.41,90.8,21.47,98.27,9.58,2024.0,12
2024-12-19 23:00:00,8496,22.6,90.23,22.25,91.3,14.76,2024.0,12
2024-12-20 00:00:00,8497,21.97,94.45,21.52,95.21,21.46,2024.0,12
2024-12-20 01:00:00,8498,21.69,96.5,21.31,97.17,14.65,2024.0,12
2024-12-20 02:00:00,8499,22.01,94.3,21.73,94.0,9.04,2024.0,12
2024-12-20 03:00:00,8500,21.94,94.53,21.62,94.5,21.06,2024.0,12
2024-12-20 04:00:00,8501,22.0,93.8,21.63,93.7,20.9,2024.0,12
2024-12-20 05:00:00,8502,22.01,93.4,21.67,93.4,20.39,2024.0,12
2024-12-20 06:00:00,8503,22.3,91.17,22.24,90.3,14.72,2024.0,12
2024-12-20 07:00:00,8504,23.27,87.53,25.52,80.43,14.47,2024.0,12
2024-12-20 08:00:00,8505,25.03,80.33,29.26,68.93,6.26,2024.0,12
2024-12-20 09:00:00,8506,25.96,76.33,28.58,70.07,8.9,2024.0,12
2024-12-20 10:00:00,8507,25.94,76.17,27.3,73.5,14.77,2024.0,12
2024-12-20 11:00:00,8508,26.72,72.07,28.05,71.37,15.67,2024.0,12
2024-12-20 12:00:00,8509,27.31,69.6,28.78,69.33,13.17,2024.0,12
2024-12-20 13:00:00,8510,26.84,70.03,27.52,72.0,7.17,2024.0,12
2024-12-20 14:00:00,8511,24.05,85.48,23.77,91.62,16.43,2024.0,12
2024-12-20 15:00:00,8512,25.05,80.9,26.14,78.53,20.92,2024.0,12
2024-12-20 16:00:00,8513,25.17,79.9,25.78,78.93,17.99,2024.0,12
2024-12-20 17:00:00,8514,25.0,80.6,25.04,81.17,9.27,2024.0,12
2024-12-20 18:00:00,8515,24.54,82.57,24.22,84.5,15.77,2024.0,12
2024-12-20 19:00:00,8516,24.43,82.7,24.17,84.33,19.68,2024.0,12
2024-12-20 20:00:00,8517,24.38,83.37,24.06,84.9,19.39,2024.0,12
2024-12-20 21:00:00,8518,24.1,84.97,23.77,86.63,19.74,2024.0,12
2024-12-20 22:00:00,8519,23.81,84.87,23.45,86.77,16.97,2024.0,12
2024-12-20 23:00:00,8520,23.47,86.73,23.07,87.63,20.59,2024.0,12
2024-12-21 00:00:00,8521,23.26,85.07,22.96,85.43,10.34,2024.0,12
2024-12-21 01:00:00,8522,23.2,85.2,22.81,85.97,11.39,2024.0,12
2024-12-21 02:00:00,8523,22.89,88.2,22.51,88.8,12.93,2024.0,12
2024-12-21 03:00:00,8524,22.3,93.1,21.86,94.27,14.2,2024.0,12
2024-12-21 04:00:00,8525,22.18,95.07,21.7,95.63,16.73,2024.0,12
2024-12-21 05:00:00,8526,22.07,94.53,21.68,95.5,13.71,2024.0,12
2024-12-21 06:00:00,8527,22.41,91.13,22.51,89.67,8.33,2024.0,12
2024-12-21 07:00:00,8528,22.99,89.3,23.82,85.63,13.47,2024.0,12
2024-12-21 08:00:00,8529,23.97,82.77,25.67,78.0,12.31,2024.0,12
2024-12-21 09:00:00,8530,25.07,76.97,27.27,72.03,12.27,2024.0,12
2024-12-21 10:00:00,8531,26.4,69.73,28.58,67.2,7.23,2024.0,12
2024-12-21 11:00:00,8532,26.94,67.9,28.95,66.6,11.93,2024.0,12
2024-12-21 12:00:00,8533,27.31,68.23,29.16,67.67,19.7,2024.0,12
2024-12-21 13:00:00,8534,27.25,68.6,28.86,68.8,23.2,2024.0,12
2024-12-21 14:00:00,8535,27.3,68.2,29.02,68.23,28.5,2024.0,12
2024-12-21 15:00:00,8536,26.78,70.57,27.86,71.67,37.0,2024.0,12
2024-12-21 16:00:00,8537,25.76,76.47,26.02,77.53,41.97,2024.0,12
2024-12-21 17:00:00,8538,25.13,80.43,24.98,82.07,34.9,2024.0,12
2024-12-21 18:00:00,8539,24.56,83.07,24.3,85.03,34.71,2024.0,12
2024-12-21 19:00:00,8540,24.4,84.7,24.11,86.47,38.19,2024.0,12
2024-12-21 20:00:00,8541,23.91,88.07,23.49,90.2,41.0,2024.0,12
2024-12-21 21:00:00,8542,23.85,88.63,25.16,90.13,44.58,2024.0,12
2024-12-21 22:00:00,8543,23.57,91.2,23.2,91.9,49.54,2024.0,12
2024-12-21 23:00:00,8544,23.51,91.7,23.07,92.1,47.48,2024.0,12
2024-12-22 00:00:00,8545,23.3,92.33,22.79,92.9,51.57,2024.0,12
2024-12-22 01:00:00,8546,23.32,89.31,22.95,89.45,30.68,2024.0,12
2024-12-22 02:00:00,8547,23.07,90.9,22.59,91.4,36.49,2024.0,12
2024-12-22 03:00:00,8548,22.86,90.87,22.43,91.3,28.79,2024.0,12
2024-12-22 04:00:00,8549,22.67,92.6,22.22,93.0,30.02,2024.0,12
2024-12-22 05:00:00,8550,22.56,92.8,22.16,93.0,24.92,2024.0,12
2024-12-22 06:00:00,8551,22.65,92.6,22.63,91.33,31.07,2024.0,12
2024-12-22 07:00:00,8552,23.35,90.4,23.92,87.37,33.52,2024.0,12
2024-12-22 08:00:00,8553,24.07,85.97,25.2,82.8,21.15,2024.0,12
2024-12-22 09:00:00,8554,25.34,81.7,26.6,78.07,23.87,2024.0,12
2024-12-22 10:00:00,8555,26.13,78.13,28.12,73.83,28.72,2024.0,12
2024-12-22 11:00:00,8556,27.1,72.07,28.91,70.33,30.87,2024.0,12
2024-12-22 12:00:00,8557,27.34,70.67,28.95,69.87,31.83,2024.0,12
2024-12-22 13:00:00,8558,27.9,69.2,29.45,69.07,35.87,2024.0,12
2024-12-22 14:00:00,8559,27.68,69.87,29.04,70.17,34.87,2024.0,12
2024-12-22 15:00:00,8560,26.17,75.69,26.63,76.79,33.34,2024.0,12
2024-12-22 16:00:00,8561,25.59,79.47,25.59,80.8,32.23,2024.0,12
2024-12-22 17:00:00,8562,25.42,80.66,25.24,82.31,28.6,2024.0,12
2024-12-22 18:00:00,8563,25.23,82.07,24.83,84.23,39.24,2024.0,12
2024-12-22 19:00:00,8564,24.87,86.07,24.45,88.23,50.29,2024.0,12
2024-12-22 20:00:00,8565,24.46,89.4,24.0,91.47,60.26,2024.0,12
2024-12-22 21:00:00,8566,24.21,89.53,23.8,91.27,50.81,2024.0,12
2024-12-22 22:00:00,8567,24.25,90.47,23.73,92.33,47.68,2024.0,12
2024-12-22 23:00:00,8568,24.05,89.62,23.51,91.86,44.94,2024.0,12
2024-12-23 00:00:00,8569,23.54,93.43,22.92,94.63,,2024.0,12
2024-12-23 01:00:00,8570,23.26,93.87,22.7,94.43,59.54,2024.0,12
2024-12-23 02:00:00,8571,22.86,93.73,22.21,94.63,44.82,2024.0,12
2024-12-23 03:00:00,8572,22.66,93.67,22.12,94.07,42.37,2024.0,12
2024-12-23 04:00:00,8573,22.28,94.1,21.64,94.87,44.91,2024.0,12
2024-12-23 05:00:00,8574,22.09,96.37,21.61,96.43,49.6,2024.0,12
2024-12-23 06:00:00,8575,22.16,95.47,22.14,93.9,,2024.0,12
2024-12-23 07:00:00,8576,23.53,90.7,25.0,85.37,57.75,2024.0,12
2024-12-23 08:00:00,8577,26.49,79.33,31.09,68.47,71.07,2024.0,12
2024-12-23 09:00:00,8578,28.65,68.1,30.58,65.9,53.93,2024.0,12
2024-12-23 10:00:00,8579,28.8,67.0,29.83,67.0,51.0,2024.0,12
2024-12-23 11:00:00,8580,28.8,67.0,29.83,67.0,51.0,2024.0,12
2024-12-23 12:00:00,8581,28.8,67.0,29.83,67.0,51.0,2024.0,12
2024-12-23 13:00:00,8582,28.8,67.0,29.83,67.0,51.0,2024.0,12
2024-12-23 14:00:00,8583,28.48,68.24,29.41,68.29,48.7,2024.0,12
2024-12-23 15:00:00,8584,24.06,85.03,23.45,88.79,21.16,2024.0,12
2024-12-23 16:00:00,8585,23.93,89.59,23.4,95.66,30.82,2024.0,12
2024-12-23 17:00:00,8586,24.36,88.1,24.15,89.43,41.81,2024.0,12
2024-12-23 18:00:00,8587,24.05,88.0,23.59,90.27,37.41,2024.0,12
2024-12-23 19:00:00,8588,23.48,94.2,22.95,94.83,48.46,2024.0,12
2024-12-23 20:00:00,8589,23.41,95.07,22.9,95.33,48.15,2024.0,12
2024-12-23 21:00:00,8590,23.35,95.87,22.84,95.93,40.27,2024.0,12
2024-12-23 22:00:00,8591,23.28,96.33,22.68,96.6,51.1,2024.0,12
2024-12-23 23:00:00,8592,23.16,97.5,22.52,97.9,71.15,2024.0,12
2024-12-24 00:00:00,8593,22.92,97.17,22.38,97.0,51.57,2024.0,12
2024-12-24 01:00:00,8594,22.83,98.03,22.26,97.93,64.6,2024.0,12
2024-12-24 02:00:00,8595,22.64,98.8,22.16,98.17,58.02,2024.0,12
2024-12-24 03:00:00,8596,22.53,98.27,22.04,97.87,45.9,2024.0,12
2024-12-24 04:00:00,8597,22.37,96.5,21.72,98.07,27.34,2024.0,12
2024-12-24 05:00:00,8598,22.4,96.27,21.91,96.43,27.11,2024.0,12
2024-12-24 06:00:00,8599,22.81,96.24,23.43,92.45,38.86,2024.0,12
2024-12-24 07:00:00,8600,24.41,89.8,26.01,84.4,40.89,2024.0,12
2024-12-24 08:00:00,8601,25.62,84.53,27.61,78.57,41.81,2024.0,12
2024-12-24 09:00:00,8602,26.59,75.37,29.55,69.0,26.27,2024.0,12
2024-12-24 10:00:00,8603,25.84,76.7,26.83,74.67,17.07,2024.0,12
2024-12-24 11:00:00,8604,25.59,77.45,26.79,74.9,12.14,2024.0,12
2024-12-24 12:00:00,8605,25.52,78.11,26.76,75.43,11.25,2024.0,12
2024-12-24 13:00:00,8606,25.26,78.4,26.07,76.93,8.59,2024.0,12
2024-12-24 14:00:00,8607,25.59,78.23,26.49,76.53,16.73,2024.0,12
2024-12-24 15:00:00,8608,25.03,79.65,25.15,80.04,10.97,2024.0,12
2024-12-24 19:00:00,8612,22.62,87.66,21.36,97.17,4.46,2024.0,12
2024-12-24 20:00:00,8613,22.91,86.83,22.55,87.48,11.44,2024.0,12
2024-12-24 21:00:00,8614,23.01,86.43,22.63,86.77,19.92,2024.0,12
2024-12-24 22:00:00,8615,22.78,88.57,22.24,89.9,39.95,2024.0,12
2024-12-24 23:00:00,8616,22.5,90.4,21.96,91.5,47.61,2024.0,12
2024-12-25 00:00:00,8617,22.48,90.57,21.89,91.77,43.17,2024.0,12
2024-12-25 01:00:00,8618,22.47,89.73,21.82,91.37,33.34,2024.0,12
2024-12-25 02:00:00,8619,21.89,93.7,21.07,95.53,47.08,2024.0,12
2024-12-25 03:00:00,8620,21.48,95.07,21.01,95.66,42.44,2024.0,12
2024-12-25 04:00:00,8621,21.9,92.4,21.27,93.43,41.54,2024.0,12
2024-12-25 05:00:00,8622,21.51,96.43,20.96,97.03,55.05,2024.0,12
2024-12-25 06:00:00,8623,22.27,93.13,22.36,91.57,64.61,2024.0,12
2024-12-25 07:00:00,8624,23.11,88.67,25.0,82.43,69.48,2024.0,12
2024-12-25 08:00:00,8625,25.85,78.17,28.92,70.03,46.61,2024.0,12
2024-12-25 09:00:00,8626,26.49,73.43,29.4,67.97,34.17,2024.0,12
2024-12-25 10:00:00,8627,27.0,70.2,28.96,68.27,27.03,2024.0,12
2024-12-25 11:00:00,8628,27.22,70.67,29.32,68.6,26.27,2024.0,12
2024-12-25 12:00:00,8629,27.03,71.2,28.48,70.87,29.0,2024.0,12
2024-12-25 13:00:00,8630,27.13,71.77,28.65,71.13,30.97,2024.0,12
2024-12-25 14:00:00,8631,26.28,74.24,27.35,73.9,31.97,2024.0,12
2024-12-25 15:00:00,8632,26.93,71.53,27.65,73.17,31.7,2024.0,12
2024-12-25 16:00:00,8633,24.12,81.7,23.48,85.43,11.76,2024.0,12
2024-12-25 17:00:00,8634,21.43,92.23,20.14,99.19,5.3,2024.0,12
2024-12-25 18:00:00,8635,22.02,90.6,20.56,99.0,11.97,2024.0,12
2024-12-25 19:00:00,8636,22.22,90.85,19.99,95.72,16.4,2024.0,12
2024-12-25 20:00:00,8637,21.98,95.76,20.96,100.0,29.61,2024.0,12
2024-12-25 22:00:00,8639,21.7,97.28,20.78,96.15,32.85,2024.0,12
2024-12-25 23:00:00,8640,21.44,97.91,,,35.74,2024.0,12
2024-12-26 00:00:00,8641,21.61,98.03,20.98,99.53,43.71,2024.0,12
2024-12-26 01:00:00,8642,21.61,98.61,20.97,99.14,38.74,2024.0,12
2024-12-26 02:00:00,8643,21.61,98.62,21.03,98.79,34.66,2024.0,12
2024-12-26 03:00:00,8644,21.45,97.4,20.9,97.87,33.21,2024.0,12
2024-12-26 04:00:00,8645,21.49,98.03,21.02,97.93,44.44,2024.0,12
2024-12-26 05:00:00,8646,21.71,96.9,21.18,97.21,46.03,2024.0,12
2024-12-26 06:00:00,8647,21.97,94.83,21.99,93.33,40.45,2024.0,12
2024-12-26 07:00:00,8648,23.29,90.43,24.67,85.37,56.91,2024.0,12
2024-12-26 08:00:00,8649,25.48,76.7,27.14,72.6,18.79,2024.0,12
2024-12-26 09:00:00,8650,26.48,71.6,28.32,69.1,7.17,2024.0,12
2024-12-26 10:00:00,8651,26.52,69.7,28.07,68.4,0.97,2024.0,12
2024-12-26 11:00:00,8652,27.41,65.5,28.97,66.53,1.37,2024.0,12
2024-12-26 12:00:00,8653,28.04,62.21,29.5,65.72,0.52,2024.0,12
2024-12-26 13:00:00,8654,29.46,56.67,31.08,61.69,1.31,2024.0,12
2024-12-26 14:00:00,8655,27.9,58.7,28.89,64.8,12.53,2024.0,12
2024-12-26 15:00:00,8656,27.04,60.07,27.55,66.97,4.9,2024.0,12
2024-12-26 16:00:00,8657,26.59,62.9,26.99,68.83,12.6,2024.0,12
2024-12-26 17:00:00,8658,26.31,63.03,26.2,69.7,16.17,2024.0,12
2024-12-26 18:00:00,8659,25.32,69.63,24.97,74.5,21.9,2024.0,12
2024-12-26 19:00:00,8660,24.59,74.77,24.29,78.47,29.17,2024.0,12
2024-12-26 20:00:00,8661,24.38,77.69,23.9,81.03,40.8,2024.0,12
2024-12-26 21:00:00,8662,24.21,78.1,23.73,81.1,48.56,2024.0,12
2024-12-26 22:00:00,8663,24.08,77.8,23.6,80.8,50.4,2024.0,12
2024-12-26 23:00:00,8664,23.88,79.66,23.29,82.62,59.65,2024.0,12
2024-12-27 00:00:00,8665,22.86,85.0,22.28,86.7,48.82,2024.0,12
2024-12-27 01:00:00,8666,22.88,84.9,22.29,86.41,48.15,2024.0,12
2024-12-27 02:00:00,8667,23.16,83.67,22.62,85.03,46.12,2024.0,12
2024-12-27 03:00:00,8668,23.51,80.67,22.96,82.33,40.46,2024.0,12
2024-12-27 04:00:00,8669,22.89,83.83,22.3,85.62,40.89,2024.0,12
2024-12-27 05:00:00,8670,22.67,84.97,22.22,86.13,43.1,2024.0,12
2024-12-27 06:00:00,8671,23.21,83.87,23.61,82.53,59.32,2024.0,12
2024-12-27 07:00:00,8672,24.56,78.83,25.43,77.27,59.39,2024.0,12
2024-12-27 08:00:00,8673,26.03,73.93,27.99,71.47,71.43,2024.0,12
2024-12-27 09:00:00,8674,28.19,63.93,31.73,62.79,60.0,2024.0,12
2024-12-27 10:00:00,8675,28.5,59.2,30.56,62.67,26.17,2024.0,12
2024-12-27 11:00:00,8676,28.62,59.8,30.41,63.9,7.2,2024.0,12
2024-12-27 12:00:00,8677,29.36,58.63,31.11,63.63,9.63,2024.0,12
2024-12-27 13:00:00,8678,30.02,56.84,31.6,62.8,15.12,2024.0,12
2024-12-27 15:00:00,8680,29.41,58.43,30.89,64.43,23.03,2024.0,12
2024-12-27 16:00:00,8681,28.69,63.4,29.15,68.4,20.03,2024.0,12
2024-12-27 17:00:00,8682,27.38,65.77,27.23,71.63,28.0,2024.0,12
2024-12-27 18:00:00,8683,26.87,68.1,26.49,73.97,36.93,2024.0,12
2024-12-27 19:00:00,8684,26.0,72.53,25.53,77.67,36.13,2024.0,12
2024-12-27 20:00:00,8685,24.59,83.43,24.09,86.63,31.55,2024.0,12
2024-12-27 21:00:00,8686,24.52,81.77,24.12,84.03,27.16,2024.0,12
2024-12-27 22:00:00,8687,24.4,83.8,23.78,86.8,40.8,2024.0,12
2024-12-27 23:00:00,8688,24.02,81.17,23.56,83.5,32.87,2024.0,12
2024-12-28 00:00:00,8689,23.81,78.47,23.39,80.93,29.93,2024.0,12
2024-12-28 01:00:00,8690,23.31,83.9,22.64,86.07,29.94,2024.0,12
2024-12-28 02:00:00,8691,22.67,88.57,22.11,90.0,33.84,2024.0,12
2024-12-28 03:00:00,8692,23.0,84.43,22.6,85.07,26.09,2024.0,12
2024-12-28 04:00:00,8693,23.0,83.87,22.32,85.7,21.35,2024.0,12
2024-12-28 05:00:00,8694,22.45,89.2,21.86,90.67,28.54,2024.0,12
2024-12-28 06:00:00,8695,23.03,87.69,24.19,84.0,28.76,2024.0,12
2024-12-28 07:00:00,8696,25.61,76.66,28.15,70.79,46.92,2024.0,12
2024-12-28 08:00:00,8697,26.12,70.3,28.68,66.87,37.9,2024.0,12
2024-12-28 09:00:00,8698,26.44,61.8,28.68,62.03,15.37,2024.0,12
2024-12-28 10:00:00,8699,27.02,61.13,28.83,62.5,13.33,2024.0,12
2024-12-28 11:00:00,8700,28.33,55.47,29.79,60.53,8.2,2024.0,12
2024-12-28 12:00:00,8701,29.36,52.57,30.81,59.83,5.53,2024.0,12
2024-12-28 13:00:00,8702,29.09,56.17,29.9,64.47,17.33,2024.0,12
2024-12-28 14:00:00,8703,28.3,59.75,28.58,68.36,16.36,2024.0,12
2024-12-28 15:00:00,8704,27.37,61.86,27.44,69.59,16.86,2024.0,12
2024-12-28 16:00:00,8705,26.99,64.37,26.9,70.73,26.2,2024.0,12
2024-12-28 17:00:00,8706,26.46,67.79,26.15,73.64,35.46,2024.0,12
2024-12-28 18:00:00,8707,25.76,74.23,25.36,78.2,44.0,2024.0,12
2024-12-28 19:00:00,8708,27.41,73.88,24.92,77.34,43.12,2024.0,12
2024-12-28 20:00:00,8709,24.81,78.17,24.33,81.31,41.92,2024.0,12
2024-12-28 21:00:00,8710,24.72,73.11,24.28,77.14,51.75,2024.0,12
2024-12-28 22:00:00,8711,24.64,66.79,24.24,71.72,38.17,2024.0,12
2024-12-28 23:00:00,8712,24.3,68.79,23.71,74.0,50.04,2024.0,12
2024-12-29 01:00:00,8714,24.01,68.1,23.48,73.2,36.3,2024.0,12
2024-12-29 02:00:00,8715,23.8,69.5,23.14,75.07,47.3,2024.0,12
2024-12-29 03:00:00,8716,23.48,72.07,22.89,76.17,71.53,2024.0,12
2024-12-29 04:00:00,8717,23.26,71.77,22.66,76.03,60.27,2024.0,12
2024-12-29 05:00:00,8718,23.2,72.8,22.64,76.57,55.58,2024.0,12
2024-12-29 06:00:00,8719,22.76,78.03,22.55,79.7,61.37,2024.0,12
2024-12-29 07:00:00,8720,23.56,75.73,24.03,76.23,73.36,2024.0,12
2024-12-29 08:00:00,8721,24.95,69.13,25.82,70.2,,2024.0,12
2024-12-29 09:00:00,8722,26.29,59.23,27.67,63.37,58.5,2024.0,12
2024-12-29 10:00:00,8723,27.18,52.1,28.9,58.17,29.53,2024.0,12
2024-12-29 11:00:00,8724,27.48,52.9,29.29,59.0,27.63,2024.0,12
2024-12-29 12:00:00,8725,27.48,53.38,28.8,58.69,18.97,2024.0,12
2024-12-29 13:00:00,8726,27.97,50.55,29.62,57.55,20.52,2024.0,12
2024-12-29 14:00:00,8727,28.45,46.43,29.6,55.0,16.9,2024.0,12
2024-12-29 15:00:00,8728,27.34,48.0,28.72,57.13,14.47,2024.0,12
2024-12-29 16:00:00,8729,27.32,53.13,27.69,62.43,19.9,2024.0,12
2024-12-29 17:00:00,8730,26.94,56.3,27.01,64.87,29.17,2024.0,12
2024-12-29 18:00:00,8731,26.2,65.61,25.89,71.89,43.96,2024.0,12
2024-12-29 19:00:00,8732,25.72,69.15,25.4,74.27,51.12,2024.0,12
2024-12-29 20:00:00,8733,26.1,70.75,28.57,71.98,48.76,2024.0,12
2024-12-29 21:00:00,8734,24.92,74.46,24.54,75.63,46.54,2024.0,12
2024-12-29 22:00:00,8735,24.69,73.86,24.34,77.83,39.97,2024.0,12
2024-12-29 23:00:00,8736,24.44,73.03,24.1,77.03,30.79,2024.0,12
2024-12-30 00:00:00,8737,24.24,74.9,23.89,78.47,30.73,2024.0,12
2024-12-30 01:00:00,8738,23.96,76.3,23.41,79.97,36.17,2024.0,12
2024-12-30 02:00:00,8739,23.85,73.83,23.45,77.5,18.03,2024.0,12
2024-12-30 03:00:00,8740,23.77,74.13,23.46,77.53,9.5,2024.0,12
2024-12-30 04:00:00,8741,23.73,75.33,23.42,78.37,8.03,2024.0,12
2024-12-30 05:00:00,8742,23.41,81.0,23.0,82.97,5.78,2024.0,12
2024-12-30 06:00:00,8743,22.89,84.03,23.24,83.3,2.28,2024.0,12
2024-12-30 07:00:00,8744,23.72,79.33,24.41,78.27,0.02,2024.0,12
2024-12-30 08:00:00,8745,23.29,83.07,25.6,78.99,1.07,2024.0,12
2024-12-30 09:00:00,8746,24.51,75.76,25.85,73.69,3.04,2024.0,12
2024-12-30 10:00:00,8747,25.34,70.97,26.68,70.23,3.17,2024.0,12
2024-12-30 11:00:00,8748,26.73,66.0,28.06,68.21,0.86,2024.0,12
2024-12-30 12:00:00,8749,28.63,63.6,29.82,66.38,0.5,2024.0,12
2024-12-30 13:00:00,8750,26.49,69.0,27.2,71.76,2.24,2024.0,12
2024-12-30 14:00:00,8751,26.51,67.25,26.83,70.93,6.71,2024.0,12
2024-12-30 15:00:00,8752,25.72,70.48,25.87,73.54,6.66,2024.0,12
2024-12-30 16:00:00,8753,24.67,74.52,24.37,79.13,4.57,2024.0,12
2024-12-30 17:00:00,8754,23.67,77.93,20.99,93.89,2.98,2024.0,12
2024-12-30 18:00:00,8755,23.67,76.62,22.6,84.08,3.85,2024.0,12
2024-12-30 19:00:00,8756,25.31,78.4,22.62,80.27,9.35,2024.0,12
2024-12-30 20:00:00,8757,22.65,80.64,22.41,84.46,8.09,2024.0,12
2024-12-30 21:00:00,8758,22.69,83.96,22.65,81.72,2.54,2024.0,12
2024-12-30 22:00:00,8759,22.02,84.14,19.92,84.75,0.46,2024.0,12
2024-12-30 23:00:00,8760,22.09,82.7,21.72,84.03,0.2,2024.0,12
2025-01-01 00:00:00,8785,22.76,84.36,22.28,86.59,33.16,2025.0,1
2025-01-01 01:00:00,8786,23.97,85.33,21.59,84.06,46.13,2025.0,1
2025-01-01 02:00:00,8787,22.26,87.5,21.74,89.11,24.57,2025.0,1
2025-01-01 03:00:00,8788,22.38,86.28,21.87,87.62,22.57,2025.0,1
2025-01-01 04:00:00,8789,22.13,87.73,21.52,89.5,26.82,2025.0,1
2025-01-01 05:00:00,8790,21.55,90.93,20.93,92.53,33.32,2025.0,1
2025-01-01 06:00:00,8791,22.03,89.17,23.15,85.27,30.91,2025.0,1
2025-01-01 07:00:00,8792,23.52,84.07,27.33,73.3,39.8,2025.0,1
2025-01-01 08:00:00,8793,25.35,74.17,28.76,66.69,32.24,2025.0,1
2025-01-01 09:00:00,8794,26.19,69.57,29.89,64.39,7.93,2025.0,1
2025-01-01 10:00:00,8795,27.22,64.03,29.6,65.03,7.79,2025.0,1
2025-01-01 11:00:00,8796,27.5,61.6,29.05,63.43,12.03,2025.0,1
2025-01-01 12:00:00,8797,28.63,57.37,30.47,62.1,23.5,2025.0,1
2025-01-01 13:00:00,8798,28.93,57.1,30.75,62.17,25.76,2025.0,1
2025-01-01 14:00:00,8799,27.56,66.0,28.55,69.57,28.68,2025.0,1
2025-01-01 15:00:00,8800,26.32,72.68,27.05,74.43,31.32,2025.0,1
2025-01-01 16:00:00,8801,25.41,78.0,25.69,79.27,27.46,2025.0,1
2025-01-01 17:00:00,8802,24.38,81.8,24.28,83.3,21.89,2025.0,1
2025-01-01 18:00:00,8803,23.77,84.1,23.44,86.14,26.06,2025.0,1
2025-01-01 19:00:00,8804,23.26,88.62,22.9,89.34,25.6,2025.0,1
2025-01-01 20:00:00,8805,22.19,91.93,21.66,94.12,11.54,2025.0,1
2025-01-01 21:00:00,8806,22.5,87.27,22.23,87.4,6.5,2025.0,1
2025-01-01 22:00:00,8807,22.79,83.86,22.45,84.41,4.67,2025.0,1
2025-01-01 23:00:00,8808,22.76,84.23,22.22,85.4,13.13,2025.0,1
2025-01-02 00:00:00,8809,22.29,86.4,21.68,87.8,18.45,2025.0,1
2025-01-02 01:00:00,8810,22.04,87.6,21.38,89.33,29.88,2025.0,1
2025-01-02 02:00:00,8811,21.73,90.53,20.98,92.33,30.26,2025.0,1
2025-01-02 03:00:00,8812,21.21,94.9,20.51,96.1,32.32,2025.0,1
2025-01-02 04:00:00,8813,20.73,94.67,20.03,95.33,32.96,2025.0,1
2025-01-02 05:00:00,8814,20.36,89.37,19.82,89.6,19.14,2025.0,1
2025-01-02 06:00:00,8815,20.5,86.27,21.18,82.87,31.31,2025.0,1
2025-01-02 07:00:00,8816,22.11,75.53,24.56,69.37,41.01,2025.0,1
2025-01-02 08:00:00,8817,24.95,64.17,29.04,59.57,28.23,2025.0,1
2025-01-02 09:00:00,8818,27.61,53.13,32.09,52.37,31.17,2025.0,1
2025-01-02 10:00:00,8819,28.21,43.22,30.21,48.37,11.07,2025.0,1
2025-01-02 11:00:00,8820,29.47,37.38,30.57,45.69,6.83,2025.0,1
2025-01-02 12:00:00,8821,30.83,38.07,31.47,46.15,5.85,2025.0,1
2025-01-02 13:00:00,8822,30.09,36.74,31.58,45.83,9.41,2025.0,1
2025-01-02 14:00:00,8823,29.88,40.33,31.49,49.0,9.33,2025.0,1
2025-01-02 15:00:00,8824,29.84,43.33,31.39,52.07,12.67,2025.0,1
2025-01-02 16:00:00,8825,28.6,52.9,30.21,58.86,21.83,2025.0,1
2025-01-02 17:00:00,8826,27.56,59.21,28.03,66.24,30.72,2025.0,1
2025-01-02 18:00:00,8827,26.79,62.17,26.39,70.17,37.83,2025.0,1
2025-01-02 19:00:00,8828,26.13,73.83,27.48,76.5,52.05,2025.0,1
2025-01-02 20:00:00,8829,25.1,82.64,24.58,86.04,40.2,2025.0,1
2025-01-02 21:00:00,8830,24.69,84.59,24.25,87.78,41.64,2025.0,1
2025-01-02 22:00:00,8831,24.08,88.75,23.25,92.96,57.91,2025.0,1
2025-01-03 00:00:00,8833,23.13,92.87,22.61,94.07,47.39,2025.0,1
2025-01-03 01:00:00,8834,22.63,94.07,22.18,94.9,34.63,2025.0,1
2025-01-03 02:00:00,8835,22.4,95.83,22.02,96.0,33.41,2025.0,1
2025-01-03 03:00:00,8836,22.37,96.0,21.85,96.43,33.97,2025.0,1
2025-01-03 04:00:00,8837,22.41,95.37,22.0,95.4,29.39,2025.0,1
2025-01-03 05:00:00,8838,22.28,95.5,21.63,96.33,43.64,2025.0,1
2025-01-03 06:00:00,8839,22.58,94.9,24.29,88.33,,2025.0,1
2025-01-03 07:00:00,8840,24.69,86.59,29.08,73.66,58.24,2025.0,1
2025-01-03 08:00:00,8841,26.56,78.03,31.3,66.57,,2025.0,1
2025-01-03 09:00:00,8842,28.47,65.73,31.77,61.43,,2025.0,1
2025-01-03 10:00:00,8843,28.96,56.07,31.55,57.46,26.43,2025.0,1
2025-01-03 11:00:00,8844,28.61,56.78,29.43,60.67,18.44,2025.0,1
2025-01-03 12:00:00,8845,29.18,52.52,30.1,58.63,5.56,2025.0,1
2025-01-03 13:00:00,8846,30.84,49.0,32.13,56.1,9.58,2025.0,1
2025-01-03 14:00:00,8847,29.67,52.76,30.63,61.14,8.66,2025.0,1
2025-01-03 15:00:00,8848,29.27,57.04,32.33,60.75,21.59,2025.0,1
2025-01-03 16:00:00,8849,28.78,62.07,29.61,68.19,30.85,2025.0,1
2025-01-03 17:00:00,8850,27.73,69.96,27.6,75.23,44.58,2025.0,1
2025-01-03 18:00:00,8851,26.55,74.54,26.3,77.71,43.14,2025.0,1
2025-01-03 19:00:00,8852,25.68,79.72,27.33,82.01,34.65,2025.0,1
2025-01-03 20:00:00,8853,25.29,80.88,25.04,82.76,34.07,2025.0,1
2025-01-03 21:00:00,8854,25.0,81.71,24.65,81.06,31.5,2025.0,1
2025-01-03 22:00:00,8855,24.49,85.27,24.13,87.27,32.12,2025.0,1
2025-01-03 23:00:00,8856,24.29,83.2,23.9,85.07,28.54,2025.0,1
2025-01-04 00:00:00,8857,24.0,81.03,23.5,83.14,22.78,2025.0,1
2025-01-04 01:00:00,8858,23.57,79.73,23.1,81.3,22.04,2025.0,1
2025-01-04 02:00:00,8859,23.64,78.0,23.27,79.7,17.18,2025.0,1
2025-01-04 03:00:00,8860,23.25,80.77,22.72,82.13,19.58,2025.0,1
2025-01-04 04:00:00,8861,23.01,81.93,22.35,83.7,21.89,2025.0,1
2025-01-04 05:00:00,8862,22.37,84.97,21.85,86.4,22.87,2025.0,1
2025-01-04 06:00:00,8863,23.73,79.07,26.64,71.67,36.93,2025.0,1
2025-01-04 07:00:00,8864,26.4,71.24,31.23,64.38,,2025.0,1
2025-01-04 08:00:00,8865,27.77,66.77,32.15,62.93,57.55,2025.0,1
2025-01-04 09:00:00,8866,29.61,57.07,35.13,54.83,44.63,2025.0,1
2025-01-04 10:00:00,8867,30.04,53.23,32.87,56.4,34.17,2025.0,1
2025-01-04 11:00:00,8868,30.59,49.31,32.48,55.59,24.86,2025.0,1
2025-01-04 12:00:00,8869,30.92,49.87,32.17,57.43,22.8,2025.0,1
2025-01-04 13:00:00,8870,28.77,60.6,29.79,66.0,18.0,2025.0,1
2025-01-04 14:00:00,8871,26.73,72.55,26.41,79.1,15.16,2025.0,1
2025-01-04 15:00:00,8872,24.62,81.31,22.64,93.48,17.28,2025.0,1
2025-01-04 17:00:00,8874,23.99,88.2,22.8,99.13,21.22,2025.0,1
2025-01-04 18:00:00,8875,23.56,91.2,22.67,99.83,27.43,2025.0,1
2025-01-04 19:00:00,8876,23.04,91.41,22.02,96.69,21.44,2025.0,1
2025-01-04 20:00:00,8877,22.23,92.13,21.06,99.17,13.85,2025.0,1
2025-01-04 21:00:00,8878,22.38,90.24,21.99,92.1,6.35,2025.0,1
2025-01-04 22:00:00,8879,22.41,90.63,21.89,92.27,15.54,2025.0,1
2025-01-04 23:00:00,8880,22.55,89.8,22.01,91.23,22.89,2025.0,1
2025-01-05 00:00:00,8881,22.6,91.97,21.97,93.4,28.74,2025.0,1
2025-01-05 01:00:00,8882,22.25,91.4,21.75,92.63,31.0,2025.0,1
2025-01-05 02:00:00,8883,22.79,86.23,22.42,86.87,18.89,2025.0,1
2025-01-05 03:00:00,8884,22.91,86.28,22.28,87.76,23.89,2025.0,1
2025-01-05 04:00:00,8885,22.42,91.13,21.77,92.73,32.58,2025.0,1
2025-01-05 05:00:00,8886,22.19,92.4,21.64,93.63,30.22,2025.0,1
2025-01-05 06:00:00,8887,22.82,92.1,23.54,88.97,30.45,2025.0,1
2025-01-05 07:00:00,8888,24.37,84.97,26.63,79.13,33.5,2025.0,1
2025-01-05 08:00:00,8889,27.25,69.27,30.99,62.67,38.53,2025.0,1
2025-01-05 09:00:00,8890,27.69,60.53,30.53,57.21,29.03,2025.0,1
2025-01-05 10:00:00,8891,28.0,54.86,30.59,57.24,11.31,2025.0,1
2025-01-05 11:00:00,8892,29.27,50.21,31.6,54.79,2.14,2025.0,1
2025-01-05 12:00:00,8893,30.39,48.14,32.52,54.11,6.04,2025.0,1
2025-01-05 13:00:00,8894,29.44,48.56,30.34,56.62,3.93,2025.0,1
2025-01-05 14:00:00,8895,28.22,59.24,28.87,64.07,19.03,2025.0,1
2025-01-05 15:00:00,8896,29.34,58.0,31.75,61.43,18.83,2025.0,1
2025-01-05 16:00:00,8897,27.4,60.3,28.13,66.83,9.77,2025.0,1
2025-01-05 17:00:00,8898,26.32,71.28,26.06,75.79,34.53,2025.0,1
2025-01-05 18:00:00,8899,25.18,78.11,24.78,81.5,30.42,2025.0,1
2025-01-05 19:00:00,8900,24.5,82.14,24.08,84.79,29.38,2025.0,1
2025-01-05 20:00:00,8901,24.11,78.86,23.55,82.21,32.42,2025.0,1
2025-01-05 21:00:00,8902,23.61,79.13,23.02,81.37,32.45,2025.0,1
2025-01-05 22:00:00,8903,23.43,80.93,22.71,83.23,33.0,2025.0,1
2025-01-05 23:00:00,8904,22.58,84.37,22.0,86.07,41.96,2025.0,1
2025-01-06 00:00:00,8905,22.78,86.72,22.15,88.34,48.54,2025.0,1
2025-01-06 01:00:00,8906,22.1,88.46,21.33,90.82,,2025.0,1
2025-01-06 02:00:00,8907,21.64,89.6,20.91,91.53,45.02,2025.0,1
2025-01-06 03:00:00,8908,21.31,90.2,20.61,92.0,51.08,2025.0,1
2025-01-06 05:00:00,8910,21.11,93.6,20.46,94.5,,2025.0,1
2025-01-06 06:00:00,8911,21.7,89.03,23.7,82.27,,2025.0,1
2025-01-06 07:00:00,8912,24.59,81.07,29.49,67.7,,2025.0,1
2025-01-06 08:00:00,8913,27.05,70.62,31.69,62.0,,2025.0,1
2025-01-06 09:00:00,8914,28.39,62.96,32.24,55.7,46.48,2025.0,1
2025-01-06 10:00:00,8915,30.39,53.48,33.26,55.76,22.93,2025.0,1
2025-01-06 11:00:00,8916,32.24,47.8,33.57,54.64,11.76,2025.0,1
2025-01-06 12:00:00,8917,,43.42,35.04,51.67,10.54,2025.0,1
2025-01-06 13:00:00,8918,30.47,52.89,33.0,58.19,49.07,2025.0,1
2025-01-06 14:00:00,8919,27.94,64.63,29.31,69.45,47.44,2025.0,1
2025-01-06 15:00:00,8920,25.29,75.18,25.07,78.86,36.48,2025.0,1
2025-01-06 17:00:00,8922,22.82,90.13,21.3,99.47,30.31,2025.0,1
2025-01-06 18:00:00,8923,21.99,94.4,20.95,100.0,27.05,2025.0,1
2025-01-06 19:00:00,8924,22.01,95.17,21.12,100.0,23.68,2025.0,1
2025-01-06 20:00:00,8925,22.13,96.24,21.27,100.0,27.15,2025.0,1
2025-01-06 21:00:00,8926,22.19,96.55,21.28,100.0,25.64,2025.0,1
2025-01-06 22:00:00,8927,21.83,97.93,20.92,100.0,21.99,2025.0,1
2025-01-08 22:00:00,8975,26.67,65.27,26.94,69.77,45.92,2025.0,1
2025-01-08 23:00:00,8976,26.85,69.17,27.16,72.03,48.63,2025.0,1
2025-01-09 00:00:00,8977,26.86,71.7,27.17,73.9,49.97,2025.0,1
2025-01-09 01:00:00,8978,26.81,72.97,27.11,75.0,45.77,2025.0,1
2025-01-09 02:00:00,8979,26.78,73.5,27.05,75.87,42.6,2025.0,1
2025-01-09 03:00:00,8980,26.72,74.03,26.99,76.0,40.53,2025.0,1
2025-01-09 04:00:00,8981,26.64,75.0,26.92,76.67,39.13,2025.0,1
2025-01-09 05:00:00,8982,26.58,76.0,26.83,77.23,38.07,2025.0,1
2025-01-09 06:00:00,8983,26.47,76.83,26.73,78.0,37.4,2025.0,1
2025-01-09 07:00:00,8984,26.39,77.3,26.63,78.0,35.9,2025.0,1
2025-01-09 08:00:00,8985,26.32,77.97,26.53,78.0,29.63,2025.0,1
2025-01-09 09:00:00,8986,26.28,78.0,26.48,78.0,21.63,2025.0,1
2025-01-09 10:00:00,8987,25.01,70.47,25.72,72.0,23.03,2025.0,1
2025-01-09 11:00:00,8988,24.32,65.37,24.8,69.13,21.7,2025.0,1
2025-01-09 12:00:00,8989,25.13,70.63,25.4,72.48,15.78,2025.0,1
2025-01-09 14:00:00,8991,26.52,67.7,26.17,72.43,26.67,2025.0,1
2025-01-09 15:00:00,8992,26.47,66.4,26.15,71.6,27.4,2025.0,1
2025-01-09 16:00:00,8993,26.58,65.33,26.18,71.0,29.47,2025.0,1
2025-01-09 17:00:00,8994,26.68,64.57,26.29,70.63,31.2,2025.0,1
2025-01-09 18:00:00,8995,26.51,64.5,26.27,70.07,40.11,2025.0,1
2025-01-09 19:00:00,8996,26.09,66.9,25.81,71.33,39.53,2025.0,1
2025-01-09 20:00:00,8997,25.83,65.87,25.56,70.73,34.2,2025.0,1
2025-01-09 21:00:00,8998,25.73,64.73,25.43,70.13,33.1,2025.0,1
2025-01-09 22:00:00,8999,26.11,64.2,25.73,70.27,31.9,2025.0,1
2025-01-09 23:00:00,9000,26.52,67.17,26.12,72.6,31.73,2025.0,1
2025-01-10 00:00:00,9001,26.57,68.63,26.17,73.87,31.97,2025.0,1
2025-01-10 01:00:00,9002,26.55,69.33,26.16,74.33,31.9,2025.0,1
2025-01-10 02:00:00,9003,26.52,70.03,26.12,75.0,33.27,2025.0,1
2025-01-10 03:00:00,9004,26.44,70.97,26.06,75.5,34.43,2025.0,1
2025-01-10 04:00:00,9005,26.4,71.27,26.01,76.0,34.63,2025.0,1
2025-01-10 05:00:00,9006,26.34,72.53,25.95,76.0,33.9,2025.0,1
2025-01-10 06:00:00,9007,26.29,73.33,25.89,76.73,35.83,2025.0,1
2025-01-10 07:00:00,9008,25.63,70.7,25.29,74.17,39.7,2025.0,1
2025-01-10 08:00:00,9009,24.87,66.7,24.6,71.13,39.43,2025.0,1
2025-01-10 09:00:00,9010,24.7,65.83,24.43,70.63,36.07,2025.0,1
2025-01-10 10:00:00,9011,24.69,62.53,24.42,69.07,32.0,2025.0,1
2025-01-10 11:00:00,9012,24.86,65.13,24.57,70.37,29.93,2025.0,1
2025-01-10 12:00:00,9013,25.4,68.03,25.13,72.2,26.6,2025.0,1
2025-01-10 13:00:00,9014,26.09,68.4,25.82,72.47,27.1,2025.0,1
2025-01-10 14:00:00,9015,26.65,67.77,26.39,72.7,31.73,2025.0,1
2025-01-10 15:00:00,9016,27.2,67.27,26.98,72.17,37.43,2025.0,1
2025-01-10 16:00:00,9017,27.29,65.4,27.08,70.5,39.93,2025.0,1
2025-01-10 17:00:00,9018,27.12,64.7,26.89,70.0,39.87,2025.0,1
2025-01-10 18:00:00,9019,26.84,64.0,26.6,70.0,40.83,2025.0,1
2025-01-10 19:00:00,9020,26.48,63.83,26.24,69.87,37.93,2025.0,1
2025-01-10 20:00:00,9021,26.7,61.37,26.43,68.9,32.97,2025.0,1
2025-01-10 21:00:00,9022,26.67,60.13,26.38,68.0,31.5,2025.0,1
2025-01-10 22:00:00,9023,27.05,62.8,26.67,69.87,30.4,2025.0,1
2025-01-10 23:00:00,9024,27.24,66.73,26.87,72.3,30.07,2025.0,1
2025-01-11 00:00:00,9025,27.21,68.67,26.83,74.03,32.3,2025.0,1
2025-01-11 01:00:00,9026,27.11,70.17,26.73,75.1,33.07,2025.0,1
2025-01-11 02:00:00,9027,27.02,71.13,26.62,76.0,34.43,2025.0,1
2025-01-11 03:00:00,9028,26.91,71.97,26.53,76.47,35.17,2025.0,1
2025-01-11 04:00:00,9029,26.83,72.37,26.43,77.0,37.4,2025.0,1
2025-01-11 05:00:00,9030,26.73,72.97,26.33,77.07,39.17,2025.0,1
2025-01-11 06:00:00,9031,26.63,73.2,26.22,77.97,40.1,2025.0,1
2025-01-11 07:00:00,9032,26.56,74.0,26.16,78.0,40.47,2025.0,1
2025-01-11 08:00:00,9033,26.54,74.0,26.15,78.0,41.73,2025.0,1
2025-01-11 10:00:00,9035,25.65,65.8,25.36,71.33,47.9,2025.0,1
2025-01-11 11:00:00,9036,25.34,61.53,25.08,68.1,46.4,2025.0,1
2025-01-11 12:00:00,9037,26.43,65.6,26.18,70.57,40.57,2025.0,1
2025-01-11 13:00:00,9038,26.6,64.23,26.35,69.97,42.07,2025.0,1
2025-01-11 14:00:00,9039,25.7,58.8,25.41,67.07,33.27,2025.0,1
2025-01-11 15:00:00,9040,25.44,58.03,25.11,67.0,28.5,2025.0,1
2025-01-11 16:00:00,9041,25.16,58.6,24.9,66.97,29.8,2025.0,1
2025-01-11 17:00:00,9042,25.32,67.17,25.07,72.1,35.17,2025.0,1
2025-01-11 18:00:00,9043,25.86,68.0,25.64,72.27,39.3,2025.0,1
2025-01-11 19:00:00,9044,25.84,66.93,25.65,71.23,37.13,2025.0,1
2025-01-11 20:00:00,9045,25.9,67.3,25.72,71.47,35.0,2025.0,1
2025-01-11 21:00:00,9046,25.99,66.43,25.81,71.07,33.6,2025.0,1
2025-01-11 22:00:00,9047,26.88,68.2,26.57,73.57,33.0,2025.0,1
2025-01-11 23:00:00,9048,26.98,72.27,26.68,76.63,34.07,2025.0,1
2025-01-12 00:00:00,9049,26.99,73.83,26.69,77.93,37.23,2025.0,1
2025-01-12 01:00:00,9050,26.94,75.23,26.63,78.83,42.7,2025.0,1
2025-01-12 02:00:00,9051,26.86,76.0,26.58,79.0,45.5,2025.0,1
2025-01-12 03:00:00,9052,26.78,76.2,26.49,79.67,42.63,2025.0,1
2025-01-12 04:00:00,9053,26.67,76.73,26.37,80.0,40.57,2025.0,1
2025-01-12 05:00:00,9054,26.58,77.0,26.28,80.0,43.13,2025.0,1
2025-01-12 06:00:00,9055,26.47,77.0,26.15,80.0,46.37,2025.0,1
2025-01-12 07:00:00,9056,26.41,77.03,26.1,79.97,45.87,2025.0,1
2025-01-12 08:00:00,9057,26.44,75.37,26.13,78.63,34.43,2025.0,1
2025-01-12 09:00:00,9058,26.57,72.83,26.25,76.73,10.17,2025.0,1
2025-01-12 10:00:00,9059,26.79,71.5,26.46,75.77,2.97,2025.0,1
2025-01-12 11:00:00,9060,27.08,70.27,26.75,74.77,0.8,2025.0,1
2025-01-12 12:00:00,9061,27.24,70.9,26.93,75.6,2.0,2025.0,1
2025-01-12 13:00:00,9062,26.9,73.5,26.6,77.6,2.8,2025.0,1
2025-01-12 14:00:00,9063,27.23,72.53,26.94,76.73,3.97,2025.0,1
2025-01-12 15:00:00,9064,27.41,72.0,27.1,76.2,8.53,2025.0,1
2025-01-12 16:00:00,9065,27.63,72.5,27.29,76.97,6.9,2025.0,1
2025-01-12 17:00:00,9066,27.55,71.2,27.21,75.53,6.9,2025.0,1
2025-01-12 18:00:00,9067,27.34,70.97,27.03,75.0,9.9,2025.0,1
2025-01-12 19:00:00,9068,27.28,70.87,26.97,75.37,15.57,2025.0,1
2025-01-12 20:00:00,9069,27.29,70.23,26.96,75.0,20.2,2025.0,1
2025-01-12 21:00:00,9070,27.15,69.17,26.81,74.03,24.9,2025.0,1
2025-01-12 22:00:00,9071,27.08,68.27,26.75,73.4,25.2,2025.0,1
2025-01-12 23:00:00,9072,27.03,67.03,26.69,72.53,20.73,2025.0,1
2025-01-13 00:00:00,9073,26.92,66.3,26.57,72.0,17.4,2025.0,1
2025-01-13 01:00:00,9074,26.82,66.0,26.48,71.87,10.0,2025.0,1
2025-01-13 02:00:00,9075,26.75,66.0,26.43,71.93,8.57,2025.0,1
2025-01-13 03:00:00,9076,26.64,66.47,26.3,72.1,7.9,2025.0,1
2025-01-13 04:00:00,9077,26.47,67.73,26.13,73.13,8.33,2025.0,1
2025-01-13 05:00:00,9078,26.36,69.0,26.01,74.0,8.0,2025.0,1
2025-01-13 06:00:00,9079,26.29,70.03,25.95,74.0,16.1,2025.0,1
2025-01-13 07:00:00,9080,26.34,69.73,26.01,74.0,20.27,2025.0,1
2025-01-13 08:00:00,9081,25.9,67.87,25.64,72.47,18.23,2025.0,1
2025-01-13 09:00:00,9082,26.1,65.73,25.9,70.53,9.6,2025.0,1
2025-01-13 11:00:00,9084,27.32,65.0,26.77,66.74,3.81,2025.0,1
2025-01-13 12:00:00,9085,28.4,63.9,29.12,68.31,6.03,2025.0,1
2025-01-13 13:00:00,9086,27.23,70.04,27.22,74.04,15.04,2025.0,1
2025-01-13 14:00:00,9087,25.29,78.52,25.01,82.41,9.18,2025.0,1
2025-01-13 15:00:00,9088,26.64,71.38,26.6,75.45,10.17,2025.0,1
2025-01-13 16:00:00,9089,24.85,82.73,24.52,85.25,16.03,2025.0,1
2025-01-13 17:00:00,9090,24.38,84.24,24.12,86.0,14.19,2025.0,1
2025-01-13 18:00:00,9091,24.56,83.92,24.13,86.16,19.48,2025.0,1
2025-01-13 19:00:00,9092,24.31,88.03,23.71,90.77,34.64,2025.0,1
2025-01-13 21:00:00,9094,23.69,91.46,23.15,93.26,43.74,2025.0,1
2025-01-13 22:00:00,9095,23.91,86.33,23.46,88.04,30.45,2025.0,1
2025-01-13 23:00:00,9096,23.88,84.63,23.36,86.67,27.18,2025.0,1
2025-01-14 00:00:00,9097,23.58,86.83,23.11,87.62,30.01,2025.0,1
2025-01-14 01:00:00,9098,23.58,84.77,23.11,85.97,24.28,2025.0,1
2025-01-14 02:00:00,9099,23.19,88.63,22.64,89.53,32.76,2025.0,1
2025-01-14 03:00:00,9100,22.85,89.93,22.38,90.7,35.09,2025.0,1
2025-01-14 04:00:00,9101,22.8,88.33,22.27,89.03,26.49,2025.0,1
2025-01-14 05:00:00,9102,22.45,89.33,21.97,90.2,25.53,2025.0,1
2025-01-14 06:00:00,9103,22.42,90.67,22.35,89.97,35.58,2025.0,1
2025-01-14 07:00:00,9104,23.3,87.14,23.87,84.61,35.6,2025.0,1
2025-01-14 08:00:00,9105,25.38,77.83,26.66,75.13,36.84,2025.0,1
2025-01-14 09:00:00,9106,28.21,66.47,30.24,65.1,41.87,2025.0,1
2025-01-14 10:00:00,9107,29.09,61.63,30.18,64.23,27.6,2025.0,1
2025-01-14 11:00:00,9108,27.16,68.33,27.62,70.97,11.67,2025.0,1
2025-01-14 12:00:00,9109,27.12,68.19,27.83,70.48,13.0,2025.0,1
2025-01-14 13:00:00,9110,28.26,64.86,29.1,70.21,9.1,2025.0,1
2025-01-14 14:00:00,9111,27.49,69.43,27.94,73.23,23.5,2025.0,1
2025-01-14 15:00:00,9112,26.19,76.5,26.21,79.1,33.4,2025.0,1
2025-01-15 11:00:00,9132,30.47,61.23,33.34,60.88,56.08,2025.0,1
2025-01-17 05:00:00,9174,23.38,84.13,23.02,84.53,7.39,2025.0,1
2025-01-17 06:00:00,9175,23.47,83.53,23.87,82.0,11.72,2025.0,1
2025-01-17 08:00:00,9177,25.01,76.78,26.83,72.85,16.19,2025.0,1
2025-01-17 09:00:00,9178,25.61,76.37,26.78,74.3,23.33,2025.0,1
2025-01-20 07:00:00,9248,24.97,69.47,0.0,0.0,9.53,2025.0,1
2025-01-20 08:00:00,9249,24.04,64.5,0.0,0.0,16.2,2025.0,1
2025-01-20 09:00:00,9250,24.3,64.13,0.0,0.0,14.93,2025.0,1
2025-01-20 10:00:00,9251,24.03,63.25,0.0,0.0,11.93,2025.0,1
2025-01-22 12:00:00,9301,26.56,72.52,27.36,73.76,11.2,2025.0,1
2025-01-22 13:00:00,9302,26.34,75.47,27.49,75.8,18.63,2025.0,1
2025-01-22 14:00:00,9303,26.67,73.9,27.34,76.1,21.5,2025.0,1
2025-01-22 15:00:00,9304,26.33,77.4,26.41,78.83,27.14,2025.0,1
2025-01-22 16:00:00,9305,25.49,81.43,25.07,84.1,19.47,2025.0,1
2025-01-22 17:00:00,9306,24.05,86.85,22.83,92.92,20.67,2025.0,1
2025-01-22 18:00:00,9307,22.88,90.97,21.18,99.21,21.09,2025.0,1
2025-01-22 19:00:00,9308,22.46,92.33,20.75,100.0,22.07,2025.0,1
2025-01-22 20:00:00,9309,22.29,92.13,20.89,100.0,18.2,2025.0,1
2025-01-22 21:00:00,9310,22.23,92.07,20.96,100.0,24.92,2025.0,1
2025-01-22 22:00:00,9311,21.97,95.43,21.18,99.5,39.93,2025.0,1
2025-01-22 23:00:00,9312,21.6,95.73,21.0,97.0,37.8,2025.0,1
2025-01-23 00:00:00,9313,21.35,95.57,20.76,96.25,34.31,2025.0,1
2025-01-23 01:00:00,9314,21.08,94.28,20.59,94.72,22.55,2025.0,1
2025-01-23 02:00:00,9315,20.95,95.67,20.38,96.17,28.3,2025.0,1
2025-01-23 03:00:00,9316,20.78,98.3,20.2,97.77,26.11,2025.0,1
2025-01-23 04:00:00,9317,20.78,99.0,20.2,98.6,29.01,2025.0,1
2025-01-23 05:00:00,9318,20.75,99.0,20.13,99.77,29.01,2025.0,1
2025-01-23 06:00:00,9319,20.71,99.0,20.42,99.37,42.43,2025.0,1
2025-01-23 07:00:00,9320,21.53,97.43,23.1,90.93,45.31,2025.0,1
2025-01-23 08:00:00,9321,25.51,80.77,31.07,67.37,44.26,2025.0,1
2025-01-23 09:00:00,9322,26.57,72.77,28.46,72.57,46.87,2025.0,1
2025-01-23 10:00:00,9323,27.98,66.3,29.25,69.73,32.93,2025.0,1
2025-01-23 11:00:00,9324,28.34,65.4,29.3,70.13,19.57,2025.0,1
2025-01-23 12:00:00,9325,27.81,66.85,28.84,71.68,19.75,2025.0,1
2025-01-23 13:00:00,9326,27.43,68.13,28.15,73.9,26.03,2025.0,1
2025-01-23 14:00:00,9327,27.03,71.0,27.63,76.31,36.48,2025.0,1
2025-01-23 15:00:00,9328,26.79,72.9,27.28,76.97,44.43,2025.0,1
2025-01-23 16:00:00,9329,25.01,81.97,24.18,87.17,39.95,2025.0,1
2025-01-23 17:00:00,9330,21.66,92.92,20.18,100.0,11.34,2025.0,1
2025-01-23 18:00:00,9331,21.97,91.17,20.23,100.0,10.97,2025.0,1
2025-01-23 19:00:00,9332,22.18,90.77,20.53,100.0,16.93,2025.0,1
2025-01-23 20:00:00,9333,21.99,94.1,20.71,100.0,24.88,2025.0,1
2025-01-23 21:00:00,9334,21.8,93.52,20.56,100.0,25.74,2025.0,1
2025-01-23 22:00:00,9335,21.71,95.12,20.64,100.0,29.56,2025.0,1
2025-01-23 23:00:00,9336,21.41,97.15,20.47,100.0,36.55,2025.0,1
2025-01-24 00:00:00,9337,21.09,98.57,20.35,100.0,36.69,2025.0,1
2025-01-24 01:00:00,9338,21.03,97.97,20.23,100.0,37.32,2025.0,1
2025-01-24 02:00:00,9339,21.08,95.83,20.2,100.0,37.14,2025.0,1
2025-01-24 03:00:00,9340,21.2,96.47,20.28,100.0,38.26,2025.0,1
2025-01-24 04:00:00,9341,20.98,96.9,20.12,100.0,35.58,2025.0,1
2025-01-24 05:00:00,9342,20.87,98.33,20.06,100.0,40.04,2025.0,1
2025-01-24 06:00:00,9343,20.93,99.0,20.7,100.0,57.26,2025.0,1
2025-01-24 07:00:00,9344,23.47,91.9,26.08,99.63,47.97,2025.0,1
2025-01-24 08:00:00,9345,26.5,78.97,28.79,83.83,58.51,2025.0,1
2025-01-24 09:00:00,9346,27.92,74.07,30.59,71.07,,2025.0,1
2025-01-24 10:00:00,9347,28.74,69.2,30.57,71.37,,2025.0,1
2025-01-24 11:00:00,9348,28.87,65.83,30.26,70.03,11.07,2025.0,1
2025-01-24 12:00:00,9349,29.65,62.07,31.09,67.83,3.31,2025.0,1
2025-01-24 13:00:00,9350,29.72,64.47,30.65,70.87,23.27,2025.0,1
2025-01-24 14:00:00,9351,25.41,81.59,24.22,90.79,26.2,2025.0,1
2025-01-24 15:00:00,9352,23.21,91.71,22.42,99.07,17.52,2025.0,1
2025-01-24 16:00:00,9353,22.76,93.3,21.73,,4.63,2025.0,1
2025-01-24 17:00:00,9354,21.23,98.46,20.47,100.0,2.09,2025.0,1
2025-01-24 18:00:00,9355,21.21,99.0,,100.0,5.27,2025.0,1
2025-01-24 19:00:00,9356,21.4,99.0,20.66,100.0,12.06,2025.0,1
2025-01-24 20:00:00,9357,21.32,99.0,20.66,100.0,13.3,2025.0,1
2025-01-24 21:00:00,9358,21.38,99.0,20.69,,19.14,2025.0,1
2025-01-24 23:00:00,9360,21.34,99.0,20.62,100.0,15.91,2025.0,1
2025-01-25 00:00:00,9361,21.35,99.0,20.59,100.0,20.86,2025.0,1
2025-01-25 01:00:00,9362,21.19,99.0,20.5,100.0,26.06,2025.0,1
2025-01-25 02:00:00,9363,21.1,99.0,20.51,100.0,26.46,2025.0,1
2025-01-25 03:00:00,9364,21.29,99.0,20.56,100.0,27.67,2025.0,1
2025-01-25 04:00:00,9365,21.32,99.0,20.46,100.0,26.93,2025.0,1
2025-01-25 05:00:00,9366,21.39,99.0,20.52,100.0,27.78,2025.0,1
2025-01-25 06:00:00,9367,21.51,99.0,20.8,100.0,31.13,2025.0,1
2025-01-25 07:00:00,9368,22.82,95.4,24.24,99.03,30.84,2025.0,1
2025-01-25 08:00:00,9369,25.1,86.2,27.99,97.83,33.63,2025.0,1
2025-01-25 09:00:00,9370,27.31,76.6,28.5,82.53,38.2,2025.0,1
2025-01-25 10:00:00,9371,29.99,66.3,31.46,68.93,29.77,2025.0,1
2025-01-25 11:00:00,9372,31.32,60.3,33.43,64.47,25.93,2025.0,1
2025-01-25 12:00:00,9373,29.04,66.1,29.27,73.5,36.77,2025.0,1
2025-01-25 13:00:00,9374,26.62,76.87,25.81,84.5,24.52,2025.0,1
2025-01-25 14:00:00,9375,25.36,78.67,22.74,93.97,9.84,2025.0,1
2025-01-25 15:00:00,9376,26.44,73.5,24.3,92.1,26.95,2025.0,1
2025-01-25 16:00:00,9377,25.06,83.13,24.98,84.93,24.66,2025.0,1
2025-01-25 17:00:00,9378,23.68,90.67,23.22,92.3,25.59,2025.0,1
2025-01-25 18:00:00,9379,22.45,96.93,21.62,99.5,28.07,2025.0,1
2025-01-25 19:00:00,9380,22.5,95.86,21.81,99.0,23.83,2025.0,1
2025-01-25 20:00:00,9381,22.62,93.77,22.19,94.23,19.45,2025.0,1
2025-01-25 21:00:00,9382,23.12,90.6,22.64,91.13,16.93,2025.0,1
2025-01-25 22:00:00,9383,22.7,95.4,22.1,96.0,32.74,2025.0,1
2025-01-25 23:00:00,9384,22.6,96.0,22.07,96.07,34.1,2025.0,1
2025-01-26 00:00:00,9385,22.43,98.63,21.79,99.1,53.09,2025.0,1
2025-01-26 01:00:00,9386,22.19,99.0,21.63,100.0,49.0,2025.0,1
2025-01-26 02:00:00,9387,22.1,98.9,21.58,98.97,41.76,2025.0,1
2025-01-26 03:00:00,9388,21.83,99.0,21.24,99.53,36.49,2025.0,1
2025-01-26 04:00:00,9389,21.66,99.0,20.98,100.0,44.64,2025.0,1
2025-01-26 05:00:00,9390,21.59,99.0,20.88,100.0,46.57,2025.0,1
2025-01-26 06:00:00,9391,21.57,99.0,21.52,99.3,43.68,2025.0,1
2025-01-26 07:00:00,9392,23.44,95.17,27.77,80.73,46.92,2025.0,1
2025-01-26 08:00:00,9393,26.52,82.17,32.11,69.23,56.04,2025.0,1
2025-01-26 09:00:00,9394,29.0,70.46,30.42,70.92,49.38,2025.0,1
2025-01-26 10:00:00,9395,28.98,67.23,29.97,70.8,26.1,2025.0,1
2025-01-26 11:00:00,9396,28.83,66.87,29.59,71.73,9.57,2025.0,1
2025-01-26 12:00:00,9397,29.46,64.63,30.5,70.53,5.7,2025.0,1
2025-01-26 13:00:00,9398,28.77,68.77,29.69,73.87,6.1,2025.0,1
2025-01-26 14:00:00,9399,28.0,71.32,28.14,78.04,13.39,2025.0,1
2025-01-26 15:00:00,9400,24.72,83.96,24.46,87.36,12.18,2025.0,1
2025-01-26 16:00:00,9401,23.06,93.37,22.98,92.73,14.92,2025.0,1
2025-01-26 17:00:00,9402,22.55,97.8,22.25,96.97,19.05,2025.0,1
2025-01-26 18:00:00,9403,22.54,99.0,22.05,99.21,25.68,2025.0,1
2025-01-26 20:00:00,9405,22.5,99.0,22.11,98.2,24.66,2025.0,1
2025-01-26 21:00:00,9406,22.3,99.0,21.85,99.03,29.84,2025.0,1
2025-01-26 22:00:00,9407,22.43,99.0,21.81,100.0,28.05,2025.0,1
2025-01-26 23:00:00,9408,22.42,99.0,21.83,99.53,34.19,2025.0,1
2025-01-27 00:00:00,9409,22.36,99.0,21.77,100.0,36.69,2025.0,1
2025-01-27 01:00:00,9410,22.3,99.0,21.78,100.0,37.32,2025.0,1
2025-01-27 02:00:00,9411,22.41,99.0,21.93,100.0,38.93,2025.0,1
2025-01-27 03:00:00,9412,21.95,99.0,21.42,100.0,33.41,2025.0,1
2025-01-27 04:00:00,9413,21.67,99.0,21.16,99.63,30.82,2025.0,1
2025-01-27 05:00:00,9414,21.58,99.0,21.04,99.83,33.52,2025.0,1
2025-01-27 06:00:00,9415,21.65,99.0,21.25,99.8,36.05,2025.0,1
2025-01-27 07:00:00,9416,22.03,98.5,22.58,95.1,36.22,2025.0,1
2025-01-27 08:00:00,9417,24.77,86.63,29.03,74.17,30.66,2025.0,1
2025-01-27 09:00:00,9418,27.12,77.83,30.33,71.3,45.63,2025.0,1
2025-01-27 10:00:00,9419,28.79,69.47,31.85,66.73,41.07,2025.0,1
2025-01-27 11:00:00,9420,28.94,64.03,32.74,62.17,31.57,2025.0,1
2025-01-27 12:00:00,9421,30.83,56.2,33.31,59.43,26.87,2025.0,1
2025-01-27 13:00:00,9422,29.02,60.31,29.85,65.97,7.0,2025.0,1
2025-01-27 14:00:00,9423,27.88,67.17,28.33,72.28,7.31,2025.0,1
2025-01-27 15:00:00,9424,26.7,73.47,26.81,78.33,29.37,2025.0,1
2025-01-27 16:00:00,9425,25.62,80.62,25.45,83.21,29.33,2025.0,1
2025-01-27 17:00:00,9426,25.38,81.23,25.2,82.8,27.65,2025.0,1
2025-01-27 18:00:00,9427,25.05,81.67,24.66,83.7,28.32,2025.0,1
2025-01-27 19:00:00,9428,24.44,81.61,24.04,83.61,22.64,2025.0,1
2025-01-27 20:00:00,9429,24.12,81.97,23.69,84.17,23.33,2025.0,1
2025-01-27 21:00:00,9430,23.73,83.38,23.29,85.28,26.89,2025.0,1
2025-01-27 22:00:00,9431,23.38,85.63,22.93,86.53,31.18,2025.0,1
2025-01-27 23:00:00,9432,23.1,85.17,22.71,85.5,22.64,2025.0,1
2025-01-28 00:00:00,9433,22.86,81.87,22.48,82.77,19.83,2025.0,1
2025-01-28 01:00:00,9434,22.68,83.4,22.15,84.57,30.8,2025.0,1
2025-01-28 02:00:00,9435,22.4,86.07,21.79,87.5,34.59,2025.0,1
2025-01-28 03:00:00,9436,21.66,94.43,21.02,95.27,44.53,2025.0,1
2025-01-28 04:00:00,9437,21.52,94.57,20.94,94.97,41.88,2025.0,1
2025-01-28 05:00:00,9438,21.34,91.6,20.78,92.2,34.26,2025.0,1
2025-01-28 06:00:00,9439,21.57,90.17,21.56,89.2,34.33,2025.0,1
2025-01-28 07:00:00,9440,23.17,82.37,25.14,76.27,44.38,2025.0,1
2025-01-28 08:00:00,9441,25.66,73.73,29.71,66.03,41.83,2025.0,1
2025-01-28 09:00:00,9442,26.6,68.17,28.35,69.7,23.1,2025.0,1
2025-01-28 10:00:00,9443,29.09,61.17,30.96,65.37,17.77,2025.0,1
2025-01-28 11:00:00,9444,28.97,62.53,30.67,67.07,21.3,2025.0,1
2025-01-28 12:00:00,9445,27.54,69.1,28.67,73.83,27.7,2025.0,1
2025-01-28 13:00:00,9446,28.13,68.17,29.1,73.2,29.07,2025.0,1
2025-01-28 16:00:00,9449,22.95,90.17,22.66,91.43,14.16,2025.0,1
2025-01-28 17:00:00,9450,23.18,88.71,22.87,88.86,16.08,2025.0,1
2025-01-28 18:00:00,9451,23.04,89.52,22.59,90.07,22.69,2025.0,1
2025-01-28 19:00:00,9452,22.85,90.89,22.42,91.43,25.89,2025.0,1
2025-01-28 20:00:00,9453,22.72,91.72,22.28,92.08,33.18,2025.0,1
2025-01-28 21:00:00,9454,22.55,93.15,22.1,93.19,34.42,2025.0,1
2025-01-28 22:00:00,9455,22.64,92.82,22.25,92.64,30.8,2025.0,1
2025-01-28 23:00:00,9456,22.74,91.39,22.35,91.36,23.69,2025.0,1
2025-01-29 00:00:00,9457,22.35,93.67,21.87,93.77,27.49,2025.0,1
2025-01-29 01:00:00,9458,22.17,95.17,21.74,94.7,26.67,2025.0,1
2025-01-29 02:00:00,9459,21.74,97.77,21.09,98.37,23.34,2025.0,1
2025-01-29 03:00:00,9460,21.51,99.0,20.82,99.9,22.2,2025.0,1
2025-01-29 04:00:00,9461,21.44,99.0,20.74,100.0,21.1,2025.0,1
2025-01-29 05:00:00,9462,21.59,98.93,20.71,100.0,23.27,2025.0,1
2025-01-29 06:00:00,9463,21.63,96.07,20.62,100.0,17.96,2025.0,1
2025-01-29 07:00:00,9464,21.92,94.41,21.48,96.11,17.07,2025.0,1
2025-01-29 08:00:00,9465,22.17,93.21,22.21,91.52,20.84,2025.0,1
2025-01-29 09:00:00,9466,22.55,92.17,22.73,89.83,23.38,2025.0,1
2025-01-29 10:00:00,9467,22.26,93.93,21.41,97.62,24.26,2025.0,1
2025-01-29 11:00:00,9468,23.31,89.11,23.47,89.93,17.99,2025.0,1
2025-01-29 12:00:00,9469,23.9,84.96,24.37,83.38,17.83,2025.0,1
2025-01-29 13:00:00,9470,23.41,87.48,23.59,85.89,16.31,2025.0,1
2025-01-29 14:00:00,9471,23.03,88.69,22.2,94.97,13.01,2025.0,1
2025-01-29 15:00:00,9472,23.64,84.88,22.56,83.96,14.99,2025.0,1
2025-01-29 16:00:00,9473,22.85,88.83,22.71,88.59,12.59,2025.0,1
2025-01-29 17:00:00,9474,23.03,88.15,22.05,87.62,16.62,2025.0,1
2025-01-29 18:00:00,9475,22.7,90.41,22.36,90.52,19.68,2025.0,1
2025-01-29 19:00:00,9476,22.52,88.16,22.12,91.79,23.13,2025.0,1
2025-01-29 20:00:00,9477,22.37,92.12,21.96,92.36,26.96,2025.0,1
2025-01-29 21:00:00,9478,22.32,91.54,21.93,91.56,26.0,2025.0,1
2025-01-29 22:00:00,9479,22.03,93.74,21.57,93.93,27.82,2025.0,1
2025-01-29 23:00:00,9480,21.98,94.17,21.67,93.76,26.34,2025.0,1
2025-01-30 00:00:00,9481,21.59,96.97,20.94,97.67,21.86,2025.0,1
2025-01-30 01:00:00,9482,20.86,98.86,20.06,100.0,8.53,2025.0,1
2025-01-30 02:00:00,9483,20.71,98.76,19.84,100.0,10.74,2025.0,1
2025-01-30 03:00:00,9484,20.71,98.5,19.78,100.0,14.29,2025.0,1
2025-01-30 04:00:00,9485,20.93,96.8,19.98,100.0,14.05,2025.0,1
2025-01-30 05:00:00,9486,21.02,96.17,20.1,100.0,18.05,2025.0,1
2025-01-30 06:00:00,9487,20.74,98.8,20.14,100.0,25.66,2025.0,1
2025-01-30 07:00:00,9488,20.85,98.3,20.23,100.0,23.78,2025.0,1
2025-01-30 08:00:00,9489,22.02,92.7,21.36,98.03,16.64,2025.0,1
2025-01-30 09:00:00,9490,22.57,89.61,23.09,86.82,18.14,2025.0,1
2025-01-30 10:00:00,9491,23.14,86.03,23.45,83.93,17.58,2025.0,1
2025-01-30 11:00:00,9492,23.02,85.83,22.71,86.83,20.33,2025.0,1
2025-01-30 12:00:00,9493,21.92,91.89,20.54,99.44,25.11,2025.0,1
2025-01-30 13:00:00,9494,23.5,82.23,22.94,93.12,23.07,2025.0,1
2025-01-30 14:00:00,9495,23.75,83.15,23.88,81.27,20.8,2025.0,1
2025-01-30 15:00:00,9496,23.54,84.59,23.79,83.67,22.56,2025.0,1
2025-01-30 16:00:00,9497,23.54,85.41,23.53,85.0,23.29,2025.0,1
2025-01-30 17:00:00,9498,23.49,86.21,23.31,85.93,25.04,2025.0,1
2025-01-30 18:00:00,9499,23.03,86.69,22.65,87.1,25.83,2025.0,1
2025-01-30 19:00:00,9500,22.56,89.7,22.12,90.19,30.62,2025.0,1
2025-01-30 20:00:00,9501,22.36,91.19,21.97,91.65,36.59,2025.0,1
2025-01-30 21:00:00,9502,,92.7,21.88,,37.55,2025.0,1
2025-01-30 22:00:00,9503,22.1,94.48,21.68,94.39,37.61,2025.0,1
2025-01-30 23:00:00,9504,21.66,97.37,20.89,98.63,34.66,2025.0,1
2025-01-31 00:00:00,9505,21.37,99.0,20.59,100.0,34.02,2025.0,1
2025-01-31 01:00:00,9506,21.58,98.03,20.61,100.0,32.96,2025.0,1
2025-01-31 02:00:00,9507,21.53,96.87,20.49,100.0,27.83,2025.0,1
2025-01-31 03:00:00,9508,21.3,97.57,20.34,100.0,25.33,2025.0,1
2025-01-31 04:00:00,9509,21.32,98.57,20.46,100.0,26.78,2025.0,1
2025-01-31 05:00:00,9510,21.45,98.1,20.56,100.0,28.3,2025.0,1
2025-01-31 06:00:00,9511,21.6,96.03,20.73,100.0,27.54,2025.0,1
2025-01-31 07:00:00,9512,22.25,93.03,22.68,91.53,27.05,2025.0,1
2025-01-31 08:00:00,9513,23.1,89.43,24.16,84.73,26.42,2025.0,1
2025-01-31 09:00:00,9514,24.1,84.53,24.96,81.6,26.53,2025.0,1
2025-01-31 10:00:00,9515,24.85,80.25,25.63,78.0,26.59,2025.0,1
2025-01-31 11:00:00,9516,24.76,80.9,25.51,79.0,24.74,2025.0,1
2025-01-31 12:00:00,9517,25.47,77.96,26.38,76.12,31.55,2025.0,1
2025-01-31 13:00:00,9518,25.83,76.38,26.42,75.9,35.17,2025.0,1
2025-01-31 14:00:00,9519,26.01,75.54,26.54,75.68,36.79,2025.0,1
2025-01-31 15:00:00,9520,25.86,77.11,26.42,76.76,39.79,2025.0,1
2025-01-31 16:00:00,9521,25.46,79.32,25.6,79.61,35.95,2025.0,1
2025-01-31 17:00:00,9522,24.63,82.67,24.51,83.78,28.79,2025.0,1
2025-01-31 18:00:00,9523,23.85,86.85,23.48,88.5,32.21,2025.0,1
2025-01-31 19:00:00,9524,23.55,89.17,23.18,90.17,36.0,2025.0,1
2025-01-31 20:00:00,9525,23.26,91.08,22.88,91.56,37.68,2025.0,1
2025-01-31 21:00:00,9526,23.18,90.62,22.84,90.66,33.75,2025.0,1
2025-02-05 12:00:00,9637,26.61,72.0,27.29,73.43,10.4,2025.0,2
2025-02-05 13:00:00,9638,26.85,70.43,27.24,74.63,8.33,2025.0,2
2025-02-05 14:00:00,9639,24.36,83.72,22.44,96.83,16.2,2025.0,2
2025-02-05 15:00:00,9640,23.07,89.13,21.76,98.63,11.5,2025.0,2
2025-02-05 16:00:00,9641,25.0,81.07,23.24,96.0,15.71,2025.0,2
2025-02-05 17:00:00,9642,24.72,78.29,24.67,80.21,16.5,2025.0,2
2025-02-05 18:00:00,9643,24.52,77.39,24.25,79.75,28.69,2025.0,2
2025-02-05 19:00:00,9644,24.23,75.11,23.95,78.14,26.75,2025.0,2
2025-02-05 20:00:00,9645,23.89,76.83,23.52,79.76,28.06,2025.0,2
2025-02-05 21:00:00,9646,23.47,80.79,23.02,82.17,21.84,2025.0,2
2025-02-05 22:00:00,9647,23.29,81.22,22.92,82.37,19.43,2025.0,2
2025-02-05 23:00:00,9648,23.26,80.52,22.89,83.55,21.46,2025.0,2
2025-02-06 00:00:00,9649,23.05,81.73,22.62,84.97,27.43,2025.0,2
2025-02-06 01:00:00,9650,22.69,83.57,22.18,85.8,26.38,2025.0,2
2025-02-06 02:00:00,9651,22.53,84.2,22.16,85.93,19.41,2025.0,2
2025-02-06 03:00:00,9652,22.29,85.9,21.91,87.1,19.54,2025.0,2
2025-02-06 04:00:00,9653,22.28,86.6,21.87,87.67,16.3,2025.0,2
2025-02-06 05:00:00,9654,22.42,87.37,22.0,88.17,17.42,2025.0,2
2025-02-06 06:00:00,9655,22.53,88.23,22.24,88.63,22.53,2025.0,2
2025-02-06 07:00:00,9656,22.89,88.5,23.3,86.93,25.91,2025.0,2
2025-02-06 08:00:00,9657,23.2,87.7,23.58,86.37,22.47,2025.0,2
2025-02-06 09:00:00,9658,23.01,88.33,23.32,87.07,20.5,2025.0,2
2025-02-06 10:00:00,9659,24.05,84.0,24.83,84.27,19.83,2025.0,2
2025-02-06 11:00:00,9660,24.14,82.9,24.82,84.0,17.0,2025.0,2
2025-02-06 12:00:00,9661,24.09,83.17,24.5,84.75,18.44,2025.0,2
2025-02-06 13:00:00,9662,24.02,83.47,24.65,84.47,21.84,2025.0,2
2025-02-06 14:00:00,9663,24.22,82.73,24.56,84.43,22.24,2025.0,2
2025-02-06 15:00:00,9664,24.1,83.17,24.41,84.83,22.65,2025.0,2
2025-02-06 16:00:00,9665,24.69,81.43,25.01,83.9,26.27,2025.0,2
2025-02-06 17:00:00,9666,24.47,81.93,24.29,85.1,27.02,2025.0,2
2025-02-06 18:00:00,9667,23.67,86.38,23.22,88.28,32.09,2025.0,2
2025-02-06 19:00:00,9668,23.17,90.27,22.73,90.92,34.92,2025.0,2
2025-02-06 20:00:00,9669,23.12,91.32,22.72,91.56,34.6,2025.0,2
2025-02-06 21:00:00,9670,23.01,91.72,22.54,92.1,32.83,2025.0,2
2025-02-06 22:00:00,9671,22.64,92.32,22.23,92.75,31.44,2025.0,2
2025-02-06 23:00:00,9672,22.39,93.39,21.93,93.75,36.87,2025.0,2
2025-02-07 00:00:00,9673,22.54,92.0,22.19,92.07,30.38,2025.0,2
2025-02-07 01:00:00,9674,22.15,94.17,21.6,94.67,37.5,2025.0,2
2025-02-07 02:00:00,9675,21.68,91.7,21.31,91.67,33.12,2025.0,2
2025-02-07 03:00:00,9676,21.71,91.77,21.22,92.33,35.87,2025.0,2
2025-02-07 04:00:00,9677,21.85,91.73,21.39,92.07,38.15,2025.0,2
2025-02-07 05:00:00,9678,21.68,97.17,21.06,97.67,28.36,2025.0,2
2025-02-07 06:00:00,9679,21.37,98.77,20.6,100.0,24.59,2025.0,2
2025-02-07 07:00:00,9680,21.6,98.23,20.9,100.0,28.27,2025.0,2
2025-02-07 08:00:00,9681,22.23,94.86,21.87,96.55,26.13,2025.0,2
2025-02-07 09:00:00,9682,22.81,92.2,23.44,88.87,27.92,2025.0,2
2025-02-07 10:00:00,9683,24.15,84.57,25.04,81.7,24.97,2025.0,2
2025-02-07 11:00:00,9684,24.86,82.48,25.76,79.9,24.19,2025.0,2
2025-02-07 12:00:00,9685,24.61,80.93,26.01,79.1,24.99,2025.0,2
2025-02-07 13:00:00,9686,26.74,74.26,27.3,74.78,32.89,2025.0,2
2025-02-07 14:00:00,9687,26.23,76.83,26.9,76.37,40.08,2025.0,2
2025-02-07 15:00:00,9688,26.3,75.57,26.71,76.2,38.0,2025.0,2
2025-02-07 16:00:00,9689,25.73,78.48,25.82,79.03,38.07,2025.0,2
2025-02-07 17:00:00,9690,25.39,82.3,25.21,83.67,31.27,2025.0,2
2025-02-07 18:00:00,9691,24.33,85.86,23.99,87.69,32.92,2025.0,2
2025-02-07 19:00:00,9692,23.96,87.68,23.59,89.46,36.97,2025.0,2
2025-02-07 21:00:00,9694,23.64,90.2,23.24,91.0,40.85,2025.0,2
2025-02-07 22:00:00,9695,23.35,91.72,22.88,91.86,39.62,2025.0,2
2025-02-07 23:00:00,9696,23.25,92.6,22.86,92.47,42.88,2025.0,2
2025-02-08 00:00:00,9697,22.87,95.27,22.43,95.03,44.53,2025.0,2
2025-02-08 01:00:00,9698,22.55,96.23,22.17,95.8,42.72,2025.0,2
2025-02-08 02:00:00,9699,22.43,96.67,21.97,96.33,36.2,2025.0,2
2025-02-08 03:00:00,9700,21.97,98.13,21.3,99.23,34.51,2025.0,2
2025-02-08 04:00:00,9701,21.92,99.0,21.37,99.1,35.76,2025.0,2
2025-02-08 05:00:00,9702,22.0,98.03,21.52,97.17,34.84,2025.0,2
2025-02-08 06:00:00,9703,22.63,95.53,23.43,91.2,41.63,2025.0,2
2025-02-08 07:00:00,9704,23.84,90.17,26.08,82.4,46.83,2025.0,2
2025-02-08 08:00:00,9705,23.64,82.43,24.96,77.57,12.01,2025.0,2
2025-02-08 09:00:00,9706,24.84,78.89,25.8,76.29,22.6,2025.0,2
2025-02-08 10:00:00,9707,26.08,75.0,26.97,73.8,28.7,2025.0,2
2025-02-08 11:00:00,9708,26.71,72.64,27.69,72.61,30.46,2025.0,2
2025-02-08 12:00:00,9709,25.89,76.55,26.47,76.45,31.38,2025.0,2
2025-02-08 13:00:00,9710,26.33,74.67,26.84,75.57,33.07,2025.0,2
2025-02-08 14:00:00,9711,26.84,73.13,27.23,75.0,36.33,2025.0,2
2025-02-08 15:00:00,9712,26.54,75.33,26.89,76.67,40.27,2025.0,2
2025-02-08 16:00:00,9713,26.1,77.83,26.17,79.03,39.15,2025.0,2
2025-02-08 17:00:00,9714,25.1,82.11,24.9,83.61,30.72,2025.0,2
2025-02-08 18:00:00,9715,24.64,83.4,24.32,85.28,33.34,2025.0,2
2025-02-08 19:00:00,9716,24.11,86.18,23.67,88.93,43.36,2025.0,2
2025-02-08 20:00:00,9717,23.69,88.82,23.34,90.21,38.5,2025.0,2
2025-02-08 21:00:00,9718,23.41,91.04,23.01,91.29,39.0,2025.0,2
2025-02-08 22:00:00,9719,23.19,93.03,22.71,93.27,47.19,2025.0,2
2025-02-08 23:00:00,9720,22.89,94.87,22.45,94.77,50.92,2025.0,2
2025-02-09 00:00:00,9721,22.53,97.37,22.12,96.77,51.41,2025.0,2
2025-02-09 01:00:00,9722,22.48,96.9,22.12,95.9,47.59,2025.0,2
2025-02-09 02:00:00,9723,22.42,97.4,21.97,96.73,49.45,2025.0,2
2025-02-09 03:00:00,9724,22.26,97.93,21.77,97.03,46.97,2025.0,2
2025-02-09 04:00:00,9725,22.11,97.17,21.68,96.53,44.22,2025.0,2
2025-02-09 05:00:00,9726,21.73,96.17,21.22,95.9,41.88,2025.0,2
2025-02-09 06:00:00,9727,22.16,95.13,22.43,92.3,40.6,2025.0,2
2025-02-09 07:00:00,9728,22.86,92.23,23.2,89.7,38.46,2025.0,2
2025-02-09 08:00:00,9729,25.3,82.17,28.04,74.73,39.24,2025.0,2
2025-02-09 09:00:00,9730,25.66,79.77,26.88,76.47,34.93,2025.0,2
2025-02-09 10:00:00,9731,26.27,76.7,26.89,75.63,40.23,2025.0,2
2025-02-09 11:00:00,9732,26.81,73.45,27.36,74.55,38.17,2025.0,2
2025-02-09 12:00:00,9733,27.58,69.66,27.93,71.83,29.93,2025.0,2
2025-02-09 13:00:00,9734,27.92,69.73,28.34,71.93,33.3,2025.0,2
2025-02-09 14:00:00,9735,27.42,71.4,27.89,73.53,34.93,2025.0,2
2025-02-09 15:00:00,9736,26.67,74.77,27.0,76.97,38.03,2025.0,2
2025-02-09 16:00:00,9737,26.19,77.87,26.16,79.67,35.36,2025.0,2
2025-02-09 17:00:00,9738,25.08,83.34,24.87,85.1,30.57,2025.0,2
2025-02-09 18:00:00,9739,24.23,86.07,23.91,87.77,31.27,2025.0,2
2025-02-09 19:00:00,9740,23.69,89.3,23.38,90.6,33.01,2025.0,2
2025-02-09 20:00:00,9741,23.53,90.7,23.27,90.5,31.15,2025.0,2
2025-02-09 21:00:00,9742,23.55,90.93,23.22,91.0,32.01,2025.0,2
2025-02-09 22:00:00,9743,23.36,92.33,22.98,92.37,33.01,2025.0,2
2025-02-09 23:00:00,9744,22.91,95.23,22.48,95.07,36.96,2025.0,2
2025-02-10 00:00:00,9745,22.51,97.43,22.09,96.77,35.6,2025.0,2
2025-02-10 01:00:00,9746,22.35,98.93,21.87,98.27,38.46,2025.0,2
2025-02-10 02:00:00,9747,22.18,98.8,21.77,97.93,40.71,2025.0,2
2025-02-10 03:00:00,9748,21.96,97.0,21.5,96.3,38.19,2025.0,2
2025-02-10 04:00:00,9749,21.74,95.77,21.27,95.13,33.21,2025.0,2
2025-02-10 05:00:00,9750,21.5,94.73,21.0,94.43,36.69,2025.0,2
2025-02-10 06:00:00,9751,21.6,93.33,21.79,91.17,40.76,2025.0,2
2025-02-10 07:00:00,9752,23.35,88.47,24.41,83.87,33.52,2025.0,2
2025-02-10 08:00:00,9753,23.46,89.5,23.99,86.8,32.38,2025.0,2
2025-02-10 09:00:00,9754,24.01,85.97,24.88,83.33,30.26,2025.0,2
2025-02-10 10:00:00,9755,24.89,82.27,25.99,78.9,29.1,2025.0,2
2025-02-10 11:00:00,9756,26.24,76.5,27.26,74.83,42.33,2025.0,2
2025-02-10 12:00:00,9757,27.04,72.52,28.17,72.22,42.52,2025.0,2
2025-02-10 13:00:00,9758,28.08,67.55,29.0,68.55,37.39,2025.0,2
2025-02-10 14:00:00,9759,27.73,69.1,28.41,71.0,39.38,2025.0,2
2025-02-10 15:00:00,9760,27.43,72.89,27.94,74.86,43.82,2025.0,2
2025-02-10 16:00:00,9761,26.75,77.13,26.74,79.57,42.86,2025.0,2
2025-02-10 17:00:00,9762,25.42,83.41,25.18,85.07,32.69,2025.0,2
2025-02-10 18:00:00,9763,24.39,86.67,24.13,88.0,34.59,2025.0,2
2025-02-10 19:00:00,9764,24.26,87.17,23.97,88.43,34.88,2025.0,2
2025-02-10 20:00:00,9765,23.91,88.8,23.58,90.5,34.46,2025.0,2
2025-02-10 21:00:00,9766,23.74,89.2,23.39,90.7,38.99,2025.0,2
2025-02-10 22:00:00,9767,23.45,92.13,23.04,92.67,43.15,2025.0,2
2025-02-10 23:00:00,9768,23.09,93.35,22.72,92.92,42.42,2025.0,2
2025-02-11 00:00:00,9769,22.82,94.6,22.34,94.7,55.19,2025.0,2
2025-02-11 01:00:00,9770,22.46,96.43,21.91,96.27,58.47,2025.0,2
2025-02-11 02:00:00,9771,22.12,93.37,21.69,93.2,52.95,2025.0,2
2025-02-11 03:00:00,9772,21.89,94.2,21.32,94.33,64.45,2025.0,2
2025-02-11 04:00:00,9773,21.43,95.63,20.9,95.77,56.01,2025.0,2
2025-02-11 05:00:00,9774,20.97,95.17,20.54,94.73,41.41,2025.0,2
2025-02-11 06:00:00,9775,21.18,94.03,21.0,93.13,55.34,2025.0,2
2025-02-11 07:00:00,9776,22.31,89.5,23.44,84.67,61.91,2025.0,2
2025-02-11 08:00:00,9777,24.98,77.13,28.3,69.2,,2025.0,2
2025-02-11 09:00:00,9778,26.24,70.07,27.38,72.03,66.77,2025.0,2
2025-02-11 10:00:00,9779,26.36,70.93,27.67,73.13,45.8,2025.0,2
2025-02-11 11:00:00,9780,27.72,67.07,28.97,71.0,38.43,2025.0,2
2025-02-11 12:00:00,9781,28.23,65.47,29.09,70.77,38.1,2025.0,2
2025-02-11 13:00:00,9782,29.24,61.43,30.29,67.93,37.53,2025.0,2
2025-02-11 14:00:00,9783,29.58,58.83,30.58,66.87,35.0,2025.0,2
2025-02-11 15:00:00,9784,29.87,59.3,30.64,67.97,37.27,2025.0,2
2025-02-11 16:00:00,9785,28.38,62.73,28.57,71.17,34.23,2025.0,2
2025-02-11 17:00:00,9786,27.91,63.93,27.81,72.77,39.17,2025.0,2
2025-02-11 18:00:00,9787,27.0,69.53,26.58,77.1,48.14,2025.0,2
2025-02-11 19:00:00,9788,25.66,84.13,25.23,86.83,50.88,2025.0,2
2025-02-11 20:00:00,9789,25.26,65.07,24.85,70.23,33.83,2025.0,2
2025-02-11 21:00:00,9790,24.67,63.3,24.27,71.0,22.57,2025.0,2
2025-02-11 22:00:00,9791,24.47,62.57,24.0,71.67,26.8,2025.0,2
2025-02-11 23:00:00,9792,24.02,64.43,23.64,73.03,33.8,2025.0,2
2025-02-12 00:00:00,9793,23.95,64.83,23.56,73.47,35.87,2025.0,2
2025-02-12 01:00:00,9794,23.51,67.23,23.11,74.63,32.87,2025.0,2
2025-02-12 02:00:00,9795,23.53,66.7,23.23,74.27,14.73,2025.0,2
2025-02-12 03:00:00,9796,23.38,68.13,22.92,75.3,11.17,2025.0,2
2025-02-12 04:00:00,9797,22.17,74.6,21.57,78.9,37.77,2025.0,2
2025-02-12 05:00:00,9798,21.6,76.73,21.0,80.17,33.67,2025.0,2
2025-02-12 06:00:00,9799,21.64,79.97,21.74,80.5,40.53,2025.0,2
2025-02-12 07:00:00,9800,23.48,74.73,25.61,73.67,60.1,2025.0,2
2025-02-12 08:00:00,9801,26.37,67.07,30.82,64.5,64.37,2025.0,2
2025-02-12 09:00:00,9802,28.55,57.8,30.14,63.23,36.4,2025.0,2
2025-02-12 10:00:00,9803,28.8,55.83,29.86,63.3,7.8,2025.0,2
2025-02-12 11:00:00,9804,29.86,51.63,31.27,59.57,4.5,2025.0,2
2025-02-12 12:00:00,9805,30.62,48.2,32.19,56.13,7.17,2025.0,2
2025-02-12 13:00:00,9806,30.76,48.77,32.49,56.67,5.6,2025.0,2
2025-02-12 14:00:00,9807,29.75,54.87,31.08,63.53,15.8,2025.0,2
2025-02-12 15:00:00,9808,29.73,55.43,31.02,63.93,16.83,2025.0,2
2025-02-12 16:00:00,9809,29.34,53.73,30.13,63.23,16.07,2025.0,2
2025-02-12 17:00:00,9810,28.53,56.83,28.57,67.33,17.9,2025.0,2
2025-02-12 18:00:00,9811,26.71,62.43,26.38,72.4,27.0,2025.0,2
2025-02-12 19:00:00,9812,26.15,73.67,25.62,78.73,43.73,2025.0,2
2025-02-12 20:00:00,9813,25.4,74.77,24.9,79.3,43.53,2025.0,2
2025-02-12 21:00:00,9814,24.91,74.67,24.36,78.87,32.6,2025.0,2
2025-02-12 22:00:00,9815,24.4,76.97,23.99,80.33,36.73,2025.0,2
2025-02-12 23:00:00,9816,24.22,78.07,23.82,80.9,45.93,2025.0,2
2025-02-13 00:00:00,9817,23.69,79.63,23.22,81.83,40.73,2025.0,2
2025-02-13 01:00:00,9818,23.29,82.1,22.78,83.53,34.75,2025.0,2
2025-02-13 02:00:00,9819,22.9,86.87,22.31,88.37,44.2,2025.0,2
2025-02-13 03:00:00,9820,22.5,88.73,22.02,89.8,47.26,2025.0,2
2025-02-13 04:00:00,9821,22.06,90.23,21.54,91.27,45.09,2025.0,2
2025-02-13 05:00:00,9822,22.04,89.8,21.53,90.83,39.71,2025.0,2
2025-02-13 06:00:00,9823,22.33,89.13,22.39,88.43,43.22,2025.0,2
2025-02-13 07:00:00,9824,24.22,82.37,26.0,77.37,52.34,2025.0,2
2025-02-13 08:00:00,9825,26.58,75.28,31.14,65.9,,2025.0,2
2025-02-13 09:00:00,9826,28.02,67.83,30.92,64.27,53.03,2025.0,2
2025-02-13 10:00:00,9827,29.87,59.5,31.86,62.03,34.77,2025.0,2
2025-02-13 11:00:00,9828,30.54,53.73,31.83,60.57,7.6,2025.0,2
2025-02-13 12:00:00,9829,30.57,53.0,31.71,60.63,6.13,2025.0,2
2025-02-13 13:00:00,9830,31.29,52.5,32.78,59.93,9.83,2025.0,2
2025-02-13 14:00:00,9831,31.5,51.7,32.94,59.5,6.23,2025.0,2
2025-02-13 15:00:00,9832,28.3,61.93,28.36,70.93,14.43,2025.0,2
2025-02-13 16:00:00,9833,27.27,67.14,27.19,75.79,26.14,2025.0,2
2025-02-13 17:00:00,9834,25.92,76.53,25.73,79.83,34.51,2025.0,2
2025-02-13 18:00:00,9835,25.1,80.23,24.87,82.43,22.15,2025.0,2
2025-02-13 19:00:00,9836,24.41,83.67,24.05,86.1,22.11,2025.0,2
2025-02-13 20:00:00,9837,24.18,86.47,23.81,88.53,27.69,2025.0,2
2025-02-13 21:00:00,9838,24.25,86.6,23.84,88.6,30.02,2025.0,2
2025-02-13 22:00:00,9839,23.84,89.17,23.43,90.83,33.34,2025.0,2
2025-02-13 23:00:00,9840,23.54,91.7,23.08,92.33,28.54,2025.0,2
2025-02-14 00:00:00,9841,23.42,91.9,22.95,92.3,27.29,2025.0,2
2025-02-14 01:00:00,9842,23.25,93.8,22.72,93.93,32.05,2025.0,2
2025-02-14 02:00:00,9843,22.94,95.27,22.44,95.13,37.07,2025.0,2
2025-02-14 03:00:00,9844,22.71,93.3,22.27,93.27,45.4,2025.0,2
2025-02-14 04:00:00,9845,22.51,90.67,22.03,91.07,43.06,2025.0,2
2025-02-14 05:00:00,9846,22.49,90.23,22.11,90.33,33.03,2025.0,2
2025-02-14 06:00:00,9847,23.05,88.43,23.45,86.3,33.32,2025.0,2
2025-02-14 07:00:00,9848,24.67,82.67,27.43,75.2,28.72,2025.0,2
2025-02-14 08:00:00,9849,27.37,73.73,32.45,63.73,37.18,2025.0,2
2025-02-14 09:00:00,9850,29.41,65.27,31.78,63.7,40.4,2025.0,2
2025-02-14 10:00:00,9851,31.04,58.8,32.42,62.3,51.23,2025.0,2
2025-02-14 11:00:00,9852,30.09,58.1,31.23,62.55,40.0,2025.0,2
2025-02-14 12:00:00,9853,30.34,57.63,31.21,62.8,29.27,2025.0,2
2025-02-14 13:00:00,9854,30.14,58.4,30.87,63.63,17.73,2025.0,2
2025-02-14 14:00:00,9855,28.63,64.3,28.7,69.2,21.6,2025.0,2
2025-02-14 15:00:00,9856,26.86,71.57,26.82,75.17,22.73,2025.0,2
2025-02-14 16:00:00,9857,24.98,80.77,24.74,82.9,24.31,2025.0,2
2025-02-14 17:00:00,9858,24.09,87.77,23.35,92.0,23.14,2025.0,2
2025-02-14 19:00:00,9860,22.07,95.23,21.56,97.9,15.99,2025.0,2
2025-02-14 20:00:00,9861,21.82,98.37,21.35,98.7,24.12,2025.0,2
2025-02-14 21:00:00,9862,22.03,98.77,21.59,98.17,23.47,2025.0,2
2025-02-14 22:00:00,9863,22.21,98.12,21.7,98.0,23.97,2025.0,2
2025-02-14 23:00:00,9864,22.17,98.73,21.6,98.13,35.93,2025.0,2
2025-02-15 00:00:00,9865,22.06,99.0,21.6,99.0,51.41,2025.0,2
2025-02-15 01:00:00,9866,21.98,98.67,21.51,97.87,40.91,2025.0,2
2025-02-15 02:00:00,9867,21.92,97.8,21.34,97.4,29.28,2025.0,2
2025-02-15 03:00:00,9868,21.63,97.13,21.06,96.93,29.5,2025.0,2
2025-02-15 04:00:00,9869,21.52,96.23,20.96,96.23,30.66,2025.0,2
2025-02-15 05:00:00,9870,21.5,95.97,20.98,95.67,34.1,2025.0,2
2025-02-15 06:00:00,9871,21.7,94.13,22.25,90.77,29.41,2025.0,2
2025-02-15 07:00:00,9872,23.85,87.63,27.62,76.13,33.01,2025.0,2
2025-02-15 08:00:00,9873,26.0,81.43,29.43,71.8,44.39,2025.0,2
2025-02-15 09:00:00,9874,28.33,69.97,29.64,68.43,50.67,2025.0,2
2025-02-15 10:00:00,9875,28.48,65.4,29.07,67.03,30.2,2025.0,2
2025-02-15 11:00:00,9876,28.81,62.67,29.59,65.27,18.63,2025.0,2
2025-02-15 12:00:00,9877,28.77,62.73,29.34,66.23,18.73,2025.0,2
2025-02-15 13:00:00,9878,26.86,70.07,27.28,72.7,27.47,2025.0,2
2025-02-15 14:00:00,9879,26.76,71.0,27.51,72.67,34.27,2025.0,2
2025-02-15 15:00:00,9880,25.93,77.57,26.16,78.3,32.72,2025.0,2
2025-02-15 16:00:00,9881,25.02,80.69,24.82,82.24,22.46,2025.0,2
2025-02-15 17:00:00,9882,24.57,83.2,24.24,84.8,25.71,2025.0,2
2025-02-15 18:00:00,9883,24.13,86.37,23.67,88.5,35.22,2025.0,2
2025-02-15 19:00:00,9884,23.83,88.73,23.41,90.3,40.38,2025.0,2
2025-02-15 20:00:00,9885,23.77,90.07,23.36,91.53,50.96,2025.0,2
2025-02-15 21:00:00,9886,23.54,92.73,23.12,92.9,51.17,2025.0,2
2025-02-15 22:00:00,9887,23.36,94.43,22.96,93.87,43.95,2025.0,2
2025-02-15 23:00:00,9888,23.32,94.6,22.95,93.83,43.55,2025.0,2
2025-02-16 00:00:00,9889,23.07,95.4,22.54,95.1,48.8,2025.0,2
2025-02-16 01:00:00,9890,22.68,96.47,22.15,96.1,62.53,2025.0,2
2025-02-16 02:00:00,9891,22.35,96.23,21.89,95.6,59.34,2025.0,2
2025-02-16 03:00:00,9892,22.39,96.27,21.88,95.67,50.79,2025.0,2
2025-02-16 04:00:00,9893,22.11,97.47,21.65,96.87,40.4,2025.0,2
2025-02-16 05:00:00,9894,22.01,98.0,21.56,97.0,40.51,2025.0,2
2025-02-16 06:00:00,9895,22.24,96.5,22.2,94.53,38.08,2025.0,2
2025-02-16 07:00:00,9896,23.31,90.37,24.04,86.77,57.49,2025.0,2
2025-02-16 08:00:00,9897,24.58,85.3,26.87,78.4,34.68,2025.0,2
2025-02-16 09:00:00,9898,26.3,77.17,28.31,72.03,36.63,2025.0,2
2025-02-16 10:00:00,9899,26.85,73.27,27.68,73.23,33.53,2025.0,2
2025-02-16 11:00:00,9900,27.82,69.07,28.47,70.3,24.5,2025.0,2
2025-02-16 12:00:00,9901,28.25,67.43,28.93,68.97,27.33,2025.0,2
2025-02-16 13:00:00,9902,27.48,70.57,27.8,72.9,29.03,2025.0,2
2025-02-16 14:00:00,9903,26.93,74.93,27.24,76.63,32.53,2025.0,2
2025-02-16 15:00:00,9904,24.1,87.2,23.16,92.47,24.76,2025.0,2
2025-02-16 16:00:00,9905,23.23,92.33,22.22,98.37,25.8,2025.0,2
2025-02-16 18:00:00,9907,23.54,94.0,23.08,94.3,33.92,2025.0,2
2025-02-16 19:00:00,9908,23.21,95.93,22.42,98.17,29.1,2025.0,2
2025-02-16 23:00:00,9912,22.55,99.0,22.0,100.0,30.4,2025.0,2
2025-02-17 00:00:00,9913,22.35,99.0,21.87,99.3,45.05,2025.0,2
2025-02-17 01:00:00,9914,22.22,99.0,21.74,100.0,41.96,2025.0,2
2025-02-17 02:00:00,9915,22.22,99.0,21.8,99.0,38.61,2025.0,2
2025-02-17 03:00:00,9916,22.26,99.0,21.73,99.0,41.58,2025.0,2
2025-02-17 04:00:00,9917,22.0,99.0,21.48,100.0,40.29,2025.0,2
2025-02-17 05:00:00,9918,21.93,99.0,21.59,98.57,36.18,2025.0,2
2025-02-17 06:00:00,9919,22.22,98.33,22.03,96.3,38.5,2025.0,2
2025-02-17 07:00:00,9920,22.81,95.5,23.14,92.13,31.85,2025.0,2
2025-02-17 08:00:00,9921,24.67,87.93,24.34,87.03,0.83,2025.0,2
2025-02-17 09:00:00,9922,25.9,82.0,28.06,74.0,0.0,2025.0,2
2025-02-17 10:00:00,9923,25.9,82.0,28.06,74.0,0.0,2025.0,2
2025-02-17 11:00:00,9924,25.9,82.0,28.06,74.0,0.0,2025.0,2
2025-02-17 12:00:00,9925,25.9,82.0,28.06,74.0,0.0,2025.0,2
2025-02-17 13:00:00,9926,25.9,82.0,28.06,74.0,0.0,2025.0,2
2025-02-17 18:00:00,9931,25.9,82.0,28.06,74.0,0.0,2025.0,2
2025-02-17 19:00:00,9932,25.9,82.0,28.06,74.0,0.0,2025.0,2
2025-02-17 20:00:00,9933,,82.0,28.06,74.0,0.0,2025.0,2
2025-02-17 21:00:00,9934,25.9,82.0,28.06,74.0,0.0,2025.0,2
2025-02-17 22:00:00,9935,25.9,82.0,28.06,74.0,0.0,2025.0,2
2025-02-17 23:00:00,9936,25.9,82.0,28.06,74.0,0.0,2025.0,2
2025-02-18 00:00:00,9937,25.9,82.0,28.06,74.0,0.0,2025.0,2
2025-02-18 01:00:00,9938,25.9,82.0,28.06,74.0,0.0,2025.0,2
2025-02-18 02:00:00,9939,25.9,82.0,28.06,74.0,0.0,2025.0,2
2025-02-18 03:00:00,9940,25.9,82.0,28.06,74.0,0.0,2025.0,2
2025-02-18 04:00:00,9941,25.9,82.0,28.06,74.0,0.0,2025.0,2
2025-02-18 05:00:00,9942,25.9,82.0,28.06,74.0,0.0,2025.0,2
2025-02-18 06:00:00,9943,25.9,82.0,28.06,74.0,0.0,2025.0,2
2025-02-18 07:00:00,9944,25.9,82.0,28.06,74.0,0.0,2025.0,2
2025-02-18 08:00:00,9945,25.9,82.0,28.06,74.0,0.0,2025.0,2
2025-02-18 09:00:00,9946,25.9,82.0,28.06,74.0,0.0,2025.0,2
2025-02-18 10:00:00,9947,25.9,82.0,28.06,74.0,0.0,2025.0,2
2025-02-18 11:00:00,9948,25.9,82.0,28.06,74.0,0.0,2025.0,2
2025-02-18 12:00:00,9949,25.9,82.0,28.06,74.0,0.0,2025.0,2
2025-02-18 13:00:00,9950,25.9,82.0,28.06,74.0,0.0,2025.0,2
2025-02-18 14:00:00,9951,25.9,82.0,28.06,74.0,0.0,2025.0,2
2025-02-18 15:00:00,9952,25.9,82.0,28.06,74.0,0.0,2025.0,2
2025-02-18 16:00:00,9953,25.9,82.0,28.06,74.0,0.0,2025.0,2
2025-02-18 17:00:00,9954,25.9,82.0,28.06,74.0,0.0,2025.0,2
2025-02-18 18:00:00,9955,25.9,82.0,28.06,74.0,0.0,2025.0,2
2025-02-18 19:00:00,9956,25.9,82.0,28.06,74.0,0.0,2025.0,2
2025-02-18 20:00:00,9957,25.9,82.0,28.06,74.0,0.0,2025.0,2
2025-02-18 21:00:00,9958,25.9,82.0,28.06,74.0,0.0,2025.0,2
2025-02-18 22:00:00,9959,25.9,82.0,28.06,74.0,0.0,2025.0,2
2025-02-18 23:00:00,9960,25.9,82.0,28.06,74.0,0.0,2025.0,2
2025-02-19 00:00:00,9961,25.9,82.0,28.06,74.0,0.0,2025.0,2
2025-02-19 01:00:00,9962,25.9,82.0,28.06,74.0,0.0,2025.0,2
2025-02-19 02:00:00,9963,25.9,82.0,28.06,74.0,0.0,2025.0,2
2025-02-19 03:00:00,9964,25.9,82.0,28.06,74.0,0.0,2025.0,2
2025-02-19 04:00:00,9965,25.9,82.0,28.06,74.0,0.0,2025.0,2
2025-02-19 05:00:00,9966,25.9,82.0,28.06,74.0,0.0,2025.0,2
2025-02-19 06:00:00,9967,25.9,82.0,28.06,74.0,0.0,2025.0,2
2025-02-19 07:00:00,9968,25.9,82.0,28.06,74.0,0.0,2025.0,2
2025-02-19 08:00:00,9969,,,8.98,23.68,0.0,2025.0,2
2025-02-19 09:00:00,9970,,,15.31,38.0,22.46,2025.0,2
2025-02-19 15:00:00,9976,26.64,64.27,23.4,86.03,33.5,2025.0,2
2025-02-19 16:00:00,9977,25.18,71.17,21.48,94.93,35.33,2025.0,2
2025-02-19 17:00:00,9978,25.49,70.43,21.67,93.53,35.1,2025.0,2
2025-02-19 18:00:00,9979,25.85,70.41,21.58,95.19,43.59,2025.0,2
2025-02-19 19:00:00,9980,26.0,71.04,21.72,95.65,40.61,2025.0,2
2025-02-19 22:00:00,9983,26.25,71.77,21.7,97.37,59.8,2025.0,2
2025-02-19 23:00:00,9984,26.5,70.5,21.73,96.73,63.87,2025.0,2
2025-02-20 00:00:00,9985,26.74,69.87,21.71,97.0,62.33,2025.0,2
2025-02-20 01:00:00,9986,26.45,71.3,21.49,98.53,72.17,2025.0,2
2025-02-20 09:00:00,9994,30.8,50.0,31.74,63.43,31.87,2025.0,2
2025-02-20 10:00:00,9995,,41.9,31.58,63.17,36.07,2025.0,2
2025-02-20 11:00:00,9996,,40.87,30.95,62.83,32.2,2025.0,2
2025-02-20 12:00:00,9997,32.18,45.37,29.59,65.63,16.53,2025.0,2
2025-02-20 13:00:00,9998,,45.38,30.3,64.59,7.31,2025.0,2
2025-02-20 14:00:00,9999,31.9,46.17,29.64,65.53,10.17,2025.0,2
2025-02-20 15:00:00,10000,31.98,47.27,29.72,66.53,14.87,2025.0,2
2025-02-20 16:00:00,10001,30.77,51.83,27.41,73.8,29.33,2025.0,2
2025-02-20 17:00:00,10002,29.65,57.4,25.86,80.63,39.97,2025.0,2
2025-02-20 18:00:00,10003,29.06,61.17,24.5,86.79,44.86,2025.0,2
2025-02-20 19:00:00,10004,28.02,65.83,23.16,92.87,41.4,2025.0,2
2025-02-20 20:00:00,10005,27.62,62.39,22.96,89.32,28.68,2025.0,2
2025-02-20 21:00:00,10006,26.85,66.12,22.47,91.92,31.08,2025.0,2
2025-02-20 22:00:00,10007,26.52,70.13,22.11,95.3,42.1,2025.0,2
2025-02-20 23:00:00,10008,26.72,70.2,21.81,97.03,43.63,2025.0,2
2025-02-21 00:00:00,10009,26.81,69.5,21.7,97.33,43.97,2025.0,2
2025-02-21 01:00:00,10010,26.43,71.8,21.49,98.93,51.53,2025.0,2
2025-02-21 02:00:00,10011,26.12,70.1,21.35,97.13,51.6,2025.0,2
2025-02-21 03:00:00,10012,26.07,69.13,21.36,95.6,40.53,2025.0,2
2025-02-21 04:00:00,10013,26.49,67.43,21.35,95.33,37.9,2025.0,2
2025-02-21 09:00:00,10018,30.57,55.43,29.17,71.97,60.97,2025.0,2
2025-02-21 10:00:00,10019,30.84,49.2,28.96,67.4,21.27,2025.0,2
2025-02-21 11:00:00,10020,30.57,50.2,27.84,70.4,23.67,2025.0,2
2025-02-21 12:00:00,10021,31.55,49.3,28.85,69.7,20.97,2025.0,2
2025-02-21 13:00:00,10022,,44.23,31.84,64.5,17.37,2025.0,2
2025-02-21 14:00:00,10023,,45.3,31.0,65.1,13.17,2025.0,2
2025-02-21 15:00:00,10024,31.71,50.33,28.49,71.97,21.83,2025.0,2
2025-02-21 17:00:00,10026,28.38,61.9,23.33,93.57,23.67,2025.0,2
2025-02-21 18:00:00,10027,26.82,68.5,22.15,95.27,18.07,2025.0,2
2025-02-21 19:00:00,10028,26.55,67.57,22.12,93.32,12.5,2025.0,2
2025-02-21 20:00:00,10029,27.06,67.4,22.06,94.77,24.07,2025.0,2
2025-02-21 21:00:00,10030,27.09,68.53,21.99,96.57,30.97,2025.0,2
2025-02-21 22:00:00,10031,27.05,68.13,22.06,95.63,36.63,2025.0,2
2025-02-21 23:00:00,10032,27.24,68.67,22.2,96.33,40.9,2025.0,2
2025-02-22 00:00:00,10033,26.99,71.07,21.81,99.07,43.27,2025.0,2
2025-02-22 01:00:00,10034,26.8,71.1,21.74,99.07,46.83,2025.0,2
2025-02-22 02:00:00,10035,26.0,71.97,21.22,98.9,57.7,2025.0,2
2025-02-22 03:00:00,10036,25.91,68.73,20.88,96.33,55.27,2025.0,2
2025-02-22 04:00:00,10037,25.93,69.9,20.88,97.8,42.4,2025.0,2
2025-02-22 05:00:00,10038,25.7,70.7,20.68,98.53,63.83,2025.0,2
2025-02-22 06:00:00,10039,25.73,69.53,20.99,96.33,69.83,2025.0,2
2025-02-22 07:00:00,10040,25.92,68.53,21.99,92.5,69.27,2025.0,2
2025-02-22 08:00:00,10041,27.5,62.62,24.78,82.79,56.21,2025.0,2
2025-02-22 09:00:00,10042,28.39,61.07,25.98,80.2,52.93,2025.0,2
2025-02-22 10:00:00,10043,29.46,54.93,27.04,74.43,24.07,2025.0,2
2025-02-22 11:00:00,10044,29.41,55.47,26.86,75.3,23.67,2025.0,2
2025-02-22 12:00:00,10045,29.86,53.57,27.44,73.1,14.57,2025.0,2
2025-02-22 13:00:00,10046,30.57,51.57,28.01,71.5,18.67,2025.0,2
2025-02-22 14:00:00,10047,31.36,49.53,28.51,70.3,23.8,2025.0,2
2025-02-22 15:00:00,10048,,44.33,29.97,65.37,19.5,2025.0,2
2025-02-22 16:00:00,10049,,48.1,29.32,69.53,24.87,2025.0,2
2025-02-22 17:00:00,10050,30.84,54.33,27.11,77.57,30.6,2025.0,2
2025-02-22 18:00:00,10051,29.23,61.17,25.26,84.77,37.77,2025.0,2
2025-02-22 19:00:00,10052,27.74,67.4,24.07,89.93,49.47,2025.0,2
2025-02-22 20:00:00,10053,27.37,66.33,23.52,89.47,40.07,2025.0,2
2025-02-22 21:00:00,10054,27.38,65.17,23.39,89.0,36.83,2025.0,2
2025-02-22 22:00:00,10055,26.9,69.04,23.01,92.26,46.87,2025.0,2
2025-02-22 23:00:00,10056,27.02,68.17,22.83,92.55,45.62,2025.0,2
2025-02-23 00:00:00,10057,27.01,68.77,22.49,93.87,49.07,2025.0,2
2025-02-23 01:00:00,10058,26.94,68.33,22.54,93.33,44.97,2025.0,2
2025-02-23 02:00:00,10059,26.94,67.9,22.59,92.83,40.27,2025.0,2
2025-02-23 03:00:00,10060,26.59,69.2,22.07,94.67,38.83,2025.0,2
2025-02-23 04:00:00,10061,26.63,69.37,21.95,95.3,44.73,2025.0,2
2025-02-23 05:00:00,10062,26.23,71.28,21.58,97.31,50.45,2025.0,2
2025-02-23 06:00:00,10063,26.25,70.5,22.19,94.7,59.97,2025.0,2
2025-02-23 07:00:00,10064,26.85,66.8,24.86,84.37,40.8,2025.0,2
2025-02-23 08:00:00,10065,27.57,63.7,25.61,81.03,26.43,2025.0,2
2025-02-23 09:00:00,10066,27.86,62.67,25.2,82.17,27.97,2025.0,2
2025-02-23 10:00:00,10067,27.94,59.97,25.58,78.87,13.3,2025.0,2
2025-02-23 11:00:00,10068,28.41,59.37,26.42,77.33,19.9,2025.0,2
2025-02-23 12:00:00,10069,29.18,56.14,27.2,74.38,18.66,2025.0,2
2025-02-23 13:00:00,10070,29.64,54.7,27.5,73.43,14.33,2025.0,2
2025-02-23 14:00:00,10071,29.93,52.2,27.46,71.7,14.97,2025.0,2
2025-02-23 15:00:00,10072,30.15,51.87,27.57,71.9,21.73,2025.0,2
2025-02-23 16:00:00,10073,30.15,51.93,27.31,72.43,29.9,2025.0,2
2025-02-23 17:00:00,10074,29.26,54.73,25.62,77.47,35.17,2025.0,2
2025-02-23 18:00:00,10075,28.54,59.1,24.54,82.67,44.47,2025.0,2
2025-02-23 19:00:00,10076,27.9,61.67,23.79,85.73,48.77,2025.0,2
2025-02-23 20:00:00,10077,28.04,61.2,23.54,86.57,43.67,2025.0,2
2025-02-23 21:00:00,10078,27.54,64.93,23.1,90.17,51.73,2025.0,2
2025-02-23 22:00:00,10079,27.09,66.6,22.51,92.7,44.8,2025.0,2
2025-02-23 23:00:00,10080,27.0,67.4,22.26,93.73,45.8,2025.0,2
2025-02-24 00:00:00,10081,27.0,67.7,22.14,94.3,48.8,2025.0,2
2025-02-24 01:00:00,10082,26.7,68.1,22.02,94.1,58.0,2025.0,2
2025-02-24 02:00:00,10083,26.29,70.0,21.75,95.37,44.0,2025.0,2
2025-02-24 03:00:00,10084,26.15,70.43,21.57,96.2,41.4,2025.0,2
2025-02-24 04:00:00,10085,25.8,71.57,21.38,97.0,37.27,2025.0,2
2025-02-24 05:00:00,10086,25.37,72.0,21.18,96.5,30.0,2025.0,2
2025-02-24 06:00:00,10087,26.01,70.3,23.6,89.73,38.03,2025.0,2
2025-02-24 07:00:00,10088,28.68,60.67,30.16,69.47,40.17,2025.0,2
2025-02-24 08:00:00,10089,31.75,50.93,33.52,62.5,38.07,2025.0,2
2025-02-24 09:00:00,10090,,46.87,32.21,63.13,32.17,2025.0,2
2025-02-24 10:00:00,10091,,44.13,32.73,63.3,39.03,2025.0,2
2025-02-24 11:00:00,10092,,40.63,32.76,62.77,39.8,2025.0,2
2025-02-24 12:00:00,10093,30.35,55.57,25.26,84.77,35.43,2025.0,2
2025-02-24 13:00:00,10094,26.17,69.83,21.06,100.0,22.57,2025.0,2
2025-02-24 14:00:00,10095,27.14,68.4,21.76,100.0,35.23,2025.0,2
2025-02-24 16:00:00,10097,26.33,70.27,20.98,100.0,29.3,2025.0,2
2025-02-24 17:00:00,10098,26.3,70.37,20.91,100.0,31.1,2025.0,2
2025-02-24 18:00:00,10099,26.07,70.73,20.68,100.0,31.97,2025.0,2
2025-02-24 19:00:00,10100,26.1,71.1,20.75,100.0,39.4,2025.0,2
2025-02-24 20:00:00,10101,26.05,71.4,20.69,100.0,36.4,2025.0,2
2025-02-24 21:00:00,10102,26.19,71.0,20.79,100.0,39.77,2025.0,2
2025-02-24 22:00:00,10103,26.11,71.0,20.74,100.0,45.27,2025.0,2
2025-02-24 23:00:00,10104,26.11,71.8,20.85,100.0,52.7,2025.0,2
2025-02-25 00:00:00,10105,25.82,72.17,20.67,100.0,44.83,2025.0,2
2025-02-25 01:00:00,10106,25.92,72.17,20.65,100.0,45.3,2025.0,2
2025-02-25 02:00:00,10107,25.93,71.7,20.6,100.0,52.13,2025.0,2
2025-02-25 03:00:00,10108,25.67,73.0,20.62,100.0,54.83,2025.0,2
2025-02-25 04:00:00,10109,25.87,71.67,20.57,100.0,48.4,2025.0,2
2025-02-25 05:00:00,10110,25.83,71.1,20.41,100.0,49.9,2025.0,2
2025-02-25 06:00:00,10111,25.73,72.08,20.88,100.0,60.92,2025.0,2
2025-02-25 07:00:00,10112,27.34,68.14,23.32,99.38,,2025.0,2
2025-02-25 08:00:00,10113,28.42,63.83,23.51,100.0,68.53,2025.0,2
2025-02-25 09:00:00,10114,30.1,58.7,25.85,98.43,66.67,2025.0,2
2025-02-25 10:00:00,10115,31.64,51.97,27.7,96.53,53.13,2025.0,2
2025-02-25 11:00:00,10116,,44.1,32.3,66.37,44.23,2025.0,2
2025-02-25 12:00:00,10117,,,33.69,61.17,40.07,2025.0,2
2025-02-25 13:00:00,10118,,41.1,31.54,63.0,34.67,2025.0,2
2025-02-25 14:00:00,10119,26.02,69.03,21.45,93.48,16.79,2025.0,2
2025-02-25 15:00:00,10120,25.84,71.59,20.72,100.0,7.66,2025.0,2
2025-02-25 16:00:00,10121,26.3,71.0,20.98,100.0,22.77,2025.0,2
2025-02-25 17:00:00,10122,26.62,70.26,21.16,100.0,28.7,2025.0,2
2025-02-25 18:00:00,10123,26.96,68.4,21.17,100.0,33.67,2025.0,2
2025-02-25 19:00:00,10124,26.66,67.8,20.98,100.0,21.77,2025.0,2
2025-02-25 20:00:00,10125,27.07,68.03,21.41,100.0,35.57,2025.0,2
2025-02-25 21:00:00,10126,27.22,68.57,21.68,100.0,44.0,2025.0,2
2025-02-25 22:00:00,10127,27.15,69.73,21.66,100.0,46.73,2025.0,2
2025-02-25 23:00:00,10128,26.98,70.04,21.48,100.0,48.42,2025.0,2
2025-02-26 00:00:00,10129,26.84,70.78,21.39,100.0,50.56,2025.0,2
2025-02-26 01:00:00,10130,26.65,71.34,21.23,100.0,54.34,2025.0,2
2025-02-26 02:00:00,10131,26.46,72.44,21.27,100.0,,2025.0,2
2025-02-26 03:00:00,10132,26.57,72.0,21.35,100.0,,2025.0,2
2025-02-26 04:00:00,10133,26.37,72.57,21.26,100.0,,2025.0,2
2025-02-26 05:00:00,10134,26.54,72.0,21.27,100.0,,2025.0,2
2025-02-26 06:00:00,10135,26.36,71.67,21.31,100.0,72.42,2025.0,2
2025-02-26 07:00:00,10136,27.25,69.84,22.74,100.0,,2025.0,2
2025-02-26 08:00:00,10137,28.65,65.7,23.67,100.0,,2025.0,2
2025-02-26 09:00:00,10138,29.8,61.43,24.88,99.37,,2025.0,2
2025-02-26 10:00:00,10139,29.87,59.67,26.96,88.43,,2025.0,2
2025-02-26 11:00:00,10140,30.78,52.63,28.6,73.43,48.8,2025.0,2
2025-02-26 12:00:00,10141,31.39,50.43,29.25,71.53,35.9,2025.0,2
2025-02-26 13:00:00,10142,31.18,51.57,27.81,75.53,34.4,2025.0,2
2025-02-26 14:00:00,10143,28.3,61.67,24.15,86.6,38.63,2025.0,2
2025-02-26 15:00:00,10144,28.81,61.53,24.5,86.8,38.5,2025.0,2
2025-02-26 16:00:00,10145,28.64,61.8,23.96,88.27,42.4,2025.0,2
2025-02-26 17:00:00,10146,28.33,63.17,23.48,90.27,48.37,2025.0,2
2025-02-26 18:00:00,10147,27.83,66.57,22.9,93.8,50.53,2025.0,2
2025-02-26 19:00:00,10148,28.13,65.53,23.04,93.27,55.47,2025.0,2
2025-02-26 20:00:00,10149,28.15,65.6,23.01,93.73,65.93,2025.0,2
2025-02-26 21:00:00,10150,27.88,66.03,22.8,93.93,63.87,2025.0,2
2025-02-26 22:00:00,10151,27.68,67.6,22.46,95.8,71.37,2025.0,2
2025-02-26 23:00:00,10152,27.25,68.97,22.2,96.97,,2025.0,2
2025-02-27 00:00:00,10153,26.52,72.5,21.71,99.43,,2025.0,2
2025-02-27 01:00:00,10154,26.87,71.67,21.78,99.9,,2025.0,2
2025-02-27 02:00:00,10155,26.9,71.53,21.8,99.7,,2025.0,2
2025-02-27 03:00:00,10156,26.71,70.7,21.63,99.0,,2025.0,2
2025-02-27 04:00:00,10157,26.81,70.97,21.7,99.4,,2025.0,2
2025-02-27 05:00:00,10158,26.58,70.6,21.48,98.93,,2025.0,2
2025-02-27 06:00:00,10159,26.31,71.9,21.66,98.63,,2025.0,2
2025-02-27 07:00:00,10160,28.34,66.03,26.05,85.6,,2025.0,2
2025-02-27 08:00:00,10161,31.16,56.97,32.28,68.67,,2025.0,2
2025-02-27 09:00:00,10162,,47.4,33.03,64.63,53.33,2025.0,2
2025-02-27 10:00:00,10163,,41.13,31.84,64.37,32.17,2025.0,2
2025-02-27 11:00:00,10164,,41.5,31.77,64.6,42.23,2025.0,2
2025-02-27 12:00:00,10165,31.57,50.1,28.01,72.93,41.4,2025.0,2
2025-02-27 13:00:00,10166,30.48,51.43,25.96,78.47,32.13,2025.0,2
2025-02-27 14:00:00,10167,27.78,60.8,21.16,99.8,26.47,2025.0,2
2025-02-27 15:00:00,10168,28.0,62.97,22.15,99.03,49.33,2025.0,2
2025-02-27 16:00:00,10169,27.56,66.97,22.26,99.87,52.33,2025.0,2
2025-02-27 17:00:00,10170,26.51,70.2,21.58,100.0,46.97,2025.0,2
2025-02-27 18:00:00,10171,25.87,71.47,20.92,100.0,44.07,2025.0,2
2025-02-27 19:00:00,10172,25.37,73.63,20.67,100.0,42.47,2025.0,2
2025-02-27 20:00:00,10173,25.68,73.13,20.79,100.0,29.27,2025.0,2
2025-02-27 21:00:00,10174,26.05,72.07,20.93,100.0,37.83,2025.0,2
2025-02-27 22:00:00,10175,26.42,71.63,21.1,100.0,39.0,2025.0,2
2025-02-27 23:00:00,10176,26.44,71.8,21.07,100.0,43.5,2025.0,2
2025-02-28 00:00:00,10177,26.32,72.43,21.11,100.0,54.0,2025.0,2
2025-02-28 01:00:00,10178,25.93,72.1,20.65,100.0,50.67,2025.0,2
2025-02-28 02:00:00,10179,25.97,72.03,20.66,100.0,56.8,2025.0,2
2025-02-28 03:00:00,10180,26.03,72.23,20.68,100.0,53.1,2025.0,2
2025-02-28 04:00:00,10181,25.91,72.1,20.59,100.0,50.57,2025.0,2
2025-02-28 05:00:00,10182,26.06,71.27,20.63,100.0,47.3,2025.0,2
2025-02-28 06:00:00,10183,26.37,71.07,21.46,100.0,49.8,2025.0,2
2025-02-28 07:00:00,10184,27.04,68.93,22.39,100.0,54.13,2025.0,2
2025-02-28 08:00:00,10185,29.15,62.67,26.33,93.47,49.87,2025.0,2
2025-02-28 09:00:00,10186,32.01,52.3,31.0,70.87,42.47,2025.0,2
2025-02-28 10:00:00,10187,,47.47,32.44,67.53,46.67,2025.0,2
2025-02-28 11:00:00,10188,,45.37,33.39,65.1,43.97,2025.0,2
2025-02-28 12:00:00,10189,31.78,51.13,27.82,76.5,40.47,2025.0,2
2025-02-28 13:00:00,10190,28.74,62.2,25.95,84.23,43.13,2025.0,2
2025-02-28 14:00:00,10191,29.38,59.83,25.18,85.8,34.97,2025.0,2
2025-02-28 15:00:00,10192,27.65,65.83,23.7,89.77,32.33,2025.0,2
2025-02-28 16:00:00,10193,28.38,64.43,24.03,89.53,36.3,2025.0,2
2025-02-28 17:00:00,10194,26.91,66.27,22.57,91.37,27.1,2025.0,2
2025-02-28 18:00:00,10195,26.38,68.43,21.99,93.97,38.73,2025.0,2
2025-02-28 19:00:00,10196,26.26,70.83,21.82,96.33,46.23,2025.0,2
2025-02-28 20:00:00,10197,26.46,69.87,21.79,96.27,42.43,2025.0,2
2025-02-28 21:00:00,10198,26.48,70.17,21.74,96.67,46.27,2025.0,2
2025-02-28 22:00:00,10199,26.49,70.2,21.58,97.53,51.13,2025.0,2
2025-02-28 23:00:00,10200,26.65,70.63,21.72,98.13,54.9,2025.0,2
2025-03-01 00:00:00,10201,26.6,72.13,21.84,99.33,56.07,2025.0,3
2025-03-01 01:00:00,10202,26.62,71.3,21.71,98.63,61.27,2025.0,3
2025-03-01 02:00:00,10203,25.79,72.6,21.23,98.87,60.8,2025.0,3
2025-03-01 03:00:00,10204,26.0,70.5,21.07,97.87,61.33,2025.0,3
2025-03-01 04:00:00,10205,25.95,70.67,20.85,98.7,55.27,2025.0,3
2025-03-01 05:00:00,10206,26.06,72.17,21.08,100.0,58.83,2025.0,3
2025-03-01 06:00:00,10207,26.45,71.7,22.36,96.67,60.53,2025.0,3
2025-03-01 07:00:00,10208,28.46,65.7,27.52,80.97,59.83,2025.0,3
2025-03-01 08:00:00,10209,31.1,55.27,34.63,63.47,45.5,2025.0,3
2025-03-01 09:00:00,10210,32.29,49.33,33.86,62.47,31.0,2025.0,3
2025-03-01 10:00:00,10211,32.45,43.83,28.68,67.6,4.07,2025.0,3
2025-03-01 11:00:00,10212,33.72,42.5,30.29,66.17,7.4,2025.0,3
2025-03-01 12:00:00,10213,32.12,48.87,28.17,73.57,15.2,2025.0,3
2025-03-01 13:00:00,10214,29.45,58.03,25.74,81.93,15.13,2025.0,3
2025-03-01 14:00:00,10215,30.82,55.23,28.53,74.5,23.17,2025.0,3
2025-03-01 15:00:00,10216,32.85,47.1,30.22,68.43,14.7,2025.0,3
2025-03-01 16:00:00,10217,31.61,49.67,27.55,73.87,23.77,2025.0,3
2025-03-01 17:00:00,10218,30.07,55.6,25.92,79.6,27.87,2025.0,3
2025-03-01 18:00:00,10219,29.64,58.93,24.94,84.57,33.8,2025.0,3
2025-03-01 19:00:00,10220,29.44,60.87,24.49,87.5,38.6,2025.0,3
2025-03-01 20:00:00,10221,28.75,65.0,24.07,91.1,45.1,2025.0,3
2025-03-01 21:00:00,10222,28.83,63.7,23.75,91.2,46.13,2025.0,3
2025-03-01 22:00:00,10223,28.39,65.43,23.35,92.9,49.13,2025.0,3
2025-03-01 23:00:00,10224,27.83,69.1,23.09,95.67,58.3,2025.0,3
2025-03-02 00:00:00,10225,27.64,70.43,23.04,96.5,56.87,2025.0,3
2025-03-02 01:00:00,10226,27.48,70.87,22.89,96.97,58.57,2025.0,3
2025-03-02 02:00:00,10227,27.57,70.43,22.66,97.77,59.27,2025.0,3
2025-03-02 03:00:00,10228,27.53,70.3,22.55,97.93,66.77,2025.0,3
2025-03-02 04:00:00,10229,27.1,70.9,22.3,98.0,71.66,2025.0,3
2025-03-02 05:00:00,10230,27.2,70.2,22.18,98.0,71.2,2025.0,3
2025-03-02 06:00:00,10231,26.89,70.1,22.9,94.43,74.5,2025.0,3
2025-03-02 07:00:00,10232,28.21,64.83,28.15,77.73,62.5,2025.0,3
2025-03-02 08:00:00,10233,32.01,54.43,37.43,59.37,57.37,2025.0,3
2025-03-02 09:00:00,10234,33.81,47.93,35.77,60.23,48.13,2025.0,3
2025-03-02 10:00:00,10235,33.81,47.17,30.51,68.67,38.3,2025.0,3
2025-03-02 11:00:00,10236,34.69,42.67,30.97,66.2,21.13,2025.0,3
2025-03-02 12:00:00,10237,35.7,39.67,32.07,63.77,19.07,2025.0,3
2025-03-02 13:00:00,10238,32.74,51.0,28.37,77.4,40.23,2025.0,3
2025-03-02 14:00:00,10239,29.62,58.07,23.64,96.6,43.57,2025.0,3
2025-03-02 15:00:00,10240,29.53,60.03,25.39,86.73,50.6,2025.0,3
2025-03-02 16:00:00,10241,27.81,64.7,23.15,91.6,17.1,2025.0,3
2025-03-02 17:00:00,10242,27.54,65.23,23.13,90.8,21.9,2025.0,3
2025-03-02 18:00:00,10243,27.74,68.27,22.51,97.97,33.93,2025.0,3
2025-03-02 19:00:00,10244,28.22,67.93,22.84,99.07,40.87,2025.0,3
2025-03-02 20:00:00,10245,27.96,68.07,23.02,96.13,56.3,2025.0,3
2025-03-02 21:00:00,10246,27.7,69.43,23.14,95.67,55.57,2025.0,3
2025-03-02 22:00:00,10247,27.7,70.03,22.9,97.33,64.1,2025.0,3
2025-03-02 23:00:00,10248,27.44,71.43,22.19,99.83,50.83,2025.0,3
2025-03-03 00:00:00,10249,27.21,70.67,21.77,100.0,34.1,2025.0,3
2025-03-03 01:00:00,10250,26.77,72.23,21.79,100.0,42.7,2025.0,3
2025-03-03 02:00:00,10251,26.37,73.37,21.64,100.0,24.43,2025.0,3
2025-03-03 03:00:00,10252,26.25,71.87,21.27,100.0,17.4,2025.0,3
2025-03-03 04:00:00,10253,26.86,70.1,21.62,100.0,28.87,2025.0,3
2025-03-03 05:00:00,10254,27.14,69.3,21.81,100.0,24.63,2025.0,3
2025-03-03 06:00:00,10255,26.99,70.03,22.21,98.73,28.17,2025.0,3
2025-03-03 07:00:00,10256,28.49,65.5,25.98,85.87,34.0,2025.0,3
2025-03-03 08:00:00,10257,30.28,60.03,30.08,73.9,46.7,2025.0,3
2025-03-03 09:00:00,10258,30.91,57.9,29.22,75.3,51.83,2025.0,3
2025-03-03 10:00:00,10259,32.15,51.63,30.06,70.7,31.13,2025.0,3
2025-03-03 11:00:00,10260,31.13,55.13,28.55,75.0,38.67,2025.0,3
2025-03-03 12:00:00,10261,32.06,50.2,29.77,70.1,27.07,2025.0,3
2025-03-03 13:00:00,10262,31.16,54.67,28.28,75.2,29.3,2025.0,3
2025-03-03 14:00:00,10263,30.47,59.03,26.05,84.2,33.67,2025.0,3
2025-03-03 15:00:00,10264,27.82,67.6,22.47,98.13,33.13,2025.0,3
2025-03-03 16:00:00,10265,28.4,66.53,22.61,100.0,35.83,2025.0,3
2025-03-03 17:00:00,10266,27.77,68.1,22.48,99.83,37.03,2025.0,3
2025-03-03 18:00:00,10267,27.73,70.17,22.65,100.0,44.87,2025.0,3
2025-03-03 19:00:00,10268,27.44,69.93,22.5,100.0,36.6,2025.0,3
2025-03-03 20:00:00,10269,26.88,70.33,22.4,97.83,6.93,2025.0,3
2025-03-03 21:00:00,10270,26.0,72.77,21.44,99.03,11.33,2025.0,3
2025-03-03 22:00:00,10271,26.23,72.92,21.18,100.0,14.17,2025.0,3
2025-03-03 23:00:00,10272,26.59,72.0,21.36,100.0,30.03,2025.0,3
2025-03-04 00:00:00,10273,26.61,71.77,21.39,100.0,38.93,2025.0,3
2025-03-04 01:00:00,10274,26.47,72.53,21.48,100.0,43.27,2025.0,3
2025-03-04 02:00:00,10275,26.83,71.7,21.64,100.0,41.57,2025.0,3
2025-03-04 03:00:00,10276,26.85,71.4,21.72,100.0,41.53,2025.0,3
2025-03-04 04:00:00,10277,26.18,73.97,21.44,100.0,42.17,2025.0,3
2025-03-04 05:00:00,10278,26.05,74.27,21.23,100.0,40.57,2025.0,3
2025-03-04 06:00:00,10279,26.59,71.67,22.14,98.9,34.1,2025.0,3
2025-03-04 07:00:00,10280,27.81,67.4,24.67,89.57,38.8,2025.0,3
2025-03-04 08:00:00,10281,30.61,58.97,29.78,75.97,36.2,2025.0,3
2025-03-04 09:00:00,10282,32.28,51.53,31.53,69.6,31.57,2025.0,3
2025-03-04 10:00:00,10283,33.03,47.87,31.29,68.6,20.53,2025.0,3
2025-03-04 11:00:00,10284,33.3,46.43,31.82,67.07,18.83,2025.0,3
2025-03-04 12:00:00,10285,34.15,44.37,32.49,65.27,18.07,2025.0,3
2025-03-04 13:00:00,10286,34.13,43.97,31.99,66.0,24.1,2025.0,3
2025-03-04 14:00:00,10287,33.96,46.7,30.54,71.57,31.43,2025.0,3
2025-03-04 15:00:00,10288,28.34,63.47,24.32,88.2,38.73,2025.0,3
2025-03-04 16:00:00,10289,27.65,62.2,23.71,86.67,32.47,2025.0,3
2025-03-04 17:00:00,10290,27.68,63.29,23.48,88.33,38.79,2025.0,3
2025-03-04 18:00:00,10291,27.26,66.0,22.51,92.5,51.32,2025.0,3
2025-03-04 19:00:00,10292,27.52,64.47,22.68,91.23,39.37,2025.0,3
2025-03-04 20:00:00,10293,27.85,64.13,22.84,91.67,58.5,2025.0,3
2025-03-04 21:00:00,10294,27.53,63.6,23.02,89.57,35.17,2025.0,3
2025-03-04 22:00:00,10295,27.19,65.67,22.64,91.63,38.4,2025.0,3
2025-03-04 23:00:00,10296,26.96,67.43,22.19,94.07,45.77,2025.0,3
2025-03-05 00:00:00,10297,26.71,69.21,21.66,96.72,62.9,2025.0,3
2025-03-05 01:00:00,10298,26.42,70.53,21.11,99.2,76.2,2025.0,3
2025-03-05 02:00:00,10299,26.39,69.34,21.3,97.38,63.93,2025.0,3
2025-03-05 03:00:00,10300,26.2,70.1,20.9,98.73,68.8,2025.0,3
2025-03-05 04:00:00,10301,25.74,70.6,20.5,99.17,62.87,2025.0,3
2025-03-05 05:00:00,10302,25.15,70.27,20.12,98.37,57.07,2025.0,3
2025-03-05 06:00:00,10303,25.46,68.07,21.32,93.63,60.6,2025.0,3
2025-03-05 07:00:00,10304,27.26,64.5,28.55,74.43,80.2,2025.0,3
2025-03-05 08:00:00,10305,31.66,49.67,34.71,60.0,47.37,2025.0,3
2025-03-05 09:00:00,10306,32.74,44.7,31.75,63.53,31.7,2025.0,3
2025-03-05 10:00:00,10307,34.31,39.83,31.41,62.9,22.48,2025.0,3
2025-03-05 11:00:00,10308,34.09,40.86,31.61,63.34,21.0,2025.0,3
2025-03-05 13:00:00,10310,33.37,40.14,31.02,62.48,14.55,2025.0,3
2025-03-05 14:00:00,10311,33.59,42.0,31.24,64.17,17.83,2025.0,3
2025-03-05 15:00:00,10312,33.82,41.27,31.51,63.63,21.03,2025.0,3
2025-03-05 16:00:00,10313,33.78,42.5,34.03,59.97,26.0,2025.0,3
2025-03-05 17:00:00,10314,32.24,46.62,28.45,70.9,33.31,2025.0,3
2025-03-05 18:00:00,10315,30.87,52.93,25.91,79.73,43.23,2025.0,3
2025-03-05 19:00:00,10316,29.4,61.37,24.67,87.6,47.97,2025.0,3
2025-03-05 20:00:00,10317,28.83,62.57,24.06,88.97,62.83,2025.0,3
2025-03-05 21:00:00,10318,28.37,64.77,23.33,92.23,69.2,2025.0,3
2025-03-05 22:00:00,10319,28.13,65.9,22.99,93.83,66.27,2025.0,3
2025-03-05 23:00:00,10320,27.48,68.1,22.53,95.43,58.07,2025.0,3
2025-03-06 00:00:00,10321,27.29,67.67,22.21,95.37,66.3,2025.0,3
2025-03-06 01:00:00,10322,27.03,68.8,21.76,97.27,,2025.0,3
2025-03-06 02:00:00,10323,26.75,69.03,21.69,96.9,79.87,2025.0,3
2025-03-06 03:00:00,10324,26.59,69.37,21.3,98.03,98.57,2025.0,3
2025-03-06 04:00:00,10325,26.24,71.0,20.96,100.0,,2025.0,3
2025-03-06 05:00:00,10326,26.18,71.0,20.88,99.97,104.03,2025.0,3
2025-03-06 06:00:00,10327,26.39,69.13,21.69,96.27,103.5,2025.0,3
2025-03-06 07:00:00,10328,28.46,63.6,27.68,78.6,99.53,2025.0,3
2025-03-06 08:00:00,10329,31.61,54.43,32.4,66.77,,2025.0,3
2025-03-06 09:00:00,10330,33.84,47.93,33.16,65.43,104.8,2025.0,3
2025-03-06 10:00:00,10331,35.2,43.73,33.65,63.93,82.63,2025.0,3
2025-03-06 11:00:00,10332,35.39,41.67,33.44,63.03,64.13,2025.0,3
2025-03-06 12:00:00,10333,33.52,47.1,30.09,69.4,58.0,2025.0,3
2025-03-06 13:00:00,10334,32.54,49.7,29.93,70.1,54.97,2025.0,3
2025-03-06 14:00:00,10335,33.07,48.3,30.5,68.63,54.2,2025.0,3
2025-03-06 15:00:00,10336,30.9,55.33,27.72,77.07,49.43,2025.0,3
2025-03-06 16:00:00,10337,28.26,67.8,22.79,98.97,50.8,2025.0,3
2025-03-06 17:00:00,10338,27.02,71.37,21.86,100.0,44.6,2025.0,3
2025-03-06 18:00:00,10339,27.08,68.93,21.38,100.0,35.2,2025.0,3
2025-03-06 19:00:00,10340,27.72,67.17,21.73,100.0,41.37,2025.0,3
2025-03-06 20:00:00,10341,27.52,69.2,22.01,100.0,46.27,2025.0,3
2025-03-06 21:00:00,10342,27.48,70.67,22.24,100.0,68.3,2025.0,3
2025-03-06 22:00:00,10343,27.48,71.73,22.34,100.0,70.8,2025.0,3
2025-03-06 23:00:00,10344,26.95,72.4,22.07,100.0,59.8,2025.0,3
2025-03-07 00:00:00,10345,27.39,69.33,22.02,100.0,49.47,2025.0,3
2025-03-07 01:00:00,10346,27.27,69.27,21.84,100.0,45.97,2025.0,3
2025-03-07 02:00:00,10347,27.24,67.47,21.96,100.0,43.43,2025.0,3
2025-03-07 03:00:00,10348,26.93,68.9,21.83,98.1,41.57,2025.0,3
2025-03-07 04:00:00,10349,26.68,70.13,21.73,98.43,53.23,2025.0,3
2025-03-07 05:00:00,10350,26.67,65.1,21.72,92.87,35.73,2025.0,3
2025-03-07 06:00:00,10351,27.21,60.17,23.0,85.47,30.3,2025.0,3
2025-03-07 07:00:00,10352,28.21,61.8,26.19,80.6,62.43,2025.0,3
2025-03-07 08:00:00,10353,31.04,54.87,30.66,70.73,50.6,2025.0,3
2025-03-07 09:00:00,10354,33.45,46.7,32.83,64.97,46.47,2025.0,3
2025-03-07 10:00:00,10355,35.42,39.93,34.12,60.13,30.13,2025.0,3
2025-03-07 11:00:00,10356,,38.27,34.0,60.47,29.63,2025.0,3
2025-03-07 12:00:00,10357,35.11,40.87,33.19,62.2,23.47,2025.0,3
2025-03-07 13:00:00,10358,,39.07,33.3,62.21,22.86,2025.0,3
2025-03-07 14:00:00,10359,31.97,51.83,28.93,74.6,28.63,2025.0,3
2025-03-07 15:00:00,10360,29.3,57.53,25.58,81.67,24.1,2025.0,3
2025-03-07 16:00:00,10361,25.02,73.17,20.36,100.0,0.07,2025.0,3
2025-03-07 17:00:00,10362,25.43,73.33,20.51,100.0,4.67,2025.0,3
2025-03-07 18:00:00,10363,25.76,72.6,20.63,100.0,23.17,2025.0,3
2025-03-07 19:00:00,10364,25.37,73.0,20.36,100.0,34.43,2025.0,3
2025-03-07 20:00:00,10365,25.93,71.83,20.58,100.0,33.93,2025.0,3
2025-03-07 21:00:00,10366,26.17,71.8,20.79,100.0,44.27,2025.0,3
2025-03-07 22:00:00,10367,26.16,71.33,20.77,100.0,42.63,2025.0,3
2025-03-07 23:00:00,10368,25.62,72.73,20.56,100.0,63.5,2025.0,3
2025-03-08 00:00:00,10369,25.45,73.5,20.46,100.0,59.77,2025.0,3
2025-03-08 01:00:00,10370,25.7,73.0,20.6,100.0,51.23,2025.0,3
2025-03-08 02:00:00,10371,25.87,72.67,20.62,100.0,54.23,2025.0,3
2025-03-08 03:00:00,10372,25.71,72.7,20.55,100.0,51.93,2025.0,3
2025-03-08 04:00:00,10373,25.84,71.47,20.42,100.0,49.97,2025.0,3
2025-03-08 05:00:00,10374,25.69,72.0,20.48,100.0,55.4,2025.0,3
2025-03-08 06:00:00,10375,25.66,72.37,20.76,100.0,58.73,2025.0,3
2025-03-08 07:00:00,10376,28.58,64.33,25.06,100.0,50.67,2025.0,3
2025-03-08 08:00:00,10377,31.41,55.53,26.77,99.87,49.7,2025.0,3
2025-03-08 09:00:00,10378,33.18,48.57,27.33,95.4,35.57,2025.0,3
2025-03-08 10:00:00,10379,35.21,41.63,31.81,66.5,20.93,2025.0,3
2025-03-08 11:00:00,10380,,38.67,34.06,61.03,10.63,2025.0,3
2025-03-08 12:00:00,10381,,36.47,35.38,57.9,10.23,2025.0,3
2025-03-08 13:00:00,10382,29.42,57.87,24.26,88.27,25.47,2025.0,3
2025-03-08 14:00:00,10383,27.1,67.63,21.78,100.0,20.33,2025.0,3
2025-03-08 15:00:00,10384,27.36,68.63,21.99,100.0,39.4,2025.0,3
2025-03-08 16:00:00,10385,26.3,70.97,21.21,100.0,32.1,2025.0,3
2025-03-08 17:00:00,10386,25.89,72.57,20.94,100.0,25.83,2025.0,3
2025-03-08 18:00:00,10387,25.72,72.33,20.6,100.0,5.5,2025.0,3
2025-03-08 19:00:00,10388,25.28,72.9,20.24,100.0,9.23,2025.0,3
2025-03-08 20:00:00,10389,24.98,73.53,20.08,100.0,30.37,2025.0,3
2025-03-08 21:00:00,10390,25.4,72.13,20.17,100.0,31.3,2025.0,3
2025-03-08 22:00:00,10391,25.65,71.53,20.29,100.0,28.93,2025.0,3
2025-03-08 23:00:00,10392,25.7,71.53,20.42,100.0,40.27,2025.0,3
2025-03-09 00:00:00,10393,25.2,73.8,20.39,100.0,49.07,2025.0,3
2025-03-09 01:00:00,10394,25.83,71.5,20.49,100.0,59.37,2025.0,3
2025-03-09 02:00:00,10395,26.01,71.73,20.57,100.0,58.83,2025.0,3
2025-03-09 03:00:00,10396,25.9,71.7,20.47,100.0,50.1,2025.0,3
2025-03-09 04:00:00,10397,25.94,70.8,20.43,100.0,44.7,2025.0,3
2025-03-09 05:00:00,10398,26.03,71.77,20.63,100.0,44.7,2025.0,3
2025-03-09 06:00:00,10399,26.13,71.7,20.88,100.0,46.6,2025.0,3
2025-03-09 07:00:00,10400,27.08,69.53,22.05,100.0,49.53,2025.0,3
2025-03-09 08:00:00,10401,28.71,63.9,24.29,99.9,52.73,2025.0,3
2025-03-09 09:00:00,10402,30.93,54.33,26.75,98.07,25.3,2025.0,3
2025-03-09 10:00:00,10403,33.3,49.77,30.19,84.47,36.77,2025.0,3
2025-03-09 11:00:00,10404,33.24,48.63,32.06,68.83,32.63,2025.0,3
2025-03-09 12:00:00,10405,31.04,54.0,26.55,82.37,30.1,2025.0,3
2025-03-09 13:00:00,10406,27.52,66.17,23.35,98.1,36.79,2025.0,3
2025-03-09 14:00:00,10407,29.73,61.38,27.06,84.28,33.38,2025.0,3
2025-03-09 15:00:00,10408,30.16,60.07,27.72,82.53,33.77,2025.0,3
2025-03-09 16:00:00,10409,30.71,58.13,26.6,85.13,33.03,2025.0,3
2025-03-09 17:00:00,10410,27.82,64.48,23.4,91.14,25.93,2025.0,3
2025-03-09 18:00:00,10411,26.95,70.6,22.56,96.03,38.2,2025.0,3
2025-03-09 19:00:00,10412,27.08,71.0,22.52,97.5,40.67,2025.0,3
2025-03-09 20:00:00,10413,26.92,71.87,22.39,98.27,43.93,2025.0,3
2025-03-09 21:00:00,10414,27.23,71.53,22.43,98.9,55.3,2025.0,3
2025-03-09 22:00:00,10415,26.95,71.1,22.4,97.43,42.17,2025.0,3
2025-03-09 23:00:00,10416,26.35,72.73,21.92,98.8,42.97,2025.0,3
2025-03-10 00:00:00,10417,26.34,73.0,21.61,99.8,46.67,2025.0,3
2025-03-10 01:00:00,10418,26.39,71.93,21.39,99.7,45.3,2025.0,3
2025-03-10 02:00:00,10419,26.39,71.83,21.49,99.47,49.17,2025.0,3
2025-03-10 03:00:00,10420,26.33,72.1,21.14,100.0,60.13,2025.0,3
2025-03-10 04:00:00,10421,26.09,73.33,21.07,100.0,68.73,2025.0,3
2025-03-10 05:00:00,10422,26.2,72.8,21.17,100.0,62.2,2025.0,3
2025-03-10 06:00:00,10423,26.55,72.23,21.72,99.9,70.83,2025.0,3
2025-03-10 07:00:00,10424,27.68,69.03,24.41,91.83,64.17,2025.0,3
2025-03-10 08:00:00,10425,30.7,59.07,29.09,79.1,59.1,2025.0,3
2025-03-10 09:00:00,10426,31.95,53.57,30.15,74.67,48.83,2025.0,3
2025-03-10 10:00:00,10427,29.68,58.03,25.24,86.43,46.1,2025.0,3
2025-03-10 11:00:00,10428,29.48,59.43,26.78,83.03,46.43,2025.0,3
2025-03-10 12:00:00,10429,31.86,51.3,29.46,73.57,32.9,2025.0,3
2025-03-10 13:00:00,10430,33.04,50.6,30.58,73.23,42.37,2025.0,3
2025-03-10 14:00:00,10431,31.25,54.87,27.27,80.97,41.63,2025.0,3
2025-03-10 15:00:00,10432,29.28,59.2,25.2,85.37,30.63,2025.0,3
2025-03-10 16:00:00,10433,27.24,67.13,22.59,95.13,30.07,2025.0,3
2025-03-10 17:00:00,10434,26.6,71.0,22.34,95.97,43.3,2025.0,3
2025-03-10 18:00:00,10435,27.01,70.83,22.2,98.6,53.57,2025.0,3
2025-03-10 19:00:00,10436,27.12,70.5,22.46,97.23,59.47,2025.0,3
2025-03-10 20:00:00,10437,26.48,72.0,21.77,99.17,40.47,2025.0,3
2025-03-10 21:00:00,10438,26.75,70.27,21.86,97.67,48.87,2025.0,3
2025-03-10 22:00:00,10439,26.76,70.27,21.9,97.57,45.1,2025.0,3
2025-03-10 23:00:00,10440,26.66,71.47,21.75,98.9,70.57,2025.0,3
2025-03-11 00:00:00,10441,26.83,70.87,21.68,99.47,70.1,2025.0,3
2025-03-11 01:00:00,10442,26.58,71.97,21.52,99.73,77.27,2025.0,3
2025-03-11 02:00:00,10443,26.26,73.53,21.43,100.0,87.27,2025.0,3
2025-03-11 03:00:00,10444,25.95,73.57,21.21,100.0,73.6,2025.0,3
2025-03-11 04:00:00,10445,26.11,72.53,21.11,100.0,63.03,2025.0,3
2025-03-11 05:00:00,10446,26.16,72.13,21.15,99.87,62.97,2025.0,3
2025-03-11 06:00:00,10447,26.22,72.97,21.49,99.77,88.07,2025.0,3
2025-03-11 07:00:00,10448,28.21,67.23,27.45,83.8,75.23,2025.0,3
2025-03-11 08:00:00,10449,32.04,54.23,31.86,70.7,55.1,2025.0,3
2025-03-11 09:00:00,10450,32.58,51.7,30.75,72.33,68.23,2025.0,3
2025-03-11 10:00:00,10451,32.39,48.7,30.38,69.9,45.57,2025.0,3
2025-03-11 11:00:00,10452,31.84,50.2,28.83,74.03,29.7,2025.0,3
2025-03-11 12:00:00,10453,32.35,48.6,29.42,72.43,19.83,2025.0,3
2025-03-11 13:00:00,10454,32.53,47.8,29.72,71.3,21.7,2025.0,3
2025-03-11 14:00:00,10455,32.46,47.63,29.7,70.9,31.1,2025.0,3
2025-03-11 15:00:00,10456,31.88,50.77,28.85,74.57,43.5,2025.0,3
2025-03-11 16:00:00,10457,30.95,55.8,28.3,78.5,50.47,2025.0,3
2025-03-11 17:00:00,10458,30.29,57.3,26.91,81.67,50.27,2025.0,3
2025-03-11 18:00:00,10459,29.3,62.97,25.26,88.37,67.2,2025.0,3
2025-03-11 19:00:00,10460,28.35,67.43,24.34,91.57,69.43,2025.0,3
2025-03-11 20:00:00,10461,27.91,69.33,23.94,93.07,67.5,2025.0,3
2025-03-11 21:00:00,10462,27.93,69.03,23.8,93.4,64.63,2025.0,3
2025-03-11 22:00:00,10463,27.93,69.13,23.69,93.97,66.17,2025.0,3
2025-03-11 23:00:00,10464,27.87,68.93,23.46,94.17,60.67,2025.0,3
2025-03-12 00:00:00,10465,27.64,69.93,23.17,95.63,62.03,2025.0,3
2025-03-12 01:00:00,10466,27.16,72.2,22.89,97.13,59.57,2025.0,3
2025-03-12 02:00:00,10467,26.78,72.33,22.6,96.87,49.83,2025.0,3
2025-03-12 03:00:00,10468,26.74,71.03,22.49,95.67,41.9,2025.0,3
2025-03-12 04:00:00,10469,26.63,69.33,22.38,94.0,26.93,2025.0,3
2025-03-12 05:00:00,10470,26.69,66.77,22.58,91.17,19.1,2025.0,3
2025-03-12 06:00:00,10471,27.03,67.0,23.14,90.83,35.53,2025.0,3
2025-03-12 07:00:00,10472,27.52,65.23,23.66,88.97,35.33,2025.0,3
2025-03-12 08:00:00,10473,30.15,57.27,27.94,78.13,34.5,2025.0,3
2025-03-12 09:00:00,10474,33.98,45.7,31.19,69.27,34.37,2025.0,3
2025-03-12 10:00:00,10475,32.53,47.7,30.42,69.77,35.0,2025.0,3
2025-03-12 11:00:00,10476,32.83,46.07,30.37,69.0,23.13,2025.0,3
2025-03-12 12:00:00,10477,33.34,43.37,30.96,66.37,17.23,2025.0,3
2025-03-12 13:00:00,10478,32.94,44.57,30.56,67.37,18.87,2025.0,3
2025-03-12 14:00:00,10479,32.24,47.71,29.92,70.11,23.25,2025.0,3
2025-03-12 15:00:00,10480,32.06,51.27,29.64,73.57,31.2,2025.0,3
2025-03-12 16:00:00,10481,31.32,54.87,28.7,77.33,35.43,2025.0,3
2025-03-12 17:00:00,10482,29.82,60.07,25.85,85.83,41.67,2025.0,3
2025-03-12 18:00:00,10483,28.04,63.43,23.9,89.03,42.93,2025.0,3
2025-03-12 19:00:00,10484,27.96,66.9,23.5,93.2,60.2,2025.0,3
2025-03-12 20:00:00,10485,28.03,69.2,23.22,97.0,75.5,2025.0,3
2025-03-12 21:00:00,10486,28.43,69.4,23.3,97.9,56.1,2025.0,3
2025-03-12 22:00:00,10487,27.95,70.0,23.04,97.43,39.47,2025.0,3
2025-03-12 23:00:00,10488,27.47,71.8,22.59,99.03,38.97,2025.0,3
2025-03-13 00:00:00,10489,27.45,71.6,22.36,99.77,42.4,2025.0,3
2025-03-13 01:00:00,10490,27.05,73.23,22.37,100.0,69.43,2025.0,3
2025-03-13 02:00:00,10491,27.1,71.3,22.2,98.73,54.6,2025.0,3
2025-03-13 03:00:00,10492,27.09,70.47,22.09,98.1,52.73,2025.0,3
2025-03-13 04:00:00,10493,26.47,69.73,21.78,96.47,47.4,2025.0,3
2025-03-13 05:00:00,10494,26.51,69.03,21.75,95.87,45.63,2025.0,3
2025-03-13 06:00:00,10495,27.35,68.27,23.23,93.27,53.3,2025.0,3
2025-03-13 07:00:00,10496,29.4,63.17,26.51,83.57,54.93,2025.0,3
2025-03-13 08:00:00,10497,29.64,60.27,26.76,81.1,54.7,2025.0,3
2025-03-13 09:00:00,10498,31.26,53.3,28.57,74.8,43.3,2025.0,3
2025-03-13 10:00:00,10499,33.74,45.67,31.79,67.37,31.93,2025.0,3
2025-03-13 11:00:00,10500,32.78,46.9,30.16,69.77,19.63,2025.0,3
2025-03-13 12:00:00,10501,32.38,48.1,30.03,70.4,19.17,2025.0,3
2025-03-13 13:00:00,10502,32.63,47.68,30.38,69.68,21.36,2025.0,3
2025-03-13 14:00:00,10503,32.82,48.07,30.5,70.1,27.87,2025.0,3
2025-03-13 15:00:00,10504,32.72,50.17,31.41,70.17,33.23,2025.0,3
2025-03-13 16:00:00,10505,30.41,59.73,27.4,82.17,44.83,2025.0,3
2025-03-13 17:00:00,10506,28.23,63.97,23.91,90.77,36.07,2025.0,3
2025-03-13 18:00:00,10507,28.11,65.03,24.26,88.2,38.47,2025.0,3
2025-03-13 19:00:00,10508,28.6,62.87,24.32,87.4,35.57,2025.0,3
2025-03-13 20:00:00,10509,28.13,68.27,23.27,94.97,39.23,2025.0,3
2025-03-13 21:00:00,10510,27.57,69.33,22.69,96.3,33.23,2025.0,3
2025-03-13 22:00:00,10511,27.66,69.27,22.55,97.17,36.27,2025.0,3
2025-03-13 23:00:00,10512,27.69,69.2,22.58,97.23,46.0,2025.0,3
2025-03-14 00:00:00,10513,26.81,71.9,22.01,98.93,70.03,2025.0,3
2025-03-14 01:00:00,10514,26.75,71.37,22.23,97.33,71.47,2025.0,3
2025-03-14 02:00:00,10515,26.84,70.57,21.76,98.53,62.93,2025.0,3
2025-03-14 03:00:00,10516,26.27,72.2,21.38,99.5,47.9,2025.0,3
2025-03-14 04:00:00,10517,26.21,71.23,20.94,99.97,53.97,2025.0,3
2025-03-14 05:00:00,10518,25.54,69.93,20.76,97.23,44.53,2025.0,3
2025-03-14 06:00:00,10519,26.11,68.3,23.33,90.07,55.27,2025.0,3
2025-03-14 07:00:00,10520,29.7,58.47,32.3,69.0,60.8,2025.0,3
2025-03-14 08:00:00,10521,31.46,50.77,30.8,68.77,47.07,2025.0,3
2025-03-14 09:00:00,10522,33.2,45.13,29.49,70.27,40.73,2025.0,3
2025-03-14 10:00:00,10523,33.64,41.5,30.49,66.53,28.33,2025.0,3
2025-03-14 11:00:00,10524,35.25,37.8,32.44,61.53,11.97,2025.0,3
2025-03-14 12:00:00,10525,33.61,43.3,30.84,66.53,6.73,2025.0,3
2025-03-14 13:00:00,10526,31.75,49.41,29.02,71.34,10.59,2025.0,3
2025-03-14 14:00:00,10527,29.9,54.77,26.99,76.1,15.37,2025.0,3
2025-03-14 15:00:00,10528,30.46,54.43,26.3,78.97,26.03,2025.0,3
2025-03-14 16:00:00,10529,28.36,65.2,23.64,91.73,34.73,2025.0,3
2025-03-14 17:00:00,10530,27.29,67.8,21.66,99.4,28.87,2025.0,3
2025-03-14 18:00:00,10531,26.64,72.28,21.61,100.0,26.28,2025.0,3
2025-03-14 19:00:00,10532,26.94,71.15,21.54,100.0,18.89,2025.0,3
2025-03-14 20:00:00,10533,26.96,71.6,21.65,100.0,32.67,2025.0,3
2025-03-14 21:00:00,10534,26.96,72.1,21.7,100.0,54.1,2025.0,3
2025-03-14 22:00:00,10535,26.97,73.1,21.86,100.0,44.3,2025.0,3
2025-03-14 23:00:00,10536,26.69,73.2,21.62,100.0,39.27,2025.0,3
2025-03-15 00:00:00,10537,26.9,71.83,21.56,100.0,37.93,2025.0,3
2025-03-15 01:00:00,10538,26.71,71.2,21.33,100.0,38.43,2025.0,3
2025-03-15 02:00:00,10539,26.74,72.53,21.54,100.0,67.7,2025.0,3
2025-03-15 03:00:00,10540,26.52,72.6,21.23,100.0,67.5,2025.0,3
2025-03-15 04:00:00,10541,26.18,72.5,20.93,100.0,77.57,2025.0,3
2025-03-15 05:00:00,10542,25.59,72.3,20.49,100.0,54.23,2025.0,3
2025-03-15 06:00:00,10543,25.62,72.47,20.92,100.0,60.23,2025.0,3
2025-03-15 07:00:00,10544,27.92,65.9,25.4,100.0,62.3,2025.0,3
2025-03-15 08:00:00,10545,30.45,56.1,28.19,85.63,37.67,2025.0,3
2025-03-15 09:00:00,10546,30.98,53.63,28.23,78.57,22.4,2025.0,3
2025-03-15 10:00:00,10547,32.77,48.57,30.36,72.6,12.53,2025.0,3
2025-03-15 11:00:00,10548,31.47,51.4,28.7,75.3,4.9,2025.0,3
2025-03-15 12:00:00,10549,30.64,53.8,28.07,76.57,2.27,2025.0,3
2025-03-15 13:00:00,10550,31.11,52.2,28.6,74.7,4.03,2025.0,3
2025-03-15 14:00:00,10551,28.83,62.3,26.13,84.83,6.3,2025.0,3
2025-03-15 15:00:00,10552,27.1,66.17,23.21,90.77,4.6,2025.0,3
2025-03-15 16:00:00,10553,24.85,76.64,20.97,99.96,4.11,2025.0,3
2025-03-15 17:00:00,10554,25.13,75.2,20.7,100.0,5.1,2025.0,3
2025-03-15 18:00:00,10555,25.5,73.53,20.66,100.0,13.7,2025.0,3
2025-03-15 19:00:00,10556,25.96,71.53,20.61,100.0,15.57,2025.0,3
2025-03-15 20:00:00,10557,26.09,69.0,20.4,100.0,13.9,2025.0,3
2025-03-15 21:00:00,10558,26.37,66.7,20.41,100.0,22.8,2025.0,3
2025-03-15 22:00:00,10559,26.36,68.83,20.61,100.0,36.9,2025.0,3
2025-03-15 23:00:00,10560,25.86,71.03,20.51,100.0,49.2,2025.0,3
2025-03-16 00:00:00,10561,25.2,72.53,20.19,100.0,52.67,2025.0,3
2025-03-16 01:00:00,10562,25.39,71.37,20.05,100.0,52.03,2025.0,3
2025-03-16 02:00:00,10563,25.64,69.3,20.04,100.0,39.13,2025.0,3
2025-03-16 03:00:00,10564,25.88,67.87,20.22,100.0,30.23,2025.0,3
2025-03-16 04:00:00,10565,24.95,71.2,19.79,100.0,45.23,2025.0,3
2025-03-16 05:00:00,10566,25.14,69.67,19.71,100.0,42.27,2025.0,3
2025-03-16 06:00:00,10567,24.84,71.1,19.98,100.0,55.0,2025.0,3
2025-03-16 07:00:00,10568,28.01,60.45,25.7,99.9,40.45,2025.0,3
2025-03-16 08:00:00,10569,29.11,57.03,27.12,84.3,29.77,2025.0,3
2025-03-16 09:00:00,10570,30.29,52.5,25.48,98.27,4.03,2025.0,3
2025-03-16 10:00:00,10571,30.22,52.13,25.5,100.0,0.97,2025.0,3
2025-03-16 11:00:00,10572,31.72,49.23,28.23,97.73,5.83,2025.0,3
2025-03-16 12:00:00,10573,30.78,52.67,26.02,81.1,6.73,2025.0,3
2025-03-16 13:00:00,10574,28.94,60.57,24.32,95.8,14.57,2025.0,3
2025-03-16 14:00:00,10575,31.05,52.87,28.62,71.63,4.37,2025.0,3
2025-03-16 15:00:00,10576,30.16,50.17,27.06,68.67,0.23,2025.0,3
2025-03-16 16:00:00,10577,29.0,54.5,26.06,72.63,0.57,2025.0,3
2025-03-16 17:00:00,10578,28.86,56.14,25.51,75.11,3.0,2025.0,3
2025-03-16 18:00:00,10579,28.22,57.97,24.43,78.1,4.53,2025.0,3
2025-03-16 19:00:00,10580,28.31,58.1,23.88,80.07,16.0,2025.0,3
2025-03-16 20:00:00,10581,27.8,60.37,23.33,82.47,12.8,2025.0,3
2025-03-16 21:00:00,10582,27.8,60.9,22.92,84.2,27.33,2025.0,3
2025-03-16 22:00:00,10583,27.33,63.53,22.38,87.57,55.03,2025.0,3
2025-03-16 23:00:00,10584,26.66,66.2,21.86,89.87,51.93,2025.0,3
2025-03-17 00:00:00,10585,26.32,66.77,21.5,90.57,68.77,2025.0,3
2025-03-17 01:00:00,10586,25.74,69.8,21.09,92.77,63.47,2025.0,3
2025-03-17 02:00:00,10587,25.52,69.23,20.73,93.17,47.8,2025.0,3
2025-03-17 03:00:00,10588,25.41,68.77,20.33,93.4,47.03,2025.0,3
2025-03-17 04:00:00,10589,25.32,68.97,20.21,93.7,59.17,2025.0,3
2025-03-17 05:00:00,10590,25.32,70.77,20.15,95.73,75.63,2025.0,3
2025-03-17 06:00:00,10591,25.82,69.1,21.82,92.17,61.1,2025.0,3
2025-03-17 07:00:00,10592,27.76,64.37,26.31,78.13,76.6,2025.0,3
2025-03-17 08:00:00,10593,31.29,53.97,32.02,61.8,64.37,2025.0,3
2025-03-17 09:00:00,10594,31.6,50.43,29.3,65.8,43.27,2025.0,3
2025-03-17 10:00:00,10595,29.87,54.8,27.42,70.9,11.67,2025.0,3
2025-03-17 11:00:00,10596,30.6,52.7,28.2,68.47,12.07,2025.0,3
2025-03-17 12:00:00,10597,30.79,50.77,28.29,67.03,8.57,2025.0,3
2025-03-17 13:00:00,10598,31.17,49.2,29.08,64.3,11.6,2025.0,3
2025-03-17 14:00:00,10599,29.85,54.63,27.8,69.57,29.1,2025.0,3
2025-03-17 15:00:00,10600,27.92,63.1,25.01,80.1,29.53,2025.0,3
2025-03-17 16:00:00,10601,27.84,63.67,24.35,82.47,34.47,2025.0,3
2025-03-17 17:00:00,10602,27.92,64.4,23.83,85.07,42.93,2025.0,3
2025-03-17 18:00:00,10603,27.63,64.77,23.5,85.6,40.67,2025.0,3
2025-03-17 19:00:00,10604,27.6,65.67,23.18,87.4,43.67,2025.0,3
2025-03-17 20:00:00,10605,27.49,65.37,23.15,86.87,36.8,2025.0,3
2025-03-17 21:00:00,10606,26.96,68.63,22.47,91.2,40.3,2025.0,3
2025-03-17 22:00:00,10607,26.73,69.33,22.31,91.23,37.73,2025.0,3
2025-03-17 23:00:00,10608,26.55,70.13,21.95,92.77,31.4,2025.0,3
2025-03-18 00:00:00,10609,25.48,72.7,20.66,96.27,18.13,2025.0,3
2025-03-18 01:00:00,10610,24.97,70.53,19.88,97.67,9.57,2025.0,3
2025-03-18 02:00:00,10611,24.94,70.57,19.89,98.0,13.77,2025.0,3
2025-03-18 03:00:00,10612,24.69,71.97,19.87,98.0,9.3,2025.0,3
2025-03-18 04:00:00,10613,24.54,73.9,19.91,98.0,14.9,2025.0,3
2025-03-18 05:00:00,10614,24.77,74.7,20.27,98.0,21.0,2025.0,3
2025-03-18 06:00:00,10615,24.95,72.86,20.44,98.1,19.03,2025.0,3
2025-03-18 07:00:00,10616,25.46,69.07,21.73,95.36,14.86,2025.0,3
2025-03-18 08:00:00,10617,26.56,63.83,23.47,82.33,16.37,2025.0,3
2025-03-18 09:00:00,10618,27.37,61.07,24.65,78.07,18.83,2025.0,3
2025-03-18 10:00:00,10619,27.98,59.57,25.13,76.97,26.93,2025.0,3
2025-03-18 11:00:00,10620,28.35,58.4,25.65,75.2,25.83,2025.0,3
2025-03-18 12:00:00,10621,28.72,57.87,26.14,74.4,24.67,2025.0,3
2025-03-18 13:00:00,10622,29.47,55.5,27.34,70.9,23.3,2025.0,3
2025-03-18 14:00:00,10623,29.55,56.6,26.97,73.27,29.87,2025.0,3
2025-03-18 15:00:00,10624,29.36,55.77,27.45,70.63,30.23,2025.0,3
2025-03-18 16:00:00,10625,29.1,56.07,26.61,72.4,31.87,2025.0,3
2025-03-18 17:00:00,10626,28.8,58.53,25.04,78.3,39.1,2025.0,3
2025-03-18 18:00:00,10627,28.62,59.77,24.43,80.7,47.7,2025.0,3
2025-03-18 19:00:00,10628,28.51,61.6,23.87,84.03,58.2,2025.0,3
2025-03-18 20:00:00,10629,28.24,62.7,23.75,84.67,65.83,2025.0,3
2025-03-18 21:00:00,10630,28.05,64.1,23.55,85.93,70.67,2025.0,3
2025-03-18 22:00:00,10631,27.9,65.73,23.17,88.57,91.1,2025.0,3
2025-03-18 23:00:00,10632,27.98,65.93,22.91,90.17,101.27,2025.0,3
2025-03-19 00:00:00,10633,27.29,68.1,22.75,90.63,77.8,2025.0,3
2025-03-19 01:00:00,10634,26.79,65.2,22.39,87.4,36.77,2025.0,3
2025-03-19 02:00:00,10635,26.61,67.33,22.13,89.43,42.9,2025.0,3
2025-03-19 03:00:00,10636,26.33,69.27,21.75,92.0,47.1,2025.0,3
2025-03-19 04:00:00,10637,25.96,70.17,21.41,92.6,36.63,2025.0,3
2025-03-19 05:00:00,10638,26.15,69.73,21.39,93.07,38.93,2025.0,3
2025-03-19 06:00:00,10639,26.52,69.0,21.76,92.63,62.1,2025.0,3
2025-03-19 07:00:00,10640,26.69,69.07,23.24,88.17,58.33,2025.0,3
2025-03-19 08:00:00,10641,28.43,59.33,25.27,77.33,41.53,2025.0,3
2025-03-19 09:00:00,10642,29.71,50.97,27.18,67.43,25.9,2025.0,3
2025-03-19 10:00:00,10643,30.36,49.47,27.68,66.33,13.5,2025.0,3
2025-03-19 11:00:00,10644,31.19,46.67,28.69,62.83,14.13,2025.0,3
2025-03-19 12:00:00,10645,31.91,45.03,29.55,60.73,14.17,2025.0,3
2025-03-19 13:00:00,10646,32.04,45.93,29.82,61.34,20.14,2025.0,3
2025-03-19 14:00:00,10647,31.73,46.3,29.01,62.97,16.7,2025.0,3
2025-03-19 15:00:00,10648,31.48,46.63,28.4,64.13,19.43,2025.0,3
2025-03-19 16:00:00,10649,31.54,48.0,27.71,67.4,27.0,2025.0,3
2025-03-19 17:00:00,10650,30.99,52.53,26.61,74.0,40.1,2025.0,3
2025-03-19 18:00:00,10651,30.22,53.9,25.74,76.03,41.8,2025.0,3
2025-03-19 19:00:00,10652,29.15,60.87,24.62,83.2,57.9,2025.0,3
2025-03-19 20:00:00,10653,28.11,64.73,23.5,87.13,53.6,2025.0,3
2025-03-19 21:00:00,10654,27.55,67.0,23.02,89.27,47.5,2025.0,3
2025-03-19 22:00:00,10655,27.54,69.3,23.0,91.87,68.4,2025.0,3
2025-03-19 23:00:00,10656,27.46,70.0,22.84,92.9,65.5,2025.0,3
2025-03-20 00:00:00,10657,27.32,70.47,22.95,92.5,67.07,2025.0,3
2025-03-20 01:00:00,10658,26.94,71.23,22.56,93.03,59.7,2025.0,3
2025-03-20 02:00:00,10659,26.97,70.53,22.32,93.87,64.17,2025.0,3
2025-03-20 03:00:00,10660,26.67,69.23,22.58,90.4,51.1,2025.0,3
2025-03-20 04:00:00,10661,26.81,62.7,23.54,81.23,27.3,2025.0,3
2025-03-20 05:00:00,10662,26.96,60.6,23.68,78.97,13.53,2025.0,3
2025-03-20 06:00:00,10663,26.68,61.17,23.95,78.07,7.37,2025.0,3
2025-03-20 07:00:00,10664,26.89,60.63,25.12,74.8,4.83,2025.0,3
2025-03-20 08:00:00,10665,28.3,55.83,27.66,67.3,3.37,2025.0,3
2025-03-20 09:00:00,10666,29.6,52.53,27.64,67.4,2.73,2025.0,3
2025-03-20 10:00:00,10667,30.11,51.23,27.99,66.57,2.6,2025.0,3
2025-03-20 11:00:00,10668,31.58,48.03,28.82,64.8,4.6,2025.0,3
2025-03-20 12:00:00,10669,32.1,46.1,29.87,61.6,2.77,2025.0,3
2025-03-20 13:00:00,10670,31.42,47.03,29.8,61.13,2.7,2025.0,3
2025-03-20 14:00:00,10671,31.84,46.1,30.02,60.63,6.97,2025.0,3
2025-03-20 15:00:00,10672,31.63,46.93,29.73,61.57,12.8,2025.0,3
2025-03-20 16:00:00,10673,31.42,48.83,28.87,65.03,19.83,2025.0,3
2025-03-20 17:00:00,10674,30.23,56.13,26.82,74.77,30.43,2025.0,3
2025-03-20 18:00:00,10675,29.41,58.17,25.8,77.27,29.97,2025.0,3
2025-03-20 19:00:00,10676,29.42,58.1,25.32,78.67,38.1,2025.0,3
2025-03-20 20:00:00,10677,28.37,61.83,24.78,80.8,37.5,2025.0,3
2025-03-20 21:00:00,10678,27.63,64.17,24.05,83.13,35.83,2025.0,3
2025-03-20 22:00:00,10679,27.71,64.47,23.61,84.97,38.13,2025.0,3
2025-03-20 23:00:00,10680,27.45,66.0,23.06,87.6,45.07,2025.0,3
2025-03-21 00:00:00,10681,27.35,65.43,22.94,87.03,47.3,2025.0,3
2025-03-21 01:00:00,10682,27.37,64.07,22.84,86.0,42.63,2025.0,3
2025-03-21 02:00:00,10683,27.4,63.5,22.92,85.4,41.5,2025.0,3
2025-03-21 03:00:00,10684,27.19,65.03,22.79,86.63,42.6,2025.0,3
2025-03-21 04:00:00,10685,26.57,67.4,22.53,87.8,39.17,2025.0,3
2025-03-21 05:00:00,10686,25.84,68.4,22.2,87.5,37.3,2025.0,3
2025-03-21 06:00:00,10687,26.13,67.73,22.32,87.43,37.87,2025.0,3
2025-03-21 07:00:00,10688,26.8,65.27,24.21,81.4,35.53,2025.0,3
2025-03-21 08:00:00,10689,27.24,62.63,25.27,76.87,28.07,2025.0,3
2025-03-21 09:00:00,10690,27.63,60.73,25.06,76.8,29.37,2025.0,3
2025-03-21 10:00:00,10691,28.27,58.57,26.18,73.53,28.5,2025.0,3
2025-03-21 11:00:00,10692,29.5,54.6,27.11,70.47,28.77,2025.0,3
2025-03-21 12:00:00,10693,29.55,54.4,27.49,69.4,28.4,2025.0,3
2025-03-21 13:00:00,10694,30.26,52.57,28.41,67.13,31.77,2025.0,3
2025-03-21 14:00:00,10695,31.14,50.4,28.87,66.0,35.53,2025.0,3
2025-03-21 15:00:00,10696,30.47,52.77,28.08,68.67,38.27,2025.0,3
2025-03-21 16:00:00,10697,29.79,55.0,27.04,71.83,37.1,2025.0,3
2025-03-21 17:00:00,10698,29.19,58.07,25.95,75.9,37.6,2025.0,3
2025-03-21 18:00:00,10699,28.96,60.13,24.8,80.67,43.77,2025.0,3
2025-03-21 19:00:00,10700,28.67,61.63,24.26,83.19,48.63,2025.0,3
2025-03-21 20:00:00,10701,28.46,62.93,23.9,84.93,49.86,2025.0,3
2025-03-21 21:00:00,10702,28.13,64.6,23.57,86.7,59.6,2025.0,3
2025-03-21 22:00:00,10703,27.84,66.4,23.24,88.63,63.57,2025.0,3
2025-03-21 23:00:00,10704,27.56,67.8,23.07,89.5,69.17,2025.0,3
2025-03-22 00:00:00,10705,27.26,69.1,22.67,91.37,74.53,2025.0,3
2025-03-22 01:00:00,10706,27.12,69.17,22.49,91.8,73.3,2025.0,3
2025-03-22 02:00:00,10707,27.11,69.0,22.38,92.0,81.5,2025.0,3
2025-03-22 03:00:00,10708,27.01,69.9,22.4,92.0,67.07,2025.0,3
2025-03-22 04:00:00,10709,26.87,69.23,22.29,91.7,68.6,2025.0,3
2025-03-22 05:00:00,10710,26.59,68.87,21.8,91.87,71.87,2025.0,3
2025-03-22 06:00:00,10711,26.76,68.3,22.54,90.1,71.37,2025.0,3
2025-03-22 07:00:00,10712,28.24,64.57,26.82,77.6,87.83,2025.0,3
2025-03-22 08:00:00,10713,29.1,61.9,26.43,77.97,65.33,2025.0,3
2025-03-22 09:00:00,10714,29.82,58.5,27.38,74.23,48.37,2025.0,3
2025-03-22 10:00:00,10715,31.35,52.13,28.7,68.4,37.97,2025.0,3
2025-03-22 11:00:00,10716,31.99,48.67,29.56,64.7,30.57,2025.0,3
2025-03-22 12:00:00,10717,30.57,53.6,28.54,68.57,28.97,2025.0,3
2025-03-22 13:00:00,10718,31.08,52.27,29.39,66.5,28.53,2025.0,3
2025-03-22 14:00:00,10719,30.14,56.43,25.83,79.73,33.3,2025.0,3
2025-03-22 15:00:00,10720,29.24,59.07,23.52,93.37,32.47,2025.0,3
2025-03-22 16:00:00,10721,28.38,60.33,25.12,79.23,27.3,2025.0,3
2025-03-22 17:00:00,10722,28.16,60.67,24.54,80.0,31.17,2025.0,3
2025-03-22 18:00:00,10723,27.87,62.5,23.79,83.23,31.13,2025.0,3
2025-03-22 19:00:00,10724,28.32,62.93,23.87,84.57,36.37,2025.0,3
2025-03-22 20:00:00,10725,28.1,62.77,23.67,84.47,34.13,2025.0,3
2025-03-22 21:00:00,10726,28.24,61.67,23.61,84.0,32.27,2025.0,3
2025-03-22 22:00:00,10727,28.39,60.03,23.61,82.87,37.83,2025.0,3
2025-03-22 23:00:00,10728,27.49,65.3,22.68,88.47,81.53,2025.0,3
2025-03-23 00:00:00,10729,26.75,67.23,22.04,90.17,92.1,2025.0,3
2025-03-23 01:00:00,10730,26.53,65.83,21.49,89.67,65.63,2025.0,3
2025-03-23 02:00:00,10731,26.41,65.03,21.57,88.43,63.73,2025.0,3
2025-03-23 03:00:00,10732,26.61,63.93,21.75,87.1,50.8,2025.0,3
2025-03-23 04:00:00,10733,26.4,64.13,21.48,87.67,55.27,2025.0,3
2025-03-23 05:00:00,10734,25.15,65.13,20.23,88.7,51.2,2025.0,3
2025-03-23 06:00:00,10735,25.79,61.57,21.49,83.33,54.33,2025.0,3
2025-03-23 07:00:00,10736,27.93,56.03,28.38,65.47,65.8,2025.0,3
2025-03-23 08:00:00,10737,32.33,46.97,33.96,52.53,60.03,2025.0,3
2025-03-23 09:00:00,10738,30.76,46.8,27.89,63.2,13.73,2025.0,3
2025-03-23 10:00:00,10739,30.95,46.97,28.12,63.4,10.3,2025.0,3
2025-03-23 11:00:00,10740,30.73,48.47,28.43,63.73,9.07,2025.0,3
2025-03-23 12:00:00,10741,31.64,47.0,29.14,62.73,16.8,2025.0,3
2025-03-23 13:00:00,10742,,,5.99,12.4,4.57,2025.0,3
2025-03-23 14:00:00,10743,,,0.0,0.0,0.0,2025.0,3
2025-03-23 15:00:00,10744,,,0.0,0.0,0.0,2025.0,3
2025-03-23 16:00:00,10745,,,0.0,0.0,0.0,2025.0,3
2025-03-23 17:00:00,10746,,,0.0,0.0,0.0,2025.0,3
2025-03-23 18:00:00,10747,,,0.0,0.0,0.0,2025.0,3
2025-03-23 19:00:00,10748,,,0.0,0.0,0.0,2025.0,3
2025-03-23 20:00:00,10749,,,0.0,0.0,0.0,2025.0,3
2025-03-23 21:00:00,10750,,,0.0,0.0,0.0,2025.0,3
2025-03-23 22:00:00,10751,,,0.0,0.0,0.0,2025.0,3
2025-03-23 23:00:00,10752,,,0.0,0.0,0.0,2025.0,3
2025-03-24 00:00:00,10753,,,0.0,0.0,0.0,2025.0,3
2025-03-24 01:00:00,10754,,,0.0,0.0,0.0,2025.0,3
2025-03-24 02:00:00,10755,,,0.0,0.0,0.0,2025.0,3
2025-03-24 03:00:00,10756,,,0.0,0.0,0.0,2025.0,3
2025-03-24 04:00:00,10757,,,0.0,0.0,0.0,2025.0,3
2025-03-24 05:00:00,10758,,,0.0,0.0,0.0,2025.0,3
2025-03-24 06:00:00,10759,,,0.0,0.0,0.0,2025.0,3
2025-03-24 07:00:00,10760,,,0.0,0.0,0.0,2025.0,3
2025-03-24 08:00:00,10761,,,0.0,0.0,0.0,2025.0,3
2025-03-24 09:00:00,10762,,,0.0,0.0,0.0,2025.0,3
2025-03-24 10:00:00,10763,,,0.0,0.0,0.0,2025.0,3
2025-03-24 11:00:00,10764,,,0.0,0.0,0.0,2025.0,3
2025-03-24 12:00:00,10765,,,0.0,0.0,0.0,2025.0,3
2025-03-24 13:00:00,10766,,,0.0,0.0,0.0,2025.0,3
2025-03-24 14:00:00,10767,,,0.0,0.0,0.0,2025.0,3
2025-03-24 15:00:00,10768,,,0.0,0.0,0.0,2025.0,3
2025-03-24 16:00:00,10769,,,0.0,0.0,0.0,2025.0,3
2025-03-24 17:00:00,10770,,,0.0,0.0,0.0,2025.0,3
2025-03-24 18:00:00,10771,,,0.0,0.0,0.0,2025.0,3
2025-03-24 19:00:00,10772,,,0.0,0.0,0.0,2025.0,3
2025-03-24 20:00:00,10773,,,0.0,0.0,0.0,2025.0,3
2025-03-24 21:00:00,10774,,,0.0,0.0,0.0,2025.0,3
2025-03-24 22:00:00,10775,,,0.0,0.0,0.0,2025.0,3
2025-03-24 23:00:00,10776,,,0.0,0.0,0.0,2025.0,3
2025-03-25 00:00:00,10777,,,0.0,0.0,0.0,2025.0,3
2025-03-25 01:00:00,10778,,,0.0,0.0,0.0,2025.0,3
2025-03-25 02:00:00,10779,,,0.0,0.0,0.0,2025.0,3
2025-03-25 03:00:00,10780,,,0.0,0.0,0.0,2025.0,3
2025-03-25 04:00:00,10781,,,0.0,0.0,0.0,2025.0,3
2025-03-25 05:00:00,10782,,,0.0,0.0,0.0,2025.0,3
2025-03-25 06:00:00,10783,,,0.0,0.0,0.0,2025.0,3
2025-03-25 07:00:00,10784,,,0.0,0.0,0.0,2025.0,3
2025-03-25 08:00:00,10785,,,0.0,0.0,0.0,2025.0,3
2025-03-25 09:00:00,10786,,,0.0,0.0,0.0,2025.0,3
2025-03-25 10:00:00,10787,,,0.0,0.0,0.0,2025.0,3
2025-03-25 11:00:00,10788,,,0.0,0.0,0.0,2025.0,3
2025-03-25 12:00:00,10789,,,0.0,0.0,0.0,2025.0,3
2025-03-25 13:00:00,10790,,,0.0,0.0,0.0,2025.0,3
2025-03-25 14:00:00,10791,,,0.0,0.0,0.0,2025.0,3
2025-03-25 15:00:00,10792,,,0.0,0.0,0.0,2025.0,3
2025-03-25 16:00:00,10793,,,0.0,0.0,0.0,2025.0,3
2025-03-25 17:00:00,10794,,,0.0,0.0,0.0,2025.0,3
2025-03-25 18:00:00,10795,,,0.0,0.0,0.0,2025.0,3
2025-03-25 19:00:00,10796,,,0.0,0.0,0.0,2025.0,3
2025-03-25 20:00:00,10797,,,0.0,0.0,0.0,2025.0,3
2025-03-25 21:00:00,10798,,,0.0,0.0,0.0,2025.0,3
2025-03-25 22:00:00,10799,,,0.0,0.0,0.0,2025.0,3
2025-03-25 23:00:00,10800,,,0.0,0.0,0.0,2025.0,3
2025-03-26 00:00:00,10801,,,0.0,0.0,0.0,2025.0,3
2025-03-26 01:00:00,10802,,,0.0,0.0,0.0,2025.0,3
2025-03-26 02:00:00,10803,,,0.0,0.0,0.0,2025.0,3
2025-03-26 03:00:00,10804,,,0.0,0.0,0.0,2025.0,3
2025-03-26 04:00:00,10805,,,0.0,0.0,0.0,2025.0,3
2025-03-26 05:00:00,10806,,,0.0,0.0,0.0,2025.0,3
2025-03-26 06:00:00,10807,,,0.0,0.0,0.0,2025.0,3
2025-03-26 07:00:00,10808,,,0.0,0.0,0.0,2025.0,3
2025-03-26 08:00:00,10809,,,0.0,0.0,0.0,2025.0,3
2025-03-26 09:00:00,10810,,,0.0,0.0,0.0,2025.0,3
2025-03-26 10:00:00,10811,,,2.91,6.43,1.27,2025.0,3
2025-03-26 11:00:00,10812,30.52,53.63,27.81,69.13,25.03,2025.0,3
2025-03-26 12:00:00,10813,30.76,53.87,28.33,69.13,29.53,2025.0,3
2025-03-26 13:00:00,10814,31.23,52.5,28.66,68.03,32.83,2025.0,3
2025-03-26 14:00:00,10815,31.26,53.63,28.3,70.4,41.03,2025.0,3
2025-03-26 19:00:00,10820,29.03,57.73,24.62,78.8,29.0,2025.0,3
2025-03-26 20:00:00,10821,28.81,61.8,23.94,84.6,73.87,2025.0,3
2025-03-26 21:00:00,10822,28.19,65.93,23.54,87.9,88.33,2025.0,3
2025-03-26 22:00:00,10823,28.01,64.73,23.31,87.03,63.43,2025.0,3
2025-03-26 23:00:00,10824,27.79,65.77,23.01,88.23,70.87,2025.0,3
2025-03-27 00:00:00,10825,27.28,66.73,22.38,89.8,67.97,2025.0,3
2025-03-27 01:00:00,10826,26.74,66.57,21.97,89.0,47.87,2025.0,3
2025-03-27 02:00:00,10827,26.7,66.27,22.0,88.73,46.23,2025.0,3
2025-03-27 03:00:00,10828,26.27,65.83,21.18,89.4,54.17,2025.0,3
2025-03-27 04:00:00,10829,25.96,67.43,20.77,91.47,59.17,2025.0,3
2025-03-27 05:00:00,10830,25.72,70.03,20.53,93.83,76.5,2025.0,3
2025-03-27 06:00:00,10831,25.6,70.07,20.81,93.87,85.0,2025.0,3
2025-03-27 07:00:00,10832,26.65,65.57,23.34,83.73,65.2,2025.0,3
2025-03-27 08:00:00,10833,28.78,56.97,27.01,70.97,52.13,2025.0,3
2025-03-27 09:00:00,10834,29.7,56.7,26.96,73.07,34.73,2025.0,3
2025-03-27 10:00:00,10835,30.27,57.17,27.35,74.2,34.5,2025.0,3
2025-03-27 11:00:00,10836,30.88,56.47,27.94,73.5,36.0,2025.0,3
2025-03-27 12:00:00,10837,31.93,53.23,28.97,70.23,34.03,2025.0,3
2025-03-27 13:00:00,10838,32.12,52.7,29.4,69.1,35.17,2025.0,3
2025-03-27 14:00:00,10839,30.81,55.8,27.05,75.53,37.2,2025.0,3
2025-03-27 15:00:00,10840,28.66,65.11,24.38,87.57,31.57,2025.0,3
2025-03-27 16:00:00,10841,28.71,66.07,25.04,84.97,34.2,2025.0,3
2025-03-27 17:00:00,10842,28.49,65.3,24.3,86.03,32.8,2025.0,3
2025-03-27 18:00:00,10843,28.15,65.77,23.68,87.07,34.5,2025.0,3
2025-03-27 19:00:00,10844,27.97,68.03,23.3,90.27,51.2,2025.0,3
2025-03-27 20:00:00,10845,28.04,67.93,23.38,90.2,57.23,2025.0,3
2025-03-27 21:00:00,10846,27.76,68.63,23.3,90.23,42.0,2025.0,3
2025-03-27 22:00:00,10847,27.67,69.27,23.2,91.0,43.97,2025.0,3
2025-03-27 23:00:00,10848,27.75,69.2,22.88,92.07,42.47,2025.0,3
2025-03-28 00:00:00,10849,27.4,71.53,22.45,94.7,71.03,2025.0,3
2025-03-28 01:00:00,10850,27.22,72.47,22.23,96.0,82.97,2025.0,3
2025-03-28 02:00:00,10851,27.31,71.43,22.26,95.73,73.13,2025.0,3
2025-03-28 03:00:00,10852,27.22,71.53,22.22,95.17,83.67,2025.0,3
2025-03-28 04:00:00,10853,26.86,72.23,21.97,95.9,82.3,2025.0,3
2025-03-28 05:00:00,10854,27.01,69.97,22.18,93.67,53.5,2025.0,3
2025-03-28 06:00:00,10855,26.95,70.27,22.94,90.93,68.43,2025.0,3
2025-03-28 07:00:00,10856,28.15,65.7,27.42,76.97,30.97,2025.0,3
2025-03-28 08:00:00,10857,29.61,59.1,28.61,70.53,10.97,2025.0,3
2025-03-28 09:00:00,10858,30.95,53.87,28.29,70.07,1.07,2025.0,3
2025-03-28 10:00:00,10859,31.92,50.87,29.17,67.27,2.27,2025.0,3
2025-03-28 11:00:00,10860,30.92,52.73,28.38,68.8,0.73,2025.0,3
2025-03-28 12:00:00,10861,30.31,54.97,28.09,70.27,0.07,2025.0,3
2025-03-28 13:00:00,10862,30.36,54.17,27.84,70.13,2.83,2025.0,3
2025-03-28 14:00:00,10863,31.05,53.03,28.02,70.4,3.0,2025.0,3
2025-03-28 15:00:00,10864,29.85,58.63,26.24,77.7,11.23,2025.0,3
2025-03-28 17:00:00,10866,27.88,66.14,23.17,89.03,19.66,2025.0,3
2025-03-28 18:00:00,10867,26.54,70.3,21.33,96.8,11.27,2025.0,3
2025-03-28 19:00:00,10868,27.21,66.27,21.43,97.0,7.2,2025.0,3
2025-03-28 20:00:00,10869,28.18,59.5,21.97,96.1,16.93,2025.0,3
2025-03-28 21:00:00,10870,28.26,57.47,23.71,82.0,16.77,2025.0,3
2025-03-28 22:00:00,10871,28.26,58.67,23.62,81.07,28.2,2025.0,3
2025-03-28 23:00:00,10872,28.04,59.63,23.4,82.03,18.37,2025.0,3
2025-03-29 00:00:00,10873,27.71,59.93,23.35,81.4,20.33,2025.0,3
2025-03-29 01:00:00,10874,27.44,60.9,23.02,82.6,14.73,2025.0,3
2025-03-29 02:00:00,10875,26.98,61.57,23.07,81.57,0.23,2025.0,3
2025-03-29 03:00:00,10876,26.65,63.17,22.69,83.3,0.0,2025.0,3
2025-03-29 04:00:00,10877,26.58,64.33,22.24,85.77,1.73,2025.0,3
2025-03-29 05:00:00,10878,26.67,64.3,22.14,86.33,10.37,2025.0,3
2025-03-29 06:00:00,10879,27.39,60.97,22.99,82.47,26.3,2025.0,3
2025-03-29 07:00:00,10880,27.53,62.63,23.65,82.63,43.93,2025.0,3
2025-03-29 08:00:00,10881,29.46,57.53,27.36,72.63,41.73,2025.0,3
2025-03-29 10:00:00,10883,33.47,42.9,32.6,54.62,7.03,2025.0,3
2025-03-29 11:00:00,10884,33.49,41.5,31.46,55.37,19.03,2025.0,3
2025-03-29 12:00:00,10885,33.26,39.57,31.79,52.27,6.9,2025.0,3
2025-03-29 13:00:00,10886,33.73,39.47,32.76,51.0,1.17,2025.0,3
2025-03-29 14:00:00,10887,34.18,40.2,31.39,55.6,3.73,2025.0,3
2025-03-29 15:00:00,10888,32.34,45.37,29.16,62.43,0.53,2025.0,3
2025-03-29 16:00:00,10889,31.22,46.63,27.31,65.73,5.9,2025.0,3
2025-03-29 17:00:00,10890,30.55,49.83,26.47,69.77,13.4,2025.0,3
2025-03-29 18:00:00,10891,29.76,52.93,25.5,73.27,23.57,2025.0,3
2025-03-29 19:00:00,10892,29.15,55.17,24.87,75.77,24.73,2025.0,3
2025-03-29 20:00:00,10893,28.69,56.97,24.31,78.07,29.1,2025.0,3
2025-03-29 21:00:00,10894,28.3,58.47,23.59,80.9,36.63,2025.0,3
2025-03-29 22:00:00,10895,28.0,59.0,23.24,81.3,42.87,2025.0,3
2025-03-29 23:00:00,10896,27.67,60.1,22.84,82.73,50.3,2025.0,3
2025-03-30 00:00:00,10897,27.34,60.4,22.33,83.43,48.3,2025.0,3
2025-03-30 01:00:00,10898,26.87,62.23,21.75,85.93,79.77,2025.0,3
2025-03-30 02:00:00,10899,26.47,62.67,21.18,86.93,67.8,2025.0,3
2025-03-30 03:00:00,10900,26.12,66.07,20.94,90.2,96.3,2025.0,3
2025-03-30 04:00:00,10901,25.74,66.33,20.88,89.53,57.37,2025.0,3
2025-03-30 05:00:00,10902,25.65,66.57,20.43,91.07,74.83,2025.0,3
2025-03-30 06:00:00,10903,25.85,66.87,21.34,89.47,88.63,2025.0,3
2025-03-30 07:00:00,10904,27.69,61.67,25.76,76.23,,2025.0,3
2025-03-30 08:00:00,10905,29.98,54.77,29.7,64.77,,2025.0,3
2025-03-30 09:00:00,10906,33.38,44.87,30.29,61.13,67.57,2025.0,3
2025-03-30 10:00:00,10907,33.14,42.53,29.65,60.17,28.87,2025.0,3
2025-03-30 11:00:00,10908,32.7,42.7,29.68,59.3,5.87,2025.0,3
2025-03-30 12:00:00,10909,33.43,41.47,30.7,57.23,2.63,2025.0,3
2025-03-30 13:00:00,10910,33.55,42.37,30.86,58.13,4.63,2025.0,3
2025-03-30 14:00:00,10911,33.25,43.93,30.35,60.37,7.93,2025.0,3
2025-03-30 15:00:00,10912,33.28,44.5,30.59,60.5,14.1,2025.0,3
2025-03-30 16:00:00,10913,32.83,46.33,29.71,63.5,20.87,2025.0,3
2025-03-30 17:00:00,10914,31.55,50.57,27.72,69.83,24.2,2025.0,3
2025-03-30 18:00:00,10915,30.67,52.6,26.54,72.73,32.07,2025.0,3
2025-03-30 19:00:00,10916,30.04,54.53,25.74,75.33,33.27,2025.0,3
2025-03-30 20:00:00,10917,29.37,58.47,24.93,79.8,36.17,2025.0,3
2025-03-30 21:00:00,10918,29.38,58.0,24.34,80.93,40.8,2025.0,3
2025-03-30 22:00:00,10919,29.14,62.2,23.94,86.1,59.47,2025.0,3
2025-03-30 23:00:00,10920,28.45,66.73,23.18,91.2,84.1,2025.0,3
2025-03-31 00:00:00,10921,28.04,67.17,22.9,91.4,99.03,2025.0,3
2025-03-31 01:00:00,10922,27.48,63.87,22.49,87.1,77.87,2025.0,3
2025-03-31 02:00:00,10923,27.45,62.57,22.32,86.47,54.63,2025.0,3
2025-03-31 03:00:00,10924,27.25,61.07,22.38,84.03,43.9,2025.0,3
2025-03-31 04:00:00,10925,27.11,59.73,22.31,82.67,35.57,2025.0,3
2025-03-31 05:00:00,10926,26.86,65.3,21.93,88.73,62.97,2025.0,3
2025-03-31 06:00:00,10927,27.13,61.93,24.41,78.9,43.93,2025.0,3
2025-03-31 07:00:00,10928,29.37,57.2,31.08,62.63,51.07,2025.0,3
2025-03-31 08:00:00,10929,32.52,50.34,33.26,57.62,52.83,2025.0,3
2025-03-31 09:00:00,10930,34.34,42.3,31.25,58.57,33.7,2025.0,3
2025-03-31 10:00:00,10931,33.86,40.47,31.02,55.97,22.43,2025.0,3
2025-03-31 11:00:00,10932,33.68,39.73,30.6,55.8,3.8,2025.0,3
2025-03-31 12:00:00,10933,32.23,45.9,29.01,63.17,0.83,2025.0,3
2025-03-31 13:00:00,10934,31.25,49.67,27.88,67.67,2.93,2025.0,3
2025-03-31 14:00:00,10935,30.42,53.7,26.97,72.03,12.9,2025.0,3
2025-03-31 15:00:00,10936,30.3,53.63,26.87,71.87,13.33,2025.0,3
2025-03-31 16:00:00,10937,30.02,55.77,26.1,75.6,24.53,2025.0,3
2025-03-31 17:00:00,10938,29.67,57.17,25.47,77.6,31.07,2025.0,3
2025-03-31 18:00:00,10939,29.3,59.13,24.8,80.73,43.9,2025.0,3
2025-03-31 19:00:00,10940,28.97,60.93,24.44,82.33,43.3,2025.0,3
2025-03-31 20:00:00,10941,28.79,60.0,23.85,82.8,39.3,2025.0,3
2025-03-31 21:00:00,10942,28.1,63.8,22.75,88.3,54.03,2025.0,3
2025-03-31 22:00:00,10943,27.51,66.57,22.18,91.43,60.03,2025.0,3
2025-03-31 23:00:00,10944,27.02,65.63,21.62,90.63,54.6,2025.0,3
2025-04-01 00:00:00,10945,26.56,67.2,21.25,92.13,58.67,2025.0,4
2025-04-01 01:00:00,10946,26.07,66.57,20.68,91.7,51.87,2025.0,4
2025-04-01 02:00:00,10947,25.15,64.57,20.05,88.77,30.0,2025.0,4
2025-04-01 03:00:00,10948,25.25,63.37,19.99,87.73,24.2,2025.0,4
2025-04-01 04:00:00,10949,24.88,63.5,19.51,88.3,26.07,2025.0,4
2025-04-01 05:00:00,10950,24.79,64.13,19.49,89.23,31.83,2025.0,4
2025-04-01 06:00:00,10951,25.63,65.07,22.74,83.0,45.37,2025.0,4
2025-04-01 07:00:00,10952,27.93,60.37,26.33,73.57,48.2,2025.0,4
2025-04-01 08:00:00,10953,30.85,53.43,31.63,61.17,47.6,2025.0,4
2025-04-01 09:00:00,10954,33.12,47.1,30.94,61.37,50.73,2025.0,4
2025-04-01 10:00:00,10955,33.92,43.3,32.58,55.93,39.13,2025.0,4
2025-04-01 11:00:00,10956,33.16,43.73,30.62,58.83,22.93,2025.0,4
2025-04-01 12:00:00,10957,31.83,48.43,29.31,64.17,23.53,2025.0,4
2025-04-01 13:00:00,10958,31.13,50.37,28.24,67.13,23.7,2025.0,4
2025-04-01 14:00:00,10959,29.5,56.53,25.89,75.27,31.73,2025.0,4
2025-04-01 15:00:00,10960,27.53,64.53,23.42,84.7,21.27,2025.0,4
2025-04-01 16:00:00,10961,25.56,72.17,20.73,96.3,1.1,2025.0,4
2025-04-01 17:00:00,10962,25.84,70.73,20.68,97.0,5.03,2025.0,4
2025-04-01 18:00:00,10963,26.31,68.7,20.74,97.1,14.73,2025.0,4
2025-04-01 19:00:00,10964,26.62,68.53,20.91,97.83,25.5,2025.0,4
2025-04-01 20:00:00,10965,26.72,68.37,21.0,98.0,33.77,2025.0,4
2025-04-01 21:00:00,10966,26.91,68.27,21.17,98.0,35.43,2025.0,4
2025-04-01 22:00:00,10967,26.86,68.13,21.11,98.0,45.03,2025.0,4
2025-04-01 23:00:00,10968,26.62,69.03,21.03,98.0,50.0,2025.0,4
2025-04-02 00:00:00,10969,26.4,69.1,21.03,98.0,46.63,2025.0,4
2025-04-02 01:00:00,10970,26.46,69.23,21.07,98.0,57.17,2025.0,4
2025-04-02 02:00:00,10971,26.13,69.67,20.82,96.87,45.8,2025.0,4
2025-04-02 03:00:00,10972,25.89,70.43,20.77,95.9,48.27,2025.0,4
2025-04-02 04:00:00,10973,25.95,70.03,20.85,95.0,45.7,2025.0,4
2025-04-02 05:00:00,10974,26.14,67.67,20.95,92.97,29.47,2025.0,4
2025-04-02 06:00:00,10975,26.62,68.47,23.03,88.87,47.37,2025.0,4
2025-04-02 07:00:00,10976,27.99,64.43,25.22,81.67,52.77,2025.0,4
2025-04-02 08:00:00,10977,29.99,57.5,29.12,69.4,45.87,2025.0,4
2025-04-02 09:00:00,10978,29.97,55.93,27.84,70.6,35.7,2025.0,4
2025-04-02 10:00:00,10979,30.3,52.5,27.72,68.6,5.33,2025.0,4
2025-04-02 11:00:00,10980,30.5,51.53,28.44,66.4,0.2,2025.0,4
2025-04-02 12:00:00,10981,30.73,51.7,28.42,66.97,0.13,2025.0,4
2025-04-02 13:00:00,10982,29.06,58.2,25.53,77.0,1.77,2025.0,4
2025-04-02 14:00:00,10983,30.68,55.53,29.48,67.93,6.13,2025.0,4
2025-04-02 15:00:00,10984,30.58,54.5,26.61,74.33,3.9,2025.0,4
2025-04-02 16:00:00,10985,28.45,63.21,23.59,87.14,10.0,2025.0,4
2025-04-02 17:00:00,10986,26.89,67.9,21.97,92.57,9.13,2025.0,4
2025-04-02 18:00:00,10987,26.47,70.1,21.38,94.9,10.83,2025.0,4
2025-04-02 19:00:00,10988,26.98,69.73,21.81,96.27,26.57,2025.0,4
2025-04-02 20:00:00,10989,27.11,69.63,21.91,94.9,27.53,2025.0,4
2025-04-02 21:00:00,10990,26.78,69.7,21.79,94.2,16.6,2025.0,4
2025-04-02 22:00:00,10991,26.85,69.86,21.82,94.0,17.03,2025.0,4
2025-04-02 23:00:00,10992,26.77,70.79,21.76,94.66,32.48,2025.0,4
2025-04-03 00:00:00,10993,26.25,72.4,21.29,96.3,34.5,2025.0,4
2025-04-03 01:00:00,10994,26.43,71.1,21.28,96.17,27.2,2025.0,4
2025-04-03 02:00:00,10995,26.3,71.53,21.18,96.0,47.27,2025.0,4
2025-04-03 04:00:00,10997,26.1,72.76,21.24,97.0,33.66,2025.0,4
2025-04-03 05:00:00,10998,25.78,73.8,21.12,97.0,36.53,2025.0,4
2025-04-03 06:00:00,10999,26.11,72.0,21.55,95.9,35.03,2025.0,4
2025-04-03 07:00:00,11000,27.06,69.23,23.91,87.87,39.03,2025.0,4
2025-04-03 08:00:00,11001,28.84,63.87,25.92,81.0,42.57,2025.0,4
2025-04-03 09:00:00,11002,30.36,58.17,28.11,73.53,38.37,2025.0,4
2025-04-03 10:00:00,11003,31.35,55.0,30.84,66.0,36.33,2025.0,4
2025-04-03 11:00:00,11004,33.45,48.93,32.66,60.27,31.93,2025.0,4
2025-04-03 12:00:00,11005,33.3,47.4,31.31,61.77,22.8,2025.0,4
2025-04-03 13:00:00,11006,31.81,51.93,29.08,68.27,21.83,2025.0,4
2025-04-03 14:00:00,11007,32.62,50.37,30.21,65.87,12.13,2025.0,4
2025-04-03 15:00:00,11008,32.61,50.2,30.29,65.6,22.1,2025.0,4
2025-04-03 16:00:00,11009,31.48,54.37,28.45,71.57,25.27,2025.0,4
2025-04-03 17:00:00,11010,30.38,58.03,25.97,79.17,36.17,2025.0,4
2025-04-03 18:00:00,11011,29.36,61.83,24.81,83.33,35.1,2025.0,4
2025-04-03 19:00:00,11012,27.12,70.5,22.34,93.03,26.87,2025.0,4
2025-04-03 20:00:00,11013,25.28,74.37,20.64,96.73,3.93,2025.0,4
2025-04-03 21:00:00,11014,25.79,71.77,20.53,97.73,1.23,2025.0,4
2025-04-03 22:00:00,11015,25.67,71.77,20.36,98.0,1.67,2025.0,4
2025-04-03 23:00:00,11016,26.05,71.52,20.66,98.0,5.0,2025.0,4
2025-04-04 00:00:00,11017,26.07,72.27,20.77,98.0,13.97,2025.0,4
2025-04-04 01:00:00,11018,25.85,73.37,20.81,98.93,24.03,2025.0,4
2025-04-04 02:00:00,11019,26.03,72.87,20.88,99.0,22.8,2025.0,4
2025-04-04 03:00:00,11020,26.34,72.03,20.91,99.0,25.53,2025.0,4
2025-04-04 04:00:00,11021,26.41,72.27,21.04,99.0,27.0,2025.0,4
2025-04-04 05:00:00,11022,25.77,74.23,20.87,99.0,29.63,2025.0,4
2025-04-04 06:00:00,11023,26.07,73.13,21.07,99.0,32.9,2025.0,4
2025-04-04 07:00:00,11024,27.16,70.37,22.57,99.0,38.87,2025.0,4
2025-04-04 08:00:00,11025,29.3,63.6,25.01,98.77,43.77,2025.0,4
2025-04-04 09:00:00,11026,33.08,51.93,27.94,94.87,34.17,2025.0,4
2025-04-04 10:00:00,11027,34.98,44.27,30.76,77.53,13.7,2025.0,4
2025-04-04 11:00:00,11028,34.52,44.97,32.14,60.73,20.97,2025.0,4
2025-04-04 12:00:00,11029,33.24,44.33,30.45,60.73,3.57,2025.0,4
2025-04-04 13:00:00,11030,32.54,47.43,29.57,64.37,4.73,2025.0,4
2025-04-04 14:00:00,11031,30.83,54.53,28.5,70.3,8.97,2025.0,4
2025-04-04 15:00:00,11032,30.46,57.23,26.34,77.87,27.13,2025.0,4
2025-04-04 16:00:00,11033,28.91,64.0,24.62,85.62,30.62,2025.0,4
2025-04-04 17:00:00,11034,27.9,67.67,23.56,89.03,30.77,2025.0,4
2025-04-04 18:00:00,11035,27.56,68.53,22.87,91.2,28.63,2025.0,4
2025-04-04 19:00:00,11036,27.41,68.6,22.96,90.43,28.0,2025.0,4
2025-04-04 20:00:00,11037,27.13,69.63,22.64,91.47,31.6,2025.0,4
2025-04-04 21:00:00,11038,27.58,69.43,22.73,92.6,42.53,2025.0,4
2025-04-04 22:00:00,11039,27.63,69.7,22.67,93.5,46.17,2025.0,4
2025-04-04 23:00:00,11040,27.67,68.0,22.67,92.0,40.57,2025.0,4
2025-04-05 00:00:00,11041,27.41,68.73,22.42,92.43,35.0,2025.0,4
2025-04-05 01:00:00,11042,27.02,69.83,21.97,93.93,42.37,2025.0,4
2025-04-05 02:00:00,11043,27.13,69.77,22.12,94.0,45.27,2025.0,4
2025-04-05 03:00:00,11044,26.95,70.1,21.78,94.67,49.5,2025.0,4
2025-04-05 04:00:00,11045,26.32,69.43,21.44,93.37,34.67,2025.0,4
2025-04-05 05:00:00,11046,26.45,68.73,21.49,92.8,39.6,2025.0,4
2025-04-05 06:00:00,11047,26.61,69.53,22.16,92.0,44.83,2025.0,4
2025-04-05 07:00:00,11048,28.46,65.33,27.96,76.63,44.9,2025.0,4
2025-04-05 08:00:00,11049,31.69,55.57,33.13,60.9,38.73,2025.0,4
2025-04-05 09:00:00,11050,34.22,47.48,33.03,59.62,32.62,2025.0,4
2025-04-05 10:00:00,11051,32.8,47.2,30.1,63.0,30.67,2025.0,4
2025-04-05 11:00:00,11052,32.19,48.97,29.02,66.47,32.03,2025.0,4
2025-04-05 12:00:00,11053,32.23,50.9,29.95,66.07,31.5,2025.0,4
2025-04-05 13:00:00,11054,31.53,53.03,29.13,68.47,20.9,2025.0,4
2025-04-05 14:00:00,11055,32.0,50.3,29.85,65.2,18.93,2025.0,4
2025-04-05 15:00:00,11056,31.32,52.97,28.16,70.47,27.73,2025.0,4
2025-04-05 16:00:00,11057,28.78,62.41,24.57,82.93,40.48,2025.0,4
2025-04-05 17:00:00,11058,25.83,70.76,20.8,95.1,23.59,2025.0,4
2025-04-05 19:00:00,11060,26.22,69.86,20.61,98.0,25.14,2025.0,4
2025-04-05 20:00:00,11061,26.46,70.5,20.9,98.0,23.77,2025.0,4
2025-04-05 21:00:00,11062,26.13,71.77,20.78,98.0,28.23,2025.0,4
2025-04-05 22:00:00,11063,25.75,72.83,20.61,98.5,28.1,2025.0,4
2025-04-05 23:00:00,11064,26.02,71.87,20.65,99.0,26.9,2025.0,4
2025-04-06 00:00:00,11065,25.91,72.37,20.65,99.0,30.47,2025.0,4
2025-04-06 01:00:00,11066,26.01,72.0,20.63,99.0,26.17,2025.0,4
2025-04-06 02:00:00,11067,26.14,71.53,20.64,99.0,33.53,2025.0,4
2025-04-06 03:00:00,11068,26.08,72.0,20.58,99.0,31.0,2025.0,4
2025-04-06 04:00:00,11069,25.84,72.1,20.36,99.0,32.87,2025.0,4
2025-04-06 05:00:00,11070,25.71,73.0,20.4,99.0,35.27,2025.0,4
2025-04-06 06:00:00,11071,25.99,72.8,21.54,99.0,40.9,2025.0,4
2025-04-06 07:00:00,11072,27.0,69.23,25.46,99.5,35.77,2025.0,4
2025-04-06 08:00:00,11073,30.64,56.5,30.24,81.63,26.93,2025.0,4
2025-04-06 09:00:00,11074,32.46,50.73,28.66,71.47,21.7,2025.0,4
2025-04-06 10:00:00,11075,34.29,45.47,31.16,63.97,15.27,2025.0,4
2025-04-06 11:00:00,11076,35.75,42.0,32.64,58.9,17.97,2025.0,4
2025-04-06 12:00:00,11077,32.82,49.6,29.59,67.47,31.6,2025.0,4
2025-04-06 13:00:00,11078,30.21,54.43,26.3,74.77,14.33,2025.0,4
2025-04-06 14:00:00,11079,25.04,70.7,20.08,96.2,8.97,2025.0,4
2025-04-06 15:00:00,11080,25.76,69.67,20.37,97.6,6.53,2025.0,4
2025-04-06 16:00:00,11081,26.45,68.7,20.8,98.0,9.9,2025.0,4
2025-04-06 17:00:00,11082,26.82,68.87,21.15,98.0,19.0,2025.0,4
2025-04-06 18:00:00,11083,26.75,70.7,21.27,98.0,35.87,2025.0,4
2025-04-06 19:00:00,11084,26.37,72.03,21.13,98.57,43.17,2025.0,4
2025-04-06 20:00:00,11085,26.19,73.4,21.16,99.0,47.53,2025.0,4
2025-04-06 21:00:00,11086,26.47,73.0,21.31,99.0,48.07,2025.0,4
2025-04-06 22:00:00,11087,26.53,72.8,21.35,99.0,43.07,2025.0,4
2025-04-06 23:00:00,11088,26.67,71.67,21.32,99.0,41.03,2025.0,4
2025-04-07 00:00:00,11089,26.56,72.07,21.25,99.0,49.77,2025.0,4
2025-04-07 01:00:00,11090,26.29,73.23,21.18,99.0,61.97,2025.0,4
2025-04-07 02:00:00,11091,26.2,73.33,21.08,99.0,54.5,2025.0,4
2025-04-07 03:00:00,11092,26.04,73.5,20.88,99.0,49.63,2025.0,4
2025-04-07 04:00:00,11093,26.09,72.8,20.74,99.0,46.93,2025.0,4
2025-04-07 05:00:00,11094,25.93,73.37,20.66,99.0,50.9,2025.0,4
2025-04-07 06:00:00,11095,26.19,73.17,22.67,99.5,48.53,2025.0,4
2025-04-07 07:00:00,11096,27.72,68.23,24.55,99.43,49.97,2025.0,4
2025-04-07 08:00:00,11097,29.68,59.23,28.36,86.17,39.13,2025.0,4
2025-04-07 09:00:00,11098,32.26,47.83,28.57,66.8,17.13,2025.0,4
2025-04-07 10:00:00,11099,34.56,41.53,30.91,59.3,9.7,2025.0,4
2025-04-07 11:00:00,11100,35.23,37.37,31.92,53.8,1.47,2025.0,4
2025-04-07 12:00:00,11101,34.79,36.2,32.36,50.53,1.97,2025.0,4
2025-04-07 13:00:00,11102,34.81,34.67,32.55,48.13,1.67,2025.0,4
2025-04-07 14:00:00,11103,34.88,36.27,32.65,49.93,2.9,2025.0,4
2025-04-07 15:00:00,11104,35.15,37.17,33.95,48.93,5.23,2025.0,4
2025-04-07 16:00:00,11105,33.63,41.87,30.03,59.37,6.2,2025.0,4
2025-04-07 17:00:00,11106,32.36,49.47,28.16,69.67,20.2,2025.0,4
2025-04-07 18:00:00,11107,30.7,58.9,26.12,80.9,48.07,2025.0,4
2025-04-07 19:00:00,11108,29.74,63.63,25.37,84.97,57.6,2025.0,4
2025-04-07 20:00:00,11109,29.92,60.57,25.02,83.57,40.5,2025.0,4
2025-04-07 21:00:00,11110,29.12,59.37,24.1,82.67,28.67,2025.0,4
2025-04-07 22:00:00,11111,28.21,61.3,23.33,84.33,33.07,2025.0,4
2025-04-07 23:00:00,11112,27.17,61.43,22.74,83.07,22.2,2025.0,4
2025-04-08 00:00:00,11113,26.82,61.7,21.84,85.03,25.9,2025.0,4
2025-04-08 01:00:00,11114,26.49,60.57,21.38,84.43,40.53,2025.0,4
2025-04-08 02:00:00,11115,26.28,58.5,21.07,82.4,34.83,2025.0,4
2025-04-08 03:00:00,11116,25.84,60.63,20.56,85.17,40.1,2025.0,4
2025-04-08 04:00:00,11117,25.58,66.1,20.4,90.57,50.23,2025.0,4
2025-04-08 05:00:00,11118,25.11,66.57,19.91,91.27,56.6,2025.0,4
2025-04-08 06:00:00,11119,25.28,65.93,20.87,88.2,45.2,2025.0,4
2025-04-08 07:00:00,11120,27.56,59.97,27.34,70.9,47.97,2025.0,4
2025-04-08 08:00:00,11121,31.25,48.03,32.24,54.7,38.77,2025.0,4
2025-04-08 09:00:00,11122,32.88,43.6,29.49,60.53,33.1,2025.0,4
2025-04-08 10:00:00,11123,33.46,37.04,30.34,52.5,0.25,2025.0,4
2025-04-08 14:00:00,11127,32.76,48.07,29.58,65.26,44.88,2025.0,4
2025-04-08 15:00:00,11128,31.25,52.53,28.42,69.1,47.97,2025.0,4
2025-04-08 16:00:00,11129,30.98,53.5,27.11,72.69,48.07,2025.0,4
2025-04-08 17:00:00,11130,30.71,54.46,26.58,74.75,47.57,2025.0,4
2025-04-08 18:00:00,11131,30.16,57.85,25.5,80.12,50.35,2025.0,4
2025-04-08 19:00:00,11132,29.31,62.32,24.62,84.68,54.79,2025.0,4
2025-04-08 20:00:00,11133,28.52,64.96,23.9,87.12,49.56,2025.0,4
2025-04-08 21:00:00,11134,28.25,65.55,23.6,87.79,44.66,2025.0,4
2025-04-08 22:00:00,11135,28.18,65.28,23.29,88.52,46.0,2025.0,4
2025-04-08 23:00:00,11136,28.04,65.63,23.18,88.87,55.23,2025.0,4
2025-04-09 00:00:00,11137,27.96,66.13,22.89,89.9,61.33,2025.0,4
2025-04-09 01:00:00,11138,27.44,67.93,22.42,91.7,55.43,2025.0,4
2025-04-09 02:00:00,11139,27.2,68.83,22.21,92.4,58.97,2025.0,4
2025-04-09 03:00:00,11140,26.86,69.93,21.85,93.9,59.27,2025.0,4
2025-04-09 04:00:00,11141,26.63,70.4,21.53,95.0,58.33,2025.0,4
2025-04-09 05:00:00,11142,26.6,70.2,21.4,95.27,60.83,2025.0,4
2025-04-09 06:00:00,11143,26.77,69.73,22.95,91.23,65.17,2025.0,4
2025-04-09 07:00:00,11144,28.08,66.3,25.64,82.8,86.4,2025.0,4
2025-04-09 08:00:00,11145,31.14,56.57,31.2,66.0,64.27,2025.0,4
2025-04-09 09:00:00,11146,32.42,50.55,29.83,66.38,43.72,2025.0,4
2025-04-09 10:00:00,11147,33.65,45.55,31.58,60.03,34.48,2025.0,4
2025-04-09 11:00:00,11148,34.18,43.17,32.42,56.77,31.23,2025.0,4
2025-04-09 12:00:00,11149,34.17,44.32,32.28,58.29,30.21,2025.0,4
2025-04-09 13:00:00,11150,33.38,49.0,30.06,66.96,40.48,2025.0,4
2025-04-09 14:00:00,11151,31.33,55.45,28.04,73.68,45.59,2025.0,4
2025-04-09 15:00:00,11152,32.21,50.93,28.55,69.71,37.07,2025.0,4
2025-04-09 16:00:00,11153,30.43,58.1,26.38,78.28,43.31,2025.0,4
2025-04-09 17:00:00,11154,29.86,60.21,25.46,81.24,46.86,2025.0,4
2025-04-09 18:00:00,11155,29.18,64.45,24.54,86.34,47.9,2025.0,4
2025-04-09 19:00:00,11156,29.07,65.79,24.06,89.21,61.43,2025.0,4
2025-04-09 20:00:00,11157,28.6,67.32,23.61,90.88,73.12,2025.0,4
2025-04-09 21:00:00,11158,28.34,68.28,23.25,92.55,83.1,2025.0,4
2025-04-09 22:00:00,11159,28.1,69.14,23.17,92.52,78.59,2025.0,4
2025-04-09 23:00:00,11160,27.45,68.1,22.47,91.77,75.23,2025.0,4
2025-04-10 00:00:00,11161,27.04,69.6,22.09,93.17,80.5,2025.0,4
2025-04-10 01:00:00,11162,26.96,67.17,22.08,90.6,83.7,2025.0,4
2025-04-10 02:00:00,11163,27.04,66.3,22.06,90.07,,2025.0,4
2025-04-10 03:00:00,11164,26.97,66.77,22.02,90.4,89.2,2025.0,4
2025-04-10 04:00:00,11165,26.57,68.8,21.59,92.5,81.03,2025.0,4
2025-04-10 05:00:00,11166,26.38,68.8,21.33,93.03,85.4,2025.0,4
2025-04-10 06:00:00,11167,26.63,68.03,22.31,90.1,88.8,2025.0,4
2025-04-10 07:00:00,11168,28.05,65.0,24.89,83.2,,2025.0,4
2025-04-10 08:00:00,11169,29.57,61.03,28.18,73.97,,2025.0,4
2025-04-10 09:00:00,11170,32.65,52.47,31.46,64.9,82.23,2025.0,4
2025-04-10 10:00:00,11171,34.78,45.41,33.5,57.9,50.0,2025.0,4
2025-04-10 11:00:00,11172,33.48,49.41,30.38,66.66,71.48,2025.0,4
2025-04-10 12:00:00,11173,31.59,53.88,29.06,69.77,54.73,2025.0,4
2025-04-10 15:00:00,11176,28.86,64.81,24.89,85.85,57.22,2025.0,4
2025-04-10 16:00:00,11177,29.03,63.46,23.85,85.34,53.82,2025.0,4
2025-04-10 18:00:00,11179,,69.0,21.77,92.52,43.87,2025.0,4
2025-04-10 19:00:00,11180,27.24,66.29,22.56,88.96,41.79,2025.0,4
2025-04-10 22:00:00,11183,26.38,71.52,,,,2025.0,4
2025-04-10 23:00:00,11184,26.84,68.21,21.77,92.28,53.93,2025.0,4
2025-04-11 00:00:00,11185,26.23,71.83,21.42,95.41,67.66,2025.0,4
2025-04-11 01:00:00,11186,25.93,70.4,21.33,93.4,46.33,2025.0,4
2025-04-11 02:00:00,11187,26.24,67.83,21.35,91.23,47.47,2025.0,4
2025-04-11 03:00:00,11188,26.23,69.37,21.09,93.7,51.27,2025.0,4
2025-04-11 04:00:00,11189,25.97,71.8,21.11,95.0,60.77,2025.0,4
2025-04-11 05:00:00,11190,25.85,72.5,20.67,96.83,72.77,2025.0,4
2025-04-11 06:00:00,11191,26.0,71.9,21.34,96.33,76.5,2025.0,4
2025-04-11 07:00:00,11192,27.96,67.3,28.02,76.97,82.2,2025.0,4
2025-04-11 08:00:00,11193,31.63,55.93,32.23,63.33,63.67,2025.0,4
2025-04-11 09:00:00,11194,33.15,50.72,30.4,66.93,56.59,2025.0,4
2025-04-11 10:00:00,11195,34.77,45.34,33.21,58.34,36.66,2025.0,4
2025-04-11 11:00:00,11196,35.6,43.31,33.4,57.83,21.86,2025.0,4
2025-04-11 12:00:00,11197,33.43,46.52,31.29,61.44,17.11,2025.0,4
2025-04-11 13:00:00,11198,30.58,54.48,26.76,74.04,28.6,2025.0,4
2025-04-11 14:00:00,11199,29.18,61.96,24.73,83.37,44.81,2025.0,4
2025-04-11 15:00:00,11200,29.37,63.41,23.93,85.17,48.19,2025.0,4
2025-04-11 22:00:00,11207,26.58,70.83,21.43,95.09,25.96,2025.0,4
2025-04-11 23:00:00,11208,26.76,70.43,21.6,95.5,31.39,2025.0,4
2025-04-12 00:00:00,11209,26.89,70.75,21.82,95.0,42.82,2025.0,4
2025-04-12 01:00:00,11210,26.64,71.82,21.61,95.97,46.21,2025.0,4
2025-04-12 02:00:00,11211,26.62,72.03,21.62,96.4,51.43,2025.0,4
2025-04-12 03:00:00,11212,26.55,72.3,21.53,97.0,37.5,2025.0,4
2025-04-12 04:00:00,11213,26.21,72.13,21.21,96.77,39.1,2025.0,4
2025-04-12 05:00:00,11214,25.98,72.83,20.96,97.0,49.03,2025.0,4
2025-04-12 06:00:00,11215,26.18,72.7,21.53,97.37,54.23,2025.0,4
2025-04-12 07:00:00,11216,27.17,70.5,24.66,87.53,68.57,2025.0,4
2025-04-12 08:00:00,11217,29.99,62.5,29.95,71.18,62.57,2025.0,4
2025-04-12 09:00:00,11218,31.45,56.67,29.01,71.92,52.42,2025.0,4
2025-04-12 10:00:00,11219,32.48,52.77,31.03,65.9,46.27,2025.0,4
2025-04-12 11:00:00,11220,31.27,54.74,27.96,72.59,43.52,2025.0,4
2025-04-12 12:00:00,11221,31.49,55.25,28.29,70.25,47.75,2025.0,4
2025-04-12 13:00:00,11222,33.43,49.93,32.01,62.81,41.48,2025.0,4
2025-04-12 14:00:00,11223,33.37,49.59,31.95,62.74,43.67,2025.0,4
2025-04-12 15:00:00,11224,32.05,54.44,29.38,70.7,40.33,2025.0,4
2025-04-12 22:00:00,11231,26.87,70.92,21.69,98.0,37.79,2025.0,4
2025-04-12 23:00:00,11232,26.86,71.33,21.6,98.04,37.15,2025.0,4
2025-04-13 00:00:00,11233,26.78,71.55,21.54,98.97,35.59,2025.0,4
2025-04-13 01:00:00,11234,26.4,72.4,21.46,99.0,36.87,2025.0,4
2025-04-13 02:00:00,11235,26.03,72.6,21.14,99.0,32.6,2025.0,4
2025-04-13 03:00:00,11236,26.07,72.33,20.92,99.0,33.2,2025.0,4
2025-04-13 04:00:00,11237,26.15,72.7,20.91,99.0,37.8,2025.0,4
2025-04-13 05:00:00,11238,26.06,73.19,20.82,99.0,40.73,2025.0,4
2025-04-14 00:00:00,11257,26.52,71.75,21.42,96.89,39.36,2025.0,4
2025-04-14 01:00:00,11258,26.52,70.1,21.33,95.52,20.48,2025.0,4
2025-04-14 02:00:00,11259,26.31,71.21,21.2,96.0,34.38,2025.0,4
2025-04-14 03:00:00,11260,26.35,71.1,21.1,96.07,43.4,2025.0,4
2025-04-14 04:00:00,11261,26.11,72.23,20.87,97.23,50.03,2025.0,4
2025-04-14 05:00:00,11262,25.92,72.43,20.58,98.0,52.33,2025.0,4
2025-04-14 06:00:00,11263,26.37,71.73,23.18,93.1,57.23,2025.0,4
2025-04-14 07:00:00,11264,29.15,64.28,29.89,71.17,58.62,2025.0,4
2025-04-14 08:00:00,11265,31.61,53.86,32.79,59.86,41.55,2025.0,4
2025-04-14 10:00:00,11267,34.35,45.96,31.86,61.11,40.11,2025.0,4
2025-04-14 11:00:00,11268,35.06,42.71,32.94,57.0,36.29,2025.0,4
2025-04-14 13:00:00,11270,33.16,49.61,30.53,66.11,22.68,2025.0,4
2025-04-14 15:00:00,11272,30.51,59.2,28.16,74.56,31.04,2025.0,4
2025-04-14 16:00:00,11273,29.62,62.44,26.65,79.8,30.28,2025.0,4
2025-04-14 17:00:00,11274,28.79,64.85,25.07,84.04,26.56,2025.0,4
2025-04-14 23:00:00,11280,27.52,71.22,22.95,93.81,34.85,2025.0,4
2025-04-15 00:00:00,11281,27.66,71.03,22.86,94.17,33.66,2025.0,4
2025-04-15 01:00:00,11282,27.61,71.41,22.73,95.03,36.86,2025.0,4
2025-04-15 02:00:00,11283,27.37,70.83,22.62,94.27,26.63,2025.0,4
2025-04-15 03:00:00,11284,27.07,71.27,22.56,93.53,23.67,2025.0,4
2025-04-15 04:00:00,11285,27.45,71.03,22.55,94.93,39.17,2025.0,4
2025-04-15 05:00:00,11286,27.62,70.13,22.58,94.53,38.57,2025.0,4
2025-04-15 06:00:00,11287,27.79,69.63,23.14,92.7,38.93,2025.0,4
2025-04-15 07:00:00,11288,28.57,66.96,24.37,88.18,41.64,2025.0,4
2025-04-15 08:00:00,11289,28.73,62.59,24.91,82.59,21.34,2025.0,4
2025-04-15 09:00:00,11290,29.22,60.82,25.93,79.21,24.46,2025.0,4
2025-04-15 10:00:00,11291,30.15,59.04,27.01,77.0,34.46,2025.0,4
2025-04-15 11:00:00,11292,28.95,61.58,25.0,82.96,24.92,2025.0,4
2025-04-15 12:00:00,11293,29.61,57.41,26.6,74.89,9.41,2025.0,4
2025-04-15 13:00:00,11294,31.5,52.59,29.1,68.71,17.25,2025.0,4
2025-04-15 15:00:00,11296,32.57,51.08,28.44,71.2,22.58,2025.0,4
2025-04-15 16:00:00,11297,29.33,59.15,25.48,81.19,48.4,2025.0,4
2025-04-15 18:00:00,11299,27.57,68.56,23.1,90.58,51.8,2025.0,4
2025-04-15 19:00:00,11300,27.3,68.0,22.76,90.08,47.12,2025.0,4
2025-04-15 21:00:00,11302,27.39,66.83,22.37,90.5,47.12,2025.0,4
2025-04-15 23:00:00,11304,27.06,68.76,22.07,92.45,80.14,2025.0,4
2025-04-16 00:00:00,11305,26.74,70.87,21.83,94.53,,2025.0,4
2025-04-16 01:00:00,11306,26.67,71.7,21.64,95.47,89.4,2025.0,4
2025-04-16 02:00:00,11307,26.52,72.27,21.33,96.83,,2025.0,4
2025-04-16 03:00:00,11308,26.23,73.2,21.05,97.47,,2025.0,4
2025-04-16 04:00:00,11309,25.95,73.6,20.8,98.0,,2025.0,4
2025-04-16 05:00:00,11310,26.06,73.5,20.87,98.2,,2025.0,4
2025-04-16 06:00:00,11311,26.37,72.93,21.64,98.97,,2025.0,4
2025-04-16 07:00:00,11312,28.28,66.9,27.21,80.43,83.07,2025.0,4
2025-04-16 08:00:00,11313,30.84,58.37,31.45,66.03,71.67,2025.0,4
2025-04-16 09:00:00,11314,32.54,53.2,29.98,69.03,66.8,2025.0,4
2025-04-16 10:00:00,11315,34.33,47.21,31.29,64.0,35.83,2025.0,4
2025-04-16 11:00:00,11316,35.9,39.29,33.0,54.57,22.43,2025.0,4
2025-04-16 12:00:00,11317,36.33,31.62,33.49,45.03,13.55,2025.0,4
2025-04-16 13:00:00,11318,35.1,37.59,32.8,51.59,22.52,2025.0,4
2025-04-16 14:00:00,11319,35.41,38.7,32.88,53.1,22.13,2025.0,4
2025-04-16 15:00:00,11320,32.88,48.0,29.75,65.15,29.22,2025.0,4
2025-04-16 16:00:00,11321,32.08,52.1,27.41,71.83,37.1,2025.0,4
2025-04-16 17:00:00,11322,32.04,51.25,27.19,73.21,37.46,2025.0,4
2025-04-16 18:00:00,11323,30.63,58.83,25.84,81.52,50.83,2025.0,4
2025-04-16 19:00:00,11324,30.06,62.27,25.19,85.31,59.92,2025.0,4
2025-04-16 20:00:00,11325,29.16,65.63,24.4,89.04,64.56,2025.0,4
2025-04-16 21:00:00,11326,28.74,65.37,23.78,89.03,56.07,2025.0,4
2025-04-16 22:00:00,11327,28.54,66.64,23.65,90.25,67.18,2025.0,4
2025-04-16 23:00:00,11328,28.32,68.27,23.41,91.73,69.0,2025.0,4
2025-04-17 00:00:00,11329,28.48,66.24,23.51,90.07,83.38,2025.0,4
2025-04-17 01:00:00,11330,27.7,66.53,22.86,89.73,61.4,2025.0,4
2025-04-17 02:00:00,11331,26.89,67.8,22.13,90.9,65.9,2025.0,4
2025-04-17 03:00:00,11332,27.03,64.23,22.15,87.43,51.2,2025.0,4
2025-04-17 04:00:00,11333,27.02,63.3,21.95,87.1,51.5,2025.0,4
2025-04-17 05:00:00,11334,26.37,65.4,21.22,89.77,51.5,2025.0,4
2025-04-17 06:00:00,11335,26.29,64.2,22.3,85.07,49.47,2025.0,4
2025-04-17 07:00:00,11336,28.6,56.9,28.94,65.7,52.4,2025.0,4
2025-04-17 08:00:00,11337,31.15,51.03,31.96,58.3,61.7,2025.0,4
2025-04-17 09:00:00,11338,32.54,45.07,30.73,58.23,46.83,2025.0,4
2025-04-17 10:00:00,11339,33.73,39.39,32.41,51.43,39.21,2025.0,4
2025-04-17 11:00:00,11340,32.7,40.73,31.1,53.52,21.23,2025.0,4
2025-04-17 12:00:00,11341,33.49,41.79,31.58,55.29,28.32,2025.0,4
2025-04-17 13:00:00,11342,32.83,45.62,29.23,63.89,34.31,2025.0,4
2025-04-17 14:00:00,11343,33.52,45.36,30.42,62.11,39.5,2025.0,4
2025-04-17 15:00:00,11344,33.12,46.46,30.08,63.23,44.54,2025.0,4
2025-04-17 16:00:00,11345,33.46,46.0,30.51,62.45,46.93,2025.0,4
2025-04-17 17:00:00,11346,31.63,52.63,26.85,74.63,48.26,2025.0,4
2025-04-17 18:00:00,11347,29.41,63.0,24.91,85.0,66.93,2025.0,4
2025-04-17 19:00:00,11348,29.02,65.36,24.42,87.6,74.96,2025.0,4
2025-04-17 20:00:00,11349,28.69,64.16,24.14,86.2,61.23,2025.0,4
2025-04-17 21:00:00,11350,28.32,66.69,23.76,89.03,61.24,2025.0,4
2025-04-17 22:00:00,11351,28.06,68.71,23.52,90.75,66.89,2025.0,4
2025-04-17 23:00:00,11352,27.92,68.83,23.39,91.07,69.23,2025.0,4
2025-04-18 00:00:00,11353,27.72,69.5,23.15,91.93,71.4,2025.0,4
2025-04-18 01:00:00,11354,27.68,69.6,22.9,92.63,77.83,2025.0,4
2025-04-18 02:00:00,11355,27.49,70.2,22.84,93.07,82.7,2025.0,4
2025-04-18 03:00:00,11356,27.24,71.5,22.31,95.47,76.1,2025.0,4
2025-04-18 04:00:00,11357,26.92,72.1,22.08,95.63,63.9,2025.0,4
2025-04-18 05:00:00,11358,26.79,71.6,21.38,97.83,47.1,2025.0,4
2025-04-18 06:00:00,11359,27.11,71.57,21.83,98.37,54.9,2025.0,4
2025-04-18 07:00:00,11360,28.18,68.8,23.63,99.0,77.47,2025.0,4
2025-04-18 08:00:00,11361,29.57,63.0,25.04,97.07,75.87,2025.0,4
2025-04-18 09:00:00,11362,30.46,59.43,27.51,81.63,60.93,2025.0,4
2025-04-18 10:00:00,11363,30.96,56.32,28.58,72.75,57.14,2025.0,4
2025-04-18 11:00:00,11364,32.54,49.96,31.25,63.07,48.7,2025.0,4
2025-04-18 12:00:00,11365,32.98,46.69,30.88,61.35,38.73,2025.0,4
2025-04-18 13:00:00,11366,32.63,49.52,29.71,66.52,40.69,2025.0,4
2025-04-18 14:00:00,11367,32.14,52.34,28.75,70.52,44.55,2025.0,4
2025-04-18 15:00:00,11368,30.62,54.46,26.68,74.36,39.07,2025.0,4
2025-04-18 16:00:00,11369,26.29,65.15,21.1,90.46,19.0,2025.0,4
2025-04-18 23:00:00,11376,26.84,67.28,20.8,99.0,38.96,2025.0,4
2025-04-19 00:00:00,11377,26.5,70.0,21.05,99.0,49.3,2025.0,4
2025-04-19 01:00:00,11378,26.23,70.62,20.91,99.0,46.35,2025.0,4
2025-04-19 02:00:00,11379,26.44,70.47,20.92,99.0,50.77,2025.0,4
2025-04-19 03:00:00,11380,26.21,71.2,20.83,99.0,54.03,2025.0,4
2025-04-19 04:00:00,11381,26.18,71.4,20.75,99.0,57.5,2025.0,4
2025-04-19 05:00:00,11382,26.16,72.03,20.81,99.0,60.83,2025.0,4
2025-04-19 06:00:00,11383,26.27,72.0,21.32,99.0,71.4,2025.0,4
2025-04-19 07:00:00,11384,27.29,69.0,22.96,99.0,84.62,2025.0,4
2025-04-19 08:00:00,11385,30.14,60.6,27.19,93.57,66.37,2025.0,4
2025-04-19 09:00:00,11386,33.42,49.34,29.91,68.55,46.2,2025.0,4
2025-04-19 10:00:00,11387,33.42,48.8,31.04,64.6,47.08,2025.0,4
2025-04-19 11:00:00,11388,34.31,45.55,31.58,61.59,18.89,2025.0,4
2025-04-19 12:00:00,11389,35.02,41.14,32.55,56.0,13.96,2025.0,4
2025-04-19 13:00:00,11390,35.56,38.68,33.83,51.86,14.48,2025.0,4
2025-04-19 14:00:00,11391,33.04,50.0,29.91,67.54,21.79,2025.0,4
2025-04-19 15:00:00,11392,31.95,55.7,28.98,72.93,33.19,2025.0,4
2025-04-19 16:00:00,11393,30.5,60.67,26.59,80.57,48.73,2025.0,4
2025-04-19 17:00:00,11394,29.66,64.96,25.28,86.64,57.39,2025.0,4
2025-04-19 18:00:00,11395,27.09,71.61,22.04,96.54,42.29,2025.0,4
2025-04-19 19:00:00,11396,26.84,71.67,21.63,98.0,37.92,2025.0,4
2025-04-19 23:00:00,11400,27.17,71.31,21.69,99.0,46.11,2025.0,4
2025-04-20 00:00:00,11401,27.16,72.76,21.89,99.0,54.21,2025.0,4
2025-04-20 01:00:00,11402,27.03,73.2,21.92,99.0,60.37,2025.0,4
2025-04-20 02:00:00,11403,27.01,72.83,21.75,99.0,63.0,2025.0,4
2025-04-20 03:00:00,11404,26.58,71.03,21.2,99.0,38.0,2025.0,4
2025-04-20 04:00:00,11405,26.65,68.2,20.78,99.0,27.37,2025.0,4
2025-04-20 05:00:00,11406,26.59,69.0,20.88,99.0,31.9,2025.0,4
2025-04-20 06:00:00,11407,27.03,68.87,21.64,99.0,46.63,2025.0,4
2025-04-20 07:00:00,11408,27.53,68.66,22.91,99.0,72.93,2025.0,4
2025-04-20 08:00:00,11409,29.4,62.93,25.32,98.47,56.53,2025.0,4
2025-04-20 09:00:00,11410,31.07,55.93,28.4,77.93,42.26,2025.0,4
2025-04-20 10:00:00,11411,33.03,49.37,30.1,66.53,35.83,2025.0,4
2025-04-20 11:00:00,11412,34.01,45.9,32.21,60.13,40.23,2025.0,4
2025-04-20 12:00:00,11413,34.98,41.96,33.44,54.86,27.39,2025.0,4
2025-04-20 13:00:00,11414,35.14,40.43,32.19,56.3,22.67,2025.0,4
2025-04-20 14:00:00,11415,33.56,45.68,30.38,62.93,16.36,2025.0,4
2025-04-20 19:00:00,11420,29.43,59.53,25.13,80.6,25.57,2025.0,4
2025-04-20 20:00:00,11421,29.17,61.63,24.57,83.83,32.57,2025.0,4
2025-04-20 21:00:00,11422,28.77,66.87,24.08,89.43,41.83,2025.0,4
2025-04-20 22:00:00,11423,28.48,67.93,23.69,90.77,38.33,2025.0,4
2025-04-20 23:00:00,11424,27.52,72.57,22.83,95.71,38.71,2025.0,4
2025-04-21 00:00:00,11425,26.61,72.79,22.25,94.93,10.52,2025.0,4
2025-04-21 01:00:00,11426,26.97,71.97,22.3,94.77,18.67,2025.0,4
2025-04-21 02:00:00,11427,26.89,71.9,22.07,95.4,20.7,2025.0,4
2025-04-21 03:00:00,11428,27.16,70.33,22.15,94.47,23.83,2025.0,4
2025-04-21 04:00:00,11429,27.21,70.7,21.94,95.7,37.83,2025.0,4
2025-04-21 05:00:00,11430,27.0,70.87,21.82,95.87,43.03,2025.0,4
2025-04-21 06:00:00,11431,27.25,68.87,22.96,91.33,47.93,2025.0,4
2025-04-21 07:00:00,11432,28.16,66.8,24.88,85.13,65.73,2025.0,4
2025-04-21 08:00:00,11433,29.96,61.11,28.62,74.0,58.67,2025.0,4
2025-04-21 09:00:00,11434,32.17,53.23,30.43,66.83,50.0,2025.0,4
2025-04-21 10:00:00,11435,31.32,51.83,29.04,67.17,27.83,2025.0,4
2025-04-21 11:00:00,11436,32.59,48.5,30.72,62.67,30.47,2025.0,4
2025-04-21 12:00:00,11437,31.79,50.3,28.93,67.07,24.53,2025.0,4
2025-04-21 13:00:00,11438,29.91,54.3,26.22,73.53,14.1,2025.0,4
2025-04-21 16:00:00,11441,28.97,61.63,24.56,82.77,31.23,2025.0,4
2025-04-21 17:00:00,11442,28.44,62.03,23.67,84.47,40.03,2025.0,4
2025-04-21 18:00:00,11443,28.34,60.77,23.5,83.47,29.3,2025.0,4
2025-04-21 19:00:00,11444,28.14,62.66,22.94,86.62,45.83,2025.0,4
2025-04-21 20:00:00,11445,27.64,66.57,22.61,90.5,55.07,2025.0,4
2025-04-21 21:00:00,11446,27.57,68.47,22.33,92.9,71.63,2025.0,4
2025-04-21 22:00:00,11447,27.24,69.23,21.96,94.1,85.2,2025.0,4
2025-04-21 23:00:00,11448,27.17,68.73,22.05,93.13,,2025.0,4
2025-04-22 00:00:00,11449,26.44,71.1,21.65,94.3,87.87,2025.0,4
2025-04-22 01:00:00,11450,26.73,67.97,21.84,91.6,59.6,2025.0,4
2025-04-22 02:00:00,11451,26.96,68.03,21.87,92.07,78.0,2025.0,4
2025-04-22 03:00:00,11452,26.55,69.7,21.46,94.0,,2025.0,4
2025-04-22 04:00:00,11453,26.31,71.17,21.44,94.67,87.97,2025.0,4
2025-04-22 05:00:00,11454,25.97,71.63,21.05,95.97,69.73,2025.0,4
2025-04-22 06:00:00,11455,26.38,71.17,22.18,93.47,,2025.0,4
2025-04-22 07:00:00,11456,28.37,65.23,27.1,78.03,,2025.0,4
2025-04-22 08:00:00,11457,31.77,54.33,32.14,62.4,,2025.0,4
2025-04-22 09:00:00,11458,33.8,48.26,32.14,61.74,76.81,2025.0,4
2025-04-22 10:00:00,11459,33.75,45.03,32.47,57.28,62.41,2025.0,4
2025-04-22 11:00:00,11460,34.89,40.33,33.19,53.37,32.89,2025.0,4
2025-04-22 12:00:00,11461,33.99,43.97,31.66,58.69,35.14,2025.0,4
2025-04-22 13:00:00,11462,33.24,47.07,30.18,63.75,35.29,2025.0,4
2025-04-22 14:00:00,11463,33.42,47.74,29.96,65.88,41.92,2025.0,4
2025-04-22 15:00:00,11464,31.34,54.61,27.18,74.93,38.93,2025.0,4
2025-04-22 16:00:00,11465,30.74,56.0,26.37,77.07,27.2,2025.0,4
2025-04-22 17:00:00,11466,30.45,58.1,25.79,80.07,39.87,2025.0,4
2025-04-22 18:00:00,11467,29.35,63.63,24.67,85.83,50.87,2025.0,4
2025-04-22 19:00:00,11468,28.69,66.03,24.09,87.83,49.67,2025.0,4
2025-04-22 20:00:00,11469,28.78,65.3,23.64,89.2,53.33,2025.0,4
2025-04-22 21:00:00,11470,28.18,67.7,23.15,91.57,59.93,2025.0,4
2025-04-22 22:00:00,11471,27.72,69.37,22.57,93.43,66.3,2025.0,4
2025-04-22 23:00:00,11472,27.33,70.37,22.12,94.6,64.77,2025.0,4
2025-04-23 00:00:00,11473,26.77,71.37,21.54,96.13,77.1,2025.0,4
2025-04-23 01:00:00,11474,26.51,69.73,21.37,94.8,65.5,2025.0,4
2025-04-23 03:00:00,11476,25.88,69.83,20.88,94.23,61.3,2025.0,4
2025-04-23 04:00:00,11477,25.72,68.43,20.47,93.27,55.4,2025.0,4
2025-04-23 05:00:00,11478,25.53,70.1,20.17,95.27,69.33,2025.0,4
2025-04-23 06:00:00,11479,25.77,68.73,21.26,92.17,77.9,2025.0,4
2025-04-23 07:00:00,11480,28.17,61.4,29.18,68.9,82.8,2025.0,4
2025-04-23 08:00:00,11481,31.04,53.8,32.13,60.1,76.87,2025.0,4
2025-04-23 09:00:00,11482,33.15,46.67,29.97,63.17,52.2,2025.0,4
2025-04-23 10:00:00,11483,34.04,42.86,31.76,57.31,32.52,2025.0,4
2025-04-23 11:00:00,11484,32.45,46.45,29.5,62.9,22.14,2025.0,4
2025-04-23 12:00:00,11485,31.81,49.57,29.34,64.97,24.93,2025.0,4
2025-04-23 13:00:00,11486,32.3,47.7,29.58,63.73,17.97,2025.0,4
2025-04-23 14:00:00,11487,33.05,46.08,30.68,61.38,11.92,2025.0,4
2025-04-23 16:00:00,11489,31.15,54.52,29.24,68.67,25.89,2025.0,4
2025-04-23 17:00:00,11490,28.26,66.96,22.94,93.0,30.73,2025.0,4
2025-04-23 18:00:00,11491,27.55,71.03,22.75,96.67,34.6,2025.0,4
2025-04-23 19:00:00,11492,28.14,69.04,23.26,92.79,39.75,2025.0,4
2025-04-23 20:00:00,11493,27.76,70.14,23.01,93.46,43.0,2025.0,4
2025-04-23 21:00:00,11494,27.56,70.03,22.73,93.53,38.27,2025.0,4
2025-04-24 08:00:00,11505,29.35,61.1,30.54,66.97,66.93,2025.0,4
2025-04-24 09:00:00,11506,32.29,52.1,30.36,65.93,47.73,2025.0,4
2025-04-24 10:00:00,11507,34.11,48.83,33.72,59.4,51.5,2025.0,4
2025-04-24 11:00:00,11508,36.71,42.17,35.33,54.17,42.97,2025.0,4
2025-04-24 12:00:00,11509,33.62,47.87,29.0,69.7,42.27,2025.0,4
2025-04-24 13:00:00,11510,25.08,71.77,20.61,96.5,26.54,2025.0,4
2025-04-24 14:00:00,11511,26.77,69.41,22.63,96.93,32.76,2025.0,4
2025-04-24 15:00:00,11512,27.63,67.47,22.51,96.5,32.13,2025.0,4
2025-04-24 16:00:00,11513,27.34,66.4,22.15,97.0,32.37,2025.0,4
2025-04-24 17:00:00,11514,27.47,65.21,21.86,97.0,33.69,2025.0,4
2025-04-24 18:00:00,11515,27.64,65.77,21.94,97.73,39.27,2025.0,4
2025-04-24 19:00:00,11516,27.52,67.13,21.93,98.0,48.13,2025.0,4
2025-04-24 20:00:00,11517,27.46,68.0,22.02,98.0,72.6,2025.0,4
2025-04-24 21:00:00,11518,27.53,67.2,22.01,98.0,60.23,2025.0,4
2025-04-24 22:00:00,11519,27.58,66.5,22.18,98.0,49.67,2025.0,4
2025-04-24 23:00:00,11520,27.33,70.37,22.28,97.2,67.83,2025.0,4
2025-04-25 00:00:00,11521,27.17,70.97,22.05,95.83,74.1,2025.0,4
2025-04-25 01:00:00,11522,26.66,72.73,21.47,97.57,80.33,2025.0,4
2025-04-25 02:00:00,11523,26.34,73.23,21.22,98.0,,2025.0,4
2025-04-25 03:00:00,11524,26.35,73.1,21.24,98.3,82.8,2025.0,4
2025-04-25 04:00:00,11525,26.51,72.73,21.31,98.0,79.77,2025.0,4
2025-04-25 05:00:00,11526,26.41,72.23,21.22,98.0,85.7,2025.0,4
2025-04-25 06:00:00,11527,26.23,72.7,21.31,97.8,,2025.0,4
2025-04-25 07:00:00,11528,26.89,69.8,25.18,85.67,80.97,2025.0,4
2025-04-25 08:00:00,11529,30.23,60.6,29.82,69.87,84.37,2025.0,4
2025-04-25 09:00:00,11530,33.2,51.63,32.45,62.47,56.6,2025.0,4
2025-04-25 10:00:00,11531,34.14,47.23,32.22,61.17,40.37,2025.0,4
2025-04-25 11:00:00,11532,36.33,40.4,34.56,53.33,38.43,2025.0,4
2025-04-25 12:00:00,11533,37.56,37.37,35.76,49.83,33.6,2025.0,4
2025-04-25 13:00:00,11534,34.64,47.33,31.31,64.7,53.93,2025.0,4
2025-04-25 14:00:00,11535,32.41,52.43,28.87,70.83,50.73,2025.0,4
2025-04-25 15:00:00,11536,29.51,62.17,24.57,86.87,44.47,2025.0,4
2025-04-25 16:00:00,11537,29.97,62.27,23.93,95.9,49.17,2025.0,4
2025-04-25 17:00:00,11538,28.86,66.0,23.97,93.2,51.63,2025.0,4
2025-04-25 18:00:00,11539,28.07,70.17,23.02,95.33,48.83,2025.0,4
2025-04-25 19:00:00,11540,27.83,69.93,22.84,94.17,51.0,2025.0,4
2025-04-25 20:00:00,11541,28.07,68.9,23.04,92.97,53.9,2025.0,4
2025-04-25 21:00:00,11542,27.88,69.8,23.0,93.7,66.97,2025.0,4
2025-04-25 22:00:00,11543,27.6,67.47,22.66,91.5,38.57,2025.0,4
2025-04-25 23:00:00,11544,27.36,68.68,22.61,92.21,45.61,2025.0,4
2025-04-26 00:00:00,11545,27.53,68.47,22.73,91.77,52.27,2025.0,4
2025-04-26 01:00:00,11546,27.76,66.97,22.79,91.0,49.1,2025.0,4
2025-04-26 02:00:00,11547,27.95,67.66,22.83,92.03,52.72,2025.0,4
2025-04-26 03:00:00,11548,27.88,68.23,22.76,92.8,56.6,2025.0,4
2025-04-26 04:00:00,11549,27.37,71.97,22.56,95.43,78.7,2025.0,4
2025-04-26 05:00:00,11550,27.53,70.45,22.38,95.14,72.41,2025.0,4
2025-04-26 06:00:00,11551,27.46,71.7,22.57,96.13,75.63,2025.0,4
2025-04-26 07:00:00,11552,27.9,70.57,23.8,91.87,78.07,2025.0,4
2025-04-26 08:00:00,11553,28.69,67.13,25.24,86.33,85.63,2025.0,4
2025-04-26 09:00:00,11554,31.83,57.4,30.68,70.0,66.53,2025.0,4
2025-04-26 10:00:00,11555,34.7,46.77,33.08,59.77,40.77,2025.0,4
2025-04-26 11:00:00,11556,35.45,44.63,33.17,59.07,48.07,2025.0,4
2025-04-26 12:00:00,11557,33.77,47.83,31.19,63.69,65.17,2025.0,4
2025-04-26 13:00:00,11558,33.16,50.5,30.23,67.2,66.17,2025.0,4
2025-04-26 14:00:00,11559,32.78,51.03,29.54,68.43,52.33,2025.0,4
2025-04-26 15:00:00,11560,31.09,55.38,26.68,77.55,45.59,2025.0,4
2025-04-26 16:00:00,11561,30.19,60.21,25.98,81.0,50.36,2025.0,4
2025-04-26 17:00:00,11562,27.85,68.43,23.76,89.0,48.27,2025.0,4
2025-04-26 18:00:00,11563,28.16,70.3,23.42,92.93,47.6,2025.0,4
2025-04-26 19:00:00,11564,27.62,72.0,22.87,95.13,50.23,2025.0,4
2025-04-26 20:00:00,11565,27.81,68.07,23.23,90.43,39.13,2025.0,4
2025-04-26 21:00:00,11566,27.28,67.87,22.76,90.13,28.6,2025.0,4
2025-04-26 22:00:00,11567,26.7,70.1,22.12,92.53,33.23,2025.0,4
2025-04-26 23:00:00,11568,26.84,69.2,22.2,91.83,37.73,2025.0,4
2025-04-27 00:00:00,11569,27.13,67.93,22.23,91.27,42.23,2025.0,4
2025-04-27 01:00:00,11570,27.23,66.97,22.2,90.8,37.93,2025.0,4
2025-04-27 02:00:00,11571,26.9,70.0,21.7,94.37,48.03,2025.0,4
2025-04-27 03:00:00,11572,26.45,72.77,21.48,96.63,53.9,2025.0,4
2025-04-27 04:00:00,11573,26.19,73.23,21.05,97.67,55.33,2025.0,4
2025-04-27 05:00:00,11574,25.43,74.17,20.58,98.0,64.67,2025.0,4
2025-04-27 06:00:00,11575,25.71,72.9,21.33,96.87,60.2,2025.0,4
2025-04-27 07:00:00,11576,27.44,68.77,25.67,82.87,61.6,2025.0,4
2025-04-27 08:00:00,11577,29.18,63.83,29.33,72.07,72.87,2025.0,4
2025-04-27 09:00:00,11578,32.16,53.93,32.93,61.4,55.37,2025.0,4
2025-04-27 10:00:00,11579,34.92,45.07,33.11,58.17,44.9,2025.0,4
2025-04-27 11:00:00,11580,34.82,42.73,31.99,58.27,30.9,2025.0,4
2025-04-27 12:00:00,11581,35.0,42.67,32.04,58.5,26.97,2025.0,4
2025-04-27 13:00:00,11582,33.41,47.47,30.85,63.13,43.5,2025.0,4
2025-04-27 14:00:00,11583,33.21,48.3,30.43,64.67,41.87,2025.0,4
2025-04-27 15:00:00,11584,32.81,48.93,29.78,65.83,42.2,2025.0,4
2025-04-27 16:00:00,11585,31.99,52.43,28.05,72.0,50.07,2025.0,4
2025-04-27 17:00:00,11586,30.89,56.43,26.49,77.47,50.07,2025.0,4
2025-04-27 18:00:00,11587,30.54,59.17,25.85,81.3,52.17,2025.0,4
2025-04-27 19:00:00,11588,30.19,62.1,25.29,85.1,49.93,2025.0,4
2025-04-27 20:00:00,11589,29.99,63.47,25.03,86.8,48.57,2025.0,4
2025-04-27 21:00:00,11590,29.52,65.97,24.41,89.7,58.43,2025.0,4
2025-04-27 22:00:00,11591,28.71,67.57,23.67,91.3,54.5,2025.0,4
2025-04-27 23:00:00,11592,28.23,63.87,23.44,86.4,40.07,2025.0,4
2025-04-28 00:00:00,11593,27.23,61.97,22.51,84.43,29.4,2025.0,4
2025-04-28 01:00:00,11594,26.01,66.37,21.74,87.5,28.07,2025.0,4
2025-04-28 02:00:00,11595,26.12,65.9,21.34,88.67,30.1,2025.0,4
2025-04-28 03:00:00,11596,25.96,65.27,21.2,88.03,24.93,2025.0,4
2025-04-28 04:00:00,11597,25.64,65.77,20.77,88.97,27.47,2025.0,4
2025-04-28 05:00:00,11598,25.4,67.76,20.44,91.48,45.38,2025.0,4
2025-04-28 06:00:00,11599,25.74,63.8,21.94,83.77,39.8,2025.0,4
2025-04-28 07:00:00,11600,28.88,54.17,29.65,61.6,42.93,2025.0,4
2025-04-28 08:00:00,11601,31.63,44.2,32.98,50.23,33.3,2025.0,4
2025-04-28 09:00:00,11602,32.97,40.6,33.44,48.57,26.53,2025.0,4
2025-04-28 10:00:00,11603,34.36,36.37,31.9,49.6,5.43,2025.0,4
2025-04-28 11:00:00,11604,35.76,32.73,32.89,45.97,4.2,2025.0,4
2025-04-28 12:00:00,11605,36.26,31.73,33.64,44.6,6.57,2025.0,4
2025-04-28 13:00:00,11606,36.83,32.1,35.07,43.63,9.47,2025.0,4
2025-04-28 14:00:00,11607,35.42,38.83,32.15,54.8,30.0,2025.0,4
2025-04-28 15:00:00,11608,33.08,45.93,29.69,63.77,45.3,2025.0,4
2025-04-28 16:00:00,11609,33.58,43.37,29.83,61.47,34.07,2025.0,4
2025-04-28 17:00:00,11610,32.76,46.97,27.74,68.93,45.43,2025.0,4
2025-04-28 18:00:00,11611,31.09,52.4,26.2,74.53,44.47,2025.0,4
2025-04-28 19:00:00,11612,30.04,53.8,25.35,75.63,36.73,2025.0,4
2025-04-28 20:00:00,11613,29.16,56.8,24.15,79.87,48.1,2025.0,4
2025-04-28 21:00:00,11614,28.07,58.7,23.32,80.9,46.63,2025.0,4
2025-04-28 22:00:00,11615,26.95,59.13,22.28,81.1,45.87,2025.0,4
2025-04-28 23:00:00,11616,26.77,58.87,21.71,82.13,45.53,2025.0,4
2025-04-29 00:00:00,11617,26.64,56.23,21.81,78.67,45.4,2025.0,4
2025-04-29 01:00:00,11618,26.14,55.4,20.86,79.33,45.93,2025.0,4
2025-04-29 02:00:00,11619,25.09,61.97,20.04,85.6,64.87,2025.0,4
2025-04-29 03:00:00,11620,25.04,58.47,19.72,82.7,52.23,2025.0,4
2025-04-29 04:00:00,11621,24.65,57.83,19.29,82.3,59.63,2025.0,4
2025-04-29 05:00:00,11622,24.14,62.13,19.0,86.3,69.53,2025.0,4
2025-04-29 06:00:00,11623,24.81,61.33,21.16,81.4,80.97,2025.0,4
2025-04-29 07:00:00,11624,28.17,51.37,28.5,60.17,73.07,2025.0,4
2025-04-29 08:00:00,11625,30.79,44.13,32.66,49.43,66.93,2025.0,4
2025-04-29 09:00:00,11626,32.42,39.9,32.48,48.6,47.87,2025.0,4
2025-04-29 10:00:00,11627,32.67,39.17,30.48,52.63,24.03,2025.0,4
2025-04-29 11:00:00,11628,34.0,37.83,31.5,51.83,18.6,2025.0,4
2025-04-29 12:00:00,11629,33.76,39.47,30.82,54.67,10.1,2025.0,4
2025-04-29 13:00:00,11630,33.91,39.97,31.3,54.7,22.7,2025.0,4
2025-04-29 14:00:00,11631,34.45,38.37,31.86,52.7,22.33,2025.0,4
2025-04-29 15:00:00,11632,34.11,39.5,30.03,57.3,22.9,2025.0,4
2025-04-29 16:00:00,11633,32.61,44.6,28.19,64.13,30.1,2025.0,4
2025-04-29 17:00:00,11634,31.18,47.33,26.65,67.6,32.83,2025.0,4
2025-04-29 18:00:00,11635,30.52,49.23,25.9,70.23,32.77,2025.0,4
2025-04-29 19:00:00,11636,29.77,54.63,25.09,76.4,39.93,2025.0,4
2025-04-29 20:00:00,11637,28.41,60.47,24.05,81.53,42.7,2025.0,4
2025-04-29 21:00:00,11638,27.35,60.77,23.26,80.83,35.1,2025.0,4
2025-04-29 22:00:00,11639,26.64,59.13,22.56,79.27,24.17,2025.0,4
2025-04-29 23:00:00,11640,26.25,57.93,21.98,78.43,22.9,2025.0,4
2025-04-30 20:00:00,11661,28.79,63.64,24.16,86.68,68.68,2025.0,4
2025-04-30 21:00:00,11662,27.97,65.03,23.57,86.87,57.87,2025.0,4
2025-04-30 22:00:00,11663,27.36,66.73,22.87,88.8,49.83,2025.0,4
2025-04-30 23:00:00,11664,27.1,66.1,22.63,88.23,54.27,2025.0,4
2025-05-01 00:00:00,11665,26.86,66.4,22.4,88.3,50.83,2025.0,5
2025-05-01 01:00:00,11666,26.71,64.8,22.31,86.67,44.3,2025.0,5
2025-05-01 02:00:00,11667,26.49,65.97,21.65,89.13,51.03,2025.0,5
2025-05-01 03:00:00,11668,26.04,66.3,21.32,89.23,63.33,2025.0,5
2025-05-01 04:00:00,11669,26.07,62.2,21.26,85.1,48.67,2025.0,5
2025-05-01 05:00:00,11670,26.01,66.7,20.87,91.17,77.3,2025.0,5
2025-05-01 06:00:00,11671,25.93,69.83,22.22,90.43,82.53,2025.0,5
2025-05-01 08:00:00,11673,31.99,51.55,33.8,56.45,59.31,2025.0,5
2025-05-01 09:00:00,11674,32.7,47.3,33.16,55.4,56.8,2025.0,5
2025-05-01 10:00:00,11675,34.16,41.77,33.2,52.5,44.87,2025.0,5
2025-05-01 11:00:00,11676,35.45,38.2,33.92,50.03,42.47,2025.0,5
2025-05-01 12:00:00,11677,,,35.61,44.7,35.13,2025.0,5
2025-05-01 13:00:00,11678,36.09,38.13,33.15,52.87,47.47,2025.0,5
2025-05-01 14:00:00,11679,33.54,48.1,30.38,64.93,59.8,2025.0,5
2025-05-01 15:00:00,11680,30.12,59.21,25.03,83.17,56.21,2025.0,5
2025-05-01 16:00:00,11681,28.29,64.27,21.98,96.9,49.23,2025.0,5
2025-05-01 17:00:00,11682,27.5,67.8,22.17,97.0,44.8,2025.0,5
2025-05-01 18:00:00,11683,27.75,67.48,21.75,97.79,36.97,2025.0,5
2025-05-01 19:00:00,11684,28.21,65.1,21.84,98.0,37.21,2025.0,5
2025-05-01 20:00:00,11685,28.28,66.3,22.46,98.0,47.03,2025.0,5
2025-05-01 21:00:00,11686,28.2,65.67,22.26,98.0,46.03,2025.0,5
2025-05-01 22:00:00,11687,27.88,64.5,21.95,98.0,42.27,2025.0,5
2025-05-01 23:00:00,11688,27.45,61.47,21.47,97.07,42.93,2025.0,5
2025-05-02 00:00:00,11689,27.05,58.33,22.22,85.47,25.2,2025.0,5
2025-05-02 01:00:00,11690,26.45,62.87,21.51,86.9,38.0,2025.0,5
2025-05-02 02:00:00,11691,25.75,64.97,21.18,87.83,47.6,2025.0,5
2025-05-02 03:00:00,11692,25.64,66.0,20.52,90.57,51.27,2025.0,5
2025-05-02 04:00:00,11693,25.44,66.03,20.23,91.13,46.37,2025.0,5
2025-05-02 05:00:00,11694,25.08,64.77,19.87,89.7,51.3,2025.0,5
2025-05-02 06:00:00,11695,25.21,63.03,21.32,84.2,52.03,2025.0,5
2025-05-02 07:00:00,11696,27.66,58.73,28.23,66.9,64.47,2025.0,5
2025-05-02 08:00:00,11697,31.02,51.8,33.09,56.3,70.57,2025.0,5
2025-05-02 09:00:00,11698,33.37,45.7,34.87,51.57,61.1,2025.0,5
2025-05-02 10:00:00,11699,35.04,41.1,34.6,50.77,62.2,2025.0,5
2025-05-02 11:00:00,11700,34.44,40.73,33.59,51.23,53.97,2025.0,5
2025-05-02 12:00:00,11701,,,35.6,45.17,44.41,2025.0,5
2025-05-02 13:00:00,11702,34.53,41.7,31.69,56.67,43.8,2025.0,5
2025-05-02 14:00:00,11703,33.17,43.0,30.32,58.28,37.69,2025.0,5
2025-05-02 15:00:00,11704,33.19,44.46,30.65,59.21,36.96,2025.0,5
2025-05-02 18:00:00,11707,28.47,61.52,23.88,83.37,23.37,2025.0,5
2025-05-02 20:00:00,11709,27.76,61.52,23.1,,27.61,2025.0,5
2025-05-02 21:00:00,11710,27.66,63.1,22.78,86.0,38.93,2025.0,5
2025-05-02 22:00:00,11711,27.47,65.73,22.56,88.86,45.1,2025.0,5
2025-05-02 23:00:00,11712,27.06,67.03,22.39,89.43,41.6,2025.0,5
2025-05-03 00:00:00,11713,26.77,69.07,21.93,92.1,53.43,2025.0,5
2025-05-03 01:00:00,11714,26.39,69.97,21.53,93.1,58.23,2025.0,5
2025-05-03 02:00:00,11715,26.44,69.1,21.61,92.5,56.33,2025.0,5
2025-05-03 03:00:00,11716,26.48,69.17,21.37,93.23,50.43,2025.0,5
2025-05-03 04:00:00,11717,25.94,71.47,20.92,95.5,59.1,2025.0,5
2025-05-03 05:00:00,11718,25.89,71.5,20.8,96.0,61.0,2025.0,5
2025-05-03 06:00:00,11719,26.09,70.97,21.44,94.37,69.4,2025.0,5
2025-05-03 07:00:00,11720,27.69,66.27,24.89,83.3,68.7,2025.0,5
2025-05-03 08:00:00,11721,30.43,56.63,30.93,64.4,58.23,2025.0,5
2025-05-03 09:00:00,11722,31.75,49.53,31.69,59.17,39.7,2025.0,5
2025-05-03 10:00:00,11723,33.28,44.0,33.23,53.43,24.6,2025.0,5
2025-05-03 11:00:00,11724,35.74,38.2,34.17,50.1,27.47,2025.0,5
2025-05-03 12:00:00,11725,35.28,38.75,33.07,51.89,31.68,2025.0,5
2025-05-03 14:00:00,11727,32.11,50.14,28.21,68.71,38.25,2025.0,5
2025-05-03 15:00:00,11728,31.62,52.5,27.04,73.59,47.67,2025.0,5
2025-05-03 16:00:00,11729,29.31,60.17,24.85,81.34,52.66,2025.0,5
2025-05-03 17:00:00,11730,28.71,62.62,24.14,84.17,47.76,2025.0,5
2025-05-03 19:00:00,11732,28.72,63.0,24.04,85.0,46.0,2025.0,5
2025-05-03 20:00:00,11733,28.72,63.0,24.04,85.0,46.0,2025.0,5
2025-05-03 21:00:00,11734,28.72,63.0,24.04,85.0,46.0,2025.0,5
2025-05-03 22:00:00,11735,28.72,63.0,24.04,85.0,46.0,2025.0,5
2025-05-03 23:00:00,11736,28.72,63.0,24.04,85.0,46.0,2025.0,5
2025-05-04 00:00:00,11737,28.72,63.0,24.04,85.0,46.0,2025.0,5
2025-05-04 01:00:00,11738,28.72,63.0,24.04,85.0,46.0,2025.0,5
2025-05-04 02:00:00,11739,28.72,63.0,24.04,85.0,46.0,2025.0,5
2025-05-04 03:00:00,11740,28.72,63.0,24.04,85.0,46.0,2025.0,5
2025-05-04 04:00:00,11741,28.72,63.0,24.04,85.0,46.0,2025.0,5
2025-05-04 05:00:00,11742,28.72,63.0,24.04,85.0,46.0,2025.0,5
2025-05-04 06:00:00,11743,28.72,63.0,24.04,85.0,46.0,2025.0,5
2025-05-04 07:00:00,11744,28.72,63.0,24.04,85.0,46.0,2025.0,5
2025-05-04 08:00:00,11745,28.72,63.0,24.04,85.0,46.0,2025.0,5
2025-05-04 09:00:00,11746,28.72,63.0,24.04,85.0,46.0,2025.0,5
2025-05-04 10:00:00,11747,28.72,63.0,24.04,85.0,46.0,2025.0,5
2025-05-04 11:00:00,11748,28.72,63.0,24.04,85.0,46.0,2025.0,5
2025-05-04 12:00:00,11749,28.72,63.0,24.04,85.0,46.0,2025.0,5
2025-05-04 13:00:00,11750,28.72,63.0,24.04,85.0,46.0,2025.0,5
2025-05-04 14:00:00,11751,28.72,63.0,24.04,85.0,46.0,2025.0,5
2025-05-04 15:00:00,11752,28.72,63.0,24.04,85.0,46.0,2025.0,5
2025-05-04 16:00:00,11753,28.72,63.0,24.04,85.0,46.0,2025.0,5
2025-05-04 17:00:00,11754,28.72,63.0,24.04,85.0,46.0,2025.0,5
2025-05-04 18:00:00,11755,28.72,63.0,24.04,85.0,46.0,2025.0,5
2025-05-04 19:00:00,11756,28.72,63.0,24.04,85.0,46.0,2025.0,5
2025-05-04 20:00:00,11757,28.72,63.0,24.04,85.0,46.0,2025.0,5
2025-05-04 21:00:00,11758,28.72,63.0,24.04,85.0,46.0,2025.0,5
2025-05-04 23:00:00,11760,28.72,63.0,24.04,85.0,46.0,2025.0,5
2025-05-05 00:00:00,11761,,63.0,24.04,85.0,46.09,2025.0,5
2025-05-05 03:00:00,11764,28.72,63.0,24.04,85.0,46.0,2025.0,5
2025-05-05 04:00:00,11765,28.72,63.0,24.04,85.0,46.0,2025.0,5
2025-05-05 05:00:00,11766,28.72,63.0,24.04,85.0,46.0,2025.0,5
2025-05-05 06:00:00,11767,28.72,63.0,24.04,85.0,46.0,2025.0,5
2025-05-05 08:00:00,11769,28.72,63.0,24.04,85.0,46.0,2025.0,5
2025-05-05 09:00:00,11770,28.72,63.0,24.04,85.0,46.0,2025.0,5
2025-05-05 10:00:00,11771,32.33,45.97,31.67,55.23,33.2,2025.0,5
2025-05-05 11:00:00,11772,34.84,42.93,33.41,54.57,29.03,2025.0,5
2025-05-05 12:00:00,11773,35.64,41.1,33.94,53.37,28.77,2025.0,5
2025-05-05 13:00:00,11774,36.12,39.0,34.22,51.47,21.9,2025.0,5
2025-05-05 14:00:00,11775,34.0,47.5,31.29,62.9,40.27,2025.0,5
2025-05-05 15:00:00,11776,31.67,53.2,28.94,68.7,46.73,2025.0,5
2025-05-05 16:00:00,11777,31.56,53.43,28.42,70.1,44.5,2025.0,5
2025-05-05 17:00:00,11778,30.79,56.47,26.52,76.3,42.03,2025.0,5
2025-05-05 18:00:00,11779,30.15,59.47,25.69,80.03,43.77,2025.0,5
2025-05-05 19:00:00,11780,28.97,61.1,24.63,81.33,41.77,2025.0,5
2025-05-05 20:00:00,11781,28.58,65.23,24.13,86.23,49.63,2025.0,5
2025-05-05 21:00:00,11782,28.61,63.57,23.64,86.2,55.83,2025.0,5
2025-05-05 22:00:00,11783,28.53,64.53,23.5,87.27,68.73,2025.0,5
2025-05-05 23:00:00,11784,28.26,65.5,23.35,88.1,76.3,2025.0,5
2025-05-06 00:00:00,11785,28.3,67.03,23.5,89.37,70.47,2025.0,5
2025-05-06 01:00:00,11786,28.39,67.73,23.32,90.8,72.9,2025.0,5
2025-05-06 02:00:00,11787,28.23,68.5,23.22,91.5,75.87,2025.0,5
2025-05-06 03:00:00,11788,27.8,70.0,22.82,93.1,77.1,2025.0,5
2025-05-06 04:00:00,11789,27.6,67.53,22.47,91.27,55.37,2025.0,5
2025-05-06 05:00:00,11790,27.59,68.17,22.48,91.53,58.2,2025.0,5
2025-05-06 06:00:00,11791,27.33,70.47,23.09,91.67,87.63,2025.0,5
2025-05-06 07:00:00,11792,29.42,64.47,28.04,76.53,82.5,2025.0,5
2025-05-06 08:00:00,11793,32.05,56.73,32.28,64.8,75.73,2025.0,5
2025-05-06 09:00:00,11794,34.22,48.8,35.06,55.8,51.5,2025.0,5
2025-05-06 10:00:00,11795,35.45,42.67,34.65,53.13,32.87,2025.0,5
2025-05-06 11:00:00,11796,36.01,42.03,34.45,53.97,33.17,2025.0,5
2025-05-06 12:00:00,11797,35.6,41.47,33.61,54.47,25.53,2025.0,5
2025-05-06 13:00:00,11798,34.94,43.93,32.15,59.23,29.83,2025.0,5
2025-05-06 14:00:00,11799,30.54,56.33,26.74,74.87,40.7,2025.0,5
2025-05-06 15:00:00,11800,28.01,60.8,23.91,80.33,32.33,2025.0,5
2025-05-06 16:00:00,11801,27.87,63.03,23.61,83.27,38.53,2025.0,5
2025-05-06 17:00:00,11802,28.48,61.3,23.59,83.57,58.13,2025.0,5
2025-05-06 18:00:00,11803,28.26,64.17,23.34,86.5,80.73,2025.0,5
2025-05-06 19:00:00,11804,27.26,67.0,22.57,88.87,64.37,2025.0,5
2025-05-06 20:00:00,11805,28.04,64.5,23.11,87.07,59.0,2025.0,5
2025-05-06 21:00:00,11806,28.28,64.1,23.13,87.37,64.2,2025.0,5
2025-05-06 22:00:00,11807,27.19,67.0,22.11,90.33,75.53,2025.0,5
2025-05-06 23:00:00,11808,26.93,65.07,22.18,87.1,50.47,2025.0,5
2025-05-07 00:00:00,11809,26.94,64.87,22.03,87.6,65.1,2025.0,5
2025-05-07 01:00:00,11810,26.21,66.53,21.55,88.43,53.0,2025.0,5
2025-05-07 02:00:00,11811,26.71,64.57,22.09,86.2,49.23,2025.0,5
2025-05-07 03:00:00,11812,26.63,66.23,21.71,88.83,59.07,2025.0,5
2025-05-07 04:00:00,11813,26.39,67.07,21.33,90.45,56.31,2025.0,5
2025-05-07 05:00:00,11814,26.39,66.57,21.46,89.3,54.07,2025.0,5
2025-05-07 06:00:00,11815,26.59,66.8,21.76,89.4,69.13,2025.0,5
2025-05-07 07:00:00,11816,28.35,61.83,26.83,74.67,,2025.0,5
2025-05-07 08:00:00,11817,29.36,61.7,25.81,79.63,87.37,2025.0,5
2025-05-07 09:00:00,11818,31.58,56.2,30.14,68.63,58.5,2025.0,5
2025-05-07 10:00:00,11819,32.5,53.47,31.03,66.23,49.9,2025.0,5
2025-05-07 11:00:00,11820,34.16,48.93,32.44,62.03,31.63,2025.0,5
2025-05-07 12:00:00,11821,34.16,47.4,32.23,61.17,21.6,2025.0,5
2025-05-07 13:00:00,11822,33.37,50.57,29.34,70.4,24.7,2025.0,5
2025-05-07 14:00:00,11823,30.49,60.53,23.76,95.73,15.3,2025.0,5
2025-05-07 15:00:00,11824,30.33,60.43,24.62,93.5,38.83,2025.0,5
2025-05-07 16:00:00,11825,28.33,67.37,22.37,96.13,38.03,2025.0,5
2025-05-07 17:00:00,11826,28.06,69.4,22.4,98.0,36.03,2025.0,5
2025-05-07 18:00:00,11827,28.0,70.1,22.41,98.0,43.0,2025.0,5
2025-05-07 19:00:00,11828,27.45,71.53,22.07,98.07,47.9,2025.0,5
2025-05-07 20:00:00,11829,27.65,70.97,22.19,98.1,48.57,2025.0,5
2025-05-07 21:00:00,11830,27.27,72.4,22.08,98.7,56.2,2025.0,5
2025-05-07 22:00:00,11831,27.71,70.53,22.18,99.0,51.17,2025.0,5
2025-05-07 23:00:00,11832,27.56,71.17,22.0,99.0,66.3,2025.0,5
2025-05-08 00:00:00,11833,27.32,72.5,21.94,99.0,79.3,2025.0,5
2025-05-08 01:00:00,11834,26.94,73.9,21.77,99.0,,2025.0,5
2025-05-08 02:00:00,11835,26.7,73.6,21.43,99.0,75.87,2025.0,5
2025-05-08 03:00:00,11836,26.4,74.87,21.43,99.0,76.03,2025.0,5
2025-05-08 04:00:00,11837,26.42,74.2,21.27,99.0,69.5,2025.0,5
2025-05-08 05:00:00,11838,26.68,73.53,21.46,99.03,66.0,2025.0,5
2025-05-08 06:00:00,11839,26.6,73.3,21.56,99.23,70.4,2025.0,5
2025-05-08 07:00:00,11840,27.72,70.1,25.31,96.53,74.97,2025.0,5
2025-05-08 08:00:00,11841,30.79,60.63,31.14,69.07,62.97,2025.0,5
2025-05-08 09:00:00,11842,32.8,54.55,33.63,61.28,50.72,2025.0,5
2025-05-08 10:00:00,11843,34.48,48.63,33.46,59.77,47.77,2025.0,5
2025-05-08 11:00:00,11844,34.53,46.6,31.55,62.37,33.0,2025.0,5
2025-05-08 12:00:00,11845,33.64,50.53,30.63,66.77,40.1,2025.0,5
2025-05-08 13:00:00,11846,31.56,55.5,28.61,71.73,47.03,2025.0,5
2025-05-08 14:00:00,11847,31.77,52.73,28.5,69.8,34.73,2025.0,5
2025-05-08 15:00:00,11848,32.27,53.1,28.9,70.43,33.9,2025.0,5
2025-05-08 16:00:00,11849,31.13,57.17,26.92,77.07,38.47,2025.0,5
2025-05-08 17:00:00,11850,30.63,59.43,25.92,81.07,45.43,2025.0,5
2025-05-08 18:00:00,11851,29.78,63.2,24.73,86.5,65.1,2025.0,5
2025-05-08 19:00:00,11852,28.11,69.27,23.69,90.83,46.23,2025.0,5
2025-05-08 20:00:00,11853,28.5,69.71,23.93,91.21,54.07,2025.0,5
2025-05-08 21:00:00,11854,28.73,66.28,23.77,88.93,43.72,2025.0,5
2025-05-08 22:00:00,11855,28.23,69.28,23.1,93.17,53.55,2025.0,5
2025-05-08 23:00:00,11856,27.02,72.3,21.88,97.37,48.3,2025.0,5
2025-05-09 00:00:00,11857,26.32,72.77,21.38,98.0,38.03,2025.0,5
2025-05-09 01:00:00,11858,26.67,71.43,21.66,97.93,37.4,2025.0,5
2025-05-09 02:00:00,11859,26.68,72.3,21.87,95.87,41.7,2025.0,5
2025-05-09 03:00:00,11860,26.88,70.5,22.02,94.07,48.5,2025.0,5
2025-05-09 04:00:00,11861,26.46,72.86,21.4,96.0,48.14,2025.0,5
2025-05-09 05:00:00,11862,26.33,73.14,21.08,97.72,52.21,2025.0,5
2025-05-09 08:00:00,11865,29.95,63.43,29.32,73.63,68.93,2025.0,5
2025-05-09 09:00:00,11866,30.8,60.27,29.78,71.4,84.83,2025.0,5
2025-05-09 10:00:00,11867,32.59,52.8,31.25,64.63,53.63,2025.0,5
2025-05-09 11:00:00,11868,33.52,48.33,31.3,62.5,42.53,2025.0,5
2025-05-09 12:00:00,11869,34.13,45.53,31.72,60.1,32.77,2025.0,5
2025-05-09 13:00:00,11870,32.59,51.57,29.6,67.9,39.2,2025.0,5
2025-05-09 14:00:00,11871,32.18,52.0,28.97,69.03,41.53,2025.0,5
2025-05-09 15:00:00,11872,30.74,58.37,27.11,76.73,47.53,2025.0,5
2025-05-09 16:00:00,11873,30.65,58.77,26.91,77.43,47.23,2025.0,5
2025-05-09 17:00:00,11874,30.66,57.57,26.2,78.1,47.4,2025.0,5
2025-05-09 18:00:00,11875,29.74,58.39,25.34,79.11,51.79,2025.0,5
2025-05-09 19:00:00,11876,28.93,61.4,24.7,81.43,56.13,2025.0,5
2025-05-09 20:00:00,11877,28.99,62.83,24.53,83.9,52.93,2025.0,5
2025-05-09 21:00:00,11878,28.9,63.7,24.16,85.5,55.87,2025.0,5
2025-05-09 22:00:00,11879,28.69,64.0,23.77,86.5,58.53,2025.0,5
2025-05-09 23:00:00,11880,28.5,64.23,23.65,86.43,54.03,2025.0,5
2025-05-10 00:00:00,11881,28.44,64.03,23.68,86.3,59.33,2025.0,5
2025-05-10 01:00:00,11882,28.12,65.0,23.14,87.63,61.53,2025.0,5
2025-05-10 02:00:00,11883,27.95,66.5,22.9,89.53,70.37,2025.0,5
2025-05-10 03:00:00,11884,27.69,67.0,22.56,90.5,68.5,2025.0,5
2025-05-10 04:00:00,11885,27.39,68.77,22.22,92.57,76.27,2025.0,5
2025-05-10 05:00:00,11886,27.09,69.5,22.05,93.0,74.53,2025.0,5
2025-05-10 06:00:00,11887,27.2,69.37,22.63,91.4,76.47,2025.0,5
2025-05-10 07:00:00,11888,28.9,64.93,26.61,80.03,77.6,2025.0,5
2025-05-10 08:00:00,11889,31.65,57.3,32.64,63.7,,2025.0,5
2025-05-10 09:00:00,11890,33.99,50.93,35.21,56.93,88.53,2025.0,5
2025-05-10 10:00:00,11891,35.9,45.33,36.08,54.0,76.27,2025.0,5
2025-05-10 11:00:00,11892,,42.1,35.57,53.77,76.67,2025.0,5
2025-05-10 12:00:00,11893,34.79,46.17,30.88,64.13,76.93,2025.0,5
2025-05-10 13:00:00,11894,30.77,55.55,24.52,86.28,64.38,2025.0,5
2025-05-10 14:00:00,11895,28.42,62.33,21.99,95.26,41.41,2025.0,5
2025-05-10 16:00:00,11897,28.86,63.4,22.69,96.5,55.43,2025.0,5
2025-05-10 17:00:00,11898,28.32,66.87,22.75,96.77,48.0,2025.0,5
2025-05-10 18:00:00,11899,27.68,69.23,22.81,96.27,45.57,2025.0,5
2025-05-10 19:00:00,11900,27.96,68.6,23.28,91.27,47.17,2025.0,5
2025-05-10 20:00:00,11901,28.2,68.53,23.22,92.0,46.4,2025.0,5
2025-05-10 21:00:00,11902,28.33,67.97,23.19,91.97,53.3,2025.0,5
2025-05-10 22:00:00,11903,28.23,69.07,23.1,92.9,60.9,2025.0,5
2025-05-10 23:00:00,11904,28.03,70.93,22.93,95.07,74.73,2025.0,5
2025-05-11 00:00:00,11905,27.92,70.07,22.86,94.1,49.9,2025.0,5
2025-05-11 01:00:00,11906,27.65,71.93,22.66,95.43,56.47,2025.0,5
2025-05-11 02:00:00,11907,27.59,72.13,22.4,96.97,60.53,2025.0,5
2025-05-11 03:00:00,11908,27.42,72.6,22.4,96.9,66.77,2025.0,5
2025-05-11 04:00:00,11909,27.48,72.43,22.4,96.6,76.33,2025.0,5
2025-05-11 05:00:00,11910,27.08,73.03,22.14,97.0,79.07,2025.0,5
2025-05-11 06:00:00,11911,27.2,72.73,22.61,95.83,,2025.0,5
2025-05-11 07:00:00,11912,28.85,68.3,27.52,81.37,,2025.0,5
2025-05-11 08:00:00,11913,30.93,61.27,30.24,71.47,88.27,2025.0,5
2025-05-11 09:00:00,11914,33.9,50.57,34.87,56.9,56.73,2025.0,5
2025-05-11 10:00:00,11915,34.92,46.5,34.46,56.3,52.1,2025.0,5
2025-05-11 11:00:00,11916,34.66,43.63,32.77,56.57,37.67,2025.0,5
2025-05-11 12:00:00,11917,33.73,44.73,30.74,60.33,22.23,2025.0,5
2025-05-11 13:00:00,11918,30.33,57.03,26.83,75.23,30.57,2025.0,5
2025-05-11 14:00:00,11919,29.84,59.7,28.65,71.33,27.4,2025.0,5
2025-05-11 15:00:00,11920,31.51,54.8,29.79,67.73,32.03,2025.0,5
2025-05-11 16:00:00,11921,30.8,54.57,27.09,72.83,26.87,2025.0,5
2025-05-11 17:00:00,11922,29.94,57.7,25.67,77.67,25.67,2025.0,5
2025-05-11 18:00:00,11923,29.61,57.73,24.84,79.27,27.27,2025.0,5
2025-05-11 19:00:00,11924,28.95,61.3,24.26,82.97,42.5,2025.0,5
2025-05-11 20:00:00,11925,28.58,65.1,23.84,86.97,49.47,2025.0,5
2025-05-11 21:00:00,11926,28.59,67.1,23.6,89.83,57.33,2025.0,5
2025-05-11 22:00:00,11927,28.19,68.87,23.22,91.67,57.83,2025.0,5
2025-05-11 23:00:00,11928,27.67,69.5,22.7,92.63,60.83,2025.0,5
2025-05-12 00:00:00,11929,27.36,68.67,22.16,92.4,,2025.0,5
2025-05-12 01:00:00,11930,27.28,67.97,22.14,91.83,70.03,2025.0,5
2025-05-12 02:00:00,11931,27.32,68.37,22.11,92.33,74.33,2025.0,5
2025-05-12 03:00:00,11932,26.79,69.07,21.6,92.97,59.9,2025.0,5
2025-05-12 04:00:00,11933,26.6,70.6,21.49,94.6,84.17,2025.0,5
2025-05-12 05:00:00,11934,26.56,71.17,21.57,94.57,72.5,2025.0,5
2025-05-12 06:00:00,11935,26.49,67.4,22.17,88.63,54.83,2025.0,5
2025-05-12 07:00:00,11936,27.65,64.87,25.4,79.97,63.9,2025.0,5
2025-05-12 08:00:00,11937,30.12,57.47,28.38,70.47,65.57,2025.0,5
2025-05-12 09:00:00,11938,32.37,50.43,31.97,60.4,42.33,2025.0,5
2025-05-12 10:00:00,11939,34.97,44.17,35.05,52.87,40.7,2025.0,5
2025-05-12 11:00:00,11940,,39.8,36.16,49.13,39.37,2025.0,5
2025-05-12 12:00:00,11941,35.14,40.17,32.49,54.27,23.5,2025.0,5
2025-05-12 13:00:00,11942,33.71,45.3,30.9,60.53,13.73,2025.0,5
2025-05-12 14:00:00,11943,31.95,50.9,28.89,67.37,10.27,2025.0,5
2025-05-12 15:00:00,11944,31.37,53.73,28.14,70.7,22.47,2025.0,5
2025-05-12 16:00:00,11945,31.01,55.27,27.18,73.9,26.83,2025.0,5
2025-05-12 17:00:00,11946,30.68,57.67,26.33,77.8,31.53,2025.0,5
2025-05-12 18:00:00,11947,29.85,62.87,25.26,84.27,50.0,2025.0,5
2025-05-12 19:00:00,11948,28.7,66.57,24.32,87.3,49.47,2025.0,5
2025-05-12 20:00:00,11949,28.33,66.9,23.97,87.57,42.23,2025.0,5
2025-05-12 21:00:00,11950,28.52,66.03,23.92,87.87,43.53,2025.0,5
2025-05-12 22:00:00,11951,28.58,66.0,23.91,87.37,46.83,2025.0,5
2025-05-12 23:00:00,11952,28.49,65.57,23.77,87.47,46.1,2025.0,5
2025-05-13 00:00:00,11953,28.61,65.13,23.89,86.93,44.63,2025.0,5
2025-05-13 01:00:00,11954,28.33,67.57,23.06,91.37,53.23,2025.0,5
2025-05-13 02:00:00,11955,26.59,72.77,21.49,97.37,34.33,2025.0,5
2025-05-13 06:00:00,11959,27.4,69.11,21.66,99.0,29.39,2025.0,5
2025-05-13 08:00:00,11961,30.2,62.04,24.94,95.33,50.67,2025.0,5
2025-05-13 09:00:00,11962,30.75,60.9,25.75,96.43,62.67,2025.0,5
2025-05-13 10:00:00,11963,33.28,52.17,29.24,86.43,42.3,2025.0,5
2025-05-13 11:00:00,11964,33.13,52.0,29.54,70.73,46.03,2025.0,5
2025-05-13 12:00:00,11965,29.78,63.37,24.07,93.74,52.85,2025.0,5
2025-05-13 13:00:00,11966,30.43,62.73,24.64,95.73,47.73,2025.0,5
2025-05-13 14:00:00,11967,30.31,61.4,25.45,92.13,43.77,2025.0,5
2025-05-13 15:00:00,11968,28.5,64.3,23.93,87.9,38.83,2025.0,5
2025-05-13 16:00:00,11969,28.5,67.47,23.13,96.03,47.8,2025.0,5
2025-05-13 17:00:00,11970,28.84,67.27,23.53,94.63,49.6,2025.0,5
2025-05-13 18:00:00,11971,28.73,65.93,23.77,89.53,49.6,2025.0,5
2025-05-13 19:00:00,11972,28.58,66.53,23.47,90.53,48.47,2025.0,5
2025-05-13 20:00:00,11973,28.36,68.03,23.36,91.67,63.73,2025.0,5
2025-05-13 21:00:00,11974,28.41,65.93,23.27,90.0,55.87,2025.0,5
2025-05-13 22:00:00,11975,28.05,68.83,23.15,92.33,,2025.0,5
2025-05-13 23:00:00,11976,27.47,70.77,22.85,93.4,88.73,2025.0,5
2025-05-14 00:00:00,11977,27.22,71.07,22.54,93.53,56.4,2025.0,5
2025-05-14 01:00:00,11978,27.18,71.3,22.16,95.03,66.97,2025.0,5
2025-05-14 02:00:00,11979,27.09,71.6,22.09,95.43,73.83,2025.0,5
2025-05-14 03:00:00,11980,26.73,72.03,21.56,96.37,68.73,2025.0,5
2025-05-14 04:00:00,11981,26.59,72.17,21.35,97.0,68.87,2025.0,5
2025-05-14 05:00:00,11982,26.44,72.93,21.27,97.77,80.1,2025.0,5
2025-05-14 06:00:00,11983,26.58,72.43,21.78,96.47,85.4,2025.0,5
2025-05-14 07:00:00,11984,27.76,69.3,24.61,87.4,,2025.0,5
2025-05-14 08:00:00,11985,31.32,58.63,31.57,66.83,86.73,2025.0,5
2025-05-14 09:00:00,11986,33.04,52.87,33.84,60.0,84.83,2025.0,5
2025-05-14 10:00:00,11987,35.1,46.33,35.53,54.37,66.97,2025.0,5
2025-05-14 11:00:00,11988,35.81,42.67,33.43,56.4,56.37,2025.0,5
2025-05-14 12:00:00,11989,33.04,49.57,28.65,69.23,64.17,2025.0,5
2025-05-14 13:00:00,11990,28.95,65.1,22.88,94.1,49.27,2025.0,5
2025-05-14 14:00:00,11991,27.4,67.03,21.49,97.87,25.43,2025.0,5
2025-05-14 15:00:00,11992,27.88,67.6,22.41,97.47,30.57,2025.0,5
2025-05-14 16:00:00,11993,28.6,65.07,22.95,96.47,36.67,2025.0,5
2025-05-14 17:00:00,11994,28.49,65.8,22.32,97.2,42.2,2025.0,5
2025-05-14 18:00:00,11995,26.11,73.63,21.21,98.37,32.2,2025.0,5
2025-05-14 19:00:00,11996,26.41,72.97,21.13,99.0,25.77,2025.0,5
2025-05-14 20:00:00,11997,26.64,73.03,21.34,99.0,33.28,2025.0,5
2025-05-15 01:00:00,12002,26.28,73.23,20.84,99.88,54.31,2025.0,5
2025-05-15 05:00:00,12006,25.77,73.17,20.47,100.0,47.46,2025.0,5
2025-05-15 06:00:00,12007,26.12,72.24,20.85,100.0,48.97,2025.0,5
2025-05-15 07:00:00,12008,,67.22,21.93,100.0,61.13,2025.0,5
2025-05-15 08:00:00,12009,29.92,61.79,28.12,96.64,69.57,2025.0,5
2025-05-15 09:00:00,12010,32.1,54.83,30.25,90.83,64.7,2025.0,5
2025-05-15 10:00:00,12011,32.57,50.33,31.64,63.13,39.17,2025.0,5
2025-05-15 11:00:00,12012,32.88,50.83,30.84,64.6,44.2,2025.0,5
2025-05-15 12:00:00,12013,32.41,51.63,29.37,68.13,41.57,2025.0,5
2025-05-15 13:00:00,12014,32.61,50.47,30.22,65.37,33.83,2025.0,5
2025-05-15 14:00:00,12015,33.06,50.79,30.37,66.38,32.62,2025.0,5
2025-05-15 15:00:00,12016,31.12,56.5,27.87,73.87,25.77,2025.0,5
2025-05-15 16:00:00,12017,30.39,58.8,26.6,77.67,30.03,2025.0,5
2025-05-15 17:00:00,12018,29.86,61.77,25.43,82.53,38.6,2025.0,5
2025-05-15 18:00:00,12019,29.8,63.27,24.97,85.43,44.37,2025.0,5
2025-05-15 19:00:00,12020,29.56,64.1,24.82,85.87,45.8,2025.0,5
2025-05-15 20:00:00,12021,29.55,64.43,24.53,87.27,49.57,2025.0,5
2025-05-15 21:00:00,12022,29.34,65.37,24.36,88.13,53.27,2025.0,5
2025-05-15 22:00:00,12023,28.51,69.72,23.61,92.52,65.59,2025.0,5
2025-05-15 23:00:00,12024,28.11,71.63,23.19,95.4,69.07,2025.0,5
2025-05-16 00:00:00,12025,27.67,71.5,22.61,95.11,53.43,2025.0,5
2025-05-16 01:00:00,12026,26.61,73.64,21.55,97.84,47.12,2025.0,5
2025-05-16 02:00:00,12027,26.81,73.1,21.52,98.67,46.03,2025.0,5
2025-05-16 03:00:00,12028,26.3,74.43,21.34,99.0,36.9,2025.0,5
2025-05-16 04:00:00,12029,25.84,74.5,20.88,99.0,22.53,2025.0,5
2025-05-16 05:00:00,12030,26.49,73.27,21.12,99.0,31.93,2025.0,5
2025-05-16 06:00:00,12031,26.73,73.03,21.37,99.0,38.9,2025.0,5
2025-05-16 07:00:00,12032,27.1,72.13,22.12,99.33,31.17,2025.0,5
2025-05-16 08:00:00,12033,28.77,66.2,23.12,99.2,29.84,2025.0,5
2025-05-16 09:00:00,12034,30.49,60.79,25.2,97.71,34.86,2025.0,5
2025-05-16 10:00:00,12035,32.26,55.53,29.0,88.1,43.1,2025.0,5
2025-05-16 11:00:00,12036,34.46,47.73,33.12,61.27,42.83,2025.0,5
2025-05-16 12:00:00,12037,34.74,45.87,32.51,60.37,45.83,2025.0,5
2025-05-16 13:00:00,12038,33.45,49.73,30.01,67.97,33.27,2025.0,5
2025-05-16 14:00:00,12039,28.43,62.67,22.54,95.37,22.07,2025.0,5
2025-05-16 15:00:00,12040,29.42,63.76,23.86,95.41,29.52,2025.0,5
2025-05-16 16:00:00,12041,28.06,64.83,22.36,94.03,16.83,2025.0,5
2025-05-16 17:00:00,12042,26.36,72.43,21.18,98.13,13.37,2025.0,5
2025-05-16 18:00:00,12043,26.64,72.63,21.28,99.0,24.87,2025.0,5
2025-05-16 19:00:00,12044,26.76,72.21,21.25,99.0,23.96,2025.0,5
2025-05-16 20:00:00,12045,26.84,71.96,21.21,99.0,18.88,2025.0,5
2025-05-17 07:00:00,12056,26.94,71.27,22.16,100.0,47.1,2025.0,5
2025-05-17 08:00:00,12057,28.81,65.53,26.03,97.7,51.0,2025.0,5
2025-05-17 09:00:00,12058,31.93,56.07,30.45,83.47,49.9,2025.0,5
2025-05-17 10:00:00,12059,34.14,48.57,34.33,57.4,43.7,2025.0,5
2025-05-17 11:00:00,12060,35.4,44.47,33.69,57.07,33.33,2025.0,5
2025-05-17 12:00:00,12061,32.91,50.34,29.36,68.0,42.55,2025.0,5
2025-05-17 13:00:00,12062,28.7,63.27,25.39,80.97,37.7,2025.0,5
2025-05-17 14:00:00,12063,30.01,59.47,27.15,75.77,30.7,2025.0,5
2025-05-17 15:00:00,12064,29.86,62.17,25.5,82.9,31.4,2025.0,5
2025-05-17 16:00:00,12065,27.5,67.13,23.23,88.13,18.67,2025.0,5
2025-05-17 17:00:00,12066,27.93,66.28,23.4,87.76,40.48,2025.0,5
2025-05-17 18:00:00,12067,27.89,67.17,23.04,89.73,50.83,2025.0,5
2025-05-18 03:00:00,12076,26.54,73.0,21.33,97.79,82.29,2025.0,5
2025-05-18 04:00:00,12077,26.52,73.07,21.39,98.0,88.86,2025.0,5
2025-05-18 05:00:00,12078,26.57,72.62,21.56,,68.58,2025.0,5
2025-05-18 07:00:00,12080,26.5,67.75,26.46,81.33,86.38,2025.0,5
2025-05-18 09:00:00,12082,33.13,52.65,32.84,61.92,68.5,2025.0,5
2025-05-18 10:00:00,12083,33.83,49.29,33.07,59.85,52.79,2025.0,5
2025-05-18 11:00:00,12084,34.17,43.93,32.32,56.97,39.1,2025.0,5
2025-05-18 12:00:00,12085,33.97,42.76,31.56,56.76,14.97,2025.0,5
2025-05-18 13:00:00,12086,34.45,41.97,32.38,55.23,13.23,2025.0,5
2025-05-18 14:00:00,12087,33.78,45.67,31.22,60.53,19.23,2025.0,5
2025-05-18 15:00:00,12088,33.03,50.47,30.28,66.23,28.33,2025.0,5
2025-05-18 16:00:00,12089,31.57,56.3,27.82,74.97,35.23,2025.0,5
2025-05-18 17:00:00,12090,29.31,64.13,24.85,85.3,36.87,2025.0,5
2025-05-18 18:00:00,12091,27.53,68.57,22.32,93.0,30.23,2025.0,5
2025-05-18 19:00:00,12092,26.39,69.83,20.67,97.87,13.07,2025.0,5
2025-05-18 20:00:00,12093,26.65,70.8,21.1,98.37,21.63,2025.0,5
2025-05-18 21:00:00,12094,26.92,71.4,21.36,99.0,31.57,2025.0,5
2025-05-18 22:00:00,12095,27.18,71.07,21.58,99.0,40.63,2025.0,5
2025-05-18 23:00:00,12096,27.26,69.1,21.29,99.0,38.5,2025.0,5
2025-05-19 00:00:00,12097,27.17,71.0,21.54,99.0,48.7,2025.0,5
2025-05-19 01:00:00,12098,27.23,70.27,21.48,99.0,39.23,2025.0,5
2025-05-19 02:00:00,12099,27.02,71.7,21.46,99.0,53.4,2025.0,5
2025-05-19 03:00:00,12100,26.64,72.93,21.28,99.0,54.77,2025.0,5
2025-05-19 04:00:00,12101,26.71,73.0,21.33,99.0,54.97,2025.0,5
2025-05-19 05:00:00,12102,25.99,73.87,20.86,99.0,56.07,2025.0,5
2025-05-19 06:00:00,12103,26.18,73.43,21.28,99.33,61.43,2025.0,5
2025-05-19 07:00:00,12104,28.71,66.97,25.61,99.23,53.57,2025.0,5
2025-05-19 08:00:00,12105,31.88,57.3,30.19,87.27,49.87,2025.0,5
2025-05-19 09:00:00,12106,33.09,53.03,32.98,62.83,49.63,2025.0,5
2025-05-19 10:00:00,12107,34.04,50.07,33.68,60.2,51.37,2025.0,5
2025-05-19 11:00:00,12108,34.56,43.83,32.99,56.0,33.03,2025.0,5
2025-05-19 12:00:00,12109,32.2,50.3,29.27,66.37,24.17,2025.0,5
2025-05-19 13:00:00,12110,30.69,54.57,28.52,69.27,23.6,2025.0,5
2025-05-19 14:00:00,12111,30.64,54.4,27.56,71.52,15.17,2025.0,5
2025-05-19 15:00:00,12112,31.52,51.6,27.65,70.5,21.47,2025.0,5
2025-05-19 16:00:00,12113,29.68,60.83,25.01,83.03,29.2,2025.0,5
2025-05-19 17:00:00,12114,28.13,66.5,23.35,89.96,34.04,2025.0,5
2025-05-19 18:00:00,12115,28.38,67.83,23.45,90.93,43.17,2025.0,5
2025-05-19 19:00:00,12116,28.24,67.93,23.5,90.4,42.2,2025.0,5
2025-05-19 20:00:00,12117,28.12,68.43,23.35,90.8,42.73,2025.0,5
2025-05-19 21:00:00,12118,27.54,71.77,22.59,94.8,53.23,2025.0,5
2025-05-19 22:00:00,12119,27.53,70.93,22.46,95.03,49.4,2025.0,5
2025-05-19 23:00:00,12120,27.14,71.2,22.5,93.5,39.87,2025.0,5
2025-05-20 00:00:00,12121,27.31,70.53,22.26,94.27,46.63,2025.0,5
2025-05-20 01:00:00,12122,27.03,69.97,21.92,94.07,45.77,2025.0,5
2025-05-20 02:00:00,12123,26.69,70.07,21.86,92.97,45.13,2025.0,5
2025-05-20 03:00:00,12124,26.55,71.23,21.74,94.73,43.77,2025.0,5
2025-05-20 04:00:00,12125,25.98,69.93,21.58,91.57,22.57,2025.0,5
2025-05-20 05:00:00,12126,25.95,69.9,21.56,91.97,8.53,2025.0,5
2025-05-20 06:00:00,12127,26.76,67.9,22.51,89.03,25.73,2025.0,5
2025-05-20 07:00:00,12128,27.69,64.07,23.82,84.07,27.17,2025.0,5
2025-05-20 08:00:00,12129,29.1,56.6,26.95,71.33,22.23,2025.0,5
2025-05-20 09:00:00,12130,30.28,49.73,29.27,61.4,20.87,2025.0,5
2025-05-20 10:00:00,12131,31.78,42.37,30.57,54.33,11.57,2025.0,5
2025-05-20 11:00:00,12132,33.71,38.7,32.11,51.53,12.97,2025.0,5
2025-05-20 12:00:00,12133,33.99,39.4,32.06,52.7,15.6,2025.0,5
2025-05-20 15:00:00,12136,34.05,46.0,30.97,62.1,24.23,2025.0,5
2025-05-20 16:00:00,12137,33.59,47.31,29.6,65.76,27.76,2025.0,5
2025-05-20 17:00:00,12138,31.77,54.23,27.07,75.43,32.03,2025.0,5
2025-05-20 18:00:00,12139,30.45,58.47,25.66,80.3,34.4,2025.0,5
2025-05-20 19:00:00,12140,29.57,61.53,24.77,83.73,39.57,2025.0,5
2025-05-20 20:00:00,12141,29.46,62.93,24.54,85.47,45.93,2025.0,5
2025-05-20 21:00:00,12142,28.86,64.55,24.06,86.76,50.83,2025.0,5
2025-05-20 22:00:00,12143,28.42,64.4,23.57,86.77,49.63,2025.0,5
2025-05-20 23:00:00,12144,28.17,64.73,23.29,87.13,45.83,2025.0,5
2025-05-21 00:00:00,12145,27.84,67.0,23.01,89.5,46.47,2025.0,5
2025-05-21 01:00:00,12146,27.93,67.13,22.81,90.73,71.73,2025.0,5
2025-05-21 02:00:00,12147,27.92,67.2,22.8,90.73,79.43,2025.0,5
2025-05-21 03:00:00,12148,27.99,67.27,22.87,90.8,87.9,2025.0,5
2025-05-21 04:00:00,12149,27.93,67.33,22.83,90.83,83.3,2025.0,5
2025-05-21 05:00:00,12150,27.89,67.87,22.75,91.47,82.1,2025.0,5
2025-05-21 06:00:00,12151,27.69,69.62,22.49,93.54,84.58,2025.0,5
2025-05-21 08:00:00,12153,28.62,67.56,24.24,88.54,58.93,2025.0,5
2025-05-21 09:00:00,12154,28.83,66.3,24.52,87.2,57.07,2025.0,5
2025-05-21 10:00:00,12155,30.51,61.23,28.34,75.8,55.23,2025.0,5
2025-05-21 11:00:00,12156,29.18,64.07,24.3,87.96,38.32,2025.0,5
2025-05-21 12:00:00,12157,27.61,69.3,22.18,96.4,32.57,2025.0,5
2025-05-21 13:00:00,12158,26.45,71.73,21.39,97.63,25.4,2025.0,5
2025-05-21 14:00:00,12159,26.7,69.57,21.33,98.0,23.17,2025.0,5
2025-05-21 15:00:00,12160,28.0,67.33,22.35,97.97,32.47,2025.0,5
2025-05-21 16:00:00,12161,28.0,67.83,22.28,97.59,53.66,2025.0,5
2025-05-21 17:00:00,12162,27.68,68.57,21.93,98.0,64.6,2025.0,5
2025-05-21 18:00:00,12163,27.43,69.0,21.88,98.0,59.17,2025.0,5
2025-05-21 19:00:00,12164,27.92,68.67,22.38,98.0,67.04,2025.0,5
2025-05-21 20:00:00,12165,27.78,69.33,22.16,98.07,69.63,2025.0,5
2025-05-21 21:00:00,12166,27.68,70.0,22.29,98.7,71.93,2025.0,5
2025-05-21 22:00:00,12167,27.62,70.0,22.52,94.75,70.79,2025.0,5
2025-05-22 05:00:00,12174,26.55,68.65,21.79,,53.7,2025.0,5
2025-05-22 08:00:00,12177,28.1,66.39,23.77,87.93,63.86,2025.0,5
2025-05-22 09:00:00,12178,28.45,65.5,25.28,83.27,68.87,2025.0,5
2025-05-22 10:00:00,12179,29.81,61.1,26.48,79.07,53.07,2025.0,5
2025-05-22 11:00:00,12180,28.76,62.37,25.53,80.17,29.57,2025.0,5
2025-05-22 12:00:00,12181,30.76,58.63,28.3,74.1,37.97,2025.0,5
2025-05-22 13:00:00,12182,33.1,52.1,30.72,67.03,33.23,2025.0,5
2025-05-22 14:00:00,12183,31.9,54.3,27.75,74.07,45.26,2025.0,5
2025-05-22 15:00:00,12184,30.72,58.21,26.84,77.5,49.46,2025.0,5
2025-05-22 16:00:00,12185,29.23,62.77,24.5,84.6,22.93,2025.0,5
2025-05-22 17:00:00,12186,26.95,70.57,22.03,93.63,14.63,2025.0,5
2025-05-22 18:00:00,12187,26.36,71.63,21.14,97.73,,2025.0,5
2025-05-22 19:00:00,12188,26.41,73.07,21.28,98.0,19.83,2025.0,5
2025-05-22 20:00:00,12189,26.78,71.17,21.21,98.83,34.0,2025.0,5
2025-05-22 21:00:00,12190,26.31,73.37,21.19,99.0,35.33,2025.0,5
2025-05-22 22:00:00,12191,26.41,72.7,21.2,99.0,31.13,2025.0,5
2025-05-22 23:00:00,12192,26.9,72.0,21.44,99.0,50.3,2025.0,5
2025-05-23 00:00:00,12193,26.81,72.23,21.46,99.0,47.73,2025.0,5
2025-05-23 01:00:00,12194,26.9,72.23,21.48,99.0,57.9,2025.0,5
2025-05-23 02:00:00,12195,26.67,72.93,21.42,99.0,54.53,2025.0,5
2025-05-23 03:00:00,12196,26.54,73.67,21.42,99.0,59.4,2025.0,5
2025-05-23 04:00:00,12197,26.59,73.57,21.38,99.0,56.33,2025.0,5
2025-05-23 05:00:00,12198,26.54,73.8,21.32,99.0,64.93,2025.0,5
2025-05-23 06:00:00,12199,26.62,73.43,21.7,99.23,57.2,2025.0,5
2025-05-23 07:00:00,12200,27.96,69.7,23.8,99.23,62.9,2025.0,5
2025-05-23 08:00:00,12201,30.12,62.47,28.21,77.87,57.53,2025.0,5
2025-05-23 09:00:00,12202,31.0,58.23,28.57,73.63,46.0,2025.0,5
2025-05-23 10:00:00,12203,33.19,51.6,31.82,64.1,41.5,2025.0,5
2025-05-23 11:00:00,12204,32.02,54.2,28.35,73.03,43.5,2025.0,5
2025-05-23 12:00:00,12205,27.0,71.9,21.97,97.17,45.17,2025.0,5
2025-05-23 13:00:00,12206,27.08,72.2,21.91,98.57,25.37,2025.0,5
2025-05-23 14:00:00,12207,26.22,74.43,21.41,99.0,,2025.0,5
2025-05-23 15:00:00,12208,26.2,73.6,21.19,99.0,19.3,2025.0,5
2025-05-23 16:00:00,12209,26.51,73.87,21.49,99.0,45.9,2025.0,5
2025-05-23 17:00:00,12210,26.54,73.83,21.38,99.0,44.27,2025.0,5
2025-05-23 18:00:00,12211,26.81,73.17,21.46,99.2,51.27,2025.0,5
2025-05-23 19:00:00,12212,26.92,72.67,21.46,99.73,59.1,2025.0,5
2025-05-23 20:00:00,12213,26.86,73.13,21.45,99.93,59.73,2025.0,5
2025-05-23 21:00:00,12214,26.47,74.1,21.45,100.0,49.5,2025.0,5
2025-05-23 22:00:00,12215,26.74,74.4,21.63,100.0,61.03,2025.0,5
2025-05-23 23:00:00,12216,26.39,74.13,21.34,100.0,56.77,2025.0,5
2025-05-24 00:00:00,12217,26.24,74.57,21.2,100.0,69.53,2025.0,5
2025-05-24 01:00:00,12218,26.15,74.67,21.04,100.0,63.97,2025.0,5
2025-05-24 02:00:00,12219,26.29,73.23,20.95,100.0,53.43,2025.0,5
2025-05-24 03:00:00,12220,26.17,74.17,21.09,100.0,56.17,2025.0,5
2025-05-24 04:00:00,12221,26.24,74.3,21.05,100.0,60.37,2025.0,5
2025-05-24 05:00:00,12222,26.32,74.33,21.11,100.0,59.07,2025.0,5
2025-05-24 06:00:00,12223,26.16,73.93,21.16,100.0,66.7,2025.0,5
2025-05-24 07:00:00,12224,27.38,70.43,23.59,100.0,62.23,2025.0,5
2025-05-24 08:00:00,12225,29.48,63.53,26.52,94.0,53.9,2025.0,5
2025-05-24 09:00:00,12226,29.83,61.73,26.06,82.83,50.7,2025.0,5
2025-05-24 10:00:00,12227,31.86,56.27,29.47,71.73,48.27,2025.0,5
2025-05-24 11:00:00,12228,31.4,57.07,28.61,73.5,56.57,2025.0,5
2025-05-24 12:00:00,12229,32.48,52.73,31.18,64.9,49.8,2025.0,5
2025-05-24 13:00:00,12230,32.04,53.77,28.94,70.7,32.67,2025.0,5
2025-05-24 14:00:00,12231,31.24,55.6,28.2,72.37,9.3,2025.0,5
2025-05-24 15:00:00,12232,31.04,54.8,27.48,73.0,,2025.0,5
2025-05-24 16:00:00,12233,30.9,59.23,26.29,80.6,23.13,2025.0,5
2025-05-24 17:00:00,12234,29.06,64.5,24.54,86.17,37.8,2025.0,5
2025-05-24 18:00:00,12235,27.63,70.17,22.31,95.6,43.97,2025.0,5
2025-05-24 19:00:00,12236,27.2,72.93,22.04,98.1,45.57,2025.0,5
2025-05-24 20:00:00,12237,27.51,73.83,22.47,99.0,49.2,2025.0,5
2025-05-24 21:00:00,12238,27.85,72.57,22.5,99.0,53.8,2025.0,5
2025-05-24 22:00:00,12239,27.5,73.33,22.33,99.0,52.33,2025.0,5
2025-05-24 23:00:00,12240,27.61,72.14,22.17,99.0,51.14,2025.0,5
2025-05-25 00:00:00,12241,27.69,71.1,22.04,99.0,46.27,2025.0,5
2025-05-25 01:00:00,12242,27.37,71.73,21.83,99.0,63.4,2025.0,5
2025-05-25 02:00:00,12243,26.94,72.53,21.62,99.0,67.7,2025.0,5
2025-05-25 03:00:00,12244,26.8,71.47,21.38,99.0,58.33,2025.0,5
2025-05-25 04:00:00,12245,26.95,72.4,21.56,99.0,76.03,2025.0,5
2025-05-25 05:00:00,12246,26.87,72.23,21.43,99.0,69.73,2025.0,5
2025-05-25 06:00:00,12247,26.91,72.57,21.72,99.0,70.6,2025.0,5
2025-05-25 07:00:00,12248,28.12,69.27,23.21,99.0,84.83,2025.0,5
2025-05-25 08:00:00,12249,28.92,65.93,24.85,98.1,83.0,2025.0,5
2025-05-25 09:00:00,12250,31.98,56.97,30.69,71.5,58.37,2025.0,5
2025-05-25 10:00:00,12251,32.47,54.77,31.01,67.63,60.3,2025.0,5
2025-05-25 11:00:00,12252,32.47,52.8,28.72,71.13,55.63,2025.0,5
2025-05-25 12:00:00,12253,31.52,54.3,28.46,71.07,25.73,2025.0,5
2025-05-25 13:00:00,12254,31.68,54.17,29.01,70.0,24.27,2025.0,5
2025-05-25 14:00:00,12255,31.83,55.03,29.69,69.63,35.2,2025.0,5
2025-05-25 15:00:00,12256,31.89,54.33,28.92,70.9,32.4,2025.0,5
2025-05-25 16:00:00,12257,30.57,58.3,27.04,76.5,35.63,2025.0,5
2025-05-25 17:00:00,12258,29.68,62.77,25.35,83.3,52.0,2025.0,5
2025-05-25 18:00:00,12259,28.8,64.23,24.48,84.77,50.23,2025.0,5
2025-05-25 19:00:00,12260,28.48,66.57,23.96,87.77,63.53,2025.0,5
2025-05-25 20:00:00,12261,28.21,68.47,23.5,90.53,72.4,2025.0,5
2025-05-25 21:00:00,12262,27.92,70.2,23.45,91.77,76.83,2025.0,5
2025-05-25 22:00:00,12263,28.14,67.4,23.66,88.7,64.23,2025.0,5
2025-05-25 23:00:00,12264,27.94,69.6,23.17,92.13,76.13,2025.0,5
2025-05-26 00:00:00,12265,27.86,70.23,23.05,93.0,63.93,2025.0,5
2025-05-26 01:00:00,12266,27.86,69.83,22.86,93.07,62.8,2025.0,5
2025-05-26 02:00:00,12267,27.71,69.63,22.89,92.43,61.87,2025.0,5
2025-05-26 03:00:00,12268,27.52,69.0,22.86,91.47,38.73,2025.0,5
2025-05-26 04:00:00,12269,27.57,68.6,22.9,90.67,34.63,2025.0,5
2025-05-26 05:00:00,12270,27.6,68.43,22.94,90.47,35.53,2025.0,5
2025-05-26 06:00:00,12271,27.88,67.93,23.4,89.17,37.9,2025.0,5
2025-05-26 07:00:00,12272,28.58,65.97,25.87,82.33,44.47,2025.0,5
2025-05-26 08:00:00,12273,31.08,57.77,31.07,66.73,38.67,2025.0,5
2025-05-26 09:00:00,12274,31.51,55.4,28.56,71.57,39.63,2025.0,5
2025-05-26 10:00:00,12275,30.11,59.7,26.68,77.5,41.23,2025.0,5
2025-05-26 11:00:00,12276,29.8,61.5,26.33,79.87,40.53,2025.0,5
2025-05-26 12:00:00,12277,29.46,62.77,24.91,96.37,39.5,2025.0,5
2025-05-26 13:00:00,12278,27.66,70.07,23.34,97.33,37.97,2025.0,5
2025-05-26 14:00:00,12279,27.48,71.23,23.58,93.83,40.37,2025.0,5
2025-05-26 15:00:00,12280,27.95,68.27,23.48,92.07,41.8,2025.0,5
2025-05-26 16:00:00,12281,28.04,68.41,23.59,91.28,45.41,2025.0,5
2025-05-26 17:00:00,12282,28.0,68.03,23.54,89.63,40.9,2025.0,5
2025-05-26 18:00:00,12283,27.91,68.43,23.46,89.93,42.57,2025.0,5
2025-05-26 19:00:00,12284,27.67,69.8,23.28,91.0,45.7,2025.0,5
2025-05-26 20:00:00,12285,27.82,67.43,23.42,88.67,48.47,2025.0,5
2025-05-26 21:00:00,12286,27.8,67.6,23.08,89.87,62.13,2025.0,5
2025-05-26 22:00:00,12287,27.21,68.67,22.51,90.97,51.57,2025.0,5
2025-05-26 23:00:00,12288,27.24,64.33,22.46,86.53,44.1,2025.0,5
2025-05-27 00:00:00,12289,27.2,65.3,22.62,87.07,62.57,2025.0,5
2025-05-27 01:00:00,12290,26.85,64.93,22.22,86.77,49.23,2025.0,5
2025-05-27 02:00:00,12291,26.93,62.97,22.48,84.2,29.93,2025.0,5
2025-05-27 03:00:00,12292,27.31,62.13,22.34,84.73,44.77,2025.0,5
2025-05-27 04:00:00,12293,27.38,60.0,22.9,81.17,31.2,2025.0,5
2025-05-27 05:00:00,12294,27.31,60.3,22.5,82.47,35.87,2025.0,5
2025-05-27 06:00:00,12295,27.18,61.3,23.03,81.67,40.5,2025.0,5
2025-05-27 07:00:00,12296,29.05,57.8,27.92,70.23,68.1,2025.0,5
2025-05-27 08:00:00,12297,30.81,51.5,30.55,62.0,18.7,2025.0,5
2025-05-27 09:00:00,12298,30.56,51.6,28.75,65.43,,2025.0,5
2025-05-27 10:00:00,12299,31.68,48.2,29.7,62.63,,2025.0,5
2025-05-27 11:00:00,12300,32.4,45.13,30.23,60.37,,2025.0,5
2025-05-27 12:00:00,12301,32.39,44.3,30.03,60.07,,2025.0,5
2025-05-27 13:00:00,12302,33.14,42.3,31.18,57.53,,2025.0,5
2025-05-27 14:00:00,12303,33.51,40.87,31.2,56.97,,2025.0,5
2025-05-27 15:00:00,12304,33.88,42.87,31.74,58.6,14.17,2025.0,5
2025-05-27 16:00:00,12305,33.0,47.33,29.9,64.33,19.07,2025.0,5
2025-05-27 17:00:00,12306,31.88,52.7,27.87,71.87,28.0,2025.0,5
2025-05-27 19:00:00,12308,30.0,59.74,25.46,80.85,38.56,2025.0,5
2025-05-27 20:00:00,12309,29.7,59.03,25.15,80.07,39.8,2025.0,5
2025-05-27 22:00:00,12311,28.85,62.86,24.07,84.93,64.17,2025.0,5
2025-05-27 23:00:00,12312,28.15,65.41,23.36,87.72,68.72,2025.0,5
2025-05-28 00:00:00,12313,27.9,66.8,22.92,89.47,,2025.0,5
2025-05-28 01:00:00,12314,27.37,66.4,22.5,88.83,67.9,2025.0,5
2025-05-28 02:00:00,12315,27.15,64.63,22.2,87.13,51.43,2025.0,5
2025-05-28 03:00:00,12316,26.96,63.4,21.74,86.7,56.17,2025.0,5
2025-05-28 04:00:00,12317,26.75,64.8,21.66,87.83,53.7,2025.0,5
2025-05-28 05:00:00,12318,26.23,66.23,21.0,89.97,56.1,2025.0,5
2025-05-28 06:00:00,12319,26.33,67.9,21.7,89.93,78.23,2025.0,5
2025-05-28 07:00:00,12320,28.12,61.27,26.31,75.2,69.53,2025.0,5
2025-05-28 08:00:00,12321,32.04,53.57,31.77,63.73,83.43,2025.0,5
2025-05-28 09:00:00,12322,33.12,51.17,32.99,61.5,79.6,2025.0,5
2025-05-28 10:00:00,12323,35.08,43.67,34.25,56.6,59.43,2025.0,5
2025-05-28 11:00:00,12324,35.8,42.07,34.41,56.3,59.33,2025.0,5
2025-05-28 12:00:00,12325,34.91,43.13,32.58,58.87,61.73,2025.0,5
2025-05-28 13:00:00,12326,34.52,41.38,32.12,57.42,33.5,2025.0,5
2025-05-28 14:00:00,12327,34.81,39.2,33.66,53.67,29.33,2025.0,5
2025-05-28 15:00:00,12328,34.48,41.03,32.63,56.5,30.57,2025.0,5
2025-05-28 16:00:00,12329,33.56,45.43,30.75,62.13,36.83,2025.0,5
2025-05-28 17:00:00,12330,32.03,51.73,27.84,71.17,44.23,2025.0,5
2025-05-28 18:00:00,12331,31.18,56.87,26.69,77.53,53.27,2025.0,5
2025-05-28 19:00:00,12332,30.47,60.67,25.97,81.47,59.63,2025.0,5
2025-05-28 20:00:00,12333,29.83,64.83,25.22,86.27,67.43,2025.0,5
2025-05-28 21:00:00,12334,28.54,64.5,24.12,85.2,52.83,2025.0,5
2025-05-28 22:00:00,12335,28.12,65.2,23.62,86.33,54.73,2025.0,5
2025-05-28 23:00:00,12336,27.97,67.97,23.42,89.23,52.7,2025.0,5
2025-05-29 00:00:00,12337,28.1,67.77,23.35,89.6,55.4,2025.0,5
2025-05-29 01:00:00,12338,27.99,68.53,23.25,90.47,61.23,2025.0,5
2025-05-29 02:00:00,12339,27.9,69.3,22.91,92.37,83.5,2025.0,5
2025-05-29 03:00:00,12340,27.66,70.23,22.75,93.0,,2025.0,5
2025-05-29 04:00:00,12341,27.72,70.53,22.64,93.77,,2025.0,5
2025-05-29 05:00:00,12342,27.63,71.13,22.64,94.37,,2025.0,5
2025-05-29 06:00:00,12343,27.81,70.93,22.98,93.6,,2025.0,5
2025-05-29 07:00:00,12344,28.58,68.33,24.4,88.7,,2025.0,5
2025-05-29 08:00:00,12345,30.09,63.27,27.54,79.0,81.1,2025.0,5
2025-05-29 09:00:00,12346,32.19,55.83,31.48,66.4,67.93,2025.0,5
2025-05-29 10:00:00,12347,34.96,47.67,34.41,58.8,62.4,2025.0,5
2025-05-29 11:00:00,12348,,42.37,35.48,55.17,61.93,2025.0,5
2025-05-29 12:00:00,12349,35.23,42.5,33.15,57.3,57.6,2025.0,5
2025-05-29 13:00:00,12350,34.34,45.3,32.28,59.7,53.13,2025.0,5
2025-05-29 14:00:00,12351,33.4,47.43,30.08,65.4,48.67,2025.0,5
2025-05-29 15:00:00,12352,31.87,55.17,27.9,76.07,51.67,2025.0,5
2025-05-29 16:00:00,12353,31.46,58.97,27.77,77.33,58.63,2025.0,5
2025-05-29 17:00:00,12354,27.36,67.4,23.31,86.9,45.97,2025.0,5
2025-05-29 18:00:00,12355,27.24,66.03,22.65,87.37,40.67,2025.0,5
2025-05-29 19:00:00,12356,27.97,62.27,23.35,83.37,41.57,2025.0,5
2025-05-29 20:00:00,12357,28.64,60.73,23.62,83.1,44.5,2025.0,5
2025-05-29 21:00:00,12358,28.32,63.8,23.32,86.57,64.87,2025.0,5
2025-05-29 22:00:00,12359,27.7,67.67,22.93,89.83,85.2,2025.0,5
2025-05-29 23:00:00,12360,27.59,68.4,22.76,90.63,87.93,2025.0,5
2025-05-30 00:00:00,12361,27.81,68.17,22.84,91.07,,2025.0,5
2025-05-30 01:00:00,12362,27.17,70.47,22.09,93.77,,2025.0,5
2025-05-30 02:00:00,12363,26.81,71.97,21.83,95.07,84.43,2025.0,5
2025-05-30 03:00:00,12364,26.69,72.4,21.58,96.0,87.7,2025.0,5
2025-05-30 04:00:00,12365,26.52,71.77,21.19,96.03,,2025.0,5
2025-05-30 05:00:00,12366,26.15,71.0,20.82,96.0,,2025.0,5
2025-05-30 06:00:00,12367,26.12,70.6,21.51,93.33,,2025.0,5
2025-05-30 07:00:00,12368,28.82,64.03,28.37,73.9,86.07,2025.0,5
2025-05-30 08:00:00,12369,31.59,54.97,31.37,64.07,59.8,2025.0,5
2025-05-30 09:00:00,12370,32.08,52.47,31.48,62.73,45.3,2025.0,5
2025-05-30 10:00:00,12371,34.59,45.1,34.17,55.23,37.37,2025.0,5
2025-05-30 11:00:00,12372,,40.2,35.92,51.1,39.07,2025.0,5
2025-05-30 12:00:00,12373,,41.33,34.41,54.77,51.43,2025.0,5
2025-05-30 13:00:00,12374,34.0,49.0,31.36,64.2,52.73,2025.0,5
2025-05-30 14:00:00,12375,32.86,52.1,28.62,72.13,44.67,2025.0,5
2025-05-30 15:00:00,12376,30.86,59.97,23.37,96.47,52.97,2025.0,5
2025-05-30 16:00:00,12377,30.96,60.4,24.29,95.07,67.0,2025.0,5
2025-05-30 17:00:00,12378,29.98,66.4,24.8,94.73,67.57,2025.0,5
2025-05-30 18:00:00,12379,28.26,70.47,23.81,92.27,63.77,2025.0,5
2025-05-30 19:00:00,12380,28.27,68.73,23.61,90.83,58.27,2025.0,5
2025-05-30 20:00:00,12381,28.59,67.07,23.57,90.23,57.63,2025.0,5
2025-05-30 21:00:00,12382,29.02,63.33,24.17,85.77,49.53,2025.0,5
2025-05-30 22:00:00,12383,28.84,67.03,23.97,89.87,69.63,2025.0,5
2025-05-30 23:00:00,12384,28.75,68.73,23.64,92.3,71.83,2025.0,5
2025-05-31 00:00:00,12385,28.49,69.93,23.4,93.87,79.53,2025.0,5
2025-05-31 01:00:00,12386,28.19,70.1,23.23,93.4,74.3,2025.0,5
2025-05-31 02:00:00,12387,28.09,68.5,22.87,92.63,86.63,2025.0,5
2025-05-31 03:00:00,12388,27.02,66.53,21.95,89.87,68.27,2025.0,5
2025-05-31 04:00:00,12389,26.5,68.43,21.48,91.8,73.7,2025.0,5
2025-05-31 05:00:00,12390,26.55,63.8,21.74,85.97,59.0,2025.0,5
2025-05-31 06:00:00,12391,26.64,62.9,22.06,84.53,62.1,2025.0,5
2025-05-31 07:00:00,12392,28.71,59.3,27.16,72.57,88.73,2025.0,5
2025-05-31 08:00:00,12393,31.4,55.23,31.81,63.87,,2025.0,5
2025-05-31 09:00:00,12394,33.27,50.7,32.77,61.73,,2025.0,5
2025-05-31 10:00:00,12395,34.26,44.57,33.1,57.97,63.3,2025.0,5
2025-05-31 11:00:00,12396,34.13,37.87,31.56,54.33,34.07,2025.0,5
2025-05-31 12:00:00,12397,34.21,39.33,32.02,55.23,38.93,2025.0,5
2025-05-31 13:00:00,12398,34.51,39.9,32.87,54.9,35.7,2025.0,5
2025-05-31 14:00:00,12399,34.56,42.13,32.39,57.73,37.1,2025.0,5
2025-05-31 15:00:00,12400,31.91,50.82,27.98,69.68,42.18,2025.0,5
2025-05-31 16:00:00,12401,29.41,60.18,25.32,79.79,45.46,2025.0,5
2025-05-31 17:00:00,12402,27.45,66.45,21.61,94.59,36.79,2025.0,5
2025-05-31 18:00:00,12403,25.91,71.77,20.65,98.0,26.13,2025.0,5
2025-05-31 19:00:00,12404,26.52,68.2,20.5,98.0,28.77,2025.0,5
2025-05-31 20:00:00,12405,27.0,68.33,21.19,98.0,54.3,2025.0,5
2025-05-31 21:00:00,12406,27.33,69.07,21.57,98.0,54.93,2025.0,5
2025-05-31 22:00:00,12407,27.32,68.43,21.58,98.0,41.7,2025.0,5
2025-05-31 23:00:00,12408,27.18,69.63,21.54,98.17,45.93,2025.0,5
2025-06-01 00:00:00,12409,26.91,70.93,21.4,98.97,54.1,2025.0,6
2025-06-01 01:00:00,12410,26.76,70.97,21.28,99.0,56.03,2025.0,6
2025-06-01 02:00:00,12411,26.58,71.43,21.12,99.0,57.2,2025.0,6
2025-06-01 03:00:00,12412,26.43,72.37,21.14,99.0,55.93,2025.0,6
2025-06-01 04:00:00,12413,26.51,71.23,21.0,99.0,64.17,2025.0,6
2025-06-01 05:00:00,12414,25.93,71.2,20.53,99.0,72.5,2025.0,6
2025-06-01 06:00:00,12415,26.11,70.43,21.07,99.0,67.0,2025.0,6
2025-06-01 07:00:00,12416,27.66,67.0,24.1,90.73,76.67,2025.0,6
2025-06-01 08:00:00,12417,28.62,63.17,24.62,83.27,106.03,2025.0,6
2025-06-01 09:00:00,12418,29.8,60.8,26.38,79.03,90.53,2025.0,6
2025-06-01 10:00:00,12419,31.43,51.1,29.19,65.37,49.3,2025.0,6
2025-06-01 11:00:00,12420,32.48,47.37,29.89,62.2,49.33,2025.0,6
2025-06-01 12:00:00,12421,32.59,46.23,29.74,61.7,47.2,2025.0,6
2025-06-01 13:00:00,12422,34.11,43.83,32.35,56.43,48.2,2025.0,6
2025-06-01 14:00:00,12423,32.07,49.0,28.38,66.83,46.9,2025.0,6
2025-06-01 15:00:00,12424,29.97,57.33,26.0,76.43,44.97,2025.0,6
2025-06-01 16:00:00,12425,28.37,62.27,24.43,81.33,49.0,2025.0,6
2025-06-01 17:00:00,12426,27.99,62.2,23.86,81.93,52.5,2025.0,6
2025-06-01 18:00:00,12427,27.94,64.73,23.47,85.7,65.0,2025.0,6
2025-06-01 19:00:00,12428,28.07,64.33,23.48,85.7,66.7,2025.0,6
2025-06-01 20:00:00,12429,28.25,63.33,23.51,84.97,72.43,2025.0,6
2025-06-01 21:00:00,12430,28.12,64.3,23.1,87.03,91.43,2025.0,6
2025-06-01 22:00:00,12431,27.92,65.6,22.75,88.8,95.4,2025.0,6
2025-06-01 23:00:00,12432,27.23,68.77,22.38,91.3,76.63,2025.0,6
2025-06-02 00:00:00,12433,26.7,69.77,22.14,91.27,76.23,2025.0,6
2025-06-02 01:00:00,12434,26.33,68.47,21.54,90.8,79.37,2025.0,6
2025-06-02 02:00:00,12435,26.26,66.33,21.28,89.1,81.77,2025.0,6
2025-06-02 03:00:00,12436,26.17,71.23,21.16,94.37,105.77,2025.0,6
2025-06-02 04:00:00,12437,25.72,72.5,20.63,96.0,98.63,2025.0,6
2025-06-02 05:00:00,12438,25.5,71.0,20.19,95.63,101.7,2025.0,6
2025-06-02 06:00:00,12439,25.68,68.73,21.02,91.27,91.17,2025.0,6
2025-06-02 07:00:00,12440,26.82,67.57,23.05,86.63,,2025.0,6
2025-06-02 08:00:00,12441,27.8,64.3,24.3,82.37,111.73,2025.0,6
2025-06-02 09:00:00,12442,30.44,57.07,29.08,69.5,92.93,2025.0,6
2025-06-02 10:00:00,12443,32.79,49.67,30.8,63.27,72.07,2025.0,6
2025-06-02 11:00:00,12444,33.8,45.83,32.32,58.47,48.27,2025.0,6
2025-06-02 12:00:00,12445,34.44,40.47,32.73,53.47,24.97,2025.0,6
2025-06-02 13:00:00,12446,36.9,34.8,37.19,45.4,19.27,2025.0,6
2025-06-02 14:00:00,12447,36.18,36.67,35.77,47.83,35.87,2025.0,6
2025-06-02 15:00:00,12448,33.6,45.8,30.94,60.43,52.17,2025.0,6
2025-06-02 16:00:00,12449,32.53,47.37,29.31,63.43,42.1,2025.0,6
2025-06-02 17:00:00,12450,31.11,54.23,26.88,73.43,44.4,2025.0,6
2025-06-02 18:00:00,12451,30.02,61.2,25.54,81.8,51.5,2025.0,6
2025-06-02 19:00:00,12452,29.14,64.83,24.69,85.57,55.67,2025.0,6
2025-06-02 20:00:00,12453,28.81,66.48,24.39,87.3,58.48,2025.0,6
2025-06-02 21:00:00,12454,28.58,68.1,23.99,89.62,69.21,2025.0,6
2025-06-02 22:00:00,12455,28.58,67.9,23.83,89.9,82.27,2025.0,6
2025-06-02 23:00:00,12456,28.38,67.57,23.33,90.7,90.23,2025.0,6
2025-06-03 01:00:00,12458,27.19,66.0,22.35,88.17,83.23,2025.0,6
2025-06-03 02:00:00,12459,27.0,61.43,22.04,83.7,58.03,2025.0,6
2025-06-03 03:00:00,12460,26.51,63.77,21.8,85.67,74.47,2025.0,6
2025-06-03 04:00:00,12461,26.63,63.47,21.67,85.83,69.1,2025.0,6
2025-06-03 05:00:00,12462,26.05,64.17,21.19,86.57,68.63,2025.0,6
2025-06-03 06:00:00,12463,26.07,65.57,21.35,87.6,84.07,2025.0,6
2025-06-03 07:00:00,12464,27.03,64.47,22.86,84.67,94.83,2025.0,6
2025-06-03 08:00:00,12465,28.4,62.83,24.83,81.03,112.03,2025.0,6
2025-06-03 09:00:00,12466,30.07,58.33,27.41,73.97,103.43,2025.0,6
2025-06-03 10:00:00,12467,32.45,51.4,29.66,66.9,100.4,2025.0,6
2025-06-03 11:00:00,12468,33.75,44.97,31.71,59.07,69.17,2025.0,6
2025-06-03 12:00:00,12469,34.37,43.53,32.7,57.33,74.9,2025.0,6
2025-06-03 13:00:00,12470,35.22,42.2,33.36,56.5,96.97,2025.0,6
2025-06-03 14:00:00,12471,34.11,43.03,30.2,61.1,74.3,2025.0,6
2025-06-03 15:00:00,12472,31.42,54.23,27.36,73.43,71.47,2025.0,6
2025-06-03 16:00:00,12473,30.64,57.8,26.77,76.6,69.63,2025.0,6
2025-06-03 17:00:00,12474,30.98,56.07,26.45,76.43,62.33,2025.0,6
2025-06-03 18:00:00,12475,30.3,60.17,25.62,81.38,71.86,2025.0,6
2025-06-03 19:00:00,12476,29.69,62.23,25.04,83.3,69.47,2025.0,6
2025-06-03 20:00:00,12477,29.21,61.6,24.18,84.03,60.47,2025.0,6
2025-06-03 21:00:00,12478,28.37,64.87,23.53,86.93,70.33,2025.0,6
2025-06-03 22:00:00,12479,27.86,65.4,22.91,87.8,72.73,2025.0,6
2025-06-03 23:00:00,12480,27.17,68.4,22.67,89.47,82.83,2025.0,6
2025-06-04 00:00:00,12481,27.05,69.13,22.18,91.53,91.43,2025.0,6
2025-06-04 01:00:00,12482,26.76,69.73,21.55,93.67,,2025.0,6
2025-06-04 02:00:00,12483,26.44,70.7,21.35,93.93,,2025.0,6
2025-06-04 03:00:00,12484,26.13,68.67,21.01,91.87,91.13,2025.0,6
2025-06-04 04:00:00,12485,25.74,69.8,20.46,94.13,98.13,2025.0,6
2025-06-04 05:00:00,12486,25.57,68.83,20.52,92.37,90.5,2025.0,6
2025-06-04 06:00:00,12487,25.49,69.43,20.99,91.17,102.33,2025.0,6
2025-06-04 07:00:00,12488,27.5,63.43,26.13,75.33,97.23,2025.0,6
2025-06-04 08:00:00,12489,30.77,53.07,30.5,62.3,69.53,2025.0,6
2025-06-04 09:00:00,12490,32.53,46.73,32.08,56.53,50.1,2025.0,6
2025-06-04 10:00:00,12491,33.84,43.27,32.89,54.53,41.8,2025.0,6
2025-06-04 11:00:00,12492,35.61,38.13,35.48,48.7,30.93,2025.0,6
2025-06-04 12:00:00,12493,36.29,37.47,34.57,50.27,36.1,2025.0,6
2025-06-04 13:00:00,12494,34.08,42.07,30.86,57.6,44.83,2025.0,6
2025-06-04 14:00:00,12495,32.45,48.77,28.46,67.2,60.5,2025.0,6
2025-06-04 15:00:00,12496,31.96,50.5,28.78,66.7,50.23,2025.0,6
2025-06-04 16:00:00,12497,32.1,47.63,28.83,64.0,42.0,2025.0,6
2025-06-04 17:00:00,12498,32.04,51.03,27.46,70.97,46.97,2025.0,6
2025-06-04 18:00:00,12499,31.0,54.7,26.33,75.5,45.13,2025.0,6
2025-06-04 19:00:00,12500,30.34,57.83,25.55,78.93,51.1,2025.0,6
2025-06-04 20:00:00,12501,29.62,60.3,25.0,81.2,57.73,2025.0,6
2025-06-04 21:00:00,12502,29.08,60.47,24.51,81.53,58.8,2025.0,6
2025-06-04 22:00:00,12503,28.56,67.2,23.77,88.9,89.5,2025.0,6
2025-06-04 23:00:00,12504,28.22,69.13,23.16,92.23,110.8,2025.0,6
2025-06-05 00:00:00,12505,27.91,69.63,22.89,92.73,101.87,2025.0,6
2025-06-05 01:00:00,12506,27.45,69.07,22.53,91.73,88.63,2025.0,6
2025-06-05 02:00:00,12507,27.36,68.6,22.28,91.83,94.03,2025.0,6
2025-06-05 03:00:00,12508,27.03,69.5,22.02,92.67,98.67,2025.0,6
2025-06-05 04:00:00,12509,26.97,68.87,22.24,90.9,73.5,2025.0,6
2025-06-05 05:00:00,12510,26.76,69.6,21.79,92.7,81.77,2025.0,6
2025-06-05 06:00:00,12511,27.05,68.44,22.52,89.89,82.63,2025.0,6
2025-06-05 07:00:00,12512,27.74,66.7,23.84,85.89,84.59,2025.0,6
2025-06-05 08:00:00,12513,28.82,63.37,26.02,79.33,105.63,2025.0,6
2025-06-05 09:00:00,12514,31.07,56.23,31.66,63.63,89.2,2025.0,6
2025-06-05 10:00:00,12515,34.75,43.77,33.95,55.5,49.0,2025.0,6
2025-06-05 11:00:00,12516,35.55,41.33,34.35,54.57,40.47,2025.0,6
2025-06-05 12:00:00,12517,35.45,41.87,33.2,56.73,40.57,2025.0,6
2025-06-05 13:00:00,12518,32.45,50.37,28.36,69.27,79.03,2025.0,6
2025-06-05 14:00:00,12519,30.28,57.0,26.22,76.1,66.73,2025.0,6
2025-06-05 15:00:00,12520,30.05,55.97,26.44,73.8,61.47,2025.0,6
2025-06-05 16:00:00,12521,30.52,54.54,26.51,73.46,64.73,2025.0,6
2025-06-05 17:00:00,12522,30.24,56.93,25.84,76.93,77.52,2025.0,6
2025-06-05 18:00:00,12523,29.88,60.23,25.21,81.27,96.77,2025.0,6
2025-06-05 19:00:00,12524,29.46,62.57,24.84,83.5,98.27,2025.0,6
2025-06-05 20:00:00,12525,29.39,64.27,24.61,85.97,98.03,2025.0,6
2025-06-05 21:00:00,12526,28.7,64.6,23.87,86.3,58.43,2025.0,6
2025-06-05 22:00:00,12527,28.49,65.63,23.66,87.5,55.67,2025.0,6
2025-06-05 23:00:00,12528,28.62,66.5,23.66,88.93,69.17,2025.0,6
2025-06-06 00:00:00,12529,28.03,68.47,22.82,92.53,73.43,2025.0,6
2025-06-06 01:00:00,12530,27.41,66.97,21.64,96.37,49.97,2025.0,6
2025-06-06 02:00:00,12531,27.54,66.0,21.68,96.57,49.07,2025.0,6
2025-06-06 03:00:00,12532,27.09,68.5,21.77,94.9,58.23,2025.0,6
2025-06-06 04:00:00,12533,26.71,71.17,21.55,95.13,73.8,2025.0,6
2025-06-06 05:00:00,12534,26.58,70.37,21.27,94.93,66.33,2025.0,6
2025-06-06 06:00:00,12535,26.29,69.47,21.78,91.33,57.43,2025.0,6
2025-06-06 07:00:00,12536,27.94,65.97,26.9,77.5,65.63,2025.0,6
2025-06-06 08:00:00,12537,30.52,58.33,31.55,64.3,61.53,2025.0,6
2025-06-06 09:00:00,12538,31.26,52.77,32.48,58.6,44.9,2025.0,6
2025-06-06 10:00:00,12539,33.98,45.03,34.55,52.9,35.43,2025.0,6
2025-06-06 11:00:00,12540,35.91,40.23,35.66,50.33,32.4,2025.0,6
2025-06-06 12:00:00,12541,,36.73,36.23,48.67,33.83,2025.0,6
2025-06-06 13:00:00,12542,33.17,48.07,28.93,66.67,50.4,2025.0,6
2025-06-06 14:00:00,12543,27.55,67.07,21.79,95.7,47.07,2025.0,6
2025-06-06 15:00:00,12544,28.98,60.8,22.53,96.37,39.83,2025.0,6
2025-06-06 16:00:00,12545,30.01,59.2,23.57,95.53,51.7,2025.0,6
2025-06-06 17:00:00,12546,28.22,60.5,22.59,94.77,41.9,2025.0,6
2025-06-06 18:00:00,12547,27.17,66.3,22.26,89.97,44.93,2025.0,6
2025-06-06 19:00:00,12548,25.09,72.77,20.07,97.87,31.23,2025.0,6
2025-06-06 20:00:00,12549,25.15,73.87,20.25,98.57,36.33,2025.0,6
2025-06-06 21:00:00,12550,25.46,74.1,20.42,99.0,40.33,2025.0,6
2025-06-06 22:00:00,12551,26.03,72.97,20.7,99.0,45.27,2025.0,6
2025-06-06 23:00:00,12552,26.14,71.83,20.62,99.0,40.23,2025.0,6
2025-06-07 00:00:00,12553,26.09,72.67,20.63,99.0,46.67,2025.0,6
2025-06-07 01:00:00,12554,26.14,72.33,20.65,99.0,46.57,2025.0,6
2025-06-07 02:00:00,12555,26.09,72.63,20.71,99.0,48.4,2025.0,6
2025-06-07 03:00:00,12556,26.11,72.0,20.59,99.0,43.83,2025.0,6
2025-06-07 04:00:00,12557,25.87,73.17,20.52,99.0,48.73,2025.0,6
2025-06-07 05:00:00,12558,25.81,73.4,20.5,99.0,57.5,2025.0,6
2025-06-07 06:00:00,12559,25.16,73.52,20.15,99.0,49.17,2025.0,6
2025-06-07 07:00:00,12560,26.73,67.33,21.61,98.73,39.87,2025.0,6
2025-06-07 08:00:00,12561,28.27,62.9,23.53,96.5,45.73,2025.0,6
2025-06-07 09:00:00,12562,31.29,53.17,31.03,71.73,42.07,2025.0,6
2025-06-07 10:00:00,12563,33.69,46.1,34.08,53.63,38.57,2025.0,6
2025-06-07 11:00:00,12564,35.1,38.6,34.56,47.47,20.57,2025.0,6
2025-06-07 12:00:00,12565,36.81,34.57,36.24,42.9,20.83,2025.0,6
2025-06-07 13:00:00,12566,35.05,41.87,31.99,56.63,39.13,2025.0,6
2025-06-07 14:00:00,12567,34.67,43.47,32.02,57.5,39.43,2025.0,6
2025-06-07 15:00:00,12568,30.67,54.43,25.44,78.4,36.83,2025.0,6
2025-06-07 16:00:00,12569,27.73,65.57,21.95,96.07,39.07,2025.0,6
2025-06-07 17:00:00,12570,27.82,67.87,22.33,97.07,43.87,2025.0,6
2025-06-07 18:00:00,12571,27.5,69.97,21.79,98.03,49.1,2025.0,6
2025-06-07 19:00:00,12572,27.4,69.83,21.75,98.0,55.3,2025.0,6
2025-06-07 20:00:00,12573,27.55,69.03,21.73,98.0,48.57,2025.0,6
2025-06-07 21:00:00,12574,27.78,68.21,21.92,98.0,59.0,2025.0,6
2025-06-07 22:00:00,12575,27.6,64.9,21.65,97.7,42.03,2025.0,6
2025-06-07 23:00:00,12576,26.99,61.4,21.5,93.43,22.9,2025.0,6
2025-06-08 00:00:00,12577,26.58,61.63,22.21,83.27,15.0,2025.0,6
2025-06-08 01:00:00,12578,26.27,61.63,21.88,82.93,9.23,2025.0,6
2025-06-08 02:00:00,12579,26.3,63.47,21.27,86.8,26.63,2025.0,6
2025-06-08 03:00:00,12580,25.8,69.2,20.79,92.93,54.53,2025.0,6
2025-06-08 04:00:00,12581,25.43,67.17,20.18,91.47,39.8,2025.0,6
2025-06-08 05:00:00,12582,24.73,67.57,19.48,91.97,42.53,2025.0,6
2025-06-08 06:00:00,12583,24.46,69.83,19.7,93.13,57.83,2025.0,6
2025-06-08 07:00:00,12584,26.8,64.1,26.5,73.9,63.87,2025.0,6
2025-06-08 08:00:00,12585,29.88,53.5,32.33,56.27,43.6,2025.0,6
2025-06-08 09:00:00,12586,32.22,47.47,34.49,51.0,42.5,2025.0,6
2025-06-08 10:00:00,12587,33.7,41.97,34.44,48.87,27.87,2025.0,6
2025-06-08 11:00:00,12588,35.13,38.7,35.09,47.17,19.67,2025.0,6
2025-06-08 12:00:00,12589,35.85,36.17,35.72,45.03,9.57,2025.0,6
2025-06-08 13:00:00,12590,36.72,33.5,36.12,43.27,5.17,2025.0,6
2025-06-08 14:00:00,12591,35.69,38.0,33.37,50.93,21.77,2025.0,6
2025-06-08 15:00:00,12592,33.8,44.13,31.26,57.67,35.17,2025.0,6
2025-06-08 16:00:00,12593,33.46,44.47,30.67,59.0,35.2,2025.0,6
2025-06-08 17:00:00,12594,32.8,48.12,28.34,67.15,28.69,2025.0,6
2025-06-08 18:00:00,12595,31.29,51.65,26.26,72.73,39.19,2025.0,6
2025-06-08 19:00:00,12596,29.98,54.5,25.01,76.03,54.77,2025.0,6
2025-06-08 20:00:00,12597,29.29,58.1,24.48,79.43,47.0,2025.0,6
2025-06-08 21:00:00,12598,28.04,61.63,23.5,82.27,43.73,2025.0,6
2025-06-08 22:00:00,12599,27.98,60.9,23.17,82.27,45.83,2025.0,6
2025-06-08 23:00:00,12600,27.89,61.37,22.84,83.73,53.07,2025.0,6
2025-06-09 00:00:00,12601,27.39,64.46,22.22,87.81,74.38,2025.0,6
2025-06-09 01:00:00,12602,26.82,66.07,21.61,89.5,74.8,2025.0,6
2025-06-09 02:00:00,12603,26.44,66.57,21.23,90.23,78.93,2025.0,6
2025-06-09 03:00:00,12604,26.09,66.9,20.88,90.6,68.47,2025.0,6
2025-06-09 04:00:00,12605,25.51,66.83,20.46,90.0,59.87,2025.0,6
2025-06-09 05:00:00,12606,25.27,68.93,20.3,92.1,68.4,2025.0,6
2025-06-09 06:00:00,12607,25.34,69.93,20.68,92.23,87.17,2025.0,6
2025-06-09 07:00:00,12608,26.9,66.2,24.77,80.5,,2025.0,6
2025-06-09 08:00:00,12609,28.26,62.03,25.91,76.37,,2025.0,6
2025-06-09 09:00:00,12610,29.46,56.9,27.74,69.87,63.53,2025.0,6
2025-06-09 10:00:00,12611,30.23,55.0,28.59,67.47,46.4,2025.0,6
2025-06-09 11:00:00,12612,30.92,52.53,29.35,65.0,30.07,2025.0,6
2025-06-09 12:00:00,12613,33.27,46.33,32.68,56.97,20.6,2025.0,6
2025-06-09 13:00:00,12614,34.18,43.37,33.18,55.1,21.77,2025.0,6
2025-06-09 14:00:00,12615,33.82,43.03,32.11,55.87,26.37,2025.0,6
2025-06-09 15:00:00,12616,33.23,45.87,30.64,60.8,31.23,2025.0,6
2025-06-09 16:00:00,12617,32.02,50.67,28.02,68.9,37.6,2025.0,6
2025-06-09 18:00:00,12619,29.47,61.13,24.94,81.7,53.2,2025.0,6
2025-06-09 19:00:00,12620,29.43,62.07,24.59,83.6,59.57,2025.0,6
2025-06-09 20:00:00,12621,28.69,65.57,24.17,86.5,62.9,2025.0,6
2025-06-09 21:00:00,12622,28.47,67.6,23.92,88.57,65.63,2025.0,6
2025-06-09 22:00:00,12623,28.59,68.07,23.73,90.3,67.07,2025.0,6
2025-06-09 23:00:00,12624,27.9,69.7,23.06,92.53,91.07,2025.0,6
2025-06-10 00:00:00,12625,28.19,66.23,22.99,89.3,106.47,2025.0,6
2025-06-10 01:00:00,12626,27.64,65.33,22.33,88.93,79.53,2025.0,6
2025-06-10 02:00:00,12627,26.93,66.1,21.74,89.47,78.6,2025.0,6
2025-06-10 03:00:00,12628,26.53,67.6,21.32,91.17,83.57,2025.0,6
2025-06-10 04:00:00,12629,26.45,66.43,21.4,89.43,64.13,2025.0,6
2025-06-10 05:00:00,12630,26.46,67.83,21.46,90.83,70.33,2025.0,6
2025-06-10 06:00:00,12631,26.82,65.87,22.15,87.57,63.57,2025.0,6
2025-06-10 07:00:00,12632,27.7,64.7,24.37,82.23,97.7,2025.0,6
2025-06-10 08:00:00,12633,31.11,54.97,31.34,63.53,67.13,2025.0,6
2025-06-10 09:00:00,12634,32.7,49.03,33.5,56.27,45.23,2025.0,6
2025-06-10 10:00:00,12635,33.28,46.3,33.34,55.43,25.57,2025.0,6
2025-06-10 11:00:00,12636,33.79,45.63,31.82,58.87,23.8,2025.0,6
2025-06-10 12:00:00,12637,33.31,47.0,31.21,60.6,18.43,2025.0,6
2025-06-10 13:00:00,12638,34.54,45.23,33.0,57.83,20.8,2025.0,6
2025-06-10 14:00:00,12639,33.88,46.6,30.4,63.63,20.8,2025.0,6
2025-06-10 15:00:00,12640,29.23,61.47,25.15,80.87,61.93,2025.0,6
2025-06-10 16:00:00,12641,29.44,61.2,25.28,80.33,68.63,2025.0,6
2025-06-10 17:00:00,12642,28.84,63.17,24.52,83.1,68.77,2025.0,6
2025-06-10 18:00:00,12643,28.72,63.5,24.27,84.13,73.67,2025.0,6
2025-06-10 19:00:00,12644,28.28,65.53,23.52,87.6,71.13,2025.0,6
2025-06-10 21:00:00,12646,27.57,68.7,22.89,90.3,63.53,2025.0,6
2025-06-10 22:00:00,12647,27.38,69.87,22.72,91.6,60.77,2025.0,6
2025-06-10 23:00:00,12648,27.34,70.5,22.62,92.57,68.47,2025.0,6
2025-06-11 00:00:00,12649,27.43,70.43,22.73,92.23,66.6,2025.0,6
2025-06-11 01:00:00,12650,27.36,70.23,22.54,92.6,57.3,2025.0,6
2025-06-11 02:00:00,12651,27.05,71.1,22.35,93.13,49.67,2025.0,6
2025-06-11 03:00:00,12652,27.24,70.77,22.39,93.1,55.53,2025.0,6
2025-06-11 04:00:00,12653,27.1,70.3,22.33,92.4,47.57,2025.0,6
2025-06-11 05:00:00,12654,27.17,69.6,22.16,92.67,58.17,2025.0,6
2025-06-11 06:00:00,12655,26.94,69.67,22.31,91.53,62.27,2025.0,6
2025-06-11 07:00:00,12656,28.03,68.6,24.74,85.97,85.67,2025.0,6
2025-06-11 08:00:00,12657,29.59,64.0,26.36,81.0,90.43,2025.0,6
2025-06-11 09:00:00,12658,31.77,56.2,31.06,66.63,68.53,2025.0,6
2025-06-11 10:00:00,12659,33.23,52.3,31.52,64.87,75.27,2025.0,6
2025-06-11 11:00:00,12660,33.51,50.7,31.9,63.53,60.03,2025.0,6
2025-06-11 12:00:00,12661,32.05,52.37,28.6,69.57,43.23,2025.0,6
2025-06-11 13:00:00,12662,29.43,60.6,25.5,79.33,45.3,2025.0,6
2025-06-11 14:00:00,12663,30.23,58.33,26.84,75.53,51.23,2025.0,6
2025-06-11 15:00:00,12664,31.93,54.3,29.75,68.13,45.73,2025.0,6
2025-06-11 16:00:00,12665,30.42,52.57,26.55,70.67,25.57,2025.0,6
2025-06-11 17:00:00,12666,29.21,53.43,25.31,71.8,20.3,2025.0,6
2025-06-11 18:00:00,12667,28.45,56.6,24.44,75.4,24.63,2025.0,6
2025-06-11 19:00:00,12668,27.99,60.43,23.87,79.8,31.97,2025.0,6
2025-06-11 20:00:00,12669,28.02,64.37,23.46,85.27,44.4,2025.0,6
2025-06-11 21:00:00,12670,27.58,66.9,23.05,87.6,50.87,2025.0,6
2025-06-11 22:00:00,12671,27.28,68.27,22.66,89.2,57.4,2025.0,6
2025-06-11 23:00:00,12672,27.08,68.03,22.49,89.1,50.43,2025.0,6
2025-06-12 00:00:00,12673,27.0,68.0,21.91,90.87,55.5,2025.0,6
2025-06-12 01:00:00,12674,26.32,68.9,21.37,91.5,73.63,2025.0,6
2025-06-12 02:00:00,12675,26.08,68.03,21.14,90.63,67.1,2025.0,6
2025-06-12 03:00:00,12676,25.55,70.13,20.79,92.4,64.8,2025.0,6
2025-06-12 04:00:00,12677,25.81,68.57,20.8,91.47,66.9,2025.0,6
2025-06-12 05:00:00,12678,25.72,68.28,20.49,92.1,62.45,2025.0,6
2025-06-12 06:00:00,12679,25.75,70.53,21.16,92.73,86.67,2025.0,6
2025-06-12 07:00:00,12680,28.12,65.3,27.56,75.27,99.1,2025.0,6
2025-06-12 08:00:00,12681,30.71,57.17,30.97,64.87,67.0,2025.0,6
2025-06-12 09:00:00,12682,31.5,54.83,31.09,64.37,53.67,2025.0,6
2025-06-12 10:00:00,12683,31.95,51.67,30.42,63.83,36.07,2025.0,6
2025-06-12 11:00:00,12684,33.06,48.33,31.76,60.17,34.5,2025.0,6
2025-06-12 12:00:00,12685,33.69,46.43,32.14,58.9,37.53,2025.0,6
2025-06-12 13:00:00,12686,33.88,45.2,32.02,58.17,37.0,2025.0,6
2025-06-12 14:00:00,12687,33.02,48.04,30.78,62.21,39.04,2025.0,6
2025-06-12 15:00:00,12688,32.99,50.1,30.43,65.07,41.47,2025.0,6
2025-06-12 16:00:00,12689,31.8,53.93,27.65,72.8,47.17,2025.0,6
2025-06-12 17:00:00,12690,31.45,55.93,26.59,77.17,51.83,2025.0,6
2025-06-12 18:00:00,12691,29.55,64.3,24.88,85.6,61.53,2025.0,6
2025-06-12 19:00:00,12692,29.4,64.57,24.65,85.67,62.1,2025.0,6
2025-06-12 20:00:00,12693,29.45,62.33,24.53,84.1,64.9,2025.0,6
2025-06-12 21:00:00,12694,29.16,64.67,24.21,86.77,73.9,2025.0,6
2025-06-12 22:00:00,12695,28.76,65.2,23.75,87.73,70.1,2025.0,6
2025-06-12 23:00:00,12696,28.46,65.47,23.32,88.37,68.6,2025.0,6
2025-06-13 00:00:00,12697,27.71,68.13,22.72,90.7,76.7,2025.0,6
2025-06-13 01:00:00,12698,27.23,69.17,22.49,91.14,70.31,2025.0,6
2025-06-13 02:00:00,12699,27.09,69.23,21.89,92.63,84.27,2025.0,6
2025-06-13 03:00:00,12700,26.36,70.0,21.54,92.4,78.47,2025.0,6
2025-06-13 04:00:00,12701,26.36,69.97,21.55,91.97,65.97,2025.0,6
2025-06-13 05:00:00,12702,26.39,70.3,21.17,93.83,83.1,2025.0,6
2025-06-13 06:00:00,12703,25.9,70.8,21.27,92.8,88.63,2025.0,6
2025-06-13 07:00:00,12704,27.75,65.43,26.07,78.4,92.27,2025.0,6
2025-06-13 10:00:00,12707,31.82,50.2,30.44,62.17,37.5,2025.0,6
2025-06-13 11:00:00,12708,34.03,42.47,33.73,52.97,30.57,2025.0,6
2025-06-13 12:00:00,12709,35.06,39.33,33.64,52.0,30.63,2025.0,6
2025-06-13 13:00:00,12710,34.83,37.7,33.04,51.0,29.3,2025.0,6
2025-06-13 14:00:00,12711,33.79,41.97,31.81,55.2,34.67,2025.0,6
2025-06-13 15:00:00,12712,33.03,44.3,30.14,59.5,31.23,2025.0,6
2025-06-13 16:00:00,12713,31.86,48.27,28.07,65.7,30.8,2025.0,6
2025-06-13 17:00:00,12714,30.83,52.4,26.73,70.97,37.57,2025.0,6
2025-06-13 18:00:00,12715,30.0,55.17,25.71,74.6,43.0,2025.0,6
2025-06-13 19:00:00,12716,29.29,58.03,24.93,77.87,47.93,2025.0,6
2025-06-13 20:00:00,12717,28.8,61.23,24.1,82.43,53.6,2025.0,6
2025-06-13 21:00:00,12718,28.2,62.47,23.52,83.83,50.57,2025.0,6
2025-06-13 22:00:00,12719,27.82,62.37,23.25,83.0,48.57,2025.0,6
2025-06-13 23:00:00,12720,27.99,61.87,23.02,83.83,56.4,2025.0,6
2025-06-14 00:00:00,12721,27.3,62.7,22.76,83.6,46.3,2025.0,6
2025-06-14 01:00:00,12722,27.31,63.1,22.21,85.77,66.37,2025.0,6
2025-06-14 02:00:00,12723,26.77,65.6,21.84,87.83,77.77,2025.0,6
2025-06-14 03:00:00,12724,26.62,66.37,21.52,89.17,88.7,2025.0,6
2025-06-14 04:00:00,12725,26.09,67.17,20.88,90.7,88.67,2025.0,6
2025-06-14 05:00:00,12726,26.1,67.37,20.82,91.1,84.23,2025.0,6
2025-06-14 06:00:00,12727,25.84,68.3,21.3,89.83,104.1,2025.0,6
2025-06-14 07:00:00,12728,27.79,63.03,28.11,71.0,112.37,2025.0,6
2025-06-14 08:00:00,12729,30.69,55.4,32.15,60.6,68.9,2025.0,6
2025-06-14 09:00:00,12730,32.03,52.17,33.0,58.83,41.79,2025.0,6
2025-06-14 10:00:00,12731,32.69,48.93,32.13,59.1,25.53,2025.0,6
2025-06-14 11:00:00,12732,33.35,46.9,32.02,58.93,24.73,2025.0,6
2025-06-14 12:00:00,12733,34.45,45.53,33.16,57.5,26.83,2025.0,6
2025-06-14 13:00:00,12734,32.52,50.13,28.64,68.13,29.09,2025.0,6
2025-06-14 14:00:00,12735,28.99,61.86,25.0,80.69,40.0,2025.0,6
2025-06-14 15:00:00,12736,28.7,65.23,24.56,84.67,39.87,2025.0,6
2025-06-14 16:00:00,12737,28.35,68.07,24.11,87.97,48.17,2025.0,6
2025-06-14 17:00:00,12738,26.91,69.53,21.77,93.9,23.47,2025.0,6
2025-06-14 18:00:00,12739,26.63,69.13,21.39,96.33,20.47,2025.0,6
2025-06-14 19:00:00,12740,27.07,68.53,21.94,96.13,28.73,2025.0,6
2025-06-14 20:00:00,12741,27.24,67.17,22.72,88.7,35.33,2025.0,6
2025-06-14 21:00:00,12742,27.49,66.23,22.52,88.73,47.9,2025.0,6
2025-06-14 22:00:00,12743,27.22,67.5,22.23,90.37,52.27,2025.0,6
2025-06-14 23:00:00,12744,26.87,69.33,22.19,91.17,55.93,2025.0,6
2025-06-15 00:00:00,12745,27.01,67.2,22.07,89.37,57.33,2025.0,6
2025-06-15 01:00:00,12746,26.84,66.6,21.64,90.2,64.0,2025.0,6
2025-06-15 02:00:00,12747,26.7,67.7,21.5,91.1,59.7,2025.0,6
2025-06-15 03:00:00,12748,26.46,68.52,21.16,92.61,62.43,2025.0,6
2025-06-15 04:00:00,12749,26.43,68.0,21.39,91.07,55.7,2025.0,6
2025-06-15 06:00:00,12751,26.99,66.38,22.2,88.38,65.83,2025.0,6
2025-06-15 07:00:00,12752,27.65,65.33,23.98,84.07,80.47,2025.0,6
2025-06-15 08:00:00,12753,28.76,62.17,25.21,80.07,49.83,2025.0,6
2025-06-15 09:00:00,12754,29.4,59.93,26.48,76.17,43.07,2025.0,6
2025-06-15 10:00:00,12755,29.99,58.86,27.11,75.04,38.82,2025.0,6
2025-06-15 11:00:00,12756,32.19,52.1,31.85,62.53,23.6,2025.0,6
2025-06-15 12:00:00,12757,33.65,47.61,32.51,60.04,20.18,2025.0,6
2025-06-15 13:00:00,12758,33.47,47.17,31.16,61.86,20.72,2025.0,6
2025-06-15 14:00:00,12759,31.8,49.64,28.61,66.08,21.32,2025.0,6
2025-06-15 15:00:00,12760,31.65,51.39,28.05,69.11,24.07,2025.0,6
2025-06-15 16:00:00,12761,30.54,57.0,26.72,75.3,29.27,2025.0,6
2025-06-15 17:00:00,12762,29.72,59.8,25.5,79.17,34.7,2025.0,6
2025-06-15 18:00:00,12763,29.52,60.2,24.95,80.7,37.83,2025.0,6
2025-06-15 19:00:00,12764,29.31,62.27,24.39,84.07,49.4,2025.0,6
2025-06-15 20:00:00,12765,28.99,64.3,24.06,86.3,73.6,2025.0,6
2025-06-15 21:00:00,12766,28.51,65.8,23.34,88.73,77.6,2025.0,6
2025-06-15 22:00:00,12767,27.91,68.07,22.84,91.13,75.4,2025.0,6
2025-06-15 23:00:00,12768,27.56,68.7,22.38,92.13,91.37,2025.0,6
2025-06-16 00:00:00,12769,27.25,69.13,22.14,92.37,98.13,2025.0,6
2025-06-16 01:00:00,12770,26.73,69.8,21.43,93.73,108.93,2025.0,6
2025-06-16 02:00:00,12771,26.32,70.43,21.09,94.17,96.97,2025.0,6
2025-06-16 03:00:00,12772,26.13,70.73,20.98,94.13,108.8,2025.0,6
2025-06-16 04:00:00,12773,25.75,70.47,20.76,93.53,74.53,2025.0,6
2025-06-16 05:00:00,12774,25.55,70.67,20.52,93.93,76.97,2025.0,6
2025-06-16 06:00:00,12775,25.47,71.0,20.88,93.1,86.4,2025.0,6
2025-06-16 07:00:00,12776,27.42,66.2,27.17,75.17,100.23,2025.0,6
2025-06-16 08:00:00,12777,31.11,55.33,31.83,61.8,75.7,2025.0,6
2025-06-16 09:00:00,12778,32.36,51.83,33.04,59.07,56.43,2025.0,6
2025-06-16 10:00:00,12779,34.58,45.2,35.0,53.4,36.63,2025.0,6
2025-06-16 11:00:00,12780,35.56,42.3,35.04,52.63,28.93,2025.0,6
2025-06-16 12:00:00,12781,35.78,39.73,34.29,51.8,15.73,2025.0,6
2025-06-16 13:00:00,12782,34.86,45.13,31.49,61.3,35.0,2025.0,6
2025-06-16 14:00:00,12783,31.1,56.17,26.37,79.33,37.17,2025.0,6
2025-06-16 15:00:00,12784,30.69,58.33,24.61,93.57,32.83,2025.0,6
2025-06-16 16:00:00,12785,32.55,53.77,27.68,82.33,37.9,2025.0,6
2025-06-16 17:00:00,12786,29.32,62.87,25.21,82.73,35.1,2025.0,6
2025-06-16 18:00:00,12787,28.61,62.37,24.71,81.4,32.03,2025.0,6
2025-06-16 19:00:00,12788,27.62,68.07,23.49,87.9,39.53,2025.0,6
2025-06-16 20:00:00,12789,26.21,72.47,21.76,93.47,43.87,2025.0,6
2025-06-16 21:00:00,12790,25.56,75.13,21.18,95.93,40.57,2025.0,6
2025-06-16 22:00:00,12791,25.91,74.34,21.21,96.79,41.83,2025.0,6
2025-06-16 23:00:00,12792,26.11,73.93,21.27,96.8,52.5,2025.0,6
2025-06-17 00:00:00,12793,26.48,72.3,21.55,95.17,53.8,2025.0,6
2025-06-17 01:00:00,12794,26.63,72.5,21.58,96.0,51.73,2025.0,6
2025-06-17 02:00:00,12795,26.72,71.3,21.54,95.13,53.17,2025.0,6
2025-06-17 03:00:00,12796,26.61,72.2,21.35,96.47,57.37,2025.0,6
2025-06-17 04:00:00,12797,26.11,74.13,21.04,97.67,75.33,2025.0,6
2025-06-17 05:00:00,12798,26.13,73.39,20.98,97.82,58.07,2025.0,6
2025-06-17 06:00:00,12799,26.43,72.0,21.35,96.27,60.53,2025.0,6
2025-06-17 07:00:00,12800,27.33,71.23,23.86,90.07,92.07,2025.0,6
2025-06-17 08:00:00,12801,30.28,61.33,30.35,69.13,72.23,2025.0,6
2025-06-17 09:00:00,12802,32.16,55.7,32.65,63.3,65.47,2025.0,6
2025-06-17 10:00:00,12803,34.55,48.63,35.29,55.5,57.7,2025.0,6
2025-06-17 11:00:00,12804,34.13,46.6,32.54,58.7,51.73,2025.0,6
2025-06-17 12:00:00,12805,33.1,48.67,29.01,66.7,56.47,2025.0,6
2025-06-17 13:00:00,12806,31.54,51.37,27.44,69.89,40.96,2025.0,6
2025-06-17 14:00:00,12807,31.74,52.37,28.07,69.73,37.9,2025.0,6
2025-06-17 15:00:00,12808,31.09,54.67,26.85,73.93,38.73,2025.0,6
2025-06-17 16:00:00,12809,29.35,63.59,24.97,83.86,45.69,2025.0,6
2025-06-17 17:00:00,12810,28.66,68.53,24.0,90.07,57.4,2025.0,6
2025-06-17 18:00:00,12811,27.94,70.47,22.77,95.03,55.2,2025.0,6
2025-06-17 19:00:00,12812,27.64,70.13,22.4,95.0,50.1,2025.0,6
2025-06-17 20:00:00,12813,26.99,72.93,21.74,97.7,52.33,2025.0,6
2025-06-17 21:00:00,12814,26.49,74.57,21.6,98.0,49.83,2025.0,6
2025-06-17 22:00:00,12815,26.58,74.07,21.46,98.79,52.21,2025.0,6
2025-06-17 23:00:00,12816,26.31,73.83,21.11,99.0,36.83,2025.0,6
2025-06-18 00:00:00,12817,25.17,74.44,20.21,99.0,6.93,2025.0,6
2025-06-18 01:00:00,12818,25.73,72.1,20.11,99.0,12.07,2025.0,6
2025-06-18 02:00:00,12819,25.9,71.63,20.29,99.0,18.67,2025.0,6
2025-06-18 03:00:00,12820,26.08,72.0,20.4,99.0,24.3,2025.0,6
2025-06-18 04:00:00,12821,25.96,72.97,20.51,99.0,42.0,2025.0,6
2025-06-18 05:00:00,12822,25.9,72.9,20.47,99.0,35.77,2025.0,6
2025-06-18 06:00:00,12823,26.07,72.8,20.82,99.0,40.93,2025.0,6
2025-06-18 07:00:00,12824,27.38,69.1,22.95,99.5,42.67,2025.0,6
2025-06-18 08:00:00,12825,29.18,63.03,24.94,96.7,45.3,2025.0,6
2025-06-18 09:00:00,12826,30.92,55.57,30.83,69.67,35.0,2025.0,6
2025-06-18 10:00:00,12827,31.78,52.97,30.96,63.4,33.83,2025.0,6
2025-06-18 11:00:00,12828,32.85,48.27,31.94,59.07,21.03,2025.0,6
2025-06-18 12:00:00,12829,32.29,50.1,29.95,64.1,22.3,2025.0,6
2025-06-18 13:00:00,12830,30.98,56.33,27.07,75.73,47.67,2025.0,6
2025-06-18 14:00:00,12831,29.76,59.23,24.07,86.33,40.57,2025.0,6
2025-06-18 15:00:00,12832,28.11,65.13,21.58,97.6,43.53,2025.0,6
2025-06-18 16:00:00,12833,29.13,61.87,22.22,97.27,45.37,2025.0,6
2025-06-18 17:00:00,12834,28.64,64.77,22.49,96.8,44.57,2025.0,6
2025-06-18 18:00:00,12835,27.69,67.37,21.99,97.27,40.1,2025.0,6
2025-06-18 19:00:00,12836,26.89,69.04,21.16,97.96,37.36,2025.0,6
2025-06-18 20:00:00,12837,26.56,70.67,21.21,98.0,45.2,2025.0,6
2025-06-18 21:00:00,12838,25.7,71.93,20.75,98.17,42.17,2025.0,6
2025-06-18 22:00:00,12839,25.24,74.69,20.63,99.0,37.93,2025.0,6
2025-06-18 23:00:00,12840,25.55,71.8,20.52,97.63,30.77,2025.0,6
2025-06-19 00:00:00,12841,25.76,72.93,20.77,96.87,39.2,2025.0,6
2025-06-19 01:00:00,12842,25.72,71.6,20.68,95.43,43.5,2025.0,6
2025-06-19 02:00:00,12843,25.9,70.8,20.84,94.7,52.83,2025.0,6
2025-06-19 03:00:00,12844,25.75,68.53,20.71,92.23,40.33,2025.0,6
2025-06-19 04:00:00,12845,26.0,69.67,20.86,93.7,48.3,2025.0,6
2025-06-19 05:00:00,12846,26.01,69.7,20.91,93.4,50.87,2025.0,6
2025-06-19 06:00:00,12847,25.63,65.2,21.24,86.23,36.03,2025.0,6
2025-06-19 07:00:00,12848,25.72,60.47,21.77,79.83,32.93,2025.0,6
2025-06-19 08:00:00,12849,26.57,59.03,23.05,77.17,33.5,2025.0,6
2025-06-19 09:00:00,12850,28.37,55.17,25.6,71.1,37.17,2025.0,6
2025-06-19 10:00:00,12851,29.75,49.97,26.67,66.37,30.63,2025.0,6
2025-06-19 11:00:00,12852,30.81,45.9,28.99,59.6,23.2,2025.0,6
2025-06-19 12:00:00,12853,32.27,42.4,29.9,57.13,26.33,2025.0,6
2025-06-19 13:00:00,12854,31.24,45.47,27.51,62.97,32.67,2025.0,6
2025-06-19 14:00:00,12855,30.24,42.83,26.48,60.3,19.26,2025.0,6
2025-06-19 15:00:00,12856,29.19,48.17,25.22,66.6,24.8,2025.0,6
2025-06-19 16:00:00,12857,29.13,51.37,24.76,71.0,31.23,2025.0,6
2025-06-19 17:00:00,12858,29.15,53.63,24.35,74.63,44.93,2025.0,6
2025-06-19 18:00:00,12859,28.19,57.83,23.09,80.23,53.3,2025.0,6
2025-06-19 20:00:00,12861,27.36,61.77,22.16,84.93,72.43,2025.0,6
2025-06-19 21:00:00,12862,27.2,63.62,22.02,86.52,93.59,2025.0,6
2025-06-19 22:00:00,12863,26.76,64.1,21.58,87.17,92.87,2025.0,6
2025-06-19 23:00:00,12864,26.43,65.93,21.1,89.7,,2025.0,6
2025-06-20 00:00:00,12865,26.08,66.7,20.9,90.27,106.93,2025.0,6
2025-06-20 01:00:00,12866,25.92,67.63,20.61,91.4,116.1,2025.0,6
2025-06-20 02:00:00,12867,25.84,67.0,20.63,90.8,102.43,2025.0,6
2025-06-20 03:00:00,12868,25.87,67.73,20.69,91.5,96.9,2025.0,6
2025-06-20 04:00:00,12869,25.61,69.0,20.54,92.43,78.2,2025.0,6
2025-06-20 05:00:00,12870,25.38,69.53,20.22,93.2,77.1,2025.0,6
2025-06-20 06:00:00,12871,25.54,69.13,20.6,92.2,99.2,2025.0,6
2025-06-20 07:00:00,12872,26.46,66.57,22.32,86.93,98.23,2025.0,6
2025-06-20 08:00:00,12873,29.35,56.97,29.32,65.8,74.3,2025.0,6
2025-06-20 09:00:00,12874,31.27,50.43,32.33,57.5,63.53,2025.0,6
2025-06-20 10:00:00,12875,32.57,45.43,32.91,54.63,45.3,2025.0,6
2025-06-20 11:00:00,12876,33.32,43.72,32.53,55.31,44.86,2025.0,6
2025-06-20 12:00:00,12877,33.72,43.03,32.71,55.27,46.1,2025.0,6
2025-06-20 13:00:00,12878,35.06,41.13,32.39,56.53,46.1,2025.0,6
2025-06-20 18:00:00,12883,27.4,65.91,22.9,88.61,54.3,2025.0,6
2025-06-20 19:00:00,12884,27.25,65.87,23.23,85.27,51.73,2025.0,6
2025-06-20 20:00:00,12885,27.23,66.73,22.94,86.8,49.47,2025.0,6
2025-06-20 21:00:00,12886,27.46,66.3,22.68,88.03,52.0,2025.0,6
2025-06-20 22:00:00,12887,27.14,67.17,22.21,89.57,64.43,2025.0,6
2025-06-20 23:00:00,12888,26.84,68.1,21.93,90.63,66.07,2025.0,6
2025-06-21 00:00:00,12889,26.87,66.93,21.93,89.13,54.23,2025.0,6
2025-06-21 01:00:00,12890,26.83,66.2,21.78,89.13,47.0,2025.0,6
2025-06-21 02:00:00,12891,26.38,69.03,21.44,91.6,62.9,2025.0,6
2025-06-21 03:00:00,12892,26.26,67.97,21.17,91.0,52.23,2025.0,6
2025-06-21 04:00:00,12893,25.89,69.3,20.66,93.0,58.67,2025.0,6
2025-06-21 05:00:00,12894,25.7,72.23,20.66,95.63,80.33,2025.0,6
2025-06-21 06:00:00,12895,25.74,71.3,21.2,93.47,84.57,2025.0,6
2025-06-21 07:00:00,12896,27.37,67.33,24.54,83.5,118.03,2025.0,6
2025-06-21 08:00:00,12897,29.5,60.9,29.56,69.23,101.3,2025.0,6
2025-06-21 09:00:00,12898,31.65,53.57,33.42,58.47,76.67,2025.0,6
2025-06-21 10:00:00,12899,32.29,50.1,32.58,58.4,53.9,2025.0,6
2025-06-21 11:00:00,12900,32.75,47.23,30.99,60.0,41.63,2025.0,6
2025-06-21 12:00:00,12901,33.0,47.39,30.92,61.14,45.04,2025.0,6
2025-06-21 13:00:00,12902,30.46,58.03,26.9,75.53,82.8,2025.0,6
2025-06-21 14:00:00,12903,28.85,64.5,24.91,83.47,76.1,2025.0,6
2025-06-21 15:00:00,12904,28.79,64.37,24.92,83.0,67.0,2025.0,6
2025-06-21 16:00:00,12905,28.72,64.47,24.39,84.57,67.2,2025.0,6
2025-06-21 17:00:00,12906,28.06,67.03,22.18,95.03,70.73,2025.0,6
2025-06-21 18:00:00,12907,27.72,69.2,22.18,97.0,84.83,2025.0,6
2025-06-21 19:00:00,12908,27.9,68.8,22.3,97.0,88.27,2025.0,6
2025-06-21 20:00:00,12909,27.76,70.15,22.23,97.41,104.74,2025.0,6
2025-06-21 22:00:00,12911,27.8,70.78,22.53,97.7,,2025.0,6
2025-06-21 23:00:00,12912,27.85,70.87,22.71,94.97,,2025.0,6
2025-06-22 00:00:00,12913,27.48,71.63,22.46,94.97,,2025.0,6
2025-06-22 01:00:00,12914,27.33,71.57,22.22,95.5,,2025.0,6
2025-06-22 02:00:00,12915,27.22,71.57,22.22,94.93,,2025.0,6
2025-06-22 03:00:00,12916,27.02,72.67,22.03,95.87,,2025.0,6
2025-06-22 04:00:00,12917,27.14,72.4,22.05,96.0,,2025.0,6
2025-06-22 05:00:00,12918,27.02,72.97,21.88,96.77,108.63,2025.0,6
2025-06-22 06:00:00,12919,26.95,72.83,21.96,96.53,98.73,2025.0,6
2025-06-22 07:00:00,12920,27.09,71.24,23.08,91.48,82.9,2025.0,6
2025-06-22 08:00:00,12921,28.01,67.48,25.84,81.69,64.59,2025.0,6
2025-06-22 09:00:00,12922,29.29,61.37,27.51,74.2,48.17,2025.0,6
2025-06-22 10:00:00,12923,30.35,56.4,29.33,67.43,39.7,2025.0,6
2025-06-22 11:00:00,12924,31.74,51.03,30.46,62.9,36.27,2025.0,6
2025-06-22 12:00:00,12925,32.42,48.77,30.81,61.53,36.9,2025.0,6
2025-06-22 13:00:00,12926,32.44,50.6,30.18,64.87,40.43,2025.0,6
2025-06-22 14:00:00,12927,32.27,52.23,30.31,66.03,42.1,2025.0,6
2025-06-22 15:00:00,12928,31.82,53.3,28.61,69.63,45.53,2025.0,6
2025-06-22 16:00:00,12929,30.39,54.8,26.38,73.53,44.03,2025.0,6
2025-06-22 17:00:00,12930,29.62,60.5,25.24,80.47,56.67,2025.0,6
2025-06-22 18:00:00,12931,29.43,60.97,24.73,81.83,62.83,2025.0,6
2025-06-22 19:00:00,12932,28.6,65.63,24.1,86.47,71.13,2025.0,6
2025-06-22 20:00:00,12933,28.14,65.7,23.75,86.1,53.93,2025.0,6
2025-06-22 21:00:00,12934,27.91,65.33,23.31,86.37,51.53,2025.0,6
2025-06-22 22:00:00,12935,27.67,67.27,22.75,89.7,59.83,2025.0,6
2025-06-22 23:00:00,12936,27.47,67.9,22.57,90.17,64.63,2025.0,6
2025-06-23 00:00:00,12937,27.48,67.1,22.55,89.33,60.13,2025.0,6
2025-06-23 01:00:00,12938,26.97,69.1,22.26,90.7,71.07,2025.0,6
2025-06-23 02:00:00,12939,26.71,70.4,22.02,92.0,75.03,2025.0,6
2025-06-23 03:00:00,12940,26.49,71.13,22.04,92.2,60.97,2025.0,6
2025-06-23 04:00:00,12941,26.5,70.04,22.28,89.88,51.5,2025.0,6
2025-06-23 05:00:00,12942,26.48,69.44,22.4,88.89,49.19,2025.0,6
2025-06-23 06:00:00,12943,26.41,69.7,22.42,88.97,54.93,2025.0,6
2025-06-23 07:00:00,12944,27.3,68.1,23.63,86.4,60.93,2025.0,6
2025-06-23 08:00:00,12945,28.09,63.43,25.44,78.63,49.33,2025.0,6
2025-06-23 09:00:00,12946,30.13,56.14,29.41,67.0,42.39,2025.0,6
2025-06-23 10:00:00,12947,31.73,49.73,30.45,62.0,38.03,2025.0,6
2025-06-23 11:00:00,12948,32.21,47.8,30.81,60.8,34.67,2025.0,6
2025-06-23 12:00:00,12949,33.46,44.9,32.43,57.77,31.77,2025.0,6
2025-06-23 13:00:00,12950,33.45,41.53,31.9,55.8,26.13,2025.0,6
2025-06-23 14:00:00,12951,33.03,38.27,31.54,52.97,26.3,2025.0,6
2025-06-23 15:00:00,12952,32.27,43.63,29.93,59.1,33.93,2025.0,6
2025-06-23 16:00:00,12953,31.68,49.93,29.55,64.17,41.27,2025.0,6
2025-06-23 17:00:00,12954,30.87,50.3,26.65,69.3,41.43,2025.0,6
2025-06-23 18:00:00,12955,28.93,63.47,24.18,85.03,63.9,2025.0,6
2025-06-23 19:00:00,12956,28.43,65.62,23.62,87.31,59.97,2025.0,6
2025-06-23 20:00:00,12957,28.25,64.4,23.26,86.63,63.67,2025.0,6
2025-06-23 21:00:00,12958,27.17,65.83,22.88,85.83,53.7,2025.0,6
2025-06-23 22:00:00,12959,27.06,66.3,22.4,87.43,59.7,2025.0,6
2025-06-23 23:00:00,12960,27.04,67.3,21.88,90.77,74.3,2025.0,6
2025-06-24 00:00:00,12961,26.84,68.1,21.66,91.38,73.76,2025.0,6
2025-06-24 01:00:00,12962,26.43,69.07,21.23,92.64,79.86,2025.0,6
2025-06-24 02:00:00,12963,26.14,69.63,20.78,93.67,86.57,2025.0,6
2025-06-24 03:00:00,12964,25.92,68.87,20.64,92.37,88.07,2025.0,6
2025-06-24 04:00:00,12965,25.65,68.73,20.28,93.07,99.0,2025.0,6
2025-06-24 08:00:00,12969,29.76,60.03,30.02,68.27,113.9,2025.0,6
2025-06-24 09:00:00,12970,30.88,55.07,28.81,68.57,74.7,2025.0,6
2025-06-24 10:00:00,12971,31.76,52.1,30.91,62.77,62.43,2025.0,6
2025-06-24 11:00:00,12972,32.74,49.0,31.36,61.27,47.83,2025.0,6
2025-06-24 12:00:00,12973,33.59,47.2,31.22,61.67,45.67,2025.0,6
2025-06-24 13:00:00,12974,32.52,51.5,29.25,68.53,65.53,2025.0,6
2025-06-24 14:00:00,12975,29.42,61.3,25.77,79.27,65.33,2025.0,6
2025-06-24 15:00:00,12976,29.81,60.97,26.63,77.47,53.57,2025.0,6
2025-06-24 16:00:00,12977,28.73,64.5,25.15,82.23,50.93,2025.0,6
2025-06-24 17:00:00,12978,27.73,67.57,22.86,90.33,54.47,2025.0,6
2025-06-24 18:00:00,12979,27.44,68.47,21.76,96.6,61.53,2025.0,6
2025-06-24 19:00:00,12980,27.5,67.97,22.82,91.0,62.37,2025.0,6
2025-06-24 20:00:00,12981,27.42,68.17,22.76,89.47,61.9,2025.0,6
2025-06-24 21:00:00,12982,27.42,68.37,22.47,91.03,68.83,2025.0,6
2025-06-24 22:00:00,12983,27.28,69.59,22.12,92.97,89.59,2025.0,6
2025-06-24 23:00:00,12984,26.91,71.73,22.07,94.0,85.0,2025.0,6
2025-06-25 00:00:00,12985,26.75,71.96,21.51,95.93,102.68,2025.0,6
2025-06-25 01:00:00,12986,26.63,71.07,21.48,94.73,95.6,2025.0,6
2025-06-25 02:00:00,12987,26.42,72.47,21.36,95.9,,2025.0,6
2025-06-25 03:00:00,12988,26.39,72.2,21.09,96.53,,2025.0,6
2025-06-25 04:00:00,12989,25.88,71.2,20.84,94.9,106.6,2025.0,6
2025-06-25 05:00:00,12990,25.44,73.0,20.59,95.5,108.08,2025.0,6
2025-06-25 09:00:00,12994,30.89,56.0,31.02,63.93,61.69,2025.0,6
2025-06-25 10:00:00,12995,32.1,52.4,32.44,60.43,48.33,2025.0,6
2025-06-25 11:00:00,12996,34.44,45.28,34.34,55.24,37.41,2025.0,6
2025-06-25 12:00:00,12997,35.71,41.33,35.09,53.03,25.53,2025.0,6
2025-06-25 13:00:00,12998,35.32,41.61,33.42,55.04,28.43,2025.0,6
2025-06-25 14:00:00,12999,32.43,52.36,27.91,72.25,55.61,2025.0,6
2025-06-25 15:00:00,13000,26.91,66.6,21.4,93.27,55.0,2025.0,6
2025-06-25 16:00:00,13001,26.63,70.07,21.29,98.0,62.43,2025.0,6
2025-06-25 17:00:00,13002,27.08,67.33,21.41,97.27,61.97,2025.0,6
2025-06-25 18:00:00,13003,27.47,67.63,21.55,97.77,51.1,2025.0,6
2025-06-25 19:00:00,13004,27.26,69.27,21.74,98.0,62.7,2025.0,6
2025-06-25 20:00:00,13005,27.17,70.93,21.81,98.0,93.52,2025.0,6
2025-06-25 21:00:00,13006,27.17,71.12,21.69,98.64,114.64,2025.0,6
2025-06-25 22:00:00,13007,26.75,70.8,21.44,98.97,,2025.0,6
2025-06-25 23:00:00,13008,26.69,69.48,21.5,94.6,96.6,2025.0,6
2025-06-26 00:00:00,13009,26.1,70.0,21.04,93.83,70.83,2025.0,6
2025-06-26 01:00:00,13010,26.23,68.77,21.18,92.1,65.5,2025.0,6
2025-06-26 02:00:00,13011,25.64,70.3,20.54,94.17,68.7,2025.0,6
2025-06-26 03:00:00,13012,25.24,72.17,20.3,95.5,81.4,2025.0,6
2025-06-26 04:00:00,13013,25.0,71.87,19.87,96.1,77.67,2025.0,6
2025-06-26 05:00:00,13014,24.86,71.9,19.74,95.77,88.07,2025.0,6
2025-06-26 06:00:00,13015,24.44,70.7,19.72,93.83,64.0,2025.0,6
2025-06-26 07:00:00,13016,27.09,64.17,26.74,73.86,62.48,2025.0,6
2025-06-26 08:00:00,13017,30.46,55.16,32.08,59.92,51.88,2025.0,6
2025-06-26 09:00:00,13018,30.58,53.9,30.34,63.1,30.67,2025.0,6
2025-06-26 10:00:00,13019,31.46,50.57,30.92,60.6,24.23,2025.0,6
2025-06-26 11:00:00,13020,32.92,46.07,31.93,57.4,20.27,2025.0,6
2025-06-26 12:00:00,13021,33.39,44.6,31.95,57.1,20.27,2025.0,6
2025-06-26 13:00:00,13022,34.51,42.57,33.26,55.1,22.57,2025.0,6
2025-06-26 14:00:00,13023,34.88,39.77,33.45,53.1,22.2,2025.0,6
2025-06-26 15:00:00,13024,33.56,44.34,30.36,60.59,28.72,2025.0,6
2025-06-26 16:00:00,13025,32.72,50.28,28.72,68.59,44.34,2025.0,6
2025-06-26 17:00:00,13026,30.83,59.1,26.51,78.77,74.17,2025.0,6
2025-06-26 18:00:00,13027,30.09,61.03,25.46,81.66,94.55,2025.0,6
2025-06-26 19:00:00,13028,29.84,60.83,25.05,81.9,84.38,2025.0,6
2025-06-26 20:00:00,13029,28.69,60.07,23.97,80.96,45.93,2025.0,6
2025-06-26 21:00:00,13030,27.48,63.28,23.16,83.31,47.66,2025.0,6
2025-06-26 22:00:00,13031,26.6,66.1,22.46,85.57,44.27,2025.0,6
2025-06-26 23:00:00,13032,26.13,67.03,21.99,86.7,41.6,2025.0,6
2025-06-27 00:00:00,13033,25.79,66.93,21.76,85.97,37.77,2025.0,6
2025-06-27 01:00:00,13034,25.86,66.03,21.72,85.4,38.63,2025.0,6
2025-06-27 02:00:00,13035,26.03,62.93,21.6,83.2,39.8,2025.0,6
2025-06-27 03:00:00,13036,26.41,61.97,21.16,84.77,38.8,2025.0,6
2025-06-27 04:00:00,13037,26.05,66.33,20.78,89.83,73.03,2025.0,6
2025-06-27 05:00:00,13038,25.68,67.27,20.42,90.9,80.5,2025.0,6
2025-06-27 06:00:00,13039,25.53,68.83,20.94,90.63,112.4,2025.0,6
2025-06-27 07:00:00,13040,27.45,64.28,26.76,74.38,103.48,2025.0,6
2025-06-27 08:00:00,13041,30.31,54.4,31.26,61.07,61.17,2025.0,6
2025-06-27 09:00:00,13042,30.54,52.23,30.46,61.67,46.93,2025.0,6
2025-06-27 10:00:00,13043,31.89,47.17,31.36,57.97,27.83,2025.0,6
2025-06-27 11:00:00,13044,32.51,46.47,31.44,58.73,29.9,2025.0,6
2025-06-27 12:00:00,13045,32.77,45.53,31.64,58.03,27.7,2025.0,6
2025-06-27 13:00:00,13046,33.56,43.31,31.94,56.97,25.52,2025.0,6
2025-06-27 14:00:00,13047,33.41,42.43,32.21,55.7,19.5,2025.0,6
2025-06-27 15:00:00,13048,33.2,43.23,31.17,57.63,22.1,2025.0,6
2025-06-27 16:00:00,13049,33.13,44.38,29.68,61.52,28.25,2025.0,6
2025-06-27 18:00:00,13051,30.02,60.07,25.33,80.83,58.07,2025.0,6
2025-06-27 19:00:00,13052,29.79,60.74,24.9,82.33,45.46,2025.0,6
2025-06-27 20:00:00,13053,28.96,64.26,24.06,86.09,46.83,2025.0,6
2025-06-27 23:00:00,13056,27.87,65.85,22.89,88.15,52.12,2025.0,6
2025-06-28 00:00:00,13057,27.7,65.19,22.87,87.0,44.81,2025.0,6
2025-06-28 01:00:00,13058,27.79,65.66,22.7,88.45,66.14,2025.0,6
2025-06-28 02:00:00,13059,27.12,68.83,22.27,90.93,71.38,2025.0,6
2025-06-28 03:00:00,13060,27.08,69.63,22.03,92.47,69.37,2025.0,6
2025-06-28 04:00:00,13061,27.1,70.5,22.06,93.4,75.07,2025.0,6
2025-06-28 05:00:00,13062,26.75,71.7,21.83,94.2,64.5,2025.0,6
2025-06-28 06:00:00,13063,26.93,71.5,21.98,94.4,81.9,2025.0,6
2025-06-28 07:00:00,13064,27.25,71.25,22.87,92.43,67.25,2025.0,6
2025-06-28 08:00:00,13065,26.59,71.0,22.1,93.83,50.1,2025.0,6
2025-06-28 09:00:00,13066,25.66,69.77,21.21,91.8,26.3,2025.0,6
2025-06-28 11:00:00,13068,24.67,73.26,19.84,98.0,12.44,2025.0,6
2025-06-28 12:00:00,13069,26.75,68.79,22.12,98.52,19.59,2025.0,6
2025-06-28 13:00:00,13070,29.19,61.12,24.23,93.38,25.65,2025.0,6
2025-06-28 14:00:00,13071,27.25,67.46,22.46,95.0,10.61,2025.0,6
2025-06-28 15:00:00,13072,28.16,63.3,24.75,84.27,6.73,2025.0,6
2025-06-28 16:00:00,13073,28.58,62.3,24.8,81.0,19.0,2025.0,6
2025-06-28 17:00:00,13074,27.68,63.47,23.54,83.27,20.0,2025.0,6
2025-06-28 18:00:00,13075,27.35,64.47,23.21,84.2,24.73,2025.0,6
2025-06-28 19:00:00,13076,26.65,68.37,22.2,89.27,26.63,2025.0,6
2025-06-28 20:00:00,13077,26.14,68.27,21.86,88.67,13.23,2025.0,6
2025-06-28 21:00:00,13078,26.57,66.6,21.63,89.0,18.8,2025.0,6
2025-06-28 22:00:00,13079,25.99,67.2,21.25,89.07,19.6,2025.0,6
2025-06-28 23:00:00,13080,25.97,66.54,21.26,88.18,19.18,2025.0,6
2025-06-29 00:00:00,13081,26.01,67.54,21.02,90.18,30.79,2025.0,6
2025-06-29 01:00:00,13082,25.43,69.21,20.49,92.03,35.07,2025.0,6
2025-06-29 02:00:00,13083,24.81,72.23,20.18,93.9,44.63,2025.0,6
2025-06-29 03:00:00,13084,24.68,72.2,19.66,95.67,50.03,2025.0,6
2025-06-29 04:00:00,13085,24.87,69.15,20.18,91.11,36.63,2025.0,6
2025-06-29 05:00:00,13086,25.19,68.44,20.12,91.52,42.81,2025.0,6
2025-06-29 06:00:00,13087,24.69,70.75,20.03,93.14,59.43,2025.0,6
2025-06-29 07:00:00,13088,26.0,67.4,25.58,77.37,62.17,2025.0,6
2025-06-29 08:00:00,13089,28.87,60.27,28.91,68.23,66.53,2025.0,6
2025-06-29 09:00:00,13090,29.74,57.7,29.59,66.47,42.87,2025.0,6
2025-06-29 10:00:00,13091,30.23,55.67,28.94,67.43,24.17,2025.0,6
2025-06-29 11:00:00,13092,31.82,51.07,30.69,62.83,15.67,2025.0,6
2025-06-29 12:00:00,13093,31.4,52.28,29.26,66.17,22.76,2025.0,6
2025-06-29 13:00:00,13094,31.41,53.14,28.9,67.76,21.55,2025.0,6
2025-06-29 14:00:00,13095,31.45,53.53,27.73,71.5,37.03,2025.0,6
2025-06-29 15:00:00,13096,29.38,60.64,24.87,80.93,48.21,2025.0,6
2025-06-29 16:00:00,13097,28.11,63.83,23.74,83.97,49.57,2025.0,6
2025-06-29 17:00:00,13098,27.83,64.83,23.32,85.53,55.1,2025.0,6
2025-06-29 18:00:00,13099,27.95,65.2,23.04,87.03,72.23,2025.0,6
2025-06-29 19:00:00,13100,27.76,66.0,22.78,88.13,70.78,2025.0,6
2025-06-29 20:00:00,13101,27.54,66.45,22.74,88.21,82.1,2025.0,6
2025-06-29 22:00:00,13103,26.68,71.13,21.49,95.13,89.73,2025.0,6
2025-06-30 00:00:00,13105,25.76,72.63,21.06,94.6,42.0,2025.0,6
2025-06-30 01:00:00,13106,25.78,72.97,20.66,96.77,44.77,2025.0,6
2025-06-30 02:00:00,13107,25.85,73.1,20.86,96.17,46.7,2025.0,6
2025-06-30 03:00:00,13108,25.38,74.83,20.78,97.0,55.4,2025.0,6
2025-06-30 04:00:00,13109,25.44,74.53,20.87,96.5,54.59,2025.0,6
2025-06-30 05:00:00,13110,25.46,72.93,21.31,92.93,48.63,2025.0,6
2025-06-30 06:00:00,13111,25.6,70.9,21.62,90.4,39.93,2025.0,6
2025-06-30 07:00:00,13112,26.33,68.67,23.66,83.93,40.27,2025.0,6
2025-06-30 08:00:00,13113,27.98,62.57,26.9,73.37,28.2,2025.0,6
2025-06-30 09:00:00,13114,28.45,61.07,26.99,73.03,30.73,2025.0,6
2025-06-30 10:00:00,13115,29.75,57.17,28.65,68.53,30.83,2025.0,6
2025-06-30 11:00:00,13116,31.55,52.83,30.51,64.6,27.53,2025.0,6
2025-06-30 12:00:00,13117,32.12,51.17,30.67,63.83,24.13,2025.0,6
2025-06-30 13:00:00,13118,32.1,50.93,28.97,67.37,23.5,2025.0,6
2025-06-30 14:00:00,13119,30.53,55.1,27.02,72.57,24.33,2025.0,6
2025-06-30 15:00:00,13120,29.03,61.9,23.8,87.67,32.87,2025.0,6
2025-06-30 16:00:00,13121,28.36,64.77,22.05,97.3,33.17,2025.0,6
2025-06-30 17:00:00,13122,28.41,60.7,22.08,95.07,22.57,2025.0,6
2025-06-30 18:00:00,13123,26.61,67.17,22.57,89.27,21.8,2025.0,6
2025-06-30 19:00:00,13124,26.42,64.47,23.18,81.47,9.53,2025.0,6
2025-06-30 20:00:00,13125,26.17,65.27,22.85,82.47,11.7,2025.0,6
2025-06-30 21:00:00,13126,25.74,69.47,22.4,86.57,27.67,2025.0,6
2025-06-30 22:00:00,13127,25.84,70.53,22.37,88.27,34.2,2025.0,6
2025-06-30 23:00:00,13128,25.87,70.77,22.24,88.73,39.53,2025.0,6
2025-07-01 00:00:00,13129,26.1,66.93,22.07,86.13,38.6,2025.0,7
2025-07-01 01:00:00,13130,26.32,67.83,21.86,88.33,45.53,2025.0,7
2025-07-01 02:00:00,13131,25.86,68.88,21.64,88.88,50.15,2025.0,7
2025-07-01 03:00:00,13132,25.58,69.6,21.52,88.97,43.0,2025.0,7
2025-07-01 04:00:00,13133,25.3,72.14,21.42,91.28,39.45,2025.0,7
2025-07-01 05:00:00,13134,24.66,75.34,20.3,96.76,33.52,2025.0,7
2025-07-01 06:00:00,13135,25.03,75.76,20.64,98.0,41.55,2025.0,7
2025-07-01 07:00:00,13136,25.59,73.53,21.25,96.97,,2025.0,7
2025-07-01 08:00:00,13137,26.48,71.63,22.91,89.97,,2025.0,7
2025-07-01 09:00:00,13138,28.48,64.83,26.15,79.41,46.66,2025.0,7
2025-07-01 10:00:00,13139,29.63,59.97,27.34,74.37,33.83,2025.0,7
2025-07-01 11:00:00,13140,30.68,57.7,30.14,68.53,41.8,2025.0,7
2025-07-01 12:00:00,13141,32.87,51.1,33.39,59.9,35.38,2025.0,7
2025-07-01 13:00:00,13142,32.96,50.03,30.04,65.83,34.66,2025.0,7
2025-07-01 14:00:00,13143,31.02,57.4,30.23,68.4,34.07,2025.0,7
2025-07-01 16:00:00,13145,28.2,62.69,21.68,95.52,35.03,2025.0,7
2025-07-01 17:00:00,13146,28.6,62.63,22.13,96.23,36.3,2025.0,7
2025-07-01 18:00:00,13147,28.24,67.17,22.3,97.13,,2025.0,7
2025-07-01 19:00:00,13148,27.57,68.73,22.16,97.03,,2025.0,7
2025-07-01 20:00:00,13149,26.85,71.83,21.81,97.97,,2025.0,7
2025-07-01 21:00:00,13150,26.54,73.17,21.58,98.34,,2025.0,7
2025-07-01 22:00:00,13151,26.76,69.37,21.58,98.0,42.63,2025.0,7
2025-07-01 23:00:00,13152,26.42,73.8,21.8,97.7,,2025.0,7
2025-07-02 00:00:00,13153,26.22,74.27,21.42,97.13,,2025.0,7
2025-07-02 01:00:00,13154,26.22,74.63,21.39,97.37,,2025.0,7
2025-07-02 02:00:00,13155,25.72,74.7,21.08,97.43,,2025.0,7
2025-07-02 04:00:00,13157,25.49,71.96,20.87,94.15,,2025.0,7
2025-07-02 05:00:00,13158,25.5,72.17,20.75,94.87,,2025.0,7
2025-07-02 06:00:00,13159,25.22,72.93,20.64,95.2,,2025.0,7
2025-07-02 07:00:00,13160,26.44,70.3,24.61,84.1,,2025.0,7
2025-07-02 08:00:00,13161,28.65,65.2,28.65,73.6,,2025.0,7
2025-07-02 09:00:00,13162,30.25,58.9,28.89,70.55,,2025.0,7
2025-07-02 10:00:00,13163,30.73,56.43,29.95,67.43,52.8,2025.0,7
2025-07-02 11:00:00,13164,32.86,49.63,32.96,59.37,44.3,2025.0,7
2025-07-02 12:00:00,13165,33.47,48.0,33.3,58.33,43.67,2025.0,7
2025-07-02 13:00:00,13166,34.87,44.57,33.25,58.39,49.74,2025.0,7
2025-07-02 14:00:00,13167,31.41,54.64,27.71,72.43,,2025.0,7
2025-07-02 15:00:00,13168,28.24,66.9,22.21,96.73,51.93,2025.0,7
2025-07-02 16:00:00,13169,28.44,68.03,22.62,98.07,52.21,2025.0,7
2025-07-02 17:00:00,13170,28.5,69.9,22.85,98.0,,2025.0,7
2025-07-02 18:00:00,13171,27.63,70.53,22.51,97.2,53.63,2025.0,7
2025-07-02 19:00:00,13172,26.67,73.57,22.17,97.93,47.17,2025.0,7
2025-07-02 20:00:00,13173,26.28,74.53,21.51,98.57,42.0,2025.0,7
2025-07-02 21:00:00,13174,25.74,74.5,20.82,99.0,34.92,2025.0,7
2025-07-02 23:00:00,13176,26.12,74.16,21.08,99.0,,2025.0,7
2025-07-03 00:00:00,13177,25.79,75.3,21.08,99.0,51.26,2025.0,7
2025-07-03 02:00:00,13179,26.3,73.75,21.27,99.0,,2025.0,7
2025-07-03 03:00:00,13180,26.16,74.29,21.2,99.0,,2025.0,7
2025-07-03 04:00:00,13181,26.11,74.73,21.23,99.0,,2025.0,7
2025-07-03 05:00:00,13182,26.33,74.67,21.35,99.0,,2025.0,7
2025-07-03 06:00:00,13183,26.36,73.54,21.41,99.0,,2025.0,7
2025-07-03 07:00:00,13184,27.1,72.5,23.15,99.73,,2025.0,7
2025-07-03 08:00:00,13185,28.52,63.3,24.95,96.41,47.19,2025.0,7
2025-07-03 09:00:00,13186,30.88,54.38,30.45,66.03,35.52,2025.0,7
2025-07-03 10:00:00,13187,31.49,52.0,29.65,64.79,33.41,2025.0,7
2025-07-03 11:00:00,13188,31.41,51.6,31.01,61.03,29.6,2025.0,7
2025-07-03 12:00:00,13189,32.04,50.0,31.07,61.0,31.0,2025.0,7
2025-07-03 13:00:00,13190,32.7,48.8,32.19,58.63,26.87,2025.0,7
2025-07-03 14:00:00,13191,32.38,49.47,32.04,58.57,27.87,2025.0,7
2025-07-03 15:00:00,13192,32.18,49.73,31.66,59.57,27.73,2025.0,7
2025-07-03 16:00:00,13193,30.63,55.73,27.54,71.67,31.6,2025.0,7
2025-07-03 17:00:00,13194,29.44,61.1,25.79,78.67,40.03,2025.0,7
2025-07-03 18:00:00,13195,27.69,68.29,24.08,85.68,44.82,2025.0,7
2025-07-03 19:00:00,13196,27.34,70.88,23.24,90.16,48.76,2025.0,7
2025-07-03 20:00:00,13197,27.54,68.27,23.67,87.77,53.04,2025.0,7
2025-07-03 21:00:00,13198,27.14,66.59,23.42,84.7,39.37,2025.0,7
2025-07-03 22:00:00,13199,26.9,65.78,22.67,85.52,35.44,2025.0,7
2025-07-03 23:00:00,13200,26.18,69.54,22.17,88.89,35.57,2025.0,7
2025-07-04 00:00:00,13201,25.17,71.69,21.42,90.03,,2025.0,7
2025-07-04 03:00:00,13204,25.22,71.2,20.87,91.8,25.8,2025.0,7
2025-07-04 05:00:00,13206,25.67,70.9,20.97,92.62,40.69,2025.0,7
2025-07-04 06:00:00,13207,25.83,70.64,21.3,91.73,,2025.0,7
2025-07-04 09:00:00,13210,31.18,52.58,32.02,61.08,43.0,2025.0,7
2025-07-04 10:00:00,13211,32.53,48.36,32.12,59.5,45.36,2025.0,7
2025-07-04 11:00:00,13212,32.79,47.23,33.11,57.47,36.2,2025.0,7
2025-07-04 12:00:00,13213,33.75,45.48,33.3,57.34,31.79,2025.0,7
2025-07-04 13:00:00,13214,34.23,45.0,33.07,58.38,31.0,2025.0,7
2025-07-04 14:00:00,13215,29.75,60.33,25.76,79.83,48.67,2025.0,7
2025-07-04 15:00:00,13216,29.13,61.36,22.61,96.14,43.71,2025.0,7
2025-07-04 16:00:00,13217,29.21,60.34,23.21,93.83,41.9,2025.0,7
2025-07-04 19:00:00,13220,27.83,65.04,23.85,84.24,48.44,2025.0,7
2025-07-04 20:00:00,13221,27.34,65.53,23.59,83.97,44.4,2025.0,7
2025-07-04 21:00:00,13222,26.96,66.25,23.11,84.71,37.88,2025.0,7
2025-07-04 22:00:00,13223,26.8,66.22,22.53,86.15,31.78,2025.0,7
2025-07-04 23:00:00,13224,25.89,69.52,21.99,88.39,26.17,2025.0,7
2025-07-05 00:00:00,13225,25.5,70.61,21.63,89.43,,2025.0,7
2025-07-05 01:00:00,13226,25.34,71.21,21.72,89.86,27.71,2025.0,7
2025-07-05 02:00:00,13227,25.34,70.5,21.51,89.1,32.47,2025.0,7
2025-07-05 03:00:00,13228,25.78,69.57,21.37,89.97,37.77,2025.0,7
2025-07-05 04:00:00,13229,25.86,70.37,21.29,91.67,53.44,2025.0,7
2025-07-05 05:00:00,13230,25.58,70.44,21.27,90.77,52.48,2025.0,7
2025-07-05 06:00:00,13231,26.05,69.24,21.68,89.83,,2025.0,7
2025-07-05 07:00:00,13232,26.7,67.38,22.49,87.24,,2025.0,7
2025-07-05 08:00:00,13233,27.74,64.07,24.13,82.27,50.2,2025.0,7
2025-07-05 09:00:00,13234,29.47,58.93,27.45,73.1,46.23,2025.0,7
2025-07-05 10:00:00,13235,31.32,54.4,31.33,64.47,52.1,2025.0,7
2025-07-05 11:00:00,13236,35.26,44.2,35.97,55.1,42.67,2025.0,7
2025-07-05 12:00:00,13237,34.47,45.0,32.12,60.47,43.43,2025.0,7
2025-07-05 13:00:00,13238,31.61,52.1,28.13,69.13,46.8,2025.0,7
2025-07-05 14:00:00,13239,29.19,59.73,22.75,91.0,51.3,2025.0,7
2025-07-05 15:00:00,13240,28.47,59.47,22.62,93.9,34.9,2025.0,7
2025-07-05 16:00:00,13241,29.39,57.57,24.61,86.13,38.07,2025.0,7
2025-07-05 17:00:00,13242,29.09,60.27,24.71,80.8,43.73,2025.0,7
2025-07-05 18:00:00,13243,27.9,65.57,23.88,84.97,48.83,2025.0,7
2025-07-05 19:00:00,13244,26.51,69.03,20.73,96.87,34.23,2025.0,7
2025-07-05 20:00:00,13245,26.18,71.87,20.96,98.0,41.13,2025.0,7
2025-07-05 21:00:00,13246,26.2,72.33,21.27,98.0,45.83,2025.0,7
2025-07-05 23:00:00,13248,25.92,75.04,21.28,98.43,,2025.0,7
2025-07-06 00:00:00,13249,25.91,72.1,20.96,98.23,49.5,2025.0,7
2025-07-06 01:00:00,13250,25.99,72.6,20.93,98.17,,2025.0,7
2025-07-06 02:00:00,13251,26.14,72.72,21.06,99.0,,2025.0,7
2025-07-06 03:00:00,13252,26.11,73.04,21.05,99.0,,2025.0,7
2025-07-06 04:00:00,13253,25.43,75.08,21.35,99.0,,2025.0,7
2025-07-06 05:00:00,13254,24.96,77.93,21.0,99.0,,2025.0,7
2025-07-06 06:00:00,13255,25.06,77.7,20.98,98.83,,2025.0,7
2025-07-06 07:00:00,13256,25.56,76.0,21.41,97.23,,2025.0,7
2025-07-06 08:00:00,13257,28.61,66.93,28.47,76.33,,2025.0,7
2025-07-06 09:00:00,13258,32.1,52.79,32.88,59.82,42.04,2025.0,7
2025-07-06 10:00:00,13259,32.86,50.34,34.38,56.28,48.79,2025.0,7
2025-07-06 11:00:00,13260,35.76,42.83,35.75,51.83,38.4,2025.0,7
2025-07-06 12:00:00,13261,33.99,47.13,32.58,58.93,42.17,2025.0,7
2025-07-06 13:00:00,13262,29.47,60.17,24.55,85.14,41.59,2025.0,7
2025-07-06 14:00:00,13263,29.01,63.04,23.43,94.86,38.18,2025.0,7
2025-07-06 15:00:00,13264,28.75,62.37,23.16,95.83,38.87,2025.0,7
2025-07-06 16:00:00,13265,27.69,65.73,23.41,87.43,38.33,2025.0,7
2025-07-06 17:00:00,13266,27.32,64.77,22.07,90.67,36.27,2025.0,7
2025-07-06 18:00:00,13267,26.4,71.33,22.04,92.67,52.5,2025.0,7
2025-07-06 19:00:00,13268,25.87,73.93,22.06,92.93,,2025.0,7
2025-07-06 23:00:00,13272,25.7,72.03,21.33,92.9,,2025.0,7
2025-07-07 00:00:00,13273,25.48,73.13,21.38,92.93,,2025.0,7
2025-07-07 01:00:00,13274,25.8,67.5,21.51,87.87,38.13,2025.0,7
2025-07-07 02:00:00,13275,26.06,69.87,21.43,91.3,,2025.0,7
2025-07-07 03:00:00,13276,25.75,72.33,20.95,94.43,,2025.0,7
2025-07-07 04:00:00,13277,25.2,73.73,20.81,94.83,,2025.0,7
2025-07-07 05:00:00,13278,24.87,76.67,20.84,96.0,,2025.0,7
2025-07-07 06:00:00,13279,24.78,76.67,20.99,96.23,,2025.0,7
2025-07-07 07:00:00,13280,26.11,72.16,23.73,86.96,,2025.0,7
2025-07-07 10:00:00,13283,31.3,53.27,30.32,64.6,32.23,2025.0,7
2025-07-07 11:00:00,13284,31.81,51.9,30.4,64.23,31.57,2025.0,7
2025-07-07 12:00:00,13285,33.4,48.0,33.74,57.4,31.47,2025.0,7
2025-07-07 13:00:00,13286,33.6,46.1,31.95,59.8,26.43,2025.0,7
2025-07-07 14:00:00,13287,28.86,63.17,25.85,79.0,53.1,2025.0,7
2025-07-07 15:00:00,13288,28.98,63.69,25.64,80.28,52.07,2025.0,7
2025-07-07 16:00:00,13289,27.97,66.57,24.16,84.67,51.37,2025.0,7
2025-07-07 17:00:00,13290,25.38,74.96,20.92,96.83,41.96,2025.0,7
2025-07-07 18:00:00,13291,26.43,71.17,21.31,97.37,44.07,2025.0,7
2025-07-07 19:00:00,13292,26.24,74.53,21.58,97.9,53.33,2025.0,7
2025-07-07 20:00:00,13293,26.13,73.83,21.81,95.53,47.57,2025.0,7
2025-07-07 21:00:00,13294,26.51,72.2,22.11,93.03,55.33,2025.0,7
2025-07-07 22:00:00,13295,26.63,73.1,22.11,94.27,,2025.0,7
2025-07-07 23:00:00,13296,26.53,74.03,21.92,95.6,,2025.0,7
2025-07-08 00:00:00,13297,26.0,74.63,21.55,95.93,,2025.0,7
2025-07-08 01:00:00,13298,25.16,77.33,20.9,97.97,43.4,2025.0,7
2025-07-08 02:00:00,13299,25.5,75.67,20.91,98.8,39.67,2025.0,7
2025-07-08 03:00:00,13300,25.99,74.27,21.11,97.8,45.17,2025.0,7
2025-07-08 04:00:00,13301,25.64,75.67,20.87,98.0,51.33,2025.0,7
2025-07-08 05:00:00,13302,25.39,76.77,21.1,97.87,55.33,2025.0,7
2025-07-08 06:00:00,13303,25.24,77.5,21.46,97.07,,2025.0,7
2025-07-08 07:00:00,13304,26.52,73.4,25.19,85.0,,2025.0,7
2025-07-08 08:00:00,13305,28.91,64.73,28.77,72.87,51.2,2025.0,7
2025-07-08 09:00:00,13306,29.62,59.73,29.09,69.17,36.87,2025.0,7
2025-07-08 10:00:00,13307,30.58,55.73,29.69,66.3,31.1,2025.0,7
2025-07-08 11:00:00,13308,31.14,52.9,29.97,64.4,,2025.0,7
2025-07-08 12:00:00,13309,31.87,50.7,30.54,62.73,,2025.0,7
2025-07-08 13:00:00,13310,32.94,48.45,32.68,58.93,,2025.0,7
2025-07-08 14:00:00,13311,33.15,48.57,31.22,63.03,30.2,2025.0,7
2025-07-08 15:00:00,13312,30.55,60.3,27.23,76.93,45.77,2025.0,7
2025-07-08 16:00:00,13313,29.46,63.63,26.43,79.03,43.53,2025.0,7
2025-07-08 17:00:00,13314,28.36,67.93,24.98,84.43,47.43,2025.0,7
2025-07-08 18:00:00,13315,28.72,66.73,24.37,86.53,53.37,2025.0,7
2025-07-08 19:00:00,13316,27.71,71.53,23.81,89.97,,2025.0,7
2025-07-08 20:00:00,13317,27.58,71.67,23.6,90.53,54.03,2025.0,7
2025-07-08 21:00:00,13318,27.83,70.7,23.42,90.93,,2025.0,7
2025-07-08 22:00:00,13319,27.58,68.07,23.39,87.5,48.43,2025.0,7
2025-07-08 23:00:00,13320,27.24,68.1,22.76,88.57,45.67,2025.0,7
2025-07-09 00:00:00,13321,26.27,71.33,22.44,89.8,42.03,2025.0,7
2025-07-09 01:00:00,13322,25.79,71.07,21.99,89.5,34.23,2025.0,7
2025-07-09 02:00:00,13323,25.01,71.0,21.4,88.6,30.7,2025.0,7
2025-07-09 03:00:00,13324,24.72,68.17,20.9,86.53,28.23,2025.0,7
2025-07-09 04:00:00,13325,24.97,64.63,20.81,84.13,,2025.0,7
2025-07-09 05:00:00,13326,25.06,61.69,20.73,81.62,,2025.0,7
2025-07-09 06:00:00,13327,24.86,62.23,20.93,81.37,,2025.0,7
2025-07-09 07:00:00,13328,25.6,60.87,24.08,73.37,26.77,2025.0,7
2025-07-09 08:00:00,13329,26.83,52.97,26.15,64.27,,2025.0,7
2025-07-09 09:00:00,13330,28.05,47.77,27.31,60.43,,2025.0,7
2025-07-09 10:00:00,13331,29.47,42.07,28.51,56.13,,2025.0,7
2025-07-09 11:00:00,13332,30.19,41.22,28.99,55.81,,2025.0,7
2025-07-09 12:00:00,13333,31.48,37.5,30.82,52.47,,2025.0,7
2025-07-09 13:00:00,13334,32.88,36.1,33.2,49.77,,2025.0,7
2025-07-09 14:00:00,13335,32.99,35.77,33.36,48.43,,2025.0,7
2025-07-09 15:00:00,13336,34.4,33.3,35.31,46.2,,2025.0,7
2025-07-09 16:00:00,13337,31.89,42.63,30.03,57.9,27.8,2025.0,7
2025-07-09 17:00:00,13338,29.53,50.9,26.21,67.43,36.97,2025.0,7
2025-07-09 18:00:00,13339,28.91,53.3,25.09,70.67,42.67,2025.0,7
2025-07-09 19:00:00,13340,27.15,58.47,23.35,76.1,39.87,2025.0,7
2025-07-09 20:00:00,13341,26.12,62.13,22.39,80.07,38.93,2025.0,7
2025-07-09 21:00:00,13342,25.6,64.0,22.04,81.0,43.0,2025.0,7
2025-07-09 22:00:00,13343,25.6,64.0,22.04,81.0,43.0,2025.0,7
2025-07-09 23:00:00,13344,25.6,64.0,22.04,81.0,43.0,2025.0,7
2025-07-10 00:00:00,13345,24.05,67.67,20.35,85.5,51.83,2025.0,7
2025-07-10 01:00:00,13346,23.04,66.53,19.45,84.23,29.67,2025.0,7
2025-07-10 02:00:00,13347,23.32,64.8,19.33,83.57,31.83,2025.0,7
2025-07-10 03:00:00,13348,22.56,66.27,18.7,84.83,40.77,2025.0,7
2025-07-10 04:00:00,13349,22.23,64.8,18.39,83.23,50.1,2025.0,7
2025-07-10 05:00:00,13350,22.63,62.93,18.57,82.0,39.83,2025.0,7
2025-07-10 06:00:00,13351,23.13,65.03,18.93,84.8,,2025.0,7
2025-07-10 07:00:00,13352,25.13,58.97,24.55,70.17,,2025.0,7
2025-07-10 08:00:00,13353,26.46,54.33,27.69,62.57,53.83,2025.0,7
2025-07-10 09:00:00,13354,28.95,44.86,28.91,56.82,44.18,2025.0,7
2025-07-10 10:00:00,13355,30.39,43.0,30.61,54.13,39.47,2025.0,7
2025-07-10 11:00:00,13356,30.99,41.57,31.31,52.86,38.71,2025.0,7
2025-07-10 12:00:00,13357,34.44,33.0,35.17,46.0,37.0,2025.0,7
2025-07-10 13:00:00,13358,34.44,33.0,35.17,46.0,37.0,2025.0,7
2025-07-10 14:00:00,13359,34.44,33.0,35.17,46.0,37.0,2025.0,7
2025-07-10 15:00:00,13360,34.44,33.0,35.17,46.0,37.0,2025.0,7
2025-07-10 16:00:00,13361,34.44,33.0,35.17,46.0,37.0,2025.0,7
2025-07-10 17:00:00,13362,34.44,33.0,35.17,46.0,37.0,2025.0,7
2025-07-10 18:00:00,13363,34.44,33.0,35.17,46.0,37.0,2025.0,7
2025-07-10 19:00:00,13364,34.44,33.0,35.17,46.0,37.0,2025.0,7
2025-07-10 20:00:00,13365,34.44,33.0,35.17,46.0,37.0,2025.0,7
2025-07-10 21:00:00,13366,34.44,33.0,35.17,46.0,37.0,2025.0,7
2025-07-10 22:00:00,13367,34.44,33.0,35.17,46.0,37.0,2025.0,7
2025-07-10 23:00:00,13368,34.44,33.0,35.17,46.0,37.0,2025.0,7
2025-07-11 00:00:00,13369,34.44,33.0,35.17,46.0,37.0,2025.0,7
2025-07-11 01:00:00,13370,34.44,33.0,35.17,46.0,37.0,2025.0,7
2025-07-11 02:00:00,13371,34.44,33.0,35.17,46.0,37.0,2025.0,7
2025-07-11 03:00:00,13372,34.44,33.0,35.17,46.0,37.0,2025.0,7
2025-07-11 04:00:00,13373,34.44,33.0,35.17,46.0,37.0,2025.0,7
2025-07-11 05:00:00,13374,34.44,33.0,35.17,46.0,37.0,2025.0,7
2025-07-11 06:00:00,13375,34.44,33.0,35.17,46.0,37.0,2025.0,7
2025-07-11 07:00:00,13376,34.44,33.0,35.17,46.0,37.0,2025.0,7
2025-07-11 08:00:00,13377,34.44,33.0,35.17,46.0,37.0,2025.0,7
2025-07-11 09:00:00,13378,34.44,33.0,35.17,46.0,37.0,2025.0,7
2025-07-11 10:00:00,13379,34.44,33.0,35.17,46.0,37.0,2025.0,7
2025-07-11 11:00:00,13380,34.44,33.0,35.17,46.0,37.0,2025.0,7
2025-07-11 12:00:00,13381,34.44,33.0,35.17,46.0,37.0,2025.0,7
2025-07-11 13:00:00,13382,34.44,33.0,35.17,46.0,37.0,2025.0,7
2025-07-11 14:00:00,13383,34.44,33.0,35.17,46.0,37.0,2025.0,7
2025-07-11 15:00:00,13384,34.44,33.0,35.17,46.0,37.0,2025.0,7
2025-07-11 16:00:00,13385,34.44,33.0,35.17,46.0,37.0,2025.0,7
2025-07-11 17:00:00,13386,34.44,33.0,35.17,46.0,37.0,2025.0,7
2025-07-11 18:00:00,13387,34.44,33.0,35.17,46.0,37.0,2025.0,7
2025-07-11 19:00:00,13388,34.44,33.0,35.17,46.0,37.0,2025.0,7
2025-07-11 20:00:00,13389,34.44,33.0,35.17,46.0,37.0,2025.0,7
2025-07-11 21:00:00,13390,34.44,33.0,35.17,46.0,37.0,2025.0,7
2025-07-11 22:00:00,13391,34.44,33.0,35.17,46.0,37.0,2025.0,7
2025-07-11 23:00:00,13392,34.44,33.0,35.17,46.0,37.0,2025.0,7
2025-07-12 00:00:00,13393,34.44,33.0,35.17,46.0,37.0,2025.0,7
2025-07-12 01:00:00,13394,34.44,33.0,35.17,46.0,37.0,2025.0,7
2025-07-12 02:00:00,13395,34.44,33.0,35.17,46.0,37.0,2025.0,7
2025-07-12 03:00:00,13396,34.44,33.0,35.17,46.0,37.0,2025.0,7
2025-07-12 04:00:00,13397,34.44,33.0,35.17,46.0,37.0,2025.0,7
2025-07-12 05:00:00,13398,34.44,33.0,35.17,46.0,37.0,2025.0,7
2025-07-12 06:00:00,13399,34.44,33.0,35.17,46.0,37.0,2025.0,7
2025-07-12 07:00:00,13400,34.44,33.0,35.17,46.0,37.0,2025.0,7
2025-07-12 08:00:00,13401,34.44,33.0,35.17,46.0,37.0,2025.0,7
2025-07-12 09:00:00,13402,34.44,33.0,35.17,46.0,37.0,2025.0,7
2025-07-12 10:00:00,13403,34.44,33.0,35.17,46.0,37.0,2025.0,7
2025-07-12 11:00:00,13404,34.44,33.0,35.17,46.0,37.0,2025.0,7
2025-07-12 12:00:00,13405,34.44,33.0,35.17,46.0,37.0,2025.0,7
2025-07-12 13:00:00,13406,34.44,33.0,35.17,46.0,37.0,2025.0,7
2025-07-12 14:00:00,13407,34.44,33.0,35.17,46.0,37.0,2025.0,7
2025-07-12 15:00:00,13408,34.44,33.0,35.17,46.0,37.0,2025.0,7
2025-07-12 16:00:00,13409,34.44,33.0,35.17,46.0,37.0,2025.0,7
2025-07-12 17:00:00,13410,34.44,33.0,35.17,46.0,37.0,2025.0,7
2025-07-12 18:00:00,13411,34.44,33.0,35.17,46.0,37.0,2025.0,7
2025-07-12 19:00:00,13412,34.44,33.0,35.17,46.0,37.0,2025.0,7
2025-07-12 20:00:00,13413,34.44,33.0,35.17,46.0,37.0,2025.0,7
2025-07-12 21:00:00,13414,34.44,33.0,35.17,46.0,37.0,2025.0,7
2025-07-12 22:00:00,13415,34.44,33.0,35.17,46.0,37.0,2025.0,7
2025-07-12 23:00:00,13416,34.44,33.0,35.17,46.0,37.0,2025.0,7
2025-07-13 00:00:00,13417,34.44,33.0,35.17,46.0,37.07,2025.0,7
2025-07-13 01:00:00,13418,34.44,33.0,35.17,46.0,37.0,2025.0,7
2025-07-13 02:00:00,13419,34.44,33.0,35.17,46.0,37.0,2025.0,7
2025-07-13 03:00:00,13420,34.44,33.0,35.17,46.0,37.0,2025.0,7
2025-07-13 04:00:00,13421,34.44,33.0,35.17,46.0,37.0,2025.0,7
2025-07-13 05:00:00,13422,34.44,33.0,35.17,46.0,37.0,2025.0,7
2025-07-13 06:00:00,13423,34.44,33.0,35.17,46.0,37.0,2025.0,7
2025-07-13 07:00:00,13424,34.44,33.0,35.17,46.0,37.0,2025.0,7
2025-07-13 08:00:00,13425,34.44,33.0,35.17,46.0,37.0,2025.0,7
2025-07-13 09:00:00,13426,34.44,33.0,35.17,46.0,37.0,2025.0,7
2025-07-13 10:00:00,13427,34.44,33.0,35.17,46.0,37.0,2025.0,7
2025-07-13 11:00:00,13428,34.44,33.0,35.17,46.0,37.0,2025.0,7
2025-07-13 12:00:00,13429,34.44,33.0,35.17,46.0,37.0,2025.0,7
2025-07-13 13:00:00,13430,34.44,33.0,35.17,46.0,37.0,2025.0,7
2025-07-13 14:00:00,13431,34.44,33.0,35.17,46.0,37.0,2025.0,7
2025-07-13 15:00:00,13432,34.44,33.0,35.17,46.0,37.0,2025.0,7
2025-07-13 16:00:00,13433,34.44,33.0,35.17,46.0,37.0,2025.0,7
2025-07-13 17:00:00,13434,34.44,33.0,35.17,46.0,37.0,2025.0,7
2025-07-13 18:00:00,13435,34.44,33.0,35.17,46.0,37.0,2025.0,7
2025-07-13 19:00:00,13436,34.44,33.0,35.17,46.0,37.0,2025.0,7
2025-07-13 20:00:00,13437,34.44,33.0,35.17,46.0,37.0,2025.0,7
2025-07-13 21:00:00,13438,34.44,33.0,35.31,46.03,37.0,2025.0,7
2025-07-13 22:00:00,13439,34.44,33.0,35.17,47.33,37.0,2025.0,7
2025-07-13 23:00:00,13440,34.44,33.0,35.17,46.0,37.0,2025.0,7
2025-07-14 00:00:00,13441,34.44,33.0,35.17,46.0,37.0,2025.0,7
2025-07-14 01:00:00,13442,34.44,33.0,35.17,46.0,37.0,2025.0,7
2025-07-14 03:00:00,13444,34.44,33.0,35.17,46.0,37.0,2025.0,7
2025-07-14 04:00:00,13445,34.44,33.0,35.17,46.0,37.0,2025.0,7
2025-07-14 05:00:00,13446,34.44,33.0,35.17,46.0,37.0,2025.0,7
2025-07-14 06:00:00,13447,34.44,33.0,35.17,46.0,37.0,2025.0,7
2025-07-14 07:00:00,13448,34.44,33.0,35.17,46.0,37.0,2025.0,7
2025-07-14 08:00:00,13449,34.44,33.0,35.17,46.0,37.0,2025.0,7
2025-07-14 09:00:00,13450,34.44,33.0,35.17,46.0,37.0,2025.0,7
2025-07-14 10:00:00,13451,34.44,33.0,35.17,46.0,37.0,2025.0,7
2025-07-14 11:00:00,13452,34.44,33.0,35.17,46.0,37.0,2025.0,7
2025-07-14 12:00:00,13453,34.44,33.0,35.17,46.0,37.0,2025.0,7
2025-07-14 13:00:00,13454,34.44,33.0,35.17,46.0,37.0,2025.0,7
2025-07-14 14:00:00,13455,34.44,33.0,35.17,46.0,37.0,2025.0,7
2025-07-14 15:00:00,13456,34.44,33.0,35.17,46.0,37.0,2025.0,7
2025-07-14 16:00:00,13457,34.44,33.0,35.17,46.0,37.0,2025.0,7
2025-07-14 17:00:00,13458,34.44,33.0,35.17,46.0,37.0,2025.0,7
2025-07-14 18:00:00,13459,34.44,33.0,35.17,46.0,37.0,2025.0,7
2025-07-14 19:00:00,13460,34.44,33.0,35.17,46.0,37.0,2025.0,7
2025-07-14 20:00:00,13461,34.44,33.0,35.17,46.0,37.0,2025.0,7
2025-07-14 21:00:00,13462,34.44,33.0,35.17,46.0,37.0,2025.0,7
2025-07-14 22:00:00,13463,34.44,33.0,35.17,46.0,37.0,2025.0,7
2025-07-14 23:00:00,13464,34.44,33.0,35.17,46.0,37.0,2025.0,7
2025-07-15 00:00:00,13465,34.44,33.0,35.17,46.0,37.0,2025.0,7
2025-07-15 01:00:00,13466,34.44,33.0,35.17,46.0,37.0,2025.0,7
2025-07-15 02:00:00,13467,34.44,33.0,35.17,46.0,37.0,2025.0,7
2025-07-15 03:00:00,13468,34.44,33.0,35.17,46.0,37.0,2025.0,7
2025-07-15 04:00:00,13469,34.44,33.0,35.17,46.0,37.0,2025.0,7
2025-07-15 05:00:00,13470,34.44,33.0,35.17,46.0,37.0,2025.0,7
2025-07-15 06:00:00,13471,34.44,33.0,35.17,46.0,37.0,2025.0,7
2025-07-15 07:00:00,13472,34.44,33.0,35.17,46.0,37.0,2025.0,7
2025-07-15 08:00:00,13473,34.44,33.0,35.17,46.0,37.0,2025.0,7
2025-07-15 09:00:00,13474,34.44,33.0,35.17,46.0,37.0,2025.0,7
2025-07-15 10:00:00,13475,34.44,33.0,35.17,46.0,37.0,2025.0,7
2025-07-15 11:00:00,13476,34.44,33.0,35.17,46.0,37.0,2025.0,7
2025-07-15 12:00:00,13477,34.44,33.0,35.17,46.0,37.0,2025.0,7
2025-07-15 13:00:00,13478,34.44,33.0,35.17,46.0,37.0,2025.0,7
2025-07-15 14:00:00,13479,34.44,33.0,35.17,46.0,37.0,2025.0,7
2025-07-15 15:00:00,13480,34.44,33.0,35.17,46.0,37.0,2025.0,7
2025-07-15 16:00:00,13481,34.44,33.0,35.17,46.0,37.0,2025.0,7
2025-07-15 17:00:00,13482,34.44,33.0,35.17,46.0,37.0,2025.0,7
2025-07-15 18:00:00,13483,34.44,33.0,35.17,46.0,37.0,2025.0,7
2025-07-15 19:00:00,13484,34.44,33.0,35.17,46.0,37.0,2025.0,7
2025-07-15 20:00:00,13485,34.44,33.0,35.17,46.0,37.0,2025.0,7
2025-07-15 21:00:00,13486,34.44,33.0,35.17,46.0,37.0,2025.0,7
2025-07-15 22:00:00,13487,34.44,33.0,35.17,46.0,37.0,2025.0,7
2025-07-15 23:00:00,13488,34.44,33.0,35.17,46.0,37.0,2025.0,7
2025-07-16 00:00:00,13489,34.44,33.0,35.17,46.0,37.0,2025.0,7
2025-07-16 01:00:00,13490,34.44,33.0,35.17,46.0,37.0,2025.0,7
2025-07-16 02:00:00,13491,34.44,33.0,35.17,46.0,36.93,2025.0,7
2025-07-16 03:00:00,13492,34.44,33.0,35.17,46.0,37.0,2025.0,7
2025-07-16 04:00:00,13493,34.44,33.0,35.17,46.0,37.0,2025.0,7
2025-07-16 05:00:00,13494,34.44,33.0,35.17,46.0,37.0,2025.0,7
2025-07-16 06:00:00,13495,34.44,33.0,35.17,46.0,37.0,2025.0,7
2025-07-16 07:00:00,13496,34.44,33.0,35.17,46.0,37.0,2025.0,7
2025-07-16 08:00:00,13497,34.44,33.0,35.17,46.0,37.0,2025.0,7
2025-07-16 09:00:00,13498,34.44,33.0,35.17,46.0,37.0,2025.0,7
2025-07-16 10:00:00,13499,34.44,33.0,35.17,46.0,37.0,2025.0,7
2025-07-16 11:00:00,13500,34.44,33.0,35.17,46.0,37.0,2025.0,7
2025-07-16 12:00:00,13501,34.44,33.0,35.17,46.0,37.0,2025.0,7
2025-07-16 13:00:00,13502,34.44,33.0,35.17,46.0,37.0,2025.0,7
2025-07-16 14:00:00,13503,34.44,33.0,35.17,46.0,37.0,2025.0,7
2025-07-16 15:00:00,13504,34.44,33.0,35.17,46.0,37.0,2025.0,7
2025-07-16 16:00:00,13505,34.44,33.0,35.17,46.0,37.0,2025.0,7
2025-07-16 17:00:00,13506,34.44,33.0,35.17,46.0,37.0,2025.0,7
2025-07-16 18:00:00,13507,34.44,33.0,35.17,46.0,37.0,2025.0,7
2025-07-16 19:00:00,13508,34.44,33.0,35.17,46.0,37.0,2025.0,7
2025-07-16 20:00:00,13509,34.44,33.0,35.17,46.0,37.0,2025.0,7
2025-07-16 21:00:00,13510,34.44,33.0,35.17,46.0,37.0,2025.0,7
2025-07-16 22:00:00,13511,34.44,33.0,35.17,46.0,37.0,2025.0,7
2025-07-16 23:00:00,13512,34.44,33.0,35.17,46.0,37.0,2025.0,7
2025-07-17 00:00:00,13513,34.44,33.0,35.17,46.0,37.0,2025.0,7
2025-07-17 01:00:00,13514,34.44,33.0,35.17,46.0,37.0,2025.0,7
2025-07-17 02:00:00,13515,34.44,33.0,35.17,46.0,37.0,2025.0,7
2025-07-17 03:00:00,13516,34.44,33.0,35.17,46.0,37.0,2025.0,7
2025-07-17 04:00:00,13517,34.44,33.0,35.17,46.0,37.0,2025.0,7
2025-07-17 05:00:00,13518,34.44,33.0,35.17,46.0,37.0,2025.0,7
2025-07-17 06:00:00,13519,34.44,33.0,35.17,46.0,37.0,2025.0,7
2025-07-17 07:00:00,13520,34.44,33.0,35.17,46.0,37.0,2025.0,7
2025-07-17 08:00:00,13521,34.44,33.0,35.17,46.0,37.0,2025.0,7
2025-07-17 09:00:00,13522,34.44,33.0,35.17,46.0,37.0,2025.0,7
2025-07-17 10:00:00,13523,34.44,33.0,35.17,46.0,37.0,2025.0,7
2025-07-17 11:00:00,13524,34.44,33.0,35.17,46.0,37.0,2025.0,7
2025-07-17 12:00:00,13525,34.44,33.0,35.17,46.0,37.0,2025.0,7
2025-07-17 13:00:00,13526,34.44,33.0,35.17,46.0,37.0,2025.0,7
2025-07-17 14:00:00,13527,34.44,33.0,35.17,46.0,37.0,2025.0,7
2025-07-17 15:00:00,13528,34.44,33.0,35.17,46.0,37.0,2025.0,7
2025-07-17 16:00:00,13529,34.44,33.0,35.17,46.0,37.0,2025.0,7
2025-07-17 17:00:00,13530,34.44,33.0,35.17,46.0,37.0,2025.0,7
2025-07-17 18:00:00,13531,34.44,33.0,35.17,46.0,37.0,2025.0,7
2025-07-17 19:00:00,13532,34.44,33.0,35.17,46.0,37.0,2025.0,7
2025-07-17 20:00:00,13533,34.44,33.0,35.17,46.0,37.0,2025.0,7
2025-07-17 21:00:00,13534,34.44,33.0,35.17,46.0,37.0,2025.0,7
2025-07-17 22:00:00,13535,34.44,33.0,35.17,46.0,37.0,2025.0,7
2025-07-17 23:00:00,13536,34.44,33.0,35.17,46.0,37.0,2025.0,7
2025-07-18 00:00:00,13537,34.44,33.0,35.17,46.0,37.0,2025.0,7
2025-07-18 01:00:00,13538,34.44,33.0,35.17,46.0,37.0,2025.0,7
2025-07-18 02:00:00,13539,34.44,33.0,35.17,46.0,37.0,2025.0,7
2025-07-18 03:00:00,13540,34.44,33.0,35.17,46.0,37.0,2025.0,7
2025-07-18 04:00:00,13541,34.44,33.0,35.17,46.0,37.0,2025.0,7
2025-07-18 05:00:00,13542,34.44,33.0,35.17,46.0,37.0,2025.0,7
2025-07-18 06:00:00,13543,34.44,33.0,35.17,46.0,37.0,2025.0,7
2025-07-18 07:00:00,13544,34.44,33.0,35.17,46.0,37.0,2025.0,7
2025-07-18 08:00:00,13545,34.44,33.0,35.17,46.0,37.0,2025.0,7
2025-07-18 09:00:00,13546,34.44,33.0,35.17,46.0,37.0,2025.0,7
2025-07-18 10:00:00,13547,34.44,33.0,35.17,46.0,37.0,2025.0,7
2025-07-18 11:00:00,13548,34.44,33.0,35.17,46.0,37.0,2025.0,7
2025-07-18 12:00:00,13549,34.44,33.0,35.17,46.0,37.0,2025.0,7
2025-07-18 13:00:00,13550,34.44,33.0,35.17,46.0,37.0,2025.0,7
2025-07-18 14:00:00,13551,33.96,38.4,33.66,52.17,45.47,2025.0,7
2025-07-18 15:00:00,13552,33.5,42.5,31.45,58.37,,2025.0,7
2025-07-18 16:00:00,13553,30.81,47.87,27.76,64.53,,2025.0,7
2025-07-18 17:00:00,13554,30.52,51.27,26.36,69.47,,2025.0,7
2025-07-18 18:00:00,13555,29.87,53.63,25.44,72.23,54.4,2025.0,7
2025-07-18 19:00:00,13556,28.67,57.33,24.55,75.4,,2025.0,7
2025-07-18 20:00:00,13557,28.19,59.97,23.95,78.47,,2025.0,7
2025-07-18 21:00:00,13558,27.86,62.53,23.56,81.23,,2025.0,7
2025-07-18 22:00:00,13559,26.52,71.59,22.63,89.38,,2025.0,7
2025-07-18 23:00:00,13560,26.19,72.77,22.22,90.93,,2025.0,7
2025-07-19 00:00:00,13561,26.53,67.87,22.06,87.8,,2025.0,7
2025-07-19 01:00:00,13562,26.15,64.33,21.57,84.37,,2025.0,7
2025-07-19 02:00:00,13563,26.02,64.73,21.16,85.5,,2025.0,7
2025-07-19 03:00:00,13564,25.16,66.17,20.29,87.13,,2025.0,7
2025-07-19 04:00:00,13565,24.27,66.57,19.67,86.83,,2025.0,7
2025-07-19 05:00:00,13566,24.06,67.03,19.06,88.47,,2025.0,7
2025-07-19 06:00:00,13567,23.78,68.17,19.44,87.93,,2025.0,7
2025-07-19 07:00:00,13568,26.22,60.87,26.61,69.47,,2025.0,7
2025-07-19 08:00:00,13569,29.41,51.7,31.31,58.87,,2025.0,7
2025-07-19 09:00:00,13570,31.05,45.1,32.17,55.57,46.7,2025.0,7
2025-07-19 10:00:00,13571,31.07,43.37,31.59,55.17,29.73,2025.0,7
2025-07-19 11:00:00,13572,32.63,39.23,32.34,53.43,,2025.0,7
2025-07-19 12:00:00,13573,33.74,36.37,32.92,51.8,,2025.0,7
2025-07-19 13:00:00,13574,33.86,37.37,33.01,52.73,28.7,2025.0,7
2025-07-19 14:00:00,13575,34.47,37.21,34.86,50.75,29.42,2025.0,7
2025-07-19 15:00:00,13576,33.38,39.8,30.78,56.8,31.04,2025.0,7
2025-07-19 16:00:00,13577,32.5,42.89,29.3,60.39,27.57,2025.0,7
2025-07-19 17:00:00,13578,30.88,49.07,26.74,67.45,30.76,2025.0,7
2025-07-19 18:00:00,13579,29.56,52.62,25.33,70.96,34.96,2025.0,7
2025-07-19 20:00:00,13581,27.98,60.8,23.63,79.67,52.23,2025.0,7
2025-07-19 21:00:00,13582,27.48,59.4,23.08,78.63,43.0,2025.0,7
2025-07-19 22:00:00,13583,27.08,55.0,22.85,73.87,30.63,2025.0,7
2025-07-19 23:00:00,13584,25.98,57.17,22.34,74.27,,2025.0,7
2025-07-20 00:00:00,13585,25.62,59.73,21.58,78.0,31.23,2025.0,7
2025-07-20 01:00:00,13586,24.66,64.07,20.47,82.77,35.3,2025.0,7
2025-07-20 02:00:00,13587,24.33,64.7,20.03,83.93,40.6,2025.0,7
2025-07-20 03:00:00,13588,24.07,67.0,19.46,87.1,,2025.0,7
2025-07-20 04:00:00,13589,23.76,67.5,18.88,88.7,,2025.0,7
2025-07-20 05:00:00,13590,23.83,66.2,18.85,87.7,,2025.0,7
2025-07-20 06:00:00,13591,23.44,67.45,18.88,87.97,,2025.0,7
2025-07-20 07:00:00,13592,25.11,62.83,26.15,69.67,,2025.0,7
2025-07-20 08:00:00,13593,29.55,50.5,32.27,56.83,53.2,2025.0,7
2025-07-20 09:00:00,13594,31.12,44.53,33.09,54.0,33.03,2025.0,7
2025-07-20 10:00:00,13595,32.2,40.3,33.72,51.73,,2025.0,7
2025-07-20 11:00:00,13596,33.08,37.8,32.77,52.07,,2025.0,7
2025-07-20 12:00:00,13597,33.65,37.5,34.09,50.97,,2025.0,7
2025-07-20 13:00:00,13598,34.25,36.93,34.65,50.43,29.5,2025.0,7
2025-07-20 14:00:00,13599,33.31,39.2,32.59,53.87,36.0,2025.0,7
2025-07-20 15:00:00,13600,32.68,41.2,31.49,56.03,37.23,2025.0,7
2025-07-20 16:00:00,13601,31.62,43.83,28.35,61.27,31.6,2025.0,7
2025-07-20 17:00:00,13602,29.64,50.4,26.31,67.17,34.63,2025.0,7
2025-07-20 18:00:00,13603,29.58,51.14,25.49,69.07,35.38,2025.0,7
2025-07-20 19:00:00,13604,28.29,57.17,24.41,74.87,44.13,2025.0,7
2025-07-20 20:00:00,13605,27.61,62.53,23.17,81.93,50.3,2025.0,7
2025-07-20 21:00:00,13606,27.2,59.8,22.57,79.63,43.3,2025.0,7
2025-07-20 22:00:00,13607,26.39,59.13,22.02,78.33,29.73,2025.0,7
2025-07-20 23:00:00,13608,25.66,61.23,21.41,80.2,26.37,2025.0,7
2025-07-21 00:00:00,13609,24.7,64.6,20.7,83.0,30.17,2025.0,7
2025-07-21 01:00:00,13610,24.07,66.8,20.1,84.73,26.17,2025.0,7
2025-07-21 02:00:00,13611,23.48,67.77,19.73,85.17,,2025.0,7
2025-07-21 03:00:00,13612,23.94,65.53,19.59,84.7,,2025.0,7
2025-07-21 04:00:00,13613,23.61,66.57,19.37,85.8,32.47,2025.0,7
2025-07-21 05:00:00,13614,23.22,67.43,19.04,86.3,31.43,2025.0,7
2025-07-21 06:00:00,13615,23.26,69.23,19.22,88.03,53.63,2025.0,7
2025-07-21 07:00:00,13616,25.3,61.47,24.39,72.27,,2025.0,7
2025-07-21 08:00:00,13617,28.01,53.03,29.19,61.63,48.87,2025.0,7
2025-07-21 09:00:00,13618,30.27,47.07,32.0,56.53,37.53,2025.0,7
2025-07-21 10:00:00,13619,31.58,43.63,32.57,55.27,35.17,2025.0,7
2025-07-21 11:00:00,13620,33.47,39.0,33.76,52.6,26.23,2025.0,7
2025-07-21 12:00:00,13621,34.89,35.69,34.86,50.1,30.48,2025.0,7
2025-07-21 13:00:00,13622,35.23,35.83,34.65,50.9,35.1,2025.0,7
2025-07-21 14:00:00,13623,33.28,40.17,30.56,57.8,45.9,2025.0,7
2025-07-21 15:00:00,13624,32.84,43.87,30.24,60.73,54.47,2025.0,7
2025-07-21 16:00:00,13625,32.15,45.87,28.68,63.6,45.47,2025.0,7
2025-07-21 17:00:00,13626,29.84,51.2,26.01,68.97,38.03,2025.0,7
2025-07-21 18:00:00,13627,27.89,57.91,24.39,74.65,47.22,2025.0,7
2025-07-21 19:00:00,13628,26.41,64.3,23.03,80.44,50.85,2025.0,7
2025-07-21 22:00:00,13631,24.74,66.6,20.73,85.0,50.13,2025.0,7
2025-07-22 07:00:00,13640,25.36,60.33,25.52,69.37,,2025.0,7
2025-07-22 08:00:00,13641,28.62,52.07,30.24,60.1,,2025.0,7
2025-07-22 09:00:00,13642,29.56,48.2,30.78,57.8,,2025.0,7
2025-07-22 10:00:00,13643,30.62,41.23,31.06,54.03,38.07,2025.0,7
2025-07-22 11:00:00,13644,32.05,40.4,31.98,54.13,43.73,2025.0,7
2025-07-22 12:00:00,13645,33.46,38.13,33.32,52.53,42.0,2025.0,7
2025-07-22 13:00:00,13646,33.27,39.77,32.53,54.47,41.07,2025.0,7
2025-07-22 14:00:00,13647,32.54,41.73,30.15,58.43,40.03,2025.0,7
2025-07-22 15:00:00,13648,32.02,42.53,28.97,60.1,38.97,2025.0,7
2025-07-22 16:00:00,13649,31.23,46.33,27.45,64.7,46.63,2025.0,7
2025-07-22 17:00:00,13650,29.65,51.8,25.73,69.63,48.83,2025.0,7
2025-07-22 18:00:00,13651,28.7,55.2,24.38,74.1,,2025.0,7
2025-07-22 19:00:00,13652,27.16,61.67,23.09,80.03,,2025.0,7
2025-07-22 20:00:00,13653,26.03,66.43,22.32,83.6,,2025.0,7
2025-07-22 21:00:00,13654,25.75,67.13,21.77,85.33,,2025.0,7
2025-07-22 22:00:00,13655,25.67,67.13,21.28,86.6,,2025.0,7
2025-07-22 23:00:00,13656,25.69,66.03,21.1,86.33,,2025.0,7
2025-07-23 00:00:00,13657,25.48,66.4,20.93,86.33,,2025.0,7
2025-07-23 01:00:00,13658,24.92,68.4,20.41,88.6,,2025.0,7
2025-07-23 02:00:00,13659,24.87,68.9,20.4,88.8,,2025.0,7
2025-07-23 03:00:00,13660,24.14,71.1,19.85,90.6,,2025.0,7
2025-07-23 04:00:00,13661,24.01,71.23,19.33,92.4,,2025.0,7
2025-07-23 05:00:00,13662,23.72,71.77,19.04,92.83,,2025.0,7
2025-07-23 06:00:00,13663,23.27,72.03,19.22,91.2,,2025.0,7
2025-07-23 07:00:00,13664,25.24,66.8,24.12,77.67,,2025.0,7
2025-07-23 08:00:00,13665,29.18,56.83,31.18,62.53,,2025.0,7
2025-07-23 09:00:00,13666,30.94,48.07,32.33,57.5,,2025.0,7
2025-07-23 10:00:00,13667,31.76,45.57,32.92,56.13,49.1,2025.0,7
2025-07-23 11:00:00,13668,32.8,43.97,32.82,56.8,47.5,2025.0,7
2025-07-23 12:00:00,13669,33.32,42.53,33.06,56.2,42.53,2025.0,7
2025-07-23 13:00:00,13670,32.59,43.5,30.6,59.23,39.8,2025.0,7
2025-07-23 14:00:00,13671,33.38,42.03,30.61,59.43,44.3,2025.0,7
2025-07-23 15:00:00,13672,31.12,49.97,27.72,66.97,,2025.0,7
2025-07-23 16:00:00,13673,29.96,52.33,27.41,67.27,46.07,2025.0,7
2025-07-23 17:00:00,13674,29.17,55.07,25.88,71.2,47.23,2025.0,7
2025-07-23 18:00:00,13675,28.8,58.03,25.08,75.17,52.77,2025.0,7
2025-07-23 19:00:00,13676,28.97,58.17,24.64,77.1,,2025.0,7
2025-07-23 20:00:00,13677,27.16,65.43,23.31,83.03,,2025.0,7
2025-07-23 21:00:00,13678,26.27,68.03,22.77,84.53,,2025.0,7
2025-07-23 22:00:00,13679,26.48,67.46,22.42,85.81,,2025.0,7
2025-07-23 23:00:00,13680,25.59,70.9,21.51,89.7,,2025.0,7
2025-07-24 00:00:00,13681,25.46,71.03,21.18,90.27,,2025.0,7
2025-07-24 01:00:00,13682,25.08,71.27,20.77,90.8,,2025.0,7
2025-07-24 02:00:00,13683,24.66,70.97,20.46,90.17,,2025.0,7
2025-07-24 03:00:00,13684,24.76,69.77,20.14,90.4,,2025.0,7
2025-07-24 04:00:00,13685,24.48,69.43,19.69,90.6,,2025.0,7
2025-07-24 05:00:00,13686,24.11,70.13,19.28,91.8,,2025.0,7
2025-07-24 06:00:00,13687,23.89,69.5,19.69,89.23,,2025.0,7
2025-07-24 07:00:00,13688,26.08,64.0,25.19,74.5,,2025.0,7
2025-07-24 08:00:00,13689,28.99,55.6,29.8,64.1,,2025.0,7
2025-07-24 09:00:00,13690,31.46,49.4,33.03,58.43,,2025.0,7
2025-07-24 10:00:00,13691,32.32,44.87,33.03,56.57,48.63,2025.0,7
2025-07-24 11:00:00,13692,33.6,40.9,33.66,54.67,43.43,2025.0,7
2025-07-24 12:00:00,13693,35.45,32.5,35.68,46.47,33.93,2025.0,7
2025-07-24 13:00:00,13694,36.14,31.33,35.93,45.87,35.27,2025.0,7
2025-07-24 14:00:00,13695,34.56,37.83,32.36,54.93,40.23,2025.0,7
2025-07-24 15:00:00,13696,32.75,43.13,29.16,61.57,38.97,2025.0,7
2025-07-24 16:00:00,13697,31.72,46.67,27.92,65.1,40.03,2025.0,7
2025-07-24 17:00:00,13698,30.56,51.23,26.88,68.8,43.23,2025.0,7
2025-07-24 18:00:00,13699,28.87,59.8,25.36,76.47,54.03,2025.0,7
2025-07-24 19:00:00,13700,27.72,66.67,24.22,83.37,,2025.0,7
2025-07-24 20:00:00,13701,27.25,68.7,23.86,84.9,,2025.0,7
2025-07-24 21:00:00,13702,27.36,66.63,23.82,83.37,,2025.0,7
2025-07-24 22:00:00,13703,27.49,65.07,23.5,83.33,,2025.0,7
2025-07-25 00:00:00,13705,25.67,70.2,21.63,88.73,46.23,2025.0,7
2025-07-25 01:00:00,13706,25.08,71.27,21.23,89.13,45.0,2025.0,7
2025-07-25 02:00:00,13707,24.4,72.67,20.7,90.2,47.77,2025.0,7
2025-07-25 03:00:00,13708,24.18,71.87,20.3,90.0,48.07,2025.0,7
2025-07-25 04:00:00,13709,23.92,72.07,20.02,90.37,49.73,2025.0,7
2025-07-25 05:00:00,13710,23.89,71.67,19.92,90.13,54.0,2025.0,7
2025-07-25 06:00:00,13711,24.55,71.43,20.54,90.27,,2025.0,7
2025-07-25 07:00:00,13712,26.84,64.57,26.07,74.67,,2025.0,7
2025-07-25 08:00:00,13713,29.1,56.33,29.82,64.8,,2025.0,7
2025-07-25 09:00:00,13714,30.68,51.87,31.31,61.77,52.97,2025.0,7
2025-07-25 10:00:00,13715,31.7,48.1,32.1,59.5,39.23,2025.0,7
2025-07-25 11:00:00,13716,32.32,47.17,31.41,60.9,39.83,2025.0,7
2025-07-25 12:00:00,13717,31.34,49.67,28.56,65.93,37.2,2025.0,7
2025-07-25 13:00:00,13718,30.75,51.9,27.81,68.07,38.53,2025.0,7
2025-07-25 14:00:00,13719,30.21,54.37,27.19,70.23,41.4,2025.0,7
2025-07-25 15:00:00,13720,30.85,54.07,27.74,70.3,44.43,2025.0,7
2025-07-25 16:00:00,13721,30.7,54.07,27.48,70.5,47.5,2025.0,7
2025-07-25 17:00:00,13722,29.87,56.07,26.1,73.63,47.2,2025.0,7
2025-07-25 18:00:00,13723,28.3,63.87,24.67,81.0,,2025.0,7
2025-07-25 19:00:00,13724,27.06,70.23,23.68,86.27,,2025.0,7
2025-07-25 20:00:00,13725,27.76,65.37,23.49,84.33,,2025.0,7
2025-07-25 21:00:00,13726,26.63,70.3,22.88,87.83,,2025.0,7
2025-07-25 22:00:00,13727,26.31,72.43,22.08,91.53,,2025.0,7
2025-07-25 23:00:00,13728,25.89,73.4,21.56,93.0,,2025.0,7
2025-07-26 00:00:00,13729,25.74,72.43,21.36,92.17,,2025.0,7
2025-07-26 01:00:00,13730,25.33,72.13,21.11,91.5,,2025.0,7
2025-07-26 02:00:00,13731,24.9,72.72,20.72,92.03,,2025.0,7
2025-07-26 03:00:00,13732,24.88,72.8,20.21,93.7,,2025.0,7
2025-07-26 04:00:00,13733,24.61,71.73,19.64,93.97,,2025.0,7
2025-07-26 05:00:00,13734,24.19,70.17,19.4,92.0,,2025.0,7
2025-07-26 06:00:00,13735,24.41,68.07,20.09,88.04,,2025.0,7
2025-07-26 07:00:00,13736,26.62,63.34,26.25,72.93,,2025.0,7
2025-07-26 08:00:00,13737,28.92,57.33,29.71,65.6,,2025.0,7
2025-07-26 09:00:00,13738,31.37,48.87,33.0,58.57,50.77,2025.0,7
2025-07-26 10:00:00,13739,33.0,45.07,33.62,57.37,46.2,2025.0,7
2025-07-26 11:00:00,13740,34.31,43.03,33.24,58.07,50.37,2025.0,7
2025-07-26 12:00:00,13741,33.83,43.57,31.98,59.8,42.1,2025.0,7
2025-07-26 13:00:00,13742,32.99,45.0,30.21,62.23,37.97,2025.0,7
2025-07-26 14:00:00,13743,32.85,46.53,29.31,64.7,40.73,2025.0,7
2025-07-26 15:00:00,13744,31.96,49.07,28.54,66.8,40.77,2025.0,7
2025-07-26 16:00:00,13745,32.33,48.53,28.61,66.9,45.37,2025.0,7
2025-07-26 17:00:00,13746,31.64,51.93,27.81,70.23,50.43,2025.0,7
2025-07-26 18:00:00,13747,30.28,58.4,25.91,77.47,,2025.0,7
2025-07-26 19:00:00,13748,29.24,63.07,24.99,81.93,,2025.0,7
2025-07-26 20:00:00,13749,28.48,67.03,24.26,86.1,,2025.0,7
2025-07-26 21:00:00,13750,28.02,68.43,23.88,87.07,,2025.0,7
2025-07-26 22:00:00,13751,27.95,67.77,23.75,86.57,,2025.0,7
2025-07-26 23:00:00,13752,27.33,70.57,23.15,89.6,,2025.0,7
2025-07-27 00:00:00,13753,26.8,72.77,22.65,91.77,,2025.0,7
2025-07-27 01:00:00,13754,26.38,72.33,22.54,90.27,,2025.0,7
2025-07-27 02:00:00,13755,26.49,70.43,22.22,89.7,,2025.0,7
2025-07-27 03:00:00,13756,26.09,72.23,21.71,92.17,,2025.0,7
2025-07-27 04:00:00,13757,25.72,72.77,21.14,93.43,,2025.0,7
2025-07-27 05:00:00,13758,25.54,73.33,21.08,93.63,,2025.0,7
2025-07-27 06:00:00,13759,25.63,72.37,21.55,91.67,,2025.0,7
2025-07-27 07:00:00,13760,27.65,66.1,26.97,75.9,,2025.0,7
2025-07-27 08:00:00,13761,30.3,58.37,31.19,66.13,,2025.0,7
2025-07-27 09:00:00,13762,32.57,51.07,33.78,60.47,,2025.0,7
2025-07-27 10:00:00,13763,34.5,44.9,35.42,56.63,,2025.0,7
2025-07-27 11:00:00,13764,35.08,42.0,34.33,56.83,49.17,2025.0,7
2025-07-27 12:00:00,13765,33.5,46.03,30.61,63.13,52.67,2025.0,7
2025-07-27 13:00:00,13766,33.08,46.9,29.77,64.7,53.5,2025.0,7
2025-07-27 14:00:00,13767,32.93,48.53,30.02,65.37,55.8,2025.0,7
2025-07-27 15:00:00,13768,31.84,49.83,28.48,67.37,54.63,2025.0,7
2025-07-27 16:00:00,13769,31.39,52.47,27.61,70.13,,2025.0,7
2025-07-27 17:00:00,13770,30.32,56.43,26.56,73.73,,2025.0,7
2025-07-27 18:00:00,13771,29.47,61.77,25.69,79.2,,2025.0,7
2025-07-27 19:00:00,13772,28.01,67.87,22.71,92.47,,2025.0,7
2025-07-27 20:00:00,13773,27.19,72.03,21.85,98.0,,2025.0,7
2025-07-27 21:00:00,13774,26.59,74.17,21.64,98.0,,2025.0,7
2025-07-27 22:00:00,13775,26.28,73.83,21.35,98.0,,2025.0,7
2025-07-27 23:00:00,13776,26.43,70.9,21.15,97.93,55.47,2025.0,7
2025-07-28 00:00:00,13777,26.11,68.2,20.85,97.0,47.43,2025.0,7
2025-07-28 01:00:00,13778,25.96,67.07,21.09,96.4,42.37,2025.0,7
2025-07-28 02:00:00,13779,26.25,64.67,21.55,87.03,39.63,2025.0,7
2025-07-28 03:00:00,13780,26.01,66.03,21.46,87.13,45.4,2025.0,7
2025-07-28 04:00:00,13781,25.57,67.1,21.38,86.77,38.5,2025.0,7
2025-07-28 05:00:00,13782,24.55,70.97,20.87,88.93,42.9,2025.0,7
2025-07-28 06:00:00,13783,25.15,70.33,21.06,90.0,54.62,2025.0,7
2025-07-28 07:00:00,13784,27.05,66.24,26.23,77.21,,2025.0,7
2025-07-28 08:00:00,13785,30.07,56.4,30.26,66.57,45.43,2025.0,7
2025-07-28 09:00:00,13786,32.68,49.13,33.71,60.13,33.77,2025.0,7
2025-07-28 10:00:00,13787,33.62,46.53,33.85,59.47,33.23,2025.0,7
2025-07-28 11:00:00,13788,34.45,44.83,34.44,58.7,31.27,2025.0,7
2025-07-28 12:00:00,13789,34.98,42.13,34.25,57.57,,2025.0,7
2025-07-28 13:00:00,13790,33.19,47.97,29.86,66.4,35.1,2025.0,7
2025-07-28 14:00:00,13791,29.15,58.23,26.04,74.5,36.77,2025.0,7
2025-07-28 15:00:00,13792,30.03,58.6,26.24,76.57,54.7,2025.0,7
2025-07-28 16:00:00,13793,29.77,60.87,26.15,78.3,,2025.0,7
2025-07-28 17:00:00,13794,28.25,64.2,24.4,81.97,31.7,2025.0,7
2025-07-28 18:00:00,13795,26.85,68.77,22.57,88.13,34.0,2025.0,7
2025-07-28 19:00:00,13796,25.54,73.07,21.28,92.53,38.13,2025.0,7
2025-07-28 20:00:00,13797,26.42,69.87,22.07,89.6,46.37,2025.0,7
2025-07-28 21:00:00,13798,26.61,68.2,21.94,89.1,,2025.0,7
2025-07-28 22:00:00,13799,26.36,69.67,21.69,90.87,,2025.0,7
2025-07-28 23:00:00,13800,26.2,71.13,21.56,91.93,,2025.0,7
2025-07-29 00:00:00,13801,25.85,72.1,21.48,92.17,55.63,2025.0,7
2025-07-29 01:00:00,13802,25.71,72.33,21.3,92.67,49.33,2025.0,7
2025-07-29 02:00:00,13803,25.68,72.0,21.04,92.97,47.1,2025.0,7
2025-07-29 03:00:00,13804,25.52,71.87,20.74,93.5,,2025.0,7
2025-07-29 04:00:00,13805,25.39,71.87,20.85,92.9,49.0,2025.0,7
2025-07-29 05:00:00,13806,25.36,71.93,21.02,92.07,51.3,2025.0,7
2025-07-29 06:00:00,13807,25.82,71.07,22.06,89.17,42.87,2025.0,7
2025-07-29 07:00:00,13808,27.41,67.61,25.74,80.07,36.71,2025.0,7
2025-07-29 08:00:00,13809,28.71,62.27,27.23,74.23,,2025.0,7
2025-07-29 09:00:00,13810,28.8,61.87,28.06,72.23,,2025.0,7
2025-07-29 10:00:00,13811,29.48,60.2,27.33,73.97,,2025.0,7
2025-07-29 11:00:00,13812,30.82,55.77,29.58,69.13,,2025.0,7
2025-07-29 12:00:00,13813,31.16,54.77,29.88,68.4,,2025.0,7
2025-07-29 13:00:00,13814,31.35,54.57,30.36,67.87,,2025.0,7
2025-07-29 14:00:00,13815,30.92,56.27,29.97,68.9,,2025.0,7
2025-07-29 15:00:00,13816,30.78,56.5,30.26,68.4,,2025.0,7
2025-07-29 16:00:00,13817,30.12,57.8,28.86,70.53,,2025.0,7
2025-07-29 17:00:00,13818,28.27,62.43,25.45,77.5,28.57,2025.0,7
2025-07-29 18:00:00,13819,27.3,65.53,24.05,81.5,30.0,2025.0,7
2025-07-29 19:00:00,13820,26.6,68.6,23.26,84.5,28.27,2025.0,7
2025-07-29 20:00:00,13821,26.96,67.1,22.86,85.7,28.47,2025.0,7
2025-07-29 21:00:00,13822,26.89,67.0,22.62,86.0,28.5,2025.0,7
2025-07-29 22:00:00,13823,26.59,68.0,22.3,87.0,,2025.0,7
2025-07-29 23:00:00,13824,25.9,70.57,22.03,88.43,,2025.0,7
2025-07-30 00:00:00,13825,25.74,71.41,21.53,90.59,,2025.0,7
2025-07-30 01:00:00,13826,25.88,70.73,21.27,91.5,,2025.0,7
2025-07-30 02:00:00,13827,26.09,69.9,21.48,90.43,31.27,2025.0,7
2025-07-30 03:00:00,13828,25.56,71.63,21.16,91.73,43.2,2025.0,7
2025-07-30 04:00:00,13829,25.15,72.97,20.95,92.53,43.07,2025.0,7
2025-07-30 05:00:00,13830,25.26,71.9,20.91,91.8,43.67,2025.0,7
2025-07-30 06:00:00,13831,25.27,71.87,21.12,91.4,,2025.0,7
2025-07-30 07:00:00,13832,26.89,67.63,24.53,81.67,47.03,2025.0,7
2025-07-30 08:00:00,13833,28.19,64.4,26.02,78.13,43.97,2025.0,7
2025-07-30 09:00:00,13834,30.18,59.4,29.45,70.77,36.4,2025.0,7
2025-07-30 10:00:00,13835,30.62,57.43,29.72,69.57,29.93,2025.0,7
2025-07-30 11:00:00,13836,31.01,54.93,29.82,68.47,,2025.0,7
2025-07-30 12:00:00,13837,31.22,54.0,29.6,68.6,,2025.0,7
2025-07-30 13:00:00,13838,30.93,55.37,29.73,68.73,27.17,2025.0,7
2025-07-30 14:00:00,13839,31.19,54.87,30.53,67.53,28.7,2025.0,7
2025-07-30 15:00:00,13840,31.46,53.77,30.72,66.93,,2025.0,7
2025-07-30 16:00:00,13841,29.63,59.3,27.57,73.03,,2025.0,7
2025-07-30 17:00:00,13842,28.12,63.27,24.96,79.1,,2025.0,7
2025-07-30 18:00:00,13843,27.03,64.73,23.77,80.8,,2025.0,7
2025-07-30 19:00:00,13844,26.71,65.73,23.23,82.43,,2025.0,7
2025-07-30 20:00:00,13845,26.68,65.9,22.81,83.67,,2025.0,7
2025-07-30 21:00:00,13846,26.49,66.47,22.52,84.6,,2025.0,7
2025-07-30 22:00:00,13847,26.47,66.37,22.42,84.87,,2025.0,7
2025-07-30 23:00:00,13848,25.64,68.83,22.16,85.5,,2025.0,7
2025-07-31 00:00:00,13849,25.64,69.5,21.64,87.97,,2025.0,7
2025-07-31 01:00:00,13850,25.66,69.4,21.38,89.0,,2025.0,7
2025-07-31 02:00:00,13851,25.07,71.0,21.1,89.27,,2025.0,7
2025-07-31 03:00:00,13852,24.77,71.93,20.77,90.33,25.77,2025.0,7
2025-07-31 04:00:00,13853,24.88,72.8,20.35,92.93,,2025.0,7
2025-07-31 05:00:00,13854,25.03,71.43,20.56,91.7,38.03,2025.0,7
2025-07-31 06:00:00,13855,25.33,69.8,21.15,89.2,36.07,2025.0,7
2025-07-31 07:00:00,13856,27.11,64.8,26.44,75.03,46.73,2025.0,7
2025-07-31 08:00:00,13857,28.96,59.4,29.03,69.23,40.53,2025.0,7
2025-07-31 09:00:00,13858,30.76,52.03,31.0,63.87,26.73,2025.0,7
2025-07-31 10:00:00,13859,31.8,49.4,31.76,62.53,,2025.0,7
2025-07-31 11:00:00,13860,32.98,46.5,32.58,61.07,27.57,2025.0,7
2025-07-31 12:00:00,13861,33.68,45.03,33.1,60.27,29.83,2025.0,7
2025-07-31 13:00:00,13862,32.98,45.67,30.55,63.4,27.03,2025.0,7
2025-07-31 14:00:00,13863,31.16,52.5,27.74,70.93,34.4,2025.0,7
2025-07-31 15:00:00,13864,30.6,56.3,27.25,73.5,46.53,2025.0,7
2025-07-31 16:00:00,13865,30.65,55.2,28.2,70.93,44.07,2025.0,7
2025-07-31 17:00:00,13866,29.35,58.8,25.94,75.8,46.2,2025.0,7
2025-07-31 18:00:00,13867,28.0,64.77,24.7,80.9,48.47,2025.0,7
2025-07-31 19:00:00,13868,27.3,67.28,23.96,83.59,48.24,2025.0,7
2025-07-31 20:00:00,13869,27.55,65.15,23.76,82.65,47.23,2025.0,7
2025-07-31 22:00:00,13871,26.49,69.07,22.4,87.59,,2025.0,7
2025-07-31 23:00:00,13872,25.8,70.93,21.81,89.2,51.97,2025.0,7
2025-08-01 00:00:00,13873,25.47,71.77,21.3,90.77,48.07,2025.0,8
2025-08-01 01:00:00,13874,25.31,71.33,21.24,90.1,48.37,2025.0,8
2025-08-01 02:00:00,13875,25.49,70.5,21.01,90.53,59.37,2025.0,8
2025-08-01 03:00:00,13876,25.09,71.83,20.37,92.97,102.6,2025.0,8
2025-08-01 04:00:00,13877,24.69,72.1,19.87,93.83,103.93,2025.0,8
2025-08-01 05:00:00,13878,24.38,71.93,19.71,93.03,68.63,2025.0,8
2025-08-01 06:00:00,13879,24.27,73.53,20.07,93.57,88.2,2025.0,8
2025-08-01 07:00:00,13880,26.55,66.3,26.61,74.6,102.33,2025.0,8
2025-08-01 08:00:00,13881,29.13,57.13,29.61,66.5,60.87,2025.0,8
2025-08-01 09:00:00,13882,31.16,50.3,32.01,61.13,43.97,2025.0,8
2025-08-01 10:00:00,13883,32.09,48.88,32.0,61.65,45.38,2025.0,8
2025-08-01 11:00:00,13884,32.99,46.19,32.44,60.48,40.33,2025.0,8
2025-08-01 12:00:00,13885,33.14,45.93,31.5,61.97,39.87,2025.0,8
2025-08-01 13:00:00,13886,33.1,46.4,30.15,64.33,40.47,2025.0,8
2025-08-01 14:00:00,13887,32.19,50.07,29.23,67.4,49.6,2025.0,8
2025-08-01 15:00:00,13888,32.07,51.73,28.82,69.03,54.77,2025.0,8
2025-08-01 16:00:00,13889,32.08,51.7,28.71,69.33,50.93,2025.0,8
2025-08-01 17:00:00,13890,30.51,56.07,26.52,74.47,51.5,2025.0,8
2025-08-01 18:00:00,13891,29.02,60.57,24.8,79.43,51.17,2025.0,8
2025-08-01 19:00:00,13892,28.36,62.63,23.91,82.3,49.97,2025.0,8
2025-08-01 20:00:00,13893,27.28,64.03,22.85,83.73,46.6,2025.0,8
2025-08-01 21:00:00,13894,26.6,65.67,22.47,84.63,50.37,2025.0,8
2025-08-01 22:00:00,13895,26.29,67.17,22.06,86.03,59.4,2025.0,8
2025-08-01 23:00:00,13896,25.76,66.2,21.87,84.43,50.37,2025.0,8
2025-08-02 00:00:00,13897,26.02,64.53,21.76,83.73,53.07,2025.0,8
2025-08-02 01:00:00,13898,25.66,67.67,20.78,89.13,81.43,2025.0,8
2025-08-02 02:00:00,13899,25.2,68.47,20.53,89.3,92.1,2025.0,8
2025-08-02 03:00:00,13900,24.49,70.1,19.98,90.4,93.53,2025.0,8
2025-08-02 04:00:00,13901,23.96,68.9,19.62,88.57,75.23,2025.0,8
2025-08-02 05:00:00,13902,23.56,67.23,19.35,86.4,63.9,2025.0,8
2025-08-02 06:00:00,13903,23.9,66.9,19.79,85.93,79.23,2025.0,8
2025-08-02 07:00:00,13904,26.34,61.3,26.74,70.8,92.23,2025.0,8
2025-08-02 08:00:00,13905,29.77,53.17,31.32,62.67,107.4,2025.0,8
2025-08-02 09:00:00,13906,30.5,50.9,30.77,63.13,83.8,2025.0,8
2025-08-02 10:00:00,13907,32.05,46.17,32.21,60.0,58.23,2025.0,8
2025-08-02 11:00:00,13908,33.68,40.1,32.93,56.27,42.17,2025.0,8
2025-08-02 12:00:00,13909,34.85,37.17,34.23,53.17,35.83,2025.0,8
2025-08-02 13:00:00,13910,35.28,37.63,34.33,54.13,39.57,2025.0,8
2025-08-02 14:00:00,13911,33.44,45.47,29.81,65.4,50.43,2025.0,8
2025-08-02 15:00:00,13912,28.12,62.63,21.65,94.8,59.5,2025.0,8
2025-08-02 16:00:00,13913,30.74,56.23,24.64,93.6,59.77,2025.0,8
2025-08-02 17:00:00,13914,30.58,57.07,25.46,86.97,71.7,2025.0,8
2025-08-02 18:00:00,13915,29.32,59.73,25.02,79.83,56.23,2025.0,8
2025-08-02 19:00:00,13916,28.59,61.87,24.28,81.67,50.87,2025.0,8
2025-08-02 20:00:00,13917,27.96,62.97,23.77,82.37,48.03,2025.0,8
2025-08-02 21:00:00,13918,27.44,63.0,23.47,81.54,44.29,2025.0,8
2025-08-02 22:00:00,13919,26.83,65.79,22.63,85.28,49.03,2025.0,8
2025-08-02 23:00:00,13920,25.76,70.93,21.72,89.89,50.68,2025.0,8
2025-08-03 00:00:00,13921,25.78,70.44,21.46,90.52,57.48,2025.0,8
2025-08-03 01:00:00,13922,25.79,69.61,21.71,88.64,48.18,2025.0,8
2025-08-03 02:00:00,13923,25.24,71.35,20.91,91.35,64.0,2025.0,8
2025-08-03 03:00:00,13924,24.47,72.83,20.35,92.03,82.21,2025.0,8
2025-08-03 04:00:00,13925,24.72,72.0,19.92,93.83,96.2,2025.0,8
2025-08-03 05:00:00,13926,24.72,71.17,19.96,92.6,98.27,2025.0,8
2025-08-03 06:00:00,13927,24.64,68.2,20.42,88.23,82.73,2025.0,8
2025-08-03 07:00:00,13928,27.01,64.64,26.86,74.12,,2025.0,8
2025-08-03 08:00:00,13929,29.18,59.39,29.61,68.93,,2025.0,8
2025-08-03 09:00:00,13930,31.65,51.4,32.14,63.23,70.5,2025.0,8
2025-08-03 10:00:00,13931,32.78,46.93,32.43,61.37,47.97,2025.0,8
2025-08-03 11:00:00,13932,33.56,45.0,32.92,60.43,45.5,2025.0,8
2025-08-03 12:00:00,13933,34.35,42.1,33.43,58.41,39.28,2025.0,8
2025-08-03 13:00:00,13934,33.75,43.57,31.15,62.1,38.4,2025.0,8
2025-08-03 14:00:00,13935,30.47,57.55,27.3,74.1,49.1,2025.0,8
2025-08-03 15:00:00,13936,27.46,65.37,23.99,83.19,43.7,2025.0,8
2025-08-03 16:00:00,13937,26.93,70.07,21.4,97.76,53.38,2025.0,8
2025-08-03 17:00:00,13938,27.06,68.66,21.39,97.55,56.45,2025.0,8
2025-08-03 18:00:00,13939,27.5,67.25,21.92,96.64,64.39,2025.0,8
2025-08-03 19:00:00,13940,27.25,68.55,22.08,97.14,62.86,2025.0,8
2025-08-03 20:00:00,13941,27.62,68.1,22.98,92.2,67.33,2025.0,8
2025-08-03 21:00:00,13942,27.1,70.52,22.71,91.28,69.21,2025.0,8
2025-08-03 22:00:00,13943,26.65,71.73,22.36,92.1,65.17,2025.0,8
2025-08-03 23:00:00,13944,26.85,69.66,22.53,90.07,55.83,2025.0,8
2025-08-04 00:00:00,13945,26.95,70.93,22.19,92.67,85.37,2025.0,8
2025-08-04 01:00:00,13946,26.68,71.7,21.97,93.23,79.07,2025.0,8
2025-08-04 02:00:00,13947,26.0,73.47,21.62,94.07,88.27,2025.0,8
2025-08-04 03:00:00,13948,25.9,73.43,21.38,94.53,85.7,2025.0,8
2025-08-04 04:00:00,13949,25.56,72.9,21.19,93.57,60.4,2025.0,8
2025-08-04 05:00:00,13950,25.59,72.9,20.9,94.57,66.83,2025.0,8
2025-08-04 06:00:00,13951,25.62,72.96,21.18,94.04,78.78,2025.0,8
2025-08-04 07:00:00,13952,26.84,67.66,25.55,79.28,71.03,2025.0,8
2025-08-04 08:00:00,13953,27.84,65.13,25.66,78.83,81.1,2025.0,8
2025-08-04 09:00:00,13954,30.04,57.97,29.04,70.5,63.83,2025.0,8
2025-08-04 10:00:00,13955,32.11,51.0,31.59,64.63,45.47,2025.0,8
2025-08-04 11:00:00,13956,34.33,44.97,33.28,60.87,36.3,2025.0,8
2025-08-04 12:00:00,13957,34.92,42.83,33.65,59.63,33.7,2025.0,8
2025-08-04 13:00:00,13958,30.62,53.59,26.79,72.52,35.07,2025.0,8
2025-08-04 14:00:00,13959,26.78,62.33,23.9,77.87,35.77,2025.0,8
2025-08-04 15:00:00,13960,28.96,59.19,27.14,72.85,48.19,2025.0,8
2025-08-04 16:00:00,13961,29.32,57.93,25.86,75.29,47.43,2025.0,8
2025-08-04 17:00:00,13962,28.51,62.69,24.21,82.0,57.69,2025.0,8
2025-08-04 18:00:00,13963,26.19,72.67,22.51,90.13,62.03,2025.0,8
2025-08-04 19:00:00,13964,26.26,73.0,22.32,91.4,63.07,2025.0,8
2025-08-04 20:00:00,13965,26.67,71.07,22.3,90.97,69.57,2025.0,8
2025-08-04 21:00:00,13966,27.08,69.9,22.5,90.55,83.55,2025.0,8
2025-08-04 22:00:00,13967,26.77,70.78,22.38,90.74,87.67,2025.0,8
2025-08-04 23:00:00,13968,26.54,71.93,22.21,91.69,91.55,2025.0,8
2025-08-05 00:00:00,13969,26.71,71.07,22.19,91.47,90.03,2025.0,8
2025-08-05 01:00:00,13970,26.35,72.37,21.72,93.53,,2025.0,8
2025-08-05 02:00:00,13971,26.06,72.53,21.39,94.0,105.53,2025.0,8
2025-08-05 03:00:00,13972,25.59,73.4,21.05,94.47,105.4,2025.0,8
2025-08-05 04:00:00,13973,25.54,73.73,20.94,94.7,110.6,2025.0,8
2025-08-05 05:00:00,13974,25.41,72.5,20.71,93.97,83.97,2025.0,8
2025-08-05 06:00:00,13975,25.53,72.1,21.17,92.4,91.83,2025.0,8
2025-08-05 07:00:00,13976,26.23,71.13,23.61,86.23,103.87,2025.0,8
2025-08-05 08:00:00,13977,29.58,61.33,30.18,69.93,94.53,2025.0,8
2025-08-05 09:00:00,13978,31.42,55.34,31.73,66.21,102.93,2025.0,8
2025-08-05 10:00:00,13979,33.0,48.9,32.61,62.87,73.5,2025.0,8
2025-08-05 11:00:00,13980,33.91,43.97,32.84,60.27,41.33,2025.0,8
2025-08-05 12:00:00,13981,35.46,39.23,34.66,55.43,31.83,2025.0,8
2025-08-05 13:00:00,13982,35.88,38.69,35.14,54.83,36.72,2025.0,8
2025-08-05 14:00:00,13983,31.99,51.57,28.5,70.0,63.48,2025.0,8
2025-08-05 15:00:00,13984,29.25,59.0,23.67,86.63,53.17,2025.0,8
2025-08-05 16:00:00,13985,28.51,62.8,22.41,95.4,50.7,2025.0,8
2025-08-05 17:00:00,13986,28.86,62.9,23.1,95.69,58.34,2025.0,8
2025-08-05 18:00:00,13987,27.09,67.03,22.88,88.59,50.28,2025.0,8
2025-08-05 19:00:00,13988,25.21,75.6,21.13,95.67,51.73,2025.0,8
2025-08-05 20:00:00,13989,24.56,76.93,20.21,98.37,33.77,2025.0,8
2025-08-05 21:00:00,13990,25.08,74.87,20.19,99.0,40.8,2025.0,8
2025-08-05 22:00:00,13991,25.56,73.07,20.25,99.0,54.13,2025.0,8
2025-08-05 23:00:00,13992,25.79,73.33,20.49,99.0,53.73,2025.0,8
2025-08-06 00:00:00,13993,25.31,75.23,20.49,99.0,55.43,2025.0,8
2025-08-06 01:00:00,13994,25.01,76.45,20.47,99.0,62.93,2025.0,8
2025-08-06 03:00:00,13996,25.47,73.31,20.41,99.0,53.81,2025.0,8
2025-08-06 04:00:00,13997,25.22,73.23,20.34,98.97,46.8,2025.0,8
2025-08-06 05:00:00,13998,25.27,73.23,20.35,98.97,52.8,2025.0,8
2025-08-06 06:00:00,13999,25.47,72.2,20.61,98.97,68.07,2025.0,8
2025-08-06 07:00:00,14000,27.51,63.63,25.99,88.67,43.7,2025.0,8
2025-08-06 08:00:00,14001,30.43,54.79,31.4,62.62,43.62,2025.0,8
2025-08-06 09:00:00,14002,31.85,50.87,32.3,60.2,45.23,2025.0,8
2025-08-06 10:00:00,14003,34.01,45.4,33.94,56.7,44.57,2025.0,8
2025-08-06 11:00:00,14004,34.93,43.57,34.41,55.73,48.93,2025.0,8
2025-08-06 12:00:00,14005,36.12,40.63,34.91,54.3,47.4,2025.0,8
2025-08-06 13:00:00,14006,33.86,45.47,31.58,60.57,44.6,2025.0,8
2025-08-06 14:00:00,14007,32.66,46.67,30.52,61.53,34.57,2025.0,8
2025-08-06 15:00:00,14008,31.41,51.83,28.55,67.33,36.63,2025.0,8
2025-08-06 16:00:00,14009,29.75,60.9,25.5,80.38,43.66,2025.0,8
2025-08-06 17:00:00,14010,26.04,69.33,20.58,97.03,14.43,2025.0,8
2025-08-06 18:00:00,14011,25.62,74.55,20.84,98.24,60.83,2025.0,8
2025-08-06 19:00:00,14012,25.74,76.0,21.01,99.0,39.67,2025.0,8
2025-08-06 20:00:00,14013,25.55,76.11,20.76,99.0,45.17,2025.0,8
2025-08-07 03:00:00,14020,25.22,75.7,20.45,99.07,81.33,2025.0,8
2025-08-07 04:00:00,14021,24.77,75.55,20.0,99.03,78.86,2025.0,8
2025-08-07 05:00:00,14022,24.74,73.1,19.67,99.0,66.1,2025.0,8
2025-08-07 06:00:00,14023,25.41,71.47,20.3,99.0,66.6,2025.0,8
2025-08-07 07:00:00,14024,26.13,69.3,21.67,96.1,74.97,2025.0,8
2025-08-07 08:00:00,14025,27.19,66.0,27.31,75.17,86.66,2025.0,8
2025-08-07 09:00:00,14026,30.73,56.23,31.15,64.73,82.73,2025.0,8
2025-08-07 10:00:00,14027,32.4,51.2,32.23,61.93,78.47,2025.0,8
2025-08-07 11:00:00,14028,34.44,42.17,33.73,55.23,52.63,2025.0,8
2025-08-07 12:00:00,14029,36.56,36.2,35.56,50.8,49.93,2025.0,8
2025-08-07 13:00:00,14030,35.43,38.37,34.18,53.43,48.77,2025.0,8
2025-08-07 14:00:00,14031,32.94,48.9,31.47,62.1,58.14,2025.0,8
2025-08-07 15:00:00,14032,32.15,50.37,30.48,63.7,56.0,2025.0,8
2025-08-07 16:00:00,14033,31.45,53.63,29.06,67.93,57.0,2025.0,8
2025-08-07 17:00:00,14034,30.1,59.37,26.63,75.93,63.8,2025.0,8
2025-08-07 18:00:00,14035,29.55,60.87,25.87,78.13,68.87,2025.0,8
2025-08-07 19:00:00,14036,28.84,65.53,24.67,84.57,85.57,2025.0,8
2025-08-07 20:00:00,14037,27.84,70.6,23.86,89.37,92.0,2025.0,8
2025-08-07 21:00:00,14038,28.03,72.03,23.69,91.73,104.23,2025.0,8
2025-08-07 22:00:00,14039,28.1,72.07,23.61,92.9,98.4,2025.0,8
2025-08-07 23:00:00,14040,27.19,73.6,23.07,92.77,74.97,2025.0,8
2025-08-08 00:00:00,14041,26.44,74.37,22.17,95.0,56.63,2025.0,8
2025-08-08 01:00:00,14042,26.38,73.59,22.32,92.97,60.14,2025.0,8
2025-08-08 02:00:00,14043,26.61,71.57,22.19,91.83,54.87,2025.0,8
2025-08-08 03:00:00,14044,26.69,70.2,22.18,90.63,47.3,2025.0,8
2025-08-08 04:00:00,14045,26.58,70.17,22.02,90.77,52.07,2025.0,8
2025-08-08 05:00:00,14046,26.55,69.8,21.87,90.87,48.47,2025.0,8
2025-08-08 06:00:00,14047,26.51,70.53,21.96,91.5,60.13,2025.0,8
2025-08-08 07:00:00,14048,27.13,68.87,23.65,86.57,83.6,2025.0,8
2025-08-08 08:00:00,14049,29.6,60.6,28.38,72.9,79.23,2025.0,8
2025-08-08 09:00:00,14050,31.42,56.47,31.0,68.0,69.7,2025.0,8
2025-08-08 10:00:00,14051,32.72,51.33,32.25,64.47,58.1,2025.0,8
2025-08-08 11:00:00,14052,34.45,46.43,33.82,61.03,45.13,2025.0,8
2025-08-08 12:00:00,14053,34.65,45.83,33.19,61.87,43.4,2025.0,8
2025-08-08 13:00:00,14054,33.04,51.24,29.88,68.97,59.03,2025.0,8
2025-08-08 14:00:00,14055,32.27,53.6,29.37,70.6,57.23,2025.0,8
2025-08-08 15:00:00,14056,29.5,60.8,26.14,77.53,49.93,2025.0,8
2025-08-08 16:00:00,14057,29.29,63.17,26.03,79.63,60.03,2025.0,8
2025-08-08 17:00:00,14058,29.33,64.57,25.3,82.9,68.23,2025.0,8
2025-08-08 18:00:00,14059,28.51,65.6,24.2,85.17,69.7,2025.0,8
2025-08-08 19:00:00,14060,28.04,65.0,23.98,83.7,58.43,2025.0,8
2025-08-08 20:00:00,14061,27.78,67.03,23.42,86.8,66.73,2025.0,8
2025-08-08 21:00:00,14062,27.18,70.1,22.86,89.63,77.97,2025.0,8
2025-08-08 22:00:00,14063,27.13,70.67,22.64,90.9,100.1,2025.0,8
2025-08-08 23:00:00,14064,27.18,71.8,22.59,92.57,,2025.0,8
2025-08-09 00:00:00,14065,26.97,72.53,22.55,92.77,,2025.0,8
2025-08-09 01:00:00,14066,27.02,72.13,22.5,92.47,,2025.0,8
2025-08-09 02:00:00,14067,26.49,72.77,21.86,93.87,,2025.0,8
2025-08-09 03:00:00,14068,26.37,72.07,21.83,92.77,,2025.0,8
2025-08-09 04:00:00,14069,26.4,72.67,21.76,93.63,,2025.0,8
2025-08-09 05:00:00,14070,26.08,74.9,21.29,96.47,,2025.0,8
2025-08-09 06:00:00,14071,26.0,72.7,21.7,93.1,,2025.0,8
2025-08-09 07:00:00,14072,27.15,70.53,26.14,81.1,,2025.0,8
2025-08-09 08:00:00,14073,29.86,60.6,29.93,70.13,92.0,2025.0,8
2025-08-09 09:00:00,14074,30.85,55.73,30.54,67.1,54.8,2025.0,8
2025-08-09 10:00:00,14075,31.75,52.14,31.01,65.07,43.18,2025.0,8
2025-08-09 11:00:00,14076,33.54,48.38,32.89,62.1,42.45,2025.0,8
2025-08-09 12:00:00,14077,34.32,43.77,32.96,59.9,38.73,2025.0,8
2025-08-09 13:00:00,14078,33.66,46.13,31.63,62.8,43.07,2025.0,8
2025-08-09 14:00:00,14079,31.83,54.53,29.18,70.7,61.1,2025.0,8
2025-08-09 15:00:00,14080,30.38,58.45,27.94,73.41,64.03,2025.0,8
2025-08-09 16:00:00,14081,28.55,62.53,25.28,78.87,53.67,2025.0,8
2025-08-09 17:00:00,14082,26.73,65.67,22.66,84.23,45.93,2025.0,8
2025-08-09 18:00:00,14083,27.19,63.83,22.97,83.03,50.5,2025.0,8
2025-08-09 19:00:00,14084,27.2,68.0,23.16,86.77,75.17,2025.0,8
2025-08-09 20:00:00,14085,27.13,68.43,23.01,87.2,61.63,2025.0,8
2025-08-09 21:00:00,14086,26.0,71.13,21.35,94.03,43.43,2025.0,8
2025-08-09 22:00:00,14087,25.78,73.23,21.25,94.07,45.63,2025.0,8
2025-08-09 23:00:00,14088,25.95,72.47,21.25,93.6,47.1,2025.0,8
2025-08-10 00:00:00,14089,25.67,72.43,21.03,93.77,48.3,2025.0,8
2025-08-10 01:00:00,14090,25.47,73.37,20.81,94.57,62.77,2025.0,8
2025-08-10 02:00:00,14091,25.1,74.9,20.4,96.4,68.3,2025.0,8
2025-08-10 03:00:00,14092,24.67,75.7,20.13,96.97,63.5,2025.0,8
2025-08-10 04:00:00,14093,24.69,75.32,19.81,97.72,72.08,2025.0,8
2025-08-10 05:00:00,14094,24.46,75.43,19.48,98.0,78.13,2025.0,8
2025-08-10 06:00:00,14095,24.36,75.48,19.86,97.72,90.83,2025.0,8
2025-08-10 07:00:00,14096,26.31,69.67,26.98,76.29,98.83,2025.0,8
2025-08-10 08:00:00,14097,29.58,58.97,30.86,65.23,70.47,2025.0,8
2025-08-10 09:00:00,14098,30.63,52.73,30.58,62.87,47.43,2025.0,8
2025-08-10 10:00:00,14099,31.47,47.83,30.62,60.53,41.9,2025.0,8
2025-08-10 11:00:00,14100,32.72,45.33,31.62,59.1,42.43,2025.0,8
2025-08-10 12:00:00,14101,33.93,40.43,32.97,54.9,37.17,2025.0,8
2025-08-10 13:00:00,14102,35.12,37.5,34.92,51.77,36.63,2025.0,8
2025-08-10 14:00:00,14103,35.09,39.67,34.22,54.43,39.0,2025.0,8
2025-08-10 15:00:00,14104,31.97,46.8,28.63,64.17,41.17,2025.0,8
2025-08-10 16:00:00,14105,31.25,50.6,27.25,69.0,50.67,2025.0,8
2025-08-10 17:00:00,14106,29.98,56.17,25.48,75.67,53.97,2025.0,8
2025-08-10 18:00:00,14107,29.18,60.33,24.69,79.93,64.27,2025.0,8
2025-08-10 19:00:00,14108,28.56,62.57,23.94,82.83,66.7,2025.0,8
2025-08-10 20:00:00,14109,27.66,65.8,23.19,85.83,74.47,2025.0,8
2025-08-10 21:00:00,14110,26.33,70.97,22.34,89.47,71.03,2025.0,8
2025-08-10 22:00:00,14111,26.2,72.73,21.98,92.07,80.53,2025.0,8
2025-08-10 23:00:00,14112,26.52,72.03,22.17,92.2,73.07,2025.0,8
2025-08-11 00:00:00,14113,26.66,71.3,22.11,92.1,70.67,2025.0,8
2025-08-11 01:00:00,14114,26.72,70.97,22.02,91.97,71.33,2025.0,8
2025-08-11 02:00:00,14115,25.86,72.7,21.54,92.77,81.33,2025.0,8
2025-08-11 03:00:00,14116,25.77,72.8,21.0,94.5,104.83,2025.0,8
2025-08-11 04:00:00,14117,25.58,72.83,20.8,94.83,97.63,2025.0,8
2025-08-11 05:00:00,14118,25.48,72.77,20.54,95.0,96.2,2025.0,8
2025-08-11 06:00:00,14119,25.38,73.03,20.97,93.9,99.6,2025.0,8
2025-08-11 07:00:00,14120,26.76,68.43,25.54,79.7,96.57,2025.0,8
2025-08-11 08:00:00,14121,29.4,60.2,29.39,69.67,83.33,2025.0,8
2025-08-11 09:00:00,14122,31.03,53.73,30.78,65.0,59.17,2025.0,8
2025-08-11 10:00:00,14123,32.95,48.07,32.12,61.73,44.7,2025.0,8
2025-08-11 11:00:00,14124,34.41,44.43,32.77,60.36,41.75,2025.0,8
2025-08-11 12:00:00,14125,33.31,47.67,30.08,65.8,58.9,2025.0,8
2025-08-11 13:00:00,14126,26.89,68.27,21.32,96.37,62.07,2025.0,8
2025-08-11 14:00:00,14127,27.91,64.33,22.92,96.07,54.03,2025.0,8
2025-08-11 15:00:00,14128,29.69,59.23,25.79,82.43,65.57,2025.0,8
2025-08-11 16:00:00,14129,28.13,66.03,24.23,84.73,53.83,2025.0,8
2025-08-11 17:00:00,14130,27.57,68.5,23.45,87.64,56.64,2025.0,8
2025-08-11 18:00:00,14131,27.78,67.27,23.43,87.03,56.57,2025.0,8
2025-08-11 19:00:00,14132,27.44,67.97,23.08,87.83,62.33,2025.0,8
2025-08-11 20:00:00,14133,26.28,72.63,22.41,91.2,72.37,2025.0,8
2025-08-11 21:00:00,14134,26.26,73.8,21.89,94.23,70.7,2025.0,8
2025-08-11 22:00:00,14135,26.05,75.97,21.33,98.33,80.37,2025.0,8
2025-08-11 23:00:00,14136,24.52,73.63,19.36,98.9,17.9,2025.0,8
2025-08-12 00:00:00,14137,24.33,74.77,19.3,99.0,9.5,2025.0,8
2025-08-12 01:00:00,14138,24.26,76.13,19.48,99.0,8.47,2025.0,8
2025-08-12 02:00:00,14139,24.21,77.23,19.66,99.0,19.9,2025.0,8
2025-08-12 03:00:00,14140,24.04,78.67,19.81,99.13,34.57,2025.0,8
2025-08-12 04:00:00,14141,24.8,76.97,20.04,99.9,42.57,2025.0,8
2025-08-12 05:00:00,14142,24.6,77.77,20.03,100.0,43.3,2025.0,8
2025-08-12 06:00:00,14143,25.01,76.7,20.28,100.0,48.73,2025.0,8
2025-08-12 07:00:00,14144,25.79,75.07,21.11,100.0,52.33,2025.0,8
2025-08-12 08:00:00,14145,27.15,70.87,21.96,100.0,68.83,2025.0,8
2025-08-12 09:00:00,14146,27.97,67.17,22.7,98.33,50.47,2025.0,8
2025-08-12 10:00:00,14147,28.87,64.13,24.82,94.6,50.63,2025.0,8
2025-08-12 11:00:00,14148,29.56,60.23,26.86,76.47,38.57,2025.0,8
2025-08-12 12:00:00,14149,28.78,60.77,26.05,76.47,31.73,2025.0,8
2025-08-12 13:00:00,14150,27.82,62.89,25.11,78.32,18.07,2025.0,8
2025-08-12 14:00:00,14151,28.02,60.83,25.46,76.0,5.13,2025.0,8
2025-08-12 15:00:00,14152,29.19,58.47,25.56,76.33,15.63,2025.0,8
2025-08-12 16:00:00,14153,28.03,63.1,23.81,82.77,38.2,2025.0,8
2025-08-12 17:00:00,14154,25.97,69.83,22.04,88.8,52.0,2025.0,8
2025-08-12 18:00:00,14155,25.58,73.1,21.76,91.43,72.97,2025.0,8
2025-08-12 19:00:00,14156,25.61,72.43,21.63,91.17,60.4,2025.0,8
2025-08-12 20:00:00,14157,26.06,71.23,21.46,92.0,72.43,2025.0,8
2025-08-12 21:00:00,14158,26.23,71.13,21.46,92.4,78.67,2025.0,8
2025-08-12 22:00:00,14159,25.97,72.2,21.14,94.0,91.9,2025.0,8
2025-08-12 23:00:00,14160,25.84,72.4,21.17,93.7,88.2,2025.0,8
2025-08-13 00:00:00,14161,25.6,72.7,20.85,94.03,76.0,2025.0,8
2025-08-13 01:00:00,14162,25.41,73.13,20.43,95.63,83.77,2025.0,8
2025-08-13 02:00:00,14163,25.2,74.03,20.27,96.4,92.17,2025.0,8
2025-08-13 03:00:00,14164,24.86,75.03,20.09,97.0,98.27,2025.0,8
2025-08-13 04:00:00,14165,24.57,74.47,19.94,96.1,81.43,2025.0,8
2025-08-13 05:00:00,14166,24.97,73.53,20.2,95.43,74.63,2025.0,8
2025-08-13 06:00:00,14167,24.78,74.0,20.51,94.8,,2025.0,8
2025-08-13 07:00:00,14168,26.65,69.33,25.4,80.5,93.3,2025.0,8
2025-08-13 08:00:00,14169,29.04,61.13,28.72,71.8,65.83,2025.0,8
2025-08-13 09:00:00,14170,30.7,52.6,30.65,64.7,39.47,2025.0,8
2025-08-13 10:00:00,14171,31.93,49.57,30.5,64.67,39.67,2025.0,8
2025-08-13 11:00:00,14172,34.16,42.73,33.21,57.27,32.67,2025.0,8
2025-08-13 12:00:00,14173,32.3,46.63,29.95,64.1,31.27,2025.0,8
2025-08-13 13:00:00,14174,30.29,55.27,27.63,71.67,46.97,2025.0,8
2025-08-13 14:00:00,14175,31.23,53.17,29.11,68.9,45.33,2025.0,8
2025-08-13 15:00:00,14176,28.77,59.6,24.84,77.97,42.1,2025.0,8
2025-08-13 16:00:00,14177,26.89,67.57,22.78,86.6,43.6,2025.0,8
2025-08-13 18:00:00,14179,26.22,69.47,21.77,89.6,58.2,2025.0,8
2025-08-13 19:00:00,14180,26.37,69.03,21.65,90.03,62.77,2025.0,8
2025-08-13 20:00:00,14181,26.67,67.2,22.0,88.03,60.6,2025.0,8
2025-08-13 21:00:00,14182,26.67,62.37,22.15,82.77,46.9,2025.0,8
2025-08-13 22:00:00,14183,24.49,70.67,20.27,90.2,48.4,2025.0,8
2025-08-13 23:00:00,14184,24.12,72.73,20.05,92.13,51.6,2025.0,8
2025-08-14 00:00:00,14185,24.19,73.57,20.05,93.1,50.77,2025.0,8
2025-08-14 01:00:00,14186,24.02,74.07,19.62,94.27,54.03,2025.0,8
2025-08-14 02:00:00,14187,23.3,76.27,19.08,96.0,50.5,2025.0,8
2025-08-14 03:00:00,14188,23.35,76.6,19.04,96.9,52.5,2025.0,8
2025-08-14 04:00:00,14189,22.65,74.6,18.3,95.87,37.27,2025.0,8
2025-08-14 05:00:00,14190,23.1,72.53,18.72,93.13,35.63,2025.0,8
2025-08-14 06:00:00,14191,23.55,71.67,18.86,93.33,42.4,2025.0,8
2025-08-14 07:00:00,14192,23.66,71.7,19.34,92.47,48.77,2025.0,8
2025-08-14 08:00:00,14193,24.75,69.57,21.28,87.3,72.0,2025.0,8
2025-08-14 09:00:00,14194,25.3,67.53,22.02,84.87,67.83,2025.0,8
2025-08-14 10:00:00,14195,24.0,74.93,20.96,92.9,60.97,2025.0,8
2025-08-14 11:00:00,14196,24.13,73.63,21.38,88.7,43.27,2025.0,8
2025-08-14 12:00:00,14197,25.35,66.13,23.14,79.77,34.53,2025.0,8
2025-08-14 13:00:00,14198,26.8,59.73,24.72,74.37,32.9,2025.0,8
2025-08-14 14:00:00,14199,26.6,58.6,23.75,74.9,24.9,2025.0,8
2025-08-14 15:00:00,14200,25.72,58.7,23.0,74.8,11.5,2025.0,8
2025-08-14 16:00:00,14201,25.91,58.77,23.03,75.07,26.8,2025.0,8
2025-08-14 17:00:00,14202,25.17,58.37,21.94,75.47,23.83,2025.0,8
2025-08-14 18:00:00,14203,25.13,55.07,21.63,73.73,18.33,2025.0,8
2025-08-14 19:00:00,14204,24.69,51.0,21.44,70.03,11.57,2025.0,8
2025-08-14 20:00:00,14205,24.44,48.67,21.1,68.27,5.67,2025.0,8
2025-08-14 21:00:00,14206,24.23,51.6,20.52,71.27,10.17,2025.0,8
2025-08-14 22:00:00,14207,24.05,51.8,20.23,71.87,6.93,2025.0,8
2025-08-14 23:00:00,14208,23.48,57.87,19.21,77.67,16.73,2025.0,8
2025-08-15 00:00:00,14209,23.02,58.13,18.87,77.73,20.07,2025.0,8
2025-08-15 01:00:00,14210,22.56,59.93,18.24,79.67,22.63,2025.0,8
2025-08-15 02:00:00,14211,22.44,60.23,18.21,79.8,13.43,2025.0,8
2025-08-15 03:00:00,14212,22.3,64.0,17.36,85.67,56.83,2025.0,8
2025-08-15 04:00:00,14213,21.92,64.43,17.38,84.67,40.63,2025.0,8
2025-08-15 05:00:00,14214,22.02,63.8,17.28,84.87,43.8,2025.0,8
2025-08-15 06:00:00,14215,22.04,64.5,18.02,83.73,56.97,2025.0,8
2025-08-15 07:00:00,14216,24.43,59.23,24.31,70.93,64.8,2025.0,8
2025-08-15 08:00:00,14217,27.22,51.1,27.55,63.87,29.53,2025.0,8
2025-08-15 09:00:00,14218,28.96,43.53,28.48,59.0,16.27,2025.0,8
2025-08-15 10:00:00,14219,30.87,39.59,29.73,56.52,18.17,2025.0,8
2025-08-15 11:00:00,14220,32.33,37.77,30.57,55.73,17.33,2025.0,8
2025-08-15 12:00:00,14221,33.49,35.2,32.13,52.17,12.7,2025.0,8
2025-08-15 13:00:00,14222,33.69,36.33,31.93,54.07,22.27,2025.0,8
2025-08-15 14:00:00,14223,32.24,41.07,29.01,61.43,28.07,2025.0,8
2025-08-15 15:00:00,14224,30.63,44.83,26.69,66.1,40.8,2025.0,8
2025-08-15 16:00:00,14225,28.94,52.4,25.26,71.9,36.47,2025.0,8
2025-08-15 17:00:00,14226,27.07,58.37,23.64,76.17,42.97,2025.0,8
2025-08-15 18:00:00,14227,25.41,61.41,22.08,78.45,32.93,2025.0,8
2025-08-15 19:00:00,14228,24.76,60.83,21.48,77.77,27.7,2025.0,8
2025-08-15 20:00:00,14229,24.39,62.37,21.02,79.33,26.53,2025.0,8
2025-08-15 21:00:00,14230,24.12,64.77,20.53,82.03,28.5,2025.0,8
2025-08-15 22:00:00,14231,23.76,65.61,20.28,82.54,25.71,2025.0,8
2025-08-15 23:00:00,14232,23.88,64.5,19.8,83.37,40.0,2025.0,8
2025-08-16 00:00:00,14233,24.23,64.93,19.41,86.0,61.77,2025.0,8
2025-08-16 01:00:00,14234,23.9,66.33,19.01,87.93,67.93,2025.0,8
2025-08-16 02:00:00,14235,23.86,65.41,19.0,86.79,64.07,2025.0,8
2025-08-16 03:00:00,14236,23.3,67.3,18.36,89.0,70.2,2025.0,8
2025-08-16 04:00:00,14237,23.01,67.77,18.25,88.93,63.2,2025.0,8
2025-08-16 05:00:00,14238,22.67,68.9,18.17,89.3,60.7,2025.0,8
2025-08-16 06:00:00,14239,22.94,69.5,18.57,89.83,105.9,2025.0,8
2025-08-16 07:00:00,14240,25.22,63.3,25.5,73.17,96.6,2025.0,8
2025-08-16 08:00:00,14241,28.57,54.87,29.62,64.97,72.53,2025.0,8
2025-08-16 09:00:00,14242,29.51,53.63,29.12,66.67,59.63,2025.0,8
2025-08-16 10:00:00,14243,30.62,51.9,29.64,66.52,47.83,2025.0,8
2025-08-16 11:00:00,14244,31.73,48.43,30.15,65.0,35.03,2025.0,8
2025-08-16 12:00:00,14245,32.68,48.0,31.14,64.63,38.93,2025.0,8
2025-08-16 13:00:00,14246,31.31,49.73,28.86,67.53,33.47,2025.0,8
2025-08-16 14:00:00,14247,28.7,59.07,22.89,87.83,41.33,2025.0,8
2025-08-16 15:00:00,14248,27.99,60.3,21.61,95.53,40.57,2025.0,8
2025-08-16 16:00:00,14249,30.33,56.43,25.73,87.13,56.2,2025.0,8
2025-08-16 17:00:00,14250,29.68,58.27,25.3,78.43,65.17,2025.0,8
2025-08-16 18:00:00,14251,28.67,63.33,24.33,83.4,73.57,2025.0,8
2025-08-16 19:00:00,14252,27.08,67.93,23.08,86.8,64.6,2025.0,8
2025-08-16 20:00:00,14253,26.31,68.17,22.47,86.24,59.0,2025.0,8
2025-08-16 21:00:00,14254,26.0,67.8,22.02,86.43,59.47,2025.0,8
2025-08-16 22:00:00,14255,25.44,68.9,21.59,87.07,64.57,2025.0,8
2025-08-16 23:00:00,14256,25.0,69.87,20.84,89.13,71.53,2025.0,8
2025-08-17 00:00:00,14257,24.96,72.0,20.83,91.37,76.13,2025.0,8
2025-08-17 01:00:00,14258,25.23,71.43,20.69,92.13,77.27,2025.0,8
2025-08-17 02:00:00,14259,24.84,72.27,20.03,93.93,95.67,2025.0,8
2025-08-17 03:00:00,14260,23.7,75.8,19.64,95.07,,2025.0,8
2025-08-17 04:00:00,14261,23.54,74.9,19.33,94.53,103.67,2025.0,8
2025-08-17 05:00:00,14262,24.04,72.71,19.35,94.07,97.0,2025.0,8
2025-08-17 06:00:00,14263,24.2,72.3,20.14,91.97,94.33,2025.0,8
2025-08-17 07:00:00,14264,27.04,64.57,26.34,75.87,93.5,2025.0,8
2025-08-17 08:00:00,14265,29.02,58.9,29.44,68.83,80.77,2025.0,8
2025-08-17 09:00:00,14266,30.03,54.7,29.57,67.27,56.37,2025.0,8
2025-08-17 10:00:00,14267,30.99,51.77,29.6,66.6,49.5,2025.0,8
2025-08-17 11:00:00,14268,31.48,46.67,29.8,63.67,45.37,2025.0,8
2025-08-17 12:00:00,14269,32.21,44.6,30.58,61.9,43.03,2025.0,8
2025-08-17 13:00:00,14270,32.17,41.93,31.03,58.87,35.27,2025.0,8
2025-08-17 14:00:00,14271,32.36,43.5,31.89,59.1,35.1,2025.0,8
2025-08-17 15:00:00,14272,31.82,43.8,30.27,60.93,29.53,2025.0,8
2025-08-17 16:00:00,14273,30.67,46.13,27.35,65.67,28.9,2025.0,8
2025-08-17 17:00:00,14274,29.81,46.33,25.81,67.1,29.13,2025.0,8
2025-08-17 18:00:00,14275,28.51,53.73,24.24,73.97,39.1,2025.0,8
2025-08-17 19:00:00,14276,27.71,55.1,23.64,74.67,36.93,2025.0,8
2025-08-17 20:00:00,14277,27.74,52.0,23.48,72.5,16.67,2025.0,8
2025-08-17 21:00:00,14278,26.87,56.37,22.6,76.23,32.1,2025.0,8
2025-08-17 22:00:00,14279,25.88,60.87,22.02,79.03,40.27,2025.0,8
2025-08-17 23:00:00,14280,25.36,65.37,21.4,83.8,60.27,2025.0,8
2025-08-18 00:00:00,14281,25.27,66.13,21.23,84.7,55.53,2025.0,8
2025-08-18 01:00:00,14282,24.87,67.6,20.17,88.3,69.3,2025.0,8
2025-08-18 02:00:00,14283,24.69,68.6,19.83,90.33,79.5,2025.0,8
2025-08-18 03:00:00,14284,24.57,69.27,19.85,90.43,81.67,2025.0,8
2025-08-18 04:00:00,14285,24.59,68.93,19.9,90.0,80.57,2025.0,8
2025-08-18 05:00:00,14286,24.47,69.0,19.6,90.53,81.33,2025.0,8
2025-08-18 06:00:00,14287,24.47,68.83,20.2,88.83,93.1,2025.0,8
2025-08-18 07:00:00,14288,26.38,62.57,24.57,76.93,80.4,2025.0,8
2025-08-18 08:00:00,14289,28.25,58.47,26.42,73.13,83.33,2025.0,8
2025-08-18 09:00:00,14290,30.25,54.47,29.93,67.6,78.27,2025.0,8
2025-08-18 10:00:00,14291,30.98,51.1,29.84,66.5,49.3,2025.0,8
2025-08-18 11:00:00,14292,30.99,51.93,28.39,69.47,48.77,2025.0,8
2025-08-18 12:00:00,14293,31.91,50.73,29.73,68.13,47.67,2025.0,8
2025-08-18 13:00:00,14294,32.69,49.13,30.28,67.4,53.33,2025.0,8
2025-08-18 14:00:00,14295,32.97,47.52,31.01,65.48,47.79,2025.0,8
2025-08-18 15:00:00,14296,31.24,51.5,28.02,70.67,50.67,2025.0,8
2025-08-18 16:00:00,14297,28.76,59.83,24.38,80.87,41.83,2025.0,8
2025-08-18 17:00:00,14298,27.35,65.83,23.14,85.03,46.13,2025.0,8
2025-08-18 18:00:00,14299,26.83,65.9,22.36,85.87,49.73,2025.0,8
2025-08-18 19:00:00,14300,27.2,63.73,22.58,84.3,57.2,2025.0,8
2025-08-18 20:00:00,14301,26.74,65.27,22.69,84.07,38.6,2025.0,8
2025-08-18 21:00:00,14302,26.7,66.67,22.45,86.13,41.13,2025.0,8
2025-08-18 22:00:00,14303,27.0,65.97,22.36,86.47,46.17,2025.0,8
2025-08-18 23:00:00,14304,26.76,67.1,22.04,88.2,70.73,2025.0,8
2025-08-19 00:00:00,14305,25.94,72.23,20.57,97.17,84.7,2025.0,8
2025-08-19 01:00:00,14306,25.16,74.73,20.26,98.0,95.6,2025.0,8
2025-08-19 02:00:00,14307,25.21,75.37,20.3,98.8,82.63,2025.0,8
2025-08-19 03:00:00,14308,25.12,75.4,20.18,99.0,94.47,2025.0,8
2025-08-19 04:00:00,14309,25.1,75.17,20.09,99.0,99.8,2025.0,8
2025-08-19 05:00:00,14310,25.14,74.93,20.18,99.0,88.83,2025.0,8
2025-08-19 06:00:00,14311,25.01,74.57,20.12,99.0,80.47,2025.0,8
2025-08-19 07:00:00,14312,25.12,73.8,20.24,99.0,89.1,2025.0,8
2025-08-19 08:00:00,14313,25.87,72.6,21.32,98.53,86.7,2025.0,8
2025-08-19 09:00:00,14314,26.04,72.2,21.73,98.17,60.67,2025.0,8
2025-08-19 10:00:00,14315,24.89,75.67,20.84,97.5,14.37,2025.0,8
2025-08-19 11:00:00,14316,26.86,70.4,23.88,92.87,13.9,2025.0,8
2025-08-19 12:00:00,14317,28.99,62.43,27.24,75.73,12.53,2025.0,8
2025-08-19 13:00:00,14318,30.62,58.66,28.53,73.1,21.21,2025.0,8
2025-08-19 14:00:00,14319,30.28,59.47,28.34,73.7,7.23,2025.0,8
2025-08-19 15:00:00,14320,29.48,61.17,26.17,77.87,9.6,2025.0,8
2025-08-19 16:00:00,14321,29.21,62.59,25.73,79.59,22.3,2025.0,8
2025-08-20 09:00:00,14338,31.54,55.5,29.7,70.93,81.67,2025.0,8
2025-08-20 10:00:00,14339,31.23,55.17,28.8,71.8,55.23,2025.0,8
2025-08-20 11:00:00,14340,32.95,50.13,31.36,66.47,48.3,2025.0,8
2025-08-20 12:00:00,14341,35.78,41.97,34.64,58.67,34.73,2025.0,8
2025-08-20 13:00:00,14342,33.11,47.79,30.66,66.04,40.32,2025.0,8
2025-08-20 14:00:00,14343,32.54,49.57,30.04,67.5,36.87,2025.0,8
2025-08-20 15:00:00,14344,32.67,52.07,29.91,69.97,40.03,2025.0,8
2025-08-20 16:00:00,14345,29.41,57.17,25.73,75.93,31.07,2025.0,8
2025-08-20 17:00:00,14346,27.38,65.2,22.89,86.73,37.2,2025.0,8
2025-08-20 18:00:00,14347,25.71,72.23,20.64,96.6,40.93,2025.0,8
2025-08-20 19:00:00,14348,25.32,74.43,20.71,98.0,40.53,2025.0,8
2025-08-20 20:00:00,14349,24.99,76.6,20.73,97.97,44.33,2025.0,8
2025-08-20 21:00:00,14350,25.41,75.83,20.96,97.0,49.33,2025.0,8
2025-08-20 22:00:00,14351,25.69,75.07,21.01,97.0,51.23,2025.0,8
2025-08-20 23:00:00,14352,25.69,74.67,20.99,96.63,54.93,2025.0,8
2025-08-21 00:00:00,14353,25.54,74.93,20.99,96.07,66.07,2025.0,8
2025-08-21 01:00:00,14354,25.66,74.97,20.89,97.0,69.8,2025.0,8
2025-08-21 02:00:00,14355,25.47,75.9,20.78,97.8,67.93,2025.0,8
2025-08-21 03:00:00,14356,25.14,74.8,20.57,96.2,54.8,2025.0,8
2025-08-21 04:00:00,14357,25.06,74.93,20.43,96.7,54.83,2025.0,8
2025-08-21 05:00:00,14358,24.38,78.13,20.5,97.0,55.2,2025.0,8
2025-08-21 06:00:00,14359,24.46,77.77,21.03,95.47,60.0,2025.0,8
2025-08-21 07:00:00,14360,25.71,73.27,22.85,88.73,55.47,2025.0,8
2025-08-21 08:00:00,14361,28.1,65.1,27.33,76.23,35.1,2025.0,8
2025-08-21 18:00:00,14371,27.75,65.87,24.02,83.67,46.33,2025.0,8
2025-08-21 19:00:00,14372,27.06,70.33,23.28,88.17,46.8,2025.0,8
2025-08-21 20:00:00,14373,27.1,71.0,23.15,89.3,47.2,2025.0,8
2025-08-21 21:00:00,14374,26.57,71.97,22.85,89.67,42.73,2025.0,8
2025-08-21 23:00:00,14376,26.38,72.32,22.66,89.86,43.68,2025.0,8
2025-08-22 00:00:00,14377,25.95,73.8,21.48,95.0,40.87,2025.0,8
2025-08-22 01:00:00,14378,25.49,74.57,21.22,96.9,40.63,2025.0,8
2025-08-22 02:00:00,14379,25.56,73.17,21.89,90.93,35.1,2025.0,8
2025-08-22 03:00:00,14380,25.58,74.5,21.48,93.73,43.57,2025.0,8
2025-08-22 04:00:00,14381,25.89,73.73,21.22,94.63,45.97,2025.0,8
2025-08-22 05:00:00,14382,25.61,74.53,21.09,95.3,48.63,2025.0,8
2025-08-22 06:00:00,14383,25.9,74.07,21.64,94.17,53.3,2025.0,8
2025-08-22 07:00:00,14384,26.89,71.8,24.0,87.4,63.13,2025.0,8
2025-08-22 08:00:00,14385,29.51,63.07,29.89,72.48,58.38,2025.0,8
2025-08-22 09:00:00,14386,31.71,53.9,31.02,67.2,44.77,2025.0,8
2025-08-22 10:00:00,14387,32.51,49.14,30.05,66.9,33.41,2025.0,8
2025-08-22 11:00:00,14388,33.97,45.6,31.74,63.83,30.7,2025.0,8
2025-08-22 12:00:00,14389,35.65,40.63,33.37,59.3,27.47,2025.0,8
2025-08-22 13:00:00,14390,32.95,49.17,29.88,68.1,48.23,2025.0,8
2025-08-22 14:00:00,14391,29.65,59.53,25.46,82.3,51.43,2025.0,8
2025-08-22 15:00:00,14392,30.46,58.37,28.88,72.7,43.5,2025.0,8
2025-08-22 16:00:00,14393,31.58,54.7,28.98,71.4,44.87,2025.0,8
2025-08-22 17:00:00,14394,30.26,60.93,25.89,80.53,50.97,2025.0,8
2025-08-22 18:00:00,14395,28.96,65.43,24.58,85.17,54.17,2025.0,8
2025-08-22 19:00:00,14396,28.19,67.13,24.09,86.0,50.5,2025.0,8
2025-08-22 20:00:00,14397,27.9,68.2,23.67,87.3,53.17,2025.0,8
2025-08-22 21:00:00,14398,27.51,69.9,22.89,90.4,55.7,2025.0,8
2025-08-22 22:00:00,14399,26.7,72.77,22.48,92.03,63.93,2025.0,8
2025-08-22 23:00:00,14400,26.51,72.03,22.31,91.27,62.87,2025.0,8
2025-08-23 00:00:00,14401,25.98,73.4,21.87,92.47,64.3,2025.0,8
2025-08-23 01:00:00,14402,26.14,72.87,21.8,92.7,70.13,2025.0,8
2025-08-23 02:00:00,14403,25.58,73.6,21.21,93.5,70.33,2025.0,8
2025-08-23 03:00:00,14404,24.72,75.8,20.82,94.2,69.4,2025.0,8
2025-08-23 04:00:00,14405,24.99,73.87,20.45,94.3,77.0,2025.0,8
2025-08-23 05:00:00,14406,25.14,73.93,20.55,94.83,67.03,2025.0,8
2025-08-23 06:00:00,14407,25.33,72.83,21.53,91.43,69.67,2025.0,8
2025-08-23 07:00:00,14408,27.74,65.43,25.97,78.73,73.33,2025.0,8
2025-08-23 08:00:00,14409,29.01,61.43,29.55,70.6,74.33,2025.0,8
2025-08-23 09:00:00,14410,30.7,55.73,30.7,67.53,59.73,2025.0,8
2025-08-23 10:00:00,14411,32.29,50.23,30.06,67.37,52.17,2025.0,8
2025-08-23 11:00:00,14412,34.03,44.9,31.98,63.07,48.03,2025.0,8
2025-08-23 12:00:00,14413,34.73,43.1,32.75,61.3,53.33,2025.0,8
2025-08-23 13:00:00,14414,32.28,49.1,29.13,68.17,61.33,2025.0,8
2025-08-23 14:00:00,14415,29.99,55.43,24.84,82.03,47.03,2025.0,8
2025-08-23 15:00:00,14416,30.77,52.21,25.24,86.34,39.38,2025.0,8
2025-08-23 16:00:00,14417,31.62,49.57,28.93,67.77,38.93,2025.0,8
2025-08-23 17:00:00,14418,30.67,54.13,26.96,73.53,44.97,2025.0,8
2025-08-23 18:00:00,14419,29.43,62.07,25.29,81.13,58.13,2025.0,8
2025-08-23 19:00:00,14420,28.79,66.57,24.37,86.5,71.97,2025.0,8
2025-08-23 20:00:00,14421,28.26,68.2,23.94,87.77,68.97,2025.0,8
2025-08-23 21:00:00,14422,27.99,70.17,23.51,90.2,83.57,2025.0,8
2025-08-23 22:00:00,14423,27.46,70.97,23.04,91.0,57.2,2025.0,8
2025-08-23 23:00:00,14424,26.9,71.3,22.79,90.37,51.77,2025.0,8
2025-08-24 00:00:00,14425,27.04,70.77,22.73,90.47,57.3,2025.0,8
2025-08-24 01:00:00,14426,26.61,71.57,21.77,93.93,53.77,2025.0,8
2025-08-24 02:00:00,14427,25.84,72.7,20.83,97.17,50.77,2025.0,8
2025-08-24 03:00:00,14428,25.97,72.3,21.39,93.5,53.17,2025.0,8
2025-08-24 04:00:00,14429,25.77,73.87,21.2,94.7,56.73,2025.0,8
2025-08-24 05:00:00,14430,25.76,73.73,21.0,95.27,61.73,2025.0,8
2025-08-24 06:00:00,14431,26.1,72.7,22.15,92.13,65.2,2025.0,8
2025-08-24 07:00:00,14432,26.93,71.23,24.51,85.9,67.0,2025.0,8
2025-08-24 08:00:00,14433,30.38,61.5,31.44,70.17,64.67,2025.0,8
2025-08-24 09:00:00,14434,32.73,52.83,32.94,65.33,54.27,2025.0,8
2025-08-24 10:00:00,14435,34.03,46.93,31.35,65.8,46.47,2025.0,8
2025-08-24 11:00:00,14436,33.97,43.6,31.54,62.6,36.5,2025.0,8
2025-08-24 12:00:00,14437,34.92,41.73,32.17,61.53,40.77,2025.0,8
2025-08-24 13:00:00,14438,30.2,54.77,26.92,73.3,53.0,2025.0,8
2025-08-24 14:00:00,14439,30.09,54.47,28.38,70.03,48.27,2025.0,8
2025-08-24 15:00:00,14440,29.59,55.67,26.09,74.57,45.4,2025.0,8
2025-08-24 16:00:00,14441,29.86,54.23,25.94,74.2,51.03,2025.0,8
2025-08-24 17:00:00,14442,27.17,67.43,23.24,87.2,63.33,2025.0,8
2025-08-24 18:00:00,14443,26.54,70.63,22.39,89.67,58.57,2025.0,8
2025-08-24 19:00:00,14444,26.58,70.1,22.33,89.43,62.5,2025.0,8
2025-08-24 20:00:00,14445,27.04,68.17,22.52,88.37,63.47,2025.0,8
2025-08-24 21:00:00,14446,26.75,71.07,22.24,91.63,77.4,2025.0,8
2025-08-24 22:00:00,14447,26.55,72.47,21.93,93.17,81.63,2025.0,8
2025-08-24 23:00:00,14448,26.06,73.27,21.44,94.3,98.3,2025.0,8
2025-08-25 00:00:00,14449,25.91,72.43,21.34,93.3,89.83,2025.0,8
2025-08-25 01:00:00,14450,25.65,70.9,21.28,91.07,74.03,2025.0,8
2025-08-25 02:00:00,14451,25.45,72.47,21.18,92.23,75.27,2025.0,8
2025-08-25 03:00:00,14452,25.68,72.9,21.2,93.33,92.63,2025.0,8
2025-08-25 04:00:00,14453,25.32,75.57,20.93,95.83,,2025.0,8
2025-08-25 05:00:00,14454,24.68,72.1,20.63,91.37,78.0,2025.0,8
2025-08-25 06:00:00,14455,25.42,70.73,21.19,90.53,75.67,2025.0,8
2025-08-25 07:00:00,14456,26.92,67.2,24.83,81.23,85.83,2025.0,8
2025-08-25 08:00:00,14457,29.4,59.47,28.65,72.1,68.97,2025.0,8
2025-08-25 09:00:00,14458,29.92,57.7,27.83,73.6,63.8,2025.0,8
2025-08-25 10:00:00,14459,32.3,49.93,30.33,67.33,48.87,2025.0,8
2025-08-25 11:00:00,14460,34.36,43.9,32.19,62.73,42.8,2025.0,8
2025-08-25 12:00:00,14461,34.35,40.35,31.97,59.74,32.83,2025.0,8
2025-08-25 14:00:00,14463,34.07,42.63,31.51,61.8,50.67,2025.0,8
2025-08-25 15:00:00,14464,30.02,57.83,25.96,77.76,71.0,2025.0,8
2025-08-25 16:00:00,14465,28.14,64.97,24.12,84.4,74.33,2025.0,8
2025-08-25 17:00:00,14466,27.06,68.9,22.27,94.73,73.73,2025.0,8
2025-08-25 18:00:00,14467,27.37,69.3,23.31,88.37,99.07,2025.0,8
2025-08-25 19:00:00,14468,27.18,69.2,23.11,87.93,101.0,2025.0,8
2025-08-25 20:00:00,14469,27.39,68.9,22.7,89.79,,2025.0,8
2025-08-25 21:00:00,14470,26.65,69.2,22.52,88.4,86.0,2025.0,8
2025-08-25 22:00:00,14471,25.5,69.13,21.85,86.77,49.93,2025.0,8
2025-08-25 23:00:00,14472,25.29,66.07,21.25,85.0,44.6,2025.0,8
2025-08-26 00:00:00,14473,24.73,65.47,20.8,84.2,43.87,2025.0,8
2025-08-26 01:00:00,14474,24.73,66.37,19.99,87.53,54.97,2025.0,8
2025-08-26 02:00:00,14475,24.16,66.47,19.35,87.67,56.4,2025.0,8
2025-08-26 03:00:00,14476,24.03,66.43,19.34,87.47,52.23,2025.0,8
2025-08-26 04:00:00,14477,23.7,66.14,18.81,87.79,55.29,2025.0,8
2025-08-26 05:00:00,14478,23.22,67.93,18.2,90.1,59.38,2025.0,8
2025-08-26 06:00:00,14479,23.48,66.67,20.44,84.08,63.12,2025.0,8
2025-08-26 07:00:00,14480,27.3,57.17,27.17,69.6,69.93,2025.0,8
2025-08-26 08:00:00,14481,29.37,50.53,30.28,63.0,46.43,2025.0,8
2025-08-26 09:00:00,14482,29.8,47.83,28.7,64.0,35.57,2025.0,8
2025-08-26 10:00:00,14483,30.61,45.07,27.46,65.6,30.47,2025.0,8
2025-08-26 11:00:00,14484,31.69,43.67,28.72,64.13,30.93,2025.0,8
2025-08-26 12:00:00,14485,32.59,41.53,29.55,62.2,31.13,2025.0,8
2025-08-26 13:00:00,14486,32.53,40.3,30.81,58.41,33.52,2025.0,8
2025-08-26 14:00:00,14487,32.66,38.14,31.89,54.61,31.54,2025.0,8
2025-08-26 15:00:00,14488,32.0,40.48,31.09,57.17,32.38,2025.0,8
2025-08-26 16:00:00,14489,30.76,42.13,29.25,59.7,27.9,2025.0,8
2025-08-26 17:00:00,14490,29.17,44.2,26.35,64.13,28.33,2025.0,8
2025-08-26 18:00:00,14491,27.58,49.6,24.23,69.63,33.83,2025.0,8
2025-08-26 19:00:00,14492,26.24,54.72,22.9,73.86,37.0,2025.0,8
2025-08-26 20:00:00,14493,25.55,55.07,22.05,74.3,32.03,2025.0,8
2025-08-26 21:00:00,14494,25.0,55.07,21.21,75.03,32.1,2025.0,8
2025-08-26 22:00:00,14495,24.62,54.47,20.7,74.73,33.27,2025.0,8
2025-08-26 23:00:00,14496,23.99,55.1,19.88,75.87,37.67,2025.0,8
2025-08-27 00:00:00,14497,23.91,55.3,19.56,76.43,36.07,2025.0,8
2025-08-27 01:00:00,14498,23.44,57.67,18.94,78.77,45.03,2025.0,8
2025-08-27 02:00:00,14499,22.81,61.7,17.72,83.9,80.2,2025.0,8
2025-08-27 03:00:00,14500,22.56,61.03,17.57,82.93,68.87,2025.0,8
2025-08-27 04:00:00,14501,22.26,61.2,17.41,82.8,61.13,2025.0,8
2025-08-27 05:00:00,14502,21.81,62.53,16.79,84.7,71.17,2025.0,8
2025-08-27 06:00:00,14503,22.83,59.3,20.22,77.03,63.2,2025.0,8
2025-08-27 07:00:00,14504,26.25,52.57,26.24,66.37,104.27,2025.0,8
2025-08-27 08:00:00,14505,29.58,45.73,30.71,58.47,97.83,2025.0,8
2025-08-27 09:00:00,14506,30.62,44.86,30.01,60.86,48.17,2025.0,8
2025-08-27 10:00:00,14507,30.29,48.57,27.45,68.43,18.63,2025.0,8
2025-08-27 11:00:00,14508,31.39,46.17,28.58,66.2,4.67,2025.0,8
2025-08-27 12:00:00,14509,32.39,44.03,29.68,64.0,5.23,2025.0,8
2025-08-27 13:00:00,14510,33.12,42.93,31.14,61.93,10.33,2025.0,8
2025-08-27 16:00:00,14513,29.26,59.69,25.3,81.24,21.93,2025.0,8
2025-08-27 17:00:00,14514,26.99,67.83,21.15,97.0,11.37,2025.0,8
2025-08-27 18:00:00,14515,27.0,68.7,21.43,97.0,29.47,2025.0,8
2025-08-27 19:00:00,14516,26.48,70.2,21.07,97.57,32.2,2025.0,8
2025-08-27 20:00:00,14517,26.79,67.2,21.23,96.97,21.93,2025.0,8
2025-08-27 21:00:00,14518,26.64,65.57,21.36,96.6,13.4,2025.0,8
2025-08-27 22:00:00,14519,26.17,66.93,21.76,88.43,8.73,2025.0,8
2025-08-27 23:00:00,14520,25.93,66.63,21.84,86.13,1.23,2025.0,8
2025-08-28 00:00:00,14521,25.58,67.67,21.38,87.47,5.93,2025.0,8
2025-08-28 01:00:00,14522,25.02,69.8,20.74,89.9,7.87,2025.0,8
2025-08-28 02:00:00,14523,25.03,69.8,20.51,90.6,9.07,2025.0,8
2025-08-28 03:00:00,14524,24.99,69.9,20.5,90.67,11.73,2025.0,8
2025-08-28 04:00:00,14525,24.63,71.52,19.85,93.45,39.97,2025.0,8
2025-08-28 05:00:00,14526,24.84,70.13,20.2,91.4,46.83,2025.0,8
2025-08-28 06:00:00,14527,25.34,68.76,21.06,89.03,40.97,2025.0,8
2025-08-28 07:00:00,14528,25.77,68.43,22.55,85.47,54.37,2025.0,8
2025-08-28 08:00:00,14529,27.32,64.23,26.35,77.1,44.03,2025.0,8
2025-08-28 09:00:00,14530,31.0,54.23,30.91,67.63,35.73,2025.0,8
2025-08-28 10:00:00,14531,31.75,50.37,29.36,68.77,12.87,2025.0,8
2025-08-28 11:00:00,14532,32.29,48.47,30.04,67.1,8.4,2025.0,8
2025-08-28 12:00:00,14533,31.08,49.93,29.11,67.97,6.27,2025.0,8
2025-08-28 13:00:00,14534,30.96,50.6,29.24,68.1,6.03,2025.0,8
2025-08-28 14:00:00,14535,32.33,47.5,31.66,63.7,4.17,2025.0,8
2025-08-28 15:00:00,14536,31.99,48.97,30.76,65.7,4.53,2025.0,8
2025-08-28 16:00:00,14537,28.79,57.77,25.8,75.53,7.47,2025.0,8
2025-08-28 17:00:00,14538,27.72,61.43,24.24,79.4,18.6,2025.0,8
2025-08-28 18:00:00,14539,26.74,63.27,23.11,81.13,18.83,2025.0,8
2025-08-28 19:00:00,14540,25.69,65.27,22.29,82.2,10.27,2025.0,8
2025-08-28 20:00:00,14541,25.31,66.63,21.9,83.5,10.73,2025.0,8
2025-08-28 21:00:00,14542,25.02,67.5,21.35,85.13,6.3,2025.0,8
2025-08-28 22:00:00,14543,24.49,68.8,20.94,86.1,4.83,2025.0,8
2025-08-28 23:00:00,14544,24.58,68.3,20.93,86.0,5.1,2025.0,8
2025-08-29 00:00:00,14545,24.19,70.17,20.48,87.63,13.2,2025.0,8
2025-08-29 01:00:00,14546,24.56,68.6,20.56,87.13,5.8,2025.0,8
2025-08-29 02:00:00,14547,24.8,67.3,20.47,86.93,14.27,2025.0,8
2025-08-29 03:00:00,14548,25.35,65.8,20.61,86.73,31.03,2025.0,8
2025-08-29 04:00:00,14549,25.06,68.37,20.13,90.0,52.77,2025.0,8
2025-08-29 05:00:00,14550,24.31,68.73,19.72,89.33,37.5,2025.0,8
2025-08-29 06:00:00,14551,24.12,70.47,21.27,86.5,57.2,2025.0,8
2025-08-29 07:00:00,14552,27.07,60.07,26.38,72.96,59.07,2025.0,8
2025-08-29 08:00:00,14553,29.04,55.17,28.0,70.13,47.43,2025.0,8
2025-08-29 09:00:00,14554,31.26,51.03,29.63,68.23,40.13,2025.0,8
2025-08-29 10:00:00,14555,31.94,50.07,30.23,67.7,28.17,2025.0,8
2025-08-29 11:00:00,14556,32.01,49.6,30.49,67.03,25.93,2025.0,8
2025-08-29 12:00:00,14557,31.86,51.17,30.14,68.47,23.77,2025.0,8
2025-08-29 13:00:00,14558,31.31,52.4,29.28,70.03,11.63,2025.0,8
2025-08-29 14:00:00,14559,29.52,59.23,25.78,78.5,34.03,2025.0,8
2025-08-29 15:00:00,14560,28.73,61.9,24.85,80.83,42.97,2025.0,8
2025-08-29 16:00:00,14561,28.29,63.33,24.25,82.5,43.7,2025.0,8
2025-08-29 17:00:00,14562,27.89,62.53,23.55,82.9,24.67,2025.0,8
2025-08-29 18:00:00,14563,26.95,64.1,22.68,83.52,19.1,2025.0,8
2025-08-29 19:00:00,14564,26.78,63.67,22.52,83.23,24.33,2025.0,8
2025-08-29 20:00:00,14565,26.6,64.53,22.14,84.63,24.73,2025.0,8
2025-08-29 21:00:00,14566,26.13,64.1,22.21,83.0,15.93,2025.0,8
2025-08-29 22:00:00,14567,26.19,63.6,22.18,82.9,4.13,2025.0,8
2025-08-29 23:00:00,14568,25.9,64.57,22.02,83.5,5.73,2025.0,8
2025-08-30 00:00:00,14569,25.9,65.03,21.88,84.07,8.5,2025.0,8
2025-08-30 01:00:00,14570,25.75,65.43,21.92,84.0,0.37,2025.0,8
2025-08-30 02:00:00,14571,25.24,67.73,21.54,85.67,1.07,2025.0,8
2025-08-30 03:00:00,14572,25.13,68.5,21.3,86.67,0.3,2025.0,8
2025-08-30 04:00:00,14573,25.59,66.37,21.6,85.27,0.03,2025.0,8
2025-08-30 05:00:00,14574,24.74,69.2,21.22,86.33,0.03,2025.0,8
2025-08-30 06:00:00,14575,24.52,70.03,21.43,85.83,0.07,2025.0,8
2025-08-30 07:00:00,14576,25.8,66.5,23.6,81.2,7.93,2025.0,8
2025-08-30 08:00:00,14577,27.97,59.93,27.36,73.53,4.73,2025.0,8
2025-08-30 09:00:00,14578,29.39,56.3,28.28,71.87,14.43,2025.0,8
2025-08-30 10:00:00,14579,30.46,52.83,28.33,71.2,4.77,2025.0,8
2025-08-30 11:00:00,14580,30.54,52.7,28.73,70.63,16.47,2025.0,8
2025-08-30 12:00:00,14581,31.04,51.07,28.91,69.9,24.07,2025.0,8
2025-08-30 13:00:00,14582,32.15,48.43,30.14,67.47,24.33,2025.0,8
2025-08-30 14:00:00,14583,32.24,49.8,28.58,71.53,30.5,2025.0,8
2025-08-30 15:00:00,14584,28.97,61.5,26.07,78.97,40.73,2025.0,8
2025-08-30 16:00:00,14585,29.17,61.17,26.04,79.2,40.3,2025.0,8
2025-08-30 17:00:00,14586,29.01,63.17,25.12,82.2,43.33,2025.0,8
2025-08-30 18:00:00,14587,27.39,70.07,22.68,92.13,45.7,2025.0,8
2025-08-30 19:00:00,14588,26.9,70.53,21.27,97.87,41.7,2025.0,8
2025-08-30 20:00:00,14589,27.05,69.93,21.31,98.0,53.03,2025.0,8
2025-08-30 21:00:00,14590,27.1,71.19,21.67,98.0,58.07,2025.0,8
2025-08-30 22:00:00,14591,25.95,74.97,21.34,98.0,68.6,2025.0,8
2025-08-30 23:00:00,14592,25.32,77.83,21.25,98.6,58.13,2025.0,8
2025-08-31 00:00:00,14593,25.72,76.73,21.27,99.0,67.93,2025.0,8
2025-08-31 01:00:00,14594,26.3,75.03,21.32,99.0,63.3,2025.0,8
2025-08-31 02:00:00,14595,25.85,75.73,21.23,99.0,52.67,2025.0,8
2025-08-31 03:00:00,14596,26.21,74.17,21.46,99.0,47.43,2025.0,8
2025-08-31 04:00:00,14597,25.05,76.13,20.6,98.57,33.93,2025.0,8
2025-08-31 05:00:00,14598,24.65,77.9,20.3,99.0,18.33,2025.0,8
2025-08-31 06:00:00,14599,24.45,78.9,20.54,99.0,26.88,2025.0,8
2025-08-31 07:00:00,14600,25.04,77.69,21.09,98.69,36.35,2025.0,8
2025-08-31 08:00:00,14601,25.47,75.67,21.57,96.8,23.1,2025.0,8
2025-08-31 09:00:00,14602,26.71,73.07,24.48,88.1,30.8,2025.0,8
2025-08-31 10:00:00,14603,29.17,63.77,27.4,77.47,23.63,2025.0,8
2025-08-31 11:00:00,14604,30.08,55.77,28.29,71.13,34.3,2025.0,8
2025-08-31 12:00:00,14605,31.2,51.03,29.52,67.47,33.5,2025.0,8
2025-08-31 13:00:00,14606,31.13,52.33,29.12,68.97,34.93,2025.0,8
2025-08-31 14:00:00,14607,30.92,51.6,29.47,67.6,35.5,2025.0,8
2025-08-31 15:00:00,14608,30.88,51.63,28.96,68.4,35.33,2025.0,8
2025-08-31 16:00:00,14609,30.28,53.07,27.73,70.6,40.87,2025.0,8
2025-08-31 17:00:00,14610,29.37,56.43,25.5,75.93,44.4,2025.0,8
2025-08-31 18:00:00,14611,28.11,60.3,23.99,79.63,46.2,2025.0,8
2025-08-31 19:00:00,14612,27.87,61.97,23.74,81.0,46.7,2025.0,8
2025-08-31 20:00:00,14613,27.68,62.73,23.56,81.8,47.77,2025.0,8
2025-08-31 21:00:00,14614,26.49,66.53,22.88,84.0,46.13,2025.0,8
2025-08-31 22:00:00,14615,25.98,69.1,22.48,86.03,48.53,2025.0,8
2025-08-31 23:00:00,14616,25.3,74.2,21.23,95.03,39.77,2025.0,8
2025-09-01 00:00:00,14617,25.79,73.3,21.7,92.37,50.8,2025.0,9
2025-09-01 01:00:00,14618,25.92,72.87,21.75,92.23,50.73,2025.0,9
2025-09-01 02:00:00,14619,25.43,73.23,21.88,90.3,46.17,2025.0,9
2025-09-01 03:00:00,14620,25.62,67.87,22.13,85.0,36.8,2025.0,9
2025-09-01 04:00:00,14621,25.32,67.13,21.88,84.37,30.9,2025.0,9
2025-09-01 05:00:00,14622,25.38,69.27,21.42,87.83,40.4,2025.0,9
2025-09-01 06:00:00,14623,26.14,68.13,23.14,84.37,49.6,2025.0,9
2025-09-01 07:00:00,14624,27.36,65.55,25.77,79.38,58.55,2025.0,9
2025-09-01 08:00:00,14625,30.17,57.0,29.74,70.97,48.7,2025.0,9
2025-09-01 09:00:00,14626,30.77,53.6,29.68,69.5,47.4,2025.0,9
2025-09-01 10:00:00,14627,32.02,49.93,29.1,69.93,42.27,2025.0,9
2025-09-01 11:00:00,14628,33.01,47.28,30.09,68.0,37.0,2025.0,9
2025-09-01 12:00:00,14629,33.61,46.63,30.95,67.07,38.13,2025.0,9
2025-09-01 13:00:00,14630,34.15,45.2,32.0,64.63,40.5,2025.0,9
2025-09-01 14:00:00,14631,33.56,45.93,30.76,66.47,38.97,2025.0,9
2025-09-01 15:00:00,14632,32.96,48.37,29.5,69.85,43.59,2025.0,9
2025-09-01 16:00:00,14633,31.82,50.59,28.35,71.69,46.93,2025.0,9
2025-09-01 17:00:00,14634,30.29,55.0,26.04,76.4,49.13,2025.0,9
2025-09-01 18:00:00,14635,28.09,59.73,24.39,79.07,46.53,2025.0,9
2025-09-01 19:00:00,14636,27.09,62.77,23.72,80.47,45.47,2025.0,9
2025-09-01 20:00:00,14637,26.87,64.5,23.02,83.17,48.53,2025.0,9
2025-09-01 21:00:00,14638,26.07,67.87,22.34,85.6,51.5,2025.0,9
2025-09-01 22:00:00,14639,25.94,68.9,21.99,87.17,57.8,2025.0,9
2025-09-01 23:00:00,14640,25.52,70.7,21.74,88.43,66.0,2025.0,9
2025-09-02 00:00:00,14641,25.62,71.2,21.76,89.3,79.87,2025.0,9
2025-09-02 01:00:00,14642,25.94,69.1,22.12,87.37,63.4,2025.0,9
2025-09-02 02:00:00,14643,25.91,68.57,21.88,87.13,65.73,2025.0,9
2025-09-02 03:00:00,14644,25.54,71.0,21.31,90.17,70.0,2025.0,9
2025-09-02 04:00:00,14645,25.74,70.2,21.1,90.73,79.03,2025.0,9
2025-09-02 05:00:00,14646,25.64,70.47,20.95,91.6,84.33,2025.0,9
2025-09-02 06:00:00,14647,26.12,69.29,22.68,86.68,82.25,2025.0,9
2025-09-02 07:00:00,14648,27.59,64.97,26.38,77.97,87.7,2025.0,9
2025-09-02 08:00:00,14649,29.79,57.67,29.48,71.0,59.03,2025.0,9
2025-09-02 09:00:00,14650,31.32,51.4,29.96,68.2,52.37,2025.0,9
2025-09-02 10:00:00,14651,31.95,44.8,29.21,65.0,38.63,2025.0,9
2025-09-02 11:00:00,14652,31.88,46.4,29.25,66.6,41.67,2025.0,9
2025-09-02 12:00:00,14653,32.68,41.07,29.89,61.43,31.4,2025.0,9
2025-09-02 13:00:00,14654,32.5,37.03,29.7,57.1,15.23,2025.0,9
2025-09-02 14:00:00,14655,32.56,36.27,30.82,54.33,18.73,2025.0,9
2025-09-02 15:00:00,14656,32.65,36.83,31.75,53.52,19.0,2025.0,9
2025-09-02 16:00:00,14657,32.56,39.43,32.17,55.3,23.07,2025.0,9
2025-09-02 17:00:00,14658,30.85,45.57,27.3,67.07,26.2,2025.0,9
2025-09-03 19:00:00,14684,27.94,64.22,24.16,82.7,52.78,2025.0,9
2025-09-03 20:00:00,14685,27.9,65.13,23.64,84.8,67.97,2025.0,9
2025-09-03 21:00:00,14686,27.82,64.83,23.46,84.87,55.83,2025.0,9
2025-09-03 22:00:00,14687,26.84,67.14,22.87,85.79,55.0,2025.0,9
2025-09-03 23:00:00,14688,26.22,70.7,22.4,88.7,50.93,2025.0,9
2025-09-04 00:00:00,14689,25.94,71.8,22.29,89.2,49.27,2025.0,9
2025-09-04 01:00:00,14690,26.27,71.03,21.91,90.77,63.5,2025.0,9
2025-09-04 02:00:00,14691,25.96,71.6,21.63,91.13,72.57,2025.0,9
2025-09-04 04:00:00,14693,25.08,73.48,21.33,91.31,86.86,2025.0,9
2025-09-04 05:00:00,14694,24.87,73.3,20.87,92.0,92.3,2025.0,9
2025-09-04 06:00:00,14695,25.81,70.3,23.44,85.0,96.7,2025.0,9
2025-09-04 07:00:00,14696,28.68,61.8,29.13,72.43,77.77,2025.0,9
2025-09-04 08:00:00,14697,31.08,53.4,30.76,67.9,54.67,2025.0,9
2025-09-04 09:00:00,14698,31.36,49.5,30.19,66.2,42.93,2025.0,9
2025-09-04 10:00:00,14699,32.87,44.37,30.07,64.57,37.47,2025.0,9
2025-09-04 11:00:00,14700,33.67,41.3,30.62,62.1,33.0,2025.0,9
2025-09-04 12:00:00,14701,34.22,41.8,31.53,62.1,36.5,2025.0,9
2025-09-04 13:00:00,14702,34.12,43.23,31.67,63.1,38.63,2025.0,9
2025-09-04 14:00:00,14703,34.5,42.45,32.32,61.69,39.1,2025.0,9
2025-09-04 15:00:00,14704,33.25,44.4,31.02,63.87,41.67,2025.0,9
2025-09-04 16:00:00,14705,32.55,46.8,29.57,67.5,44.9,2025.0,9
2025-09-04 17:00:00,14706,31.49,50.87,27.64,72.33,52.87,2025.0,9
2025-09-04 18:00:00,14707,29.32,57.53,25.34,77.9,58.47,2025.0,9
2025-09-04 19:00:00,14708,28.39,63.4,24.5,82.23,58.13,2025.0,9
2025-09-04 20:00:00,14709,27.69,67.33,23.97,85.17,59.37,2025.0,9
2025-09-04 21:00:00,14710,26.44,72.5,21.92,93.8,53.4,2025.0,9
2025-09-04 22:00:00,14711,26.36,73.07,21.09,98.0,48.1,2025.0,9
2025-09-04 23:00:00,14712,26.54,72.7,21.11,98.8,53.67,2025.0,9
2025-09-05 00:00:00,14713,26.23,73.67,20.95,99.0,61.73,2025.0,9
2025-09-05 01:00:00,14714,25.54,71.73,20.32,98.3,46.07,2025.0,9
2025-09-05 02:00:00,14715,24.94,73.47,20.17,98.0,48.83,2025.0,9
2025-09-05 03:00:00,14716,25.2,73.27,20.14,98.1,53.43,2025.0,9
2025-09-05 04:00:00,14717,24.92,73.0,19.89,98.7,61.93,2025.0,9
2025-09-05 05:00:00,14718,25.06,69.97,19.69,97.9,50.37,2025.0,9
2025-09-05 06:00:00,14719,25.22,71.33,21.28,98.1,68.03,2025.0,9
2025-09-05 07:00:00,14720,27.52,66.17,27.1,78.03,82.33,2025.0,9
2025-09-05 08:00:00,14721,30.37,56.23,30.65,67.1,59.3,2025.0,9
2025-09-05 09:00:00,14722,31.3,52.2,30.25,66.5,46.07,2025.0,9
2025-09-05 10:00:00,14723,33.65,47.33,30.59,66.43,46.37,2025.0,9
2025-09-05 11:00:00,14724,33.96,47.4,32.06,64.8,50.63,2025.0,9
2025-09-05 12:00:00,14725,33.97,47.79,31.62,65.66,48.66,2025.0,9
2025-09-05 13:00:00,14726,32.1,52.57,28.26,72.43,49.23,2025.0,9
2025-09-05 14:00:00,14727,26.84,68.93,21.68,95.67,44.27,2025.0,9
2025-09-05 15:00:00,14728,30.04,60.4,25.16,93.6,41.77,2025.0,9
2025-09-05 16:00:00,14729,30.73,57.97,26.64,81.97,49.8,2025.0,9
2025-09-05 17:00:00,14730,28.67,66.07,24.69,85.07,63.13,2025.0,9
2025-09-05 18:00:00,14731,25.89,72.3,22.49,89.27,32.07,2025.0,9
2025-09-05 19:00:00,14732,25.95,70.63,22.0,89.37,32.63,2025.0,9
2025-09-05 20:00:00,14733,26.05,70.93,22.09,89.7,50.2,2025.0,9
2025-09-05 21:00:00,14734,26.58,71.28,22.47,90.48,56.79,2025.0,9
2025-09-05 22:00:00,14735,26.91,70.4,22.5,90.5,63.3,2025.0,9
2025-09-05 23:00:00,14736,26.62,71.63,22.15,91.93,79.33,2025.0,9
2025-09-06 00:00:00,14737,26.54,72.43,21.89,93.33,75.3,2025.0,9
2025-09-06 01:00:00,14738,26.02,73.37,21.2,94.83,73.27,2025.0,9
2025-09-06 02:00:00,14739,25.41,75.7,20.61,97.43,89.7,2025.0,9
2025-09-06 03:00:00,14740,25.15,74.0,20.36,96.3,76.29,2025.0,9
2025-09-06 04:00:00,14741,24.84,72.13,20.05,94.03,64.3,2025.0,9
2025-09-06 05:00:00,14742,23.86,74.17,19.83,93.37,61.57,2025.0,9
2025-09-06 06:00:00,14743,25.49,66.0,23.53,80.7,55.17,2025.0,9
2025-09-06 07:00:00,14744,27.83,56.2,28.4,67.8,48.67,2025.0,9
2025-09-06 08:00:00,14745,30.32,46.13,30.85,59.7,26.3,2025.0,9
2025-09-06 09:00:00,14746,31.37,43.13,30.32,59.7,24.77,2025.0,9
2025-09-06 10:00:00,14747,30.81,42.86,27.79,63.1,23.14,2025.0,9
2025-09-06 11:00:00,14748,31.6,41.6,28.84,61.63,28.13,2025.0,9
2025-09-06 12:00:00,14749,33.36,37.9,30.97,57.03,26.7,2025.0,9
2025-09-06 13:00:00,14750,33.72,36.67,31.44,55.53,26.57,2025.0,9
2025-09-06 14:00:00,14751,33.63,37.87,31.01,57.43,29.2,2025.0,9
2025-09-06 15:00:00,14752,32.06,42.0,28.7,63.1,33.67,2025.0,9
2025-09-06 16:00:00,14753,30.48,46.1,27.09,66.9,37.87,2025.0,9
2025-09-06 17:00:00,14754,28.81,50.2,25.39,70.3,33.97,2025.0,9
2025-09-06 18:00:00,14755,27.31,51.47,24.06,70.9,34.8,2025.0,9
2025-09-06 19:00:00,14756,26.79,51.33,23.4,71.1,32.53,2025.0,9
2025-09-06 20:00:00,14757,26.44,51.87,22.78,72.1,32.63,2025.0,9
2025-09-06 21:00:00,14758,25.86,52.43,22.02,72.8,32.33,2025.0,9
2025-09-06 22:00:00,14759,25.04,54.23,21.38,74.0,27.23,2025.0,9
2025-09-06 23:00:00,14760,24.98,54.33,21.04,74.8,26.37,2025.0,9
2025-09-07 00:00:00,14761,24.26,57.8,20.25,77.77,25.87,2025.0,9
2025-09-07 01:00:00,14762,24.63,55.0,20.4,76.0,26.87,2025.0,9
2025-09-07 02:00:00,14763,24.1,56.23,19.84,77.2,25.23,2025.0,9
2025-09-07 03:00:00,14764,23.84,55.9,19.5,77.03,29.8,2025.0,9
2025-09-07 04:00:00,14765,23.54,58.6,18.77,80.23,44.47,2025.0,9
2025-09-07 05:00:00,14766,22.69,63.77,17.8,85.5,58.57,2025.0,9
2025-09-07 06:00:00,14767,24.42,57.41,22.51,73.55,56.34,2025.0,9
2025-09-07 07:00:00,14768,27.44,50.63,28.34,63.23,72.07,2025.0,9
2025-09-07 08:00:00,14769,29.31,46.87,30.33,59.57,51.77,2025.0,9
2025-09-07 09:00:00,14770,30.52,43.17,29.35,60.2,33.1,2025.0,9
2025-09-07 10:00:00,14771,31.22,42.37,28.06,63.3,26.83,2025.0,9
2025-09-07 11:00:00,14772,32.62,37.07,29.53,57.2,24.47,2025.0,9
2025-09-07 12:00:00,14773,32.9,34.73,30.26,53.83,24.07,2025.0,9
2025-09-07 13:00:00,14774,34.24,34.03,31.69,52.97,27.63,2025.0,9
2025-09-07 14:00:00,14775,33.63,36.3,31.05,55.53,29.87,2025.0,9
2025-09-07 15:00:00,14776,32.12,43.97,28.63,65.37,43.43,2025.0,9
2025-09-07 16:00:00,14777,31.29,45.63,29.03,64.87,42.07,2025.0,9
2025-09-07 17:00:00,14778,31.32,46.1,27.76,67.23,41.5,2025.0,9
2025-09-07 18:00:00,14779,28.19,56.27,24.63,75.6,50.7,2025.0,9
2025-09-07 19:00:00,14780,27.05,60.23,23.78,78.17,49.67,2025.0,9
2025-09-07 20:00:00,14781,26.55,62.63,23.09,80.4,43.47,2025.0,9
2025-09-07 21:00:00,14782,26.34,63.97,22.45,82.43,35.37,2025.0,9
2025-09-07 22:00:00,14783,25.61,65.97,21.83,84.17,34.63,2025.0,9
2025-09-07 23:00:00,14784,25.11,67.03,21.26,85.23,34.93,2025.0,9
2025-09-08 00:00:00,14785,24.98,67.03,20.89,85.77,36.47,2025.0,9
2025-09-08 01:00:00,14786,25.03,67.17,20.52,87.37,47.8,2025.0,9
2025-09-08 02:00:00,14787,25.08,66.67,20.6,86.77,45.9,2025.0,9
2025-09-08 03:00:00,14788,25.29,65.77,20.64,86.27,45.53,2025.0,9
2025-09-08 04:00:00,14789,25.03,67.17,20.11,88.7,80.67,2025.0,9
2025-09-08 05:00:00,14790,24.88,67.7,20.18,88.77,97.83,2025.0,9
2025-09-08 06:00:00,14791,25.45,66.4,21.31,85.97,81.83,2025.0,9
2025-09-08 07:00:00,14792,27.42,62.43,25.37,78.17,78.7,2025.0,9
2025-09-08 08:00:00,14793,30.31,56.3,30.25,70.0,43.23,2025.0,9
2025-09-08 09:00:00,14794,30.76,53.9,29.08,70.97,33.2,2025.0,9
2025-09-08 10:00:00,14795,33.23,47.5,30.63,67.5,25.58,2025.0,9
2025-09-08 11:00:00,14796,34.17,45.24,32.04,64.41,29.79,2025.0,9
2025-09-08 12:00:00,14797,33.88,45.2,31.3,65.37,33.47,2025.0,9
2025-09-08 13:00:00,14798,32.23,51.1,28.42,72.62,59.14,2025.0,9
2025-09-08 14:00:00,14799,29.37,59.77,25.53,79.3,55.83,2025.0,9
2025-09-08 15:00:00,14800,28.43,62.93,24.65,81.7,53.7,2025.0,9
2025-09-08 16:00:00,14801,28.1,64.87,24.09,83.83,66.97,2025.0,9
2025-09-08 17:00:00,14802,27.45,67.5,23.3,86.67,65.0,2025.0,9
2025-09-08 18:00:00,14803,26.36,69.07,22.19,88.1,48.9,2025.0,9
2025-09-08 19:00:00,14804,26.75,67.53,22.43,87.0,46.0,2025.0,9
2025-09-08 20:00:00,14805,26.64,64.59,22.46,84.17,40.31,2025.0,9
2025-09-09 00:00:00,14809,24.7,66.59,21.06,84.41,29.59,2025.0,9
2025-09-09 01:00:00,14810,24.68,65.4,20.97,83.53,27.1,2025.0,9
2025-09-09 02:00:00,14811,25.07,64.4,20.85,84.0,31.5,2025.0,9
2025-09-09 03:00:00,14812,25.18,64.93,20.95,84.67,37.03,2025.0,9
2025-09-09 04:00:00,14813,25.31,66.43,20.79,86.73,56.57,2025.0,9
2025-09-09 05:00:00,14814,25.37,67.87,20.72,88.63,64.27,2025.0,9
2025-09-09 06:00:00,14815,25.99,67.0,21.78,86.62,83.41,2025.0,9
2025-09-09 07:00:00,14816,27.96,60.0,26.14,76.17,63.77,2025.0,9
2025-09-09 08:00:00,14817,29.89,54.53,27.62,72.9,50.5,2025.0,9
2025-09-09 09:00:00,14818,31.77,51.2,30.54,68.4,38.3,2025.0,9
2025-09-09 10:00:00,14819,33.02,49.53,31.5,67.33,35.23,2025.0,9
2025-09-09 11:00:00,14820,32.15,50.53,30.31,68.93,26.17,2025.0,9
2025-09-09 12:00:00,14821,31.05,55.23,28.27,74.3,41.43,2025.0,9
2025-09-09 13:00:00,14822,29.05,62.13,26.09,79.63,50.57,2025.0,9
2025-09-09 14:00:00,14823,28.53,64.77,24.99,82.67,57.17,2025.0,9
2025-09-09 15:00:00,14824,26.98,69.97,21.93,94.03,54.5,2025.0,9
2025-09-09 16:00:00,14825,26.59,73.37,21.46,98.03,67.9,2025.0,9
2025-09-09 17:00:00,14826,26.42,73.13,21.18,98.9,68.23,2025.0,9
2025-09-09 18:00:00,14827,26.54,72.2,21.17,98.87,72.2,2025.0,9
2025-09-09 19:00:00,14828,26.43,72.4,21.23,98.0,87.83,2025.0,9
2025-09-09 20:00:00,14829,26.63,70.93,21.29,98.0,62.5,2025.0,9
2025-09-09 21:00:00,14830,26.61,70.96,21.33,97.96,81.32,2025.0,9
2025-09-09 22:00:00,14831,26.24,73.77,21.15,98.73,,2025.0,9
2025-09-09 23:00:00,14832,26.12,74.33,21.06,99.0,,2025.0,9
2025-09-10 00:00:00,14833,25.84,75.07,20.77,99.0,,2025.0,9
2025-09-10 01:00:00,14834,25.55,75.83,20.62,99.0,,2025.0,9
2025-09-10 02:00:00,14835,25.53,76.13,20.71,99.83,,2025.0,9
2025-09-10 03:00:00,14836,25.17,76.53,20.3,99.9,,2025.0,9
2025-09-10 04:00:00,14837,24.82,77.43,20.23,100.0,,2025.0,9
2025-09-10 05:00:00,14838,24.53,78.5,20.07,100.0,,2025.0,9
2025-09-10 06:00:00,14839,25.02,77.43,21.59,99.03,,2025.0,9
2025-09-10 07:00:00,14840,28.09,67.27,29.01,74.07,78.63,2025.0,9
2025-09-10 08:00:00,14841,30.62,58.83,30.94,68.33,35.7,2025.0,9
2025-09-10 09:00:00,14842,31.51,55.1,29.89,69.47,28.47,2025.0,9
2025-09-10 10:00:00,14843,31.63,54.97,29.6,70.3,34.97,2025.0,9
2025-09-10 11:00:00,14844,32.27,52.67,30.02,68.83,22.17,2025.0,9
2025-09-10 12:00:00,14845,32.03,52.47,29.44,69.53,23.93,2025.0,9
2025-09-10 13:00:00,14846,30.57,57.76,28.07,73.62,32.31,2025.0,9
2025-09-10 14:00:00,14847,29.28,61.67,26.53,77.13,31.33,2025.0,9
2025-09-10 15:00:00,14848,30.77,57.93,28.31,74.0,27.87,2025.0,9
2025-09-10 16:00:00,14849,29.88,59.27,25.84,78.3,25.83,2025.0,9
2025-09-10 17:00:00,14850,27.82,68.72,23.82,87.28,44.62,2025.0,9
2025-09-10 18:00:00,14851,27.03,72.23,23.17,90.47,53.57,2025.0,9
2025-09-10 19:00:00,14852,26.99,73.31,22.68,93.03,57.34,2025.0,9
2025-09-10 22:00:00,14855,26.37,75.0,21.42,99.0,58.43,2025.0,9
2025-09-10 23:00:00,14856,26.66,74.83,21.64,99.0,81.2,2025.0,9
2025-09-11 00:00:00,14857,26.48,75.17,21.54,99.0,74.0,2025.0,9
2025-09-11 01:00:00,14858,26.13,76.03,21.48,99.0,76.53,2025.0,9
2025-09-11 02:00:00,14859,26.2,75.3,21.35,99.0,73.17,2025.0,9
2025-09-11 03:00:00,14860,26.23,74.23,21.23,99.0,57.1,2025.0,9
2025-09-11 04:00:00,14861,26.34,74.43,21.37,99.0,65.97,2025.0,9
2025-09-11 05:00:00,14862,26.58,74.79,21.62,99.0,70.83,2025.0,9
2025-09-11 06:00:00,14863,26.07,75.63,21.74,99.0,61.63,2025.0,9
2025-09-11 07:00:00,14864,25.31,76.63,20.9,99.2,20.87,2025.0,9
2025-09-11 08:00:00,14865,25.99,74.37,22.13,98.83,21.97,2025.0,9
2025-09-11 09:00:00,14866,28.54,66.73,25.98,84.0,30.33,2025.0,9
2025-09-11 10:00:00,14867,30.04,61.68,27.58,77.64,38.29,2025.0,9
2025-09-11 11:00:00,14868,30.43,57.8,27.84,74.97,22.63,2025.0,9
2025-09-11 12:00:00,14869,32.12,53.56,29.85,70.7,24.07,2025.0,9
2025-09-11 13:00:00,14870,31.24,56.17,29.16,73.33,22.6,2025.0,9
2025-09-11 14:00:00,14871,33.92,48.8,31.97,66.67,25.07,2025.0,9
2025-09-11 15:00:00,14872,31.0,55.97,27.49,76.03,22.43,2025.0,9
2025-09-11 16:00:00,14873,26.65,70.29,21.74,96.43,18.0,2025.0,9
2025-09-11 17:00:00,14874,27.35,67.86,22.81,88.93,31.45,2025.0,9
2025-09-11 18:00:00,14875,26.7,71.4,22.54,91.07,53.27,2025.0,9
2025-09-11 19:00:00,14876,26.83,72.93,22.53,92.63,57.67,2025.0,9
2025-09-11 20:00:00,14877,26.98,73.33,22.48,94.13,65.0,2025.0,9
2025-09-11 21:00:00,14878,26.41,75.13,22.18,94.87,61.93,2025.0,9
2025-09-11 22:00:00,14879,26.61,73.86,22.05,94.5,62.82,2025.0,9
2025-09-11 23:00:00,14880,26.43,74.6,21.83,95.77,94.17,2025.0,9
2025-09-12 00:00:00,14881,26.53,74.73,21.77,96.27,96.27,2025.0,9
2025-09-12 01:00:00,14882,26.3,74.07,21.47,96.03,83.3,2025.0,9
2025-09-12 02:00:00,14883,26.12,73.23,21.34,95.0,70.13,2025.0,9
2025-09-12 03:00:00,14884,25.97,73.67,21.24,95.47,84.9,2025.0,9
2025-09-12 04:00:00,14885,25.83,75.27,21.11,97.03,76.6,2025.0,9
2025-09-12 05:00:00,14886,25.86,75.86,21.0,97.93,78.29,2025.0,9
2025-09-12 06:00:00,14887,25.95,75.4,21.97,95.16,88.48,2025.0,9
2025-09-12 07:00:00,14888,27.45,71.07,24.34,87.3,82.0,2025.0,9
2025-09-12 08:00:00,14889,30.51,61.17,31.25,71.17,64.97,2025.0,9
2025-09-12 09:00:00,14890,32.78,53.1,31.71,68.47,39.0,2025.0,9
2025-09-12 10:00:00,14891,33.44,49.33,30.5,69.17,28.2,2025.0,9
2025-09-12 11:00:00,14892,34.13,46.3,31.38,66.33,20.67,2025.0,9
2025-09-12 12:00:00,14893,35.63,42.9,32.93,63.13,18.5,2025.0,9
2025-09-12 13:00:00,14894,35.15,44.3,32.54,64.37,22.52,2025.0,9
2025-09-12 14:00:00,14895,30.62,58.13,27.03,77.2,39.2,2025.0,9
2025-09-12 15:00:00,14896,28.29,64.73,26.65,78.37,38.23,2025.0,9
2025-09-12 16:00:00,14897,28.56,65.67,25.41,82.47,43.4,2025.0,9
2025-09-12 17:00:00,14898,26.22,74.76,21.56,97.28,36.01,2025.0,9
2025-09-12 18:00:00,14899,25.96,75.85,21.29,99.0,39.07,2025.0,9
2025-09-12 19:00:00,14900,26.25,75.52,21.4,99.0,38.9,2025.0,9
2025-09-12 20:00:00,14901,26.09,74.29,20.17,99.0,22.79,2025.0,9
2025-09-12 21:00:00,14902,26.48,74.38,21.21,99.79,35.79,2025.0,9
2025-09-12 22:00:00,14903,26.3,75.76,21.29,100.0,45.45,2025.0,9
2025-09-12 23:00:00,14904,26.15,75.41,21.1,100.0,54.26,2025.0,9
2025-09-13 00:00:00,14905,25.97,75.67,20.9,100.0,67.17,2025.0,9
2025-09-13 01:00:00,14906,25.72,76.4,20.8,100.0,59.47,2025.0,9
2025-09-13 02:00:00,14907,25.34,76.97,20.56,100.0,56.03,2025.0,9
2025-09-13 03:00:00,14908,25.06,77.23,20.31,100.0,66.33,2025.0,9
2025-09-13 04:00:00,14909,24.88,76.6,19.97,100.0,69.6,2025.0,9
2025-09-13 05:00:00,14910,24.62,74.63,19.4,100.0,69.1,2025.0,9
2025-09-13 06:00:00,14911,24.7,73.23,19.97,99.87,80.53,2025.0,9
2025-09-13 07:00:00,14912,26.86,68.93,23.71,100.0,72.33,2025.0,9
2025-09-13 08:00:00,14913,29.12,61.03,27.17,86.6,54.03,2025.0,9
2025-09-13 09:00:00,14914,30.15,56.23,28.8,70.87,46.93,2025.0,9
2025-09-13 10:00:00,14915,30.98,48.23,28.31,67.23,31.37,2025.0,9
2025-09-13 11:00:00,14916,32.7,44.13,29.85,64.07,26.73,2025.0,9
2025-09-13 12:00:00,14917,33.27,42.79,30.72,62.29,29.75,2025.0,9
2025-09-13 13:00:00,14918,33.99,39.52,31.6,58.52,29.0,2025.0,9
2025-09-13 14:00:00,14919,34.49,38.17,32.38,56.67,29.5,2025.0,9
2025-09-13 15:00:00,14920,33.55,42.2,31.06,61.2,29.73,2025.0,9
2025-09-13 16:00:00,14921,32.43,48.07,29.17,67.93,34.77,2025.0,9
2025-09-13 17:00:00,14922,30.97,52.33,26.72,73.23,41.07,2025.0,9
2025-09-13 18:00:00,14923,30.39,55.52,26.0,76.14,54.52,2025.0,9
2025-09-13 19:00:00,14924,28.5,64.43,24.39,83.5,57.53,2025.0,9
2025-09-13 20:00:00,14925,27.59,68.67,23.43,87.87,67.6,2025.0,9
2025-09-13 21:00:00,14926,26.86,71.2,22.73,90.33,66.27,2025.0,9
2025-09-13 22:00:00,14927,26.77,70.9,22.22,91.63,70.17,2025.0,9
2025-09-13 23:00:00,14928,26.42,70.63,21.94,90.87,68.3,2025.0,9
2025-09-14 00:00:00,14929,25.62,71.73,21.61,90.83,93.87,2025.0,9
2025-09-14 01:00:00,14930,25.37,71.93,21.36,90.97,89.37,2025.0,9
2025-09-14 02:00:00,14931,25.8,69.77,21.58,89.33,68.0,2025.0,9
2025-09-14 03:00:00,14932,25.74,69.97,21.11,90.93,66.8,2025.0,9
2025-09-14 04:00:00,14933,25.43,69.97,20.7,91.23,74.3,2025.0,9
2025-09-14 05:00:00,14934,24.74,71.47,19.96,93.13,90.9,2025.0,9
2025-09-14 06:00:00,14935,25.53,70.3,22.9,86.27,96.53,2025.0,9
2025-09-14 07:00:00,14936,27.44,63.5,26.12,77.17,80.03,2025.0,9
2025-09-14 08:00:00,14937,29.42,55.6,29.96,68.13,54.87,2025.0,9
2025-09-14 09:00:00,14938,29.65,51.87,28.11,68.83,43.8,2025.0,9
2025-09-14 10:00:00,14939,30.53,46.83,28.03,66.57,29.5,2025.0,9
2025-09-14 11:00:00,14940,31.68,43.3,28.94,63.5,25.57,2025.0,9
2025-09-14 12:00:00,14941,32.57,40.77,29.93,60.83,24.07,2025.0,9
2025-09-14 13:00:00,14942,33.41,39.23,31.19,58.4,20.97,2025.0,9
2025-09-14 14:00:00,14943,32.42,41.93,30.2,61.27,22.97,2025.0,9
2025-09-14 15:00:00,14944,30.34,48.63,27.63,68.63,23.83,2025.0,9
2025-09-14 16:00:00,14945,29.33,49.57,26.43,69.9,25.67,2025.0,9
2025-09-14 17:00:00,14946,28.56,45.63,25.4,66.77,25.13,2025.0,9
2025-09-14 18:00:00,14947,27.92,47.5,24.53,68.87,33.03,2025.0,9
2025-09-14 19:00:00,14948,27.26,54.47,23.35,75.27,31.97,2025.0,9
2025-09-14 20:00:00,14949,25.98,58.57,22.66,77.33,22.17,2025.0,9
2025-09-14 21:00:00,14950,25.93,58.4,22.5,77.4,20.97,2025.0,9
2025-09-14 22:00:00,14951,25.85,58.77,22.27,78.0,19.03,2025.0,9
2025-09-14 23:00:00,14952,26.22,58.37,21.97,79.2,18.27,2025.0,9
2025-09-15 00:00:00,14953,25.4,61.03,21.26,81.07,21.1,2025.0,9
2025-09-15 01:00:00,14954,25.07,62.23,21.0,81.9,14.57,2025.0,9
2025-09-15 02:00:00,14955,24.85,63.57,20.5,83.5,21.87,2025.0,9
2025-09-15 03:00:00,14956,24.7,64.13,20.17,84.7,29.7,2025.0,9
2025-09-15 04:00:00,14957,24.62,65.63,20.35,85.37,26.53,2025.0,9
2025-09-15 05:00:00,14958,24.61,65.3,20.47,84.67,29.6,2025.0,9
2025-09-15 06:00:00,14959,25.56,62.83,23.07,79.53,46.1,2025.0,9
2025-09-15 07:00:00,14960,28.91,53.23,29.01,67.13,41.23,2025.0,9
2025-09-15 08:00:00,14961,30.58,46.47,30.74,61.0,21.83,2025.0,9
2025-09-15 09:00:00,14962,31.61,42.2,29.9,60.5,20.03,2025.0,9
2025-09-15 10:00:00,14963,33.4,39.33,30.46,59.8,22.27,2025.0,9
2025-09-15 11:00:00,14964,34.46,37.17,31.66,57.2,22.4,2025.0,9
2025-09-15 12:00:00,14965,35.21,35.37,33.09,53.9,23.9,2025.0,9
2025-09-15 13:00:00,14966,33.23,41.67,30.91,61.1,30.2,2025.0,9
2025-09-15 14:00:00,14967,32.95,44.7,30.16,65.1,36.0,2025.0,9
2025-09-15 15:00:00,14968,32.2,46.8,28.87,68.2,35.73,2025.0,9
2025-09-15 16:00:00,14969,32.43,47.57,29.33,68.5,48.63,2025.0,9
2025-09-15 17:00:00,14970,30.37,53.9,26.51,75.1,56.73,2025.0,9
2025-09-15 18:00:00,14971,29.68,57.5,25.69,77.83,53.33,2025.0,9
2025-09-15 19:00:00,14972,27.93,61.07,24.1,80.47,43.8,2025.0,9
2025-09-15 20:00:00,14973,26.59,65.6,23.14,83.03,41.5,2025.0,9
2025-09-15 21:00:00,14974,26.29,66.5,22.74,83.83,38.23,2025.0,9
2025-09-15 22:00:00,14975,26.24,66.9,22.5,84.77,39.0,2025.0,9
2025-09-15 23:00:00,14976,25.83,69.0,21.97,87.0,38.47,2025.0,9
2025-09-16 00:00:00,14977,25.55,69.2,21.77,87.17,38.43,2025.0,9
2025-09-16 01:00:00,14978,25.63,68.6,21.45,87.8,44.17,2025.0,9
2025-09-16 02:00:00,14979,25.31,69.63,21.3,88.23,43.13,2025.0,9
2025-09-16 03:00:00,14980,25.5,68.97,21.19,88.47,55.13,2025.0,9
2025-09-16 04:00:00,14981,25.45,69.53,20.7,90.83,74.13,2025.0,9
2025-09-16 05:00:00,14982,25.17,70.33,20.66,90.83,69.4,2025.0,9
2025-09-16 06:00:00,14983,26.56,65.33,24.55,80.23,56.43,2025.0,9
2025-09-16 07:00:00,14984,28.03,61.3,28.03,73.63,75.4,2025.0,9
2025-09-16 08:00:00,14985,31.03,52.3,30.95,66.77,48.0,2025.0,9
2025-09-16 09:00:00,14986,32.32,48.83,31.21,65.76,43.31,2025.0,9
2025-09-16 10:00:00,14987,32.85,47.8,30.71,66.9,35.4,2025.0,9
2025-09-16 11:00:00,14988,32.79,46.93,30.9,65.77,33.57,2025.0,9
2025-09-16 12:00:00,14989,33.53,46.5,30.99,66.37,42.6,2025.0,9
2025-09-16 13:00:00,14990,28.29,60.4,23.8,84.13,52.97,2025.0,9
2025-09-16 14:00:00,14991,27.18,65.69,21.09,97.93,58.83,2025.0,9
2025-09-16 15:00:00,14992,28.98,61.12,22.86,95.72,70.68,2025.0,9
2025-09-16 16:00:00,14993,30.19,56.33,24.52,91.33,56.1,2025.0,9
2025-09-16 17:00:00,14994,29.46,58.37,25.0,80.03,54.87,2025.0,9
2025-09-16 18:00:00,14995,28.24,63.71,24.28,83.14,62.0,2025.0,9
2025-09-16 19:00:00,14996,26.91,67.9,23.49,85.13,52.97,2025.0,9
2025-09-16 20:00:00,14997,26.84,66.57,23.12,84.7,44.93,2025.0,9
2025-09-16 21:00:00,14998,27.03,65.43,22.82,85.17,41.6,2025.0,9
2025-09-16 22:00:00,14999,26.95,65.03,22.39,85.67,38.43,2025.0,9
2025-09-16 23:00:00,15000,26.69,69.43,22.06,90.53,85.77,2025.0,9
2025-09-17 00:00:00,15001,26.12,72.33,21.63,92.93,81.33,2025.0,9
2025-09-17 01:00:00,15002,26.28,70.77,21.6,91.9,70.33,2025.0,9
2025-09-17 02:00:00,15003,25.48,70.53,21.02,91.23,60.73,2025.0,9
2025-09-17 03:00:00,15004,24.99,71.4,20.63,91.53,60.7,2025.0,9
2025-09-17 04:00:00,15005,25.33,70.57,20.76,91.33,55.17,2025.0,9
2025-09-17 05:00:00,15006,25.25,71.3,20.67,92.37,74.13,2025.0,9
2025-09-17 06:00:00,15007,26.37,68.7,23.66,84.93,72.57,2025.0,9
2025-09-17 07:00:00,15008,28.26,62.7,26.96,77.1,62.73,2025.0,9
2025-09-17 08:00:00,15009,29.72,57.97,28.64,73.43,54.03,2025.0,9
2025-09-17 09:00:00,15010,31.48,52.52,30.16,69.59,33.14,2025.0,9
2025-09-17 10:00:00,15011,33.17,48.5,31.04,67.87,31.13,2025.0,9
2025-09-17 11:00:00,15012,34.53,44.7,32.13,64.6,26.23,2025.0,9
2025-09-17 12:00:00,15013,34.2,45.07,32.03,64.67,27.63,2025.0,9
2025-09-17 13:00:00,15014,33.83,46.83,31.47,66.73,31.53,2025.0,9
2025-09-17 14:00:00,15015,32.27,51.57,28.57,73.27,41.37,2025.0,9
2025-09-17 15:00:00,15016,28.04,64.87,24.24,83.57,47.87,2025.0,9
2025-09-17 16:00:00,15017,26.86,70.37,22.13,92.97,47.53,2025.0,9
2025-09-17 17:00:00,15018,25.41,74.73,20.81,97.8,37.23,2025.0,9
2025-09-17 18:00:00,15019,25.14,76.07,20.71,98.2,42.27,2025.0,9
2025-09-17 19:00:00,15020,24.99,74.9,20.2,98.5,37.63,2025.0,9
2025-09-17 20:00:00,15021,25.44,74.93,20.39,99.0,43.57,2025.0,9
2025-09-17 21:00:00,15022,25.49,75.17,20.48,99.03,39.7,2025.0,9
2025-09-17 22:00:00,15023,25.71,75.3,20.72,99.6,44.8,2025.0,9
2025-09-17 23:00:00,15024,25.59,75.2,20.68,99.5,44.8,2025.0,9
2025-09-18 00:00:00,15025,25.54,75.1,20.56,99.1,43.43,2025.0,9
2025-09-18 01:00:00,15026,25.43,75.97,20.62,99.77,47.67,2025.0,9
2025-09-18 02:00:00,15027,25.73,75.63,20.75,100.0,64.3,2025.0,9
2025-09-18 03:00:00,15028,25.73,75.87,20.83,100.0,66.7,2025.0,9
2025-09-18 04:00:00,15029,25.73,75.5,20.79,100.0,62.83,2025.0,9
2025-09-18 05:00:00,15030,25.63,75.8,20.87,99.3,61.7,2025.0,9
2025-09-18 06:00:00,15031,26.23,73.83,22.82,92.97,57.47,2025.0,9
2025-09-18 07:00:00,15032,26.67,69.3,23.19,86.87,47.03,2025.0,9
2025-09-18 08:00:00,15033,28.1,64.97,25.91,80.57,49.9,2025.0,9
2025-09-18 09:00:00,15034,31.76,53.53,31.32,68.3,37.97,2025.0,9
2025-09-18 10:00:00,15035,33.71,47.5,31.76,66.13,38.37,2025.0,9
2025-09-18 11:00:00,15036,34.45,44.4,32.8,62.57,29.7,2025.0,9
2025-09-18 12:00:00,15037,32.97,47.57,30.32,67.47,25.8,2025.0,9
2025-09-18 13:00:00,15038,30.93,54.47,28.61,72.77,34.47,2025.0,9
2025-09-18 14:00:00,15039,31.46,51.83,28.83,71.3,31.93,2025.0,9
2025-09-18 15:00:00,15040,30.77,55.96,27.89,74.78,42.52,2025.0,9
2025-09-18 16:00:00,15041,29.43,61.17,25.78,79.93,47.13,2025.0,9
2025-09-18 17:00:00,15042,28.42,64.11,24.58,82.86,48.43,2025.0,9
2025-09-18 18:00:00,15043,27.78,64.47,24.09,82.83,47.57,2025.0,9
2025-09-18 19:00:00,15044,27.84,63.87,23.61,83.53,45.2,2025.0,9
2025-09-18 20:00:00,15045,27.12,66.07,22.95,85.2,34.4,2025.0,9
2025-09-18 21:00:00,15046,26.24,68.33,22.37,86.53,25.97,2025.0,9
2025-09-18 22:00:00,15047,25.44,70.4,21.85,87.63,25.9,2025.0,9
2025-09-18 23:00:00,15048,25.92,68.03,21.8,87.0,26.1,2025.0,9
2025-09-19 00:00:00,15049,25.84,69.8,21.39,89.97,58.83,2025.0,9
2025-09-19 01:00:00,15050,25.4,72.77,21.01,92.9,78.27,2025.0,9
2025-09-19 02:00:00,15051,25.53,71.73,20.8,92.77,86.33,2025.0,9
2025-09-19 03:00:00,15052,25.11,73.52,20.48,94.55,92.38,2025.0,9
2025-09-19 04:00:00,15053,25.27,72.7,20.51,94.03,104.13,2025.0,9
2025-09-19 05:00:00,15054,24.76,72.97,20.18,94.17,71.57,2025.0,9
2025-09-19 06:00:00,15055,25.65,69.97,22.04,88.17,64.03,2025.0,9
2025-09-19 07:00:00,15056,28.17,64.3,27.31,77.47,,2025.0,9
2025-09-19 08:00:00,15057,30.67,56.7,30.53,70.57,47.97,2025.0,9
2025-09-19 09:00:00,15058,31.97,52.4,30.63,69.43,34.67,2025.0,9
2025-09-19 10:00:00,15059,32.93,49.13,31.45,67.03,36.03,2025.0,9
2025-09-19 11:00:00,15060,34.78,45.97,33.05,64.63,34.53,2025.0,9
2025-09-19 12:00:00,15061,33.09,46.7,30.92,66.1,24.73,2025.0,9
2025-09-19 13:00:00,15062,32.26,51.07,29.73,70.48,34.21,2025.0,9
2025-09-19 14:00:00,15063,29.82,61.77,26.98,79.17,54.2,2025.0,9
2025-09-19 15:00:00,15064,28.46,67.53,24.36,88.57,55.97,2025.0,9
2025-09-19 16:00:00,15065,26.89,73.4,21.82,98.57,56.33,2025.0,9
2025-09-19 17:00:00,15066,27.28,72.93,21.93,99.0,65.87,2025.0,9
2025-09-19 18:00:00,15067,27.28,72.37,21.89,99.0,75.47,2025.0,9
2025-09-19 19:00:00,15068,27.28,72.57,22.15,98.27,78.67,2025.0,9
2025-09-19 20:00:00,15069,26.84,71.37,21.85,97.8,50.2,2025.0,9
2025-09-19 21:00:00,15070,27.0,68.47,22.07,97.0,40.43,2025.0,9
2025-09-19 22:00:00,15071,27.06,69.13,22.57,90.43,44.37,2025.0,9
2025-09-19 23:00:00,15072,26.16,71.67,22.13,91.13,48.7,2025.0,9
2025-09-20 00:00:00,15073,25.94,71.9,21.69,92.07,52.37,2025.0,9
2025-09-20 01:00:00,15074,25.5,71.63,21.5,90.97,45.63,2025.0,9
2025-09-20 02:00:00,15075,25.33,71.27,21.4,90.27,43.67,2025.0,9
2025-09-20 03:00:00,15076,25.5,70.87,21.05,91.47,46.67,2025.0,9
2025-09-20 04:00:00,15077,25.22,72.4,20.76,93.17,54.07,2025.0,9
2025-09-20 05:00:00,15078,25.4,70.73,21.25,90.4,44.53,2025.0,9
2025-09-20 06:00:00,15079,26.32,68.87,23.71,84.97,53.47,2025.0,9
2025-09-20 07:00:00,15080,27.98,64.97,27.09,78.67,67.57,2025.0,9
2025-09-20 08:00:00,15081,30.47,57.8,30.78,70.8,55.73,2025.0,9
2025-09-20 09:00:00,15082,30.3,56.17,28.75,73.1,43.43,2025.0,9
2025-09-20 10:00:00,15083,30.53,54.1,28.33,72.77,37.13,2025.0,9
2025-09-20 11:00:00,15084,29.72,56.13,27.36,74.87,31.73,2025.0,9
2025-09-20 12:00:00,15085,29.37,58.27,26.81,76.53,36.87,2025.0,9
2025-09-20 13:00:00,15086,28.91,55.7,26.46,74.73,34.27,2025.0,9
2025-09-20 14:00:00,15087,29.59,55.9,26.99,75.07,36.33,2025.0,9
2025-09-20 15:00:00,15088,27.8,60.63,24.71,79.37,34.97,2025.0,9
2025-09-20 16:00:00,15089,27.92,59.2,24.93,78.03,36.27,2025.0,9
2025-09-20 17:00:00,15090,28.17,60.7,24.55,80.3,40.87,2025.0,9
2025-09-20 18:00:00,15091,28.24,61.27,23.93,82.17,43.6,2025.0,9
2025-09-20 19:00:00,15092,27.33,62.6,23.4,82.3,41.1,2025.0,9
2025-09-20 20:00:00,15093,26.5,68.07,22.58,86.6,51.87,2025.0,9
2025-09-20 21:00:00,15094,25.9,70.2,22.29,87.53,61.53,2025.0,9
2025-09-20 22:00:00,15095,25.9,70.96,21.75,90.11,77.96,2025.0,9
2025-09-20 23:00:00,15096,25.8,70.93,21.44,90.96,77.72,2025.0,9
2025-09-21 00:00:00,15097,25.33,72.28,21.03,92.07,83.34,2025.0,9
2025-09-21 01:00:00,15098,25.62,71.37,21.01,92.2,92.13,2025.0,9
2025-09-21 02:00:00,15099,25.19,71.97,20.54,92.9,101.97,2025.0,9
2025-09-21 03:00:00,15100,24.68,72.4,20.41,92.33,82.87,2025.0,9
2025-09-21 04:00:00,15101,24.76,72.37,20.2,92.9,89.07,2025.0,9
2025-09-21 05:00:00,15102,24.69,72.37,19.98,93.8,93.0,2025.0,9
2025-09-21 06:00:00,15103,25.72,68.0,23.97,82.47,62.8,2025.0,9
2025-09-21 07:00:00,15104,29.24,58.97,30.18,70.37,58.07,2025.0,9
2025-09-21 08:00:00,15105,31.31,54.13,31.53,67.93,46.53,2025.0,9
2025-09-21 09:00:00,15106,31.43,50.57,30.07,68.0,32.3,2025.0,9
2025-09-21 10:00:00,15107,31.79,48.77,29.23,68.83,28.87,2025.0,9
2025-09-21 11:00:00,15108,32.45,48.43,29.81,68.67,30.4,2025.0,9
2025-09-21 12:00:00,15109,32.15,50.17,29.29,70.4,37.53,2025.0,9
2025-09-21 13:00:00,15110,30.91,54.73,28.38,73.77,37.37,2025.0,9
2025-09-21 14:00:00,15111,32.37,49.6,29.75,69.9,32.47,2025.0,9
2025-09-21 15:00:00,15112,31.17,54.77,28.54,74.07,37.4,2025.0,9
2025-09-21 16:00:00,15113,30.9,56.87,28.94,74.47,43.03,2025.0,9
2025-09-21 17:00:00,15114,29.94,60.5,26.11,80.53,46.97,2025.0,9
2025-09-21 18:00:00,15115,28.76,65.43,25.08,83.7,52.23,2025.0,9
2025-09-21 19:00:00,15116,28.45,68.79,24.47,87.31,59.59,2025.0,9
2025-09-21 20:00:00,15117,28.28,70.27,24.07,89.59,64.3,2025.0,9
2025-09-21 21:00:00,15118,27.66,72.86,23.53,92.1,72.9,2025.0,9
2025-09-21 22:00:00,15119,27.73,72.93,23.33,93.0,81.47,2025.0,9
2025-09-21 23:00:00,15120,27.78,72.0,23.06,93.03,83.0,2025.0,9
2025-09-22 00:00:00,15121,27.62,72.6,22.95,93.7,98.2,2025.0,9
2025-09-22 01:00:00,15122,27.27,73.14,22.59,94.31,95.07,2025.0,9
2025-09-22 02:00:00,15123,26.51,74.58,22.31,94.07,73.52,2025.0,9
2025-09-22 03:00:00,15124,26.55,73.3,21.96,94.0,80.87,2025.0,9
2025-09-22 04:00:00,15125,26.01,71.21,22.04,89.96,47.14,2025.0,9
2025-09-22 05:00:00,15126,26.33,68.47,22.07,88.13,28.7,2025.0,9
2025-09-22 06:00:00,15127,26.82,67.27,25.39,80.9,37.97,2025.0,9
2025-09-22 07:00:00,15128,28.51,63.5,28.01,76.57,30.33,2025.0,9
2025-09-22 08:00:00,15129,29.83,58.47,29.11,73.5,23.77,2025.0,9
2025-09-22 09:00:00,15130,31.13,53.5,29.18,71.73,26.9,2025.0,9
2025-09-22 10:00:00,15131,32.45,50.2,29.56,70.93,31.17,2025.0,9
2025-09-22 11:00:00,15132,33.75,45.93,30.85,67.03,30.77,2025.0,9
2025-09-22 12:00:00,15133,34.79,43.73,32.01,64.6,30.97,2025.0,9
2025-09-22 13:00:00,15134,36.67,38.5,33.94,58.6,29.3,2025.0,9
2025-09-22 14:00:00,15135,37.75,34.2,35.21,53.0,26.43,2025.0,9
2025-09-22 15:00:00,15136,35.49,42.57,34.37,59.83,36.1,2025.0,9
2025-09-22 16:00:00,15137,32.79,49.43,30.47,68.93,37.37,2025.0,9
2025-09-22 17:00:00,15138,31.11,50.6,27.97,71.53,33.77,2025.0,9
2025-09-22 18:00:00,15139,30.47,55.3,26.8,76.2,46.57,2025.0,9
2025-09-22 19:00:00,15140,29.96,57.63,25.76,78.9,58.43,2025.0,9
2025-09-22 20:00:00,15141,28.54,63.4,24.58,83.03,63.37,2025.0,9
2025-09-22 21:00:00,15142,27.92,66.8,23.71,86.03,63.6,2025.0,9
2025-09-22 22:00:00,15143,27.61,65.23,23.19,85.6,64.6,2025.0,9
2025-09-22 23:00:00,15144,27.0,64.97,22.58,85.4,57.13,2025.0,9
2025-09-23 00:00:00,15145,26.94,65.83,22.21,86.87,107.17,2025.0,9
2025-09-23 01:00:00,15146,26.35,63.0,21.58,84.73,80.63,2025.0,9
2025-09-23 02:00:00,15147,25.69,64.03,21.12,85.23,78.8,2025.0,9
2025-09-23 03:00:00,15148,25.32,62.67,20.75,84.1,61.37,2025.0,9
2025-09-23 04:00:00,15149,25.29,61.93,20.7,83.67,54.57,2025.0,9
2025-09-23 05:00:00,15150,24.93,62.3,20.26,84.2,53.1,2025.0,9
2025-09-23 06:00:00,15151,25.62,62.5,22.44,81.3,69.23,2025.0,9
2025-09-23 07:00:00,15152,28.67,56.57,29.25,69.7,75.0,2025.0,9
2025-09-23 08:00:00,15153,30.59,54.1,31.27,67.23,72.3,2025.0,9
2025-09-23 09:00:00,15154,33.09,48.23,31.79,65.6,44.5,2025.0,9
2025-09-23 10:00:00,15155,34.27,43.37,31.52,63.63,44.33,2025.0,9
2025-09-23 11:00:00,15156,35.0,34.14,32.19,53.11,30.68,2025.0,9
2025-09-23 12:00:00,15157,34.94,27.43,32.3,44.43,10.77,2025.0,9
2025-09-23 13:00:00,15158,35.74,29.23,33.35,46.4,21.33,2025.0,9
2025-09-23 14:00:00,15159,35.77,31.57,33.5,48.73,28.03,2025.0,9
2025-09-23 15:00:00,15160,35.66,34.97,33.33,53.3,34.53,2025.0,9
2025-09-23 16:00:00,15161,34.01,42.33,30.62,63.7,46.73,2025.0,9
2025-09-23 17:00:00,15162,31.64,54.37,27.58,76.5,56.03,2025.0,9
2025-09-23 18:00:00,15163,29.36,61.87,25.48,81.9,58.2,2025.0,9
2025-09-23 19:00:00,15164,28.25,59.9,23.92,81.27,50.37,2025.0,9
2025-09-23 20:00:00,15165,27.84,66.93,23.62,86.63,59.77,2025.0,9
2025-09-23 21:00:00,15166,27.4,69.43,23.32,88.23,68.7,2025.0,9
2025-09-23 22:00:00,15167,26.69,69.83,22.77,88.4,61.03,2025.0,9
2025-09-23 23:00:00,15168,27.18,68.37,22.61,89.0,78.5,2025.0,9
2025-09-24 00:00:00,15169,26.68,70.43,22.07,91.2,91.97,2025.0,9
2025-09-24 01:00:00,15170,26.13,72.4,21.66,92.9,98.23,2025.0,9
2025-09-24 02:00:00,15171,26.04,73.07,21.19,94.7,98.87,2025.0,9
2025-09-24 03:00:00,15172,25.7,73.57,21.09,94.7,,2025.0,9
2025-09-24 04:00:00,15173,25.27,68.5,20.79,89.07,90.33,2025.0,9
2025-09-24 05:00:00,15174,24.66,67.73,20.58,87.1,68.47,2025.0,9
2025-09-24 06:00:00,15175,25.68,63.43,22.54,81.83,71.83,2025.0,9
2025-09-24 07:00:00,15176,28.58,56.23,28.57,70.3,58.53,2025.0,9
2025-09-24 08:00:00,15177,30.59,52.6,30.46,67.17,62.37,2025.0,9
2025-09-24 09:00:00,15178,32.86,49.1,31.6,66.5,68.27,2025.0,9
2025-09-24 10:00:00,15179,34.04,45.11,31.24,65.48,62.52,2025.0,9
2025-09-24 11:00:00,15180,36.25,34.77,34.13,52.53,45.27,2025.0,9
2025-09-24 12:00:00,15181,38.5,26.57,36.01,42.86,31.29,2025.0,9
2025-09-24 13:00:00,15182,36.67,33.3,33.55,52.23,42.6,2025.0,9
2025-09-24 14:00:00,15183,29.88,52.0,24.1,81.87,41.73,2025.0,9
2025-09-24 15:00:00,15184,29.38,51.63,22.2,93.57,42.83,2025.0,9
2025-09-24 16:00:00,15185,29.64,57.0,24.19,91.63,62.7,2025.0,9
2025-09-24 17:00:00,15186,27.7,64.77,23.86,84.67,66.17,2025.0,9
2025-09-24 18:00:00,15187,26.74,62.87,22.72,83.9,56.57,2025.0,9
2025-09-24 19:00:00,15188,25.78,69.77,22.13,87.93,57.8,2025.0,9
2025-09-24 20:00:00,15189,26.56,68.5,22.21,88.73,70.83,2025.0,9
2025-09-24 21:00:00,15190,27.1,66.83,22.56,87.73,68.23,2025.0,9
2025-09-24 22:00:00,15191,26.94,67.23,22.57,87.43,69.53,2025.0,9
2025-09-24 23:00:00,15192,26.84,68.3,22.3,89.1,91.17,2025.0,9
2025-09-25 00:00:00,15193,26.37,69.97,21.69,91.47,104.83,2025.0,9
2025-09-25 01:00:00,15194,26.35,69.63,21.56,91.23,,2025.0,9
2025-09-25 02:00:00,15195,26.03,71.07,21.39,92.47,,2025.0,9
2025-09-25 03:00:00,15196,25.79,71.5,21.14,92.8,,2025.0,9
2025-09-25 04:00:00,15197,25.45,72.53,20.64,94.5,,2025.0,9
2025-09-25 05:00:00,15198,25.18,73.0,20.39,94.93,105.77,2025.0,9
2025-09-25 06:00:00,15199,25.97,70.63,23.15,87.5,,2025.0,9
2025-09-25 07:00:00,15200,28.37,63.8,28.05,76.3,,2025.0,9
2025-09-25 08:00:00,15201,30.79,56.53,31.45,69.13,88.2,2025.0,9
2025-09-25 09:00:00,15202,32.93,51.63,31.82,68.27,74.33,2025.0,9
2025-09-25 10:00:00,15203,34.14,48.86,31.74,68.43,79.18,2025.0,9
2025-09-25 11:00:00,15204,35.17,42.73,32.98,61.87,64.33,2025.0,9
2025-09-25 12:00:00,15205,33.91,45.5,30.42,66.86,67.93,2025.0,9
2025-09-25 13:00:00,15206,29.08,59.33,22.83,91.3,64.81,2025.0,9
2025-09-25 14:00:00,15207,29.38,59.0,22.79,95.67,54.33,2025.0,9
2025-09-25 15:00:00,15208,30.99,55.6,26.92,86.43,58.6,2025.0,9
2025-09-25 16:00:00,15209,32.52,51.67,30.45,70.27,56.43,2025.0,9
2025-09-25 17:00:00,15210,30.3,57.97,26.29,79.0,56.59,2025.0,9
2025-09-25 18:00:00,15211,29.11,61.5,24.76,82.53,63.3,2025.0,9
2025-09-25 19:00:00,15212,28.33,65.07,24.2,84.67,70.03,2025.0,9
2025-09-25 20:00:00,15213,27.5,69.13,23.65,87.43,68.83,2025.0,9
2025-09-25 21:00:00,15214,26.54,73.7,22.33,93.5,82.8,2025.0,9
2025-09-25 22:00:00,15215,25.77,73.43,20.72,97.77,62.37,2025.0,9
2025-09-25 23:00:00,15216,23.88,75.77,19.26,98.7,46.57,2025.0,9
2025-09-26 00:00:00,15217,23.88,77.67,19.57,99.0,48.7,2025.0,9
2025-09-26 01:00:00,15218,23.88,77.3,19.39,99.0,44.97,2025.0,9
2025-09-26 02:00:00,15219,24.26,75.2,19.26,99.0,42.27,2025.0,9
2025-09-26 03:00:00,15220,24.47,74.2,19.29,99.0,47.3,2025.0,9
2025-09-26 04:00:00,15221,24.8,74.23,19.62,99.0,49.43,2025.0,9
2025-09-26 05:00:00,15222,24.84,73.93,19.74,99.0,50.7,2025.0,9
2025-09-26 06:00:00,15223,24.99,75.17,21.08,99.0,65.97,2025.0,9
2025-09-26 07:00:00,15224,28.01,66.6,25.16,94.1,66.83,2025.0,9
2025-09-26 08:00:00,15225,30.76,58.13,31.09,70.73,55.1,2025.0,9
2025-09-26 09:00:00,15226,32.77,51.43,31.62,67.6,46.93,2025.0,9
2025-09-26 10:00:00,15227,33.84,45.17,31.23,64.9,38.4,2025.0,9
2025-09-26 11:00:00,15228,34.11,42.1,32.01,60.87,36.5,2025.0,9
2025-09-26 12:00:00,15229,34.56,43.63,32.86,61.63,43.03,2025.0,9
2025-09-26 13:00:00,15230,34.78,43.31,32.67,62.07,42.66,2025.0,9
2025-09-26 14:00:00,15231,33.46,45.8,30.93,65.53,40.43,2025.0,9
2025-09-26 15:00:00,15232,30.35,55.97,26.95,75.83,47.03,2025.0,9
2025-09-26 16:00:00,15233,28.72,62.13,25.02,81.67,60.13,2025.0,9
2025-09-26 17:00:00,15234,26.62,71.79,23.06,89.57,66.04,2025.0,9
2025-09-26 18:00:00,15235,26.81,70.97,23.61,87.13,63.57,2025.0,9
2025-09-26 19:00:00,15236,27.18,71.5,23.42,89.23,81.63,2025.0,9
2025-09-26 20:00:00,15237,26.97,72.03,23.31,89.5,89.4,2025.0,9
2025-09-26 21:00:00,15238,26.72,73.8,23.21,90.97,,2025.0,9
2025-09-26 22:00:00,15239,26.43,76.43,22.9,93.47,90.53,2025.0,9
2025-09-26 23:00:00,15240,26.41,76.57,22.74,94.13,98.77,2025.0,9
2025-09-27 00:00:00,15241,26.34,76.0,22.58,93.83,87.87,2025.0,9
2025-09-27 01:00:00,15242,26.12,76.3,22.28,94.23,90.57,2025.0,9
2025-09-27 02:00:00,15243,26.28,76.3,22.23,95.03,,2025.0,9
2025-09-27 03:00:00,15244,25.76,75.27,21.8,94.1,89.8,2025.0,9
2025-09-27 04:00:00,15245,24.74,75.0,21.28,91.97,82.4,2025.0,9
2025-09-27 05:00:00,15246,24.65,75.33,21.22,92.17,76.03,2025.0,9
2025-09-27 06:00:00,15247,25.28,72.03,22.83,86.8,76.37,2025.0,9
2025-09-27 07:00:00,15248,27.03,65.77,26.19,78.43,60.47,2025.0,9
2025-09-27 08:00:00,15249,30.15,56.1,30.56,68.93,44.4,2025.0,9
2025-09-27 09:00:00,15250,31.15,51.97,29.74,69.1,41.8,2025.0,9
2025-09-27 10:00:00,15251,31.67,51.87,29.54,70.5,45.83,2025.0,9
2025-09-27 11:00:00,15252,32.44,51.8,30.64,70.0,46.13,2025.0,9
2025-09-27 12:00:00,15253,33.33,48.63,31.74,66.67,42.96,2025.0,9
2025-09-27 13:00:00,15254,31.37,53.53,28.74,72.9,43.53,2025.0,9
2025-09-27 14:00:00,15255,31.17,55.6,29.33,73.4,48.07,2025.0,9
2025-09-27 15:00:00,15256,31.86,53.53,29.85,72.07,48.07,2025.0,9
2025-09-27 16:00:00,15257,30.53,58.43,28.29,76.29,50.46,2025.0,9
2025-09-27 17:00:00,15258,29.42,63.56,26.18,81.67,57.52,2025.0,9
2025-09-27 18:00:00,15259,28.16,66.8,24.44,86.57,48.47,2025.0,9
2025-09-27 19:00:00,15260,27.64,68.37,24.02,86.13,45.9,2025.0,9
2025-09-27 20:00:00,15261,27.55,65.48,24.03,84.0,40.76,2025.0,9
2025-09-27 21:00:00,15262,27.87,62.83,24.13,82.47,37.93,2025.0,9
2025-09-27 22:00:00,15263,27.5,66.67,23.7,85.37,55.03,2025.0,9
2025-09-27 23:00:00,15264,26.91,63.7,23.71,81.93,25.83,2025.0,9
2025-09-28 00:00:00,15265,26.2,68.83,23.27,84.97,28.53,2025.0,9
2025-09-28 01:00:00,15266,26.22,69.33,22.85,86.33,32.37,2025.0,9
2025-09-28 02:00:00,15267,26.03,70.67,22.79,87.07,35.97,2025.0,9
2025-09-28 03:00:00,15268,25.82,73.23,22.29,90.23,58.9,2025.0,9
2025-09-28 04:00:00,15269,25.78,73.0,22.17,90.2,64.67,2025.0,9
2025-09-28 05:00:00,15270,25.41,73.77,21.81,91.0,68.93,2025.0,9
2025-09-28 06:00:00,15271,25.96,72.3,22.97,88.03,73.3,2025.0,9
2025-09-28 07:00:00,15272,26.83,70.17,24.56,84.73,85.5,2025.0,9
2025-09-28 08:00:00,15273,28.18,63.93,27.43,77.33,44.63,2025.0,9
2025-09-28 09:00:00,15274,29.91,57.7,28.83,73.6,37.13,2025.0,9
2025-09-28 10:00:00,15275,31.68,52.43,29.74,70.9,38.37,2025.0,9
2025-09-28 11:00:00,15276,32.34,50.43,30.24,69.73,36.37,2025.0,9
2025-09-28 12:00:00,15277,32.32,49.97,30.07,69.5,34.03,2025.0,9
2025-09-28 13:00:00,15278,32.87,46.77,30.63,66.27,25.53,2025.0,9
2025-09-28 14:00:00,15279,33.02,45.83,31.03,64.8,27.2,2025.0,9
2025-09-28 15:00:00,15280,32.03,47.83,31.88,63.47,27.87,2025.0,9
2025-09-28 16:00:00,15281,32.0,47.9,30.98,65.07,26.6,2025.0,9
2025-09-28 17:00:00,15282,30.89,50.47,27.36,72.37,28.77,2025.0,9
2025-09-28 18:00:00,15283,29.99,52.27,26.22,74.67,33.17,2025.0,9
2025-09-28 19:00:00,15284,28.62,55.27,24.99,76.8,42.97,2025.0,9
2025-09-28 20:00:00,15285,27.76,58.13,24.55,77.9,31.57,2025.0,9
2025-09-28 21:00:00,15286,27.65,61.12,23.51,82.12,45.0,2025.0,9
2025-09-28 22:00:00,15287,26.96,64.21,23.05,84.08,82.88,2025.0,9
2025-09-28 23:00:00,15288,26.58,66.0,22.65,85.23,72.43,2025.0,9
2025-09-29 00:00:00,15289,26.08,67.8,22.03,86.8,86.2,2025.0,9
2025-09-29 01:00:00,15290,26.08,67.5,21.95,86.83,70.93,2025.0,9
2025-09-29 02:00:00,15291,25.78,68.63,21.57,88.1,89.6,2025.0,9
2025-09-29 03:00:00,15292,25.15,71.33,21.12,90.07,,2025.0,9
2025-09-29 04:00:00,15293,24.86,71.73,20.91,90.3,93.53,2025.0,9
2025-09-29 05:00:00,15294,24.61,72.47,20.67,91.17,78.27,2025.0,9
2025-09-29 06:00:00,15295,25.52,69.57,23.18,84.73,83.73,2025.0,9
2025-09-29 07:00:00,15296,27.97,63.13,27.62,76.27,75.0,2025.0,9
2025-09-29 08:00:00,15297,31.27,55.33,32.24,67.6,72.8,2025.0,9
2025-09-29 09:00:00,15298,33.17,49.63,32.6,65.43,46.1,2025.0,9
2025-09-29 10:00:00,15299,33.97,45.89,32.44,63.52,33.15,2025.0,9
2025-09-29 11:00:00,15300,34.36,42.48,32.79,60.59,33.37,2025.0,9
2025-09-29 12:00:00,15301,34.4,44.1,32.51,62.53,38.73,2025.0,9
2025-09-29 13:00:00,15302,30.03,54.46,27.53,74.04,37.5,2025.0,9
2025-09-29 16:00:00,15305,27.64,65.87,24.62,83.03,54.5,2025.0,9
2025-09-29 17:00:00,15306,27.24,66.43,24.07,83.87,53.87,2025.0,9
2025-09-29 18:00:00,15307,25.79,74.03,22.9,88.8,53.07,2025.0,9
2025-09-29 19:00:00,15308,26.17,72.3,22.98,88.1,56.5,2025.0,9
2025-09-29 20:00:00,15309,24.67,76.48,21.2,93.59,31.11,2025.0,9
2025-09-29 21:00:00,15310,23.48,83.28,20.45,98.0,29.36,2025.0,9
2025-09-29 22:00:00,15311,23.84,82.79,20.56,98.03,29.26,2025.0,9
2025-09-29 23:00:00,15312,24.72,78.07,20.67,99.0,51.41,2025.0,9
2025-09-30 00:00:00,15313,24.68,76.9,20.57,98.34,43.62,2025.0,9
2025-09-30 01:00:00,15314,24.88,75.07,20.49,98.0,37.71,2025.0,9
2025-09-30 02:00:00,15315,24.99,75.18,20.96,98.39,53.71,2025.0,9
2025-09-30 03:00:00,15316,24.97,75.0,21.23,93.63,62.97,2025.0,9
2025-09-30 04:00:00,15317,25.0,73.47,21.24,91.87,48.87,2025.0,9
2025-09-30 05:00:00,15318,25.01,76.17,,94.61,65.13,2025.0,9
2025-09-30 11:00:00,15324,32.37,49.44,31.53,65.84,25.32,2025.0,9
2025-09-30 12:00:00,15325,33.96,44.48,32.53,62.17,21.14,2025.0,9
2025-09-30 13:00:00,15326,34.86,44.37,33.18,62.52,24.74,2025.0,9
2025-09-30 14:00:00,15327,31.31,55.34,28.26,74.66,40.0,2025.0,9
2025-09-30 15:00:00,15328,25.58,71.1,21.04,94.93,32.86,2025.0,9
2025-09-30 16:00:00,15329,25.12,74.07,20.32,98.63,31.33,2025.0,9
2025-09-30 17:00:00,15330,24.69,78.43,20.65,99.0,37.77,2025.0,9
2025-09-30 18:00:00,15331,25.02,78.27,20.75,99.13,52.8,2025.0,9
2025-09-30 19:00:00,15332,24.72,78.17,20.45,99.83,53.8,2025.0,9
2025-09-30 20:00:00,15333,24.87,77.17,20.43,100.0,51.37,2025.0,9
2025-09-30 21:00:00,15334,24.86,77.9,20.64,100.0,53.47,2025.0,9
2025-09-30 22:00:00,15335,24.62,77.97,20.29,100.0,56.1,2025.0,9
2025-09-30 23:00:00,15336,24.49,77.0,20.04,99.93,62.63,2025.0,9
2025-10-01 00:00:00,15337,24.15,77.93,19.9,100.0,56.57,2025.0,10
2025-10-01 01:00:00,15338,23.9,77.77,19.68,99.8,78.47,2025.0,10
2025-10-01 02:00:00,15339,23.77,75.13,19.27,99.0,46.03,2025.0,10
2025-10-01 03:00:00,15340,23.83,74.43,19.23,98.73,54.1,2025.0,10
2025-10-01 04:00:00,15341,23.54,76.77,19.29,98.73,51.1,2025.0,10
2025-10-01 05:00:00,15342,23.36,78.4,19.42,99.07,57.13,2025.0,10
2025-10-01 06:00:00,15343,24.19,76.77,20.65,99.4,74.1,2025.0,10
2025-10-01 07:00:00,15344,27.57,67.93,28.13,84.2,69.17,2025.0,10
2025-10-01 08:00:00,15345,29.89,60.0,30.99,69.93,55.57,2025.0,10
2025-10-01 09:00:00,15346,29.75,56.3,28.45,71.63,18.6,2025.0,10
2025-10-01 10:00:00,15347,29.75,56.17,28.16,72.27,10.13,2025.0,10
2025-10-01 11:00:00,15348,31.04,54.0,29.65,70.41,12.7,2025.0,10
2025-10-01 19:00:00,15356,27.33,71.43,23.86,88.23,42.47,2025.0,10
2025-10-01 20:00:00,15357,26.51,68.86,23.23,85.52,28.0,2025.0,10
2025-10-01 21:00:00,15358,25.62,70.9,22.83,86.1,29.67,2025.0,10
2025-10-01 22:00:00,15359,25.13,71.63,22.4,86.37,27.6,2025.0,10
2025-10-01 23:00:00,15360,24.86,72.8,22.0,87.5,32.77,2025.0,10
2025-10-02 00:00:00,15361,24.83,72.93,21.66,88.6,37.9,2025.0,10
2025-10-02 01:00:00,15362,24.74,74.6,21.19,91.33,48.93,2025.0,10
2025-10-02 02:00:00,15363,24.89,73.43,21.18,90.9,47.17,2025.0,10
2025-10-02 03:00:00,15364,24.69,74.37,20.68,93.0,51.33,2025.0,10
2025-10-02 04:00:00,15365,24.47,75.0,20.52,93.43,55.77,2025.0,10
2025-10-02 05:00:00,15366,24.41,75.07,20.55,93.53,56.83,2025.0,10
2025-10-02 06:00:00,15367,25.43,73.6,23.91,86.07,90.53,2025.0,10
2025-10-02 07:00:00,15368,28.79,63.77,29.64,73.93,75.83,2025.0,10
2025-10-02 08:00:00,15369,29.99,60.03,29.81,73.07,28.9,2025.0,10
2025-10-02 09:00:00,15370,30.13,59.1,29.24,74.0,17.67,2025.0,10
2025-10-02 10:00:00,15371,30.76,56.47,29.11,73.53,15.87,2025.0,10
2025-10-02 11:00:00,15372,29.88,58.07,28.24,74.8,12.77,2025.0,10
2025-10-02 12:00:00,15373,29.35,61.13,26.55,79.33,26.67,2025.0,10
2025-10-02 13:00:00,15374,25.7,73.97,22.05,92.73,28.7,2025.0,10
2025-10-02 14:00:00,15375,25.2,76.63,20.92,98.1,25.73,2025.0,10
2025-10-02 15:00:00,15376,25.52,75.4,21.23,98.6,33.5,2025.0,10
2025-10-02 16:00:00,15377,25.54,75.63,21.48,98.0,28.8,2025.0,10
2025-10-02 17:00:00,15378,26.01,71.83,21.3,97.33,20.53,2025.0,10
2025-10-02 18:00:00,15379,25.66,73.47,21.06,97.87,50.0,2025.0,10
2025-10-02 19:00:00,15380,25.3,75.9,20.97,98.63,69.17,2025.0,10
2025-10-02 20:00:00,15381,25.23,76.93,21.04,99.0,92.33,2025.0,10
2025-10-02 21:00:00,15382,25.05,77.9,21.0,98.83,73.67,2025.0,10
2025-10-02 22:00:00,15383,25.07,78.07,21.07,97.47,95.37,2025.0,10
2025-10-02 23:00:00,15384,24.85,78.93,20.89,98.03,72.12,2025.0,10
2025-10-03 00:00:00,15385,24.61,78.73,20.66,98.0,76.47,2025.0,10
2025-10-03 01:00:00,15386,24.53,79.0,20.61,98.0,78.7,2025.0,10
2025-10-03 02:00:00,15387,24.57,79.0,20.67,98.0,73.89,2025.0,10
2025-10-03 03:00:00,15388,24.61,78.73,20.72,97.3,70.27,2025.0,10
2025-10-03 04:00:00,15389,24.29,79.0,20.43,97.4,62.73,2025.0,10
2025-10-03 05:00:00,15390,23.83,79.8,20.09,98.0,49.16,2025.0,10
2025-10-03 06:00:00,15391,23.75,80.2,20.33,97.8,54.81,2025.0,10
2025-10-03 07:00:00,15392,24.6,77.97,22.19,92.5,92.95,2025.0,10
2025-10-03 08:00:00,15393,26.45,72.03,25.13,84.2,97.97,2025.0,10
2025-10-03 09:00:00,15394,28.62,64.57,27.56,78.07,64.17,2025.0,10
2025-10-03 10:00:00,15395,30.78,57.47,29.69,73.1,50.87,2025.0,10
2025-10-03 11:00:00,15396,32.73,48.7,31.79,65.2,40.37,2025.0,10
2025-10-03 12:00:00,15397,34.13,42.83,33.26,59.27,34.87,2025.0,10
2025-10-03 13:00:00,15398,34.9,37.03,33.86,52.97,28.6,2025.0,10
2025-10-03 14:00:00,15399,35.71,34.38,34.38,50.38,26.79,2025.0,10
2025-10-03 15:00:00,15400,34.79,37.64,33.67,53.89,33.32,2025.0,10
2025-10-03 16:00:00,15401,33.28,40.93,30.69,59.93,36.0,2025.0,10
2025-10-03 17:00:00,15402,29.8,62.57,26.56,81.07,63.5,2025.0,10
2025-10-03 18:00:00,15403,28.8,65.13,25.49,83.23,64.3,2025.0,10
2025-10-03 19:00:00,15404,28.25,66.87,24.75,84.93,,2025.0,10
2025-10-03 20:00:00,15405,27.46,66.37,23.61,85.15,,2025.0,10
2025-10-03 21:00:00,15406,27.1,67.17,23.23,86.0,,2025.0,10
2025-10-03 22:00:00,15407,26.64,70.27,22.66,88.73,,2025.0,10
2025-10-03 23:00:00,15408,26.18,69.93,22.67,87.43,102.9,2025.0,10
2025-10-04 00:00:00,15409,25.64,70.97,21.81,89.07,,2025.0,10
2025-10-04 01:00:00,15410,25.26,72.57,21.33,90.87,,2025.0,10
2025-10-04 02:00:00,15411,24.87,73.7,20.77,92.7,,2025.0,10
2025-10-04 03:00:00,15412,24.42,74.43,20.2,93.7,,2025.0,10
2025-10-04 04:00:00,15413,24.16,75.57,20.21,94.47,,2025.0,10
2025-10-04 05:00:00,15414,23.77,76.43,19.78,95.5,,2025.0,10
2025-10-04 06:00:00,15415,24.72,74.47,24.1,85.03,,2025.0,10
2025-10-04 07:00:00,15416,28.34,62.33,30.13,70.8,92.83,2025.0,10
2025-10-04 08:00:00,15417,30.43,55.83,31.99,66.2,74.63,2025.0,10
2025-10-05 17:00:00,15450,28.53,58.66,24.86,79.07,45.83,2025.0,10
2025-10-05 18:00:00,15451,26.99,63.4,23.52,82.3,55.43,2025.0,10
2025-10-05 19:00:00,15452,26.62,64.97,23.11,83.67,59.53,2025.0,10
2025-10-05 20:00:00,15453,26.68,68.23,23.08,86.1,76.17,2025.0,10
2025-10-05 21:00:00,15454,26.57,70.77,22.78,88.77,93.97,2025.0,10
2025-10-05 22:00:00,15455,26.44,68.6,22.53,87.3,94.93,2025.0,10
2025-10-05 23:00:00,15456,26.12,67.53,22.2,86.4,98.0,2025.0,10
2025-10-06 00:00:00,15457,25.61,69.6,21.63,88.23,95.77,2025.0,10
2025-10-06 01:00:00,15458,25.13,71.13,21.14,89.93,90.67,2025.0,10
2025-10-06 02:00:00,15459,24.68,73.57,20.92,91.3,,2025.0,10
2025-10-06 03:00:00,15460,24.51,73.9,20.41,92.67,,2025.0,10
2025-10-06 04:00:00,15461,23.92,76.0,20.0,94.23,,2025.0,10
2025-10-06 05:00:00,15462,23.79,74.0,20.04,91.93,95.0,2025.0,10
2025-10-06 06:00:00,15463,25.32,71.0,23.69,84.33,,2025.0,10
2025-10-06 07:00:00,15464,27.52,65.47,27.56,76.8,,2025.0,10
2025-10-06 08:00:00,15465,29.51,57.83,29.72,70.97,73.67,2025.0,10
2025-10-06 09:00:00,15466,29.75,52.17,28.43,69.13,39.37,2025.0,10
2025-10-06 10:00:00,15467,31.08,49.17,29.31,67.3,43.07,2025.0,10
2025-10-06 11:00:00,15468,31.47,48.13,29.86,66.23,41.13,2025.0,10
2025-10-06 12:00:00,15469,32.17,46.85,30.59,64.68,40.39,2025.0,10
2025-10-06 13:00:00,15470,33.77,42.93,32.04,61.0,33.87,2025.0,10
2025-10-06 14:00:00,15471,33.69,42.17,32.0,60.28,34.1,2025.0,10
2025-10-06 15:00:00,15472,32.71,46.3,30.99,64.47,40.33,2025.0,10
2025-10-06 16:00:00,15473,32.25,48.67,30.79,66.26,42.93,2025.0,10
2025-10-06 19:00:00,15476,28.01,61.15,24.42,80.65,48.73,2025.0,10
2025-10-06 20:00:00,15477,26.99,66.73,23.68,84.4,55.27,2025.0,10
2025-10-06 21:00:00,15478,25.94,71.59,23.1,86.66,61.62,2025.0,10
2025-10-06 22:00:00,15479,25.53,73.93,22.78,88.04,64.0,2025.0,10
2025-10-06 23:00:00,15480,25.7,72.97,22.57,88.43,65.21,2025.0,10
2025-10-07 00:00:00,15481,26.3,69.59,23.15,85.9,57.1,2025.0,10
2025-10-07 01:00:00,15482,26.02,70.6,22.17,88.6,73.47,2025.0,10
2025-10-07 02:00:00,15483,25.64,71.83,21.73,90.0,68.8,2025.0,10
2025-10-07 03:00:00,15484,25.39,72.37,21.4,90.73,99.3,2025.0,10
2025-10-07 04:00:00,15485,25.14,73.13,21.14,91.63,102.97,2025.0,10
2025-10-07 05:00:00,15486,24.79,73.87,20.84,92.5,,2025.0,10
2025-10-07 06:00:00,15487,25.3,72.45,22.99,86.93,93.07,2025.0,10
2025-10-07 07:00:00,15488,27.82,65.23,28.6,75.3,,2025.0,10
2025-10-07 08:00:00,15489,30.35,56.86,31.4,68.14,64.79,2025.0,10
2025-10-07 09:00:00,15490,31.73,51.0,30.56,67.37,49.0,2025.0,10
2025-10-07 10:00:00,15491,32.58,43.34,30.46,61.86,38.83,2025.0,10
2025-10-07 11:00:00,15492,33.31,41.87,31.21,60.53,38.03,2025.0,10
2025-10-07 12:00:00,15493,34.55,39.7,32.49,58.1,39.73,2025.0,10
2025-10-07 13:00:00,15494,33.92,39.0,32.04,57.07,35.78,2025.0,10
2025-10-07 14:00:00,15495,32.87,42.47,31.4,60.0,38.7,2025.0,10
2025-10-07 15:00:00,15496,32.48,43.73,30.41,62.37,42.13,2025.0,10
2025-10-07 16:00:00,15497,32.06,46.87,28.83,68.07,47.2,2025.0,10
2025-10-08 08:00:00,15513,25.75,68.0,25.46,80.0,83.0,2025.0,10
2025-10-08 09:00:00,15514,30.4,52.52,30.06,66.57,45.35,2025.0,10
2025-10-08 12:00:00,15517,34.16,41.37,32.71,58.67,38.43,2025.0,10
2025-10-08 13:00:00,15518,34.49,40.3,33.14,57.43,38.27,2025.0,10
2025-10-08 14:00:00,15519,33.3,43.47,30.69,63.1,40.3,2025.0,10
2025-10-08 15:00:00,15520,29.83,54.9,27.77,73.37,42.4,2025.0,10
2025-10-08 16:00:00,15521,29.83,56.3,27.12,75.6,47.57,2025.0,10
2025-10-08 17:00:00,15522,28.48,61.03,25.09,80.2,62.4,2025.0,10
2025-10-08 18:00:00,15523,28.62,61.57,24.87,81.47,82.8,2025.0,10
2025-10-08 19:00:00,15524,27.59,66.23,24.13,84.4,67.1,2025.0,10
2025-10-08 20:00:00,15525,27.66,65.31,23.72,84.92,74.38,2025.0,10
2025-10-08 21:00:00,15526,26.85,62.54,23.08,82.22,48.5,2025.0,10
2025-10-08 22:00:00,15527,26.11,63.42,22.56,82.48,49.5,2025.0,10
2025-10-08 23:00:00,15528,25.37,67.3,21.47,86.27,68.83,2025.0,10
2025-10-09 00:00:00,15529,24.52,67.62,21.4,84.83,52.55,2025.0,10
2025-10-09 01:00:00,15530,24.48,67.83,20.87,85.83,57.8,2025.0,10
2025-10-09 02:00:00,15531,23.78,69.07,19.61,88.33,83.43,2025.0,10
2025-10-09 03:00:00,15532,23.35,67.17,19.17,87.0,68.37,2025.0,10
2025-10-09 04:00:00,15533,23.03,71.33,19.2,89.5,69.8,2025.0,10
2025-10-09 05:00:00,15534,23.28,69.67,19.1,88.9,70.27,2025.0,10
2025-10-09 06:00:00,15535,23.46,68.03,22.1,82.03,99.17,2025.0,10
2025-10-09 07:00:00,15536,26.68,60.21,28.4,69.83,71.79,2025.0,10
2025-10-09 08:00:00,15537,28.7,54.83,29.13,68.0,48.47,2025.0,10
2025-10-09 09:00:00,15538,29.87,50.53,28.61,67.3,36.9,2025.0,10
2025-10-09 10:00:00,15539,31.97,43.41,29.89,61.93,30.79,2025.0,10
2025-10-09 11:00:00,15540,34.2,39.35,32.05,57.88,35.92,2025.0,10
2025-10-09 12:00:00,15541,36.1,37.3,33.81,55.9,39.57,2025.0,10
2025-10-09 13:00:00,15542,32.08,49.62,29.64,69.28,48.76,2025.0,10
2025-10-09 14:00:00,15543,31.22,53.3,28.85,72.43,47.87,2025.0,10
2025-10-09 15:00:00,15544,27.01,61.97,23.21,83.23,37.7,2025.0,10
2025-10-09 16:00:00,15545,26.98,62.37,23.8,81.07,40.83,2025.0,10
2025-10-09 17:00:00,15546,26.8,65.03,23.36,84.0,50.87,2025.0,10
2025-10-09 18:00:00,15547,26.84,66.07,23.17,84.87,61.07,2025.0,10
2025-10-09 19:00:00,15548,26.21,69.39,22.73,87.0,92.79,2025.0,10
2025-10-09 20:00:00,15549,25.08,72.25,21.66,89.0,57.93,2025.0,10
2025-10-09 21:00:00,15550,24.34,72.07,21.04,88.45,49.41,2025.0,10
2025-10-09 22:00:00,15551,24.68,70.9,21.0,88.66,63.64,2025.0,10
2025-10-09 23:00:00,15552,24.31,74.17,20.17,94.5,66.0,2025.0,10
2025-10-10 00:00:00,15553,24.18,75.3,20.28,94.53,64.73,2025.0,10
2025-10-10 01:00:00,15554,24.24,75.5,20.52,93.23,85.37,2025.0,10
2025-10-10 02:00:00,15555,24.31,74.34,20.65,91.79,65.45,2025.0,10
2025-10-10 03:00:00,15556,23.24,78.17,20.14,93.57,70.37,2025.0,10
2025-10-10 04:00:00,15557,22.49,80.47,19.76,94.5,55.7,2025.0,10
2025-10-10 05:00:00,15558,23.36,76.4,20.11,92.37,79.41,2025.0,10
2025-10-10 06:00:00,15559,25.11,70.8,24.36,82.13,75.3,2025.0,10
2025-10-10 07:00:00,15560,26.79,64.23,25.38,78.73,60.8,2025.0,10
2025-10-10 08:00:00,15561,28.84,56.7,29.13,69.9,45.77,2025.0,10
2025-10-10 09:00:00,15562,31.01,51.53,30.12,67.53,47.5,2025.0,10
2025-10-10 10:00:00,15563,33.14,45.93,31.12,64.43,41.93,2025.0,10
2025-10-10 11:00:00,15564,33.4,44.63,32.03,62.07,43.77,2025.0,10
2025-10-10 12:00:00,15565,33.61,43.8,32.02,61.5,43.6,2025.0,10
2025-10-10 13:00:00,15566,29.5,56.23,26.43,75.9,48.47,2025.0,10
2025-10-10 14:00:00,15567,28.42,59.73,25.83,77.67,50.23,2025.0,10
2025-10-10 15:00:00,15568,29.96,57.83,28.19,75.17,59.9,2025.0,10
2025-10-10 16:00:00,15569,29.31,59.13,26.16,78.5,52.73,2025.0,10
2025-10-10 17:00:00,15570,27.26,62.77,21.81,91.1,45.27,2025.0,10
2025-10-10 18:00:00,15571,27.04,64.3,21.27,95.77,54.87,2025.0,10
2025-10-10 19:00:00,15572,26.75,68.67,22.28,94.7,71.47,2025.0,10
2025-10-10 20:00:00,15573,26.26,71.97,22.63,90.13,66.63,2025.0,10
2025-10-10 21:00:00,15574,25.14,78.21,21.4,97.03,61.44,2025.0,10
2025-10-10 22:00:00,15575,25.52,74.6,21.54,95.43,46.9,2025.0,10
2025-10-10 23:00:00,15576,24.95,76.33,21.29,93.9,59.63,2025.0,10
2025-10-11 00:00:00,15577,24.65,77.76,21.02,95.31,63.24,2025.0,10
2025-10-11 01:00:00,15578,24.55,77.53,21.05,94.53,65.07,2025.0,10
2025-10-11 03:00:00,15580,24.43,76.93,20.84,94.18,53.89,2025.0,10
2025-10-11 04:00:00,15581,24.6,77.59,20.92,95.14,56.45,2025.0,10
2025-10-11 05:00:00,15582,24.82,77.47,21.05,95.43,69.23,2025.0,10
2025-10-11 06:00:00,15583,25.18,76.87,21.7,94.03,74.97,2025.0,10
2025-10-11 07:00:00,15584,27.19,70.43,27.16,81.27,75.5,2025.0,10
2025-10-11 08:00:00,15585,29.95,60.73,31.02,71.23,66.7,2025.0,10
2025-10-11 09:00:00,15586,31.17,53.59,30.17,69.69,48.86,2025.0,10
2025-10-11 10:00:00,15587,31.93,50.62,30.7,67.72,47.79,2025.0,10
2025-10-11 11:00:00,15588,32.46,47.66,31.37,64.48,41.66,2025.0,10
2025-10-11 12:00:00,15589,33.07,45.3,31.61,62.73,38.33,2025.0,10
2025-10-11 13:00:00,15590,33.62,45.5,31.7,64.03,44.47,2025.0,10
2025-10-11 14:00:00,15591,31.05,54.47,28.14,74.47,54.67,2025.0,10
2025-10-11 15:00:00,15592,29.38,59.77,26.9,77.73,52.97,2025.0,10
2025-10-11 16:00:00,15593,29.83,59.37,27.53,77.1,52.53,2025.0,10
2025-10-11 17:00:00,15594,29.46,61.4,26.18,80.37,58.07,2025.0,10
2025-10-11 18:00:00,15595,28.73,62.8,25.21,81.93,52.83,2025.0,10
2025-10-11 19:00:00,15596,27.83,62.57,24.76,80.63,48.67,2025.0,10
2025-10-11 20:00:00,15597,26.98,67.13,23.95,84.2,60.53,2025.0,10
2025-10-11 21:00:00,15598,26.4,69.63,23.32,85.87,54.77,2025.0,10
2025-10-11 22:00:00,15599,26.28,70.53,22.74,87.73,57.23,2025.0,10
2025-10-11 23:00:00,15600,25.56,73.3,22.15,89.8,50.73,2025.0,10
2025-10-12 00:00:00,15601,25.16,74.6,21.76,90.77,53.77,2025.0,10
2025-10-12 01:00:00,15602,25.27,74.63,21.34,92.57,82.73,2025.0,10
2025-10-12 02:00:00,15603,25.1,73.76,21.23,91.66,74.17,2025.0,10
2025-10-12 03:00:00,15604,25.04,72.77,20.98,91.33,65.93,2025.0,10
2025-10-12 04:00:00,15605,24.78,75.07,20.78,93.7,95.1,2025.0,10
2025-10-12 05:00:00,15606,24.39,76.03,20.43,94.63,87.63,2025.0,10
2025-10-12 06:00:00,15607,25.73,71.47,24.93,83.3,70.53,2025.0,10
2025-10-12 07:00:00,15608,27.33,67.3,27.4,78.03,72.6,2025.0,10
2025-10-12 08:00:00,15609,29.11,60.17,29.71,71.77,42.03,2025.0,10
2025-10-12 09:00:00,15610,30.17,55.63,28.99,71.83,42.87,2025.0,10
2025-10-12 10:00:00,15611,31.51,48.81,29.73,67.0,40.27,2025.0,10
2025-10-12 11:00:00,15612,32.56,46.54,30.98,64.39,40.82,2025.0,10
2025-10-12 12:00:00,15613,33.46,43.53,31.56,61.9,34.97,2025.0,10
2025-10-12 13:00:00,15614,34.28,40.0,32.42,57.9,30.77,2025.0,10
2025-10-12 14:00:00,15615,33.6,43.17,31.92,61.14,38.93,2025.0,10
2025-10-12 15:00:00,15616,33.05,44.07,32.09,60.7,36.41,2025.0,10
2025-10-12 16:00:00,15617,32.47,45.7,30.3,64.57,33.33,2025.0,10
2025-10-12 17:00:00,15618,31.21,51.63,27.76,73.1,36.73,2025.0,10
2025-10-12 18:00:00,15619,30.37,55.73,26.71,77.0,41.37,2025.0,10
2025-10-12 20:00:00,15621,28.11,65.5,25.02,83.0,45.87,2025.0,10
2025-10-12 21:00:00,15622,28.01,67.7,24.45,85.83,53.5,2025.0,10
2025-10-12 22:00:00,15623,27.92,67.53,24.05,86.3,58.93,2025.0,10
2025-10-12 23:00:00,15624,27.07,69.41,23.42,87.38,65.21,2025.0,10
2025-10-13 00:00:00,15625,26.62,70.93,22.68,88.93,74.55,2025.0,10
2025-10-13 01:00:00,15626,26.27,71.57,22.51,89.39,71.78,2025.0,10
2025-10-13 02:00:00,15627,26.06,72.17,22.06,90.79,73.33,2025.0,10
2025-10-13 03:00:00,15628,26.02,72.83,22.11,91.07,80.8,2025.0,10
2025-10-13 04:00:00,15629,25.38,74.1,21.61,91.97,88.0,2025.0,10
2025-10-13 05:00:00,15630,25.36,73.29,21.76,90.79,86.39,2025.0,10
2025-10-13 06:00:00,15631,26.83,68.63,25.08,82.9,88.9,2025.0,10
2025-10-13 07:00:00,15632,28.25,64.07,27.91,77.1,84.24,2025.0,10
2025-10-13 08:00:00,15633,30.49,59.22,30.25,73.0,69.37,2025.0,10
2025-10-13 09:00:00,15634,32.4,53.18,31.59,69.21,50.32,2025.0,10
2025-10-13 10:00:00,15635,33.57,49.24,32.45,66.2,42.4,2025.0,10
2025-10-13 11:00:00,15636,33.59,46.24,32.27,63.8,30.4,2025.0,10
2025-10-13 13:00:00,15638,31.52,54.43,29.31,73.82,37.57,2025.0,10
2025-10-13 14:00:00,15639,27.44,69.75,24.55,89.46,41.46,2025.0,10
2025-10-13 15:00:00,15640,30.31,59.47,29.45,74.6,33.6,2025.0,10
2025-10-13 16:00:00,15641,31.24,54.89,28.53,74.82,31.18,2025.0,10
2025-10-13 17:00:00,15642,29.2,58.86,26.29,77.9,27.69,2025.0,10
2025-10-13 18:00:00,15643,27.72,64.85,24.87,82.11,34.78,2025.0,10
2025-10-13 19:00:00,15644,27.86,66.0,24.58,84.0,41.12,2025.0,10
2025-10-13 20:00:00,15645,28.16,65.5,24.39,84.88,58.96,2025.0,10
2025-10-13 21:00:00,15646,27.26,71.58,23.59,89.12,75.04,2025.0,10
2025-10-13 22:00:00,15647,26.96,72.92,23.29,90.24,66.76,2025.0,10
2025-10-13 23:00:00,15648,26.67,74.24,22.98,91.55,88.48,2025.0,10
2025-10-14 09:00:00,15658,31.99,52.72,30.78,69.38,30.59,2025.0,10
2025-10-14 10:00:00,15659,33.52,47.3,31.44,66.3,29.4,2025.0,10
2025-10-14 11:00:00,15660,34.81,45.93,32.79,64.9,34.8,2025.0,10
2025-10-14 12:00:00,15661,34.33,47.27,32.39,65.83,30.13,2025.0,10
2025-10-14 13:00:00,15662,34.76,45.55,32.82,64.31,28.66,2025.0,10
2025-10-14 14:00:00,15663,35.48,43.53,33.57,62.03,31.3,2025.0,10
2025-10-14 15:00:00,15664,35.25,43.48,34.98,59.14,32.31,2025.0,10
2025-10-14 16:00:00,15665,34.14,46.9,32.28,65.53,35.2,2025.0,10
2025-10-14 17:00:00,15666,31.24,55.93,27.94,76.73,38.83,2025.0,10
2025-10-14 18:00:00,15667,28.4,64.4,25.84,81.27,70.8,2025.0,10
2025-10-14 19:00:00,15668,27.8,68.63,25.25,84.13,60.97,2025.0,10
2025-10-14 20:00:00,15669,27.33,71.47,24.8,86.37,65.33,2025.0,10
2025-10-14 21:00:00,15670,27.17,71.3,24.45,86.63,63.17,2025.0,10
2025-10-14 22:00:00,15671,27.55,68.5,24.03,86.17,60.57,2025.0,10
2025-10-14 23:00:00,15672,27.37,67.8,23.73,86.2,57.17,2025.0,10
2025-10-15 00:00:00,15673,26.74,70.43,23.26,87.73,55.53,2025.0,10
2025-10-15 01:00:00,15674,26.36,71.33,22.63,88.97,64.57,2025.0,10
2025-10-15 02:00:00,15675,26.33,71.6,22.38,89.97,73.53,2025.0,10
2025-10-15 03:00:00,15676,25.98,71.87,22.35,89.5,61.67,2025.0,10
2025-10-15 04:00:00,15677,25.84,72.23,21.79,90.73,72.83,2025.0,10
2025-10-15 05:00:00,15678,25.44,73.67,21.62,91.57,87.0,2025.0,10
2025-10-15 06:00:00,15679,26.1,72.04,23.66,87.0,,2025.0,10
2025-10-15 07:00:00,15680,28.89,64.67,29.24,76.13,77.6,2025.0,10
2025-10-15 08:00:00,15681,31.49,56.6,32.09,69.2,56.0,2025.0,10
2025-10-15 09:00:00,15682,31.96,53.14,30.89,69.46,41.79,2025.0,10
2025-10-15 10:00:00,15683,33.76,47.57,32.0,65.67,40.9,2025.0,10
2025-10-15 11:00:00,15684,34.47,45.33,32.92,63.03,43.13,2025.0,10
2025-10-15 12:00:00,15685,35.51,42.3,33.9,59.97,42.4,2025.0,10
2025-10-15 13:00:00,15686,35.77,41.7,33.83,59.93,39.33,2025.0,10
2025-10-15 14:00:00,15687,36.15,41.45,34.48,59.41,40.0,2025.0,10
2025-10-15 15:00:00,15688,35.23,43.67,35.08,58.77,41.6,2025.0,10
2025-10-15 16:00:00,15689,33.65,48.93,31.54,68.0,45.27,2025.0,10
2025-10-15 17:00:00,15690,30.9,53.3,27.51,74.7,39.2,2025.0,10
2025-10-15 18:00:00,15691,29.16,59.73,25.82,79.6,43.87,2025.0,10
2025-10-15 19:00:00,15692,27.44,66.87,24.81,83.23,49.4,2025.0,10
2025-10-15 20:00:00,15693,27.4,67.63,24.53,84.13,47.57,2025.0,10
2025-10-15 21:00:00,15694,27.8,66.33,24.28,84.9,53.6,2025.0,10
2025-10-15 22:00:00,15695,27.77,66.33,24.08,85.03,48.17,2025.0,10
2025-10-15 23:00:00,15696,27.41,66.83,23.96,85.4,47.1,2025.0,10
2025-10-16 00:00:00,15697,27.02,69.73,23.56,87.3,48.03,2025.0,10
2025-10-16 01:00:00,15698,26.83,70.2,23.44,87.6,39.03,2025.0,10
2025-10-16 02:00:00,15699,27.12,69.8,23.35,88.07,45.13,2025.0,10
2025-10-16 03:00:00,15700,26.66,70.23,23.3,87.47,43.4,2025.0,10
2025-10-16 04:00:00,15701,26.21,69.9,23.19,86.66,23.97,2025.0,10
2025-10-16 05:00:00,15702,25.22,72.5,22.55,87.77,16.5,2025.0,10
2025-10-16 06:00:00,15703,25.56,72.7,23.29,86.9,28.47,2025.0,10
2025-10-16 07:00:00,15704,28.49,63.53,28.16,76.8,37.27,2025.0,10
2025-10-16 08:00:00,15705,31.0,56.37,30.82,70.67,26.03,2025.0,10
2025-10-16 09:00:00,15706,32.0,54.57,31.2,70.46,45.5,2025.0,10
2025-10-16 10:00:00,15707,31.72,53.47,30.45,70.5,44.27,2025.0,10
2025-10-16 11:00:00,15708,32.34,51.93,30.88,69.8,41.8,2025.0,10
2025-10-16 12:00:00,15709,33.06,50.47,31.77,67.77,40.07,2025.0,10
2025-10-16 13:00:00,15710,31.55,54.38,26.78,82.66,36.07,2025.0,10
2025-10-16 14:00:00,15711,30.03,58.9,23.15,95.57,34.23,2025.0,10
2025-10-16 15:00:00,15712,31.86,52.62,26.36,90.41,37.72,2025.0,10
2025-10-16 16:00:00,15713,30.75,56.33,27.33,77.83,40.83,2025.0,10
2025-10-16 17:00:00,15714,29.87,58.17,26.47,78.9,42.07,2025.0,10
2025-10-16 18:00:00,15715,29.28,60.7,25.66,81.0,41.97,2025.0,10
2025-10-16 19:00:00,15716,28.62,62.62,24.97,82.69,45.0,2025.0,10
2025-10-16 20:00:00,15717,27.97,64.87,24.41,84.23,55.5,2025.0,10
2025-10-16 21:00:00,15718,27.37,66.07,23.89,85.0,46.47,2025.0,10
2025-10-16 22:00:00,15719,26.68,67.43,23.46,85.43,45.83,2025.0,10
2025-10-16 23:00:00,15720,26.78,67.17,22.92,86.6,58.23,2025.0,10
2025-10-17 00:00:00,15721,26.77,67.17,22.83,86.53,58.53,2025.0,10
2025-10-17 01:00:00,15722,26.1,70.17,22.35,88.53,98.23,2025.0,10
2025-10-17 02:00:00,15723,25.96,70.97,22.18,89.33,100.13,2025.0,10
2025-10-17 03:00:00,15724,25.83,70.33,22.06,88.7,65.23,2025.0,10
2025-10-17 04:00:00,15725,25.83,71.2,21.84,89.87,73.4,2025.0,10
2025-10-17 05:00:00,15726,25.3,70.7,21.72,88.63,70.43,2025.0,10
2025-10-17 06:00:00,15727,27.12,67.8,25.86,81.9,66.57,2025.0,10
2025-10-17 07:00:00,15728,30.35,60.0,31.24,71.6,56.4,2025.0,10
2025-10-17 08:00:00,15729,30.7,57.63,29.44,74.27,42.0,2025.0,10
2025-10-17 09:00:00,15730,30.87,57.27,29.49,74.2,39.67,2025.0,10
2025-10-17 12:00:00,15733,35.03,43.43,33.7,60.73,30.23,2025.0,10
2025-10-17 13:00:00,15734,36.01,41.57,34.27,59.6,29.0,2025.0,10
2025-10-17 14:00:00,15735,35.45,42.4,34.21,59.7,26.57,2025.0,10
2025-10-17 15:00:00,15736,34.26,46.1,32.49,64.67,30.17,2025.0,10
2025-10-17 16:00:00,15737,30.16,61.07,27.0,80.73,48.87,2025.0,10
2025-10-17 17:00:00,15738,27.88,68.87,23.65,90.9,48.0,2025.0,10
2025-10-17 18:00:00,15739,26.9,73.2,21.91,98.07,46.27,2025.0,10
2025-10-17 19:00:00,15740,25.25,75.53,20.73,99.0,28.7,2025.0,10
2025-10-17 20:00:00,15741,25.12,78.17,21.03,99.0,41.0,2025.0,10
2025-10-17 21:00:00,15742,25.61,77.43,21.26,99.0,45.5,2025.0,10
2025-10-17 22:00:00,15743,25.73,76.17,21.33,99.03,46.57,2025.0,10
2025-10-17 23:00:00,15744,25.75,76.7,21.55,99.0,63.57,2025.0,10
2025-10-18 00:00:00,15745,25.98,76.47,21.6,99.0,74.03,2025.0,10
2025-10-18 01:00:00,15746,25.82,77.0,21.51,99.0,64.07,2025.0,10
2025-10-18 02:00:00,15747,25.47,78.43,21.43,99.0,85.1,2025.0,10
2025-10-18 03:00:00,15748,25.56,77.97,21.33,99.57,88.97,2025.0,10
2025-10-18 04:00:00,15749,25.37,78.27,21.28,100.0,85.8,2025.0,10
2025-10-18 05:00:00,15750,25.2,79.23,21.39,99.93,70.99,2025.0,10
2025-10-18 06:00:00,15751,25.89,75.8,23.51,91.93,72.4,2025.0,10
2025-10-18 07:00:00,15752,28.87,67.17,29.99,76.57,69.83,2025.0,10
2025-10-18 08:00:00,15753,31.14,58.93,31.5,71.3,50.87,2025.0,10
2025-10-18 09:00:00,15754,33.6,51.8,31.95,69.57,43.87,2025.0,10
2025-10-18 10:00:00,15755,33.88,48.4,32.78,65.57,41.63,2025.0,10
2025-10-18 11:00:00,15756,34.21,46.03,32.83,63.47,37.97,2025.0,10
2025-10-18 12:00:00,15757,34.25,45.52,32.57,63.55,33.79,2025.0,10
2025-10-18 13:00:00,15758,32.75,52.17,30.31,71.66,47.62,2025.0,10
2025-10-18 14:00:00,15759,31.07,55.5,28.75,74.6,47.83,2025.0,10
2025-10-18 15:00:00,15760,33.36,49.87,30.81,69.83,44.3,2025.0,10
2025-10-18 16:00:00,15761,30.71,60.93,27.37,80.76,47.83,2025.0,10
2025-10-18 17:00:00,15762,29.28,67.03,26.13,84.67,50.03,2025.0,10
2025-10-18 18:00:00,15763,28.81,69.67,25.55,86.8,54.43,2025.0,10
2025-10-18 19:00:00,15764,27.6,71.07,23.14,92.67,49.5,2025.0,10
2025-10-18 20:00:00,15765,26.09,71.17,20.67,98.37,36.63,2025.0,10
2025-10-18 21:00:00,15766,27.29,70.0,21.6,99.0,43.0,2025.0,10
2025-10-18 22:00:00,15767,27.39,69.27,21.75,98.27,51.77,2025.0,10
2025-10-18 23:00:00,15768,26.43,74.9,22.0,98.0,69.77,2025.0,10
2025-10-19 00:00:00,15769,25.97,77.17,21.89,98.9,61.33,2025.0,10
2025-10-19 01:00:00,15770,25.86,78.47,21.95,99.0,59.93,2025.0,10
2025-10-19 02:00:00,15771,25.72,78.87,22.06,98.6,49.33,2025.0,10
2025-10-19 03:00:00,15772,25.58,79.53,22.0,97.43,48.03,2025.0,10
2025-10-19 04:00:00,15773,25.59,78.97,21.9,97.0,52.39,2025.0,10
2025-10-19 05:00:00,15774,25.65,76.67,21.88,95.33,52.83,2025.0,10
2025-10-19 06:00:00,15775,26.87,71.47,24.78,86.33,51.97,2025.0,10
2025-10-19 07:00:00,15776,28.6,68.03,28.42,79.97,68.53,2025.0,10
2025-10-19 08:00:00,15777,30.45,62.77,30.65,75.17,70.63,2025.0,10
2025-10-19 09:00:00,15778,32.93,54.6,31.33,72.03,55.63,2025.0,10
2025-10-19 10:00:00,15779,34.64,48.83,32.77,67.33,47.43,2025.0,10
2025-10-19 11:00:00,15780,33.28,51.9,30.77,71.8,57.17,2025.0,10
2025-10-19 12:00:00,15781,28.12,66.23,23.36,92.6,50.63,2025.0,10
2025-10-19 13:00:00,15782,29.13,64.4,24.09,95.63,44.8,2025.0,10
2025-10-19 14:00:00,15783,30.29,63.48,26.98,87.69,48.03,2025.0,10
2025-10-19 15:00:00,15784,29.14,65.31,26.06,83.59,45.07,2025.0,10
2025-10-19 16:00:00,15785,28.78,64.77,25.87,82.77,45.6,2025.0,10
2025-10-19 17:00:00,15786,28.64,65.1,25.4,83.48,49.1,2025.0,10
2025-10-19 18:00:00,15787,28.17,65.53,24.85,84.07,54.77,2025.0,10
2025-10-19 19:00:00,15788,27.81,67.97,24.37,86.3,61.07,2025.0,10
2025-10-19 20:00:00,15789,28.0,67.63,24.13,87.0,61.93,2025.0,10
2025-10-19 21:00:00,15790,27.91,67.1,24.04,86.63,73.5,2025.0,10
2025-10-19 22:00:00,15791,27.87,67.63,23.97,87.17,63.83,2025.0,10
2025-10-19 23:00:00,15792,27.1,70.27,23.52,88.4,69.1,2025.0,10
2025-10-20 00:00:00,15793,26.88,70.43,23.09,88.77,71.67,2025.0,10
2025-10-20 01:00:00,15794,26.33,72.67,22.49,90.74,89.41,2025.0,10
2025-10-20 02:00:00,15795,25.99,74.6,22.31,92.0,,2025.0,10
2025-10-20 03:00:00,15796,25.96,74.57,22.08,92.63,101.23,2025.0,10
2025-10-20 04:00:00,15797,25.92,75.53,22.1,93.47,89.9,2025.0,10
2025-10-20 05:00:00,15798,25.83,75.97,21.94,94.13,89.53,2025.0,10
2025-10-20 06:00:00,15799,26.53,74.07,23.97,89.37,94.2,2025.0,10
2025-10-20 07:00:00,15800,29.18,65.23,28.94,78.17,99.33,2025.0,10
2025-10-20 08:00:00,15801,31.88,56.87,33.04,68.53,81.67,2025.0,10
2025-10-20 09:00:00,15802,32.93,51.37,31.95,67.6,51.83,2025.0,10
2025-10-20 10:00:00,15803,34.49,46.83,33.28,63.96,46.75,2025.0,10
2025-10-20 11:00:00,15804,33.36,47.97,31.72,66.07,39.93,2025.0,10
2025-10-20 12:00:00,15805,31.82,53.83,28.13,76.9,50.3,2025.0,10
2025-10-20 13:00:00,15806,28.04,64.03,22.81,94.1,41.14,2025.0,10
2025-10-20 14:00:00,15807,29.61,63.07,27.06,80.67,48.57,2025.0,10
2025-10-20 15:00:00,15808,28.03,68.53,25.05,85.87,56.67,2025.0,10
2025-10-20 16:00:00,15809,27.64,65.83,24.51,83.83,50.8,2025.0,10
2025-10-20 17:00:00,15810,27.69,64.96,24.24,83.93,55.54,2025.0,10
2025-10-20 18:00:00,15811,27.85,64.83,24.14,84.43,61.93,2025.0,10
2025-10-20 19:00:00,15812,28.33,64.0,24.52,84.07,75.0,2025.0,10
2025-10-20 20:00:00,15813,27.54,68.24,23.89,86.97,81.41,2025.0,10
2025-10-20 21:00:00,15814,27.18,71.47,23.62,89.17,79.07,2025.0,10
2025-10-20 22:00:00,15815,26.86,74.37,23.23,91.6,103.13,2025.0,10
2025-10-20 23:00:00,15816,26.48,76.7,22.94,93.7,97.63,2025.0,10
2025-10-21 00:00:00,15817,26.56,76.86,22.85,94.0,,2025.0,10
2025-10-21 01:00:00,15818,26.22,77.87,22.69,94.73,,2025.0,10
2025-10-21 02:00:00,15819,26.0,79.37,22.36,96.53,,2025.0,10
2025-10-21 03:00:00,15820,25.86,79.73,22.18,97.0,83.76,2025.0,10
2025-10-21 04:00:00,15821,26.17,78.13,22.32,96.0,,2025.0,10
2025-10-21 05:00:00,15822,26.03,77.7,22.13,96.27,,2025.0,10
2025-10-21 06:00:00,15823,26.47,75.67,23.34,91.67,,2025.0,10
2025-10-21 07:00:00,15824,27.66,71.0,26.82,83.57,,2025.0,10
2025-10-21 08:00:00,15825,31.46,59.93,32.0,72.07,,2025.0,10
2025-10-21 16:00:00,15833,27.92,66.73,25.45,82.9,56.1,2025.0,10
2025-10-21 17:00:00,15834,26.76,69.03,23.56,86.77,62.47,2025.0,10
2025-10-21 18:00:00,15835,24.89,76.47,21.01,96.57,47.98,2025.0,10
2025-10-21 19:00:00,15836,24.94,78.7,20.9,98.77,47.75,2025.0,10
2025-10-21 20:00:00,15837,24.89,79.0,20.82,99.0,50.76,2025.0,10
2025-10-21 21:00:00,15838,25.1,79.03,21.02,99.0,55.86,2025.0,10
2025-10-21 22:00:00,15839,24.96,78.1,20.86,99.0,47.73,2025.0,10
2025-10-21 23:00:00,15840,24.64,79.67,20.93,98.9,41.61,2025.0,10
2025-10-22 00:00:00,15841,24.78,78.93,20.9,97.9,54.27,2025.0,10
2025-10-22 01:00:00,15842,24.75,78.83,20.93,97.4,66.8,2025.0,10
2025-10-22 02:00:00,15843,24.64,79.67,20.89,97.77,61.32,2025.0,10
2025-10-22 03:00:00,15844,24.61,79.77,20.97,97.53,48.36,2025.0,10
2025-10-22 04:00:00,15845,24.98,78.9,21.06,97.13,69.83,2025.0,10
2025-10-22 05:00:00,15846,24.93,77.7,20.99,96.83,69.2,2025.0,10
2025-10-22 06:00:00,15847,26.6,72.37,25.24,86.03,58.5,2025.0,10
2025-10-22 07:00:00,15848,27.89,69.0,25.77,84.03,62.63,2025.0,10
2025-10-22 08:00:00,15849,29.11,66.67,28.28,80.2,78.5,2025.0,10
2025-10-22 09:00:00,15850,30.4,62.43,30.03,76.23,93.17,2025.0,10
2025-10-22 10:00:00,15851,33.62,52.33,32.74,68.13,60.6,2025.0,10
2025-10-22 11:00:00,15852,34.65,47.23,33.01,65.23,44.83,2025.0,10
2025-10-22 12:00:00,15853,30.52,58.43,26.8,80.17,43.53,2025.0,10
2025-10-22 13:00:00,15854,25.73,75.23,21.21,98.6,30.73,2025.0,10
2025-10-22 14:00:00,15855,25.91,74.37,21.26,99.0,40.13,2025.0,10
2025-10-22 15:00:00,15856,26.52,74.97,22.43,98.2,48.43,2025.0,10
2025-10-22 16:00:00,15857,26.9,75.63,22.72,98.23,58.5,2025.0,10
2025-10-22 17:00:00,15858,25.71,78.87,22.12,98.9,54.11,2025.0,10
2025-10-22 18:00:00,15859,25.7,76.47,22.07,94.9,44.77,2025.0,10
2025-10-22 19:00:00,15860,26.03,76.83,22.22,94.73,57.5,2025.0,10
2025-10-22 20:00:00,15861,25.9,76.33,22.12,94.37,52.53,2025.0,10
2025-10-22 21:00:00,15862,25.75,77.63,21.91,95.67,61.23,2025.0,10
2025-10-22 22:00:00,15863,25.59,77.8,21.61,96.47,66.23,2025.0,10
2025-10-22 23:00:00,15864,25.23,77.5,21.56,95.17,68.27,2025.0,10
2025-10-23 00:00:00,15865,25.29,76.57,21.55,94.17,59.73,2025.0,10
2025-10-23 01:00:00,15866,25.08,78.13,21.32,95.97,70.89,2025.0,10
2025-10-23 02:00:00,15867,24.72,79.47,21.16,96.57,60.45,2025.0,10
2025-10-23 03:00:00,15868,24.74,77.57,21.29,94.1,47.9,2025.0,10
2025-10-23 04:00:00,15869,25.19,76.67,21.15,95.2,51.9,2025.0,10
2025-10-23 05:00:00,15870,25.03,77.7,21.31,95.73,54.33,2025.0,10
2025-10-23 06:00:00,15871,26.52,74.43,24.97,87.57,60.03,2025.0,10
2025-10-23 07:00:00,15872,28.32,69.13,27.35,82.13,65.13,2025.0,10
2025-10-23 08:00:00,15873,29.62,64.97,28.17,80.4,67.7,2025.0,10
2025-10-23 09:00:00,15874,32.51,56.2,30.43,74.4,51.9,2025.0,10
2025-10-23 10:00:00,15875,34.68,47.17,32.95,65.5,32.47,2025.0,10
2025-10-23 11:00:00,15876,35.15,46.86,34.01,64.04,32.43,2025.0,10
2025-10-23 12:00:00,15877,30.96,58.23,27.7,78.63,30.1,2025.0,10
2025-10-23 13:00:00,15878,26.04,74.2,21.29,98.33,30.67,2025.0,10
2025-10-23 14:00:00,15879,25.18,76.69,20.79,99.0,28.03,2025.0,10
2025-10-23 16:00:00,15881,25.3,78.36,20.99,100.0,34.57,2025.0,10
2025-10-23 17:00:00,15882,24.85,77.43,20.28,100.0,16.17,2025.0,10
2025-10-23 18:00:00,15883,24.99,77.79,20.48,100.0,33.48,2025.0,10
2025-10-23 20:00:00,15885,25.2,78.13,20.79,100.0,39.61,2025.0,10
2025-10-23 21:00:00,15886,25.23,79.0,20.91,100.0,43.47,2025.0,10
2025-10-23 22:00:00,15887,25.15,79.67,20.97,100.0,34.37,2025.0,10
2025-10-23 23:00:00,15888,25.07,80.0,20.9,100.0,31.8,2025.0,10
2025-10-24 00:00:00,15889,25.23,79.7,21.0,100.0,40.79,2025.0,10
2025-10-24 01:00:00,15890,25.15,78.7,20.79,100.0,45.1,2025.0,10
2025-10-24 02:00:00,15891,25.01,79.03,20.79,100.0,41.71,2025.0,10
2025-10-24 03:00:00,15892,25.12,79.0,20.86,100.0,44.47,2025.0,10
2025-10-24 04:00:00,15893,25.06,79.23,20.8,100.0,43.06,2025.0,10
2025-10-24 05:00:00,15894,24.95,79.97,20.83,100.0,30.73,2025.0,10
2025-10-24 06:00:00,15895,25.1,79.97,21.28,100.0,33.96,2025.0,10
2025-10-24 07:00:00,15896,26.42,76.37,22.81,99.57,58.53,2025.0,10
2025-10-24 08:00:00,15897,28.7,68.03,25.56,97.47,62.83,2025.0,10
2025-10-24 09:00:00,15898,32.68,54.87,31.5,75.1,36.77,2025.0,10
2025-10-24 10:00:00,15899,33.69,50.07,32.77,66.93,27.0,2025.0,10
2025-10-24 11:00:00,15900,33.35,52.13,32.3,68.53,28.2,2025.0,10
2025-10-24 12:00:00,15901,30.59,59.73,29.09,75.97,19.27,2025.0,10
2025-10-24 13:00:00,15902,25.5,73.93,21.34,95.1,6.97,2025.0,10
2025-10-24 14:00:00,15903,25.06,77.28,20.77,99.0,8.83,2025.0,10
2025-10-24 15:00:00,15904,25.54,76.13,20.92,99.53,22.03,2025.0,10
2025-10-24 16:00:00,15905,25.46,76.53,20.96,100.0,22.63,2025.0,10
2025-10-24 17:00:00,15906,25.51,76.3,20.96,99.97,36.03,2025.0,10
2025-10-24 18:00:00,15907,25.43,75.82,20.78,99.39,47.5,2025.0,10
2025-10-24 19:00:00,15908,25.42,75.67,20.78,99.73,47.37,2025.0,10
2025-10-24 20:00:00,15909,25.63,71.93,20.7,98.38,34.86,2025.0,10
2025-10-24 21:00:00,15910,25.82,70.69,20.91,98.0,30.72,2025.0,10
2025-10-24 22:00:00,15911,26.09,68.97,21.34,97.93,28.33,2025.0,10
2025-10-24 23:00:00,15912,26.14,68.97,22.18,91.07,38.37,2025.0,10
2025-10-25 00:00:00,15913,25.56,73.6,21.67,92.67,66.3,2025.0,10
2025-10-25 01:00:00,15914,25.32,74.23,21.46,93.03,72.43,2025.0,10
2025-10-25 02:00:00,15915,25.1,75.2,21.15,94.03,70.6,2025.0,10
2025-10-25 03:00:00,15916,24.83,76.27,21.0,94.77,60.73,2025.0,10
2025-10-25 04:00:00,15917,24.83,75.37,20.99,93.97,52.03,2025.0,10
2025-10-25 05:00:00,15918,24.5,78.63,20.94,96.13,60.94,2025.0,10
2025-10-25 06:00:00,15919,25.47,75.13,22.58,91.33,59.17,2025.0,10
2025-10-25 07:00:00,15920,27.57,68.67,25.97,83.9,57.37,2025.0,10
2025-10-25 08:00:00,15921,30.01,61.0,28.24,78.2,53.73,2025.0,10
2025-10-25 09:00:00,15922,30.61,58.13,29.57,74.5,52.2,2025.0,10
2025-10-25 10:00:00,15923,32.21,52.67,31.02,69.63,38.97,2025.0,10
2025-10-25 11:00:00,15924,32.61,50.23,30.92,68.47,26.4,2025.0,10
2025-10-25 12:00:00,15925,32.39,51.93,30.53,70.57,24.5,2025.0,10
2025-10-25 13:00:00,15926,32.9,50.4,31.6,67.9,24.93,2025.0,10
2025-10-25 14:00:00,15927,28.27,59.87,25.04,81.1,9.73,2025.0,10
2025-10-25 15:00:00,15928,24.94,72.4,21.15,93.07,6.0,2025.0,10
2025-10-25 16:00:00,15929,25.29,72.55,21.95,90.1,21.03,2025.0,10
2025-10-25 17:00:00,15930,25.92,72.9,22.52,90.0,41.63,2025.0,10
2025-10-25 18:00:00,15931,26.0,73.9,22.35,91.17,41.97,2025.0,10
2025-10-25 19:00:00,15932,26.16,74.43,22.34,92.47,56.23,2025.0,10
2025-10-25 20:00:00,15933,25.96,74.63,22.15,92.67,61.77,2025.0,10
2025-10-25 21:00:00,15934,25.71,75.53,21.81,93.77,62.6,2025.0,10
2025-10-25 22:00:00,15935,25.53,76.73,21.56,95.2,82.13,2025.0,10
2025-10-25 23:00:00,15936,25.13,78.5,21.09,97.5,,2025.0,10
2025-10-26 00:00:00,15937,24.68,79.13,20.64,98.0,,2025.0,10
2025-10-26 01:00:00,15938,24.49,77.6,20.55,96.43,,2025.0,10
2025-10-26 02:00:00,15939,24.44,77.13,20.58,95.3,,2025.0,10
2025-10-26 03:00:00,15940,24.45,78.97,20.48,97.5,,2025.0,10
2025-10-26 04:00:00,15941,23.99,80.0,20.04,98.86,75.11,2025.0,10
2025-10-26 05:00:00,15942,23.92,80.6,20.05,99.0,73.19,2025.0,10
2025-10-26 06:00:00,15943,24.3,80.17,21.19,96.97,79.61,2025.0,10
2025-10-26 07:00:00,15944,26.4,74.33,25.55,85.83,102.1,2025.0,10
2025-10-26 08:00:00,15945,30.04,62.03,28.99,77.37,75.6,2025.0,10
2025-10-26 09:00:00,15946,32.16,53.97,30.08,72.83,37.8,2025.0,10
2025-10-26 10:00:00,15947,32.78,48.0,31.13,65.97,2.97,2025.0,10
2025-10-26 11:00:00,15948,33.75,45.67,32.3,63.3,7.07,2025.0,10
2025-10-26 12:00:00,15949,34.34,44.67,33.33,61.33,13.43,2025.0,10
2025-10-26 13:00:00,15950,32.05,54.5,30.61,71.77,30.83,2025.0,10
2025-10-26 14:00:00,15951,30.73,57.53,28.1,76.7,29.73,2025.0,10
2025-10-26 15:00:00,15952,28.47,62.7,25.55,81.23,30.23,2025.0,10
2025-10-26 16:00:00,15953,27.65,66.07,24.15,84.97,35.3,2025.0,10
2025-10-26 17:00:00,15954,26.2,74.37,22.73,91.37,41.17,2025.0,10
2025-10-26 18:00:00,15955,25.19,77.9,21.8,94.57,34.07,2025.0,10
2025-10-26 19:00:00,15956,25.3,75.63,21.9,92.23,15.77,2025.0,10
2025-10-26 20:00:00,15957,25.95,72.17,22.38,89.63,8.63,2025.0,10
2025-10-26 21:00:00,15958,26.13,72.9,22.74,89.93,29.2,2025.0,10
2025-10-26 22:00:00,15959,26.13,74.13,22.21,92.53,58.27,2025.0,10
2025-10-26 23:00:00,15960,25.41,77.37,21.64,95.23,82.33,2025.0,10
2025-10-27 00:00:00,15961,25.26,77.67,21.6,95.0,63.9,2025.0,10
2025-10-27 01:00:00,15962,25.54,76.7,21.62,95.0,69.57,2025.0,10
2025-10-27 02:00:00,15963,25.44,77.43,21.61,95.23,73.33,2025.0,10
2025-10-27 03:00:00,15964,25.25,78.97,21.38,96.77,82.3,2025.0,10
2025-10-27 04:00:00,15965,25.32,78.5,21.35,96.93,77.5,2025.0,10
2025-10-27 05:00:00,15966,25.16,78.07,21.22,96.77,79.13,2025.0,10
2025-10-27 06:00:00,15967,25.92,74.27,24.35,87.73,61.7,2025.0,10
2025-10-27 07:00:00,15968,29.6,63.57,29.41,76.57,59.1,2025.0,10
2025-10-27 08:00:00,15969,31.75,56.93,31.55,71.2,56.83,2025.0,10
2025-10-27 09:00:00,15970,33.48,49.67,31.29,68.5,30.83,2025.0,10
2025-10-27 10:00:00,15971,35.12,45.33,33.51,63.17,25.8,2025.0,10
2025-10-27 11:00:00,15972,36.19,43.5,34.24,61.83,32.37,2025.0,10
2025-10-27 12:00:00,15973,34.03,48.87,31.07,69.63,49.7,2025.0,10
2025-10-27 13:00:00,15974,27.07,70.6,22.39,94.8,41.37,2025.0,10
2025-10-27 14:00:00,15975,25.35,72.63,20.79,98.13,23.27,2025.0,10
2025-10-27 15:00:00,15976,27.18,67.07,22.47,96.37,31.6,2025.0,10
2025-10-27 16:00:00,15977,27.01,68.83,22.94,94.5,36.33,2025.0,10
2025-10-27 17:00:00,15978,25.65,77.9,21.48,98.5,40.4,2025.0,10
2025-10-27 18:00:00,15979,25.83,76.57,21.7,98.3,42.97,2025.0,10
2025-10-27 19:00:00,15980,25.76,76.9,22.07,95.13,58.33,2025.0,10
2025-10-27 20:00:00,15981,25.52,76.18,21.94,93.68,43.64,2025.0,10
2025-10-27 21:00:00,15982,25.98,75.17,22.15,93.4,51.3,2025.0,10
2025-10-27 22:00:00,15983,25.7,76.0,21.98,94.0,49.0,2025.0,10
2025-10-27 23:00:00,15984,25.7,76.0,21.98,94.0,49.0,2025.0,10
2025-10-28 00:00:00,15985,25.49,77.0,21.8,94.0,46.0,2025.0,10
2025-10-28 01:00:00,15986,25.49,77.0,21.8,94.0,46.0,2025.0,10
2025-10-28 02:00:00,15987,25.49,77.0,21.8,94.0,46.0,2025.0,10
2025-10-28 03:00:00,15988,25.49,77.0,21.8,94.0,46.0,2025.0,10
2025-10-28 04:00:00,15989,25.49,77.0,21.8,94.0,46.0,2025.0,10
2025-10-28 05:00:00,15990,25.49,77.0,21.8,94.0,46.0,2025.0,10
2025-10-28 06:00:00,15991,25.49,77.0,21.8,94.0,46.0,2025.0,10
2025-10-28 07:00:00,15992,26.02,76.21,22.84,92.28,74.59,2025.0,10
2025-10-28 08:00:00,15993,28.03,71.27,26.01,86.0,97.03,2025.0,10
2025-10-28 09:00:00,15994,29.87,65.33,28.41,80.87,95.67,2025.0,10
2025-10-28 10:00:00,15995,28.75,64.9,25.9,83.07,78.3,2025.0,10
2025-10-28 11:00:00,15996,27.66,69.37,24.96,85.77,59.93,2025.0,10
2025-10-28 12:00:00,15997,27.04,71.56,24.03,88.15,49.78,2025.0,10
2025-10-28 13:00:00,15998,26.08,74.93,21.81,96.52,50.45,2025.0,10
2025-10-28 14:00:00,15999,25.98,77.1,21.64,99.1,50.93,2025.0,10
2025-10-28 15:00:00,16000,25.97,77.0,21.51,100.0,50.0,2025.0,10
2025-10-28 16:00:00,16001,26.4,73.9,21.56,99.33,43.83,2025.0,10
2025-10-28 17:00:00,16002,26.4,73.6,21.48,99.0,52.2,2025.0,10
2025-10-28 18:00:00,16003,26.05,76.0,21.5,99.0,89.0,2025.0,10
2025-10-28 19:00:00,16004,26.05,76.0,21.5,99.0,89.0,2025.0,10
2025-10-28 20:00:00,16005,26.05,76.0,21.5,99.0,89.0,2025.0,10
2025-10-28 21:00:00,16006,26.05,76.0,21.5,99.0,89.0,2025.0,10
2025-10-28 22:00:00,16007,26.05,76.0,21.5,99.0,89.0,2025.0,10
2025-10-28 23:00:00,16008,26.05,76.0,21.5,99.0,89.0,2025.0,10
2025-10-29 00:00:00,16009,25.86,76.8,21.43,99.27,95.67,2025.0,10
2025-10-29 01:00:00,16010,25.23,78.73,21.21,99.73,,2025.0,10
2025-10-29 02:00:00,16011,24.63,78.13,20.72,98.0,96.57,2025.0,10
2025-10-29 03:00:00,16012,23.76,75.6,19.89,93.93,71.67,2025.0,10
2025-10-29 04:00:00,16013,22.94,72.8,19.26,90.77,77.77,2025.0,10
2025-10-29 05:00:00,16014,24.54,78.67,20.66,97.67,72.3,2025.0,10
2025-10-29 06:00:00,16015,24.37,80.0,20.53,99.0,48.91,2025.0,10
2025-10-29 07:00:00,16016,24.37,80.0,20.53,99.0,48.91,2025.0,10
2025-10-29 08:00:00,16017,24.37,80.0,20.53,99.0,48.91,2025.0,10
2025-10-29 09:00:00,16018,28.91,65.5,27.16,82.1,62.18,2025.0,10
2025-10-29 10:00:00,16019,31.77,56.53,31.14,71.77,43.97,2025.0,10
2025-10-29 11:00:00,16020,32.69,51.73,32.07,67.5,29.9,2025.0,10
2025-10-29 12:00:00,16021,33.22,49.63,32.33,66.1,25.6,2025.0,10
2025-10-29 13:00:00,16022,31.34,56.75,28.79,75.61,43.89,2025.0,10
2025-10-29 14:00:00,16023,28.37,65.67,23.53,91.73,50.5,2025.0,10
2025-10-29 15:00:00,16024,28.48,65.07,23.7,91.5,48.07,2025.0,10
2025-10-29 16:00:00,16025,29.32,64.5,26.4,82.57,57.07,2025.0,10
2025-10-29 17:00:00,16026,28.45,69.9,25.24,87.17,68.47,2025.0,10
2025-10-29 18:00:00,16027,26.8,73.03,23.08,91.77,51.17,2025.0,10
2025-10-29 19:00:00,16028,25.34,76.03,21.29,97.4,23.17,2025.0,10
2025-10-29 20:00:00,16029,25.29,76.63,21.62,94.53,33.2,2025.0,10
2025-10-29 21:00:00,16030,25.74,74.57,22.04,92.13,36.53,2025.0,10
2025-10-29 22:00:00,16031,25.8,75.37,21.89,93.63,49.1,2025.0,10
2025-10-29 23:00:00,16032,25.54,76.33,21.64,94.4,47.03,2025.0,10
2025-10-30 00:00:00,16033,25.15,77.93,21.23,96.33,48.77,2025.0,10
2025-10-30 01:00:00,16034,25.07,77.7,21.19,95.87,53.13,2025.0,10
2025-10-30 02:00:00,16035,24.92,79.4,21.0,97.97,64.74,2025.0,10
2025-10-30 03:00:00,16036,24.86,80.07,20.85,98.77,64.97,2025.0,10
2025-10-30 04:00:00,16037,24.83,80.83,20.96,99.0,64.05,2025.0,10
2025-10-30 06:00:00,16039,25.14,79.52,21.96,96.24,61.44,2025.0,10
2025-10-30 07:00:00,16040,27.4,72.9,27.3,83.63,104.6,2025.0,10
2025-10-30 08:00:00,16041,30.87,61.97,31.98,72.5,73.57,2025.0,10
2025-10-30 09:00:00,16042,33.26,53.8,32.24,69.73,51.87,2025.0,10
2025-10-30 10:00:00,16043,34.63,48.63,34.5,63.73,49.07,2025.0,10
2025-10-30 11:00:00,16044,32.52,53.53,30.58,71.9,48.43,2025.0,10
2025-10-30 12:00:00,16045,29.14,65.23,26.29,82.83,47.6,2025.0,10
2025-10-30 13:00:00,16046,26.48,70.4,23.14,88.27,31.83,2025.0,10
2025-10-30 14:00:00,16047,25.3,75.83,22.44,90.83,44.4,2025.0,10
2025-10-30 15:00:00,16048,25.16,77.33,22.18,93.2,40.38,2025.0,10
2025-10-30 16:00:00,16049,25.34,79.07,21.43,98.57,38.6,2025.0,10
2025-10-30 17:00:00,16050,25.63,78.57,21.54,99.0,48.3,2025.0,10
2025-10-30 18:00:00,16051,25.77,78.3,21.76,98.73,56.87,2025.0,10
2025-10-30 19:00:00,16052,25.07,77.7,21.83,94.37,45.3,2025.0,10
2025-10-30 20:00:00,16053,25.12,78.93,21.65,95.47,61.24,2025.0,10
2025-10-30 21:00:00,16054,25.0,78.43,21.16,96.4,70.57,2025.0,10
2025-10-30 22:00:00,16055,24.69,79.1,20.91,96.97,81.65,2025.0,10
2025-10-30 23:00:00,16056,24.43,78.17,20.55,96.67,86.43,2025.0,10
2025-10-31 00:00:00,16057,24.21,78.5,20.66,95.27,63.87,2025.0,10
2025-10-31 01:00:00,16058,24.06,76.0,20.01,94.77,69.5,2025.0,10
2025-10-31 02:00:00,16059,23.53,77.03,19.79,94.43,61.27,2025.0,10
2025-10-31 03:00:00,16060,23.56,77.27,19.4,96.37,72.07,2025.0,10
2025-10-31 04:00:00,16061,23.41,77.0,19.26,96.0,53.0,2025.0,10
2025-10-31 05:00:00,16062,23.41,77.0,19.26,96.0,53.0,2025.0,10
2025-10-31 06:00:00,16063,23.55,76.87,19.54,95.47,54.33,2025.0,10
2025-10-31 07:00:00,16064,26.32,72.57,25.67,83.97,73.13,2025.0,10
2025-10-31 08:00:00,16065,29.45,63.87,30.32,74.47,71.73,2025.0,10
2025-10-31 09:00:00,16066,31.86,55.27,30.9,71.1,45.4,2025.0,10
2025-10-31 10:00:00,16067,34.24,47.07,31.82,66.4,26.6,2025.0,10
2025-10-31 11:00:00,16068,35.36,43.43,32.73,63.1,4.6,2025.0,10
2025-10-31 12:00:00,16069,35.5,42.87,33.43,61.83,8.37,2025.0,10
2025-10-31 13:00:00,16070,29.94,64.2,24.94,92.6,48.8,2025.0,10
2025-10-31 14:00:00,16071,28.35,68.77,23.04,96.0,44.93,2025.0,10
2025-10-31 15:00:00,16072,23.81,80.53,20.26,99.0,17.38,2025.0,10
2025-10-31 16:00:00,16073,23.67,80.2,19.85,99.9,6.99,2025.0,10
2025-10-31 17:00:00,16074,24.13,79.53,19.98,100.0,11.23,2025.0,10
2025-10-31 19:00:00,16076,24.19,79.69,20.03,100.0,15.9,2025.0,10
2025-10-31 20:00:00,16077,24.27,81.07,20.37,100.0,32.38,2025.0,10
2025-10-31 21:00:00,16078,24.4,80.4,20.33,100.0,26.31,2025.0,10
2025-10-31 22:00:00,16079,24.06,81.57,20.29,100.0,27.47,2025.0,10
2025-10-31 23:00:00,16080,24.45,80.8,20.45,100.0,37.18,2025.0,10
2025-11-01 00:00:00,16081,24.09,81.9,20.32,100.0,46.41,2025.0,11
2025-11-01 01:00:00,16082,23.93,81.63,20.18,100.0,44.91,2025.0,11
2025-11-01 02:00:00,16083,24.09,81.45,20.17,100.0,40.99,2025.0,11
2025-11-01 03:00:00,16084,24.07,81.43,20.2,100.0,40.58,2025.0,11
2025-11-01 04:00:00,16085,23.9,80.9,20.18,100.0,33.86,2025.0,11
2025-11-01 05:00:00,16086,24.35,80.24,20.54,100.0,41.65,2025.0,11
2025-11-01 06:00:00,16087,24.69,79.23,21.24,100.0,62.85,2025.0,11
2025-11-01 07:00:00,16088,26.36,75.5,24.22,100.0,65.47,2025.0,11
2025-11-01 08:00:00,16089,30.49,63.17,29.9,89.4,55.7,2025.0,11
2025-11-01 09:00:00,16090,32.76,55.47,31.38,72.4,42.47,2025.0,11
2025-11-01 10:00:00,16091,34.13,50.1,31.79,69.57,37.13,2025.0,11
2025-11-01 11:00:00,16092,31.68,55.57,29.49,74.6,45.1,2025.0,11
2025-11-01 12:00:00,16093,33.07,52.1,30.39,72.2,43.17,2025.0,11
2025-11-01 13:00:00,16094,27.46,70.13,23.02,93.83,39.27,2025.0,11
2025-11-01 14:00:00,16095,28.3,70.2,23.24,97.93,45.0,2025.0,11
2025-11-01 15:00:00,16096,28.74,68.93,24.2,96.2,48.3,2025.0,11
2025-11-01 16:00:00,16097,26.58,74.03,22.69,96.7,35.43,2025.0,11
2025-11-01 17:00:00,16098,25.75,77.13,22.72,93.87,34.49,2025.0,11
2025-11-01 18:00:00,16099,26.51,75.3,22.9,93.07,41.2,2025.0,11
2025-11-01 19:00:00,16100,25.27,79.5,21.87,96.53,34.22,2025.0,11
2025-11-01 20:00:00,16101,24.59,82.03,21.09,99.77,22.24,2025.0,11
2025-11-01 21:00:00,16102,24.88,80.77,20.97,100.0,20.23,2025.0,11
2025-11-01 22:00:00,16103,25.6,76.5,20.87,100.0,23.73,2025.0,11
2025-11-01 23:00:00,16104,25.23,79.73,21.07,100.0,39.22,2025.0,11
2025-11-02 00:00:00,16105,24.98,80.77,20.99,100.0,34.86,2025.0,11
2025-11-02 01:00:00,16106,25.04,80.1,20.93,100.0,34.01,2025.0,11
2025-11-02 02:00:00,16107,24.97,81.0,20.99,100.0,39.26,2025.0,11
2025-11-02 03:00:00,16108,24.84,81.43,20.94,100.0,35.11,2025.0,11
2025-11-02 04:00:00,16109,24.88,81.63,21.04,100.0,42.25,2025.0,11
2025-11-02 05:00:00,16110,24.59,81.93,20.82,100.0,47.79,2025.0,11
2025-11-02 06:00:00,16111,24.99,80.6,21.45,100.0,40.91,2025.0,11
2025-11-02 07:00:00,16112,25.31,80.0,21.89,100.0,42.88,2025.0,11
2025-11-02 08:00:00,16113,25.31,80.0,21.89,100.0,42.88,2025.0,11
2025-11-02 09:00:00,16114,32.23,56.87,32.12,71.93,53.53,2025.0,11
2025-11-02 10:00:00,16115,33.44,54.0,32.64,70.0,44.0,2025.0,11
2025-11-02 11:00:00,16116,32.55,55.17,31.03,72.6,40.63,2025.0,11
2025-11-02 12:00:00,16117,27.71,66.8,23.12,91.5,24.3,2025.0,11
2025-11-02 13:00:00,16118,27.09,70.6,22.6,98.8,26.77,2025.0,11
2025-11-02 14:00:00,16119,30.34,62.33,25.4,95.57,33.13,2025.0,11
2025-11-02 15:00:00,16120,31.59,56.6,29.51,79.37,28.4,2025.0,11
2025-11-02 16:00:00,16121,31.29,56.63,29.26,74.77,29.8,2025.0,11
2025-11-02 17:00:00,16122,28.46,69.77,25.22,87.5,42.9,2025.0,11
2025-11-02 18:00:00,16123,27.37,73.6,24.04,90.37,46.77,2025.0,11
2025-11-02 19:00:00,16124,24.66,76.66,20.86,95.17,9.21,2025.0,11
2025-11-02 20:00:00,16125,23.36,81.87,19.98,99.03,4.9,2025.0,11
2025-11-02 21:00:00,16126,24.09,81.0,20.2,99.9,14.4,2025.0,11
2025-11-02 22:00:00,16127,24.27,80.33,20.18,100.0,22.6,2025.0,11
2025-11-02 23:00:00,16128,24.38,80.03,20.25,100.0,28.5,2025.0,11
2025-11-03 00:00:00,16129,24.48,80.0,20.31,100.0,29.3,2025.0,11
2025-11-03 02:00:00,16131,24.02,81.76,20.2,100.0,31.95,2025.0,11
2025-11-03 03:00:00,16132,24.23,80.1,20.14,100.0,32.61,2025.0,11
2025-11-03 04:00:00,16133,24.24,80.17,20.09,100.0,34.55,2025.0,11
2025-11-03 05:00:00,16134,24.05,81.2,20.17,100.0,35.89,2025.0,11
2025-11-03 06:00:00,16135,24.23,81.07,20.75,100.0,42.91,2025.0,11
2025-11-03 07:00:00,16136,25.53,77.6,22.15,100.0,57.73,2025.0,11
2025-11-03 08:00:00,16137,25.79,77.0,22.43,100.0,59.0,2025.0,11
2025-11-03 09:00:00,16138,29.1,67.37,26.79,88.1,53.33,2025.0,11
2025-11-03 10:00:00,16139,31.95,57.83,30.95,74.83,46.4,2025.0,11
2025-11-03 11:00:00,16140,32.69,54.47,30.44,73.47,47.77,2025.0,11
2025-11-03 12:00:00,16141,29.34,60.4,26.54,80.07,32.87,2025.0,11
2025-11-03 14:00:00,16143,31.44,55.62,30.04,72.97,22.86,2025.0,11
2025-11-03 15:00:00,16144,29.35,62.97,26.33,82.2,29.53,2025.0,11
2025-11-03 16:00:00,16145,27.88,67.07,24.72,85.6,35.6,2025.0,11
2025-11-03 17:00:00,16146,27.23,71.13,24.01,88.37,45.67,2025.0,11
2025-11-03 18:00:00,16147,26.94,73.33,23.29,90.97,49.97,2025.0,11
2025-11-03 19:00:00,16148,26.27,76.17,22.2,95.83,44.9,2025.0,11
2025-11-03 20:00:00,16149,25.26,79.33,22.14,95.0,32.89,2025.0,11
2025-11-03 21:00:00,16150,25.06,80.0,22.11,95.0,28.81,2025.0,11
2025-11-03 22:00:00,16151,25.35,79.23,21.87,95.97,49.37,2025.0,11
2025-11-03 23:00:00,16152,25.33,78.3,21.52,96.23,53.4,2025.0,11
2025-11-04 00:00:00,16153,25.06,78.97,21.31,96.63,65.63,2025.0,11
2025-11-04 01:00:00,16154,24.81,77.3,20.85,95.93,48.7,2025.0,11
2025-11-04 02:00:00,16155,24.87,77.83,20.81,96.5,77.13,2025.0,11
2025-11-04 03:00:00,16156,24.55,79.66,20.48,98.55,52.05,2025.0,11
2025-11-04 04:00:00,16157,24.51,80.0,20.49,99.0,41.67,2025.0,11
2025-11-04 05:00:00,16158,24.56,80.13,20.84,98.33,38.26,2025.0,11
2025-11-04 06:00:00,16159,24.96,78.73,22.09,95.0,55.27,2025.0,11
2025-11-04 07:00:00,16160,25.5,77.0,23.65,90.0,62.0,2025.0,11
2025-11-04 08:00:00,16161,25.5,77.0,23.65,90.0,62.0,2025.0,11
2025-11-04 09:00:00,16162,30.77,60.53,29.95,75.73,52.67,2025.0,11
2025-11-04 10:00:00,16163,31.92,56.37,30.92,72.87,48.23,2025.0,11
2025-11-04 11:00:00,16164,34.46,46.7,32.6,64.97,38.97,2025.0,11
2025-11-04 12:00:00,16165,32.72,50.87,30.35,70.5,23.37,2025.0,11
2025-11-04 13:00:00,16166,31.9,52.53,29.6,71.8,11.0,2025.0,11
2025-11-04 14:00:00,16167,31.57,53.76,29.19,73.24,14.92,2025.0,11
2025-11-04 15:00:00,16168,31.03,55.87,27.98,77.07,23.53,2025.0,11
2025-11-04 16:00:00,16169,29.04,63.43,25.59,83.13,32.2,2025.0,11
2025-11-04 17:00:00,16170,27.71,65.0,24.36,84.0,25.0,2025.0,11
2025-11-04 18:00:00,16171,27.71,65.0,24.36,84.0,25.0,2025.0,11
2025-11-04 19:00:00,16172,27.71,65.0,24.36,84.0,25.0,2025.0,11
2025-11-04 20:00:00,16173,27.71,65.0,24.36,84.0,25.0,2025.0,11
2025-11-04 21:00:00,16174,27.71,65.0,24.36,84.0,25.0,2025.0,11
2025-11-04 22:00:00,16175,26.64,71.7,23.1,89.63,50.63,2025.0,11
2025-11-04 23:00:00,16176,25.82,77.48,22.12,94.76,76.24,2025.0,11
2025-11-05 00:00:00,16177,25.96,77.0,22.13,94.73,85.93,2025.0,11
2025-11-05 01:00:00,16178,25.36,78.13,21.81,95.0,,2025.0,11
2025-11-05 02:00:00,16179,25.39,76.2,21.71,93.67,70.43,2025.0,11
2025-11-05 03:00:00,16180,25.4,77.27,21.48,95.3,85.8,2025.0,11
2025-11-05 04:00:00,16181,25.31,77.43,21.42,95.43,77.23,2025.0,11
2025-11-05 05:00:00,16182,25.22,78.4,21.46,96.27,,2025.0,11
2025-11-05 06:00:00,16183,25.71,76.27,23.68,90.07,86.27,2025.0,11
2025-11-05 07:00:00,16184,27.03,70.67,24.82,85.7,58.33,2025.0,11
2025-11-05 08:00:00,16185,28.61,65.8,26.52,82.5,55.73,2025.0,11
2025-11-05 09:00:00,16186,29.81,61.97,28.18,78.93,56.27,2025.0,11
2025-11-05 10:00:00,16187,32.05,55.3,30.72,72.23,58.03,2025.0,11
2025-11-05 11:00:00,16188,31.67,51.67,29.73,70.13,30.4,2025.0,11
2025-11-05 12:00:00,16189,32.15,51.3,30.13,70.1,20.57,2025.0,11
2025-11-05 13:00:00,16190,31.49,55.57,29.21,74.83,31.03,2025.0,11
2025-11-05 14:00:00,16191,30.88,56.27,28.52,75.63,23.63,2025.0,11
2025-11-05 15:00:00,16192,29.83,56.66,27.06,76.69,16.83,2025.0,11
2025-11-10 11:00:00,16308,32.22,49.81,29.91,69.12,4.35,2025.0,11
2025-11-10 12:00:00,16309,32.25,49.9,30.05,69.07,2.97,2025.0,11
2025-11-10 13:00:00,16310,32.32,50.34,30.1,69.97,8.62,2025.0,11
2025-11-10 14:00:00,16311,32.08,53.03,29.67,72.6,22.0,2025.0,11
2025-11-10 15:00:00,16312,29.04,64.79,25.8,84.66,33.83,2025.0,11
2025-11-10 18:00:00,16315,27.03,74.69,23.43,91.88,49.54,2025.0,11
2025-11-10 19:00:00,16316,27.0,73.93,23.23,91.83,55.0,2025.0,11
2025-11-10 20:00:00,16317,26.79,75.47,22.98,93.2,69.3,2025.0,11
2025-11-10 21:00:00,16318,26.25,76.97,22.77,93.57,74.13,2025.0,11
2025-11-10 22:00:00,16319,26.34,75.27,22.8,92.4,61.57,2025.0,11
2025-11-10 23:00:00,16320,26.32,76.47,22.83,93.17,61.0,2025.0,11
2025-11-11 00:00:00,16321,26.37,75.5,22.67,92.8,51.4,2025.0,11
2025-11-11 01:00:00,16322,25.75,76.9,22.29,93.52,51.1,2025.0,11
2025-11-11 02:00:00,16323,25.76,76.5,21.94,94.4,52.77,2025.0,11
2025-11-11 03:00:00,16324,25.83,75.87,22.04,93.43,43.5,2025.0,11
2025-11-11 04:00:00,16325,25.93,75.63,22.02,93.7,41.03,2025.0,11
2025-11-11 05:00:00,16326,25.48,77.87,21.66,95.63,57.13,2025.0,11
2025-11-11 06:00:00,16327,25.37,77.77,22.09,93.97,47.67,2025.0,11
2025-11-11 07:00:00,16328,26.89,72.86,24.52,88.03,49.21,2025.0,11
2025-11-11 09:00:00,16330,31.49,57.52,30.39,73.93,44.7,2025.0,11
2025-11-11 10:00:00,16331,31.58,54.5,29.81,72.5,25.23,2025.0,11
2025-11-11 11:00:00,16332,30.63,55.57,28.31,74.8,7.63,2025.0,11
2025-11-11 12:00:00,16333,30.49,57.04,28.38,75.86,6.68,2025.0,11
2025-11-11 13:00:00,16334,28.38,66.33,25.8,83.87,21.87,2025.0,11
2025-11-11 14:00:00,16335,28.24,65.3,25.62,83.27,15.77,2025.0,11
2025-11-11 15:00:00,16336,26.52,72.73,22.9,91.73,21.87,2025.0,11
2025-11-11 16:00:00,16337,25.15,78.0,21.02,98.31,14.83,2025.0,11
2025-11-11 17:00:00,16338,25.46,78.63,21.29,99.03,32.73,2025.0,11
2025-11-11 18:00:00,16339,25.56,78.8,21.41,99.87,40.2,2025.0,11
2025-11-11 19:00:00,16340,25.35,78.34,21.13,99.93,41.52,2025.0,11
2025-11-11 20:00:00,16341,25.17,78.55,20.91,100.0,29.0,2025.0,11
2025-11-11 21:00:00,16342,24.99,77.57,20.56,100.0,17.93,2025.0,11
2025-11-11 22:00:00,16343,25.28,77.45,20.74,100.0,41.38,2025.0,11
2025-11-11 23:00:00,16344,25.35,78.23,20.94,100.0,62.54,2025.0,11
2025-11-12 00:00:00,16345,25.04,79.35,20.85,100.0,45.2,2025.0,11
2025-11-12 01:00:00,16346,24.96,79.53,20.77,100.0,41.37,2025.0,11
2025-11-12 02:00:00,16347,24.76,80.03,20.71,100.0,37.95,2025.0,11
2025-11-12 03:00:00,16348,24.66,80.07,20.55,100.0,38.56,2025.0,11
2025-11-12 04:00:00,16349,24.7,79.3,20.49,100.0,44.21,2025.0,11
2025-11-12 05:00:00,16350,24.47,78.5,20.24,100.0,44.0,2025.0,11
2025-11-12 06:00:00,16351,25.13,76.73,21.13,100.0,42.37,2025.0,11
2025-11-12 07:00:00,16352,25.96,73.77,22.22,99.53,32.2,2025.0,11
2025-11-12 08:00:00,16353,27.17,70.29,24.79,94.68,39.75,2025.0,11
2025-11-12 09:00:00,16354,29.52,62.57,28.65,78.07,32.61,2025.0,11
2025-11-12 10:00:00,16355,30.09,60.62,27.53,79.83,28.59,2025.0,11
2025-11-12 11:00:00,16356,25.73,73.28,21.46,97.48,14.41,2025.0,11
2025-11-12 12:00:00,16357,26.2,72.9,22.15,97.77,15.4,2025.0,11
2025-11-12 18:00:00,16363,25.65,77.17,21.97,94.79,35.04,2025.0,11
2025-11-12 19:00:00,16364,25.66,77.33,21.81,95.37,50.43,2025.0,11
2025-11-12 22:00:00,16367,25.22,77.6,21.26,95.28,53.88,2025.0,11
2025-11-12 23:00:00,16368,24.99,77.86,21.23,95.17,58.52,2025.0,11
2025-11-13 00:00:00,16369,24.96,78.41,21.13,96.24,74.5,2025.0,11
2025-11-13 01:00:00,16370,24.56,80.03,20.69,98.0,52.19,2025.0,11
2025-11-13 02:00:00,16371,24.37,79.52,20.67,97.14,49.87,2025.0,11
2025-11-13 03:00:00,16372,24.43,78.86,20.66,96.55,,2025.0,11
2025-11-13 04:00:00,16373,24.37,80.13,20.66,97.67,46.34,2025.0,11
2025-11-13 05:00:00,16374,24.56,80.03,20.91,97.31,54.63,2025.0,11
2025-11-13 06:00:00,16375,24.96,77.5,22.02,93.35,74.07,2025.0,11
2025-11-13 07:00:00,16376,27.24,69.93,25.62,84.7,63.07,2025.0,11
2025-11-13 08:00:00,16377,28.62,64.72,27.73,79.72,58.38,2025.0,11
2025-11-13 09:00:00,16378,31.07,55.1,29.88,71.57,42.67,2025.0,11
2025-11-13 10:00:00,16379,31.12,52.66,29.04,71.41,16.48,2025.0,11
2025-11-13 11:00:00,16380,30.71,55.75,28.55,74.64,7.96,2025.0,11
2025-11-13 12:00:00,16381,30.54,56.84,28.55,75.28,6.48,2025.0,11
2025-11-13 16:00:00,16385,28.49,65.21,25.25,84.31,33.14,2025.0,11
2025-11-13 20:00:00,16389,26.83,69.33,23.32,88.52,33.81,2025.0,11
2025-11-13 21:00:00,16390,26.71,69.73,23.15,88.67,41.47,2025.0,11
2025-11-13 22:00:00,16391,26.36,73.5,22.6,91.57,84.97,2025.0,11
2025-11-13 23:00:00,16392,25.87,75.77,22.19,93.07,79.13,2025.0,11
2025-11-14 00:00:00,16393,25.63,75.14,21.97,92.66,75.83,2025.0,11
2025-11-14 01:00:00,16394,25.15,75.87,21.59,92.83,79.3,2025.0,11
2025-11-14 02:00:00,16395,24.93,76.3,21.63,92.53,73.9,2025.0,11
2025-11-14 03:00:00,16396,25.27,74.47,21.42,92.47,60.83,2025.0,11
2025-11-14 04:00:00,16397,24.72,76.5,20.86,94.4,53.57,2025.0,11
2025-11-14 05:00:00,16398,24.58,76.9,20.92,94.2,52.97,2025.0,11
2025-11-14 06:00:00,16399,24.96,75.8,22.3,91.2,84.5,2025.0,11
2025-11-14 07:00:00,16400,26.96,69.33,26.95,80.97,58.93,2025.0,11
2025-11-14 08:00:00,16401,29.08,62.73,28.78,76.57,55.0,2025.0,11
2025-11-14 09:00:00,16402,29.45,59.87,27.64,77.37,22.67,2025.0,11
2025-11-14 10:00:00,16403,30.06,57.66,28.21,75.72,11.28,2025.0,11
2025-11-14 11:00:00,16404,30.81,55.62,28.75,74.27,6.62,2025.0,11
2025-11-14 12:00:00,16405,30.36,57.2,28.12,76.2,5.93,2025.0,11
2025-11-14 13:00:00,16406,28.41,65.03,23.44,91.67,18.57,2025.0,11
2025-11-14 14:00:00,16407,24.8,78.57,20.88,98.86,25.76,2025.0,11
2025-11-14 15:00:00,16408,25.7,76.5,21.32,99.6,29.63,2025.0,11
2025-11-14 20:00:00,16413,25.5,75.59,21.93,96.21,19.83,2025.0,11
2025-11-14 21:00:00,16414,25.89,72.7,22.65,90.26,18.26,2025.0,11
2025-11-14 23:00:00,16416,25.83,72.52,22.33,90.52,40.33,2025.0,11
2025-11-15 00:00:00,16417,25.76,68.64,22.43,86.96,17.18,2025.0,11
2025-11-15 02:00:00,16419,25.45,69.83,22.01,88.37,42.4,2025.0,11
2025-11-15 03:00:00,16420,25.21,68.57,22.08,86.63,16.5,2025.0,11
2025-11-15 04:00:00,16421,25.57,65.6,22.12,85.3,10.07,2025.0,11
2025-11-15 05:00:00,16422,25.46,66.9,21.98,86.23,31.4,2025.0,11
2025-11-15 06:00:00,16423,26.15,68.57,25.08,83.4,68.2,2025.0,11
2025-11-15 07:00:00,16424,28.78,63.93,28.97,77.07,69.73,2025.0,11
2025-11-15 08:00:00,16425,30.79,56.97,30.75,70.87,50.77,2025.0,11
2025-11-15 09:00:00,16426,30.76,52.27,29.02,70.07,21.0,2025.0,11
2025-11-15 10:00:00,16427,30.66,54.47,28.49,73.5,22.67,2025.0,11
2025-11-15 12:00:00,16429,30.71,55.83,28.61,74.5,27.1,2025.0,11
2025-11-15 13:00:00,16430,30.88,54.9,28.71,73.9,30.8,2025.0,11
2025-11-15 14:00:00,16431,30.93,54.82,28.96,73.5,35.5,2025.0,11
2025-11-15 15:00:00,16432,29.91,58.36,27.45,77.86,41.25,2025.0,11
2025-11-15 16:00:00,16433,27.33,70.57,23.72,90.73,52.47,2025.0,11
2025-11-15 18:00:00,16435,27.99,68.26,24.41,87.15,54.89,2025.0,11
2025-11-15 20:00:00,16437,27.08,73.33,23.51,90.83,,2025.0,11
2025-11-15 21:00:00,16438,26.7,75.27,23.24,92.3,,2025.0,11
2025-11-15 22:00:00,16439,26.31,75.6,23.07,91.9,66.47,2025.0,11
2025-11-15 23:00:00,16440,26.34,74.67,22.58,92.33,,2025.0,11
2025-11-16 00:00:00,16441,25.97,76.55,22.43,93.28,,2025.0,11
2025-11-16 01:00:00,16442,26.07,72.47,22.77,89.9,56.03,2025.0,11
2025-11-16 02:00:00,16443,25.99,70.48,22.7,88.34,40.83,2025.0,11
2025-11-16 03:00:00,16444,25.76,70.17,22.65,87.83,12.07,2025.0,11
2025-11-16 04:00:00,16445,25.5,71.77,22.41,89.0,3.4,2025.0,11
2025-11-16 05:00:00,16446,25.84,70.76,22.72,88.14,1.52,2025.0,11
2025-11-16 06:00:00,16447,26.37,69.13,23.61,86.2,8.43,2025.0,11
2025-11-16 07:00:00,16448,28.09,64.5,26.5,81.07,10.3,2025.0,11
2025-11-16 08:00:00,16449,29.63,61.33,28.28,77.97,30.67,2025.0,11
2025-11-16 09:00:00,16450,31.94,55.24,30.82,72.0,35.21,2025.0,11
2025-11-16 10:00:00,16451,32.49,51.73,30.69,70.0,27.3,2025.0,11
2025-11-16 11:00:00,16452,31.62,53.24,29.37,72.48,10.38,2025.0,11
2025-11-16 12:00:00,16453,31.59,53.52,30.15,70.9,6.21,2025.0,11
2025-11-16 13:00:00,16454,30.64,56.73,27.7,78.03,4.93,2025.0,11
2025-11-16 14:00:00,16455,29.78,59.33,27.34,78.67,3.4,2025.0,11
2025-11-16 15:00:00,16456,28.99,61.13,26.4,80.5,2.27,2025.0,11
2025-11-16 17:00:00,16458,28.84,62.83,25.55,83.31,16.69,2025.0,11
2025-11-16 18:00:00,16459,28.44,62.77,25.21,83.23,12.27,2025.0,11
2025-11-16 19:00:00,16460,28.15,64.87,24.86,84.67,26.77,2025.0,11
2025-11-16 20:00:00,16461,27.82,65.76,24.39,85.48,28.1,2025.0,11
2025-11-16 21:00:00,16462,26.97,68.5,23.78,86.67,43.57,2025.0,11
2025-11-16 22:00:00,16463,26.91,67.77,23.52,86.53,37.67,2025.0,11
2025-11-16 23:00:00,16464,26.79,67.1,23.29,86.37,36.23,2025.0,11
2025-11-17 00:00:00,16465,26.42,68.77,22.75,87.83,42.7,2025.0,11
2025-11-17 01:00:00,16466,25.7,72.0,21.86,90.73,47.4,2025.0,11
2025-11-17 02:00:00,16467,25.58,71.34,21.91,89.93,36.1,2025.0,11
2025-11-17 03:00:00,16468,25.22,71.63,21.26,90.67,44.67,2025.0,11
2025-11-17 04:00:00,16469,24.62,71.97,20.81,90.77,30.4,2025.0,11
2025-11-17 05:00:00,16470,24.57,73.37,20.94,91.5,45.07,2025.0,11
2025-11-17 06:00:00,16471,25.91,70.03,25.2,83.13,54.63,2025.0,11
2025-11-17 07:00:00,16472,28.26,63.73,30.87,71.2,51.5,2025.0,11
2025-11-17 08:00:00,16473,31.99,53.73,33.15,65.3,45.8,2025.0,11
2025-11-17 09:00:00,16474,32.39,50.57,31.12,67.33,23.8,2025.0,11
2025-11-17 10:00:00,16475,32.67,51.13,30.25,70.57,17.87,2025.0,11
2025-11-17 11:00:00,16476,31.19,54.72,28.93,73.83,24.41,2025.0,11
2025-11-17 12:00:00,16477,32.13,51.67,29.93,70.67,24.93,2025.0,11
2025-11-17 13:00:00,16478,31.78,51.4,29.63,70.33,12.43,2025.0,11
2025-11-17 14:00:00,16479,31.01,54.33,28.58,74.03,16.97,2025.0,11
2025-11-17 15:00:00,16480,29.56,59.8,26.76,79.73,23.03,2025.0,11
2025-11-17 16:00:00,16481,28.44,61.48,25.27,81.88,24.16,2025.0,11
2025-11-17 18:00:00,16483,27.0,69.97,21.52,97.43,27.63,2025.0,11
2025-11-17 20:00:00,16485,26.17,73.6,21.4,98.0,27.63,2025.0,11
2025-11-17 21:00:00,16486,26.19,72.0,21.41,97.4,40.47,2025.0,11
2025-11-17 22:00:00,16487,26.12,74.8,21.58,98.3,52.53,2025.0,11
2025-11-17 23:00:00,16488,25.82,76.7,21.53,99.0,56.37,2025.0,11
2025-11-18 00:00:00,16489,25.74,76.33,21.55,99.0,48.8,2025.0,11
2025-11-18 01:00:00,16490,25.69,76.14,21.58,96.41,64.24,2025.0,11
2025-11-18 02:00:00,16491,25.29,78.11,21.5,96.18,52.17,2025.0,11
2025-11-18 03:00:00,16492,24.87,77.73,20.99,96.23,50.67,2025.0,11
2025-11-18 04:00:00,16493,24.5,78.43,20.46,97.33,56.83,2025.0,11
2025-11-18 05:00:00,16494,24.48,79.37,20.68,98.0,55.17,2025.0,11
2025-11-18 06:00:00,16495,25.95,74.9,25.09,87.53,59.83,2025.0,11
2025-11-18 07:00:00,16496,28.06,66.7,26.2,82.53,55.93,2025.0,11
2025-11-18 08:00:00,16497,28.72,65.5,27.34,81.13,82.07,2025.0,11
2025-11-18 09:00:00,16498,30.82,56.3,29.18,73.7,51.33,2025.0,11
2025-11-18 10:00:00,16499,29.47,60.13,27.42,78.17,37.53,2025.0,11
2025-11-18 11:00:00,16500,29.33,62.07,26.9,80.72,43.62,2025.0,11
2025-11-18 12:00:00,16501,30.33,61.23,28.49,78.8,39.27,2025.0,11
2025-11-18 13:00:00,16502,29.59,63.1,26.58,82.6,34.57,2025.0,11
2025-11-18 14:00:00,16503,24.22,77.37,21.2,93.67,11.42,2025.0,11
2025-11-18 15:00:00,16504,23.89,79.17,20.06,99.0,19.04,2025.0,11
2025-11-18 16:00:00,16505,23.57,79.4,19.68,99.03,23.71,2025.0,11
2025-11-18 17:00:00,16506,24.06,78.87,20.0,99.83,27.95,2025.0,11
2025-11-18 18:00:00,16507,24.73,76.87,20.33,99.53,27.07,2025.0,11
2025-11-18 19:00:00,16508,24.77,77.13,20.52,99.0,41.7,2025.0,11
2025-11-18 20:00:00,16509,24.74,77.07,20.45,99.0,46.57,2025.0,11
2025-11-18 21:00:00,16510,24.43,78.97,20.41,99.0,67.46,2025.0,11
2025-11-18 22:00:00,16511,24.37,79.73,20.42,99.6,49.75,2025.0,11
2025-11-18 23:00:00,16512,24.49,79.2,20.49,100.0,55.21,2025.0,11
2025-11-19 00:00:00,16513,24.22,79.97,20.26,99.73,37.06,2025.0,11
2025-11-19 01:00:00,16514,24.01,80.4,20.0,100.0,43.37,2025.0,11
2025-11-19 02:00:00,16515,23.7,81.57,19.96,100.0,49.54,2025.0,11
2025-11-19 03:00:00,16516,23.7,81.6,19.93,100.0,55.68,2025.0,11
2025-11-19 04:00:00,16517,23.7,81.6,19.93,100.0,56.32,2025.0,11
2025-11-19 05:00:00,16518,23.7,81.55,20.02,100.0,51.17,2025.0,11
2025-11-19 06:00:00,16519,24.42,79.63,20.98,100.0,63.47,2025.0,11
2025-11-19 07:00:00,16520,26.75,72.57,26.71,87.93,77.27,2025.0,11
2025-11-19 08:00:00,16521,29.94,62.57,30.89,73.5,75.13,2025.0,11
2025-11-19 09:00:00,16522,29.51,60.7,28.59,75.87,54.1,2025.0,11
2025-11-19 10:00:00,16523,30.08,57.97,28.03,76.27,19.7,2025.0,11
2025-11-19 11:00:00,16524,30.16,58.1,28.02,76.57,12.6,2025.0,11
2025-11-19 13:00:00,16526,29.92,60.93,27.32,80.43,24.46,2025.0,11
2025-11-19 14:00:00,16527,28.46,66.0,25.99,83.9,30.8,2025.0,11
2025-11-19 15:00:00,16528,27.42,69.53,24.78,86.1,39.13,2025.0,11
2025-11-19 16:00:00,16529,26.53,73.07,23.17,91.27,40.43,2025.0,11
2025-11-19 17:00:00,16530,24.29,78.8,20.34,98.73,13.89,2025.0,11
2025-11-19 18:00:00,16531,24.36,80.32,20.55,99.43,16.35,2025.0,11
2025-11-19 19:00:00,16532,24.93,78.93,20.78,100.0,22.6,2025.0,11
2025-11-19 20:00:00,16533,25.31,78.83,21.05,100.0,33.96,2025.0,11
2025-11-19 21:00:00,16534,24.95,81.0,21.07,100.0,37.83,2025.0,11
2025-11-19 22:00:00,16535,24.36,82.27,20.83,100.0,33.57,2025.0,11
2025-11-19 23:00:00,16536,24.36,82.0,20.7,100.0,30.75,2025.0,11
2025-11-20 00:00:00,16537,24.37,82.0,20.7,100.0,30.82,2025.0,11
2025-11-20 01:00:00,16538,24.37,82.0,20.7,100.0,30.82,2025.0,11
2025-11-20 03:00:00,16540,24.03,81.38,20.21,100.0,35.97,2025.0,11
2025-11-20 04:00:00,16541,24.16,80.4,20.15,100.0,39.04,2025.0,11
2025-11-20 05:00:00,16542,24.31,80.7,20.48,100.0,43.19,2025.0,11
2025-11-20 06:00:00,16543,25.03,79.67,22.31,100.0,60.91,2025.0,11
2025-11-20 07:00:00,16544,26.09,77.0,25.84,100.0,69.0,2025.0,11
2025-11-20 08:00:00,16545,26.45,75.4,26.42,96.8,66.8,2025.0,11
2025-11-20 09:00:00,16546,29.58,61.67,28.33,77.93,44.57,2025.0,11
2025-11-20 10:00:00,16547,29.92,61.57,28.05,79.23,32.73,2025.0,11
2025-11-20 11:00:00,16548,29.65,62.33,27.52,80.37,26.23,2025.0,11
2025-11-20 12:00:00,16549,30.75,58.17,28.81,76.4,17.73,2025.0,11
2025-11-20 13:00:00,16550,29.58,60.93,27.69,78.73,10.8,2025.0,11
2025-11-20 14:00:00,16551,28.4,65.17,26.56,81.93,10.13,2025.0,11
2025-11-21 13:00:00,16574,32.98,49.66,31.14,67.97,8.72,2025.0,11
2025-11-21 14:00:00,16575,31.39,53.63,28.93,73.07,9.37,2025.0,11
2025-11-21 15:00:00,16576,28.73,60.0,26.22,79.6,12.3,2025.0,11
2025-11-21 16:00:00,16577,28.5,63.9,25.86,82.4,33.63,2025.0,11
2025-11-21 17:00:00,16578,27.88,69.27,25.23,86.0,40.97,2025.0,11
2025-11-21 18:00:00,16579,27.27,70.63,24.7,86.73,41.87,2025.0,11
2025-11-21 19:00:00,16580,26.96,74.37,24.02,90.3,45.13,2025.0,11
2025-11-21 20:00:00,16581,26.7,74.93,23.46,91.07,32.7,2025.0,11
2025-11-21 21:00:00,16582,26.56,75.77,23.09,92.5,39.3,2025.0,11
2025-11-21 22:00:00,16583,26.56,76.03,22.94,93.0,42.93,2025.0,11
2025-11-21 23:00:00,16584,26.37,75.23,22.76,92.5,38.3,2025.0,11
2025-11-22 00:00:00,16585,25.89,77.4,22.29,94.23,48.17,2025.0,11
2025-11-22 01:00:00,16586,25.66,76.9,22.09,93.6,42.87,2025.0,11
2025-11-22 02:00:00,16587,25.66,76.9,22.03,93.93,55.33,2025.0,11
2025-11-22 03:00:00,16588,25.43,78.37,21.73,95.53,62.57,2025.0,11
2025-11-22 04:00:00,16589,25.26,77.83,21.64,94.7,51.63,2025.0,11
2025-11-22 05:00:00,16590,25.16,77.07,21.77,93.6,47.93,2025.0,11
2025-11-22 06:00:00,16591,25.96,73.67,23.91,88.1,48.1,2025.0,11
2025-11-22 07:00:00,16592,27.29,68.17,25.99,83.1,39.87,2025.0,11
2025-11-22 08:00:00,16593,29.15,62.23,28.08,78.0,38.93,2025.0,11
2025-11-22 09:00:00,16594,30.95,58.33,30.1,73.87,44.13,2025.0,11
2025-11-22 10:00:00,16595,33.53,51.4,31.96,68.97,41.77,2025.0,11
2025-11-22 11:00:00,16596,28.92,63.5,24.22,88.63,49.43,2025.0,11
2025-11-22 12:00:00,16597,25.43,73.07,20.57,98.7,29.73,2025.0,11
2025-11-22 13:00:00,16598,26.61,70.2,21.43,98.93,27.07,2025.0,11
2025-11-22 14:00:00,16599,27.79,70.43,23.27,97.37,48.27,2025.0,11
2025-11-22 15:00:00,16600,27.06,72.27,23.32,97.13,53.13,2025.0,11
2025-11-22 16:00:00,16601,26.53,73.27,23.33,91.43,41.57,2025.0,11
2025-11-22 17:00:00,16602,24.7,80.87,21.14,98.5,25.6,2025.0,11
2025-11-22 18:00:00,16603,24.94,81.17,21.14,100.0,30.78,2025.0,11
2025-11-22 19:00:00,16604,24.96,81.27,21.18,100.0,35.26,2025.0,11
2025-11-22 20:00:00,16605,25.09,80.9,21.14,100.0,38.26,2025.0,11
2025-11-22 21:00:00,16606,25.26,80.7,21.23,100.0,47.77,2025.0,11
2025-11-22 22:00:00,16607,25.08,81.87,21.31,100.0,41.99,2025.0,11
2025-11-22 23:00:00,16608,25.01,81.57,21.19,100.0,40.45,2025.0,11
2025-11-23 00:00:00,16609,25.05,80.9,21.07,100.0,43.16,2025.0,11
2025-11-23 01:00:00,16610,24.39,82.0,20.65,100.0,49.4,2025.0,11
2025-11-23 02:00:00,16611,24.46,81.27,20.59,100.0,43.26,2025.0,11
2025-11-23 03:00:00,16612,24.79,80.47,20.8,100.0,46.1,2025.0,11
2025-11-23 04:00:00,16613,24.86,80.67,20.89,100.0,47.68,2025.0,11
2025-11-23 05:00:00,16614,24.76,81.33,21.02,100.0,48.26,2025.0,11
2025-11-23 06:00:00,16615,25.43,80.33,22.19,100.0,56.97,2025.0,11
2025-11-23 07:00:00,16616,27.01,74.5,23.6,98.63,65.9,2025.0,11
2025-11-23 08:00:00,16617,28.88,68.17,27.81,89.0,60.07,2025.0,11
2025-11-23 09:00:00,16618,31.19,60.03,30.95,74.4,48.2,2025.0,11
2025-11-23 10:00:00,16619,31.47,57.73,30.49,73.7,47.7,2025.0,11
2025-11-23 11:00:00,16620,30.6,58.07,28.56,76.47,41.0,2025.0,11
2025-11-23 12:00:00,16621,31.69,58.2,30.39,74.8,45.4,2025.0,11
2025-11-23 13:00:00,16622,31.3,57.9,29.4,75.97,37.63,2025.0,11
2025-11-23 14:00:00,16623,29.02,65.87,26.58,83.4,42.57,2025.0,11
2025-11-23 15:00:00,16624,26.53,72.9,23.88,88.43,22.97,2025.0,11
2025-11-23 16:00:00,16625,26.44,72.67,23.38,89.5,25.57,2025.0,11
2025-11-23 17:00:00,16626,26.5,72.53,23.26,89.63,24.3,2025.0,11
2025-11-23 18:00:00,16627,26.21,76.63,22.7,93.2,34.43,2025.0,11
2025-11-23 19:00:00,16628,25.76,77.97,22.43,93.97,32.1,2025.0,11
2025-11-23 20:00:00,16629,25.55,78.93,22.13,95.23,30.28,2025.0,11
2025-11-23 21:00:00,16630,25.83,76.4,22.44,92.93,32.24,2025.0,11
2025-11-23 22:00:00,16631,25.96,77.67,22.29,94.77,45.6,2025.0,11
2025-11-23 23:00:00,16632,25.47,74.97,22.0,92.1,60.53,2025.0,11
2025-11-24 00:00:00,16633,25.38,72.53,21.7,90.87,56.03,2025.0,11
2025-11-24 01:00:00,16634,24.89,69.69,21.19,88.9,62.03,2025.0,11
2025-11-24 02:00:00,16635,24.29,69.23,20.71,88.2,52.53,2025.0,11
2025-11-24 03:00:00,16636,24.49,69.64,20.9,88.54,49.07,2025.0,11
2025-11-24 04:00:00,16637,24.4,70.6,20.74,89.53,52.93,2025.0,11
2025-11-24 05:00:00,16638,24.35,73.14,20.77,91.25,57.17,2025.0,11
2025-11-24 06:00:00,16639,25.25,71.97,22.82,87.97,71.4,2025.0,11
2025-11-24 07:00:00,16640,27.82,63.97,27.67,77.43,63.17,2025.0,11
2025-11-24 08:00:00,16641,30.1,57.27,30.25,70.67,69.03,2025.0,11
2025-11-24 09:00:00,16642,32.18,50.31,31.4,66.07,55.97,2025.0,11
2025-11-24 10:00:00,16643,33.9,44.17,31.82,62.47,50.9,2025.0,11
2025-11-24 11:00:00,16644,32.66,43.57,30.28,62.33,27.47,2025.0,11
2025-11-25 11:00:00,16668,35.87,37.43,33.93,54.65,24.61,2025.0,11
2025-11-25 12:00:00,16669,35.45,39.74,33.75,56.85,28.0,2025.0,11
2025-11-25 13:00:00,16670,33.68,44.23,31.35,63.03,33.4,2025.0,11
2025-11-25 14:00:00,16671,32.77,49.37,30.4,68.77,27.7,2025.0,11
2025-11-25 15:00:00,16672,31.57,52.93,29.21,72.0,13.93,2025.0,11
2025-11-25 16:00:00,16673,30.77,53.2,28.25,72.63,10.6,2025.0,11
2025-11-25 17:00:00,16674,30.4,52.73,27.39,73.3,20.7,2025.0,11
2025-11-25 18:00:00,16675,29.16,58.43,25.97,79.43,32.8,2025.0,11
2025-11-25 19:00:00,16676,28.23,65.47,24.97,84.87,50.63,2025.0,11
2025-11-25 20:00:00,16677,27.73,68.57,24.41,86.9,58.03,2025.0,11
2025-11-25 21:00:00,16678,27.27,70.83,23.89,88.77,61.47,2025.0,11
2025-11-25 22:00:00,16679,27.07,73.57,23.5,91.27,62.9,2025.0,11
2025-11-25 23:00:00,16680,26.05,76.77,22.81,92.6,54.57,2025.0,11
2025-11-26 00:00:00,16681,26.17,76.2,22.64,92.97,56.4,2025.0,11
2025-11-26 01:00:00,16682,25.78,76.2,22.11,93.47,51.1,2025.0,11
2025-11-26 02:00:00,16683,25.36,74.97,21.73,92.33,60.53,2025.0,11
2025-11-26 03:00:00,16684,25.28,74.62,21.55,92.54,60.69,2025.0,11
2025-11-26 04:00:00,16685,24.54,75.63,20.8,93.17,55.37,2025.0,11
2025-11-26 05:00:00,16686,24.33,75.2,20.86,92.37,59.47,2025.0,11
2025-11-26 06:00:00,16687,25.41,74.2,23.22,89.03,74.0,2025.0,11
2025-11-26 07:00:00,16688,27.43,68.77,26.19,83.2,,2025.0,11
2025-11-26 08:00:00,16689,29.6,62.13,29.9,74.77,,2025.0,11
2025-11-26 09:00:00,16690,32.56,52.53,31.96,67.67,49.93,2025.0,11
2025-11-26 10:00:00,16691,32.42,48.63,31.56,64.57,45.3,2025.0,11
2025-11-26 11:00:00,16692,34.47,44.33,32.99,61.33,55.4,2025.0,11
2025-11-26 12:00:00,16693,34.04,43.37,32.07,61.07,48.43,2025.0,11
2025-11-26 13:00:00,16694,33.21,45.8,30.73,65.0,45.77,2025.0,11
2025-11-26 14:00:00,16695,33.0,49.33,30.94,68.0,43.63,2025.0,11
2025-11-26 15:00:00,16696,31.46,55.8,28.83,75.6,45.4,2025.0,11
2025-11-26 16:00:00,16697,29.54,61.77,25.65,84.6,49.0,2025.0,11
2025-11-26 17:00:00,16698,26.17,75.03,21.61,98.73,62.07,2025.0,11
2025-11-26 18:00:00,16699,25.7,77.53,21.6,99.0,54.77,2025.0,11
2025-11-26 19:00:00,16700,25.88,77.63,21.76,99.0,49.74,2025.0,11
2025-11-26 20:00:00,16701,25.59,80.15,21.95,99.04,51.3,2025.0,11
2025-11-26 21:00:00,16702,25.33,80.2,21.98,98.93,58.72,2025.0,11
2025-11-26 22:00:00,16703,26.1,77.3,22.23,99.07,66.8,2025.0,11
2025-11-26 23:00:00,16704,26.35,75.6,22.68,94.53,56.23,2025.0,11
2025-11-27 00:00:00,16705,26.3,75.13,22.78,92.37,45.27,2025.0,11
2025-11-27 01:00:00,16706,26.27,75.27,22.76,92.6,46.43,2025.0,11
2025-11-27 02:00:00,16707,25.41,76.62,22.59,92.14,24.55,2025.0,11
2025-11-27 03:00:00,16708,25.3,77.07,22.21,92.7,16.63,2025.0,11
2025-11-27 04:00:00,16709,25.3,77.9,21.9,94.37,30.17,2025.0,11
2025-11-27 05:00:00,16710,25.23,78.8,21.72,96.0,48.2,2025.0,11
2025-11-27 06:00:00,16711,27.33,73.13,27.17,84.4,42.17,2025.0,11
2025-11-27 07:00:00,16712,29.28,65.17,29.49,77.4,27.43,2025.0,11
2025-11-27 08:00:00,16713,31.18,59.33,31.72,71.63,36.33,2025.0,11
2025-11-27 09:00:00,16714,32.39,55.27,31.54,71.07,29.33,2025.0,11
2025-11-27 10:00:00,16715,33.86,50.23,32.71,66.8,29.07,2025.0,11
2025-11-27 11:00:00,16716,33.44,51.7,30.95,71.37,36.1,2025.0,11
2025-11-27 12:00:00,16717,30.35,64.0,24.27,91.0,57.0,2025.0,11
2025-11-27 13:00:00,16718,30.35,64.0,24.27,91.0,57.0,2025.0,11
2025-11-27 14:00:00,16719,30.35,64.0,24.27,91.0,57.0,2025.0,11
2025-11-27 15:00:00,16720,30.35,64.0,24.27,91.0,57.0,2025.0,11
2025-11-27 16:00:00,16721,30.35,64.0,24.27,91.0,57.0,2025.0,11
2025-11-27 18:00:00,16723,30.35,64.0,24.27,91.0,57.0,2025.0,11
2025-11-27 19:00:00,16724,30.35,64.0,24.27,91.0,57.0,2025.0,11
2025-11-27 20:00:00,16725,30.35,64.0,24.27,91.0,57.0,2025.0,11
2025-11-27 21:00:00,16726,30.35,64.0,24.27,91.0,57.0,2025.0,11
2025-11-27 22:00:00,16727,30.35,64.0,24.27,91.0,57.0,2025.0,11
2025-11-27 23:00:00,16728,30.35,64.0,24.27,91.0,57.0,2025.0,11
2025-11-28 00:00:00,16729,30.35,64.0,24.27,91.0,57.0,2025.0,11
2025-11-28 01:00:00,16730,30.35,64.0,24.27,91.0,57.0,2025.0,11
2025-11-28 02:00:00,16731,30.35,64.0,24.27,91.0,57.0,2025.0,11
2025-11-28 03:00:00,16732,30.35,64.0,24.27,91.0,57.0,2025.0,11
2025-11-28 04:00:00,16733,30.35,64.0,24.27,91.0,57.0,2025.0,11
2025-11-28 05:00:00,16734,30.35,64.0,24.27,91.0,57.0,2025.0,11
2025-11-28 06:00:00,16735,27.07,68.9,24.25,87.4,51.0,2025.0,11
2025-11-28 07:00:00,16736,27.31,66.0,27.23,79.03,54.83,2025.0,11
2025-11-28 08:00:00,16737,28.32,62.4,28.2,75.87,25.13,2025.0,11
2025-11-28 09:00:00,16738,30.44,57.1,29.59,72.7,29.33,2025.0,11
2025-11-28 10:00:00,16739,32.18,52.48,30.79,69.59,26.76,2025.0,11
2025-11-28 11:00:00,16740,33.55,49.8,32.7,66.07,18.53,2025.0,11
2025-11-28 12:00:00,16741,34.52,47.13,33.73,63.07,17.67,2025.0,11
2025-11-28 13:00:00,16742,32.4,51.97,29.47,72.33,32.03,2025.0,11
2025-11-28 14:00:00,16743,30.86,55.43,28.55,74.5,22.77,2025.0,11
2025-11-28 15:00:00,16744,30.43,55.63,27.86,75.47,11.4,2025.0,11
2025-11-28 16:00:00,16745,30.15,54.96,27.45,74.67,6.42,2025.0,11
2025-11-28 17:00:00,16746,29.79,56.71,26.77,76.86,26.25,2025.0,11
2025-11-28 18:00:00,16747,29.77,57.0,26.74,77.0,28.0,2025.0,11
2025-11-28 19:00:00,16748,29.77,57.0,26.74,77.0,28.0,2025.0,11
2025-11-28 20:00:00,16749,29.77,57.0,26.74,77.0,28.0,2025.0,11
2025-11-28 21:00:00,16750,29.77,57.0,26.74,77.0,28.0,2025.0,11
2025-11-28 22:00:00,16751,29.77,57.0,26.74,77.0,28.0,2025.0,11
2025-11-28 23:00:00,16752,29.77,57.0,26.74,77.0,28.0,2025.0,11
2025-11-29 00:00:00,16753,29.77,57.0,26.74,77.0,28.0,2025.0,11
2025-11-29 01:00:00,16754,29.77,57.0,26.74,77.0,28.0,2025.0,11
2025-11-29 02:00:00,16755,29.77,57.0,26.74,77.0,28.0,2025.0,11
2025-11-29 03:00:00,16756,29.77,57.0,26.74,77.0,28.0,2025.0,11
2025-11-29 04:00:00,16757,29.77,57.0,26.74,77.0,28.0,2025.0,11
2025-11-29 05:00:00,16758,29.77,57.0,26.74,77.0,28.0,2025.0,11
2025-11-29 06:00:00,16759,26.52,68.07,25.71,81.67,55.5,2025.0,11
2025-11-29 07:00:00,16760,27.29,63.63,27.28,76.6,38.9,2025.0,11
2025-11-29 08:00:00,16761,29.02,59.13,29.42,71.8,37.6,2025.0,11
2025-11-29 09:00:00,16762,32.1,51.6,30.84,67.9,35.3,2025.0,11
2025-11-29 10:00:00,16763,33.98,44.87,32.03,62.67,23.53,2025.0,11
2025-11-29 11:00:00,16764,33.91,44.9,33.39,60.27,24.93,2025.0,11
2025-11-29 12:00:00,16765,32.97,48.77,31.1,66.83,32.13,2025.0,11
2025-11-29 13:00:00,16766,32.1,51.97,30.12,70.2,38.4,2025.0,11
2025-11-29 14:00:00,16767,31.73,54.9,29.26,74.33,38.53,2025.0,11
2025-11-29 15:00:00,16768,30.56,59.93,27.78,79.83,43.47,2025.0,11
2025-11-29 16:00:00,16769,29.27,64.5,25.47,85.47,42.43,2025.0,11
2025-11-29 17:00:00,16770,29.11,65.0,25.21,86.0,42.0,2025.0,11
2025-11-29 18:00:00,16771,29.11,65.0,25.21,86.0,42.0,2025.0,11
2025-11-29 19:00:00,16772,29.11,65.0,25.21,86.0,42.0,2025.0,11
2025-11-29 20:00:00,16773,29.11,65.0,25.21,86.0,42.0,2025.0,11
2025-11-29 21:00:00,16774,29.11,65.0,25.21,86.0,42.0,2025.0,11
2025-11-29 22:00:00,16775,29.11,65.0,25.21,86.0,42.0,2025.0,11
2025-11-29 23:00:00,16776,29.11,65.0,25.21,86.0,42.0,2025.0,11
2025-11-30 00:00:00,16777,29.11,65.0,25.21,86.0,42.0,2025.0,11
2025-11-30 01:00:00,16778,29.11,65.0,25.21,86.0,42.0,2025.0,11
2025-11-30 02:00:00,16779,29.11,65.0,25.21,86.0,42.0,2025.0,11
2025-11-30 03:00:00,16780,29.11,65.0,25.21,86.0,42.0,2025.0,11
2025-11-30 04:00:00,16781,29.11,65.0,25.21,86.0,42.0,2025.0,11
2025-11-30 05:00:00,16782,29.11,65.0,25.21,86.0,42.0,2025.0,11
2025-11-30 06:00:00,16783,29.11,65.0,25.21,86.0,42.0,2025.0,11
2025-11-30 07:00:00,16784,29.11,65.0,25.21,86.0,42.0,2025.0,11
2025-11-30 08:00:00,16785,30.0,63.13,29.89,76.5,43.33,2025.0,11
2025-11-30 09:00:00,16786,31.7,56.5,30.42,73.0,34.77,2025.0,11
2025-11-30 10:00:00,16787,33.47,50.2,31.51,68.37,33.77,2025.0,11
2025-11-30 11:00:00,16788,34.37,48.0,33.1,64.87,38.63,2025.0,11
2025-11-30 12:00:00,16789,34.62,47.5,33.03,65.13,40.23,2025.0,11
2025-11-30 13:00:00,16790,31.96,57.07,27.91,80.37,47.23,2025.0,11
2025-12-09 12:00:00,17005,33.82,48.36,31.35,67.82,46.39,2025.0,12
2025-12-09 13:00:00,17006,32.81,46.45,29.66,66.93,30.52,2025.0,12
2025-12-09 14:00:00,17007,32.21,46.07,29.35,66.37,19.33,2025.0,12
2025-12-09 15:00:00,17008,30.36,60.62,26.53,83.07,34.07,2025.0,12
2025-12-09 16:00:00,17009,28.92,65.66,24.91,86.83,40.0,2025.0,12
2025-12-09 17:00:00,17010,28.44,67.4,24.39,87.97,42.1,2025.0,12
2025-12-09 18:00:00,17011,28.04,68.07,23.78,89.11,46.37,2025.0,12
2025-12-09 19:00:00,17012,27.5,69.97,23.14,90.97,44.87,2025.0,12
2025-12-09 20:00:00,17013,27.73,69.59,23.25,90.79,48.69,2025.0,12
2025-12-09 21:00:00,17014,27.23,71.4,22.92,92.0,54.13,2025.0,12
2025-12-09 22:00:00,17015,26.95,72.07,22.63,92.1,56.07,2025.0,12
2025-12-09 23:00:00,17016,26.87,72.07,22.41,92.93,51.67,2025.0,12
2025-12-10 00:00:00,17017,26.75,71.47,22.28,92.03,48.2,2025.0,12
2025-12-10 01:00:00,17018,26.51,72.57,21.99,93.23,50.13,2025.0,12
2025-12-10 02:00:00,17019,26.24,73.37,21.67,93.77,56.37,2025.0,12
2025-12-10 03:00:00,17020,26.22,73.33,21.57,94.03,57.77,2025.0,12
2025-12-10 04:00:00,17021,26.27,73.4,21.61,94.17,72.9,2025.0,12
2025-12-10 05:00:00,17022,25.94,74.23,21.38,94.6,64.93,2025.0,12
2025-12-10 06:00:00,17023,26.32,72.87,22.32,92.47,61.9,2025.0,12
2025-12-10 07:00:00,17024,28.05,68.73,25.55,86.37,73.07,2025.0,12
2025-12-10 08:00:00,17025,30.45,62.43,29.55,78.03,,2025.0,12
2025-12-10 09:00:00,17026,32.57,55.13,30.64,73.07,56.77,2025.0,12
2025-12-10 10:00:00,17027,34.06,49.5,31.52,68.97,37.2,2025.0,12
2025-12-10 11:00:00,17028,35.48,45.87,32.49,66.2,33.9,2025.0,12
2025-12-10 12:00:00,17029,32.53,54.67,29.08,76.63,65.57,2025.0,12
2025-12-10 13:00:00,17030,31.23,58.03,28.79,77.63,55.3,2025.0,12
2025-12-10 14:00:00,17031,25.46,67.08,20.87,90.42,42.08,2025.0,12
2025-12-11 15:00:00,17056,26.53,69.43,0.0,0.0,31.0,2025.0,12
2025-12-11 16:00:00,17057,27.4,65.63,0.0,0.0,27.9,2025.0,12
2025-12-11 17:00:00,17058,26.64,60.77,0.0,0.0,33.5,2025.0,12
2025-12-11 18:00:00,17059,25.96,58.4,0.0,0.0,34.73,2025.0,12
2025-12-11 19:00:00,17060,25.93,59.2,0.0,0.0,38.0,2025.0,12
2025-12-11 20:00:00,17061,25.79,59.6,0.0,0.0,49.87,2025.0,12
2025-12-11 21:00:00,17062,25.75,59.9,0.0,0.0,48.63,2025.0,12
