created_at,id,temperature,humidity,sht31_temp,sht31_hum,pm25,year,month
2024-01-01 00:00:00,1,26.38,78.93,,12.5,29.0,2024.0,1
2024-01-01 01:00:00,2,26.31,78.48,,10.69,87.2,2024.0,1
2024-01-01 02:00:00,3,26.21,77.97,,9.5,,2024.0,1
2024-01-01 03:00:00,4,25.96,77.64,,9.38,98.8,2024.0,1
2024-01-01 04:00:00,5,25.85,77.9,,9.94,101.93,2024.0,1
2024-01-01 05:00:00,6,25.55,78.1,,9.07,92.13,2024.0,1
2024-01-01 06:00:00,7,27.28,75.18,,8.71,116.07,2024.0,1
2024-01-01 07:00:00,8,30.01,66.98,,9.32,,2024.0,1
2024-01-01 08:00:00,9,36.53,47.4,,7.56,98.4,2024.0,1
2024-01-01 09:00:00,10,38.15,38.17,,6.59,73.0,2024.0,1
2024-01-01 10:00:00,11,37.82,36.97,,7.45,30.53,2024.0,1
2024-01-01 11:00:00,12,36.69,42.22,,7.25,22.87,2024.0,1
2024-01-01 12:00:00,13,37.98,37.15,,8.62,21.93,2024.0,1
2024-01-01 13:00:00,14,39.89,33.19,,7.86,23.0,2024.0,1
2024-01-01 14:00:00,15,39.43,36.48,,8.22,27.87,2024.0,1
2024-01-01 15:00:00,16,36.61,48.46,,8.24,41.43,2024.0,1
2024-01-01 16:00:00,17,32.49,62.58,,7.89,45.8,2024.0,1
2024-01-01 17:00:00,18,29.4,70.77,,8.0,68.2,2024.0,1
2024-01-01 18:00:00,19,27.59,77.22,,7.64,68.0,2024.0,1
2024-01-01 19:00:00,20,27.66,77.19,,9.58,53.27,2024.0,1
2024-01-01 20:00:00,21,27.6,78.28,,9.22,57.3,2024.0,1
2024-01-01 21:00:00,22,27.96,77.04,,9.62,74.23,2024.0,1
2024-01-01 22:00:00,23,27.97,77.4,,11.09,71.5,2024.0,1
2024-01-01 23:00:00,24,27.91,77.9,,10.44,73.2,2024.0,1
2024-01-02 00:00:00,25,27.82,78.09,,12.07,71.5,2024.0,1
2024-01-02 01:00:00,26,27.68,78.55,,13.75,65.94,2024.0,1
2024-01-02 02:00:00,27,27.26,79.48,,9.54,65.8,2024.0,1
2024-01-02 03:00:00,28,27.31,79.03,,9.06,66.87,2024.0,1
2024-01-02 04:00:00,29,27.45,78.97,,11.53,67.0,2024.0,1
2024-01-02 05:00:00,30,27.51,78.52,,10.84,67.0,2024.0,1
2024-01-02 06:00:00,31,27.43,78.67,,11.32,86.73,2024.0,1
2024-01-02 07:00:00,32,29.03,72.95,,9.78,91.0,2024.0,1
2024-01-02 08:00:00,33,28.73,72.59,,9.1,103.87,2024.0,1
2024-01-02 09:00:00,34,32.53,59.68,,10.24,97.13,2024.0,1
2024-01-02 10:00:00,35,35.79,50.37,,8.9,58.4,2024.0,1
2024-01-02 11:00:00,36,38.27,38.79,,6.9,41.8,2024.0,1
2024-01-02 12:00:00,37,39.35,34.84,,8.86,38.0,2024.0,1
2024-01-02 13:00:00,38,39.21,34.97,,8.11,33.87,2024.0,1
2024-01-02 14:00:00,39,36.23,46.71,,8.0,33.07,2024.0,1
2024-01-02 15:00:00,40,34.57,52.66,,6.15,28.8,2024.0,1
2024-01-02 16:00:00,41,33.94,55.42,,8.9,29.0,2024.0,1
2024-01-02 17:00:00,42,33.07,57.05,,9.99,44.33,2024.0,1
2024-01-02 18:00:00,43,31.14,64.85,,9.55,70.07,2024.0,1
2024-01-02 19:00:00,44,29.87,71.13,,9.21,68.0,2024.0,1
2024-01-02 20:00:00,45,29.63,70.1,,9.47,68.0,2024.0,1
2024-01-02 21:00:00,46,29.18,71.02,,6.93,68.0,2024.0,1
2024-01-02 22:00:00,47,29.07,70.82,,9.73,68.0,2024.0,1
2024-01-02 23:00:00,48,28.9,69.9,,9.63,68.0,2024.0,1
2024-01-03 00:00:00,49,28.02,75.67,,11.74,68.0,2024.0,1
2024-01-03 01:00:00,50,27.82,72.1,,8.14,44.6,2024.0,1
2024-01-03 02:00:00,51,27.65,72.04,,9.51,41.3,2024.0,1
2024-01-03 03:00:00,52,27.85,70.25,,11.48,43.73,2024.0,1
2024-01-03 04:00:00,53,28.06,70.56,,7.84,53.3,2024.0,1
2024-01-03 05:00:00,54,27.5,74.66,,9.16,52.27,2024.0,1
2024-01-03 06:00:00,55,27.31,78.0,,10.21,54.93,2024.0,1
2024-01-03 07:00:00,56,29.43,70.25,,8.2,71.5,2024.0,1
2024-01-03 08:00:00,57,31.42,62.45,,10.82,39.3,2024.0,1
2024-01-03 09:00:00,58,31.77,59.97,,9.57,22.63,2024.0,1
2024-01-03 10:00:00,59,34.38,52.77,,8.11,29.72,2024.0,1
2024-01-03 11:00:00,60,35.52,49.12,,8.4,27.87,2024.0,1
2024-01-03 12:00:00,61,35.6,47.57,,8.52,27.63,2024.0,1
2024-01-03 13:00:00,62,35.35,49.19,,5.98,26.4,2024.0,1
2024-01-03 14:00:00,63,33.3,56.08,,10.34,30.3,2024.0,1
2024-01-03 15:00:00,64,31.23,64.13,,8.94,33.53,2024.0,1
2024-01-03 16:00:00,65,31.97,60.79,,8.42,39.1,2024.0,1
2024-01-03 17:00:00,66,31.02,62.61,,9.26,46.97,2024.0,1
2024-01-03 18:00:00,67,30.43,64.8,,9.78,54.27,2024.0,1
2024-01-03 19:00:00,68,30.02,68.28,,9.53,64.07,2024.0,1
2024-01-03 20:00:00,69,29.47,69.89,,9.15,,2024.0,1
2024-01-03 21:00:00,70,29.67,70.26,,8.67,114.93,2024.0,1
2024-01-03 22:00:00,71,29.27,72.53,,6.71,103.0,2024.0,1
2024-01-03 23:00:00,72,28.85,71.23,,10.01,95.0,2024.0,1
2024-01-04 00:00:00,73,28.9,71.03,,9.44,73.0,2024.0,1
2024-01-04 01:00:00,74,28.43,73.31,,9.93,,2024.0,1
2024-01-04 02:00:00,75,27.8,76.85,,9.33,,2024.0,1
2024-01-04 03:00:00,76,27.41,78.11,,11.87,,2024.0,1
2024-01-04 04:00:00,77,26.98,78.09,,8.63,119.0,2024.0,1
2024-01-04 05:00:00,78,27.32,76.85,,12.27,109.33,2024.0,1
2024-01-04 06:00:00,79,27.99,72.81,,10.35,119.8,2024.0,1
2024-01-04 07:00:00,80,31.75,60.15,,9.43,85.0,2024.0,1
2024-01-04 08:00:00,81,34.03,53.93,,7.24,68.6,2024.0,1
2024-01-04 09:00:00,82,35.99,48.82,,7.84,111.27,2024.0,1
2024-01-04 10:00:00,83,39.98,35.16,,7.28,98.47,2024.0,1
2024-01-04 11:00:00,84,36.62,43.2,,9.09,80.0,2024.0,1
2024-01-04 12:00:00,85,32.56,55.34,,7.53,63.79,2024.0,1
2024-01-04 13:00:00,86,28.23,71.79,,8.49,60.93,2024.0,1
2024-01-04 14:00:00,87,26.19,78.56,,10.22,55.77,2024.0,1
2024-01-04 15:00:00,88,26.47,78.42,,10.17,59.27,2024.0,1
2024-01-04 16:00:00,89,25.65,79.51,,9.96,50.98,2024.0,1
2024-01-04 17:00:00,90,26.29,78.46,,7.96,40.13,2024.0,1
2024-01-04 18:00:00,91,26.69,78.1,,12.07,37.8,2024.0,1
2024-01-04 19:00:00,92,26.77,77.89,,9.44,41.77,2024.0,1
2024-01-04 20:00:00,93,26.58,77.65,,8.53,47.73,2024.0,1
2024-01-04 21:00:00,94,26.46,77.99,,7.39,46.0,2024.0,1
2024-01-04 22:00:00,95,26.25,78.55,,10.9,69.13,2024.0,1
2024-01-04 23:00:00,96,26.36,78.0,,10.58,63.73,2024.0,1
2024-01-05 00:00:00,97,26.2,78.11,,9.42,48.83,2024.0,1
2024-01-05 01:00:00,98,26.22,77.98,,8.86,58.7,2024.0,1
2024-01-05 02:00:00,99,26.02,77.69,,13.28,58.0,2024.0,1
2024-01-05 03:00:00,100,25.89,78.05,,12.68,58.0,2024.0,1
2024-01-05 04:00:00,101,26.16,78.03,,9.36,58.0,2024.0,1
2024-01-05 05:00:00,102,26.13,77.34,,9.52,53.93,2024.0,1
2024-01-05 06:00:00,103,26.58,76.26,,11.93,63.27,2024.0,1
2024-01-05 07:00:00,104,29.17,67.99,,9.18,99.59,2024.0,1
2024-01-05 08:00:00,105,35.24,49.71,,6.38,82.0,2024.0,1
2024-01-05 09:00:00,106,37.78,37.24,,6.19,82.0,2024.0,1
2024-01-05 10:00:00,107,38.92,32.73,,8.44,82.0,2024.0,1
2024-01-05 11:00:00,108,37.19,35.66,,8.0,24.93,2024.0,1
2024-01-05 12:00:00,109,33.59,52.07,,7.86,23.27,2024.0,1
2024-01-05 13:00:00,110,33.22,54.51,,9.74,24.4,2024.0,1
2024-01-05 14:00:00,111,38.09,37.15,,7.23,18.8,2024.0,1
2024-01-05 15:00:00,112,35.78,43.43,,9.06,26.4,2024.0,1
2024-01-05 16:00:00,113,31.45,59.1,,9.78,44.27,2024.0,1
2024-01-05 17:00:00,114,28.11,74.03,,11.09,64.0,2024.0,1
2024-01-05 18:00:00,115,26.39,79.16,,8.21,64.0,2024.0,1
2024-01-05 19:00:00,116,26.59,78.33,,10.35,64.0,2024.0,1
2024-01-05 20:00:00,117,26.42,78.6,,11.21,42.2,2024.0,1
2024-01-05 21:00:00,118,26.0,79.3,,8.22,35.07,2024.0,1
2024-01-05 22:00:00,119,26.23,78.9,,8.53,27.4,2024.0,1
2024-01-05 23:00:00,120,26.34,78.41,,11.56,34.0,2024.0,1
2024-01-06 00:00:00,121,26.26,77.91,,10.04,27.6,2024.0,1
2024-01-06 01:00:00,122,26.45,78.32,,12.27,33.2,2024.0,1
2024-01-06 02:00:00,123,26.43,78.09,,8.11,39.53,2024.0,1
2024-01-06 03:00:00,124,26.4,78.36,,8.85,51.52,2024.0,1
2024-01-06 04:00:00,125,26.5,78.17,,10.56,62.47,2024.0,1
2024-01-06 05:00:00,126,26.33,78.34,,8.89,69.47,2024.0,1
2024-01-06 06:00:00,127,27.12,75.66,,9.82,52.37,2024.0,1
2024-01-06 07:00:00,128,29.97,66.72,,10.4,66.33,2024.0,1
2024-01-06 08:00:00,129,33.18,56.88,,9.46,75.43,2024.0,1
2024-01-06 09:00:00,130,35.88,47.26,,9.27,46.47,2024.0,1
2024-01-06 10:00:00,131,32.94,55.81,,9.69,62.47,2024.0,1
2024-01-06 11:00:00,132,35.1,47.09,,8.03,38.66,2024.0,1
2024-01-06 12:00:00,133,36.7,38.0,,5.8,25.2,2024.0,1
2024-01-06 13:00:00,134,39.37,34.1,,5.95,40.1,2024.0,1
2024-01-06 14:00:00,135,35.05,48.5,,7.71,38.43,2024.0,1
2024-01-06 15:00:00,136,28.47,69.05,,7.97,54.7,2024.0,1
2024-01-06 16:00:00,137,29.68,67.59,,7.41,53.37,2024.0,1
2024-01-06 17:00:00,138,29.72,68.87,,11.04,53.81,2024.0,1
2024-01-06 18:00:00,139,26.88,78.76,,10.5,34.03,2024.0,1
2024-01-06 19:00:00,140,25.94,79.88,,10.67,29.23,2024.0,1
2024-01-06 20:00:00,141,26.5,79.78,,6.66,27.3,2024.0,1
2024-01-06 21:00:00,142,26.59,79.72,,11.42,49.09,2024.0,1
2024-01-06 22:00:00,143,26.76,79.43,,9.45,47.71,2024.0,1
2024-01-06 23:00:00,144,26.83,78.91,,10.87,50.27,2024.0,1
2024-01-07 00:00:00,145,27.15,78.03,,8.51,46.87,2024.0,1
2024-01-07 01:00:00,146,27.09,78.02,,10.34,51.87,2024.0,1
2024-01-07 02:00:00,147,26.87,78.56,,9.39,55.47,2024.0,1
2024-01-07 03:00:00,148,26.93,78.49,,9.64,62.07,2024.0,1
2024-01-07 04:00:00,149,27.0,78.24,,7.42,75.73,2024.0,1
2024-01-07 05:00:00,150,26.93,78.37,,10.39,82.87,2024.0,1
2024-01-07 06:00:00,151,27.47,77.1,,7.2,89.2,2024.0,1
2024-01-07 07:00:00,152,30.45,67.09,,8.53,74.13,2024.0,1
2024-01-07 08:00:00,153,35.98,50.27,,6.74,67.93,2024.0,1
2024-01-07 09:00:00,154,37.63,43.15,,8.29,57.93,2024.0,1
2024-01-07 10:00:00,155,36.75,42.93,,7.95,35.4,2024.0,1
2024-01-07 11:00:00,156,35.31,48.39,,8.24,40.07,2024.0,1
2024-01-07 12:00:00,157,35.01,49.9,,6.64,46.47,2024.0,1
2024-01-07 13:00:00,158,35.07,50.65,,6.85,27.67,2024.0,1
2024-01-07 14:00:00,159,33.36,56.67,,9.78,21.4,2024.0,1
2024-01-07 15:00:00,160,31.39,59.99,,10.24,23.67,2024.0,1
2024-01-07 16:00:00,161,28.3,71.56,,9.2,31.73,2024.0,1
2024-01-07 17:00:00,162,26.79,78.23,,11.66,22.03,2024.0,1
2024-01-07 18:00:00,163,26.99,77.96,,9.23,27.67,2024.0,1
2024-01-07 19:00:00,164,26.87,78.55,,9.25,31.0,2024.0,1
2024-01-07 20:00:00,165,26.57,79.05,,11.36,30.5,2024.0,1
2024-01-07 21:00:00,166,26.62,78.07,,11.43,26.7,2024.0,1
2024-01-07 22:00:00,167,26.63,77.62,,8.29,29.07,2024.0,1
2024-01-07 23:00:00,168,26.51,78.06,,11.76,38.17,2024.0,1
2024-01-08 00:00:00,169,26.43,78.37,,6.91,43.33,2024.0,1
2024-01-08 01:00:00,170,26.61,77.88,,11.45,41.97,2024.0,1
2024-01-08 02:00:00,171,26.63,77.52,,9.93,52.97,2024.0,1
2024-01-08 03:00:00,172,26.45,77.87,,8.05,62.97,2024.0,1
2024-01-08 04:00:00,173,26.46,77.89,,7.95,63.0,2024.0,1
2024-01-08 05:00:00,174,26.48,77.76,,12.85,63.0,2024.0,1
2024-01-08 06:00:00,175,26.73,77.5,,9.91,63.0,2024.0,1
2024-01-08 07:00:00,176,29.27,68.3,,8.85,63.0,2024.0,1
2024-01-08 08:00:00,177,35.69,49.56,,7.2,63.0,2024.0,1
2024-01-08 09:00:00,178,38.75,36.07,,6.13,63.0,2024.0,1
2024-01-08 10:00:00,179,39.57,34.05,,8.11,63.0,2024.0,1
2024-01-08 11:00:00,180,41.01,30.77,,9.38,47.07,2024.0,1
2024-01-08 12:00:00,181,34.01,52.84,,8.9,37.33,2024.0,1
2024-01-08 13:00:00,182,30.6,64.37,,8.42,32.72,2024.0,1
2024-01-08 14:00:00,183,31.99,60.75,,9.29,39.87,2024.0,1
2024-01-08 15:00:00,184,34.31,52.79,,8.27,35.13,2024.0,1
2024-01-08 16:00:00,185,32.58,56.63,,9.26,26.0,2024.0,1
2024-01-08 17:00:00,186,29.36,66.37,,8.89,26.0,2024.0,1
2024-01-08 18:00:00,187,26.98,77.49,,9.21,26.0,2024.0,1
2024-01-08 19:00:00,188,27.73,76.62,,7.79,26.0,2024.0,1
2024-01-08 20:00:00,189,27.81,75.62,,8.15,26.0,2024.0,1
2024-01-08 21:00:00,190,27.66,76.58,,7.18,26.0,2024.0,1
2024-01-08 22:00:00,191,27.68,76.46,,10.23,26.0,2024.0,1
2024-01-08 23:00:00,192,27.59,77.1,,9.59,26.0,2024.0,1
2024-01-09 00:00:00,193,27.31,77.71,,8.69,105.33,2024.0,1
2024-01-09 01:00:00,194,27.11,78.45,,12.42,115.93,2024.0,1
2024-01-09 02:00:00,195,27.23,76.75,,13.12,86.6,2024.0,1
2024-01-09 03:00:00,196,27.01,76.13,,10.34,86.93,2024.0,1
2024-01-09 04:00:00,197,27.07,74.82,,11.19,61.13,2024.0,1
2024-01-09 05:00:00,198,26.96,77.3,,8.28,85.2,2024.0,1
2024-01-09 06:00:00,199,26.98,77.74,,9.27,102.72,2024.0,1
2024-01-09 07:00:00,200,28.92,70.92,,7.58,84.2,2024.0,1
2024-01-09 08:00:00,201,32.95,59.62,,8.11,81.0,2024.0,1
2024-01-09 09:00:00,202,38.47,39.41,,8.11,76.5,2024.0,1
2024-01-09 10:00:00,203,37.91,37.69,,7.02,28.9,2024.0,1
2024-01-09 11:00:00,204,37.18,38.21,,8.32,27.67,2024.0,1
2024-01-09 12:00:00,205,39.04,32.34,,6.89,17.37,2024.0,1
2024-01-09 13:00:00,206,37.94,41.97,,7.83,32.67,2024.0,1
2024-01-09 14:00:00,207,29.62,70.5,,8.6,42.0,2024.0,1
2024-01-09 15:00:00,208,29.41,70.79,,10.38,42.0,2024.0,1
2024-01-09 16:00:00,209,29.22,68.95,,11.09,43.8,2024.0,1
2024-01-09 17:00:00,210,28.09,71.2,,10.23,44.0,2024.0,1
2024-01-09 18:00:00,211,27.89,74.24,,8.41,44.0,2024.0,1
2024-01-09 19:00:00,212,27.63,77.32,,10.1,44.0,2024.0,1
2024-01-09 20:00:00,213,27.58,77.79,,11.32,44.0,2024.0,1
2024-01-09 21:00:00,214,27.52,77.77,,10.49,54.57,2024.0,1
2024-01-09 22:00:00,215,27.52,77.79,,10.4,57.8,2024.0,1
2024-01-09 23:00:00,216,27.45,77.82,,8.22,70.67,2024.0,1
2024-01-10 00:00:00,217,27.33,77.82,,11.11,78.6,2024.0,1
2024-01-10 01:00:00,218,27.49,77.25,,8.5,75.0,2024.0,1
2024-01-10 02:00:00,219,27.37,77.39,,10.39,75.0,2024.0,1
2024-01-10 03:00:00,220,27.29,78.22,,11.13,75.0,2024.0,1
2024-01-10 04:00:00,221,26.75,79.27,,10.56,76.53,2024.0,1
2024-01-10 05:00:00,222,26.79,78.63,,8.55,97.2,2024.0,1
2024-01-10 06:00:00,223,27.37,77.17,,7.65,96.73,2024.0,1
2024-01-10 07:00:00,224,30.04,68.27,,6.96,101.6,2024.0,1
2024-01-10 08:00:00,225,36.06,49.87,,6.74,104.25,2024.0,1
2024-01-10 09:00:00,226,37.61,42.53,,7.94,103.0,2024.0,1
2024-01-10 10:00:00,227,39.16,35.54,,8.25,92.24,2024.0,1
2024-01-10 11:00:00,228,40.28,33.95,,7.19,41.34,2024.0,1
2024-01-10 12:00:00,229,34.73,52.79,,6.45,63.07,2024.0,1
2024-01-10 13:00:00,230,27.45,76.9,,9.16,33.93,2024.0,1
2024-01-10 14:00:00,231,29.76,70.19,,8.59,89.03,2024.0,1
2024-01-10 15:00:00,232,30.79,64.65,,7.99,53.5,2024.0,1
2024-01-10 16:00:00,233,30.23,68.04,,7.68,70.33,2024.0,1
2024-01-10 17:00:00,234,27.72,76.28,,9.82,77.17,2024.0,1
2024-01-10 18:00:00,235,27.71,77.25,,9.75,65.0,2024.0,1
2024-01-10 19:00:00,236,27.76,78.04,,10.53,92.93,2024.0,1
2024-01-10 20:00:00,237,27.65,78.73,,9.51,129.2,2024.0,1
2024-01-10 21:00:00,238,27.77,78.49,,8.81,115.47,2024.0,1
2024-01-10 22:00:00,239,27.57,78.82,,8.99,108.5,2024.0,1
2024-01-10 23:00:00,240,27.6,78.15,,11.18,96.13,2024.0,1
2024-01-11 00:00:00,241,27.34,78.81,,9.52,96.0,2024.0,1
2024-01-11 01:00:00,242,27.15,79.25,,8.93,96.0,2024.0,1
2024-01-11 02:00:00,243,27.22,78.85,,10.49,96.0,2024.0,1
2024-01-11 03:00:00,244,26.91,79.21,,10.34,96.0,2024.0,1
2024-01-11 04:00:00,245,26.93,79.27,,8.39,111.2,2024.0,1
2024-01-11 05:00:00,246,26.78,79.25,,10.25,128.33,2024.0,1
2024-01-11 06:00:00,247,27.02,77.27,,11.19,99.2,2024.0,1
2024-01-11 07:00:00,248,27.99,71.59,,9.37,68.87,2024.0,1
2024-01-11 08:00:00,249,31.25,62.78,,8.86,93.6,2024.0,1
2024-01-11 09:00:00,250,34.72,51.61,,8.49,64.13,2024.0,1
2024-01-11 10:00:00,251,37.9,41.75,,8.53,58.47,2024.0,1
2024-01-11 11:00:00,252,41.81,31.17,,6.41,79.0,2024.0,1
2024-01-11 12:00:00,253,40.25,35.17,,6.46,79.0,2024.0,1
2024-01-11 13:00:00,254,35.71,47.32,,8.86,79.0,2024.0,1
2024-01-11 14:00:00,255,31.5,58.79,,8.59,79.0,2024.0,1
2024-01-11 15:00:00,256,28.71,70.76,,9.34,79.0,2024.0,1
2024-01-11 16:00:00,257,27.85,74.11,,8.9,72.27,2024.0,1
2024-01-11 17:00:00,258,26.59,79.15,,10.03,43.85,2024.0,1
2024-01-11 18:00:00,259,26.19,79.76,,8.84,23.73,2024.0,1
2024-01-11 19:00:00,260,26.03,79.48,,11.56,15.51,2024.0,1
2024-01-11 20:00:00,261,25.87,79.84,,9.56,9.79,2024.0,1
2024-01-11 21:00:00,262,26.18,78.92,,9.0,14.43,2024.0,1
2024-01-11 22:00:00,263,26.4,79.1,,11.15,14.43,2024.0,1
2024-01-11 23:00:00,264,26.4,79.06,,10.28,13.0,2024.0,1
2024-01-12 00:00:00,265,26.46,79.46,,11.62,34.77,2024.0,1
2024-01-12 01:00:00,266,26.5,79.37,,9.73,59.23,2024.0,1
2024-01-12 02:00:00,267,26.32,79.09,,10.35,58.73,2024.0,1
2024-01-12 03:00:00,268,26.0,78.92,,10.71,52.73,2024.0,1
2024-01-12 04:00:00,269,26.14,78.07,,12.04,44.17,2024.0,1
2024-01-12 05:00:00,270,25.77,78.03,,10.15,42.13,2024.0,1
2024-01-12 06:00:00,271,26.82,75.94,,10.38,62.87,2024.0,1
2024-01-12 07:00:00,272,32.23,60.05,,10.08,57.13,2024.0,1
2024-01-12 08:00:00,273,32.75,56.61,,8.04,76.63,2024.0,1
2024-01-12 09:00:00,274,31.59,54.9,,8.98,51.97,2024.0,1
2024-01-12 10:00:00,275,34.35,45.34,,6.7,28.8,2024.0,1
2024-01-12 11:00:00,276,37.54,32.94,,8.59,15.5,2024.0,1
2024-01-12 12:00:00,277,39.31,29.86,,7.13,14.47,2024.0,1
2024-01-12 13:00:00,278,40.83,27.1,,7.38,13.21,2024.0,1
2024-01-12 14:00:00,279,40.56,28.29,,6.48,14.13,2024.0,1
2024-01-12 15:00:00,280,37.67,37.31,,7.57,24.6,2024.0,1
2024-01-12 16:00:00,281,35.11,48.0,,9.91,32.53,2024.0,1
2024-01-12 17:00:00,282,33.14,52.14,,8.9,42.0,2024.0,1
2024-01-12 18:00:00,283,31.05,56.82,,7.77,42.0,2024.0,1
2024-01-12 19:00:00,284,30.32,59.99,,8.97,39.0,2024.0,1
2024-01-12 20:00:00,285,29.93,60.74,,9.28,40.4,2024.0,1
2024-01-12 21:00:00,286,29.59,61.45,,9.01,29.0,2024.0,1
2024-01-12 22:00:00,287,29.03,62.01,,8.72,28.73,2024.0,1
2024-01-12 23:00:00,288,28.64,61.57,,9.38,36.53,2024.0,1
2024-01-13 00:00:00,289,27.95,65.01,,11.48,41.0,2024.0,1
2024-01-13 01:00:00,290,27.05,69.51,,9.46,41.0,2024.0,1
2024-01-13 02:00:00,291,26.59,70.67,,10.12,90.93,2024.0,1
2024-01-13 03:00:00,292,26.44,70.35,,9.22,63.07,2024.0,1
2024-01-13 04:00:00,293,26.03,71.9,,8.88,72.33,2024.0,1
2024-01-13 05:00:00,294,25.49,73.96,,11.01,75.67,2024.0,1
2024-01-13 06:00:00,295,26.57,70.9,,10.66,109.6,2024.0,1
2024-01-13 07:00:00,296,30.42,59.33,,9.77,102.33,2024.0,1
2024-01-13 08:00:00,297,36.36,41.61,,7.92,83.97,2024.0,1
2024-01-13 09:00:00,298,35.32,43.94,,9.77,71.4,2024.0,1
2024-01-13 10:00:00,299,35.67,40.82,,9.19,36.72,2024.0,1
2024-01-13 11:00:00,300,38.08,33.52,,8.64,39.0,2024.0,1
2024-01-13 12:00:00,301,36.22,36.22,,8.52,38.1,2024.0,1
2024-01-13 13:00:00,302,38.09,33.07,,6.17,13.3,2024.0,1
2024-01-13 14:00:00,303,36.69,41.77,,8.25,20.77,2024.0,1
2024-01-13 15:00:00,304,27.06,76.46,,12.02,23.81,2024.0,1
2024-01-13 16:00:00,305,25.97,79.84,,8.68,15.48,2024.0,1
2024-01-13 17:00:00,306,27.15,77.3,,10.95,59.07,2024.0,1
2024-01-13 18:00:00,307,27.39,76.8,,8.09,76.13,2024.0,1
2024-01-13 19:00:00,308,27.56,77.12,,11.3,59.13,2024.0,1
2024-01-13 20:00:00,309,27.35,77.76,,11.01,58.0,2024.0,1
2024-01-13 21:00:00,310,27.53,77.57,,12.59,58.0,2024.0,1
2024-01-13 22:00:00,311,27.29,78.33,,12.16,58.0,2024.0,1
2024-01-13 23:00:00,312,27.2,78.59,,9.48,58.0,2024.0,1
2024-01-14 00:00:00,313,26.92,78.84,,7.88,105.47,2024.0,1
2024-01-14 01:00:00,314,26.53,79.06,,11.3,102.17,2024.0,1
2024-01-14 02:00:00,315,26.46,78.77,,12.59,122.57,2024.0,1
2024-01-14 03:00:00,316,26.29,78.64,,10.77,120.41,2024.0,1
2024-01-14 04:00:00,317,26.24,77.95,,10.53,108.13,2024.0,1
2024-01-14 05:00:00,318,25.61,76.78,,12.22,75.93,2024.0,1
2024-01-14 06:00:00,319,26.59,73.39,,10.43,67.47,2024.0,1
2024-01-14 07:00:00,320,30.19,62.31,,9.43,65.33,2024.0,1
2024-01-14 08:00:00,321,35.98,45.07,,9.98,73.0,2024.0,1
2024-01-14 09:00:00,322,36.55,37.01,,8.13,73.0,2024.0,1
2024-01-14 10:00:00,323,37.58,33.55,,7.39,73.0,2024.0,1
2024-01-14 11:00:00,324,37.59,30.95,,9.19,29.27,2024.0,1
2024-01-14 12:00:00,325,40.26,26.13,,7.73,8.93,2024.0,1
2024-01-14 13:00:00,326,38.15,36.6,,8.34,34.4,2024.0,1
2024-01-14 14:00:00,327,37.12,36.79,,8.4,35.0,2024.0,1
2024-01-14 15:00:00,328,32.45,53.51,,10.1,35.0,2024.0,1
2024-01-14 16:00:00,329,28.53,69.01,,8.28,38.47,2024.0,1
2024-01-14 17:00:00,330,29.19,65.17,,8.81,37.0,2024.0,1
2024-01-14 18:00:00,331,29.25,69.0,,7.94,41.0,2024.0,1
2024-01-14 19:00:00,332,29.08,69.3,,8.71,94.4,2024.0,1
2024-01-14 20:00:00,333,28.73,72.52,,9.18,117.53,2024.0,1
2024-01-14 21:00:00,334,28.41,71.81,,9.3,127.6,2024.0,1
2024-01-14 22:00:00,335,28.31,72.0,,10.12,119.45,2024.0,1
2024-01-14 23:00:00,336,28.1,73.37,,8.77,92.03,2024.0,1
2024-01-15 00:00:00,337,28.09,73.82,,9.19,88.87,2024.0,1
2024-01-15 01:00:00,338,28.02,73.43,,8.99,87.0,2024.0,1
2024-01-15 02:00:00,339,27.86,73.91,,9.63,96.37,2024.0,1
2024-01-15 03:00:00,340,27.61,73.17,,10.45,91.3,2024.0,1
2024-01-15 04:00:00,341,27.18,75.71,,8.96,97.97,2024.0,1
2024-01-15 05:00:00,342,26.61,78.18,,9.93,103.77,2024.0,1
2024-01-15 06:00:00,343,27.76,74.59,,8.9,101.0,2024.0,1
2024-01-15 07:00:00,344,32.33,59.97,,8.55,101.0,2024.0,1
2024-01-15 08:00:00,345,35.37,49.58,,8.69,101.0,2024.0,1
2024-01-15 09:00:00,346,37.24,43.55,,8.36,101.0,2024.0,1
2024-01-15 10:00:00,347,38.18,38.47,,7.22,101.0,2024.0,1
2024-01-15 11:00:00,348,40.33,31.41,,5.92,101.0,2024.0,1
2024-01-15 12:00:00,349,39.28,33.14,,6.79,101.0,2024.0,1
2024-01-15 13:00:00,350,38.79,33.68,,8.18,47.23,2024.0,1
2024-01-15 14:00:00,351,37.94,36.48,,10.3,17.7,2024.0,1
2024-01-15 15:00:00,352,33.74,52.12,,10.18,29.2,2024.0,1
2024-01-15 16:00:00,353,29.52,68.43,,8.86,27.0,2024.0,1
2024-01-15 17:00:00,354,27.7,73.96,,10.6,27.0,2024.0,1
2024-01-15 18:00:00,355,27.9,75.47,,8.49,27.0,2024.0,1
2024-01-15 19:00:00,356,28.47,73.43,,7.27,66.41,2024.0,1
2024-01-15 20:00:00,357,28.65,72.47,,9.65,66.27,2024.0,1
2024-01-15 21:00:00,358,28.65,72.25,,8.44,71.47,2024.0,1
2024-01-15 22:00:00,359,28.12,74.39,,11.38,72.0,2024.0,1
2024-01-15 23:00:00,360,27.95,75.31,,8.8,72.0,2024.0,1
2024-01-16 00:00:00,361,27.51,76.29,,7.26,72.0,2024.0,1
2024-01-16 01:00:00,362,26.89,76.34,,8.26,72.0,2024.0,1
2024-01-16 02:00:00,363,26.29,75.75,,11.96,72.0,2024.0,1
2024-01-16 03:00:00,364,25.95,77.19,,6.02,72.0,2024.0,1
2024-01-16 04:00:00,365,25.47,74.39,,8.49,72.0,2024.0,1
2024-01-16 05:00:00,366,25.06,74.23,,7.4,63.72,2024.0,1
2024-01-16 06:00:00,367,27.99,67.44,,9.65,80.79,2024.0,1
2024-01-16 07:00:00,368,36.93,40.09,,7.07,49.93,2024.0,1
2024-01-16 08:00:00,369,39.41,33.25,,8.39,61.73,2024.0,1
2024-01-16 09:00:00,370,40.72,31.35,,7.13,52.87,2024.0,1
2024-01-16 10:00:00,371,38.73,35.73,,8.13,36.1,2024.0,1
2024-01-16 11:00:00,372,39.05,34.37,,6.6,18.73,2024.0,1
2024-01-16 12:00:00,373,37.84,38.23,,6.86,10.31,2024.0,1
2024-01-16 13:00:00,374,36.23,44.26,,7.05,13.0,2024.0,1
2024-01-16 14:00:00,375,33.46,52.57,,8.71,17.21,2024.0,1
2024-01-16 15:00:00,376,31.81,54.5,,7.85,18.23,2024.0,1
2024-01-16 16:00:00,377,32.13,54.84,,9.73,22.6,2024.0,1
2024-01-16 17:00:00,378,30.2,63.94,,8.38,14.87,2024.0,1
2024-01-16 18:00:00,379,28.44,69.48,,11.12,24.2,2024.0,1
2024-01-16 19:00:00,380,28.9,69.59,,9.22,28.67,2024.0,1
2024-01-16 20:00:00,381,28.41,70.82,,10.35,38.67,2024.0,1
2024-01-16 21:00:00,382,28.21,72.9,,10.08,52.0,2024.0,1
2024-01-16 22:00:00,383,28.44,71.6,,9.4,91.13,2024.0,1
2024-01-16 23:00:00,384,28.05,71.63,,8.14,110.0,2024.0,1
2024-01-17 00:00:00,385,27.9,72.99,,10.44,,2024.0,1
2024-01-17 01:00:00,386,27.28,74.45,,10.48,102.97,2024.0,1
2024-01-17 02:00:00,387,27.06,74.54,,9.29,110.0,2024.0,1
2024-01-17 03:00:00,388,26.71,75.4,,10.98,110.0,2024.0,1
2024-01-17 04:00:00,389,26.44,76.59,,8.71,110.0,2024.0,1
2024-01-17 05:00:00,390,26.23,75.44,,9.4,110.0,2024.0,1
2024-01-17 06:00:00,391,28.07,69.24,,8.95,110.0,2024.0,1
2024-01-17 07:00:00,392,32.37,56.23,,8.84,110.0,2024.0,1
2024-01-17 08:00:00,393,35.07,48.91,,7.88,110.0,2024.0,1
2024-01-17 09:00:00,394,35.88,44.71,,9.06,85.03,2024.0,1
2024-01-17 10:00:00,395,35.7,45.27,,9.26,18.2,2024.0,1
2024-01-17 11:00:00,396,34.66,48.61,,8.99,22.0,2024.0,1
2024-01-17 12:00:00,397,34.77,48.6,,8.4,15.17,2024.0,1
2024-01-17 13:00:00,398,35.06,47.26,,6.64,11.47,2024.0,1
2024-01-17 14:00:00,399,33.1,53.09,,8.7,12.67,2024.0,1
2024-01-17 15:00:00,400,32.01,54.21,,7.67,11.0,2024.0,1
2024-01-17 16:00:00,401,32.41,52.33,,8.21,11.0,2024.0,1
2024-01-17 17:00:00,402,30.89,56.11,,9.76,18.14,2024.0,1
2024-01-17 18:00:00,403,28.93,64.77,,9.95,41.93,2024.0,1
2024-01-17 19:00:00,404,28.31,66.27,,10.47,41.0,2024.0,1
2024-01-17 20:00:00,405,27.99,67.7,,9.73,41.0,2024.0,1
2024-01-17 21:00:00,406,27.43,72.65,,11.15,41.0,2024.0,1
2024-01-17 22:00:00,407,26.71,77.69,,10.69,41.0,2024.0,1
2024-01-17 23:00:00,408,26.95,77.23,,11.57,37.47,2024.0,1
2024-01-18 00:00:00,409,26.55,78.03,,10.65,37.13,2024.0,1
2024-01-18 01:00:00,410,26.52,77.95,,9.36,29.47,2024.0,1
2024-01-18 02:00:00,411,26.31,77.81,,8.79,25.33,2024.0,1
2024-01-18 03:00:00,412,26.43,78.31,,12.64,51.33,2024.0,1
2024-01-18 04:00:00,413,26.43,78.2,,10.66,54.0,2024.0,1
2024-01-18 05:00:00,414,26.27,77.69,,10.21,54.0,2024.0,1
2024-01-18 06:00:00,415,27.16,73.79,,9.83,54.0,2024.0,1
2024-01-18 07:00:00,416,29.61,65.82,,10.24,54.0,2024.0,1
2024-01-18 08:00:00,417,33.78,51.18,,7.89,54.0,2024.0,1
2024-01-18 09:00:00,418,31.32,60.91,,9.2,54.0,2024.0,1
2024-01-18 10:00:00,419,31.19,63.38,,11.0,54.0,2024.0,1
2024-01-18 11:00:00,420,34.13,54.19,,8.16,54.0,2024.0,1
2024-01-18 12:00:00,421,35.09,49.11,,7.33,54.0,2024.0,1
2024-01-18 13:00:00,422,34.59,49.74,,6.73,54.0,2024.0,1
2024-01-18 14:00:00,423,35.91,42.81,,7.39,54.0,2024.0,1
2024-01-18 15:00:00,424,33.92,49.13,,9.74,54.0,2024.0,1
2024-01-18 16:00:00,425,32.19,54.15,,7.97,50.77,2024.0,1
2024-01-18 17:00:00,426,31.73,55.76,,8.73,36.3,2024.0,1
2024-01-18 18:00:00,427,30.1,61.62,,8.42,34.77,2024.0,1
2024-01-18 19:00:00,428,29.37,64.17,,7.32,40.83,2024.0,1
2024-01-18 20:00:00,429,29.05,65.9,,10.58,50.0,2024.0,1
2024-01-18 21:00:00,430,28.05,68.67,,9.85,50.0,2024.0,1
2024-01-18 22:00:00,431,27.11,73.32,,8.87,50.0,2024.0,1
2024-01-18 23:00:00,432,26.1,77.38,,9.54,50.0,2024.0,1
2024-01-19 00:00:00,433,25.85,77.99,,8.2,50.0,2024.0,1
2024-01-19 01:00:00,434,25.83,77.63,,10.71,40.67,2024.0,1
2024-01-19 02:00:00,435,25.93,77.25,,10.74,36.0,2024.0,1
2024-01-19 03:00:00,436,25.78,76.31,,10.19,22.8,2024.0,1
2024-01-19 04:00:00,437,24.96,79.02,,11.28,23.09,2024.0,1
2024-01-19 05:00:00,438,25.18,79.38,,7.88,23.57,2024.0,1
2024-01-19 06:00:00,439,25.88,78.07,,6.88,42.93,2024.0,1
2024-01-19 07:00:00,440,26.49,77.45,,11.89,53.13,2024.0,1
2024-01-19 08:00:00,441,27.72,72.38,,10.17,41.67,2024.0,1
2024-01-19 09:00:00,442,30.2,64.11,,8.8,18.53,2024.0,1
2024-01-19 10:00:00,443,31.59,58.72,,10.59,19.0,2024.0,1
2024-01-19 11:00:00,444,33.83,52.24,,9.46,19.0,2024.0,1
2024-01-19 12:00:00,445,34.41,48.66,,8.89,19.0,2024.0,1
2024-01-19 13:00:00,446,33.28,51.42,,6.98,11.4,2024.0,1
2024-01-19 14:00:00,447,30.87,60.22,,8.01,9.93,2024.0,1
2024-01-19 15:00:00,448,30.53,61.67,,9.36,11.07,2024.0,1
2024-01-19 16:00:00,449,27.8,71.53,,8.96,11.87,2024.0,1
2024-01-19 17:00:00,450,25.25,78.69,,9.72,15.67,2024.0,1
2024-01-19 18:00:00,451,25.75,74.41,,10.91,14.53,2024.0,1
2024-01-19 19:00:00,452,26.31,70.62,,11.33,14.0,2024.0,1
2024-01-19 20:00:00,453,26.2,71.37,,10.54,14.0,2024.0,1
2024-01-19 21:00:00,454,26.24,70.38,,9.04,16.2,2024.0,1
2024-01-19 22:00:00,455,26.67,68.48,,9.68,18.0,2024.0,1
2024-01-19 23:00:00,456,26.29,69.98,,9.35,18.0,2024.0,1
2024-01-20 00:00:00,457,26.28,69.03,,6.98,18.0,2024.0,1
2024-01-20 01:00:00,458,26.2,66.5,,9.1,18.0,2024.0,1
2024-01-20 02:00:00,459,26.17,65.5,,9.78,40.0,2024.0,1
2024-01-20 03:00:00,460,26.05,67.56,,9.02,46.77,2024.0,1
2024-01-20 04:00:00,461,26.04,66.6,,9.64,35.6,2024.0,1
2024-01-20 05:00:00,462,26.12,64.93,,8.52,33.6,2024.0,1
2024-01-20 06:00:00,463,28.64,56.88,,7.95,26.33,2024.0,1
2024-01-20 07:00:00,464,34.63,42.61,,7.78,28.53,2024.0,1
2024-01-20 08:00:00,465,33.74,46.64,,8.34,43.0,2024.0,1
2024-01-20 09:00:00,466,32.88,47.52,,8.35,43.0,2024.0,1
2024-01-20 10:00:00,467,31.26,53.97,,8.29,37.47,2024.0,1
2024-01-20 11:00:00,468,33.62,50.96,,8.19,16.6,2024.0,1
2024-01-20 12:00:00,469,34.77,47.44,,7.96,14.2,2024.0,1
2024-01-20 13:00:00,470,35.94,42.0,,7.84,13.0,2024.0,1
2024-01-20 14:00:00,471,34.74,43.97,,8.52,13.0,2024.0,1
2024-01-20 15:00:00,472,35.13,39.17,,9.46,10.13,2024.0,1
2024-01-20 16:00:00,473,36.71,34.43,,7.06,5.0,2024.0,1
2024-01-20 17:00:00,474,34.51,37.93,,8.15,5.0,2024.0,1
2024-01-20 18:00:00,475,30.5,49.62,,9.23,5.0,2024.0,1
2024-01-20 19:00:00,476,28.98,55.35,,8.81,5.0,2024.0,1
2024-01-20 20:00:00,477,28.25,58.5,,6.76,5.0,2024.0,1
2024-01-20 21:00:00,478,27.78,60.1,,8.78,5.0,2024.0,1
2024-01-20 22:00:00,479,27.28,58.83,,9.59,30.73,2024.0,1
2024-01-20 23:00:00,480,26.64,63.67,,8.28,53.33,2024.0,1
2024-01-21 00:00:00,481,26.29,64.11,,8.89,32.33,2024.0,1
2024-01-21 01:00:00,482,26.07,63.44,,9.72,39.8,2024.0,1
2024-01-21 02:00:00,483,25.69,65.73,,9.3,38.0,2024.0,1
2024-01-21 03:00:00,484,25.71,66.48,,8.3,19.4,2024.0,1
2024-01-21 04:00:00,485,25.28,68.56,,9.09,26.07,2024.0,1
2024-01-21 05:00:00,486,25.61,68.67,,9.51,19.47,2024.0,1
2024-01-21 06:00:00,487,27.51,64.07,,9.6,15.87,2024.0,1
2024-01-21 07:00:00,488,30.41,57.83,,10.08,17.33,2024.0,1
2024-01-21 08:00:00,489,35.85,41.91,,5.63,14.0,2024.0,1
2024-01-21 09:00:00,490,35.85,42.7,,9.96,11.41,2024.0,1
2024-01-21 10:00:00,491,29.03,67.83,,8.6,12.47,2024.0,1
2024-01-21 11:00:00,492,30.58,63.24,,8.66,7.9,2024.0,1
2024-01-21 12:00:00,493,34.99,53.32,,7.95,7.27,2024.0,1
2024-01-21 13:00:00,494,38.33,39.2,,8.78,6.0,2024.0,1
2024-01-21 14:00:00,495,36.43,43.97,,7.26,4.83,2024.0,1
2024-01-21 15:00:00,496,37.82,40.91,,8.89,7.0,2024.0,1
2024-01-21 16:00:00,497,37.64,39.96,,8.37,7.0,2024.0,1
2024-01-21 17:00:00,498,32.09,54.98,,8.07,7.0,2024.0,1
2024-01-21 18:00:00,499,29.01,65.09,,8.5,21.73,2024.0,1
2024-01-21 19:00:00,500,27.97,68.01,,10.82,19.33,2024.0,1
2024-01-21 20:00:00,501,27.9,67.81,,9.8,18.47,2024.0,1
2024-01-21 21:00:00,502,27.55,68.71,,10.67,21.83,2024.0,1
2024-01-21 22:00:00,503,27.18,69.28,,9.7,22.0,2024.0,1
2024-01-21 23:00:00,504,27.06,68.54,,8.9,22.0,2024.0,1
2024-01-22 00:00:00,505,26.92,67.81,,9.34,22.0,2024.0,1
2024-01-22 01:00:00,506,27.3,68.4,,10.47,22.0,2024.0,1
2024-01-22 02:00:00,507,26.98,70.76,,9.37,22.0,2024.0,1
2024-01-22 03:00:00,508,26.78,71.89,,7.8,22.0,2024.0,1
2024-01-22 04:00:00,509,26.72,71.52,,8.69,22.0,2024.0,1
2024-01-22 05:00:00,510,26.76,72.85,,9.58,22.0,2024.0,1
2024-01-22 06:00:00,511,26.94,74.68,,10.41,22.0,2024.0,1
2024-01-22 07:00:00,512,27.57,72.22,,11.71,20.8,2024.0,1
2024-01-22 08:00:00,513,28.15,72.43,,9.11,32.6,2024.0,1
2024-01-22 09:00:00,514,30.95,63.93,,8.9,26.67,2024.0,1
2024-01-22 10:00:00,515,35.02,51.31,,9.04,12.97,2024.0,1
2024-01-22 11:00:00,516,36.41,45.66,,8.2,14.47,2024.0,1
2024-01-22 12:00:00,517,37.11,40.85,,6.6,7.13,2024.0,1
2024-01-22 13:00:00,518,35.38,46.8,,8.42,11.93,2024.0,1
2024-01-22 14:00:00,519,33.81,49.67,,7.26,13.93,2024.0,1
2024-01-22 15:00:00,520,33.5,48.89,,7.17,14.93,2024.0,1
2024-01-22 16:00:00,521,32.36,51.1,,7.56,34.28,2024.0,1
2024-01-22 17:00:00,522,30.96,53.39,,7.71,18.0,2024.0,1
2024-01-22 18:00:00,523,29.58,56.47,,8.21,18.0,2024.0,1
2024-01-22 19:00:00,524,28.69,60.18,,9.47,18.0,2024.0,1
2024-01-22 20:00:00,525,27.98,63.13,,9.67,18.0,2024.0,1
2024-01-22 21:00:00,526,27.69,63.94,,7.45,50.33,2024.0,1
2024-01-22 22:00:00,527,27.13,66.38,,9.6,38.67,2024.0,1
2024-01-22 23:00:00,528,26.65,68.05,,9.79,30.8,2024.0,1
2024-01-23 00:00:00,529,26.57,67.48,,10.18,28.14,2024.0,1
2024-01-23 01:00:00,530,26.75,68.28,,9.38,25.97,2024.0,1
2024-01-23 02:00:00,531,26.55,70.44,,10.93,20.73,2024.0,1
2024-01-23 03:00:00,532,26.62,71.21,,12.04,19.0,2024.0,1
2024-01-23 04:00:00,533,26.98,70.24,,9.1,23.4,2024.0,1
2024-01-23 05:00:00,534,26.4,71.93,,8.22,50.83,2024.0,1
2024-01-23 06:00:00,535,26.92,71.31,,8.56,81.37,2024.0,1
2024-01-23 07:00:00,536,28.84,67.42,,8.67,77.17,2024.0,1
2024-01-23 08:00:00,537,28.21,72.82,,10.68,83.37,2024.0,1
2024-01-23 09:00:00,538,32.25,60.7,,7.55,38.67,2024.0,1
2024-01-23 10:00:00,539,33.04,56.56,,8.91,35.5,2024.0,1
2024-01-23 11:00:00,540,31.84,61.6,,9.07,33.37,2024.0,1
2024-01-23 12:00:00,541,32.95,58.07,,7.5,28.9,2024.0,1
2024-01-23 13:00:00,542,37.2,43.43,,8.98,28.0,2024.0,1
2024-01-23 14:00:00,543,34.73,48.88,,7.29,28.0,2024.0,1
2024-01-23 15:00:00,544,33.93,49.67,,8.57,28.0,2024.0,1
2024-01-23 16:00:00,545,32.61,51.82,,7.18,12.27,2024.0,1
2024-01-23 17:00:00,546,31.38,54.0,,6.69,10.3,2024.0,1
2024-01-23 18:00:00,547,30.49,59.85,,9.44,34.03,2024.0,1
2024-01-23 19:00:00,548,29.25,62.18,,11.38,24.0,2024.0,1
2024-01-23 20:00:00,549,28.93,62.44,,8.5,49.2,2024.0,1
2024-01-23 21:00:00,550,28.34,64.98,,9.27,60.6,2024.0,1
2024-01-23 22:00:00,551,27.61,69.35,,9.83,71.53,2024.0,1
2024-01-23 23:00:00,552,27.0,69.39,,10.86,31.93,2024.0,1
2024-01-24 00:00:00,553,27.03,70.49,,10.13,68.6,2024.0,1
2024-01-24 01:00:00,554,26.63,71.08,,9.76,66.8,2024.0,1
2024-01-24 02:00:00,555,26.45,71.65,,9.25,62.33,2024.0,1
2024-01-24 03:00:00,556,26.05,72.3,,10.38,50.8,2024.0,1
2024-01-24 04:00:00,557,25.73,74.2,,10.31,55.53,2024.0,1
2024-01-24 05:00:00,558,25.48,75.67,,8.77,61.07,2024.0,1
2024-01-24 06:00:00,559,26.71,71.28,,11.18,73.27,2024.0,1
2024-01-24 07:00:00,560,27.89,67.01,,9.1,100.07,2024.0,1
2024-01-24 08:00:00,561,30.35,60.35,,10.76,62.13,2024.0,1
2024-01-24 09:00:00,562,35.87,47.13,,9.66,82.07,2024.0,1
2024-01-24 10:00:00,563,33.55,55.11,,9.78,85.0,2024.0,1
2024-01-24 11:00:00,564,34.13,53.23,,9.47,85.0,2024.0,1
2024-01-24 12:00:00,565,32.83,57.24,,7.29,69.47,2024.0,1
2024-01-24 13:00:00,566,34.45,51.09,,7.72,14.47,2024.0,1
2024-01-24 14:00:00,567,35.71,47.84,,7.77,29.0,2024.0,1
2024-01-24 15:00:00,568,33.82,54.22,,7.26,27.2,2024.0,1
2024-01-24 16:00:00,569,34.05,52.94,,8.95,32.83,2024.0,1
2024-01-24 17:00:00,570,32.51,53.5,,7.45,26.0,2024.0,1
2024-01-24 18:00:00,571,30.06,58.64,,8.9,26.57,2024.0,1
2024-01-24 19:00:00,572,29.11,62.65,,8.9,32.8,2024.0,1
2024-01-24 20:00:00,573,29.08,61.72,,9.09,43.47,2024.0,1
2024-01-24 21:00:00,574,28.83,63.64,,10.98,93.77,2024.0,1
2024-01-24 22:00:00,575,28.33,67.55,,8.93,98.63,2024.0,1
2024-01-24 23:00:00,576,27.84,69.8,,8.15,,2024.0,1
2024-01-25 00:00:00,577,27.03,69.68,,8.47,118.34,2024.0,1
2024-01-25 01:00:00,578,26.65,70.71,,11.06,94.0,2024.0,1
2024-01-25 02:00:00,579,26.34,70.3,,8.93,93.13,2024.0,1
2024-01-25 03:00:00,580,25.7,72.02,,11.28,77.67,2024.0,1
2024-01-25 04:00:00,581,25.42,71.28,,9.07,61.47,2024.0,1
2024-01-25 05:00:00,582,25.37,71.33,,10.58,49.37,2024.0,1
2024-01-25 06:00:00,583,27.75,65.95,,9.4,81.53,2024.0,1
2024-01-25 07:00:00,584,31.76,55.13,,8.31,109.53,2024.0,1
2024-01-25 08:00:00,585,35.2,46.63,,9.11,91.6,2024.0,1
2024-01-25 09:00:00,586,37.96,36.06,,8.58,85.0,2024.0,1
2024-01-25 10:00:00,587,40.59,29.63,,8.09,62.73,2024.0,1
2024-01-25 11:00:00,588,38.69,31.56,,8.89,15.73,2024.0,1
2024-01-25 12:00:00,589,38.66,33.47,,7.13,14.2,2024.0,1
2024-01-25 13:00:00,590,37.99,34.88,,8.2,13.87,2024.0,1
2024-01-25 14:00:00,591,34.28,48.6,,7.38,15.8,2024.0,1
2024-01-25 15:00:00,592,31.81,56.99,,7.96,24.4,2024.0,1
2024-01-25 16:00:00,593,32.68,55.59,,8.74,28.6,2024.0,1
2024-01-25 17:00:00,594,31.45,57.89,,6.67,35.07,2024.0,1
2024-01-25 18:00:00,595,29.97,63.97,,9.34,37.6,2024.0,1
2024-01-25 19:00:00,596,28.87,68.94,,8.03,40.0,2024.0,1
2024-01-25 20:00:00,597,27.95,70.77,,8.66,40.0,2024.0,1
2024-01-25 21:00:00,598,28.44,68.62,,9.28,29.93,2024.0,1
2024-01-25 22:00:00,599,28.62,68.71,,7.58,68.33,2024.0,1
2024-01-25 23:00:00,600,27.95,71.04,,9.9,60.0,2024.0,1
2024-01-26 00:00:00,601,27.81,67.53,,9.45,72.27,2024.0,1
2024-01-26 01:00:00,602,27.21,64.33,,9.24,74.0,2024.0,1
2024-01-26 02:00:00,603,26.53,66.4,,9.48,74.0,2024.0,1
2024-01-26 03:00:00,604,26.1,69.35,,10.46,60.4,2024.0,1
2024-01-26 04:00:00,605,25.57,67.84,,9.6,37.03,2024.0,1
2024-01-26 05:00:00,606,25.1,70.58,,8.5,64.79,2024.0,1
2024-01-26 06:00:00,607,27.17,64.89,,6.15,65.07,2024.0,1
2024-01-26 07:00:00,608,35.29,43.74,,7.42,87.3,2024.0,1
2024-01-26 08:00:00,609,39.79,32.84,,7.16,66.9,2024.0,1
2024-01-26 09:00:00,610,38.75,34.67,,7.67,63.0,2024.0,1
2024-01-26 10:00:00,611,38.36,34.38,,9.43,28.47,2024.0,1
2024-01-26 11:00:00,612,37.12,37.24,,7.99,29.87,2024.0,1
2024-01-26 12:00:00,613,37.87,35.64,,5.39,21.33,2024.0,1
2024-01-26 13:00:00,614,37.02,41.51,,8.3,25.38,2024.0,1
2024-01-26 14:00:00,615,37.33,38.06,,7.82,31.7,2024.0,1
2024-01-26 15:00:00,616,34.33,50.97,,8.92,49.93,2024.0,1
2024-01-26 16:00:00,617,32.16,57.78,,9.58,99.93,2024.0,1
2024-01-26 17:00:00,618,29.17,63.32,,9.95,103.0,2024.0,1
2024-01-26 18:00:00,619,28.89,64.49,,9.19,84.87,2024.0,1
2024-01-26 21:00:00,622,27.79,72.56,,8.42,59.2,2024.0,1
2024-01-26 22:00:00,623,28.06,71.81,,9.13,63.4,2024.0,1
2024-01-26 23:00:00,624,28.02,72.21,,9.28,61.93,2024.0,1
2024-01-27 00:00:00,625,28.09,72.23,,10.71,62.0,2024.0,1
2024-01-27 01:00:00,626,27.91,72.87,,9.26,62.0,2024.0,1
2024-01-27 02:00:00,627,27.69,74.45,,9.64,62.0,2024.0,1
2024-01-27 03:00:00,628,26.85,78.37,,11.19,62.0,2024.0,1
2024-01-27 04:00:00,629,26.79,78.37,,10.09,59.93,2024.0,1
2024-01-27 05:00:00,630,26.75,77.78,,10.09,62.53,2024.0,1
2024-01-27 06:00:00,631,27.71,74.97,,9.26,75.67,2024.0,1
2024-01-27 07:00:00,632,30.3,64.73,,9.71,55.47,2024.0,1
2024-01-27 08:00:00,633,33.21,55.15,,8.59,56.67,2024.0,1
2024-01-27 09:00:00,634,36.05,46.09,,9.82,40.4,2024.0,1
2024-01-27 10:00:00,635,34.49,50.63,,8.47,30.47,2024.0,1
2024-01-27 11:00:00,636,36.28,45.13,,7.36,35.24,2024.0,1
2024-01-27 12:00:00,637,36.23,45.71,,7.03,48.0,2024.0,1
2024-01-27 13:00:00,638,34.61,51.07,,9.76,48.0,2024.0,1
2024-01-27 14:00:00,639,33.25,54.01,,7.36,44.73,2024.0,1
2024-01-27 15:00:00,640,31.54,57.87,,9.12,27.47,2024.0,1
2024-01-27 16:00:00,641,31.39,56.95,,10.27,28.6,2024.0,1
2024-01-27 17:00:00,642,31.17,57.21,,8.16,17.2,2024.0,1
2024-01-27 18:00:00,643,29.28,63.87,,12.34,29.4,2024.0,1
2024-01-27 19:00:00,644,28.91,65.96,,10.52,40.57,2024.0,1
2024-01-27 20:00:00,645,28.49,68.37,,11.7,58.28,2024.0,1
2024-01-27 21:00:00,646,28.11,68.64,,10.29,37.6,2024.0,1
2024-01-27 22:00:00,647,28.13,68.71,,8.85,37.0,2024.0,1
2024-01-27 23:00:00,648,27.96,69.11,,11.2,37.43,2024.0,1
2024-01-28 00:00:00,649,28.02,68.84,,9.96,37.83,2024.0,1
2024-01-28 01:00:00,650,28.08,68.97,,9.84,33.6,2024.0,1
2024-01-28 02:00:00,651,28.02,69.14,,10.85,31.47,2024.0,1
2024-01-28 03:00:00,652,27.84,69.48,,8.34,23.9,2024.0,1
2024-01-28 04:00:00,653,27.72,70.57,,7.94,25.27,2024.0,1
2024-01-28 05:00:00,654,27.57,71.04,,8.66,23.4,2024.0,1
2024-01-28 06:00:00,655,27.59,70.82,,10.35,34.77,2024.0,1
2024-01-28 07:00:00,656,28.67,66.91,,8.31,25.7,2024.0,1
2024-01-28 08:00:00,657,29.51,64.05,,8.03,26.0,2024.0,1
2024-01-28 09:00:00,658,33.67,52.91,,8.39,24.57,2024.0,1
2024-01-28 10:00:00,659,33.72,52.68,,7.4,31.7,2024.0,1
2024-01-28 11:00:00,660,33.64,52.25,,9.27,31.5,2024.0,1
2024-01-28 12:00:00,661,34.36,50.02,,11.24,30.0,2024.0,1
2024-01-28 13:00:00,662,33.77,51.67,,8.67,35.33,2024.0,1
2024-01-28 14:00:00,663,32.71,55.74,,8.28,36.48,2024.0,1
2024-01-28 15:00:00,664,32.14,58.35,,7.87,35.2,2024.0,1
2024-01-28 16:00:00,665,32.58,56.4,,8.07,36.33,2024.0,1
2024-01-28 17:00:00,666,31.35,58.2,,8.56,37.07,2024.0,1
2024-01-28 18:00:00,667,29.53,64.85,,8.47,63.47,2024.0,1
2024-01-28 19:00:00,668,28.7,67.89,,7.05,48.13,2024.0,1
2024-01-28 20:00:00,669,28.52,68.83,,9.41,57.53,2024.0,1
2024-01-28 21:00:00,670,28.37,69.16,,10.99,51.13,2024.0,1
2024-01-28 22:00:00,671,28.37,70.0,,9.25,55.0,2024.0,1
2024-01-28 23:00:00,672,28.07,72.05,,9.51,55.0,2024.0,1
2024-01-29 00:00:00,673,27.83,72.35,,8.03,49.93,2024.0,1
2024-01-29 01:00:00,674,27.57,73.92,,8.98,56.6,2024.0,1
2024-01-29 02:00:00,675,27.34,73.9,,11.64,62.0,2024.0,1
2024-01-29 03:00:00,676,27.01,72.77,,10.05,62.0,2024.0,1
2024-01-29 04:00:00,677,26.91,73.27,,9.19,62.0,2024.0,1
2024-01-29 05:00:00,678,26.61,76.03,,9.45,62.0,2024.0,1
2024-01-29 06:00:00,679,27.52,73.27,,9.37,62.0,2024.0,1
2024-01-29 07:00:00,680,32.41,58.05,,8.19,62.0,2024.0,1
2024-01-29 08:00:00,681,36.5,43.75,,9.24,62.0,2024.0,1
2024-01-29 09:00:00,682,32.23,54.71,,9.76,62.0,2024.0,1
2024-01-29 10:00:00,683,33.32,52.51,,9.16,62.0,2024.0,1
2024-01-29 11:00:00,684,31.91,57.13,,8.41,60.68,2024.0,1
2024-01-29 12:00:00,685,32.01,56.32,,8.27,40.2,2024.0,1
2024-01-29 13:00:00,686,32.21,57.59,,8.29,24.4,2024.0,1
2024-01-29 14:00:00,687,32.83,55.34,,9.12,22.83,2024.0,1
2024-01-29 15:00:00,688,31.79,57.63,,8.69,21.93,2024.0,1
2024-01-29 16:00:00,689,30.89,59.48,,9.39,22.0,2024.0,1
2024-01-29 17:00:00,690,29.66,64.1,,8.06,44.4,2024.0,1
2024-01-29 18:00:00,691,28.38,69.21,,9.17,68.7,2024.0,1
2024-01-29 19:00:00,692,28.39,68.91,,8.25,61.17,2024.0,1
2024-01-29 20:00:00,693,28.31,68.76,,8.18,58.37,2024.0,1
2024-01-29 21:00:00,694,28.45,68.55,,9.71,52.43,2024.0,1
2024-01-29 22:00:00,695,28.08,70.15,,7.92,70.18,2024.0,1
2024-01-29 23:00:00,696,27.85,71.6,,9.11,70.47,2024.0,1
2024-01-30 00:00:00,697,28.11,71.61,,8.81,118.3,2024.0,1
2024-01-30 01:00:00,698,28.24,70.19,,7.26,124.5,2024.0,1
2024-01-30 02:00:00,699,27.75,71.57,,10.27,112.73,2024.0,1
2024-01-30 03:00:00,700,27.12,74.02,,7.21,117.3,2024.0,1
2024-01-30 04:00:00,701,27.03,74.2,,8.1,116.9,2024.0,1
2024-01-30 05:00:00,702,26.74,74.09,,9.77,120.28,2024.0,1
2024-01-30 06:00:00,703,27.45,71.06,,10.94,127.47,2024.0,1
2024-01-30 07:00:00,704,33.13,56.34,,9.25,,2024.0,1
2024-01-30 08:00:00,705,35.33,49.11,,7.46,99.53,2024.0,1
2024-01-30 09:00:00,706,34.44,51.27,,8.42,59.0,2024.0,1
2024-01-30 10:00:00,707,31.39,60.99,,6.05,59.0,2024.0,1
2024-01-30 11:00:00,708,30.5,62.46,,8.07,59.0,2024.0,1
2024-01-30 12:00:00,709,34.06,52.7,,10.28,59.0,2024.0,1
2024-01-30 13:00:00,710,34.43,51.95,,6.42,59.0,2024.0,1
2024-01-30 14:00:00,711,33.86,52.89,,8.33,59.0,2024.0,1
2024-01-30 15:00:00,712,31.5,58.81,,8.91,59.0,2024.0,1
2024-01-30 16:00:00,713,30.19,63.39,,7.33,59.0,2024.0,1
2024-01-30 17:00:00,714,29.58,66.94,,9.25,59.0,2024.0,1
2024-01-30 18:00:00,715,28.37,71.93,,7.37,59.0,2024.0,1
2024-01-30 19:00:00,716,28.09,74.05,,11.27,71.13,2024.0,1
2024-01-30 20:00:00,717,27.94,76.48,,10.32,94.07,2024.0,1
2024-01-30 21:00:00,718,27.79,76.34,,10.41,104.93,2024.0,1
2024-01-30 22:00:00,719,27.91,76.29,,10.73,98.27,2024.0,1
2024-01-30 23:00:00,720,28.06,75.45,,8.66,101.8,2024.0,1
2024-01-31 00:00:00,721,27.39,77.16,,9.61,103.45,2024.0,1
2024-01-31 01:00:00,722,27.33,76.76,,7.74,94.0,2024.0,1
2024-01-31 02:00:00,723,27.27,76.15,,6.99,94.0,2024.0,1
2024-01-31 03:00:00,724,26.78,75.53,,9.12,65.53,2024.0,1
2024-01-31 04:00:00,725,26.42,77.05,,11.5,35.63,2024.0,1
2024-01-31 05:00:00,726,26.38,76.65,,9.35,33.03,2024.0,1
2024-01-31 06:00:00,727,26.51,76.88,,10.28,44.67,2024.0,1
2024-01-31 07:00:00,728,28.17,70.56,,8.77,38.93,2024.0,1
2024-01-31 08:00:00,729,30.59,62.33,,7.61,31.5,2024.0,1
2024-01-31 09:00:00,730,34.08,53.26,,8.91,26.5,2024.0,1
2024-01-31 10:00:00,731,37.11,42.08,,7.39,23.03,2024.0,1
2024-01-31 11:00:00,732,36.76,43.54,,7.93,30.31,2024.0,1
2024-01-31 12:00:00,733,33.29,52.56,,7.07,18.8,2024.0,1
2024-01-31 13:00:00,734,29.58,65.89,,7.42,19.17,2024.0,1
2024-01-31 14:00:00,735,29.42,68.75,,9.0,30.37,2024.0,1
2024-01-31 15:00:00,736,28.19,69.55,,9.59,27.07,2024.0,1
2024-01-31 16:00:00,737,26.78,75.34,,9.52,25.73,2024.0,1
2024-01-31 17:00:00,738,25.99,79.29,,10.26,21.37,2024.0,1
2024-01-31 18:00:00,739,26.72,78.64,,10.47,45.8,2024.0,1
2024-01-31 19:00:00,740,26.88,78.46,,6.91,44.04,2024.0,1
2024-01-31 20:00:00,741,26.7,79.07,,8.28,44.0,2024.0,1
2024-01-31 21:00:00,742,27.07,78.05,,8.81,44.0,2024.0,1
2024-01-31 22:00:00,743,27.02,78.3,,11.13,49.5,2024.0,1
2024-01-31 23:00:00,744,27.09,77.97,,8.29,64.53,2024.0,1
2024-02-01 00:00:00,745,26.91,78.47,,11.7,68.27,2024.0,2
2024-02-01 01:00:00,746,26.97,78.17,,8.31,68.0,2024.0,2
2024-02-01 02:00:00,747,26.49,77.86,,9.49,68.0,2024.0,2
2024-02-01 03:00:00,748,26.36,77.67,,10.42,68.0,2024.0,2
2024-02-01 04:00:00,749,26.37,77.36,,10.11,73.67,2024.0,2
2024-02-01 05:00:00,750,25.96,77.17,,9.89,60.8,2024.0,2
2024-02-01 06:00:00,751,26.27,77.36,,8.9,71.8,2024.0,2
2024-02-01 07:00:00,752,30.24,66.07,,10.18,130.0,2024.0,2
2024-02-01 08:00:00,753,36.29,49.23,,8.84,127.4,2024.0,2
2024-02-01 09:00:00,754,39.38,37.53,,6.06,112.13,2024.0,2
2024-02-01 10:00:00,755,38.45,36.99,,6.75,55.73,2024.0,2
2024-02-01 11:00:00,756,36.67,44.63,,8.8,27.6,2024.0,2
2024-02-01 12:00:00,757,37.88,41.2,,7.57,23.47,2024.0,2
2024-02-01 13:00:00,758,37.2,43.95,,8.27,17.6,2024.0,2
2024-02-01 14:00:00,759,32.99,56.17,,9.44,43.4,2024.0,2
2024-02-01 15:00:00,760,28.19,73.09,,8.41,55.0,2024.0,2
2024-02-01 16:00:00,761,27.71,76.06,,10.53,38.6,2024.0,2
2024-02-01 17:00:00,762,26.72,79.2,,6.65,59.0,2024.0,2
2024-02-01 18:00:00,763,26.66,78.95,,8.48,59.0,2024.0,2
2024-02-01 19:00:00,764,26.85,78.68,,11.93,46.27,2024.0,2
2024-02-01 20:00:00,765,26.97,78.17,,12.32,57.57,2024.0,2
2024-02-01 21:00:00,766,27.13,78.37,,11.77,71.67,2024.0,2
2024-02-01 22:00:00,767,26.82,78.42,,10.59,68.18,2024.0,2
2024-02-01 23:00:00,768,26.83,78.13,,12.18,73.0,2024.0,2
2024-02-02 00:00:00,769,26.75,78.45,,10.37,73.3,2024.0,2
2024-02-02 01:00:00,770,26.9,77.59,,8.27,85.87,2024.0,2
2024-02-02 02:00:00,771,26.65,77.81,,11.34,77.97,2024.0,2
2024-02-02 03:00:00,772,26.34,77.81,,9.26,76.13,2024.0,2
2024-02-02 04:00:00,773,26.04,77.69,,12.12,79.63,2024.0,2
2024-02-02 05:00:00,774,26.01,77.42,,12.41,84.23,2024.0,2
2024-02-02 07:00:00,776,29.32,67.02,,8.86,85.0,2024.0,2
2024-02-02 08:00:00,777,32.46,59.19,,8.68,85.0,2024.0,2
2024-02-02 09:00:00,778,38.62,40.05,,8.14,85.0,2024.0,2
2024-02-02 10:00:00,779,40.36,33.91,,7.44,85.0,2024.0,2
2024-02-02 11:00:00,780,41.4,30.7,,6.42,77.0,2024.0,2
2024-02-02 12:00:00,781,38.57,33.91,,7.15,7.07,2024.0,2
2024-02-02 13:00:00,782,37.87,34.19,,7.05,1.0,2024.0,2
2024-02-02 14:00:00,783,35.31,49.02,,8.46,1.0,2024.0,2
2024-02-02 15:00:00,784,32.66,55.99,,7.65,1.0,2024.0,2
2024-02-02 16:00:00,785,28.69,71.02,,8.09,1.0,2024.0,2
2024-02-02 17:00:00,786,27.25,78.02,,10.15,1.0,2024.0,2
2024-02-02 18:00:00,787,28.35,74.7,,10.19,38.0,2024.0,2
2024-02-02 19:00:00,788,28.88,72.99,,8.12,50.2,2024.0,2
2024-02-02 20:00:00,789,28.01,76.34,,7.9,50.0,2024.0,2
2024-02-02 21:00:00,790,27.53,77.43,,9.05,37.8,2024.0,2
2024-02-02 22:00:00,791,27.93,75.59,,10.2,36.0,2024.0,2
2024-02-02 23:00:00,792,28.17,74.67,,11.64,24.47,2024.0,2
2024-02-03 00:00:00,793,27.69,75.8,,10.38,46.13,2024.0,2
2024-02-03 01:00:00,794,27.07,77.03,,12.55,48.0,2024.0,2
2024-02-03 02:00:00,795,26.72,77.97,,8.62,53.73,2024.0,2
2024-02-03 03:00:00,796,26.28,78.61,,10.34,65.53,2024.0,2
2024-02-03 04:00:00,797,26.41,78.13,,10.21,53.93,2024.0,2
2024-02-03 05:00:00,798,26.39,75.63,,10.84,52.47,2024.0,2
2024-02-03 06:00:00,799,26.98,73.9,,8.68,71.62,2024.0,2
2024-02-03 07:00:00,800,31.92,60.2,,8.17,98.03,2024.0,2
2024-02-03 08:00:00,801,35.38,49.74,,7.66,91.57,2024.0,2
2024-02-03 09:00:00,802,37.87,37.62,,8.57,39.87,2024.0,2
2024-02-03 10:00:00,803,38.47,34.52,,8.95,31.33,2024.0,2
2024-02-03 11:00:00,804,40.55,31.32,,7.88,33.0,2024.0,2
2024-02-03 12:00:00,805,39.68,32.14,,8.63,33.0,2024.0,2
2024-02-03 13:00:00,806,34.53,49.72,,8.63,33.0,2024.0,2
2024-02-03 14:00:00,807,30.26,63.11,,7.66,33.0,2024.0,2
2024-02-03 15:00:00,808,29.56,63.73,,8.84,33.0,2024.0,2
2024-02-03 16:00:00,809,28.97,66.1,,7.63,33.0,2024.0,2
2024-02-03 17:00:00,810,29.41,64.67,,7.82,29.27,2024.0,2
2024-02-03 18:00:00,811,29.28,64.29,,9.6,34.1,2024.0,2
2024-02-03 19:00:00,812,29.03,67.19,,10.62,34.0,2024.0,2
2024-02-03 20:00:00,813,28.33,70.03,,10.09,34.0,2024.0,2
2024-02-03 21:00:00,814,28.23,71.52,,10.07,34.0,2024.0,2
2024-02-03 22:00:00,815,28.02,72.2,,8.71,34.0,2024.0,2
2024-02-03 23:00:00,816,27.77,72.28,,9.16,34.0,2024.0,2
2024-02-04 00:00:00,817,27.5,73.18,,13.29,34.0,2024.0,2
2024-02-04 01:00:00,818,26.91,74.42,,10.09,34.0,2024.0,2
2024-02-04 02:00:00,819,26.56,74.47,,9.27,34.0,2024.0,2
2024-02-04 03:00:00,820,26.22,74.81,,11.63,34.0,2024.0,2
2024-02-04 04:00:00,821,26.08,76.2,,9.14,34.0,2024.0,2
2024-02-04 05:00:00,822,25.95,75.76,,8.24,34.0,2024.0,2
2024-02-04 06:00:00,823,27.47,69.87,,8.95,34.0,2024.0,2
2024-02-04 07:00:00,824,34.97,46.89,,8.39,34.0,2024.0,2
2024-02-04 08:00:00,825,39.5,34.16,,7.77,34.0,2024.0,2
2024-02-04 09:00:00,826,36.41,42.83,,9.27,34.0,2024.0,2
2024-02-04 10:00:00,827,35.63,46.31,,6.31,11.67,2024.0,2
2024-02-04 11:00:00,828,34.03,52.08,,8.55,7.8,2024.0,2
2024-02-04 12:00:00,829,31.84,56.61,,10.29,11.0,2024.0,2
2024-02-04 13:00:00,830,33.05,53.47,,7.26,7.6,2024.0,2
2024-02-04 14:00:00,831,32.62,55.49,,9.27,8.87,2024.0,2
2024-02-04 15:00:00,832,29.79,64.41,,9.8,13.13,2024.0,2
2024-02-04 16:00:00,833,28.85,67.75,,9.63,16.07,2024.0,2
2024-02-04 17:00:00,834,28.87,69.94,,9.3,32.4,2024.0,2
2024-02-04 18:00:00,835,28.9,70.07,,7.91,48.4,2024.0,2
2024-02-04 19:00:00,836,28.65,70.99,,12.07,68.46,2024.0,2
2024-02-04 20:00:00,837,28.64,71.7,,11.13,120.23,2024.0,2
2024-02-04 21:00:00,838,28.57,72.72,,6.87,129.77,2024.0,2
2024-02-04 22:00:00,839,28.02,71.9,,9.18,97.8,2024.0,2
2024-02-04 23:00:00,840,27.8,72.37,,11.16,89.33,2024.0,2
2024-02-05 00:00:00,841,27.37,73.26,,8.49,96.6,2024.0,2
2024-02-05 01:00:00,842,26.82,75.11,,9.71,84.8,2024.0,2
2024-02-05 02:00:00,843,26.49,76.76,,10.84,82.0,2024.0,2
2024-02-05 03:00:00,844,26.41,77.85,,10.14,82.0,2024.0,2
2024-02-05 04:00:00,845,26.33,77.87,,10.68,82.0,2024.0,2
2024-02-05 05:00:00,846,26.09,76.88,,11.14,85.83,2024.0,2
2024-02-05 06:00:00,847,26.14,76.09,,8.54,94.63,2024.0,2
2024-02-05 07:00:00,848,27.88,68.82,,7.55,132.83,2024.0,2
2024-02-05 08:00:00,849,34.1,53.01,,7.81,,2024.0,2
2024-02-05 09:00:00,850,37.31,42.48,,8.01,79.27,2024.0,2
2024-02-05 10:00:00,851,36.47,41.58,,8.31,28.07,2024.0,2
2024-02-05 11:00:00,852,37.01,36.88,,8.09,17.03,2024.0,2
2024-02-05 12:00:00,853,37.04,37.27,,7.65,17.0,2024.0,2
2024-02-05 13:00:00,854,36.4,40.26,,9.79,17.0,2024.0,2
2024-02-05 14:00:00,855,34.29,49.34,,10.22,20.2,2024.0,2
2024-02-05 15:00:00,856,32.15,56.71,,7.08,46.38,2024.0,2
2024-02-05 16:00:00,857,27.67,74.38,,9.17,22.0,2024.0,2
2024-02-05 17:00:00,858,27.78,71.68,,8.33,8.97,2024.0,2
2024-02-05 18:00:00,859,28.04,69.99,,9.95,16.8,2024.0,2
2024-02-05 19:00:00,860,28.46,69.33,,11.1,23.13,2024.0,2
2024-02-05 20:00:00,861,28.01,70.19,,10.23,48.07,2024.0,2
2024-02-05 21:00:00,862,28.25,69.07,,8.11,40.0,2024.0,2
2024-02-05 22:00:00,863,28.18,70.52,,8.73,61.53,2024.0,2
2024-02-05 23:00:00,864,27.73,72.02,,9.82,52.8,2024.0,2
2024-02-06 00:00:00,865,27.42,73.97,,10.6,64.4,2024.0,2
2024-02-06 01:00:00,866,27.75,73.65,,11.21,80.07,2024.0,2
2024-02-06 02:00:00,867,27.35,75.62,,10.48,97.6,2024.0,2
2024-02-06 03:00:00,868,27.1,74.51,,9.2,68.6,2024.0,2
2024-02-06 04:00:00,869,26.88,74.53,,7.2,62.53,2024.0,2
2024-02-06 05:00:00,870,26.39,76.84,,11.13,63.47,2024.0,2
2024-02-06 06:00:00,871,27.71,72.58,,9.24,86.2,2024.0,2
2024-02-06 07:00:00,872,30.42,62.92,,10.35,86.8,2024.0,2
2024-02-06 08:00:00,873,30.96,60.27,,8.01,74.73,2024.0,2
2024-02-06 09:00:00,874,33.06,52.85,,10.0,34.2,2024.0,2
2024-02-06 10:00:00,875,31.43,57.84,,7.86,24.14,2024.0,2
2024-02-06 11:00:00,876,35.43,47.95,,9.01,20.0,2024.0,2
2024-02-06 12:00:00,877,37.65,38.07,,7.97,20.0,2024.0,2
2024-02-06 13:00:00,878,30.49,59.92,,8.19,20.0,2024.0,2
2024-02-06 14:00:00,879,30.15,61.81,,9.92,20.0,2024.0,2
2024-02-06 15:00:00,880,30.27,56.35,,9.58,12.87,2024.0,2
2024-02-06 16:00:00,881,29.81,58.66,,8.74,16.73,2024.0,2
2024-02-06 17:00:00,882,28.73,60.64,,8.59,20.8,2024.0,2
2024-02-06 18:00:00,883,28.78,60.08,,7.58,24.0,2024.0,2
2024-02-06 19:00:00,884,28.73,62.54,,10.05,24.0,2024.0,2
2024-02-06 20:00:00,885,28.05,66.91,,9.59,24.0,2024.0,2
2024-02-06 21:00:00,886,28.12,67.27,,9.62,24.0,2024.0,2
2024-02-06 22:00:00,887,27.29,68.65,,9.94,24.0,2024.0,2
2024-02-06 23:00:00,888,26.68,69.14,,9.55,25.6,2024.0,2
2024-02-07 00:00:00,889,26.55,69.41,,8.9,86.0,2024.0,2
2024-02-07 01:00:00,890,26.5,68.79,,9.77,88.07,2024.0,2
2024-02-07 02:00:00,891,26.37,69.61,,8.94,88.0,2024.0,2
2024-02-07 03:00:00,892,26.09,71.23,,10.17,88.0,2024.0,2
2024-02-07 04:00:00,893,25.96,72.36,,11.04,88.0,2024.0,2
2024-02-07 05:00:00,894,26.31,71.43,,9.75,88.0,2024.0,2
2024-02-07 06:00:00,895,26.41,71.74,,9.0,88.0,2024.0,2
2024-02-07 07:00:00,896,27.75,67.24,,9.79,88.0,2024.0,2
2024-02-07 08:00:00,897,32.26,55.22,,8.37,116.87,2024.0,2
2024-02-07 09:00:00,898,35.93,41.75,,7.49,114.47,2024.0,2
2024-02-07 10:00:00,899,35.66,42.77,,7.32,18.13,2024.0,2
2024-02-07 11:00:00,900,38.12,33.63,,7.58,14.07,2024.0,2
2024-02-07 12:00:00,901,38.67,33.13,,9.2,13.4,2024.0,2
2024-02-07 13:00:00,902,32.93,56.27,,8.95,23.87,2024.0,2
2024-02-07 14:00:00,903,27.94,71.33,,9.54,15.93,2024.0,2
2024-02-07 15:00:00,904,26.96,73.45,,8.42,14.93,2024.0,2
2024-02-07 16:00:00,905,25.9,77.49,,8.88,17.14,2024.0,2
2024-02-07 17:00:00,906,26.5,76.5,,9.4,13.73,2024.0,2
2024-02-07 18:00:00,907,27.01,73.33,,11.13,16.2,2024.0,2
2024-02-07 19:00:00,908,26.85,75.15,,10.99,25.33,2024.0,2
2024-02-07 20:00:00,909,26.54,78.1,,9.55,66.67,2024.0,2
2024-02-07 21:00:00,910,26.79,76.98,,11.31,82.33,2024.0,2
2024-02-07 22:00:00,911,26.88,76.09,,10.66,68.4,2024.0,2
2024-02-07 23:00:00,912,26.62,76.41,,10.76,76.93,2024.0,2
2024-02-08 00:00:00,913,26.7,76.38,,10.29,89.33,2024.0,2
2024-02-08 01:00:00,914,26.46,76.46,,9.98,90.86,2024.0,2
2024-02-08 02:00:00,915,26.36,77.07,,7.7,86.2,2024.0,2
2024-02-08 03:00:00,916,26.24,76.18,,13.38,63.37,2024.0,2
2024-02-08 04:00:00,917,26.02,77.18,,7.25,73.67,2024.0,2
2024-02-08 05:00:00,918,26.18,77.35,,11.49,96.13,2024.0,2
2024-02-08 06:00:00,919,26.77,74.22,,9.56,87.23,2024.0,2
2024-02-08 07:00:00,920,33.88,53.45,,6.21,112.57,2024.0,2
2024-02-08 08:00:00,921,37.46,40.72,,8.09,76.6,2024.0,2
2024-02-08 09:00:00,922,38.99,33.86,,8.84,48.37,2024.0,2
2024-02-08 10:00:00,923,36.9,37.72,,8.63,48.73,2024.0,2
2024-02-08 11:00:00,924,39.34,30.74,,7.55,40.5,2024.0,2
2024-02-08 12:00:00,925,38.77,31.6,,5.63,28.83,2024.0,2
2024-02-08 13:00:00,926,37.78,34.41,,8.97,20.77,2024.0,2
2024-02-08 14:00:00,927,36.55,40.27,,7.88,14.0,2024.0,2
2024-02-08 15:00:00,928,35.34,47.61,,8.44,14.0,2024.0,2
2024-02-08 16:00:00,929,30.24,62.76,,8.5,14.0,2024.0,2
2024-02-08 17:00:00,930,27.37,72.81,,8.4,14.0,2024.0,2
2024-02-08 18:00:00,931,28.44,71.49,,8.84,14.0,2024.0,2
2024-02-08 19:00:00,932,28.82,70.46,,10.45,41.03,2024.0,2
2024-02-08 20:00:00,933,28.83,69.75,,11.54,63.0,2024.0,2
2024-02-08 21:00:00,934,28.81,70.73,,9.47,63.0,2024.0,2
2024-02-08 22:00:00,935,28.77,71.67,,11.95,63.0,2024.0,2
2024-02-08 23:00:00,936,28.15,74.36,,11.01,106.6,2024.0,2
2024-02-09 00:00:00,937,27.73,72.21,,11.48,73.07,2024.0,2
2024-02-09 01:00:00,938,26.99,74.79,,10.8,60.0,2024.0,2
2024-02-09 02:00:00,939,26.53,75.05,,9.7,60.0,2024.0,2
2024-02-09 03:00:00,940,27.03,75.2,,7.6,60.0,2024.0,2
2024-02-09 04:00:00,941,27.1,71.25,,9.81,61.8,2024.0,2
2024-02-09 05:00:00,942,27.28,70.66,,10.68,76.87,2024.0,2
2024-02-09 06:00:00,943,27.6,70.51,,9.0,120.87,2024.0,2
2024-02-09 07:00:00,944,31.12,59.93,,10.59,95.6,2024.0,2
2024-02-09 08:00:00,945,36.77,42.63,,8.46,81.67,2024.0,2
2024-02-09 09:00:00,946,35.45,45.35,,10.28,40.53,2024.0,2
2024-02-09 10:00:00,947,36.73,36.99,,9.19,16.47,2024.0,2
2024-02-09 11:00:00,948,39.53,29.93,,7.97,10.6,2024.0,2
2024-02-09 12:00:00,949,38.67,29.99,,7.66,10.47,2024.0,2
2024-02-09 13:00:00,950,37.91,38.26,,10.02,25.8,2024.0,2
2024-02-09 14:00:00,951,30.89,63.29,,7.2,33.0,2024.0,2
2024-02-09 15:00:00,952,35.07,51.62,,8.27,27.0,2024.0,2
2024-02-09 16:00:00,953,33.47,53.95,,7.42,27.0,2024.0,2
2024-02-09 17:00:00,954,31.57,59.3,,9.17,35.17,2024.0,2
2024-02-09 18:00:00,955,30.74,65.91,,6.46,71.4,2024.0,2
2024-02-09 19:00:00,956,27.13,78.73,,12.27,57.96,2024.0,2
2024-02-09 20:00:00,957,26.39,81.03,,9.88,33.2,2024.0,2
2024-02-09 21:00:00,958,27.5,78.62,,9.14,35.14,2024.0,2
2024-02-09 22:00:00,959,27.45,78.07,,11.08,53.66,2024.0,2
2024-02-09 23:00:00,960,25.72,80.15,,11.89,37.68,2024.0,2
2024-02-10 00:00:00,961,25.85,78.98,,9.07,26.33,2024.0,2
2024-02-10 01:00:00,962,26.55,78.33,,9.5,38.9,2024.0,2
2024-02-10 02:00:00,963,26.67,78.31,,10.25,50.03,2024.0,2
2024-02-10 03:00:00,964,26.88,78.57,,11.49,47.33,2024.0,2
2024-02-10 04:00:00,965,27.05,78.09,,10.1,42.83,2024.0,2
2024-02-10 05:00:00,966,27.37,77.87,,8.6,59.27,2024.0,2
2024-02-10 06:00:00,967,27.48,77.5,,8.34,67.9,2024.0,2
2024-02-10 07:00:00,968,28.3,74.62,,9.84,70.4,2024.0,2
2024-02-10 08:00:00,969,30.54,66.89,,7.87,67.8,2024.0,2
2024-02-10 09:00:00,970,35.47,51.58,,10.03,70.33,2024.0,2
2024-02-10 10:00:00,971,37.17,45.0,,7.67,72.0,2024.0,2
2024-02-10 11:00:00,972,38.38,37.45,,8.22,65.72,2024.0,2
2024-02-10 12:00:00,973,38.16,39.02,,8.58,45.93,2024.0,2
2024-02-10 13:00:00,974,34.77,50.51,,7.02,35.0,2024.0,2
2024-02-10 14:00:00,975,35.0,51.83,,9.53,37.6,2024.0,2
2024-02-10 15:00:00,976,28.36,66.09,,10.53,25.67,2024.0,2
2024-02-10 16:00:00,977,26.49,78.07,,7.78,26.67,2024.0,2
2024-02-10 17:00:00,978,26.38,78.34,,9.77,18.33,2024.0,2
2024-02-10 18:00:00,979,26.69,78.06,,9.5,34.27,2024.0,2
2024-02-10 19:00:00,980,27.03,77.47,,12.71,35.67,2024.0,2
2024-02-10 20:00:00,981,26.94,78.15,,8.98,44.6,2024.0,2
2024-02-10 21:00:00,982,26.93,77.61,,12.18,59.47,2024.0,2
2024-02-10 22:00:00,983,26.8,78.21,,8.6,74.33,2024.0,2
2024-02-10 23:00:00,984,27.0,77.88,,10.37,100.53,2024.0,2
2024-02-11 00:00:00,985,27.08,77.23,,8.55,97.4,2024.0,2
2024-02-11 01:00:00,986,26.76,77.96,,12.31,89.0,2024.0,2
2024-02-11 02:00:00,987,26.55,78.52,,12.59,90.47,2024.0,2
2024-02-11 03:00:00,988,26.25,78.34,,10.04,96.0,2024.0,2
2024-02-11 04:00:00,989,26.11,78.31,,10.6,101.93,2024.0,2
2024-02-11 05:00:00,990,25.77,78.29,,8.86,102.0,2024.0,2
2024-02-11 06:00:00,991,26.36,77.78,,11.93,99.72,2024.0,2
2024-02-11 07:00:00,992,29.94,66.67,,7.44,105.7,2024.0,2
2024-02-11 08:00:00,993,36.78,45.51,,8.71,87.43,2024.0,2
2024-02-11 09:00:00,994,38.04,37.93,,8.64,52.67,2024.0,2
2024-02-11 10:00:00,995,35.37,44.72,,7.5,14.93,2024.0,2
2024-02-11 11:00:00,996,35.17,45.94,,6.97,12.13,2024.0,2
2024-02-11 12:00:00,997,36.03,45.01,,8.95,14.37,2024.0,2
2024-02-11 13:00:00,998,34.08,51.58,,9.08,23.57,2024.0,2
2024-02-11 14:00:00,999,32.27,57.05,,9.27,30.0,2024.0,2
2024-02-11 15:00:00,1000,32.48,56.99,,7.19,31.3,2024.0,2
2024-02-11 16:00:00,1001,27.24,76.07,,9.19,36.23,2024.0,2
2024-02-11 17:00:00,1002,28.11,70.9,,12.17,38.0,2024.0,2
2024-02-11 18:00:00,1003,28.88,69.21,,8.62,38.0,2024.0,2
2024-02-11 19:00:00,1004,27.55,75.81,,9.21,58.43,2024.0,2
2024-02-11 20:00:00,1005,27.24,77.34,,10.47,56.2,2024.0,2
2024-02-11 21:00:00,1006,27.69,76.44,,10.69,46.9,2024.0,2
2024-02-11 22:00:00,1007,28.12,75.95,,11.4,58.0,2024.0,2
2024-02-11 23:00:00,1008,28.15,75.96,,9.04,67.93,2024.0,2
2024-02-12 00:00:00,1009,28.08,74.0,,10.84,82.77,2024.0,2
2024-02-12 01:00:00,1010,27.42,75.9,,11.63,55.28,2024.0,2
2024-02-12 02:00:00,1011,26.71,76.64,,11.06,53.07,2024.0,2
2024-02-12 03:00:00,1012,26.17,76.89,,8.48,44.2,2024.0,2
2024-02-12 04:00:00,1013,25.8,76.34,,11.53,56.8,2024.0,2
2024-02-12 05:00:00,1014,25.55,74.63,,10.93,35.07,2024.0,2
2024-02-12 06:00:00,1015,26.81,73.29,,5.99,60.8,2024.0,2
2024-02-12 07:00:00,1016,34.28,53.4,,8.39,67.0,2024.0,2
2024-02-12 08:00:00,1017,38.65,36.8,,6.85,67.0,2024.0,2
2024-02-12 09:00:00,1018,35.5,45.41,,8.91,67.0,2024.0,2
2024-02-12 10:00:00,1019,34.8,46.73,,7.32,67.0,2024.0,2
2024-02-12 11:00:00,1020,34.67,46.85,,6.01,67.0,2024.0,2
2024-02-12 12:00:00,1021,34.81,46.42,,7.72,52.67,2024.0,2
2024-02-12 13:00:00,1022,34.92,46.25,,9.2,25.0,2024.0,2
2024-02-12 14:00:00,1023,35.65,45.39,,8.77,28.93,2024.0,2
2024-02-12 15:00:00,1024,35.52,45.85,,8.24,30.67,2024.0,2
2024-02-12 16:00:00,1025,34.99,47.99,,8.84,40.67,2024.0,2
2024-02-12 17:00:00,1026,31.61,57.49,,7.86,58.73,2024.0,2
2024-02-12 18:00:00,1027,29.98,64.1,,10.11,83.0,2024.0,2
2024-02-12 19:00:00,1028,28.74,70.06,,8.31,80.27,2024.0,2
2024-02-12 20:00:00,1029,27.46,72.14,,8.69,28.83,2024.0,2
2024-02-12 21:00:00,1030,28.14,71.27,,9.83,49.37,2024.0,2
2024-02-12 22:00:00,1031,28.1,72.01,,10.37,55.2,2024.0,2
2024-02-12 23:00:00,1032,28.1,72.51,,10.71,53.0,2024.0,2
2024-02-13 00:00:00,1033,27.54,72.15,,10.16,53.0,2024.0,2
2024-02-13 01:00:00,1034,27.01,71.5,,9.94,53.0,2024.0,2
2024-02-13 02:00:00,1035,26.58,73.4,,11.2,61.4,2024.0,2
2024-02-13 03:00:00,1036,26.39,74.31,,9.61,80.13,2024.0,2
2024-02-13 04:00:00,1037,26.11,73.27,,10.32,71.23,2024.0,2
2024-02-13 05:00:00,1038,25.88,71.46,,10.8,52.3,2024.0,2
2024-02-13 06:00:00,1039,26.79,69.16,,9.27,59.0,2024.0,2
2024-02-13 07:00:00,1040,30.54,58.63,,9.27,59.0,2024.0,2
2024-02-13 08:00:00,1041,36.43,43.17,,8.74,59.0,2024.0,2
2024-02-13 09:00:00,1042,40.02,33.08,,6.54,56.57,2024.0,2
2024-02-13 10:00:00,1043,38.06,37.75,,9.2,48.9,2024.0,2
2024-02-13 11:00:00,1044,36.29,44.66,,7.96,47.73,2024.0,2
2024-02-13 12:00:00,1045,37.66,37.76,,7.57,36.17,2024.0,2
2024-02-13 13:00:00,1046,37.15,41.77,,7.85,33.62,2024.0,2
2024-02-13 14:00:00,1047,36.82,43.97,,8.14,29.2,2024.0,2
2024-02-13 15:00:00,1048,36.75,43.28,,8.28,26.5,2024.0,2
2024-02-13 16:00:00,1049,35.18,50.29,,7.92,39.72,2024.0,2
2024-02-13 17:00:00,1050,31.78,58.59,,10.38,41.0,2024.0,2
2024-02-13 18:00:00,1051,29.85,64.91,,8.69,54.8,2024.0,2
2024-02-13 19:00:00,1052,29.4,67.43,,9.12,55.07,2024.0,2
2024-02-13 20:00:00,1053,29.35,69.03,,9.96,65.53,2024.0,2
2024-02-13 21:00:00,1054,29.43,68.47,,9.95,59.93,2024.0,2
2024-02-13 22:00:00,1055,29.85,67.05,,9.15,62.13,2024.0,2
2024-02-13 23:00:00,1056,29.85,67.32,,8.16,62.0,2024.0,2
2024-02-14 00:00:00,1057,29.37,69.66,,9.85,88.53,2024.0,2
2024-02-14 01:00:00,1058,29.13,70.7,,11.36,134.87,2024.0,2
2024-02-14 02:00:00,1059,29.31,70.83,,6.29,129.2,2024.0,2
2024-02-14 03:00:00,1060,29.09,71.58,,9.46,134.07,2024.0,2
2024-02-14 04:00:00,1061,28.78,70.93,,9.83,100.07,2024.0,2
2024-02-14 05:00:00,1062,28.67,71.29,,12.25,109.47,2024.0,2
2024-02-14 06:00:00,1063,29.39,69.35,,7.91,114.73,2024.0,2
2024-02-14 07:00:00,1064,31.01,65.33,,8.45,144.47,2024.0,2
2024-02-14 08:00:00,1065,29.82,70.35,,10.68,144.0,2024.0,2
2024-02-14 09:00:00,1066,29.63,71.09,,10.82,140.2,2024.0,2
2024-02-14 10:00:00,1067,30.81,66.87,,11.07,140.0,2024.0,2
2024-02-14 11:00:00,1068,33.08,59.29,,10.08,66.75,2024.0,2
2024-02-14 12:00:00,1069,34.48,53.08,,8.08,32.2,2024.0,2
2024-02-14 13:00:00,1070,35.83,47.79,,6.81,20.7,2024.0,2
2024-02-14 14:00:00,1071,36.37,46.61,,7.1,26.13,2024.0,2
2024-02-14 15:00:00,1072,34.29,52.86,,8.83,34.83,2024.0,2
2024-02-14 16:00:00,1073,32.6,56.63,,10.1,33.9,2024.0,2
2024-02-14 17:00:00,1074,31.03,61.26,,7.2,42.2,2024.0,2
2024-02-14 18:00:00,1075,30.7,63.84,,9.08,45.43,2024.0,2
2024-02-14 19:00:00,1076,30.66,64.46,,9.45,54.2,2024.0,2
2024-02-14 20:00:00,1077,29.86,66.11,,9.16,74.77,2024.0,2
2024-02-14 21:00:00,1078,29.15,67.28,,10.8,80.27,2024.0,2
2024-02-14 22:00:00,1079,29.04,67.39,,10.09,64.93,2024.0,2
2024-02-14 23:00:00,1080,28.49,70.05,,10.17,79.87,2024.0,2
2024-02-15 00:00:00,1081,28.0,71.49,,11.69,98.37,2024.0,2
2024-02-15 01:00:00,1082,27.68,71.8,,9.22,75.43,2024.0,2
2024-02-15 02:00:00,1083,27.55,71.54,,10.49,68.6,2024.0,2
2024-02-15 03:00:00,1084,27.36,72.63,,8.91,78.47,2024.0,2
2024-02-15 04:00:00,1085,26.74,78.06,,10.72,115.03,2024.0,2
2024-02-15 05:00:00,1086,27.1,77.26,,9.77,97.4,2024.0,2
2024-02-15 06:00:00,1087,28.15,72.12,,10.22,89.76,2024.0,2
2024-02-15 07:00:00,1088,33.19,57.53,,8.89,85.0,2024.0,2
2024-02-15 08:00:00,1089,37.43,45.05,,6.22,85.0,2024.0,2
2024-02-15 09:00:00,1090,39.65,36.32,,7.44,85.0,2024.0,2
2024-02-15 10:00:00,1091,38.84,37.71,,8.13,76.87,2024.0,2
2024-02-15 11:00:00,1092,37.99,36.81,,7.1,39.0,2024.0,2
2024-02-15 12:00:00,1093,36.55,45.89,,9.05,39.0,2024.0,2
2024-02-15 13:00:00,1094,28.35,72.58,,9.85,34.23,2024.0,2
2024-02-15 14:00:00,1095,27.3,80.69,,10.16,31.32,2024.0,2
2024-02-15 15:00:00,1096,29.29,74.62,,10.46,47.67,2024.0,2
2024-02-15 16:00:00,1097,29.52,73.46,,10.08,67.87,2024.0,2
2024-02-15 17:00:00,1098,29.47,73.71,,11.1,90.67,2024.0,2
2024-02-15 18:00:00,1099,28.79,74.15,,11.56,68.53,2024.0,2
2024-02-15 19:00:00,1100,28.43,76.76,,12.28,68.0,2024.0,2
2024-02-15 20:00:00,1101,27.87,78.56,,9.63,68.0,2024.0,2
2024-02-15 21:00:00,1102,27.93,78.7,,7.91,84.33,2024.0,2
2024-02-15 22:00:00,1103,28.19,77.66,,12.38,96.67,2024.0,2
2024-02-15 23:00:00,1104,28.07,77.72,,8.24,134.07,2024.0,2
2024-02-16 00:00:00,1105,27.85,77.82,,8.49,153.0,2024.0,2
2024-02-16 01:00:00,1106,27.75,78.01,,7.87,153.0,2024.0,2
2024-02-16 02:00:00,1107,27.72,77.85,,7.7,157.87,2024.0,2
2024-02-16 03:00:00,1108,27.3,78.96,,10.76,144.17,2024.0,2
2024-02-16 04:00:00,1109,26.84,79.98,,8.45,118.21,2024.0,2
2024-02-16 05:00:00,1110,27.09,78.58,,12.17,110.03,2024.0,2
2024-02-16 06:00:00,1111,27.4,77.48,,10.85,115.0,2024.0,2
2024-02-16 07:00:00,1112,31.4,64.64,,9.79,125.8,2024.0,2
2024-02-16 08:00:00,1113,34.12,55.22,,9.26,101.7,2024.0,2
2024-02-16 09:00:00,1114,34.74,52.17,,8.68,95.0,2024.0,2
2024-02-16 10:00:00,1115,37.98,41.51,,8.92,95.0,2024.0,2
2024-02-16 11:00:00,1116,40.87,31.89,,7.34,92.83,2024.0,2
2024-02-16 12:00:00,1117,39.86,34.05,,8.19,41.27,2024.0,2
2024-02-16 13:00:00,1118,35.95,48.96,,9.31,56.57,2024.0,2
2024-02-16 14:00:00,1119,29.72,69.94,,8.02,31.36,2024.0,2
2024-02-16 15:00:00,1120,26.9,80.71,,12.06,25.63,2024.0,2
2024-02-16 16:00:00,1121,26.8,79.62,,8.45,30.1,2024.0,2
2024-02-16 17:00:00,1122,27.37,77.23,,9.77,44.0,2024.0,2
2024-02-16 18:00:00,1123,26.74,76.79,,8.35,32.33,2024.0,2
2024-02-16 19:00:00,1124,27.33,76.33,,10.01,32.53,2024.0,2
2024-02-16 20:00:00,1125,27.45,76.26,,11.23,55.43,2024.0,2
2024-02-16 21:00:00,1126,27.53,76.82,,9.53,68.9,2024.0,2
2024-02-16 22:00:00,1127,27.05,77.66,,10.47,70.73,2024.0,2
2024-02-16 23:00:00,1128,27.13,77.61,,10.04,73.53,2024.0,2
2024-02-17 00:00:00,1129,26.67,78.65,,9.93,75.87,2024.0,2
2024-02-17 01:00:00,1130,26.83,78.27,,10.82,75.2,2024.0,2
2024-02-17 02:00:00,1131,26.91,77.91,,10.19,89.47,2024.0,2
2024-02-17 03:00:00,1132,26.52,78.53,,9.87,100.73,2024.0,2
2024-02-17 04:00:00,1133,26.47,78.35,,12.15,116.2,2024.0,2
2024-02-17 05:00:00,1134,26.3,78.34,,11.33,116.0,2024.0,2
2024-02-17 06:00:00,1135,26.6,78.25,,9.95,116.0,2024.0,2
2024-02-17 07:00:00,1136,30.22,66.33,,10.14,108.53,2024.0,2
2024-02-17 08:00:00,1137,34.58,53.78,,7.85,106.0,2024.0,2
2024-02-17 09:00:00,1138,38.83,38.89,,9.14,106.0,2024.0,2
2024-02-17 10:00:00,1139,39.4,35.87,,5.09,106.0,2024.0,2
2024-02-17 11:00:00,1140,41.49,31.43,,8.75,106.0,2024.0,2
2024-02-17 12:00:00,1141,38.86,39.39,,8.69,98.2,2024.0,2
2024-02-17 13:00:00,1142,36.44,46.63,,8.33,58.67,2024.0,2
2024-02-17 14:00:00,1143,27.38,77.49,,11.23,46.52,2024.0,2
2024-02-17 15:00:00,1144,27.77,72.33,,9.22,40.62,2024.0,2
2024-02-17 16:00:00,1145,29.19,71.15,,8.04,,2024.0,2
2024-02-17 17:00:00,1146,27.82,75.55,,9.76,,2024.0,2
2024-02-17 18:00:00,1147,27.68,76.18,,8.05,59.14,2024.0,2
2024-02-17 19:00:00,1148,27.94,75.26,,11.29,62.4,2024.0,2
2024-02-17 20:00:00,1149,27.98,75.02,,10.01,64.0,2024.0,2
2024-02-17 21:00:00,1150,27.28,77.94,,8.29,64.0,2024.0,2
2024-02-17 22:00:00,1151,27.23,78.26,,10.58,64.0,2024.0,2
2024-02-17 23:00:00,1152,27.58,77.22,,9.41,64.0,2024.0,2
2024-02-18 00:00:00,1153,26.98,78.61,,8.65,,2024.0,2
2024-02-18 01:00:00,1154,26.91,78.09,,9.84,,2024.0,2
2024-02-18 02:00:00,1155,27.0,78.4,,10.1,111.7,2024.0,2
2024-02-18 03:00:00,1156,27.19,77.96,,10.27,113.67,2024.0,2
2024-02-18 04:00:00,1157,27.01,77.58,,11.75,127.69,2024.0,2
2024-02-18 05:00:00,1158,26.63,78.28,,11.52,117.47,2024.0,2
2024-02-18 06:00:00,1159,27.39,75.71,,11.24,127.13,2024.0,2
2024-02-18 07:00:00,1160,33.11,58.95,,8.58,113.8,2024.0,2
2024-02-18 08:00:00,1161,38.57,41.03,,7.78,95.27,2024.0,2
2024-02-18 09:00:00,1162,36.19,46.18,,8.1,60.47,2024.0,2
2024-02-18 10:00:00,1163,36.22,42.09,,8.13,21.13,2024.0,2
2024-02-18 11:00:00,1164,37.57,35.29,,6.84,19.0,2024.0,2
2024-02-18 12:00:00,1165,38.77,33.56,,8.81,19.0,2024.0,2
2024-02-18 13:00:00,1166,35.09,50.79,,7.68,19.0,2024.0,2
2024-02-18 14:00:00,1167,25.45,79.37,,5.77,15.66,2024.0,2
2024-02-18 15:00:00,1168,26.91,79.32,,10.51,16.49,2024.0,2
2024-02-18 16:00:00,1169,27.98,75.15,,9.67,20.03,2024.0,2
2024-02-18 17:00:00,1170,26.79,78.81,,10.79,19.79,2024.0,2
2024-02-18 18:00:00,1171,27.17,78.41,,12.06,32.93,2024.0,2
2024-02-18 19:00:00,1172,26.76,78.26,,11.35,38.04,2024.0,2
2024-02-18 20:00:00,1173,27.03,76.8,,7.3,31.47,2024.0,2
2024-02-18 21:00:00,1174,27.25,76.96,,10.88,60.13,2024.0,2
2024-02-18 22:00:00,1175,27.0,77.83,,9.06,81.1,2024.0,2
2024-02-18 23:00:00,1176,26.74,78.34,,7.15,96.48,2024.0,2
2024-02-19 00:00:00,1177,26.66,78.4,,10.1,88.57,2024.0,2
2024-02-19 01:00:00,1178,26.54,78.78,,8.7,116.1,2024.0,2
2024-02-19 02:00:00,1179,26.72,78.36,,10.07,110.17,2024.0,2
2024-02-19 03:00:00,1180,26.77,78.37,,10.65,112.13,2024.0,2
2024-02-19 04:00:00,1181,26.47,76.79,,10.19,73.07,2024.0,2
2024-02-19 05:00:00,1182,26.28,76.79,,9.08,52.57,2024.0,2
2024-02-19 06:00:00,1183,26.43,77.24,,6.65,64.03,2024.0,2
2024-02-19 07:00:00,1184,27.76,72.75,,10.11,94.4,2024.0,2
2024-02-19 08:00:00,1185,30.84,64.03,,9.55,118.67,2024.0,2
2024-02-19 09:00:00,1186,36.44,46.77,,8.66,99.17,2024.0,2
2024-02-19 10:00:00,1187,38.31,36.92,,7.58,86.53,2024.0,2
2024-02-19 11:00:00,1188,40.88,30.1,,8.53,86.0,2024.0,2
2024-02-19 12:00:00,1189,39.98,32.79,,8.15,42.7,2024.0,2
2024-02-19 15:00:00,1192,32.21,59.39,,9.21,,2024.0,2
2024-02-19 16:00:00,1193,31.1,51.5,,6.97,,2024.0,2
2024-02-19 17:00:00,1194,28.27,60.81,,8.83,36.04,2024.0,2
2024-02-19 18:00:00,1195,29.87,67.97,,10.56,58.0,2024.0,2
2024-02-19 19:00:00,1196,28.74,74.86,,8.65,67.33,2024.0,2
2024-02-19 20:00:00,1197,27.96,76.62,,12.45,88.97,2024.0,2
2024-02-19 21:00:00,1198,27.55,77.31,,9.76,89.0,2024.0,2
2024-02-19 22:00:00,1199,28.31,76.34,,10.79,89.0,2024.0,2
2024-02-19 23:00:00,1200,28.37,74.42,,10.98,89.0,2024.0,2
2024-02-20 00:00:00,1201,28.55,72.65,,8.63,86.4,2024.0,2
2024-02-20 01:00:00,1202,28.23,74.89,,11.96,89.3,2024.0,2
2024-02-20 02:00:00,1203,27.83,76.57,,10.6,78.33,2024.0,2
2024-02-20 03:00:00,1204,27.52,77.42,,10.18,66.83,2024.0,2
2024-02-20 04:00:00,1205,27.58,77.94,,6.77,69.0,2024.0,2
2024-02-20 05:00:00,1206,27.33,77.8,,9.93,69.0,2024.0,2
2024-02-20 06:00:00,1207,27.89,75.77,,11.04,94.67,2024.0,2
2024-02-20 07:00:00,1208,32.39,62.42,,9.16,93.57,2024.0,2
2024-02-20 08:00:00,1209,34.76,54.6,,8.71,106.0,2024.0,2
2024-02-20 09:00:00,1210,39.55,38.2,,8.0,116.8,2024.0,2
2024-02-20 10:00:00,1211,40.91,33.8,,7.65,116.0,2024.0,2
2024-02-20 11:00:00,1212,39.38,34.46,,8.37,116.0,2024.0,2
2024-02-20 12:00:00,1213,40.74,31.32,,8.53,116.0,2024.0,2
2024-02-20 13:00:00,1214,37.73,44.14,,7.37,116.0,2024.0,2
2024-02-20 14:00:00,1215,34.2,55.19,,7.52,116.0,2024.0,2
2024-02-20 15:00:00,1216,28.47,73.59,,8.51,116.0,2024.0,2
2024-02-20 16:00:00,1217,28.01,72.69,,10.26,64.87,2024.0,2
2024-02-20 17:00:00,1218,28.37,72.03,,10.76,40.53,2024.0,2
2024-02-20 18:00:00,1219,28.05,72.96,,10.83,46.27,2024.0,2
2024-02-20 19:00:00,1220,27.89,75.63,,7.95,84.47,2024.0,2
2024-02-20 20:00:00,1221,27.73,76.91,,8.36,93.13,2024.0,2
2024-02-20 21:00:00,1222,28.13,74.99,,10.24,88.4,2024.0,2
2024-02-20 22:00:00,1223,28.28,74.51,,9.84,83.0,2024.0,2
2024-02-20 23:00:00,1224,28.46,75.29,,9.11,83.0,2024.0,2
2024-02-21 00:00:00,1225,28.32,75.28,,9.7,83.0,2024.0,2
2024-02-21 01:00:00,1226,27.98,77.0,,10.98,83.0,2024.0,2
2024-02-21 02:00:00,1227,27.63,77.41,,6.21,83.0,2024.0,2
2024-02-21 03:00:00,1228,27.45,77.7,,6.2,83.0,2024.0,2
2024-02-21 04:00:00,1229,27.65,77.79,,9.55,83.0,2024.0,2
2024-02-21 05:00:00,1230,27.61,77.69,,10.79,80.27,2024.0,2
2024-02-21 06:00:00,1231,27.25,78.47,,10.2,52.73,2024.0,2
2024-02-21 07:00:00,1232,27.58,78.0,,11.28,46.11,2024.0,2
2024-02-21 08:00:00,1233,28.54,74.76,,11.64,46.97,2024.0,2
2024-02-21 09:00:00,1234,30.35,66.25,,6.89,31.97,2024.0,2
2024-02-21 10:00:00,1235,33.85,55.89,,7.43,25.07,2024.0,2
2024-02-21 11:00:00,1236,37.16,46.22,,7.95,33.07,2024.0,2
2024-02-21 12:00:00,1237,37.62,41.33,,8.71,27.6,2024.0,2
2024-02-21 13:00:00,1238,39.68,34.97,,7.29,24.0,2024.0,2
2024-02-21 14:00:00,1239,37.94,42.95,,6.91,24.0,2024.0,2
2024-02-21 15:00:00,1240,33.93,52.74,,8.48,18.13,2024.0,2
2024-02-21 16:00:00,1241,31.34,60.45,,9.83,26.0,2024.0,2
2024-02-21 17:00:00,1242,29.58,68.84,,9.13,43.03,2024.0,2
2024-02-21 18:00:00,1243,28.17,73.01,,9.82,56.97,2024.0,2
2024-02-21 19:00:00,1244,27.68,73.6,,7.62,58.0,2024.0,2
2024-02-21 20:00:00,1245,27.88,68.69,,9.35,22.97,2024.0,2
2024-02-21 21:00:00,1246,27.77,70.39,,9.25,33.0,2024.0,2
2024-02-21 22:00:00,1247,27.95,69.61,,10.51,33.97,2024.0,2
2024-02-21 23:00:00,1248,27.9,70.19,,8.99,35.5,2024.0,2
2024-02-22 00:00:00,1249,27.74,71.4,,9.35,35.0,2024.0,2
2024-02-22 01:00:00,1250,27.4,73.5,,11.51,35.0,2024.0,2
2024-02-22 02:00:00,1251,26.58,77.42,,11.21,45.14,2024.0,2
2024-02-22 03:00:00,1252,26.31,78.53,,12.19,56.47,2024.0,2
2024-02-22 04:00:00,1253,26.12,78.31,,10.04,71.0,2024.0,2
2024-02-22 05:00:00,1254,26.05,77.99,,10.3,77.6,2024.0,2
2024-02-22 06:00:00,1255,26.53,76.95,,11.08,92.93,2024.0,2
2024-02-22 07:00:00,1256,29.25,68.02,,7.69,109.53,2024.0,2
2024-02-22 08:00:00,1257,36.38,47.69,,8.05,109.73,2024.0,2
2024-02-22 09:00:00,1258,36.87,44.4,,6.57,116.0,2024.0,2
2024-02-22 10:00:00,1259,37.33,38.09,,6.77,116.0,2024.0,2
2024-02-22 11:00:00,1260,36.89,43.05,,7.26,116.0,2024.0,2
2024-02-22 12:00:00,1261,38.1,36.21,,6.81,116.0,2024.0,2
2024-02-22 13:00:00,1262,38.93,30.6,,7.26,116.0,2024.0,2
2024-02-22 14:00:00,1263,39.11,37.65,,7.84,116.0,2024.0,2
2024-02-22 15:00:00,1264,36.67,46.53,,8.81,99.0,2024.0,2
2024-02-22 16:00:00,1265,35.2,48.59,,9.51,24.6,2024.0,2
2024-02-22 17:00:00,1266,27.69,65.58,,7.57,16.2,2024.0,2
2024-02-22 18:00:00,1267,26.49,70.0,,10.07,10.0,2024.0,2
2024-02-22 19:00:00,1268,27.25,68.86,,8.15,10.0,2024.0,2
2024-02-22 20:00:00,1269,28.42,67.61,,8.06,10.0,2024.0,2
2024-02-22 21:00:00,1270,28.33,70.81,,8.22,46.53,2024.0,2
2024-02-22 22:00:00,1271,27.27,74.96,,10.26,73.0,2024.0,2
2024-02-22 23:00:00,1272,27.04,76.68,,12.35,82.23,2024.0,2
2024-02-23 00:00:00,1273,27.0,76.18,,8.74,106.0,2024.0,2
2024-02-23 01:00:00,1274,26.47,78.65,,8.33,106.0,2024.0,2
2024-02-23 02:00:00,1275,26.4,78.71,,10.02,106.0,2024.0,2
2024-02-23 03:00:00,1276,26.6,78.23,,9.01,92.37,2024.0,2
2024-02-23 04:00:00,1277,26.53,78.08,,7.93,103.07,2024.0,2
2024-02-23 05:00:00,1278,26.37,78.58,,9.81,111.0,2024.0,2
2024-02-23 06:00:00,1279,26.78,77.53,,9.36,107.33,2024.0,2
2024-02-23 07:00:00,1280,32.61,60.07,,8.58,105.2,2024.0,2
2024-02-23 08:00:00,1281,39.0,39.48,,7.73,103.03,2024.0,2
2024-02-23 09:00:00,1282,37.54,43.86,,7.85,93.17,2024.0,2
2024-02-23 10:00:00,1283,39.17,35.41,,8.32,72.34,2024.0,2
2024-02-23 11:00:00,1284,40.79,27.74,,7.24,25.5,2024.0,2
2024-02-23 12:00:00,1285,41.54,26.99,,5.89,9.03,2024.0,2
2024-02-23 13:00:00,1286,40.05,32.22,,7.66,11.43,2024.0,2
2024-02-23 14:00:00,1287,36.51,44.47,,7.75,14.97,2024.0,2
2024-02-23 15:00:00,1288,34.89,49.57,,8.45,21.23,2024.0,2
2024-02-23 16:00:00,1289,34.11,53.77,,7.27,19.8,2024.0,2
2024-02-23 17:00:00,1290,31.87,58.66,,8.0,17.0,2024.0,2
2024-02-23 18:00:00,1291,30.52,62.69,,9.16,17.0,2024.0,2
2024-02-23 19:00:00,1292,29.83,65.91,,8.24,17.0,2024.0,2
2024-02-23 20:00:00,1293,28.45,71.62,,9.19,24.87,2024.0,2
2024-02-23 21:00:00,1294,26.83,79.62,,9.69,29.52,2024.0,2
2024-02-23 22:00:00,1295,26.29,80.45,,5.79,27.53,2024.0,2
2024-02-23 23:00:00,1296,26.54,80.19,,9.05,19.94,2024.0,2
2024-02-24 00:00:00,1297,27.33,78.86,,9.96,27.65,2024.0,2
2024-02-24 01:00:00,1298,27.44,77.51,,9.99,30.4,2024.0,2
2024-02-24 02:00:00,1299,27.38,77.71,,11.28,34.4,2024.0,2
2024-02-24 03:00:00,1300,27.41,77.14,,8.96,40.2,2024.0,2
2024-02-24 04:00:00,1301,27.16,78.07,,9.02,39.93,2024.0,2
2024-02-24 05:00:00,1302,27.07,78.23,,8.77,58.0,2024.0,2
2024-02-24 06:00:00,1303,26.99,78.43,,11.48,68.0,2024.0,2
2024-02-24 07:00:00,1304,30.12,69.05,,9.59,76.0,2024.0,2
2024-02-24 08:00:00,1305,35.43,52.42,,9.12,76.0,2024.0,2
2024-02-24 09:00:00,1306,37.25,45.23,,8.71,76.0,2024.0,2
2024-02-24 10:00:00,1307,37.97,39.51,,8.4,76.0,2024.0,2
2024-02-24 11:00:00,1308,37.88,39.86,,7.53,47.2,2024.0,2
2024-02-24 12:00:00,1309,37.49,39.29,,6.42,26.54,2024.0,2
2024-02-24 13:00:00,1310,35.63,45.13,,7.31,24.0,2024.0,2
2024-02-24 14:00:00,1311,34.34,52.01,,7.92,24.0,2024.0,2
2024-02-24 15:00:00,1312,34.14,53.39,,8.57,25.27,2024.0,2
2024-02-24 16:00:00,1313,31.67,61.47,,8.31,61.83,2024.0,2
2024-02-24 17:00:00,1314,30.34,66.64,,10.46,73.1,2024.0,2
2024-02-24 18:00:00,1315,30.33,63.19,,8.16,69.77,2024.0,2
2024-02-24 19:00:00,1316,29.1,68.25,,11.3,58.17,2024.0,2
2024-02-24 20:00:00,1317,28.47,69.64,,9.17,52.2,2024.0,2
2024-02-24 21:00:00,1318,28.44,69.48,,8.58,41.53,2024.0,2
2024-02-24 22:00:00,1319,28.26,72.27,,12.87,35.5,2024.0,2
2024-02-24 23:00:00,1320,27.66,77.98,,10.49,32.7,2024.0,2
2024-02-25 00:00:00,1321,27.5,79.2,,12.79,31.7,2024.0,2
2024-02-25 01:00:00,1322,27.41,79.02,,8.79,32.73,2024.0,2
2024-02-25 02:00:00,1323,27.03,79.47,,7.86,36.03,2024.0,2
2024-02-25 03:00:00,1324,27.23,79.23,,7.52,44.23,2024.0,2
2024-02-25 04:00:00,1325,27.21,79.17,,7.61,51.76,2024.0,2
2024-02-25 05:00:00,1326,26.97,79.3,,9.99,46.58,2024.0,2
2024-02-25 06:00:00,1327,27.71,77.12,,8.03,51.0,2024.0,2
2024-02-25 07:00:00,1328,30.45,68.13,,9.15,51.0,2024.0,2
2024-02-25 08:00:00,1329,33.09,60.29,,9.18,51.0,2024.0,2
2024-02-25 09:00:00,1330,34.89,53.42,,9.29,53.27,2024.0,2
2024-02-25 10:00:00,1331,35.84,49.73,,8.7,44.73,2024.0,2
2024-02-25 11:00:00,1332,34.69,52.49,,10.07,34.53,2024.0,2
2024-02-25 12:00:00,1333,35.49,48.97,,8.7,25.07,2024.0,2
2024-02-25 13:00:00,1334,33.65,54.03,,9.49,18.4,2024.0,2
2024-02-25 14:00:00,1335,33.21,53.15,,8.78,8.73,2024.0,2
2024-02-25 15:00:00,1336,31.0,57.48,,9.58,12.8,2024.0,2
2024-02-25 16:00:00,1337,31.22,60.33,,6.95,24.13,2024.0,2
2024-02-25 17:00:00,1338,28.27,69.08,,10.7,18.48,2024.0,2
2024-02-25 18:00:00,1339,25.87,78.13,,9.46,17.27,2024.0,2
2024-02-25 19:00:00,1340,26.63,77.61,,11.8,34.07,2024.0,2
2024-02-25 20:00:00,1341,26.49,77.48,,7.71,38.0,2024.0,2
2024-02-25 21:00:00,1342,26.59,77.47,,9.94,38.0,2024.0,2
2024-02-25 22:00:00,1343,26.05,78.11,,9.75,38.0,2024.0,2
2024-02-25 23:00:00,1344,26.35,78.13,,9.62,38.0,2024.0,2
2024-02-26 00:00:00,1345,26.5,78.2,,10.63,38.0,2024.0,2
2024-02-26 01:00:00,1346,26.53,78.22,,12.23,46.93,2024.0,2
2024-02-26 02:00:00,1347,25.93,79.18,,9.84,63.0,2024.0,2
2024-02-26 03:00:00,1348,26.42,77.88,,11.35,53.66,2024.0,2
2024-02-26 04:00:00,1349,26.76,77.13,,10.14,41.2,2024.0,2
2024-02-26 05:00:00,1350,26.54,78.87,,9.38,50.97,2024.0,2
2024-02-26 06:00:00,1351,26.8,78.07,,9.15,57.9,2024.0,2
2024-02-26 07:00:00,1352,33.65,57.46,,9.23,54.43,2024.0,2
2024-02-26 08:00:00,1353,38.46,41.17,,6.38,50.37,2024.0,2
2024-02-26 09:00:00,1354,37.01,44.11,,6.77,52.4,2024.0,2
2024-02-26 10:00:00,1355,39.94,34.54,,7.47,37.0,2024.0,2
2024-02-26 11:00:00,1356,39.58,34.85,,6.48,30.7,2024.0,2
2024-02-26 12:00:00,1357,35.99,45.73,,9.33,18.3,2024.0,2
2024-02-26 13:00:00,1358,33.73,52.01,,7.5,22.0,2024.0,2
2024-02-26 14:00:00,1359,34.65,48.48,,8.97,19.27,2024.0,2
2024-02-26 15:00:00,1360,33.04,54.92,,9.59,28.8,2024.0,2
2024-02-26 16:00:00,1361,30.83,64.74,,6.89,37.07,2024.0,2
2024-02-26 17:00:00,1362,28.98,70.13,,10.85,39.6,2024.0,2
2024-02-26 18:00:00,1363,28.33,69.47,,9.49,51.73,2024.0,2
2024-02-26 19:00:00,1364,28.21,70.8,,7.79,54.0,2024.0,2
2024-02-26 20:00:00,1365,28.41,71.75,,9.63,54.0,2024.0,2
2024-02-26 21:00:00,1366,29.08,71.21,,12.1,102.73,2024.0,2
2024-02-26 22:00:00,1367,28.64,72.14,,10.58,98.97,2024.0,2
2024-02-26 23:00:00,1368,28.53,72.69,,9.75,98.1,2024.0,2
2024-02-27 00:00:00,1369,28.2,71.68,,7.25,99.0,2024.0,2
2024-02-27 01:00:00,1370,28.32,70.64,,8.58,99.0,2024.0,2
2024-02-27 02:00:00,1371,28.17,71.66,,10.53,99.0,2024.0,2
2024-02-27 03:00:00,1372,28.36,70.37,,7.23,71.03,2024.0,2
2024-02-27 04:00:00,1373,27.54,74.12,,10.63,77.57,2024.0,2
2024-02-27 05:00:00,1374,27.45,75.69,,9.39,88.63,2024.0,2
2024-02-27 06:00:00,1375,28.19,74.42,,7.85,117.23,2024.0,2
2024-02-27 07:00:00,1376,33.67,57.04,,7.75,102.21,2024.0,2
2024-02-27 08:00:00,1377,38.44,41.37,,7.57,91.47,2024.0,2
2024-02-27 09:00:00,1378,40.06,34.34,,6.92,77.37,2024.0,2
2024-02-27 10:00:00,1379,39.55,34.5,,8.12,77.0,2024.0,2
2024-02-27 11:00:00,1380,39.36,35.25,,6.87,67.63,2024.0,2
2024-02-27 12:00:00,1381,37.84,40.31,,8.47,52.83,2024.0,2
2024-02-27 13:00:00,1382,36.36,46.82,,7.5,47.93,2024.0,2
2024-02-27 14:00:00,1383,36.02,47.17,,7.48,45.3,2024.0,2
2024-02-29 23:00:00,1440,25.87,87.09,,,,2024.0,2
2024-03-01 00:00:00,1441,26.36,87.02,,,,2024.0,3
2024-03-01 01:00:00,1442,26.18,88.3,,,,2024.0,3
2024-03-01 02:00:00,1443,25.81,89.33,,,,2024.0,3
2024-03-01 03:00:00,1444,25.9,89.57,,,,2024.0,3
2024-03-01 04:00:00,1445,25.51,89.35,,,,2024.0,3
2024-03-01 05:00:00,1446,25.07,90.23,,,,2024.0,3
2024-03-01 06:00:00,1447,25.66,89.43,,,,2024.0,3
2024-03-01 07:00:00,1448,32.15,68.38,,,,2024.0,3
2024-03-01 23:00:00,1464,24.57,97.96,,91.55,,2024.0,3
2024-03-02 00:00:00,1465,23.86,99.98,,92.8,,2024.0,3
2024-03-02 01:00:00,1466,23.98,99.88,,92.8,,2024.0,3
2024-03-02 02:00:00,1467,23.61,99.27,,92.8,,2024.0,3
2024-03-02 03:00:00,1468,23.09,100.0,,92.8,,2024.0,3
2024-03-02 04:00:00,1469,22.96,100.0,,92.8,,2024.0,3
2024-03-02 05:00:00,1470,22.99,100.0,,92.8,,2024.0,3
2024-03-02 06:00:00,1471,23.65,97.83,,92.8,,2024.0,3
2024-03-02 07:00:00,1472,32.27,69.38,,92.8,,2024.0,3
2024-03-02 08:00:00,1473,36.87,54.82,,92.8,,2024.0,3
2024-03-02 09:00:00,1474,39.68,49.26,,75.83,,2024.0,3
2024-03-02 10:00:00,1475,38.99,48.25,,48.02,,2024.0,3
2024-03-02 11:00:00,1476,36.74,49.74,,46.48,,2024.0,3
2024-03-02 20:00:00,1485,23.52,99.24,,89.04,,2024.0,3
2024-03-02 21:00:00,1486,23.43,99.25,,89.04,,2024.0,3
2024-03-02 22:00:00,1487,23.92,97.97,,89.04,,2024.0,3
2024-03-02 23:00:00,1488,23.67,98.17,,89.04,,2024.0,3
2024-03-03 00:00:00,1489,23.58,99.1,,89.04,,2024.0,3
2024-03-03 01:00:00,1490,23.41,99.82,,89.04,,2024.0,3
2024-03-03 02:00:00,1491,23.28,99.96,,89.04,,2024.0,3
2024-03-03 03:00:00,1492,23.31,99.65,,89.04,,2024.0,3
2024-03-03 04:00:00,1493,23.53,97.56,,89.04,,2024.0,3
2024-03-03 05:00:00,1494,23.48,94.85,,89.04,,2024.0,3
2024-03-03 06:00:00,1495,23.95,94.74,,89.04,,2024.0,3
2024-03-03 07:00:00,1496,26.16,88.0,,89.04,,2024.0,3
2024-03-03 08:00:00,1497,27.8,80.71,,89.04,,2024.0,3
2024-03-03 09:00:00,1498,31.44,69.09,,89.04,,2024.0,3
2024-03-03 10:00:00,1499,31.66,67.07,,89.04,,2024.0,3
2024-03-03 11:00:00,1500,31.0,67.56,,89.04,,2024.0,3
2024-03-03 12:00:00,1501,32.83,63.02,,89.04,,2024.0,3
2024-03-03 13:00:00,1502,34.37,59.59,,82.57,,2024.0,3
2024-03-03 14:00:00,1503,33.49,61.08,,62.84,,2024.0,3
2024-03-03 15:00:00,1504,30.12,70.5,,70.39,42.24,2024.0,3
2024-03-03 16:00:00,1505,26.92,83.42,,79.33,,2024.0,3
2024-03-03 17:00:00,1506,25.11,92.97,,87.22,,2024.0,3
2024-03-03 18:00:00,1507,25.19,91.85,,87.86,,2024.0,3
2024-03-03 19:00:00,1508,24.65,98.76,,87.86,,2024.0,3
2024-03-03 20:00:00,1509,25.12,96.75,,87.86,,2024.0,3
2024-03-03 21:00:00,1510,24.91,96.42,,87.86,,2024.0,3
2024-03-03 22:00:00,1511,24.22,97.76,,87.86,,2024.0,3
2024-03-03 23:00:00,1512,24.3,97.71,,87.86,,2024.0,3
2024-03-04 00:00:00,1513,24.0,99.04,,87.86,,2024.0,3
2024-03-04 01:00:00,1514,23.9,98.56,,87.86,,2024.0,3
2024-03-04 02:00:00,1515,23.61,98.57,,87.86,,2024.0,3
2024-03-04 03:00:00,1516,23.24,99.08,,87.86,,2024.0,3
2024-03-04 04:00:00,1517,23.1,99.06,,87.86,,2024.0,3
2024-03-04 05:00:00,1518,22.75,99.9,,87.86,,2024.0,3
2024-03-04 06:00:00,1519,24.09,93.04,,87.86,,2024.0,3
2024-03-04 07:00:00,1520,33.12,63.82,,87.04,,2024.0,3
2024-03-04 08:00:00,1521,36.84,53.0,,63.37,,2024.0,3
2024-03-04 09:00:00,1522,34.31,58.52,,62.62,47.69,2024.0,3
2024-03-04 10:00:00,1523,37.59,51.72,,56.54,47.87,2024.0,3
2024-03-04 11:00:00,1524,34.81,57.05,,57.95,27.2,2024.0,3
2024-03-04 12:00:00,1525,32.23,63.12,,62.27,8.76,2024.0,3
2024-03-04 13:00:00,1526,30.0,70.28,,70.69,18.6,2024.0,3
2024-03-04 14:00:00,1527,31.36,67.72,,69.28,19.45,2024.0,3
2024-03-04 15:00:00,1528,31.21,65.48,,67.15,19.33,2024.0,3
2024-03-04 16:00:00,1529,28.91,76.62,,75.4,31.27,2024.0,3
2024-03-04 17:00:00,1530,27.25,85.37,,80.61,34.46,2024.0,3
2024-03-04 18:00:00,1531,26.32,89.75,,80.61,,2024.0,3
2024-03-04 19:00:00,1532,25.53,93.07,,80.61,,2024.0,3
2024-03-04 20:00:00,1533,25.37,94.39,,80.61,,2024.0,3
2024-03-04 21:00:00,1534,25.41,93.19,,80.61,,2024.0,3
2024-03-04 22:00:00,1535,25.04,94.98,,80.61,,2024.0,3
2024-03-04 23:00:00,1536,24.95,94.89,,80.61,,2024.0,3
2024-03-05 00:00:00,1537,24.85,93.63,,80.61,,2024.0,3
2024-03-05 01:00:00,1538,24.44,92.05,,80.61,,2024.0,3
2024-03-05 02:00:00,1539,24.19,92.29,,80.61,,2024.0,3
2024-03-05 03:00:00,1540,23.75,94.96,,80.61,,2024.0,3
2024-03-05 04:00:00,1541,23.68,96.28,,80.61,,2024.0,3
2024-03-05 05:00:00,1542,23.52,98.12,,80.61,,2024.0,3
2024-03-05 06:00:00,1543,24.29,95.7,,80.61,,2024.0,3
2024-03-05 07:00:00,1544,26.17,86.92,,80.61,,2024.0,3
2024-03-05 08:00:00,1545,30.91,70.48,,80.61,,2024.0,3
2024-03-05 09:00:00,1546,32.98,63.42,,71.43,,2024.0,3
2024-03-05 10:00:00,1547,36.63,54.21,,57.22,,2024.0,3
2024-03-06 00:00:00,1561,26.09,78.95,,72.5,26.11,2024.0,3
2024-03-06 01:00:00,1562,26.1,80.15,,73.11,,2024.0,3
2024-03-06 02:00:00,1563,26.13,79.81,,72.84,,2024.0,3
2024-03-06 03:00:00,1564,26.1,80.2,,73.14,,2024.0,3
2024-03-06 04:00:00,1565,26.09,81.03,,73.61,,2024.0,3
2024-03-06 05:00:00,1566,26.0,81.77,,74.23,,2024.0,3
2024-03-06 06:00:00,1567,26.0,82.48,,74.35,,2024.0,3
2024-03-06 07:00:00,1568,26.0,82.76,,74.35,,2024.0,3
2024-03-06 08:00:00,1569,26.16,82.48,,74.35,,2024.0,3
2024-03-06 09:00:00,1570,26.12,80.84,,73.73,,2024.0,3
2024-03-06 10:00:00,1571,25.13,70.97,,64.71,,2024.0,3
2024-03-06 11:00:00,1572,24.91,65.1,,59.0,,2024.0,3
2024-03-06 12:00:00,1573,24.85,61.94,,56.16,,2024.0,3
2024-03-06 13:00:00,1574,24.78,61.06,,55.28,28.17,2024.0,3
2024-03-06 14:00:00,1575,24.93,59.76,,54.11,29.0,2024.0,3
2024-03-06 15:00:00,1576,24.87,60.87,,54.93,23.73,2024.0,3
2024-03-06 23:00:00,1584,22.88,100.0,,,74.28,2024.0,3
2024-03-07 00:00:00,1585,22.59,100.0,,,71.92,2024.0,3
2024-03-07 04:00:00,1589,22.2,100.0,,,48.47,2024.0,3
2024-03-07 09:00:00,1594,32.58,63.76,,,75.25,2024.0,3
2024-03-07 23:00:00,1608,23.03,100.0,,,101.06,2024.0,3
2024-03-08 06:00:00,1615,23.15,100.0,,,62.78,2024.0,3
2024-03-09 01:00:00,1634,21.92,100.0,,,22.25,2024.0,3
2024-03-09 04:00:00,1637,21.23,100.0,,,9.93,2024.0,3
2024-03-09 06:00:00,1639,21.91,99.98,,,19.87,2024.0,3
2024-03-09 07:00:00,1640,22.88,99.49,,,12.26,2024.0,3
2024-03-10 04:00:00,1661,21.2,99.3,,,84.76,2024.0,3
2024-03-11 00:00:00,1681,22.86,94.96,,,53.32,2024.0,3
2024-03-11 01:00:00,1682,22.76,95.69,,,62.28,2024.0,3
2024-03-11 16:00:00,1697,25.49,84.24,,,28.52,2024.0,3
2024-03-11 17:00:00,1698,24.35,89.81,,,27.83,2024.0,3
2024-03-12 00:00:00,1705,21.4,100.0,,,19.92,2024.0,3
2024-03-12 07:00:00,1712,25.67,91.66,,,37.06,2024.0,3
2024-03-12 19:00:00,1724,24.08,78.41,,,51.04,2024.0,3
2024-03-12 21:00:00,1726,23.43,82.17,,,45.67,2024.0,3
2024-03-13 02:00:00,1731,22.49,90.4,,,55.51,2024.0,3
2024-03-13 05:00:00,1734,22.8,93.7,,,40.55,2024.0,3
2024-03-13 06:00:00,1735,23.19,92.66,,,39.88,2024.0,3
2024-03-13 13:00:00,1742,26.39,78.18,,,59.39,2024.0,3
2024-03-20 16:00:00,1913,33.8,54.13,,,22.93,2024.0,3
2024-03-20 17:00:00,1914,31.17,59.48,,,27.31,2024.0,3
2024-03-20 18:00:00,1915,28.99,63.75,,,31.27,2024.0,3
2024-03-20 19:00:00,1916,27.53,67.35,,,31.83,2024.0,3
2024-03-20 20:00:00,1917,27.18,67.9,,,27.1,2024.0,3
2024-03-20 21:00:00,1918,26.48,69.2,,,41.48,2024.0,3
2024-03-20 22:00:00,1919,25.59,73.43,,,71.27,2024.0,3
2024-03-20 23:00:00,1920,24.72,79.5,,,133.47,2024.0,3
2024-03-21 00:00:00,1921,23.65,80.39,,,78.76,2024.0,3
2024-03-21 01:00:00,1922,22.89,83.09,,,63.63,2024.0,3
2024-03-21 02:00:00,1923,22.12,85.38,,,61.99,2024.0,3
2024-03-21 03:00:00,1924,21.52,85.33,,,49.42,2024.0,3
2024-03-21 04:00:00,1925,21.17,87.34,,,52.08,2024.0,3
2024-03-21 05:00:00,1926,20.82,89.42,,,73.21,2024.0,3
2024-03-21 06:00:00,1927,21.0,87.01,,,90.73,2024.0,3
2024-03-21 07:00:00,1928,24.75,70.69,,,138.03,2024.0,3
2024-03-21 08:00:00,1929,33.98,51.98,,,137.28,2024.0,3
2024-03-21 09:00:00,1930,33.97,49.08,,,77.4,2024.0,3
2024-03-21 10:00:00,1931,32.07,53.28,,,14.83,2024.0,3
2024-03-21 11:00:00,1932,33.06,51.34,,,24.33,2024.0,3
2024-03-21 12:00:00,1933,33.49,49.87,,,16.76,2024.0,3
2024-03-21 13:00:00,1934,33.89,49.72,,,16.23,2024.0,3
2024-03-21 14:00:00,1935,34.96,47.14,,,19.5,2024.0,3
2024-03-21 15:00:00,1936,35.69,46.69,,,26.07,2024.0,3
2024-03-21 16:00:00,1937,34.53,51.35,,,67.8,2024.0,3
2024-03-21 17:00:00,1938,31.83,60.55,,,88.97,2024.0,3
2024-03-21 18:00:00,1939,27.72,76.81,,,83.69,2024.0,3
2024-03-21 19:00:00,1940,26.46,84.58,,,76.06,2024.0,3
2024-03-21 20:00:00,1941,25.79,86.43,,,68.9,2024.0,3
2024-03-21 21:00:00,1942,25.43,88.3,,,60.55,2024.0,3
2024-03-21 22:00:00,1943,25.49,88.23,,,67.25,2024.0,3
2024-03-21 23:00:00,1944,25.5,88.15,,,82.57,2024.0,3
2024-03-22 00:00:00,1945,24.81,91.63,,,67.13,2024.0,3
2024-03-22 01:00:00,1946,24.36,93.85,,,74.62,2024.0,3
2024-03-22 02:00:00,1947,24.24,93.75,,,76.16,2024.0,3
2024-03-22 03:00:00,1948,24.31,93.36,,,80.85,2024.0,3
2024-03-22 04:00:00,1949,24.12,91.47,,,92.12,2024.0,3
2024-03-22 05:00:00,1950,23.85,91.07,,,99.55,2024.0,3
2024-03-22 06:00:00,1951,24.34,88.71,,,126.81,2024.0,3
2024-03-22 07:00:00,1952,27.94,76.21,,,,2024.0,3
2024-03-22 08:00:00,1953,36.13,54.21,,,116.38,2024.0,3
2024-03-22 09:00:00,1954,38.76,48.06,,,109.23,2024.0,3
2024-03-22 10:00:00,1955,38.51,46.32,,,88.23,2024.0,3
2024-03-22 11:00:00,1956,38.71,45.6,,,90.83,2024.0,3
2024-03-22 12:00:00,1957,34.1,54.73,,,77.6,2024.0,3
2024-03-22 13:00:00,1958,30.41,63.08,,,66.17,2024.0,3
2024-03-22 14:00:00,1959,29.68,70.12,,,113.7,2024.0,3
2024-03-22 15:00:00,1960,29.92,70.46,,,113.76,2024.0,3
2024-03-22 16:00:00,1961,29.86,70.54,,,108.57,2024.0,3
2024-03-22 17:00:00,1962,26.89,80.22,,,79.4,2024.0,3
2024-03-22 18:00:00,1963,26.12,82.58,,,62.1,2024.0,3
2024-03-22 19:00:00,1964,26.23,81.09,,,62.65,2024.0,3
2024-03-22 20:00:00,1965,26.05,81.73,,,59.14,2024.0,3
2024-03-22 21:00:00,1966,26.32,80.12,,,60.17,2024.0,3
2024-03-22 22:00:00,1967,26.03,82.69,,,60.05,2024.0,3
2024-03-22 23:00:00,1968,24.92,90.7,,,72.45,2024.0,3
2024-03-23 00:00:00,1969,24.2,92.25,,,45.43,2024.0,3
2024-03-23 01:00:00,1970,24.02,95.01,,,46.32,2024.0,3
2024-03-23 02:00:00,1971,24.12,94.92,,,61.89,2024.0,3
2024-03-23 03:00:00,1972,23.87,96.83,,,78.48,2024.0,3
2024-03-23 04:00:00,1973,23.63,98.26,,,83.61,2024.0,3
2024-03-23 05:00:00,1974,23.63,98.13,,,90.14,2024.0,3
2024-03-23 06:00:00,1975,25.48,90.51,,,113.2,2024.0,3
2024-03-23 07:00:00,1976,34.16,60.68,,,99.23,2024.0,3
2024-03-23 08:00:00,1977,36.68,52.2,,,57.79,2024.0,3
2024-03-23 09:00:00,1978,36.88,50.21,,,37.67,2024.0,3
2024-03-23 10:00:00,1979,34.3,56.07,,,42.6,2024.0,3
2024-03-23 11:00:00,1980,34.12,54.51,,,27.41,2024.0,3
2024-03-23 12:00:00,1981,35.63,49.98,,,24.27,2024.0,3
2024-03-23 13:00:00,1982,36.82,49.38,,,30.3,2024.0,3
2024-03-23 14:00:00,1983,33.23,59.57,,,45.83,2024.0,3
2024-03-23 15:00:00,1984,33.13,60.82,,,77.13,2024.0,3
2024-03-23 16:00:00,1985,27.98,81.82,,,63.06,2024.0,3
2024-03-23 17:00:00,1986,25.23,92.11,,,39.11,2024.0,3
2024-03-23 18:00:00,1987,25.92,91.1,,,53.97,2024.0,3
2024-03-23 19:00:00,1988,26.3,91.87,,,73.34,2024.0,3
2024-03-23 20:00:00,1989,26.03,91.72,,,71.33,2024.0,3
2024-03-23 21:00:00,1990,25.73,90.14,,,54.78,2024.0,3
2024-03-23 22:00:00,1991,25.46,90.89,,,56.53,2024.0,3
2024-03-23 23:00:00,1992,25.0,93.54,,,97.46,2024.0,3
2024-03-24 00:00:00,1993,24.71,94.8,,,110.1,2024.0,3
2024-03-24 01:00:00,1994,24.47,95.6,,,89.13,2024.0,3
2024-03-24 02:00:00,1995,23.99,94.24,,,55.61,2024.0,3
2024-03-24 03:00:00,1996,23.66,94.6,,,58.49,2024.0,3
2024-03-24 04:00:00,1997,23.4,95.88,,,72.54,2024.0,3
2024-03-24 05:00:00,1998,23.11,97.53,,,80.0,2024.0,3
2024-03-24 06:00:00,1999,24.47,92.72,,,95.39,2024.0,3
2024-03-24 07:00:00,2000,31.62,68.07,,,115.89,2024.0,3
2024-03-24 08:00:00,2001,38.34,49.18,,,69.47,2024.0,3
2024-03-24 09:00:00,2002,34.85,53.88,,,54.86,2024.0,3
2024-03-24 10:00:00,2003,33.43,55.32,,,35.31,2024.0,3
2024-03-24 11:00:00,2004,34.75,50.98,,,20.17,2024.0,3
2024-03-24 12:00:00,2005,35.67,49.4,,,20.97,2024.0,3
2024-03-24 13:00:00,2006,36.63,47.79,,,20.38,2024.0,3
2024-03-24 14:00:00,2007,37.86,47.65,,,30.43,2024.0,3
2024-03-24 15:00:00,2008,34.52,57.01,,,36.13,2024.0,3
2024-03-24 16:00:00,2009,28.33,77.16,,,41.39,2024.0,3
2024-03-24 17:00:00,2010,27.01,79.39,,,49.1,2024.0,3
2024-03-24 18:00:00,2011,26.49,82.68,,,39.89,2024.0,3
2024-03-24 19:00:00,2012,26.84,81.73,,,46.23,2024.0,3
2024-03-24 23:00:00,2016,25.21,90.5,,,23.45,2024.0,3
2024-03-25 00:00:00,2017,24.66,92.32,,,22.55,2024.0,3
2024-03-25 01:00:00,2018,24.54,92.69,,,27.72,2024.0,3
2024-03-25 02:00:00,2019,24.47,93.64,,,30.82,2024.0,3
2024-03-25 03:00:00,2020,24.31,94.53,,,41.61,2024.0,3
2024-03-25 04:00:00,2021,23.93,95.58,,,46.81,2024.0,3
2024-03-25 05:00:00,2022,23.74,97.28,,,51.01,2024.0,3
2024-03-25 06:00:00,2023,24.27,94.9,,,68.68,2024.0,3
2024-03-25 07:00:00,2024,26.45,85.1,,,77.31,2024.0,3
2024-03-25 08:00:00,2025,34.84,58.23,,,71.67,2024.0,3
2024-03-25 09:00:00,2026,35.1,55.0,,,48.17,2024.0,3
2024-03-25 10:00:00,2027,34.72,53.69,,,38.8,2024.0,3
2024-03-25 11:00:00,2028,35.49,51.53,,,42.3,2024.0,3
2024-03-25 12:00:00,2029,35.74,53.66,,,68.93,2024.0,3
2024-03-25 13:00:00,2030,30.23,69.04,,,49.17,2024.0,3
2024-03-25 14:00:00,2031,28.83,70.5,,,61.52,2024.0,3
2024-03-25 15:00:00,2032,29.83,69.99,,,87.6,2024.0,3
2024-03-25 16:00:00,2033,28.88,76.55,,,86.27,2024.0,3
2024-03-25 17:00:00,2034,25.66,88.2,,,38.8,2024.0,3
2024-03-25 18:00:00,2035,25.64,90.3,,,64.6,2024.0,3
2024-03-25 19:00:00,2036,25.87,87.6,,,61.24,2024.0,3
2024-03-25 20:00:00,2037,25.81,87.72,,,47.9,2024.0,3
2024-03-25 21:00:00,2038,25.33,89.87,,,49.19,2024.0,3
2024-03-25 22:00:00,2039,24.79,93.56,,,50.81,2024.0,3
2024-03-25 23:00:00,2040,24.89,93.94,,,78.9,2024.0,3
2024-03-26 00:00:00,2041,24.48,93.92,,,45.77,2024.0,3
2024-03-26 01:00:00,2042,24.18,95.74,,,59.61,2024.0,3
2024-03-26 02:00:00,2043,24.44,95.95,,,68.03,2024.0,3
2024-03-26 03:00:00,2044,24.33,95.63,,,71.87,2024.0,3
2024-03-26 04:00:00,2045,23.93,97.04,,,81.36,2024.0,3
2024-03-26 05:00:00,2046,23.68,98.49,,,86.65,2024.0,3
2024-03-26 06:00:00,2047,24.56,93.52,,,89.24,2024.0,3
2024-03-26 07:00:00,2048,30.85,69.15,,,93.7,2024.0,3
2024-03-26 08:00:00,2049,36.23,53.87,,,68.73,2024.0,3
2024-03-26 09:00:00,2050,36.73,49.45,,,34.93,2024.0,3
2024-03-26 10:00:00,2051,35.49,49.73,,,30.79,2024.0,3
2024-03-26 11:00:00,2052,33.73,52.98,,,35.23,2024.0,3
2024-03-26 12:00:00,2053,32.85,54.79,,,37.57,2024.0,3
2024-03-26 13:00:00,2054,33.5,55.48,,,49.48,2024.0,3
2024-03-26 14:00:00,2055,30.89,64.08,,,84.8,2024.0,3
2024-03-26 15:00:00,2056,33.82,57.05,,,86.37,2024.0,3
2024-03-26 16:00:00,2057,34.84,55.0,,,64.3,2024.0,3
2024-03-26 17:00:00,2058,29.77,70.6,,,63.62,2024.0,3
2024-03-26 18:00:00,2059,27.62,78.76,,,76.77,2024.0,3
2024-03-26 19:00:00,2060,26.89,83.05,,,62.2,2024.0,3
2024-03-26 20:00:00,2061,25.94,88.15,,,78.02,2024.0,3
2024-03-26 21:00:00,2062,25.65,89.4,,,89.24,2024.0,3
2024-03-26 22:00:00,2063,25.53,88.56,,,64.74,2024.0,3
2024-03-26 23:00:00,2064,25.31,88.98,,,46.32,2024.0,3
2024-03-27 00:00:00,2065,25.14,85.24,,,21.91,2024.0,3
2024-03-27 01:00:00,2066,25.04,85.24,,,19.97,2024.0,3
2024-03-27 02:00:00,2067,24.59,88.22,,,21.17,2024.0,3
2024-03-27 03:00:00,2068,23.73,93.52,,,17.6,2024.0,3
2024-03-27 04:00:00,2069,23.68,94.01,,,23.94,2024.0,3
2024-03-27 05:00:00,2070,23.63,94.4,,,30.62,2024.0,3
2024-03-27 06:00:00,2071,24.72,87.03,,,32.88,2024.0,3
2024-03-27 07:00:00,2072,27.91,73.31,,,39.23,2024.0,3
2024-03-27 08:00:00,2073,35.54,52.57,,,34.17,2024.0,3
2024-03-27 09:00:00,2074,35.37,52.39,,,35.34,2024.0,3
2024-03-27 10:00:00,2075,33.66,55.42,,,20.4,2024.0,3
2024-03-27 11:00:00,2076,33.37,55.66,,,15.77,2024.0,3
2024-03-27 12:00:00,2077,31.34,63.16,,,32.13,2024.0,3
2024-03-27 13:00:00,2078,33.29,58.8,,,33.31,2024.0,3
2024-03-27 14:00:00,2079,32.95,59.63,,,32.5,2024.0,3
2024-03-27 15:00:00,2080,25.75,86.71,,,15.25,2024.0,3
2024-03-27 16:00:00,2081,24.6,94.05,,,34.79,2024.0,3
2024-03-27 17:00:00,2082,25.42,91.98,,,45.03,2024.0,3
2024-03-27 18:00:00,2083,24.74,93.98,,,47.77,2024.0,3
2024-03-27 19:00:00,2084,24.82,93.61,,,54.94,2024.0,3
2024-03-27 20:00:00,2085,24.62,94.59,,,53.6,2024.0,3
2024-03-27 21:00:00,2086,24.88,94.21,,,65.64,2024.0,3
2024-03-27 22:00:00,2087,25.15,93.38,,,72.43,2024.0,3
2024-03-27 23:00:00,2088,25.06,93.19,,,87.46,2024.0,3
2024-03-28 00:00:00,2089,24.33,96.03,,,80.45,2024.0,3
2024-03-28 01:00:00,2090,24.1,96.2,,,87.26,2024.0,3
2024-03-28 02:00:00,2091,23.64,97.81,,,83.12,2024.0,3
2024-03-28 03:00:00,2092,23.41,98.36,,,79.08,2024.0,3
2024-03-28 04:00:00,2093,23.27,98.87,,,82.14,2024.0,3
2024-03-28 05:00:00,2094,23.44,97.83,,,78.23,2024.0,3
2024-03-28 06:00:00,2095,23.73,96.45,,,92.55,2024.0,3
2024-03-28 07:00:00,2096,28.58,77.85,,,125.73,2024.0,3
2024-03-28 08:00:00,2097,35.14,57.94,,,,2024.0,3
2024-03-28 09:00:00,2098,37.33,50.9,,,102.37,2024.0,3
2024-03-28 10:00:00,2099,38.07,47.11,,,64.31,2024.0,3
2024-03-28 11:00:00,2100,38.94,43.94,,,48.48,2024.0,3
2024-03-28 12:00:00,2101,34.97,52.88,,,53.66,2024.0,3
2024-03-28 13:00:00,2102,25.3,90.78,,,40.51,2024.0,3
2024-03-28 14:00:00,2103,26.88,85.15,,,35.47,2024.0,3
2024-03-28 15:00:00,2104,29.45,74.93,,,47.99,2024.0,3
2024-03-28 16:00:00,2105,27.46,79.14,,,30.53,2024.0,3
2024-03-28 17:00:00,2106,24.92,90.94,,,33.32,2024.0,3
2024-03-28 18:00:00,2107,24.56,90.16,,,48.78,2024.0,3
2024-03-28 19:00:00,2108,24.26,92.92,,,67.99,2024.0,3
2024-03-28 20:00:00,2109,24.19,93.52,,,72.34,2024.0,3
2024-03-28 21:00:00,2110,23.99,96.52,,,71.78,2024.0,3
2024-03-28 22:00:00,2111,23.64,98.95,,,80.28,2024.0,3
2024-03-28 23:00:00,2112,23.57,98.59,,,95.72,2024.0,3
2024-03-29 00:00:00,2113,23.34,99.05,,,100.59,2024.0,3
2024-03-29 01:00:00,2114,23.1,99.95,,,99.99,2024.0,3
2024-03-29 02:00:00,2115,22.94,99.97,,,109.9,2024.0,3
2024-03-29 03:00:00,2116,22.86,100.0,,,109.03,2024.0,3
2024-03-29 04:00:00,2117,22.54,100.0,,,100.59,2024.0,3
2024-03-29 05:00:00,2118,22.27,100.0,,,110.39,2024.0,3
2024-03-29 06:00:00,2119,24.02,93.41,,,95.56,2024.0,3
2024-03-29 07:00:00,2120,30.06,70.16,,,117.0,2024.0,3
2024-03-29 09:00:00,2122,33.14,59.42,,,40.07,2024.0,3
2024-03-29 10:00:00,2123,32.69,58.95,,,21.33,2024.0,3
2024-03-29 11:00:00,2124,34.51,54.6,,,23.69,2024.0,3
2024-03-29 12:00:00,2125,34.54,55.78,,,27.17,2024.0,3
2024-03-29 13:00:00,2126,29.6,69.89,,,54.2,2024.0,3
2024-03-29 14:00:00,2127,30.17,70.42,,,34.07,2024.0,3
2024-03-29 15:00:00,2128,31.77,62.97,,,18.03,2024.0,3
2024-03-29 16:00:00,2129,30.8,65.12,,,35.1,2024.0,3
2024-03-29 17:00:00,2130,26.94,81.06,,,33.76,2024.0,3
2024-03-29 18:00:00,2131,26.08,84.8,,,30.22,2024.0,3
2024-03-29 19:00:00,2132,25.74,87.85,,,57.26,2024.0,3
2024-03-29 20:00:00,2133,25.84,87.77,,,59.94,2024.0,3
2024-03-29 21:00:00,2134,25.36,91.14,,,68.22,2024.0,3
2024-03-29 22:00:00,2135,24.71,95.33,,,89.62,2024.0,3
2024-03-29 23:00:00,2136,24.46,95.6,,,127.9,2024.0,3
2024-03-30 00:00:00,2137,24.13,96.9,,,107.89,2024.0,3
2024-03-30 01:00:00,2138,23.98,97.02,,,101.17,2024.0,3
2024-03-30 02:00:00,2139,23.57,96.78,,,108.0,2024.0,3
2024-03-30 03:00:00,2140,23.34,97.52,,,96.14,2024.0,3
2024-03-30 04:00:00,2141,23.29,96.99,,,106.23,2024.0,3
2024-03-30 05:00:00,2142,23.12,99.14,,,94.25,2024.0,3
2024-03-30 06:00:00,2143,24.8,92.86,,,110.38,2024.0,3
2024-03-30 07:00:00,2144,32.68,64.34,,,115.62,2024.0,3
2024-03-30 08:00:00,2145,36.53,53.04,,,69.63,2024.0,3
2024-03-30 09:00:00,2146,34.7,57.15,,,62.53,2024.0,3
2024-03-30 10:00:00,2147,32.99,60.34,,,31.07,2024.0,3
2024-03-30 11:00:00,2148,33.72,57.51,,,25.37,2024.0,3
2024-03-30 12:00:00,2149,34.3,54.76,,,22.03,2024.0,3
2024-03-30 13:00:00,2150,35.01,53.24,,,20.73,2024.0,3
2024-03-30 14:00:00,2151,33.7,58.91,,,32.97,2024.0,3
2024-03-30 15:00:00,2152,30.18,69.73,,,57.13,2024.0,3
2024-03-30 16:00:00,2153,29.72,72.87,,,80.7,2024.0,3
2024-03-30 17:00:00,2154,28.69,78.76,,,86.87,2024.0,3
2024-03-30 18:00:00,2155,27.54,79.26,,,73.81,2024.0,3
2024-03-30 19:00:00,2156,26.54,85.53,,,53.14,2024.0,3
2024-03-30 20:00:00,2157,26.1,88.81,,,55.36,2024.0,3
2024-03-30 21:00:00,2158,25.47,90.44,,,46.61,2024.0,3
2024-03-30 22:00:00,2159,25.26,90.85,,,44.73,2024.0,3
2024-03-30 23:00:00,2160,25.15,93.1,,,79.95,2024.0,3
2024-03-31 00:00:00,2161,24.96,94.41,,,83.91,2024.0,3
2024-03-31 01:00:00,2162,24.59,96.13,,,116.24,2024.0,3
2024-03-31 02:00:00,2163,24.13,97.56,,,76.25,2024.0,3
2024-03-31 03:00:00,2164,23.58,98.28,,,86.85,2024.0,3
2024-03-31 04:00:00,2165,23.18,97.85,,,78.81,2024.0,3
2024-03-31 05:00:00,2166,22.84,98.86,,,79.95,2024.0,3
2024-03-31 06:00:00,2167,25.1,90.73,,,97.29,2024.0,3
2024-03-31 07:00:00,2168,31.57,65.66,,,108.63,2024.0,3
2024-03-31 08:00:00,2169,37.35,50.99,,,72.6,2024.0,3
2024-03-31 09:00:00,2170,33.92,55.76,,,42.13,2024.0,3
2024-03-31 10:00:00,2171,33.04,58.74,,,19.52,2024.0,3
2024-03-31 11:00:00,2172,34.07,55.53,,,7.1,2024.0,3
2024-03-31 12:00:00,2173,35.04,49.8,,,6.17,2024.0,3
2024-03-31 13:00:00,2174,36.71,44.8,,,5.03,2024.0,3
2024-03-31 14:00:00,2175,37.85,42.28,,,9.1,2024.0,3
2024-03-31 15:00:00,2176,33.33,57.4,,,34.73,2024.0,3
2024-03-31 16:00:00,2177,33.8,56.53,,,35.17,2024.0,3
2024-03-31 17:00:00,2178,30.43,67.11,,,41.8,2024.0,3
2024-03-31 18:00:00,2179,28.25,75.97,,,48.53,2024.0,3
2024-03-31 19:00:00,2180,27.2,81.38,,,56.42,2024.0,3
2024-03-31 20:00:00,2181,26.3,82.35,,,57.53,2024.0,3
2024-03-31 21:00:00,2182,25.84,84.38,,,40.42,2024.0,3
2024-03-31 22:00:00,2183,25.72,86.56,,,49.88,2024.0,3
2024-03-31 23:00:00,2184,25.4,88.34,,,53.47,2024.0,3
2024-04-01 00:00:00,2185,25.12,90.11,,,75.64,2024.0,4
2024-04-01 01:00:00,2186,24.91,92.22,,,99.56,2024.0,4
2024-04-01 02:00:00,2187,25.44,90.09,,,88.07,2024.0,4
2024-04-01 03:00:00,2188,25.07,90.47,,,86.68,2024.0,4
2024-04-01 04:00:00,2189,24.39,90.48,,,77.59,2024.0,4
2024-04-01 05:00:00,2190,24.97,87.34,,,68.66,2024.0,4
2024-04-01 06:00:00,2191,25.2,88.65,,,96.73,2024.0,4
2024-04-01 07:00:00,2192,30.91,66.7,,,82.86,2024.0,4
2024-04-01 08:00:00,2193,35.7,52.46,,,62.28,2024.0,4
2024-04-01 09:00:00,2194,34.71,51.99,,,40.8,2024.0,4
2024-04-01 10:00:00,2195,35.46,49.26,,,29.37,2024.0,4
2024-04-01 11:00:00,2196,36.69,48.2,,,32.63,2024.0,4
2024-04-01 12:00:00,2197,37.21,45.21,,,24.69,2024.0,4
2024-04-01 13:00:00,2198,37.34,47.69,,,52.5,2024.0,4
2024-04-01 14:00:00,2199,32.01,61.05,,,88.77,2024.0,4
2024-04-01 15:00:00,2200,31.12,63.59,,,69.72,2024.0,4
2024-04-01 16:00:00,2201,28.47,78.53,,,36.02,2024.0,4
2024-04-01 17:00:00,2202,25.73,89.28,,,50.63,2024.0,4
2024-04-01 18:00:00,2203,24.8,91.58,,,41.98,2024.0,4
2024-04-01 19:00:00,2204,24.55,92.11,,,37.43,2024.0,4
2024-04-01 20:00:00,2205,24.3,96.78,,,47.48,2024.0,4
2024-04-01 21:00:00,2206,24.23,97.13,,,47.77,2024.0,4
2024-04-01 22:00:00,2207,24.16,97.78,,,56.83,2024.0,4
2024-04-01 23:00:00,2208,23.93,98.67,,,70.22,2024.0,4
2024-04-02 00:00:00,2209,24.0,97.91,,,88.37,2024.0,4
2024-04-02 01:00:00,2210,24.16,97.15,,,95.58,2024.0,4
2024-04-02 02:00:00,2211,23.78,97.87,,,80.27,2024.0,4
2024-04-02 03:00:00,2212,23.54,99.57,,,86.07,2024.0,4
2024-04-02 04:00:00,2213,23.53,99.73,,,85.51,2024.0,4
2024-04-02 05:00:00,2214,22.62,99.86,,,78.35,2024.0,4
2024-04-02 06:00:00,2215,23.89,94.11,,,62.96,2024.0,4
2024-04-02 07:00:00,2216,28.24,77.89,,,72.74,2024.0,4
2024-04-02 08:00:00,2217,36.48,54.55,,,69.9,2024.0,4
2024-04-02 09:00:00,2218,35.34,55.76,,,54.13,2024.0,4
2024-04-02 10:00:00,2219,35.91,51.34,,,30.77,2024.0,4
2024-04-02 11:00:00,2220,36.82,48.39,,,23.83,2024.0,4
2024-04-02 12:00:00,2221,36.78,49.55,,,29.37,2024.0,4
2024-04-02 13:00:00,2222,36.36,51.16,,,30.23,2024.0,4
2024-04-02 14:00:00,2223,37.16,49.08,,,25.21,2024.0,4
2024-04-02 15:00:00,2224,36.02,55.28,,,65.87,2024.0,4
2024-04-02 16:00:00,2225,34.56,57.44,,,62.17,2024.0,4
2024-04-02 17:00:00,2226,28.18,82.77,,,62.74,2024.0,4
2024-04-02 18:00:00,2227,25.27,89.47,,,26.94,2024.0,4
2024-04-02 19:00:00,2228,24.48,90.73,,,19.5,2024.0,4
2024-04-02 20:00:00,2229,24.99,91.02,,,30.4,2024.0,4
2024-04-02 21:00:00,2230,25.62,86.99,,,31.05,2024.0,4
2024-04-02 22:00:00,2231,26.01,86.94,,,56.44,2024.0,4
2024-04-02 23:00:00,2232,25.28,91.76,,,59.12,2024.0,4
2024-04-03 00:00:00,2233,25.3,94.44,,,76.22,2024.0,4
2024-04-03 01:00:00,2234,25.02,96.59,,,83.2,2024.0,4
2024-04-03 02:00:00,2235,25.17,96.76,,,78.12,2024.0,4
2024-04-03 03:00:00,2236,25.17,95.65,,,81.16,2024.0,4
2024-04-03 04:00:00,2237,25.25,95.59,,,78.53,2024.0,4
2024-04-03 05:00:00,2238,25.14,96.06,,,77.52,2024.0,4
2024-04-03 06:00:00,2239,25.01,97.3,,,90.07,2024.0,4
2024-04-03 07:00:00,2240,30.93,72.54,,,65.99,2024.0,4
2024-04-03 08:00:00,2241,32.57,65.32,,,72.97,2024.0,4
2024-04-03 09:00:00,2242,31.26,69.23,,,63.77,2024.0,4
2024-04-03 10:00:00,2243,32.76,62.63,,,24.97,2024.0,4
2024-04-03 11:00:00,2244,34.63,57.45,,,24.07,2024.0,4
2024-04-03 12:00:00,2245,32.8,61.09,,,17.23,2024.0,4
2024-04-03 13:00:00,2246,33.32,59.04,,,13.2,2024.0,4
2024-04-03 14:00:00,2247,31.53,63.86,,,16.21,2024.0,4
2024-04-03 15:00:00,2248,30.91,67.63,,,25.4,2024.0,4
2024-04-03 16:00:00,2249,28.76,74.91,,,43.34,2024.0,4
2024-04-03 17:00:00,2250,26.24,89.67,,,50.48,2024.0,4
2024-04-03 18:00:00,2251,25.31,93.84,,,46.23,2024.0,4
2024-04-03 19:00:00,2252,25.24,95.43,,,44.62,2024.0,4
2024-04-03 20:00:00,2253,25.18,96.56,,,45.91,2024.0,4
2024-04-03 21:00:00,2254,24.14,98.51,,,18.02,2024.0,4
2024-04-03 22:00:00,2255,23.79,100.0,,,15.3,2024.0,4
2024-04-03 23:00:00,2256,23.99,99.52,,,20.72,2024.0,4
2024-04-04 00:00:00,2257,24.0,98.66,,,35.24,2024.0,4
2024-04-04 01:00:00,2258,23.94,98.15,,,31.6,2024.0,4
2024-04-04 02:00:00,2259,23.98,98.78,,,45.44,2024.0,4
2024-04-04 03:00:00,2260,23.93,99.37,,,49.07,2024.0,4
2024-04-04 04:00:00,2261,24.01,99.39,,,69.12,2024.0,4
2024-04-04 05:00:00,2262,23.82,99.63,,,49.9,2024.0,4
2024-04-04 06:00:00,2263,24.25,99.09,,,53.64,2024.0,4
2024-04-04 07:00:00,2264,28.95,78.48,,,74.78,2024.0,4
2024-04-04 08:00:00,2265,35.77,57.84,,,60.48,2024.0,4
2024-04-04 09:00:00,2266,35.46,56.29,,,41.27,2024.0,4
2024-04-04 10:00:00,2267,33.47,60.49,,,24.17,2024.0,4
2024-04-04 11:00:00,2268,33.47,59.37,,,16.1,2024.0,4
2024-04-04 12:00:00,2269,36.36,50.58,,,12.28,2024.0,4
2024-04-04 13:00:00,2270,35.97,52.36,,,20.03,2024.0,4
2024-04-04 14:00:00,2271,33.92,57.1,,,31.5,2024.0,4
2024-04-04 15:00:00,2272,32.28,63.39,,,30.17,2024.0,4
2024-04-04 16:00:00,2273,30.48,70.1,,,52.1,2024.0,4
2024-04-04 17:00:00,2274,28.39,80.29,,,50.64,2024.0,4
2024-04-04 18:00:00,2275,26.87,86.51,,,48.12,2024.0,4
2024-04-04 19:00:00,2276,26.08,85.39,,,30.44,2024.0,4
2024-04-04 20:00:00,2277,25.8,86.91,,,35.0,2024.0,4
2024-04-04 21:00:00,2278,26.14,87.41,,,49.83,2024.0,4
2024-04-04 22:00:00,2279,26.12,87.92,,,63.47,2024.0,4
2024-04-04 23:00:00,2280,26.4,86.86,,,68.45,2024.0,4
2024-04-05 00:00:00,2281,26.1,89.02,,,75.71,2024.0,4
2024-04-05 01:00:00,2282,25.45,92.61,,,72.13,2024.0,4
2024-04-05 02:00:00,2283,24.91,93.75,,,59.43,2024.0,4
2024-04-05 03:00:00,2284,24.66,94.23,,,58.02,2024.0,4
2024-04-05 04:00:00,2285,24.39,95.31,,,84.63,2024.0,4
2024-04-05 05:00:00,2286,23.91,96.64,,,76.65,2024.0,4
2024-04-05 06:00:00,2287,24.31,95.04,,,94.63,2024.0,4
2024-04-05 07:00:00,2288,27.21,80.75,,,85.53,2024.0,4
2024-04-05 08:00:00,2289,35.49,57.51,,,87.67,2024.0,4
2024-04-05 09:00:00,2290,38.97,47.88,,,63.13,2024.0,4
2024-04-05 10:00:00,2291,38.6,47.17,,,62.9,2024.0,4
2024-04-05 11:00:00,2292,38.92,46.12,,,54.93,2024.0,4
2024-04-05 12:00:00,2293,39.0,46.04,,,63.13,2024.0,4
2024-04-05 13:00:00,2294,36.14,53.77,,,71.5,2024.0,4
2024-04-05 14:00:00,2295,34.26,58.74,,,54.34,2024.0,4
2024-04-05 15:00:00,2296,31.78,62.85,,,49.3,2024.0,4
2024-04-05 16:00:00,2297,32.76,62.93,,,63.07,2024.0,4
2024-04-05 17:00:00,2298,28.37,78.03,,,88.42,2024.0,4
2024-04-05 18:00:00,2299,26.29,84.11,,,47.19,2024.0,4
2024-04-05 19:00:00,2300,25.59,84.48,,,17.98,2024.0,4
2024-04-05 20:00:00,2301,26.04,82.44,,,30.6,2024.0,4
2024-04-05 21:00:00,2302,25.71,85.86,,,53.97,2024.0,4
2024-04-05 22:00:00,2303,25.81,85.12,,,33.41,2024.0,4
2024-04-05 23:00:00,2304,25.78,86.95,,,59.14,2024.0,4
2024-04-06 00:00:00,2305,25.31,89.74,,,53.83,2024.0,4
2024-04-06 01:00:00,2306,24.78,93.02,,,80.38,2024.0,4
2024-04-06 02:00:00,2307,24.2,95.41,,,81.9,2024.0,4
2024-04-06 03:00:00,2308,24.06,95.07,,,112.65,2024.0,4
2024-04-06 04:00:00,2309,23.53,96.37,,,89.87,2024.0,4
2024-04-06 05:00:00,2310,23.51,96.23,,,93.29,2024.0,4
2024-04-06 06:00:00,2311,24.89,91.36,,,90.76,2024.0,4
2024-04-06 07:00:00,2312,31.58,67.87,,,106.17,2024.0,4
2024-04-06 08:00:00,2313,36.66,52.96,,,61.37,2024.0,4
2024-04-06 09:00:00,2314,35.69,52.7,,,35.57,2024.0,4
2024-04-06 10:00:00,2315,37.88,48.95,,,39.17,2024.0,4
2024-04-06 11:00:00,2316,38.42,46.53,,,31.13,2024.0,4
2024-04-06 12:00:00,2317,35.94,52.79,,,61.8,2024.0,4
2024-04-06 13:00:00,2318,32.76,60.8,,,59.69,2024.0,4
2024-04-06 14:00:00,2319,38.21,48.56,,,52.63,2024.0,4
2024-04-06 15:00:00,2320,34.68,56.46,,,55.37,2024.0,4
2024-04-06 16:00:00,2321,28.85,77.79,,,43.47,2024.0,4
2024-04-06 17:00:00,2322,28.1,82.03,,,36.53,2024.0,4
2024-04-06 18:00:00,2323,27.39,85.08,,,49.76,2024.0,4
2024-04-06 19:00:00,2324,27.55,84.22,,,69.75,2024.0,4
2024-04-06 20:00:00,2325,27.2,87.88,,,87.61,2024.0,4
2024-04-06 21:00:00,2326,26.28,90.03,,,75.22,2024.0,4
2024-04-06 22:00:00,2327,25.97,90.65,,,74.24,2024.0,4
2024-04-06 23:00:00,2328,25.97,83.95,,,60.58,2024.0,4
2024-04-07 00:00:00,2329,25.95,82.45,,,60.41,2024.0,4
2024-04-07 01:00:00,2330,25.75,81.57,,,61.46,2024.0,4
2024-04-07 02:00:00,2331,25.49,86.72,,,109.37,2024.0,4
2024-04-07 03:00:00,2332,25.16,86.67,,,68.11,2024.0,4
2024-04-07 04:00:00,2333,24.0,86.72,,,74.79,2024.0,4
2024-04-07 05:00:00,2334,23.06,86.24,,,73.3,2024.0,4
2024-04-07 06:00:00,2335,23.72,78.52,,,107.43,2024.0,4
2024-04-07 07:00:00,2336,29.88,58.41,,,95.43,2024.0,4
2024-04-07 08:00:00,2337,38.66,45.74,,,92.73,2024.0,4
2024-04-07 09:00:00,2338,39.36,45.67,,,76.93,2024.0,4
2024-04-07 10:00:00,2339,37.11,44.54,,,37.57,2024.0,4
2024-04-07 11:00:00,2340,38.01,40.31,,,30.5,2024.0,4
2024-04-07 12:00:00,2341,40.4,38.15,,,47.7,2024.0,4
2024-04-07 13:00:00,2342,36.86,49.73,,,64.1,2024.0,4
2024-04-07 14:00:00,2343,37.46,47.57,,,55.93,2024.0,4
2024-04-07 15:00:00,2344,36.44,50.01,,,63.4,2024.0,4
2024-04-07 16:00:00,2345,34.29,52.58,,,57.34,2024.0,4
2024-04-07 17:00:00,2346,31.48,60.45,,,97.47,2024.0,4
2024-04-07 18:00:00,2347,29.07,74.42,,,108.1,2024.0,4
2024-04-07 19:00:00,2348,27.92,72.35,,,51.17,2024.0,4
2024-04-07 20:00:00,2349,27.27,76.77,,,56.47,2024.0,4
2024-04-07 21:00:00,2350,26.36,85.05,,,47.24,2024.0,4
2024-04-07 22:00:00,2351,25.8,84.32,,,36.29,2024.0,4
2024-04-07 23:00:00,2352,25.36,83.38,,,48.17,2024.0,4
2024-04-08 00:00:00,2353,25.24,85.73,,,60.3,2024.0,4
2024-04-08 01:00:00,2354,24.64,85.03,,,76.49,2024.0,4
2024-04-08 02:00:00,2355,23.9,84.59,,,70.65,2024.0,4
2024-04-08 03:00:00,2356,23.39,83.3,,,59.96,2024.0,4
2024-04-08 04:00:00,2357,22.8,83.85,,,73.5,2024.0,4
2024-04-08 05:00:00,2358,22.47,86.12,,,74.02,2024.0,4
2024-04-08 06:00:00,2359,23.28,82.91,,,127.39,2024.0,4
2024-04-08 07:00:00,2360,30.95,63.17,,,,2024.0,4
2024-04-08 08:00:00,2361,37.03,50.0,,,117.17,2024.0,4
2024-04-08 09:00:00,2362,36.41,51.61,,,72.62,2024.0,4
2024-04-08 10:00:00,2363,34.23,55.7,,,52.83,2024.0,4
2024-04-08 11:00:00,2364,38.48,42.52,,,30.0,2024.0,4
2024-04-08 12:00:00,2365,39.92,40.18,,,42.69,2024.0,4
2024-04-08 13:00:00,2366,38.39,42.35,,,47.2,2024.0,4
2024-04-08 14:00:00,2367,34.6,48.05,,,30.7,2024.0,4
2024-04-08 15:00:00,2368,34.5,48.45,,,29.34,2024.0,4
2024-04-08 16:00:00,2369,31.7,58.98,,,45.3,2024.0,4
2024-04-08 17:00:00,2370,29.4,72.15,,,115.64,2024.0,4
2024-04-08 18:00:00,2371,28.25,77.13,,,,2024.0,4
2024-04-08 19:00:00,2372,27.63,74.44,,,,2024.0,4
2024-04-08 20:00:00,2373,27.49,74.42,,,,2024.0,4
2024-04-08 21:00:00,2374,27.03,77.68,,,131.86,2024.0,4
2024-04-08 22:00:00,2375,26.77,83.04,,,104.36,2024.0,4
2024-04-08 23:00:00,2376,26.15,90.03,,,101.31,2024.0,4
2024-04-09 00:00:00,2377,26.07,90.8,,,76.18,2024.0,4
2024-04-09 01:00:00,2378,24.95,94.42,,,19.36,2024.0,4
2024-04-09 02:00:00,2379,24.61,95.69,,,16.54,2024.0,4
2024-04-09 03:00:00,2380,24.87,94.48,,,27.14,2024.0,4
2024-04-09 04:00:00,2381,24.58,94.96,,,33.41,2024.0,4
2024-04-09 05:00:00,2382,24.56,94.89,,,33.94,2024.0,4
2024-04-09 06:00:00,2383,24.63,95.39,,,54.9,2024.0,4
2024-04-09 07:00:00,2384,23.49,98.35,,,34.68,2024.0,4
2024-04-09 08:00:00,2385,23.12,96.28,,,19.48,2024.0,4
2024-04-09 09:00:00,2386,24.32,89.23,,,16.15,2024.0,4
2024-04-09 10:00:00,2387,26.17,83.47,,,30.21,2024.0,4
2024-04-09 11:00:00,2388,28.28,75.11,,,39.02,2024.0,4
2024-04-09 12:00:00,2389,28.62,73.99,,,46.31,2024.0,4
2024-04-09 13:00:00,2390,31.22,65.15,,,30.63,2024.0,4
2024-04-09 14:00:00,2391,33.61,55.21,,,22.23,2024.0,4
2024-04-09 15:00:00,2392,34.03,54.2,,,27.93,2024.0,4
2024-04-09 16:00:00,2393,31.52,61.69,,,42.43,2024.0,4
2024-04-09 17:00:00,2394,27.95,76.45,,,71.19,2024.0,4
2024-04-09 18:00:00,2395,26.41,81.65,,,65.26,2024.0,4
2024-04-09 19:00:00,2396,25.99,85.26,,,94.31,2024.0,4
2024-04-09 20:00:00,2397,25.81,86.53,,,121.9,2024.0,4
2024-04-09 21:00:00,2398,26.08,85.06,,,119.33,2024.0,4
2024-04-09 22:00:00,2399,25.48,90.68,,,68.2,2024.0,4
2024-04-09 23:00:00,2400,25.12,92.17,,,79.95,2024.0,4
2024-04-10 00:00:00,2401,24.84,93.74,,,99.29,2024.0,4
2024-04-10 01:00:00,2402,24.25,96.14,,,,2024.0,4
2024-04-10 02:00:00,2403,23.8,97.81,,,,2024.0,4
2024-04-10 03:00:00,2404,23.77,97.93,,,125.2,2024.0,4
2024-04-10 04:00:00,2405,23.52,98.78,,,127.65,2024.0,4
2024-04-10 05:00:00,2406,23.44,98.62,,,128.98,2024.0,4
2024-04-10 06:00:00,2407,23.93,95.09,,,105.79,2024.0,4
2024-04-10 07:00:00,2408,28.22,76.41,,,120.37,2024.0,4
2024-04-10 08:00:00,2409,34.14,58.82,,,92.07,2024.0,4
2024-04-10 09:00:00,2410,35.91,54.66,,,80.73,2024.0,4
2024-04-10 10:00:00,2411,37.81,49.79,,,57.0,2024.0,4
2024-04-10 11:00:00,2412,38.2,47.51,,,41.86,2024.0,4
2024-04-10 12:00:00,2413,38.87,46.24,,,42.37,2024.0,4
2024-04-20 16:00:00,2657,27.96,75.79,,,55.27,2024.0,4
2024-04-20 17:00:00,2658,26.9,80.67,,,48.81,2024.0,4
2024-04-20 18:00:00,2659,26.56,82.32,,,56.28,2024.0,4
2024-04-20 19:00:00,2660,26.33,81.47,,,43.91,2024.0,4
2024-04-20 20:00:00,2661,25.8,84.26,,,67.69,2024.0,4
2024-04-20 21:00:00,2662,25.49,86.89,,,83.12,2024.0,4
2024-04-20 22:00:00,2663,25.07,89.16,,,120.53,2024.0,4
2024-04-20 23:00:00,2664,24.94,90.12,,,82.01,2024.0,4
2024-04-21 00:00:00,2665,24.86,89.96,,,102.3,2024.0,4
2024-04-21 01:00:00,2666,24.55,90.8,,,86.34,2024.0,4
2024-04-21 02:00:00,2667,24.35,92.34,,,93.84,2024.0,4
2024-04-21 03:00:00,2668,23.82,94.77,,,110.48,2024.0,4
2024-04-21 04:00:00,2669,23.86,93.99,,,109.29,2024.0,4
2024-04-21 05:00:00,2670,23.64,95.57,,,131.16,2024.0,4
2024-04-21 06:00:00,2671,25.44,88.03,,,112.04,2024.0,4
2024-04-21 07:00:00,2672,30.22,69.46,,,132.59,2024.0,4
2024-04-21 08:00:00,2673,30.49,67.51,,,125.4,2024.0,4
2024-04-21 09:00:00,2674,34.43,55.47,,,58.77,2024.0,4
2024-04-21 10:00:00,2675,33.75,56.8,,,50.03,2024.0,4
2024-04-21 11:00:00,2676,35.87,51.78,,,30.57,2024.0,4
2024-04-21 12:00:00,2677,36.49,48.28,,,6.0,2024.0,4
2024-04-21 13:00:00,2678,35.47,49.82,,,10.48,2024.0,4
2024-04-21 14:00:00,2679,31.19,63.96,,,36.6,2024.0,4
2024-04-21 15:00:00,2680,26.3,82.65,,,26.33,2024.0,4
2024-04-21 16:00:00,2681,25.91,87.62,,,18.62,2024.0,4
2024-04-21 17:00:00,2682,24.05,95.42,,,30.75,2024.0,4
2024-04-21 18:00:00,2683,23.78,97.55,,,24.59,2024.0,4
2024-04-21 19:00:00,2684,23.77,98.0,,,17.19,2024.0,4
2024-04-21 20:00:00,2685,24.28,96.81,,,26.11,2024.0,4
2024-04-21 21:00:00,2686,24.24,97.16,,,36.78,2024.0,4
2024-04-21 22:00:00,2687,24.1,98.49,,,58.45,2024.0,4
2024-04-21 23:00:00,2688,24.07,99.7,,,57.11,2024.0,4
2024-04-22 00:00:00,2689,23.88,98.97,,,51.55,2024.0,4
2024-04-22 01:00:00,2690,23.63,99.37,,,47.06,2024.0,4
2024-04-22 02:00:00,2691,23.44,99.37,,,49.56,2024.0,4
2024-04-22 03:00:00,2692,23.45,98.39,,,40.6,2024.0,4
2024-04-22 04:00:00,2693,23.39,97.97,,,47.22,2024.0,4
2024-04-22 05:00:00,2694,23.31,97.73,,,49.83,2024.0,4
2024-04-22 06:00:00,2695,24.45,92.81,,,49.54,2024.0,4
2024-04-22 07:00:00,2696,31.79,66.04,,,67.66,2024.0,4
2024-04-22 08:00:00,2697,38.71,48.72,,,52.3,2024.0,4
2024-04-22 09:00:00,2698,33.76,58.21,,,53.03,2024.0,4
2024-04-22 10:00:00,2699,33.82,57.11,,,38.87,2024.0,4
2024-04-22 11:00:00,2700,35.48,52.61,,,31.59,2024.0,4
2024-04-22 12:00:00,2701,33.32,61.41,,,70.53,2024.0,4
2024-04-22 13:00:00,2702,31.3,68.57,,,55.27,2024.0,4
2024-04-22 14:00:00,2703,31.06,66.25,,,34.14,2024.0,4
2024-04-22 15:00:00,2704,30.83,66.64,,,36.9,2024.0,4
2024-04-22 16:00:00,2705,32.05,64.66,,,42.73,2024.0,4
2024-04-22 17:00:00,2706,28.17,78.98,,,55.87,2024.0,4
2024-04-22 18:00:00,2707,27.12,80.92,,,46.83,2024.0,4
2024-04-22 19:00:00,2708,27.0,83.02,,,85.41,2024.0,4
2024-04-22 20:00:00,2709,27.0,83.21,,,87.37,2024.0,4
2024-04-22 21:00:00,2710,26.79,85.51,,,96.28,2024.0,4
2024-04-22 22:00:00,2711,25.95,89.56,,,117.27,2024.0,4
2024-04-22 23:00:00,2712,25.91,90.36,,,128.53,2024.0,4
2024-04-23 00:00:00,2713,25.88,89.14,,,109.72,2024.0,4
2024-04-23 01:00:00,2714,25.41,91.32,,,92.19,2024.0,4
2024-04-23 02:00:00,2715,25.27,92.69,,,112.29,2024.0,4
2024-04-23 03:00:00,2716,25.04,93.83,,,129.98,2024.0,4
2024-04-23 04:00:00,2717,24.77,94.61,,,94.29,2024.0,4
2024-04-23 05:00:00,2718,24.72,94.51,,,64.7,2024.0,4
2024-04-23 06:00:00,2719,24.83,94.64,,,62.01,2024.0,4
2024-04-23 07:00:00,2720,29.81,76.91,,,98.31,2024.0,4
2024-04-23 08:00:00,2721,35.6,57.14,,,61.87,2024.0,4
2024-04-23 09:00:00,2722,37.43,51.6,,,44.57,2024.0,4
2024-04-23 10:00:00,2723,37.79,49.94,,,27.47,2024.0,4
2024-04-23 11:00:00,2724,30.82,67.15,,,45.87,2024.0,4
2024-04-23 12:00:00,2725,32.79,61.41,,,35.1,2024.0,4
2024-04-23 13:00:00,2726,29.11,74.84,,,64.53,2024.0,4
2024-04-23 14:00:00,2727,28.08,76.33,,,55.73,2024.0,4
2024-04-23 15:00:00,2728,28.28,75.93,,,46.21,2024.0,4
2024-04-23 16:00:00,2729,30.51,67.66,,,54.93,2024.0,4
2024-04-23 17:00:00,2730,28.46,75.65,,,60.84,2024.0,4
2024-04-23 18:00:00,2731,26.45,83.94,,,59.65,2024.0,4
2024-04-23 19:00:00,2732,25.99,87.84,,,65.75,2024.0,4
2024-04-23 20:00:00,2733,25.93,89.63,,,88.3,2024.0,4
2024-04-23 21:00:00,2734,25.81,91.22,,,103.81,2024.0,4
2024-04-23 22:00:00,2735,25.67,90.31,,,98.37,2024.0,4
2024-04-23 23:00:00,2736,25.2,93.07,,,115.37,2024.0,4
2024-04-24 00:00:00,2737,24.93,94.66,,,137.9,2024.0,4
2024-04-24 01:00:00,2738,23.91,96.33,,,88.75,2024.0,4
2024-04-24 02:00:00,2739,23.8,96.75,,,78.46,2024.0,4
2024-04-24 03:00:00,2740,23.82,96.1,,,90.8,2024.0,4
2024-04-24 04:00:00,2741,23.88,96.3,,,112.92,2024.0,4
2024-04-24 05:00:00,2742,23.62,97.67,,,90.83,2024.0,4
2024-04-24 06:00:00,2743,24.14,96.24,,,98.8,2024.0,4
2024-04-24 07:00:00,2744,27.92,80.82,,,111.24,2024.0,4
2024-04-24 08:00:00,2745,33.41,62.51,,,,2024.0,4
2024-04-24 09:00:00,2746,33.36,60.92,,,116.8,2024.0,4
2024-04-24 10:00:00,2747,36.43,52.38,,,74.97,2024.0,4
2024-04-24 11:00:00,2748,36.4,51.02,,,41.6,2024.0,4
2024-04-24 12:00:00,2749,35.27,53.67,,,42.57,2024.0,4
2024-04-24 13:00:00,2750,31.69,67.43,,,37.06,2024.0,4
2024-04-24 14:00:00,2751,23.89,88.81,,,,2024.0,4
2024-04-24 15:00:00,2752,25.57,85.61,,,,2024.0,4
2024-04-24 16:00:00,2753,28.09,82.12,,,,2024.0,4
2024-04-24 17:00:00,2754,27.32,85.38,,,,2024.0,4
2024-04-24 18:00:00,2755,26.38,88.0,,,,2024.0,4
2024-04-24 19:00:00,2756,25.97,91.71,,,,2024.0,4
2024-04-24 20:00:00,2757,25.74,92.11,,,,2024.0,4
2024-04-24 21:00:00,2758,25.87,92.35,,,,2024.0,4
2024-04-24 22:00:00,2759,25.75,92.84,,,,2024.0,4
2024-04-24 23:00:00,2760,25.43,93.17,,,,2024.0,4
2024-04-25 00:00:00,2761,25.32,94.47,,,,2024.0,4
2024-04-25 01:00:00,2762,25.14,96.64,,,,2024.0,4
2024-04-25 02:00:00,2763,24.88,98.72,,,,2024.0,4
2024-04-25 05:00:00,2766,24.72,99.3,,,99.47,2024.0,4
2024-04-25 06:00:00,2767,25.4,97.1,,,83.66,2024.0,4
2024-04-25 07:00:00,2768,26.89,90.01,,,105.74,2024.0,4
2024-04-25 08:00:00,2769,28.08,84.44,,,61.07,2024.0,4
2024-04-25 09:00:00,2770,29.88,77.11,,,60.86,2024.0,4
2024-04-25 10:00:00,2771,34.15,62.16,,,87.59,2024.0,4
2024-04-25 11:00:00,2772,37.82,52.98,,,81.64,2024.0,4
2024-04-25 12:00:00,2773,37.53,52.29,,,77.0,2024.0,4
2024-04-25 13:00:00,2774,35.31,56.94,,,55.22,2024.0,4
2024-04-25 14:00:00,2775,33.18,63.6,,,55.18,2024.0,4
2024-04-25 15:00:00,2776,31.34,66.58,,,44.37,2024.0,4
2024-04-25 16:00:00,2777,30.03,71.07,,,48.14,2024.0,4
2024-04-25 17:00:00,2778,27.82,82.84,,,44.77,2024.0,4
2024-04-25 18:00:00,2779,23.96,97.78,,,21.6,2024.0,4
2024-04-25 19:00:00,2780,22.5,99.99,,,13.2,2024.0,4
2024-04-25 20:00:00,2781,23.09,100.0,,,27.4,2024.0,4
2024-04-25 21:00:00,2782,23.21,100.0,,,25.5,2024.0,4
2024-04-25 22:00:00,2783,23.41,100.0,,,25.51,2024.0,4
2024-04-25 23:00:00,2784,23.61,99.91,,,27.02,2024.0,4
2024-04-26 00:00:00,2785,23.76,99.61,,,42.11,2024.0,4
2024-04-26 01:00:00,2786,23.62,99.94,,,48.15,2024.0,4
2024-04-26 02:00:00,2787,23.55,100.0,,,46.16,2024.0,4
2024-04-26 03:00:00,2788,23.67,100.0,,,52.91,2024.0,4
2024-04-26 04:00:00,2789,23.61,99.73,,,49.3,2024.0,4
2024-04-26 05:00:00,2790,23.16,100.0,,,64.41,2024.0,4
2024-04-26 06:00:00,2791,23.49,99.04,,,76.18,2024.0,4
2024-04-26 07:00:00,2792,27.68,83.42,,,76.51,2024.0,4
2024-04-26 08:00:00,2793,33.62,62.94,,,101.87,2024.0,4
2024-04-26 09:00:00,2794,32.92,63.06,,,53.33,2024.0,4
2024-04-26 10:00:00,2795,33.36,59.97,,,34.97,2024.0,4
2024-04-26 11:00:00,2796,34.24,57.7,,,28.72,2024.0,4
2024-04-26 12:00:00,2797,31.55,63.63,,,21.13,2024.0,4
2024-04-26 13:00:00,2798,29.03,75.57,,,44.5,2024.0,4
2024-04-26 14:00:00,2799,29.15,77.2,,,48.15,2024.0,4
2024-04-26 15:00:00,2800,29.87,75.11,,,81.57,2024.0,4
2024-04-26 16:00:00,2801,28.25,81.57,,,69.76,2024.0,4
2024-04-26 17:00:00,2802,27.16,85.64,,,72.61,2024.0,4
2024-04-26 18:00:00,2803,26.28,90.64,,,53.42,2024.0,4
2024-04-26 19:00:00,2804,26.21,92.41,,,67.55,2024.0,4
2024-04-26 20:00:00,2805,26.44,91.08,,,62.19,2024.0,4
2024-04-26 21:00:00,2806,25.98,91.02,,,60.88,2024.0,4
2024-04-26 22:00:00,2807,25.4,89.38,,,43.88,2024.0,4
2024-04-26 23:00:00,2808,25.1,86.04,,,24.43,2024.0,4
2024-04-27 00:00:00,2809,24.59,88.44,,,27.63,2024.0,4
2024-04-27 01:00:00,2810,24.19,90.53,,,36.07,2024.0,4
2024-04-27 02:00:00,2811,24.05,92.61,,,44.82,2024.0,4
2024-04-27 03:00:00,2812,23.9,92.89,,,49.85,2024.0,4
2024-04-27 04:00:00,2813,23.56,95.24,,,56.58,2024.0,4
2024-04-27 05:00:00,2814,23.37,96.85,,,65.53,2024.0,4
2024-04-27 06:00:00,2815,24.44,92.52,,,82.59,2024.0,4
2024-04-27 07:00:00,2816,29.83,72.49,,,104.37,2024.0,4
2024-04-27 08:00:00,2817,29.76,70.27,,,86.17,2024.0,4
2024-04-27 09:00:00,2818,32.54,60.78,,,35.53,2024.0,4
2024-04-27 10:00:00,2819,31.83,62.27,,,19.59,2024.0,4
2024-04-27 11:00:00,2820,32.75,59.62,,,7.77,2024.0,4
2024-04-27 12:00:00,2821,34.52,55.01,,,8.1,2024.0,4
2024-04-27 13:00:00,2822,30.87,66.22,,,17.52,2024.0,4
2024-04-27 14:00:00,2823,28.36,76.75,,,46.43,2024.0,4
2024-04-27 15:00:00,2824,28.44,76.32,,,34.34,2024.0,4
2024-04-27 16:00:00,2825,28.22,76.69,,,31.36,2024.0,4
2024-04-27 17:00:00,2826,27.6,76.77,,,31.28,2024.0,4
2024-04-27 18:00:00,2827,26.95,81.47,,,70.5,2024.0,4
2024-04-27 19:00:00,2828,26.44,85.3,,,69.63,2024.0,4
2024-04-27 20:00:00,2829,26.06,88.37,,,98.94,2024.0,4
2024-04-27 21:00:00,2830,25.62,91.21,,,109.23,2024.0,4
2024-04-27 22:00:00,2831,25.4,91.27,,,96.59,2024.0,4
2024-04-27 23:00:00,2832,24.66,93.47,,,94.87,2024.0,4
2024-04-28 00:00:00,2833,24.6,91.85,,,84.66,2024.0,4
2024-04-28 01:00:00,2834,24.69,92.26,,,113.21,2024.0,4
2024-04-28 02:00:00,2835,24.45,93.67,,,107.38,2024.0,4
2024-04-28 03:00:00,2836,24.21,94.12,,,117.11,2024.0,4
2024-04-28 04:00:00,2837,23.82,96.17,,,116.58,2024.0,4
2024-04-28 05:00:00,2838,23.62,97.56,,,131.88,2024.0,4
2024-04-28 06:00:00,2839,24.92,93.56,,,124.62,2024.0,4
2024-04-28 07:00:00,2840,31.86,68.63,,,,2024.0,4
2024-04-28 08:00:00,2841,37.99,51.91,,,,2024.0,4
2024-04-28 09:00:00,2842,35.15,55.95,,,95.0,2024.0,4
2024-04-28 10:00:00,2843,34.69,55.37,,,47.0,2024.0,4
2024-04-28 11:00:00,2844,35.76,49.97,,,18.23,2024.0,4
2024-04-28 12:00:00,2845,35.61,49.61,,,17.55,2024.0,4
2024-04-28 13:00:00,2846,36.3,49.16,,,20.07,2024.0,4
2024-04-28 14:00:00,2847,34.22,57.9,,,47.1,2024.0,4
2024-04-28 15:00:00,2848,30.81,64.36,,,40.29,2024.0,4
2024-04-28 16:00:00,2849,29.6,68.78,,,55.27,2024.0,4
2024-04-28 17:00:00,2850,28.3,75.15,,,61.9,2024.0,4
2024-04-28 18:00:00,2851,27.7,79.04,,,79.97,2024.0,4
2024-04-28 19:00:00,2852,27.35,80.74,,,49.73,2024.0,4
2024-04-28 20:00:00,2853,26.17,85.78,,,46.23,2024.0,4
2024-04-28 21:00:00,2854,25.94,84.96,,,33.81,2024.0,4
2024-04-28 22:00:00,2855,25.78,86.32,,,49.74,2024.0,4
2024-04-28 23:00:00,2856,25.47,88.39,,,52.3,2024.0,4
2024-04-29 00:00:00,2857,25.22,89.69,,,47.93,2024.0,4
2024-04-29 01:00:00,2858,24.82,91.68,,,50.36,2024.0,4
2024-04-29 02:00:00,2859,24.19,95.18,,,67.72,2024.0,4
2024-04-29 03:00:00,2860,23.98,96.51,,,88.02,2024.0,4
2024-04-29 04:00:00,2861,23.78,97.1,,,88.69,2024.0,4
2024-04-29 05:00:00,2862,23.75,95.61,,,67.46,2024.0,4
2024-04-29 06:00:00,2863,25.87,86.67,,,62.79,2024.0,4
2024-04-29 07:00:00,2864,33.87,60.83,,,97.8,2024.0,4
2024-04-29 08:00:00,2865,33.93,59.17,,,49.93,2024.0,4
2024-04-29 09:00:00,2866,32.11,62.11,,,39.8,2024.0,4
2024-04-29 10:00:00,2867,33.04,58.73,,,36.3,2024.0,4
2024-04-29 11:00:00,2868,33.21,57.95,,,36.23,2024.0,4
2024-04-29 12:00:00,2869,35.37,51.96,,,31.86,2024.0,4
2024-04-29 13:00:00,2870,35.3,53.82,,,32.3,2024.0,4
2024-04-29 14:00:00,2871,35.48,52.54,,,31.77,2024.0,4
2024-04-29 15:00:00,2872,35.19,55.58,,,47.14,2024.0,4
2024-04-29 16:00:00,2873,35.64,56.93,,,59.03,2024.0,4
2024-04-29 17:00:00,2874,32.5,65.53,,,59.93,2024.0,4
2024-04-29 18:00:00,2875,30.13,73.94,,,80.55,2024.0,4
2024-04-29 19:00:00,2876,28.3,79.12,,,72.59,2024.0,4
2024-04-29 20:00:00,2877,27.41,82.19,,,67.12,2024.0,4
2024-04-29 21:00:00,2878,26.79,85.18,,,79.43,2024.0,4
2024-04-29 22:00:00,2879,25.9,89.09,,,89.35,2024.0,4
2024-04-29 23:00:00,2880,25.05,91.46,,,64.5,2024.0,4
2024-04-30 00:00:00,2881,24.85,90.2,,,54.15,2024.0,4
2024-04-30 01:00:00,2882,24.71,90.7,,,58.6,2024.0,4
2024-04-30 02:00:00,2883,24.36,91.32,,,61.68,2024.0,4
2024-04-30 03:00:00,2884,23.91,92.31,,,76.87,2024.0,4
2024-04-30 04:00:00,2885,23.79,92.77,,,76.4,2024.0,4
2024-04-30 05:00:00,2886,23.65,95.8,,,99.09,2024.0,4
2024-04-30 06:00:00,2887,24.68,91.02,,,92.1,2024.0,4
2024-04-30 07:00:00,2888,33.13,62.55,,,124.93,2024.0,4
2024-04-30 08:00:00,2889,37.72,50.22,,,86.93,2024.0,4
2024-04-30 09:00:00,2890,35.1,55.22,,,98.03,2024.0,4
2024-04-30 10:00:00,2891,36.56,51.69,,,86.0,2024.0,4
2024-04-30 11:00:00,2892,36.85,50.58,,,66.3,2024.0,4
2024-04-30 12:00:00,2893,36.32,53.11,,,103.93,2024.0,4
2024-04-30 13:00:00,2894,37.27,51.65,,,88.69,2024.0,4
2024-04-30 14:00:00,2895,28.38,79.72,,,75.25,2024.0,4
2024-04-30 15:00:00,2896,30.4,73.34,,,79.67,2024.0,4
2024-04-30 16:00:00,2897,34.46,60.0,,,73.1,2024.0,4
2024-04-30 17:00:00,2898,30.98,68.15,,,76.27,2024.0,4
2024-04-30 18:00:00,2899,28.39,80.46,,,80.17,2024.0,4
2024-04-30 19:00:00,2900,27.07,90.38,,,75.99,2024.0,4
2024-04-30 20:00:00,2901,25.06,98.03,,,32.72,2024.0,4
2024-04-30 21:00:00,2902,25.11,96.14,,,48.17,2024.0,4
2024-04-30 22:00:00,2903,24.96,97.04,,,60.3,2024.0,4
2024-04-30 23:00:00,2904,25.35,96.17,,,64.46,2024.0,4
2024-05-01 00:00:00,2905,25.32,94.66,,,56.08,2024.0,5
2024-05-01 01:00:00,2906,24.76,93.46,,,43.06,2024.0,5
2024-05-01 02:00:00,2907,24.23,96.36,,,68.22,2024.0,5
2024-05-01 03:00:00,2908,24.17,98.51,,,103.43,2024.0,5
2024-05-01 04:00:00,2909,24.2,96.56,,,88.26,2024.0,5
2024-05-01 05:00:00,2910,23.99,97.14,,,87.34,2024.0,5
2024-05-01 06:00:00,2911,25.1,91.37,,,89.85,2024.0,5
2024-05-01 07:00:00,2912,30.98,70.97,,,109.13,2024.0,5
2024-05-01 08:00:00,2913,33.56,61.88,,,101.2,2024.0,5
2024-05-01 09:00:00,2914,32.58,61.99,,,66.9,2024.0,5
2024-05-01 10:00:00,2915,32.18,61.57,,,40.07,2024.0,5
2024-05-01 11:00:00,2916,33.37,58.15,,,37.53,2024.0,5
2024-05-01 12:00:00,2917,33.17,58.98,,,37.21,2024.0,5
2024-05-01 13:00:00,2918,33.53,60.35,,,48.4,2024.0,5
2024-05-01 14:00:00,2919,38.49,50.27,,,49.3,2024.0,5
2024-05-01 15:00:00,2920,33.47,59.59,,,59.0,2024.0,5
2024-05-01 16:00:00,2921,34.91,58.02,,,59.37,2024.0,5
2024-05-01 17:00:00,2922,29.88,75.8,,,92.63,2024.0,5
2024-05-01 18:00:00,2923,28.26,81.88,,,73.08,2024.0,5
2024-05-01 19:00:00,2924,27.88,84.59,,,81.09,2024.0,5
2024-05-01 20:00:00,2925,27.43,86.05,,,97.89,2024.0,5
2024-05-01 21:00:00,2926,26.78,86.54,,,69.03,2024.0,5
2024-05-01 22:00:00,2927,25.72,84.21,,,22.0,2024.0,5
2024-05-01 23:00:00,2928,25.21,85.31,,,20.59,2024.0,5
2024-05-02 00:00:00,2929,25.01,85.99,,,26.34,2024.0,5
2024-05-02 01:00:00,2930,24.91,86.68,,,38.08,2024.0,5
2024-05-02 02:00:00,2931,24.7,87.23,,,34.37,2024.0,5
2024-05-02 03:00:00,2932,24.23,89.37,,,29.97,2024.0,5
2024-05-02 04:00:00,2933,23.94,90.41,,,39.95,2024.0,5
2024-05-02 05:00:00,2934,23.61,91.95,,,47.3,2024.0,5
2024-05-02 06:00:00,2935,24.34,90.43,,,107.08,2024.0,5
2024-05-02 07:00:00,2936,28.8,75.91,,,89.22,2024.0,5
2024-05-02 08:00:00,2937,33.21,59.74,,,61.3,2024.0,5
2024-05-02 09:00:00,2938,36.11,52.22,,,56.7,2024.0,5
2024-05-02 10:00:00,2939,36.32,51.41,,,64.38,2024.0,5
2024-05-02 11:00:00,2940,35.11,53.32,,,56.73,2024.0,5
2024-05-02 12:00:00,2941,34.81,54.41,,,52.87,2024.0,5
2024-05-02 13:00:00,2942,34.65,55.35,,,54.17,2024.0,5
2024-05-02 14:00:00,2943,34.14,56.43,,,52.03,2024.0,5
2024-05-02 15:00:00,2944,33.52,56.58,,,60.67,2024.0,5
2024-05-02 16:00:00,2945,32.08,61.49,,,75.23,2024.0,5
2024-05-02 17:00:00,2946,29.43,69.21,,,80.41,2024.0,5
2024-05-02 18:00:00,2947,28.22,77.43,,,92.7,2024.0,5
2024-05-02 19:00:00,2948,27.69,78.19,,,146.6,2024.0,5
2024-05-02 20:00:00,2949,26.93,79.91,,,145.71,2024.0,5
2024-05-02 21:00:00,2950,26.07,83.46,,,90.18,2024.0,5
2024-05-02 22:00:00,2951,25.28,86.9,,,60.72,2024.0,5
2024-05-02 23:00:00,2952,24.99,86.03,,,49.0,2024.0,5
2024-05-03 00:00:00,2953,24.69,87.86,,,67.99,2024.0,5
2024-05-03 01:00:00,2954,24.47,88.14,,,82.7,2024.0,5
2024-05-03 02:00:00,2955,24.22,88.37,,,56.01,2024.0,5
2024-05-03 03:00:00,2956,23.96,90.31,,,81.56,2024.0,5
2024-05-03 04:00:00,2957,23.46,95.35,,,129.71,2024.0,5
2024-05-03 05:00:00,2958,23.36,95.43,,,132.68,2024.0,5
2024-05-03 06:00:00,2959,25.93,85.91,,,161.0,2024.0,5
2024-05-03 07:00:00,2960,33.14,60.57,,,124.72,2024.0,5
2024-05-03 08:00:00,2961,33.38,57.9,,,72.73,2024.0,5
2024-05-03 09:00:00,2962,34.83,53.58,,,40.47,2024.0,5
2024-05-03 10:00:00,2963,34.25,54.82,,,52.55,2024.0,5
2024-05-03 11:00:00,2964,34.37,52.64,,,42.47,2024.0,5
2024-05-03 12:00:00,2965,35.33,51.36,,,39.97,2024.0,5
2024-05-03 13:00:00,2966,35.17,52.26,,,38.63,2024.0,5
2024-05-03 14:00:00,2967,33.35,55.94,,,44.31,2024.0,5
2024-05-03 15:00:00,2968,32.74,56.79,,,40.1,2024.0,5
2024-05-03 16:00:00,2969,31.33,61.05,,,46.57,2024.0,5
2024-05-03 17:00:00,2970,29.42,68.27,,,57.17,2024.0,5
2024-05-03 18:00:00,2971,28.11,73.88,,,80.33,2024.0,5
2024-05-03 19:00:00,2972,27.27,78.43,,,84.41,2024.0,5
2024-05-03 20:00:00,2973,26.56,82.54,,,65.68,2024.0,5
2024-05-03 21:00:00,2974,25.82,86.06,,,101.29,2024.0,5
2024-05-03 22:00:00,2975,25.51,85.76,,,116.37,2024.0,5
2024-05-03 23:00:00,2976,25.14,86.2,,,105.98,2024.0,5
2024-05-04 00:00:00,2977,24.76,86.98,,,59.91,2024.0,5
2024-05-04 01:00:00,2978,24.48,87.71,,,60.99,2024.0,5
2024-05-04 02:00:00,2979,24.23,88.22,,,57.94,2024.0,5
2024-05-04 03:00:00,2980,23.98,87.54,,,43.95,2024.0,5
2024-05-04 04:00:00,2981,23.69,87.58,,,51.12,2024.0,5
2024-05-04 05:00:00,2982,23.53,89.21,,,77.05,2024.0,5
2024-05-04 06:00:00,2983,24.92,83.11,,,81.28,2024.0,5
2024-05-04 07:00:00,2984,30.23,65.48,,,93.37,2024.0,5
2024-05-04 08:00:00,2985,34.79,53.61,,,87.17,2024.0,5
2024-05-04 09:00:00,2986,35.48,50.47,,,81.93,2024.0,5
2024-05-04 10:00:00,2987,36.33,47.99,,,49.17,2024.0,5
2024-05-04 11:00:00,2988,38.52,43.94,,,55.03,2024.0,5
2024-05-04 12:00:00,2989,38.08,44.18,,,52.62,2024.0,5
2024-05-04 13:00:00,2990,36.91,45.31,,,46.67,2024.0,5
2024-05-04 14:00:00,2991,30.32,68.51,,,65.5,2024.0,5
2024-05-04 15:00:00,2992,22.38,99.77,,,,2024.0,5
2024-05-04 16:00:00,2993,23.43,97.14,,,,2024.0,5
2024-05-04 17:00:00,2994,23.22,94.44,,,,2024.0,5
2024-05-04 18:00:00,2995,23.93,93.49,,,,2024.0,5
2024-05-04 19:00:00,2996,24.27,91.03,,,,2024.0,5
2024-05-04 20:00:00,2997,24.02,92.47,,,,2024.0,5
2024-05-04 21:00:00,2998,24.24,91.38,,,,2024.0,5
2024-05-04 22:00:00,2999,24.22,92.91,,,,2024.0,5
2024-05-04 23:00:00,3000,24.1,93.84,,,,2024.0,5
2024-05-05 00:00:00,3001,23.99,90.67,,,,2024.0,5
2024-05-05 01:00:00,3002,23.44,83.56,,,,2024.0,5
2024-05-05 02:00:00,3003,22.67,86.65,,,,2024.0,5
2024-05-05 03:00:00,3004,22.39,88.67,,,,2024.0,5
2024-05-05 04:00:00,3005,22.14,90.01,,,,2024.0,5
2024-05-05 05:00:00,3006,21.97,91.58,,,,2024.0,5
2024-05-05 06:00:00,3007,22.91,85.13,,,,2024.0,5
2024-05-05 07:00:00,3008,29.25,68.22,,,,2024.0,5
2024-05-05 08:00:00,3009,33.92,54.29,,,,2024.0,5
2024-05-05 09:00:00,3010,37.27,44.53,,,,2024.0,5
2024-05-05 10:00:00,3011,37.21,43.13,,,,2024.0,5
2024-05-05 11:00:00,3012,38.08,43.79,,,,2024.0,5
2024-05-05 12:00:00,3013,37.62,44.9,,,,2024.0,5
2024-05-05 13:00:00,3014,37.28,44.73,,,,2024.0,5
2024-05-05 14:00:00,3015,34.64,49.81,,,,2024.0,5
2024-05-05 15:00:00,3016,29.91,65.87,,,,2024.0,5
2024-05-05 16:00:00,3017,29.39,71.28,,,,2024.0,5
2024-05-05 17:00:00,3018,28.39,73.77,,,,2024.0,5
2024-05-05 18:00:00,3019,27.34,77.48,,,122.28,2024.0,5
2024-05-05 19:00:00,3020,26.39,77.66,,,147.53,2024.0,5
2024-05-05 20:00:00,3021,25.72,80.72,,,117.26,2024.0,5
2024-05-05 21:00:00,3022,25.01,85.53,,,135.51,2024.0,5
2024-05-05 22:00:00,3023,24.33,89.57,,,137.55,2024.0,5
2024-05-05 23:00:00,3024,24.05,89.71,,,,2024.0,5
2024-05-06 00:00:00,3025,23.48,89.37,,,,2024.0,5
2024-05-06 01:00:00,3026,23.15,90.5,,,,2024.0,5
2024-05-06 02:00:00,3027,22.78,90.64,,,77.1,2024.0,5
2024-05-06 03:00:00,3028,22.7,89.54,,,66.46,2024.0,5
2024-05-06 04:00:00,3029,22.57,89.79,,,56.7,2024.0,5
2024-05-06 05:00:00,3030,22.53,90.42,,,,2024.0,5
2024-05-06 06:00:00,3031,23.11,86.27,,,76.53,2024.0,5
2024-05-06 07:00:00,3032,31.18,61.29,,,119.43,2024.0,5
2024-05-06 08:00:00,3033,32.26,55.99,,,88.15,2024.0,5
2024-05-06 09:00:00,3034,33.23,51.88,,,49.5,2024.0,5
2024-05-06 10:00:00,3035,34.35,49.31,,,,2024.0,5
2024-05-06 12:00:00,3037,36.04,46.23,,,44.21,2024.0,5
2024-05-06 13:00:00,3038,37.48,43.69,,,,2024.0,5
2024-05-06 14:00:00,3039,35.0,48.88,,,,2024.0,5
2024-05-06 15:00:00,3040,33.72,55.6,,,,2024.0,5
2024-05-06 16:00:00,3041,30.41,61.81,,,56.04,2024.0,5
2024-05-06 17:00:00,3042,28.28,67.81,,,59.96,2024.0,5
2024-05-06 18:00:00,3043,27.31,71.27,,,77.09,2024.0,5
2024-05-06 19:00:00,3044,26.66,75.82,,,,2024.0,5
2024-05-06 20:00:00,3045,25.52,78.62,,,,2024.0,5
2024-05-06 21:00:00,3046,24.54,81.23,,,,2024.0,5
2024-05-06 22:00:00,3047,24.3,79.38,,,,2024.0,5
2024-05-06 23:00:00,3048,23.79,79.72,,,,2024.0,5
2024-05-07 00:00:00,3049,23.36,80.21,,,,2024.0,5
2024-05-07 01:00:00,3050,23.25,77.23,,,,2024.0,5
2024-05-07 02:00:00,3051,22.65,77.42,,,,2024.0,5
2024-05-07 03:00:00,3052,21.98,81.09,,,,2024.0,5
2024-05-07 04:00:00,3053,21.66,88.54,,,,2024.0,5
2024-05-07 05:00:00,3054,21.36,86.32,,,,2024.0,5
2024-05-07 06:00:00,3055,24.47,72.44,,,,2024.0,5
2024-05-07 07:00:00,3056,27.95,65.4,,,,2024.0,5
2024-05-07 08:00:00,3057,33.83,47.63,,,,2024.0,5
2024-05-07 09:00:00,3058,36.45,40.59,,,,2024.0,5
2024-05-07 10:00:00,3059,33.92,43.91,,,,2024.0,5
2024-05-07 11:00:00,3060,36.26,38.98,,,,2024.0,5
2024-05-07 12:00:00,3061,36.1,38.71,,,,2024.0,5
2024-05-07 13:00:00,3062,37.12,34.68,,,,2024.0,5
2024-05-07 14:00:00,3063,38.73,36.84,,,,2024.0,5
2024-05-07 15:00:00,3064,39.12,41.48,,,,2024.0,5
2024-05-07 19:00:00,3068,27.01,70.14,,0.0,137.62,2024.0,5
2024-05-07 20:00:00,3069,25.84,78.14,,0.0,168.17,2024.0,5
2024-05-07 21:00:00,3070,25.25,78.64,,0.0,130.83,2024.0,5
2024-05-07 22:00:00,3071,24.94,80.4,,0.0,94.75,2024.0,5
2024-05-07 23:00:00,3072,24.14,84.23,,0.0,89.49,2024.0,5
2024-05-08 00:00:00,3073,23.44,85.84,,0.0,79.48,2024.0,5
2024-05-08 01:00:00,3074,23.44,86.22,,0.0,89.32,2024.0,5
2024-05-08 02:00:00,3075,23.31,85.99,,0.0,64.05,2024.0,5
2024-05-08 03:00:00,3076,23.12,87.17,,0.0,80.98,2024.0,5
2024-05-08 04:00:00,3077,22.85,87.06,,0.0,110.41,2024.0,5
2024-05-08 05:00:00,3078,22.52,91.98,,0.0,,2024.0,5
2024-05-08 06:00:00,3079,23.71,83.42,,0.0,133.17,2024.0,5
2024-05-08 07:00:00,3080,27.97,68.2,,0.0,158.03,2024.0,5
2024-05-08 08:00:00,3081,31.53,58.74,,0.0,150.93,2024.0,5
2024-05-08 09:00:00,3082,35.9,47.91,,0.0,95.13,2024.0,5
2024-05-08 10:00:00,3083,35.2,49.7,,0.0,100.62,2024.0,5
2024-05-08 11:00:00,3084,38.91,42.79,,0.0,77.77,2024.0,5
2024-05-08 12:00:00,3085,38.93,42.53,,0.0,82.0,2024.0,5
2024-05-08 13:00:00,3086,36.08,47.24,,0.0,107.79,2024.0,5
2024-05-08 14:00:00,3087,34.89,52.5,,0.0,116.07,2024.0,5
2024-05-08 15:00:00,3088,31.91,60.16,,0.0,107.3,2024.0,5
2024-05-08 16:00:00,3089,28.79,71.63,,0.0,111.76,2024.0,5
2024-05-08 17:00:00,3090,26.79,82.3,,0.0,100.58,2024.0,5
2024-05-08 18:00:00,3091,26.53,83.51,,0.0,119.98,2024.0,5
2024-05-08 19:00:00,3092,26.3,86.12,,0.0,,2024.0,5
2024-05-08 20:00:00,3093,25.73,88.76,,0.0,147.43,2024.0,5
2024-05-08 21:00:00,3094,25.6,89.39,,0.0,120.21,2024.0,5
2024-05-08 22:00:00,3095,25.08,89.74,,0.0,93.8,2024.0,5
2024-05-08 23:00:00,3096,25.29,90.24,,0.0,132.45,2024.0,5
2024-05-09 00:00:00,3097,25.0,90.12,,0.0,130.14,2024.0,5
2024-05-09 01:00:00,3098,24.51,90.57,,0.0,102.18,2024.0,5
2024-05-09 02:00:00,3099,23.81,94.33,,0.0,129.98,2024.0,5
2024-05-09 03:00:00,3100,23.48,95.3,,0.0,131.99,2024.0,5
2024-05-09 04:00:00,3101,23.27,95.76,,0.0,149.39,2024.0,5
2024-05-09 05:00:00,3102,22.94,96.89,,0.0,,2024.0,5
2024-05-09 06:00:00,3103,23.93,91.34,,0.0,,2024.0,5
2024-05-09 07:00:00,3104,29.67,69.46,,0.0,188.87,2024.0,5
2024-05-09 08:00:00,3105,35.0,54.54,,0.0,141.21,2024.0,5
2024-05-09 09:00:00,3106,35.9,51.96,,0.0,133.97,2024.0,5
2024-05-09 10:00:00,3107,34.94,52.62,,0.0,132.73,2024.0,5
2024-05-09 11:00:00,3108,35.65,48.58,,0.0,69.86,2024.0,5
2024-05-09 12:00:00,3109,34.66,49.21,,0.0,63.77,2024.0,5
2024-05-09 13:00:00,3110,34.49,54.26,,0.0,109.8,2024.0,5
2024-05-09 14:00:00,3111,30.74,62.03,,0.0,78.41,2024.0,5
2024-05-09 15:00:00,3112,28.01,75.09,,0.0,110.29,2024.0,5
2024-05-09 16:00:00,3113,26.77,83.9,,0.0,136.79,2024.0,5
2024-05-09 17:00:00,3114,26.27,89.08,,0.0,138.15,2024.0,5
2024-05-09 18:00:00,3115,26.26,87.24,,0.0,112.98,2024.0,5
2024-05-09 19:00:00,3116,25.96,87.39,,0.0,115.38,2024.0,5
2024-05-09 20:00:00,3117,25.57,88.18,,0.0,107.47,2024.0,5
2024-05-09 21:00:00,3118,25.29,87.3,,0.0,89.8,2024.0,5
2024-05-09 22:00:00,3119,25.38,87.03,,0.0,93.82,2024.0,5
2024-05-09 23:00:00,3120,24.91,89.3,,0.0,141.25,2024.0,5
2024-05-10 00:00:00,3121,24.63,90.91,,0.0,,2024.0,5
2024-05-10 01:00:00,3122,24.26,94.21,,0.0,130.03,2024.0,5
2024-05-10 02:00:00,3123,23.84,95.56,,0.0,,2024.0,5
2024-05-10 03:00:00,3124,23.77,96.2,,0.0,141.19,2024.0,5
2024-05-10 04:00:00,3125,23.48,96.72,,0.0,153.0,2024.0,5
2024-05-10 05:00:00,3126,23.11,97.47,,0.0,,2024.0,5
2024-05-10 06:00:00,3127,24.31,92.83,,0.0,,2024.0,5
2024-05-10 07:00:00,3128,30.75,68.99,,0.0,,2024.0,5
2024-05-10 08:00:00,3129,33.86,58.93,,0.0,162.43,2024.0,5
2024-05-10 09:00:00,3130,35.54,53.2,,0.0,107.24,2024.0,5
2024-05-10 10:00:00,3131,33.88,54.36,,0.0,63.97,2024.0,5
2024-05-10 11:00:00,3132,35.42,50.94,,0.0,69.6,2024.0,5
2024-05-10 12:00:00,3133,36.06,48.49,,0.0,55.03,2024.0,5
2024-05-10 13:00:00,3134,35.76,48.84,,0.0,53.37,2024.0,5
2024-05-10 14:00:00,3135,34.58,52.28,,0.0,57.07,2024.0,5
2024-05-10 15:00:00,3136,31.55,62.13,,0.0,66.31,2024.0,5
2024-05-10 16:00:00,3137,27.48,80.85,,0.0,57.02,2024.0,5
2024-05-10 17:00:00,3138,26.15,87.95,,0.0,74.57,2024.0,5
2024-05-10 18:00:00,3139,25.83,87.81,,0.0,78.94,2024.0,5
2024-05-10 19:00:00,3140,26.07,84.22,,0.0,63.74,2024.0,5
2024-05-10 20:00:00,3141,26.13,86.14,,0.0,100.72,2024.0,5
2024-05-10 21:00:00,3142,25.69,77.56,,0.0,79.9,2024.0,5
2024-05-10 22:00:00,3143,25.47,79.67,,0.0,54.83,2024.0,5
2024-05-10 23:00:00,3144,25.33,82.5,,0.0,60.55,2024.0,5
2024-05-11 00:00:00,3145,25.04,84.21,,0.0,65.7,2024.0,5
2024-05-11 01:00:00,3146,24.5,87.08,,0.0,82.39,2024.0,5
2024-05-11 02:00:00,3147,24.22,88.97,,0.0,105.26,2024.0,5
2024-05-11 03:00:00,3148,23.97,90.23,,0.0,124.44,2024.0,5
2024-05-11 04:00:00,3149,23.7,91.68,,0.0,,2024.0,5
2024-05-11 05:00:00,3150,23.35,93.33,,0.0,144.02,2024.0,5
2024-05-11 06:00:00,3151,24.47,91.45,,0.0,116.02,2024.0,5
2024-05-11 07:00:00,3152,31.67,65.9,,0.0,143.97,2024.0,5
2024-05-11 08:00:00,3153,32.11,62.58,,0.0,160.5,2024.0,5
2024-05-11 09:00:00,3154,33.53,58.54,,0.0,130.27,2024.0,5
2024-05-11 10:00:00,3155,33.76,56.08,,0.0,78.83,2024.0,5
2024-05-11 11:00:00,3156,34.59,54.74,,0.0,77.0,2024.0,5
2024-05-11 12:00:00,3157,34.3,55.35,,0.0,70.83,2024.0,5
2024-05-11 13:00:00,3158,32.37,60.81,,0.0,73.93,2024.0,5
2024-05-11 14:00:00,3159,31.96,63.07,,0.0,84.1,2024.0,5
2024-05-11 15:00:00,3160,35.02,54.76,,0.0,62.7,2024.0,5
2024-05-11 16:00:00,3161,29.92,64.23,,0.0,42.76,2024.0,5
2024-05-11 17:00:00,3162,28.31,67.84,,0.0,37.27,2024.0,5
2024-05-11 18:00:00,3163,27.33,73.05,,0.0,60.43,2024.0,5
2024-05-11 19:00:00,3164,26.15,82.07,,0.0,43.19,2024.0,5
2024-05-11 20:00:00,3165,25.8,84.72,,0.0,48.95,2024.0,5
2024-05-11 21:00:00,3166,25.38,85.49,,0.0,50.41,2024.0,5
2024-05-11 22:00:00,3167,24.99,88.13,,0.0,83.93,2024.0,5
2024-05-11 23:00:00,3168,24.65,89.6,,0.0,96.16,2024.0,5
2024-05-12 00:00:00,3169,24.29,91.62,,0.0,,2024.0,5
2024-05-12 01:00:00,3170,24.09,91.85,,0.0,130.16,2024.0,5
2024-05-12 02:00:00,3171,23.85,93.22,,0.0,135.26,2024.0,5
2024-05-12 03:00:00,3172,23.64,93.08,,0.0,107.63,2024.0,5
2024-05-12 04:00:00,3173,23.56,95.38,,0.0,123.23,2024.0,5
2024-05-12 05:00:00,3174,23.69,94.46,,0.0,136.56,2024.0,5
2024-05-12 06:00:00,3175,24.55,89.88,,0.0,151.59,2024.0,5
2024-05-12 07:00:00,3176,31.12,65.3,,0.0,117.72,2024.0,5
2024-05-12 08:00:00,3177,36.29,52.01,,0.0,93.37,2024.0,5
2024-05-12 09:00:00,3178,34.78,53.37,,0.0,72.9,2024.0,5
2024-05-12 10:00:00,3179,34.51,51.04,,0.0,46.66,2024.0,5
2024-05-12 11:00:00,3180,34.81,49.49,,0.0,43.83,2024.0,5
2024-05-12 12:00:00,3181,38.16,44.34,,0.0,41.07,2024.0,5
2024-05-12 13:00:00,3182,35.63,49.87,,0.0,43.14,2024.0,5
2024-05-12 14:00:00,3183,33.5,55.91,,0.0,49.77,2024.0,5
2024-05-12 15:00:00,3184,34.46,52.82,,0.0,46.27,2024.0,5
2024-05-12 16:00:00,3185,31.33,60.19,,0.0,44.24,2024.0,5
2024-05-12 17:00:00,3186,29.34,67.39,,0.0,55.43,2024.0,5
2024-05-12 18:00:00,3187,28.1,74.46,,0.0,77.13,2024.0,5
2024-05-12 19:00:00,3188,27.44,78.27,,0.0,88.72,2024.0,5
2024-05-12 20:00:00,3189,27.22,79.43,,0.0,78.69,2024.0,5
2024-05-12 21:00:00,3190,26.81,81.38,,0.0,53.6,2024.0,5
2024-05-12 22:00:00,3191,25.99,86.39,,0.0,70.66,2024.0,5
2024-05-12 23:00:00,3192,25.64,88.51,,0.0,115.7,2024.0,5
2024-05-13 00:00:00,3193,25.22,90.03,,0.0,131.6,2024.0,5
2024-05-13 01:00:00,3194,24.62,91.64,,0.0,120.21,2024.0,5
2024-05-13 02:00:00,3195,24.15,92.49,,0.0,108.85,2024.0,5
2024-05-13 03:00:00,3196,23.95,93.88,,0.0,129.69,2024.0,5
2024-05-13 04:00:00,3197,23.83,94.41,,0.0,125.98,2024.0,5
2024-05-13 05:00:00,3198,23.73,94.74,,0.0,117.32,2024.0,5
2024-05-13 06:00:00,3199,24.85,88.61,,0.0,123.84,2024.0,5
2024-05-13 07:00:00,3200,31.43,66.08,,0.0,140.21,2024.0,5
2024-05-13 08:00:00,3201,33.11,59.03,,0.0,121.27,2024.0,5
2024-05-13 09:00:00,3202,34.66,54.36,,0.0,102.77,2024.0,5
2024-05-13 10:00:00,3203,35.31,50.18,,0.0,56.83,2024.0,5
2024-05-13 11:00:00,3204,35.6,49.77,,0.0,42.55,2024.0,5
2024-05-13 12:00:00,3205,34.98,56.25,,0.0,122.1,2024.0,5
2024-05-13 13:00:00,3206,33.83,57.79,,0.0,84.38,2024.0,5
2024-05-13 14:00:00,3207,32.81,58.75,,0.0,60.33,2024.0,5
2024-05-13 15:00:00,3208,31.0,63.69,,0.0,61.73,2024.0,5
2024-05-13 16:00:00,3209,29.94,67.02,,0.0,70.24,2024.0,5
2024-05-13 17:00:00,3210,28.27,72.14,,0.0,80.47,2024.0,5
2024-05-13 18:00:00,3211,27.73,75.03,,0.0,96.48,2024.0,5
2024-05-13 19:00:00,3212,26.79,82.09,,0.0,110.76,2024.0,5
2024-05-13 20:00:00,3213,26.35,85.66,,0.0,95.5,2024.0,5
2024-05-13 21:00:00,3214,26.46,84.97,,0.0,93.31,2024.0,5
2024-05-13 22:00:00,3215,26.3,85.5,,0.0,112.05,2024.0,5
2024-05-13 23:00:00,3216,26.08,86.89,,0.0,135.32,2024.0,5
2024-05-14 00:00:00,3217,25.77,88.85,,0.0,126.31,2024.0,5
2024-05-14 01:00:00,3218,25.32,88.75,,0.0,,2024.0,5
2024-05-14 02:00:00,3219,24.61,90.06,,0.0,112.86,2024.0,5
2024-05-14 03:00:00,3220,24.29,89.46,,0.0,88.95,2024.0,5
2024-05-14 04:00:00,3221,23.6,90.25,,0.0,54.02,2024.0,5
2024-05-14 05:00:00,3222,23.23,89.17,,0.0,44.4,2024.0,5
2024-05-14 06:00:00,3223,24.85,82.18,,0.0,84.86,2024.0,5
2024-05-14 07:00:00,3224,27.11,73.07,,0.0,136.67,2024.0,5
2024-05-14 08:00:00,3225,32.16,61.76,,0.0,114.28,2024.0,5
2024-05-14 09:00:00,3226,34.7,55.7,,0.0,130.57,2024.0,5
2024-05-14 10:00:00,3227,36.92,48.16,,0.0,87.2,2024.0,5
2024-05-14 11:00:00,3228,37.79,44.56,,0.0,60.24,2024.0,5
2024-05-14 12:00:00,3229,35.74,49.3,,0.0,70.43,2024.0,5
2024-05-14 13:00:00,3230,32.28,61.34,,0.0,109.31,2024.0,5
2024-05-14 14:00:00,3231,31.05,63.71,,0.0,85.67,2024.0,5
2024-05-14 15:00:00,3232,31.39,64.23,,0.0,100.67,2024.0,5
2024-05-14 16:00:00,3233,31.33,62.8,,0.0,79.41,2024.0,5
2024-05-14 17:00:00,3234,28.03,79.27,,0.0,128.47,2024.0,5
2024-05-14 18:00:00,3235,26.27,86.69,,0.0,116.09,2024.0,5
2024-05-14 19:00:00,3236,26.22,83.81,,0.0,101.24,2024.0,5
2024-05-14 20:00:00,3237,25.84,83.56,,0.0,102.88,2024.0,5
2024-05-14 21:00:00,3238,25.54,86.28,,0.0,124.85,2024.0,5
2024-05-19 12:00:00,3349,34.63,,0.0,,43.74,2024.0,5
2024-05-19 13:00:00,3350,34.72,,0.0,,46.21,2024.0,5
2024-05-19 14:00:00,3351,33.9,,0.0,,53.66,2024.0,5
2024-05-19 15:00:00,3352,32.12,,0.0,,49.1,2024.0,5
2024-05-19 16:00:00,3353,29.92,,0.0,,47.34,2024.0,5
2024-05-19 17:00:00,3354,27.8,,0.0,,57.66,2024.0,5
2024-05-19 18:00:00,3355,26.61,,0.0,,92.34,2024.0,5
2024-05-19 19:00:00,3356,25.99,,0.0,,76.13,2024.0,5
2024-05-19 20:00:00,3357,25.13,,0.0,,64.14,2024.0,5
2024-05-19 21:00:00,3358,24.43,,0.0,,44.21,2024.0,5
2024-05-19 22:00:00,3359,23.69,,0.0,,65.79,2024.0,5
2024-05-19 23:00:00,3360,23.01,,0.0,,38.55,2024.0,5
2024-05-20 00:00:00,3361,22.57,,0.0,,41.9,2024.0,5
2024-05-20 01:00:00,3362,22.71,,0.0,,40.79,2024.0,5
2024-05-20 02:00:00,3363,22.58,,0.0,,46.34,2024.0,5
2024-05-20 03:00:00,3364,22.19,,0.0,,69.97,2024.0,5
2024-05-20 04:00:00,3365,22.42,,0.0,,118.62,2024.0,5
2024-05-20 05:00:00,3366,22.74,,0.0,,125.38,2024.0,5
2024-05-20 06:00:00,3367,23.38,,0.0,,92.93,2024.0,5
2024-05-20 07:00:00,3368,25.43,,0.0,,107.31,2024.0,5
2024-05-20 08:00:00,3369,30.05,,0.0,,77.34,2024.0,5
2024-05-20 09:00:00,3370,37.28,,0.0,,66.37,2024.0,5
2024-05-20 10:00:00,3371,36.38,,0.0,,98.62,2024.0,5
2024-05-20 11:00:00,3372,40.46,,0.0,,88.24,2024.0,5
2024-05-20 12:00:00,3373,40.39,,0.0,,90.93,2024.0,5
2024-05-20 13:00:00,3374,35.29,,0.0,,110.59,2024.0,5
2024-05-20 14:00:00,3375,35.83,,0.0,,82.24,2024.0,5
2024-05-20 15:00:00,3376,33.19,,0.0,,71.6,2024.0,5
2024-05-20 16:00:00,3377,29.41,,0.0,,73.86,2024.0,5
2024-05-20 17:00:00,3378,28.14,,0.0,,87.86,2024.0,5
2024-05-20 18:00:00,3379,27.24,,0.0,,139.93,2024.0,5
2024-05-20 19:00:00,3380,26.33,,0.0,,92.14,2024.0,5
2024-05-20 20:00:00,3381,25.92,,0.0,,124.4,2024.0,5
2024-05-20 21:00:00,3382,25.35,,0.0,,146.24,2024.0,5
2024-05-20 22:00:00,3383,25.16,,0.0,,146.6,2024.0,5
2024-05-20 23:00:00,3384,24.69,,0.0,,125.52,2024.0,5
2024-05-21 00:00:00,3385,24.32,,0.0,,126.4,2024.0,5
2024-05-21 01:00:00,3386,23.86,,0.0,,88.07,2024.0,5
2024-05-21 02:00:00,3387,23.21,,0.0,,92.45,2024.0,5
2024-05-21 03:00:00,3388,22.86,,0.0,,131.43,2024.0,5
2024-05-21 04:00:00,3389,22.61,,0.0,,122.55,2024.0,5
2024-05-21 05:00:00,3390,22.45,,0.0,,137.38,2024.0,5
2024-05-21 06:00:00,3391,23.89,,0.0,,198.7,2024.0,5
2024-05-21 07:00:00,3392,29.96,,0.0,,175.1,2024.0,5
2024-05-21 08:00:00,3393,34.35,,0.0,,163.28,2024.0,5
2024-05-21 09:00:00,3394,38.35,,0.0,,131.8,2024.0,5
2024-05-21 10:00:00,3395,37.08,,0.0,,128.97,2024.0,5
2024-05-21 11:00:00,3396,36.68,,0.0,,104.43,2024.0,5
2024-05-21 12:00:00,3397,36.48,,0.0,,104.83,2024.0,5
2024-05-21 13:00:00,3398,34.44,,0.0,,130.21,2024.0,5
2024-05-21 14:00:00,3399,36.27,,0.0,,85.79,2024.0,5
2024-05-21 15:00:00,3400,32.95,,0.0,,94.72,2024.0,5
2024-05-21 16:00:00,3401,29.04,,0.0,,136.79,2024.0,5
2024-05-21 17:00:00,3402,27.81,,0.0,,140.07,2024.0,5
2024-05-21 18:00:00,3403,27.41,,0.0,,117.83,2024.0,5
2024-05-21 19:00:00,3404,26.94,,0.0,,155.38,2024.0,5
2024-05-21 20:00:00,3405,26.71,,0.0,,171.86,2024.0,5
2024-05-21 21:00:00,3406,26.51,,0.0,,165.07,2024.0,5
2024-05-21 22:00:00,3407,26.12,,0.0,,172.5,2024.0,5
2024-05-21 23:00:00,3408,25.73,,0.0,,181.34,2024.0,5
2024-05-22 00:00:00,3409,25.24,,0.0,,,2024.0,5
2024-05-22 01:00:00,3410,25.63,,0.0,,,2024.0,5
2024-05-22 02:00:00,3411,25.29,,0.0,,176.13,2024.0,5
2024-05-22 03:00:00,3412,24.58,,0.0,,146.79,2024.0,5
2024-05-22 04:00:00,3413,23.96,,0.0,,111.48,2024.0,5
2024-05-22 05:00:00,3414,23.81,,0.0,,95.87,2024.0,5
2024-05-22 06:00:00,3415,24.0,,0.0,,115.41,2024.0,5
2024-05-22 07:00:00,3416,25.58,,0.0,,161.14,2024.0,5
2024-05-22 08:00:00,3417,31.15,,0.0,,177.87,2024.0,5
2024-05-22 09:00:00,3418,35.24,,0.0,,172.34,2024.0,5
2024-05-22 10:00:00,3419,36.89,,0.0,,121.93,2024.0,5
2024-05-22 11:00:00,3420,37.44,,0.0,,110.03,2024.0,5
2024-05-22 12:00:00,3421,37.7,,0.0,,93.14,2024.0,5
2024-05-22 13:00:00,3422,33.93,,0.0,,166.0,2024.0,5
2024-05-22 14:00:00,3423,33.61,,0.0,,116.4,2024.0,5
2024-05-22 15:00:00,3424,29.79,,0.0,,146.07,2024.0,5
2024-05-22 16:00:00,3425,29.04,,0.0,,136.07,2024.0,5
2024-05-22 17:00:00,3426,27.78,,0.0,,124.1,2024.0,5
2024-05-22 18:00:00,3427,26.86,,0.0,,141.41,2024.0,5
2024-05-22 19:00:00,3428,26.35,,0.0,,97.96,2024.0,5
2024-05-22 20:00:00,3429,25.68,85.1,0.0,,84.21,2024.0,5
2024-05-22 21:00:00,3430,25.31,87.31,0.0,,92.85,2024.0,5
2024-05-22 22:00:00,3431,25.69,85.54,0.0,,85.54,2024.0,5
2024-05-22 23:00:00,3432,25.66,85.2,0.0,,86.2,2024.0,5
2024-05-23 00:00:00,3433,25.43,81.17,0.0,,48.11,2024.0,5
2024-05-23 01:00:00,3434,25.43,81.7,0.0,,47.15,2024.0,5
2024-05-23 02:00:00,3435,25.03,85.33,0.0,,52.58,2024.0,5
2024-05-23 03:00:00,3436,24.92,86.03,0.0,,58.13,2024.0,5
2024-05-23 04:00:00,3437,24.56,88.02,0.0,,63.58,2024.0,5
2024-05-23 05:00:00,3438,24.22,89.93,0.0,,75.53,2024.0,5
2024-05-23 06:00:00,3439,24.99,87.77,0.0,,99.51,2024.0,5
2024-05-23 07:00:00,3440,30.21,69.29,0.0,,151.94,2024.0,5
2024-05-23 08:00:00,3441,34.73,57.01,0.0,,135.69,2024.0,5
2024-05-23 09:00:00,3442,38.47,48.38,0.0,,115.31,2024.0,5
2024-05-23 10:00:00,3443,38.34,47.83,0.0,,135.67,2024.0,5
2024-05-23 11:00:00,3444,35.78,52.53,0.0,,158.07,2024.0,5
2024-05-23 12:00:00,3445,36.12,51.79,0.0,,138.52,2024.0,5
2024-05-23 13:00:00,3446,35.89,52.87,0.0,,139.53,2024.0,5
2024-05-23 14:00:00,3447,34.71,55.26,0.0,,94.45,2024.0,5
2024-05-23 15:00:00,3448,34.0,56.39,0.0,,94.21,2024.0,5
2024-05-23 16:00:00,3449,30.17,68.62,0.0,,129.27,2024.0,5
2024-05-23 17:00:00,3450,27.97,78.22,0.0,,137.37,2024.0,5
2024-05-23 18:00:00,3451,26.81,83.56,0.0,,93.04,2024.0,5
2024-05-23 19:00:00,3452,25.31,93.5,0.0,,82.63,2024.0,5
2024-05-23 20:00:00,3453,24.5,98.22,0.0,,72.91,2024.0,5
2024-05-23 21:00:00,3454,24.54,95.88,0.0,,73.27,2024.0,5
2024-05-23 22:00:00,3455,24.02,95.15,0.0,,50.35,2024.0,5
2024-05-23 23:00:00,3456,23.62,98.95,0.0,,54.81,2024.0,5
2024-05-24 00:00:00,3457,23.82,98.34,0.0,,38.84,2024.0,5
2024-05-24 01:00:00,3458,23.97,98.18,0.0,,44.82,2024.0,5
2024-05-24 02:00:00,3459,24.2,96.66,0.0,,48.37,2024.0,5
2024-05-24 03:00:00,3460,24.17,96.57,0.0,,46.69,2024.0,5
2024-05-24 04:00:00,3461,24.26,96.03,0.0,,69.08,2024.0,5
2024-05-24 05:00:00,3462,24.19,95.33,0.0,,57.57,2024.0,5
2024-05-24 06:00:00,3463,24.82,93.32,0.0,,46.88,2024.0,5
2024-05-24 07:00:00,3464,27.28,82.98,0.0,,50.83,2024.0,5
2024-05-24 08:00:00,3465,27.84,78.98,0.0,,63.78,2024.0,5
2024-05-24 09:00:00,3466,32.11,66.16,0.0,,91.59,2024.0,5
2024-05-24 10:00:00,3467,33.47,59.61,0.0,,51.86,2024.0,5
2024-05-24 11:00:00,3468,36.38,52.92,0.0,,38.8,2024.0,5
2024-05-24 12:00:00,3469,33.65,58.9,0.0,,44.24,2024.0,5
2024-05-24 13:00:00,3470,28.26,78.98,0.0,,26.83,2024.0,5
2024-05-24 14:00:00,3471,25.42,94.35,0.0,,38.82,2024.0,5
2024-05-24 15:00:00,3472,26.54,87.44,0.0,,42.23,2024.0,5
2024-05-24 16:00:00,3473,27.06,82.86,0.0,,48.17,2024.0,5
2024-05-24 17:00:00,3474,26.52,87.7,0.0,,67.09,2024.0,5
2024-05-24 18:00:00,3475,25.84,89.9,0.0,,43.13,2024.0,5
2024-05-24 19:00:00,3476,24.69,92.25,0.0,,9.17,2024.0,5
2024-05-24 20:00:00,3477,23.08,,0.0,,17.32,2024.0,5
2024-05-24 21:00:00,3478,23.1,,0.0,,23.69,2024.0,5
2024-05-24 22:00:00,3479,23.39,99.94,0.0,0.0,11.65,2024.0,5
2024-05-24 23:00:00,3480,23.53,98.99,0.0,0.0,18.62,2024.0,5
2024-05-25 00:00:00,3481,23.67,100.0,0.0,0.0,32.18,2024.0,5
2024-05-25 01:00:00,3482,23.76,99.93,0.0,0.0,32.07,2024.0,5
2024-05-25 02:00:00,3483,23.62,99.95,0.0,0.0,38.91,2024.0,5
2024-05-25 03:00:00,3484,23.46,99.84,0.0,0.0,17.16,2024.0,5
2024-05-25 04:00:00,3485,23.43,99.54,0.0,0.0,32.0,2024.0,5
2024-05-25 05:00:00,3486,23.54,99.7,0.0,0.0,34.63,2024.0,5
2024-05-25 06:00:00,3487,23.56,99.7,0.0,0.0,44.17,2024.0,5
2024-05-25 07:00:00,3488,25.08,93.58,0.0,0.0,56.67,2024.0,5
2024-05-25 08:00:00,3489,26.25,88.31,0.0,0.0,54.57,2024.0,5
2024-05-25 09:00:00,3490,29.22,75.9,0.0,0.0,63.51,2024.0,5
2024-05-25 10:00:00,3491,31.5,67.34,0.0,0.0,74.38,2024.0,5
2024-05-25 11:00:00,3492,31.0,68.33,0.0,0.0,76.52,2024.0,5
2024-05-25 12:00:00,3493,30.43,69.76,0.0,0.0,61.41,2024.0,5
2024-05-25 13:00:00,3494,31.05,67.73,0.0,0.0,59.97,2024.0,5
2024-05-25 14:00:00,3495,32.02,64.69,0.0,0.0,53.47,2024.0,5
2024-05-25 15:00:00,3496,31.91,64.17,0.0,0.0,50.76,2024.0,5
2024-05-25 16:00:00,3497,30.38,69.3,0.0,0.0,64.59,2024.0,5
2024-05-25 17:00:00,3498,27.6,78.71,0.0,0.0,49.14,2024.0,5
2024-05-25 18:00:00,3499,26.25,85.5,0.0,0.0,55.66,2024.0,5
2024-05-25 19:00:00,3500,25.26,89.88,0.0,0.0,52.86,2024.0,5
2024-05-25 20:00:00,3501,25.06,91.34,0.0,0.0,60.55,2024.0,5
2024-05-25 21:00:00,3502,25.0,91.72,0.0,0.0,75.41,2024.0,5
2024-05-25 22:00:00,3503,24.83,91.92,0.0,0.0,59.99,2024.0,5
2024-05-25 23:00:00,3504,24.65,92.27,0.0,0.0,56.72,2024.0,5
2024-05-26 00:00:00,3505,24.41,91.61,0.0,0.0,58.08,2024.0,5
2024-05-26 01:00:00,3506,23.89,91.24,0.0,0.0,45.79,2024.0,5
2024-05-26 02:00:00,3507,23.77,88.39,0.0,0.0,27.26,2024.0,5
2024-05-26 03:00:00,3508,23.52,89.94,0.0,0.0,33.29,2024.0,5
2024-05-26 04:00:00,3509,23.81,89.5,0.0,0.0,35.14,2024.0,5
2024-05-26 05:00:00,3510,24.06,87.86,0.0,0.0,38.56,2024.0,5
2024-05-26 06:00:00,3511,24.17,87.06,0.0,0.0,50.71,2024.0,5
2024-05-26 07:00:00,3512,26.09,80.88,0.0,0.0,60.77,2024.0,5
2024-05-26 08:00:00,3513,28.75,70.55,0.0,0.0,66.14,2024.0,5
2024-05-26 09:00:00,3514,33.81,56.7,0.0,0.0,64.34,2024.0,5
2024-05-26 10:00:00,3515,34.33,53.68,0.0,0.0,46.14,2024.0,5
2024-05-26 11:00:00,3516,35.05,50.77,0.0,0.0,28.55,2024.0,5
2024-05-26 12:00:00,3517,35.54,50.53,0.0,0.0,28.83,2024.0,5
2024-05-26 13:00:00,3518,36.2,50.4,0.0,0.0,35.31,2024.0,5
2024-05-26 14:00:00,3519,35.87,51.23,0.0,0.0,35.55,2024.0,5
2024-05-26 15:00:00,3520,30.98,64.36,0.0,0.0,50.6,2024.0,5
2024-05-26 16:00:00,3521,29.1,73.56,0.0,0.0,92.1,2024.0,5
2024-05-26 17:00:00,3522,27.37,80.66,0.0,0.0,73.07,2024.0,5
2024-05-26 18:00:00,3523,27.08,77.06,0.0,0.0,86.4,2024.0,5
2024-05-26 19:00:00,3524,26.42,77.76,0.0,0.0,73.34,2024.0,5
2024-05-26 20:00:00,3525,26.12,79.48,0.0,0.0,74.54,2024.0,5
2024-05-26 21:00:00,3526,25.6,80.44,0.0,0.0,56.44,2024.0,5
2024-05-26 22:00:00,3527,24.78,82.84,0.0,0.0,40.32,2024.0,5
2024-05-26 23:00:00,3528,24.17,85.08,0.0,0.0,35.84,2024.0,5
2024-05-27 00:00:00,3529,23.69,87.34,0.0,0.0,33.27,2024.0,5
2024-05-27 01:00:00,3530,23.52,88.85,0.0,0.0,35.21,2024.0,5
2024-05-27 02:00:00,3531,23.64,87.59,0.0,0.0,35.76,2024.0,5
2024-05-27 03:00:00,3532,23.25,89.73,0.0,0.0,43.16,2024.0,5
2024-05-27 04:00:00,3533,22.87,91.34,0.0,0.0,49.56,2024.0,5
2024-05-27 05:00:00,3534,22.55,91.77,0.0,0.0,55.54,2024.0,5
2024-05-27 06:00:00,3535,24.61,88.63,0.0,0.0,100.23,2024.0,5
2024-05-27 07:00:00,3536,32.74,60.52,0.0,0.0,109.28,2024.0,5
2024-05-27 08:00:00,3537,37.67,47.85,0.0,0.0,85.73,2024.0,5
2024-05-27 09:00:00,3538,36.63,49.24,0.0,0.0,84.31,2024.0,5
2024-05-27 10:00:00,3539,35.58,51.0,0.0,0.0,57.45,2024.0,5
2024-05-27 11:00:00,3540,39.24,44.87,0.0,0.0,50.6,2024.0,5
2024-05-27 12:00:00,3541,37.13,48.0,0.0,0.0,52.34,2024.0,5
2024-05-27 13:00:00,3542,35.74,49.94,0.0,0.0,45.48,2024.0,5
2024-05-27 14:00:00,3543,33.13,55.38,0.0,0.0,46.1,2024.0,5
2024-05-27 15:00:00,3544,30.7,63.74,0.0,0.0,54.55,2024.0,5
2024-05-27 16:00:00,3545,28.29,76.74,0.0,0.0,86.43,2024.0,5
2024-05-27 17:00:00,3546,27.55,81.0,0.0,0.0,83.78,2024.0,5
2024-05-27 18:00:00,3547,26.48,84.6,0.0,0.0,112.05,2024.0,5
2024-05-27 19:00:00,3548,26.19,87.68,0.0,0.0,117.16,2024.0,5
2024-05-27 20:00:00,3549,25.84,89.09,0.0,0.0,131.3,2024.0,5
2024-05-27 21:00:00,3550,25.55,91.11,0.0,0.0,113.23,2024.0,5
2024-05-27 22:00:00,3551,25.47,91.81,0.0,0.0,121.56,2024.0,5
2024-05-27 23:00:00,3552,25.04,93.93,0.0,0.0,128.25,2024.0,5
2024-05-28 00:00:00,3553,24.86,94.22,0.0,0.0,130.6,2024.0,5
2024-05-28 01:00:00,3554,24.61,94.94,0.0,0.0,120.69,2024.0,5
2024-05-28 02:00:00,3555,24.54,94.88,0.0,0.0,129.75,2024.0,5
2024-05-28 03:00:00,3556,24.37,94.7,0.0,0.0,138.48,2024.0,5
2024-05-28 04:00:00,3557,24.55,91.68,0.0,0.0,118.77,2024.0,5
2024-05-28 05:00:00,3558,24.1,91.08,0.0,0.0,112.44,2024.0,5
2024-05-28 06:00:00,3559,23.8,87.99,0.0,0.0,96.99,2024.0,5
2024-05-28 07:00:00,3560,29.32,70.19,0.0,0.0,159.76,2024.0,5
2024-05-28 08:00:00,3561,36.46,52.01,0.0,0.0,143.31,2024.0,5
2024-05-28 09:00:00,3562,37.66,49.15,0.0,0.0,136.57,2024.0,5
2024-05-28 10:00:00,3563,36.17,49.65,0.0,0.0,77.67,2024.0,5
2024-05-28 11:00:00,3564,38.24,45.63,0.0,0.0,74.41,2024.0,5
2024-05-28 12:00:00,3565,38.53,44.47,0.0,0.0,77.52,2024.0,5
2024-05-28 13:00:00,3566,37.53,46.76,0.0,0.0,95.3,2024.0,5
2024-05-28 14:00:00,3567,35.8,50.8,0.0,0.0,99.55,2024.0,5
2024-05-28 17:00:00,3570,31.21,63.77,0.0,0.0,78.11,2024.0,5
2024-05-28 18:00:00,3571,29.04,72.04,0.0,0.0,95.83,2024.0,5
2024-05-28 19:00:00,3572,27.9,79.48,0.0,0.0,115.3,2024.0,5
2024-05-28 20:00:00,3573,26.91,82.4,0.0,0.0,88.39,2024.0,5
2024-05-28 21:00:00,3574,26.36,82.65,0.0,0.0,73.28,2024.0,5
2024-05-28 22:00:00,3575,25.91,84.39,0.0,0.0,71.67,2024.0,5
2024-05-28 23:00:00,3576,25.66,85.13,0.0,0.0,65.06,2024.0,5
2024-05-29 00:00:00,3577,25.09,88.16,0.0,0.0,58.89,2024.0,5
2024-05-29 01:00:00,3578,24.55,90.96,0.0,0.0,67.17,2024.0,5
2024-05-29 02:00:00,3579,24.4,92.62,0.0,0.0,81.3,2024.0,5
2024-05-29 03:00:00,3580,24.91,90.36,0.0,0.0,85.46,2024.0,5
2024-05-29 04:00:00,3581,24.22,93.21,0.0,0.0,96.11,2024.0,5
2024-05-29 05:00:00,3582,23.43,94.22,0.0,0.0,102.63,2024.0,5
2024-05-29 06:00:00,3583,23.67,90.15,0.0,0.0,109.12,2024.0,5
2024-05-29 07:00:00,3584,28.04,72.89,0.0,0.0,140.29,2024.0,5
2024-05-29 08:00:00,3585,36.06,50.89,0.0,0.0,122.52,2024.0,5
2024-05-29 09:00:00,3586,34.98,52.16,0.0,0.0,76.83,2024.0,5
2024-05-29 10:00:00,3587,35.34,50.39,0.0,0.0,71.87,2024.0,5
2024-05-29 11:00:00,3588,39.15,43.11,0.0,0.0,73.34,2024.0,5
2024-05-29 12:00:00,3589,39.22,42.7,0.0,0.0,77.24,2024.0,5
2024-05-29 13:00:00,3590,35.98,50.14,0.0,0.0,131.69,2024.0,5
2024-05-29 14:00:00,3591,35.73,51.66,0.0,0.0,103.21,2024.0,5
2024-05-29 15:00:00,3592,37.86,48.17,0.0,0.0,63.9,2024.0,5
2024-05-29 16:00:00,3593,35.59,53.58,0.0,0.0,67.32,2024.0,5
2024-05-29 17:00:00,3594,31.5,65.02,0.0,0.0,79.31,2024.0,5
2024-05-29 18:00:00,3595,28.78,74.12,0.0,0.0,98.9,2024.0,5
2024-05-29 19:00:00,3596,27.94,76.8,0.0,0.0,98.17,2024.0,5
2024-05-29 20:00:00,3597,26.78,81.13,0.0,0.0,73.63,2024.0,5
2024-05-29 21:00:00,3598,26.55,82.76,0.0,0.0,78.46,2024.0,5
2024-05-29 22:00:00,3599,26.04,86.14,0.0,0.0,99.21,2024.0,5
2024-05-29 23:00:00,3600,25.4,84.06,0.0,0.0,90.01,2024.0,5
2024-05-30 00:00:00,3601,24.82,82.82,0.0,0.0,84.74,2024.0,5
2024-05-30 01:00:00,3602,23.59,83.25,0.0,0.0,65.43,2024.0,5
2024-05-30 02:00:00,3603,23.2,82.92,0.0,0.0,56.95,2024.0,5
2024-05-30 03:00:00,3604,23.55,81.99,0.0,0.0,56.79,2024.0,5
2024-05-30 04:00:00,3605,23.24,85.06,0.0,0.0,78.02,2024.0,5
2024-05-30 05:00:00,3606,22.59,89.46,0.0,0.0,81.86,2024.0,5
2024-05-30 06:00:00,3607,23.54,85.23,0.0,0.0,99.83,2024.0,5
2024-05-30 07:00:00,3608,30.14,63.2,0.0,0.0,136.54,2024.0,5
2024-05-30 08:00:00,3609,34.87,52.55,0.0,0.0,134.17,2024.0,5
2024-05-30 09:00:00,3610,35.13,51.31,0.0,0.0,93.86,2024.0,5
2024-05-30 10:00:00,3611,37.78,44.37,0.0,0.0,55.1,2024.0,5
2024-05-30 11:00:00,3612,40.1,39.68,0.0,0.0,55.76,2024.0,5
2024-05-30 12:00:00,3613,38.5,40.99,0.0,0.0,61.0,2024.0,5
2024-05-30 13:00:00,3614,38.71,40.45,0.0,0.0,64.79,2024.0,5
2024-05-30 14:00:00,3615,38.66,42.67,0.0,0.0,66.17,2024.0,5
2024-05-30 15:00:00,3616,35.95,47.08,0.0,0.0,70.24,2024.0,5
2024-05-30 16:00:00,3617,34.5,51.49,0.0,0.0,86.47,2024.0,5
2024-05-30 17:00:00,3618,31.2,63.4,0.0,0.0,115.04,2024.0,5
2024-05-30 18:00:00,3619,29.33,69.84,0.0,0.0,109.93,2024.0,5
2024-05-30 19:00:00,3620,28.09,77.38,0.0,0.0,111.29,2024.0,5
2024-05-30 20:00:00,3621,27.16,82.87,0.0,0.0,84.76,2024.0,5
2024-05-30 21:00:00,3622,26.74,84.3,0.0,0.0,97.87,2024.0,5
2024-05-30 22:00:00,3623,26.2,83.13,0.0,0.0,101.91,2024.0,5
2024-05-30 23:00:00,3624,25.88,84.34,0.0,0.0,83.1,2024.0,5
2024-05-31 00:00:00,3625,25.74,85.0,0.0,0.0,66.53,2024.0,5
2024-05-31 01:00:00,3626,24.99,86.17,0.0,0.0,86.08,2024.0,5
2024-05-31 02:00:00,3627,24.54,88.29,0.0,0.0,55.68,2024.0,5
2024-05-31 03:00:00,3628,23.92,89.72,0.0,0.0,71.62,2024.0,5
2024-05-31 04:00:00,3629,23.54,90.29,0.0,0.0,96.6,2024.0,5
2024-05-31 05:00:00,3630,23.38,90.45,0.0,0.0,76.59,2024.0,5
2024-05-31 06:00:00,3631,24.02,84.54,0.0,0.0,102.68,2024.0,5
2024-05-31 07:00:00,3632,29.04,70.16,0.0,0.0,149.28,2024.0,5
2024-05-31 08:00:00,3633,33.93,58.29,0.0,0.0,131.66,2024.0,5
2024-05-31 09:00:00,3634,36.9,49.81,0.0,0.0,101.87,2024.0,5
2024-05-31 10:00:00,3635,35.41,50.73,0.0,0.0,84.0,2024.0,5
2024-05-31 11:00:00,3636,35.6,49.52,0.0,0.0,80.72,2024.0,5
2024-05-31 12:00:00,3637,36.61,46.94,0.0,0.0,74.97,2024.0,5
2024-05-31 13:00:00,3638,36.24,44.86,0.0,0.0,53.07,2024.0,5
2024-05-31 14:00:00,3639,31.52,58.19,0.0,0.0,85.76,2024.0,5
2024-05-31 15:00:00,3640,32.02,57.07,0.0,0.0,96.52,2024.0,5
2024-05-31 16:00:00,3641,32.02,57.9,0.0,0.0,93.77,2024.0,5
2024-05-31 17:00:00,3642,29.92,67.2,0.0,0.0,144.83,2024.0,5
2024-05-31 18:00:00,3643,28.53,75.64,0.0,0.0,125.74,2024.0,5
2024-05-31 19:00:00,3644,27.31,82.09,0.0,0.0,76.65,2024.0,5
2024-05-31 20:00:00,3645,27.07,82.64,0.0,0.0,87.03,2024.0,5
2024-05-31 21:00:00,3646,26.73,83.31,0.0,0.0,102.34,2024.0,5
2024-05-31 22:00:00,3647,25.83,86.57,0.0,0.0,128.55,2024.0,5
2024-05-31 23:00:00,3648,25.54,86.83,0.0,0.0,121.62,2024.0,5
2024-06-01 00:00:00,3649,25.69,87.03,0.0,0.0,,2024.0,6
2024-06-01 01:00:00,3650,25.32,85.61,0.0,0.0,86.89,2024.0,6
2024-06-01 02:00:00,3651,24.93,87.75,0.0,0.0,,2024.0,6
2024-06-01 03:00:00,3652,24.28,91.07,0.0,0.0,,2024.0,6
2024-06-01 04:00:00,3653,23.96,91.76,0.0,0.0,,2024.0,6
2024-06-01 05:00:00,3654,23.46,92.18,0.0,0.0,,2024.0,6
2024-06-01 06:00:00,3655,23.46,93.83,0.0,0.0,53.97,2024.0,6
2024-06-01 07:00:00,3656,24.9,85.62,0.0,0.0,,2024.0,6
2024-06-01 08:00:00,3657,30.29,67.41,0.0,0.0,,2024.0,6
2024-06-01 09:00:00,3658,33.95,58.33,0.0,0.0,,2024.0,6
2024-06-01 10:00:00,3659,35.42,52.53,0.0,0.0,,2024.0,6
2024-06-01 11:00:00,3660,35.02,52.54,0.0,0.0,88.76,2024.0,6
2024-06-01 12:00:00,3661,35.24,52.82,0.0,0.0,77.0,2024.0,6
2024-06-01 13:00:00,3662,33.13,60.31,0.0,0.0,,2024.0,6
2024-06-01 14:00:00,3663,31.92,64.94,0.0,0.0,,2024.0,6
2024-06-01 15:00:00,3664,32.45,62.84,0.0,0.0,97.1,2024.0,6
2024-06-01 16:00:00,3665,29.53,71.07,0.0,0.0,,2024.0,6
2024-06-01 17:00:00,3666,26.97,86.16,0.0,0.0,83.2,2024.0,6
2024-06-01 18:00:00,3667,25.0,96.24,0.0,0.0,,2024.0,6
2024-06-01 19:00:00,3668,25.27,94.59,0.0,0.0,82.57,2024.0,6
2024-06-01 20:00:00,3669,25.11,92.46,0.0,0.0,65.66,2024.0,6
2024-06-01 21:00:00,3670,25.03,93.02,0.0,0.0,61.87,2024.0,6
2024-06-01 22:00:00,3671,25.12,92.93,0.0,0.0,71.27,2024.0,6
2024-06-01 23:00:00,3672,25.09,91.7,0.0,0.0,63.14,2024.0,6
2024-06-02 00:00:00,3673,24.59,93.93,0.0,0.0,86.5,2024.0,6
2024-06-02 01:00:00,3674,24.38,95.09,0.0,0.0,,2024.0,6
2024-06-02 02:00:00,3675,24.03,96.76,0.0,0.0,,2024.0,6
2024-06-02 03:00:00,3676,23.93,97.49,0.0,0.0,,2024.0,6
2024-06-02 04:00:00,3677,23.79,97.21,0.0,0.0,,2024.0,6
2024-06-02 05:00:00,3678,23.89,95.05,0.0,0.0,,2024.0,6
2024-06-02 06:00:00,3679,24.18,94.13,0.0,0.0,,2024.0,6
2024-06-02 07:00:00,3680,24.77,90.71,0.0,0.0,,2024.0,6
2024-06-02 08:00:00,3681,29.95,72.43,0.0,0.0,,2024.0,6
2024-06-02 09:00:00,3682,35.29,55.86,0.0,0.0,,2024.0,6
2024-06-02 10:00:00,3683,34.35,57.0,0.0,0.0,,2024.0,6
2024-06-02 11:00:00,3684,34.09,55.02,0.0,0.0,59.97,2024.0,6
2024-06-02 12:00:00,3685,35.57,51.02,0.0,0.0,52.66,2024.0,6
2024-06-02 13:00:00,3686,37.61,46.42,0.0,0.0,47.17,2024.0,6
2024-06-02 14:00:00,3687,36.84,48.28,0.0,0.0,38.93,2024.0,6
2024-06-02 15:00:00,3688,31.37,66.18,0.0,0.0,62.86,2024.0,6
2024-06-02 16:00:00,3689,26.94,81.04,0.0,0.0,68.19,2024.0,6
2024-06-02 17:00:00,3690,26.0,83.21,0.0,0.0,55.91,2024.0,6
2024-06-02 18:00:00,3691,26.26,82.46,0.0,0.0,64.49,2024.0,6
2024-06-02 19:00:00,3692,26.69,82.82,0.0,0.0,75.11,2024.0,6
2024-06-02 20:00:00,3693,26.51,84.83,0.0,0.0,,2024.0,6
2024-06-02 21:00:00,3694,26.38,85.95,0.0,0.0,,2024.0,6
2024-06-02 22:00:00,3695,25.99,88.25,0.0,0.0,,2024.0,6
2024-06-02 23:00:00,3696,25.51,91.46,0.0,0.0,,2024.0,6
2024-06-03 00:00:00,3697,25.4,93.07,0.0,0.0,,2024.0,6
2024-06-03 01:00:00,3698,25.46,91.73,0.0,0.0,,2024.0,6
2024-06-03 02:00:00,3699,25.26,92.52,0.0,0.0,,2024.0,6
2024-06-03 03:00:00,3700,25.46,92.38,0.0,0.0,,2024.0,6
2024-06-03 04:00:00,3701,25.13,91.22,0.0,0.0,71.78,2024.0,6
2024-06-03 05:00:00,3702,24.87,91.48,0.0,0.0,72.38,2024.0,6
2024-06-03 06:00:00,3703,25.06,89.21,0.0,0.0,63.53,2024.0,6
2024-06-03 07:00:00,3704,27.83,77.14,0.0,0.0,68.47,2024.0,6
2024-06-03 08:00:00,3705,33.57,59.43,0.0,0.0,82.41,2024.0,6
2024-06-03 09:00:00,3706,37.92,48.92,0.0,0.0,62.69,2024.0,6
2024-06-03 10:00:00,3707,37.72,46.68,0.0,0.0,49.21,2024.0,6
2024-06-03 11:00:00,3708,37.76,46.71,0.0,0.0,49.1,2024.0,6
2024-06-03 12:00:00,3709,33.45,53.31,0.0,0.0,45.15,2024.0,6
2024-06-03 13:00:00,3710,33.61,55.72,0.0,0.0,59.1,2024.0,6
2024-06-03 14:00:00,3711,29.6,70.85,0.0,0.0,93.05,2024.0,6
2024-06-03 15:00:00,3712,23.76,96.4,0.0,0.0,53.97,2024.0,6
2024-06-03 16:00:00,3713,24.16,94.55,0.0,0.0,46.16,2024.0,6
2024-06-03 17:00:00,3714,24.54,93.1,0.0,0.0,54.2,2024.0,6
2024-06-03 18:00:00,3715,24.56,93.7,0.0,0.0,54.18,2024.0,6
2024-06-03 19:00:00,3716,24.61,93.96,0.0,0.0,81.07,2024.0,6
2024-06-03 20:00:00,3717,24.27,93.92,0.0,0.0,61.6,2024.0,6
2024-06-03 21:00:00,3718,24.24,94.95,0.0,0.0,73.68,2024.0,6
2024-06-03 22:00:00,3719,24.46,94.09,0.0,0.0,80.87,2024.0,6
2024-06-03 23:00:00,3720,24.13,94.42,0.0,0.0,76.86,2024.0,6
2024-06-04 00:00:00,3721,24.31,93.92,0.0,0.0,81.58,2024.0,6
2024-06-04 01:00:00,3722,24.17,91.3,0.0,0.0,54.34,2024.0,6
2024-06-04 02:00:00,3723,23.67,92.54,0.0,0.0,56.81,2024.0,6
2024-06-04 03:00:00,3724,23.28,96.38,0.0,0.0,70.63,2024.0,6
2024-06-04 04:00:00,3725,23.2,92.3,0.0,0.0,43.48,2024.0,6
2024-06-04 05:00:00,3726,22.95,91.48,0.0,0.0,41.52,2024.0,6
2024-06-04 06:00:00,3727,23.35,94.68,0.0,0.0,90.03,2024.0,6
2024-06-04 07:00:00,3728,28.01,75.42,0.0,0.0,,2024.0,6
2024-06-04 08:00:00,3729,35.57,52.92,0.0,0.0,87.38,2024.0,6
2024-06-04 09:00:00,3730,37.03,45.93,0.0,0.0,45.93,2024.0,6
2024-06-04 10:00:00,3731,34.48,46.54,0.0,0.0,22.48,2024.0,6
2024-06-04 11:00:00,3732,34.46,44.67,0.0,0.0,13.31,2024.0,6
2024-06-04 12:00:00,3733,34.7,45.58,0.0,0.0,21.83,2024.0,6
2024-06-04 13:00:00,3734,34.99,46.62,0.0,0.0,19.59,2024.0,6
2024-06-04 14:00:00,3735,34.77,49.05,0.0,0.0,19.76,2024.0,6
2024-06-04 15:00:00,3736,33.26,51.95,0.0,0.0,17.83,2024.0,6
2024-06-04 16:00:00,3737,30.56,59.45,0.0,0.0,25.59,2024.0,6
2024-06-04 17:00:00,3738,28.8,66.2,0.0,0.0,38.41,2024.0,6
2024-06-04 18:00:00,3739,27.53,71.94,0.0,0.0,42.63,2024.0,6
2024-06-04 20:00:00,3741,25.94,84.62,0.0,0.0,59.7,2024.0,6
2024-06-04 21:00:00,3742,25.83,85.13,0.0,0.0,62.2,2024.0,6
2024-06-04 22:00:00,3743,25.51,86.13,0.0,0.0,66.58,2024.0,6
2024-06-04 23:00:00,3744,25.04,89.64,0.0,0.0,84.77,2024.0,6
2024-06-05 00:00:00,3745,24.99,89.24,0.0,0.0,76.18,2024.0,6
2024-06-05 01:00:00,3746,24.43,89.77,0.0,0.0,82.92,2024.0,6
2024-06-05 02:00:00,3747,23.79,92.71,0.0,0.0,,2024.0,6
2024-06-05 03:00:00,3748,23.47,93.37,0.0,0.0,96.95,2024.0,6
2024-06-05 04:00:00,3749,23.59,93.47,0.0,0.0,,2024.0,6
2024-06-05 05:00:00,3750,23.44,92.16,0.0,0.0,,2024.0,6
2024-06-05 06:00:00,3751,23.85,89.61,0.0,0.0,,2024.0,6
2024-06-05 07:00:00,3752,26.5,78.05,0.0,0.0,,2024.0,6
2024-06-05 08:00:00,3753,34.17,56.42,0.0,0.0,,2024.0,6
2024-06-05 09:00:00,3754,34.28,53.81,0.0,0.0,86.2,2024.0,6
2024-06-05 10:00:00,3755,35.75,48.86,0.0,0.0,60.47,2024.0,6
2024-06-05 11:00:00,3756,38.91,42.59,0.0,0.0,52.0,2024.0,6
2024-06-05 12:00:00,3757,38.62,41.28,0.0,0.0,42.63,2024.0,6
2024-06-05 13:00:00,3758,37.47,41.56,0.0,0.0,44.86,2024.0,6
2024-06-05 14:00:00,3759,37.03,43.24,0.0,0.0,54.07,2024.0,6
2024-06-05 15:00:00,3760,36.76,48.23,0.0,0.0,72.4,2024.0,6
2024-06-05 16:00:00,3761,34.67,53.47,0.0,0.0,54.86,2024.0,6
2024-06-05 17:00:00,3762,27.98,77.92,0.0,0.0,50.03,2024.0,6
2024-06-05 18:00:00,3763,26.47,81.39,0.0,0.0,53.64,2024.0,6
2024-06-05 19:00:00,3764,26.13,83.55,0.0,0.0,61.34,2024.0,6
2024-06-05 20:00:00,3765,25.85,79.79,0.0,0.0,87.63,2024.0,6
2024-06-05 21:00:00,3766,24.95,79.91,0.0,0.0,60.43,2024.0,6
2024-06-05 22:00:00,3767,23.92,81.09,0.0,0.0,26.38,2024.0,6
2024-06-05 23:00:00,3768,22.97,78.35,0.0,0.0,52.72,2024.0,6
2024-06-06 00:00:00,3769,21.71,74.24,0.0,0.0,60.33,2024.0,6
2024-06-06 01:00:00,3770,20.8,76.75,0.0,0.0,72.41,2024.0,6
2024-06-06 02:00:00,3771,20.0,80.23,0.0,0.0,61.61,2024.0,6
2024-06-06 03:00:00,3772,19.62,83.22,0.0,0.0,68.45,2024.0,6
2024-06-06 04:00:00,3773,19.31,84.85,0.0,0.0,51.8,2024.0,6
2024-06-06 05:00:00,3774,19.09,89.94,0.0,0.0,77.18,2024.0,6
2024-06-06 06:00:00,3775,21.58,81.88,0.0,0.0,,2024.0,6
2024-06-06 07:00:00,3776,31.81,53.59,0.0,0.0,,2024.0,6
2024-06-06 08:00:00,3777,36.94,43.39,0.0,0.0,54.07,2024.0,6
2024-06-06 09:00:00,3778,34.35,48.06,0.0,0.0,85.9,2024.0,6
2024-06-06 10:00:00,3779,32.31,52.3,0.0,0.0,35.41,2024.0,6
2024-06-06 11:00:00,3780,32.73,51.69,0.0,0.0,20.57,2024.0,6
2024-06-06 12:00:00,3781,33.96,49.67,0.0,0.0,15.73,2024.0,6
2024-06-06 13:00:00,3782,34.17,49.37,0.0,0.0,20.21,2024.0,6
2024-06-06 14:00:00,3783,34.32,49.31,0.0,0.0,25.17,2024.0,6
2024-06-06 15:00:00,3784,33.45,54.76,0.0,0.0,56.63,2024.0,6
2024-06-06 16:00:00,3785,32.26,57.16,0.0,0.0,62.1,2024.0,6
2024-06-06 17:00:00,3786,29.47,64.45,0.0,0.0,63.5,2024.0,6
2024-06-06 18:00:00,3787,28.46,69.79,0.0,0.0,83.17,2024.0,6
2024-06-06 21:00:00,3790,25.58,94.72,24.13,83.34,34.0,2024.0,6
2024-06-07 17:00:00,3810,29.89,70.24,26.3,75.13,63.43,2024.0,6
2024-06-07 18:00:00,3811,27.79,81.27,25.93,76.42,75.84,2024.0,6
2024-06-07 19:00:00,3812,27.47,91.67,25.69,81.66,55.72,2024.0,6
2024-06-07 20:00:00,3813,26.39,98.01,24.64,86.7,42.67,2024.0,6
2024-06-07 21:00:00,3814,25.61,99.9,24.01,88.98,40.67,2024.0,6
2024-06-07 22:00:00,3815,25.17,99.9,23.43,91.56,44.18,2024.0,6
2024-06-07 23:00:00,3816,24.99,99.9,23.4,89.9,54.2,2024.0,6
2024-06-08 00:00:00,3817,24.95,99.9,22.88,93.57,58.0,2024.0,6
2024-06-08 01:00:00,3818,24.42,99.9,22.24,97.2,65.87,2024.0,6
2024-06-08 02:00:00,3819,24.02,99.9,21.79,98.48,72.75,2024.0,6
2024-06-08 05:00:00,3822,22.82,99.9,20.78,99.95,66.49,2024.0,6
2024-06-08 06:00:00,3823,23.2,99.9,21.58,96.73,70.82,2024.0,6
2024-06-08 07:00:00,3824,28.42,88.72,26.19,80.21,74.52,2024.0,6
2024-06-08 08:00:00,3825,32.08,68.23,29.46,69.36,92.07,2024.0,6
2024-06-08 09:00:00,3826,33.51,59.07,32.17,60.05,76.3,2024.0,6
2024-06-08 10:00:00,3827,34.76,51.62,34.48,51.33,55.8,2024.0,6
2024-06-08 11:00:00,3828,37.11,41.59,34.59,46.04,41.24,2024.0,6
2024-06-08 12:00:00,3829,37.09,37.38,33.69,44.44,32.7,2024.0,6
2024-06-08 13:00:00,3830,36.07,43.32,32.43,52.15,45.5,2024.0,6
2024-06-08 14:00:00,3831,33.07,58.26,29.73,66.46,60.37,2024.0,6
2024-06-08 15:00:00,3832,27.0,82.76,24.27,82.41,45.84,2024.0,6
2024-06-08 16:00:00,3833,26.11,97.87,23.42,94.83,48.24,2024.0,6
2024-06-08 17:00:00,3834,26.34,97.14,23.65,94.37,57.26,2024.0,6
2024-06-08 18:00:00,3835,25.72,99.9,24.01,92.65,53.21,2024.0,6
2024-06-08 19:00:00,3836,25.85,99.9,24.13,92.37,65.64,2024.0,6
2024-06-08 21:00:00,3838,25.12,99.9,23.65,95.3,64.72,2024.0,6
2024-06-08 22:00:00,3839,24.73,99.9,23.17,96.02,75.46,2024.0,6
2024-06-08 23:00:00,3840,24.52,99.9,22.82,97.89,74.24,2024.0,6
2024-06-09 00:00:00,3841,24.41,99.9,22.44,99.62,81.58,2024.0,6
2024-06-09 01:00:00,3842,24.06,99.9,22.22,99.76,68.16,2024.0,6
2024-06-09 02:00:00,3843,23.7,99.9,21.56,100.0,70.49,2024.0,6
2024-06-09 03:00:00,3844,23.26,99.9,21.1,100.0,73.16,2024.0,6
2024-06-09 04:00:00,3845,22.9,99.9,20.73,100.0,73.32,2024.0,6
2024-06-09 05:00:00,3846,22.7,99.9,20.82,100.0,82.01,2024.0,6
2024-06-09 06:00:00,3847,23.15,99.9,21.58,98.59,85.94,2024.0,6
2024-06-09 07:00:00,3848,27.13,96.52,25.26,85.67,85.13,2024.0,6
2024-06-09 08:00:00,3849,33.41,66.52,29.46,71.38,,2024.0,6
2024-06-09 09:00:00,3850,34.11,59.43,31.64,62.87,72.07,2024.0,6
2024-06-09 10:00:00,3851,33.29,59.25,33.28,57.14,49.77,2024.0,6
2024-06-09 11:00:00,3852,35.36,52.61,32.89,56.87,44.43,2024.0,6
2024-06-09 12:00:00,3853,35.42,50.94,32.72,56.64,39.0,2024.0,6
2024-06-09 13:00:00,3854,32.96,62.08,29.75,68.03,53.2,2024.0,6
2024-06-09 14:00:00,3855,29.36,79.31,26.45,79.43,43.72,2024.0,6
2024-06-09 15:00:00,3856,28.72,80.84,27.41,74.16,35.52,2024.0,6
2024-06-09 16:00:00,3857,30.68,70.01,27.3,74.13,51.5,2024.0,6
2024-06-09 17:00:00,3858,27.0,98.22,24.4,91.38,39.67,2024.0,6
2024-06-09 18:00:00,3859,26.11,99.9,24.01,91.31,36.45,2024.0,6
2024-06-09 19:00:00,3860,25.43,99.9,23.34,93.71,41.7,2024.0,6
2024-06-09 20:00:00,3861,24.98,99.9,22.91,95.0,46.43,2024.0,6
2024-06-09 21:00:00,3862,24.57,99.9,22.57,98.83,61.01,2024.0,6
2024-06-09 22:00:00,3863,24.19,99.9,22.34,99.61,48.86,2024.0,6
2024-06-09 23:00:00,3864,23.9,99.9,21.83,100.0,60.19,2024.0,6
2024-06-10 00:00:00,3865,23.57,99.9,21.56,100.0,62.98,2024.0,6
2024-06-10 01:00:00,3866,23.46,99.9,21.47,100.0,74.37,2024.0,6
2024-06-10 02:00:00,3867,23.39,99.9,21.27,100.0,71.53,2024.0,6
2024-06-10 03:00:00,3868,23.26,99.9,21.04,100.0,78.03,2024.0,6
2024-06-10 04:00:00,3869,22.88,99.9,20.61,100.0,73.92,2024.0,6
2024-06-10 05:00:00,3870,22.7,99.9,20.74,100.0,76.25,2024.0,6
2024-06-10 06:00:00,3871,22.71,99.9,21.2,100.0,80.82,2024.0,6
2024-06-10 07:00:00,3872,23.24,99.9,21.97,97.94,66.08,2024.0,6
2024-06-10 08:00:00,3873,25.68,99.6,24.97,88.01,74.66,2024.0,6
2024-06-10 09:00:00,3874,33.23,66.94,33.07,60.12,51.93,2024.0,6
2024-06-10 10:00:00,3875,35.26,55.3,33.96,56.28,46.9,2024.0,6
2024-06-10 11:00:00,3876,34.34,59.01,32.64,60.71,47.27,2024.0,6
2024-06-10 12:00:00,3877,35.57,54.15,32.54,59.91,42.43,2024.0,6
2024-06-10 13:00:00,3878,34.98,55.32,33.17,58.74,40.2,2024.0,6
2024-06-10 14:00:00,3879,32.44,66.91,29.65,70.71,57.13,2024.0,6
2024-06-10 15:00:00,3880,29.69,80.91,27.43,76.47,52.23,2024.0,6
2024-06-10 16:00:00,3881,29.17,81.42,26.99,76.82,41.97,2024.0,6
2024-06-10 17:00:00,3882,29.08,83.15,26.57,78.96,42.5,2024.0,6
2024-06-11 16:00:00,3905,31.87,69.81,27.76,76.64,51.34,2024.0,6
2024-06-11 17:00:00,3906,28.85,90.68,26.25,84.06,46.39,2024.0,6
2024-06-11 18:00:00,3907,27.99,94.99,25.75,86.24,48.49,2024.0,6
2024-06-11 19:00:00,3908,26.99,98.19,24.95,88.33,42.84,2024.0,6
2024-06-11 20:00:00,3909,26.4,99.9,23.93,96.36,47.35,2024.0,6
2024-06-11 21:00:00,3910,25.27,99.9,23.08,99.38,35.78,2024.0,6
2024-06-11 22:00:00,3911,25.16,99.9,23.13,98.68,33.37,2024.0,6
2024-06-11 23:00:00,3912,25.34,99.9,22.91,99.89,37.05,2024.0,6
2024-06-12 00:00:00,3913,25.17,99.9,22.84,99.64,43.59,2024.0,6
2024-06-12 01:00:00,3914,24.63,99.9,22.44,100.0,53.21,2024.0,6
2024-06-12 02:00:00,3915,24.38,99.9,22.3,100.0,41.71,2024.0,6
2024-06-12 03:00:00,3916,24.84,99.9,22.63,99.87,46.48,2024.0,6
2024-06-12 04:00:00,3917,24.2,99.9,21.89,100.0,49.94,2024.0,6
2024-06-12 05:00:00,3918,23.82,99.9,21.73,100.0,70.15,2024.0,6
2024-06-12 06:00:00,3919,23.75,99.9,22.14,99.75,68.85,2024.0,6
2024-06-12 07:00:00,3920,27.76,93.46,25.73,85.5,53.22,2024.0,6
2024-06-12 08:00:00,3921,31.35,76.27,28.41,74.97,58.52,2024.0,6
2024-06-12 09:00:00,3922,34.21,60.21,32.14,62.23,43.8,2024.0,6
2024-06-12 10:00:00,3923,35.88,53.13,34.06,56.0,34.6,2024.0,6
2024-06-12 11:00:00,3924,37.36,48.64,32.97,57.61,33.89,2024.0,6
2024-06-12 13:00:00,3926,37.64,47.89,32.81,58.76,48.52,2024.0,6
2024-06-12 14:00:00,3927,33.02,60.59,30.28,66.78,49.41,2024.0,6
2024-06-12 15:00:00,3928,32.04,66.95,28.5,73.82,47.43,2024.0,6
2024-06-12 16:00:00,3929,26.83,94.08,24.22,87.25,29.32,2024.0,6
2024-06-12 17:00:00,3930,25.76,99.3,24.22,88.1,29.7,2024.0,6
2024-06-12 18:00:00,3931,25.53,99.48,23.87,88.06,23.55,2024.0,6
2024-06-12 20:00:00,3933,25.12,99.9,23.13,93.67,33.3,2024.0,6
2024-06-12 21:00:00,3934,25.14,99.9,22.91,94.74,34.17,2024.0,6
2024-06-12 22:00:00,3935,24.73,99.9,22.53,96.36,50.67,2024.0,6
2024-06-12 23:00:00,3936,24.19,99.9,22.41,97.48,49.38,2024.0,6
2024-06-13 00:00:00,3937,24.1,99.9,22.07,99.21,53.44,2024.0,6
2024-06-13 01:00:00,3938,24.21,99.9,22.0,99.7,58.29,2024.0,6
2024-06-13 02:00:00,3939,23.77,99.9,21.78,99.16,42.3,2024.0,6
2024-06-13 03:00:00,3940,24.1,99.9,22.01,98.41,48.42,2024.0,6
2024-06-13 04:00:00,3941,24.11,99.9,21.87,99.34,50.38,2024.0,6
2024-06-13 05:00:00,3942,23.51,99.9,21.55,100.0,49.19,2024.0,6
2024-06-13 06:00:00,3943,23.66,99.9,21.85,98.85,48.17,2024.0,6
2024-06-13 07:00:00,3944,27.44,95.83,25.93,84.64,51.86,2024.0,6
2024-06-13 08:00:00,3945,29.58,87.58,26.65,81.62,58.29,2024.0,6
2024-06-13 09:00:00,3946,31.29,75.58,28.98,72.94,52.94,2024.0,6
2024-06-13 10:00:00,3947,35.98,55.29,33.71,58.41,45.8,2024.0,6
2024-06-13 11:00:00,3948,34.34,54.62,29.77,65.11,37.33,2024.0,6
2024-06-13 12:00:00,3949,32.03,65.63,28.62,71.96,46.43,2024.0,6
2024-06-13 13:00:00,3950,32.73,64.16,30.34,67.85,49.69,2024.0,6
2024-06-13 14:00:00,3951,34.81,56.16,32.58,60.53,37.33,2024.0,6
2024-06-13 15:00:00,3952,36.09,53.52,32.66,61.19,42.73,2024.0,6
2024-06-13 16:00:00,3953,36.73,52.89,31.49,65.35,36.53,2024.0,6
2024-06-13 17:00:00,3954,31.29,75.32,26.84,81.27,36.51,2024.0,6
2024-06-13 19:00:00,3956,26.99,98.58,24.66,90.1,39.89,2024.0,6
2024-06-13 21:00:00,3958,25.92,99.9,23.54,95.64,49.02,2024.0,6
2024-06-13 22:00:00,3959,25.52,99.9,23.19,97.16,59.75,2024.0,6
2024-06-13 23:00:00,3960,24.97,99.9,22.5,98.67,80.78,2024.0,6
2024-06-14 00:00:00,3961,24.31,99.9,22.03,95.97,67.09,2024.0,6
2024-06-14 01:00:00,3962,24.19,99.9,22.44,91.82,44.09,2024.0,6
2024-06-14 02:00:00,3963,24.5,99.9,22.38,92.53,57.84,2024.0,6
2024-06-14 03:00:00,3964,23.85,99.9,21.51,93.91,43.64,2024.0,6
2024-06-14 04:00:00,3965,23.08,99.9,21.15,95.43,40.4,2024.0,6
2024-06-14 05:00:00,3966,23.38,99.9,21.11,97.46,43.51,2024.0,6
2024-06-14 06:00:00,3967,23.45,99.9,21.52,95.88,63.81,2024.0,6
2024-06-14 07:00:00,3968,28.27,88.35,26.43,79.71,65.38,2024.0,6
2024-06-14 08:00:00,3969,33.26,63.89,29.8,69.23,77.43,2024.0,6
2024-06-14 09:00:00,3970,33.75,60.25,32.15,62.25,74.25,2024.0,6
2024-06-14 10:00:00,3971,36.21,52.1,34.81,54.66,51.8,2024.0,6
2024-06-14 11:00:00,3972,36.13,51.33,33.28,57.57,54.1,2024.0,6
2024-06-14 12:00:00,3973,36.94,49.45,32.62,59.29,59.8,2024.0,6
2024-06-14 13:00:00,3974,35.87,53.25,33.13,60.24,47.93,2024.0,6
2024-06-14 14:00:00,3975,35.57,54.54,33.58,59.45,35.13,2024.0,6
2024-06-14 15:00:00,3976,34.97,54.43,31.9,62.17,30.5,2024.0,6
2024-06-14 16:00:00,3977,35.02,54.28,31.34,63.65,35.59,2024.0,6
2024-06-14 17:00:00,3978,30.71,73.37,27.5,76.82,45.84,2024.0,6
2024-06-14 18:00:00,3979,28.51,91.36,26.49,83.16,40.42,2024.0,6
2024-06-14 19:00:00,3980,27.24,97.75,25.24,88.59,37.88,2024.0,6
2024-06-14 20:00:00,3981,26.38,99.0,24.06,91.6,34.39,2024.0,6
2024-06-14 21:00:00,3982,26.08,98.21,23.88,90.63,30.15,2024.0,6
2024-06-14 22:00:00,3983,26.26,95.72,24.08,87.95,32.7,2024.0,6
2024-06-14 23:00:00,3984,25.95,97.95,23.65,90.56,42.34,2024.0,6
2024-06-15 00:00:00,3985,25.6,99.56,23.19,93.05,52.08,2024.0,6
2024-06-15 01:00:00,3986,25.66,99.9,23.58,92.75,64.99,2024.0,6
2024-06-15 02:00:00,3987,25.68,99.9,23.52,93.62,65.03,2024.0,6
2024-06-15 03:00:00,3988,25.41,99.9,23.08,95.47,44.87,2024.0,6
2024-06-15 04:00:00,3989,24.89,99.9,22.37,98.8,39.84,2024.0,6
2024-06-15 05:00:00,3990,24.59,99.9,22.31,99.09,50.65,2024.0,6
2024-06-15 06:00:00,3991,24.66,99.9,22.72,97.39,55.12,2024.0,6
2024-06-15 07:00:00,3992,25.8,99.68,24.02,92.56,94.27,2024.0,6
2024-06-15 08:00:00,3993,33.41,69.94,31.18,67.82,56.07,2024.0,6
2024-06-15 09:00:00,3994,38.0,51.04,34.29,58.56,53.8,2024.0,6
2024-06-15 10:00:00,3995,37.24,49.59,33.31,58.43,47.77,2024.0,6
2024-06-15 11:00:00,3996,36.29,50.09,32.73,58.46,40.8,2024.0,6
2024-06-15 12:00:00,3997,38.07,45.68,33.88,55.43,37.43,2024.0,6
2024-06-15 13:00:00,3998,36.99,48.8,32.73,59.57,39.57,2024.0,6
2024-06-15 14:00:00,3999,32.43,65.51,28.66,73.54,42.58,2024.0,6
2024-06-15 15:00:00,4000,29.57,83.65,27.22,79.29,32.34,2024.0,6
2024-06-15 16:00:00,4001,29.23,85.33,26.37,81.71,33.68,2024.0,6
2024-06-15 17:00:00,4002,28.36,89.73,25.79,83.69,58.33,2024.0,6
2024-06-15 18:00:00,4003,27.48,95.56,25.18,88.35,95.43,2024.0,6
2024-06-15 19:00:00,4004,27.19,96.59,25.38,87.33,86.59,2024.0,6
2024-06-15 20:00:00,4005,27.49,95.18,25.33,87.34,83.26,2024.0,6
2024-06-15 21:00:00,4006,27.02,99.29,24.86,91.62,69.14,2024.0,6
2024-06-15 22:00:00,4007,26.74,99.81,24.54,92.87,51.82,2024.0,6
2024-06-15 23:00:00,4008,26.33,99.14,23.88,92.23,66.35,2024.0,6
2024-06-16 00:00:00,4009,26.07,99.75,23.91,92.16,78.23,2024.0,6
2024-06-16 01:00:00,4010,25.76,99.9,23.34,94.65,84.42,2024.0,6
2024-06-16 02:00:00,4011,25.32,99.9,23.18,93.64,43.5,2024.0,6
2024-06-16 03:00:00,4012,24.73,99.9,22.65,95.93,55.86,2024.0,6
2024-06-16 04:00:00,4013,24.37,99.9,22.01,98.48,57.44,2024.0,6
2024-06-16 05:00:00,4014,24.14,99.9,21.85,97.86,49.29,2024.0,6
2024-06-16 06:00:00,4015,24.19,99.9,22.23,97.82,76.54,2024.0,6
2024-06-16 07:00:00,4016,26.88,95.99,25.39,85.47,61.42,2024.0,6
2024-06-16 08:00:00,4017,33.41,67.5,30.16,70.38,73.63,2024.0,6
2024-06-16 09:00:00,4018,35.59,56.97,32.23,64.01,87.5,2024.0,6
2024-06-16 10:00:00,4019,37.3,49.89,35.13,54.34,83.93,2024.0,6
2024-06-16 11:00:00,4020,38.62,42.93,34.67,50.68,40.59,2024.0,6
2024-06-16 12:00:00,4021,37.82,41.9,33.74,50.73,28.03,2024.0,6
2024-06-16 13:00:00,4022,37.91,43.13,34.99,50.62,33.7,2024.0,6
2024-06-16 14:00:00,4023,33.93,60.04,30.03,70.33,56.33,2024.0,6
2024-06-16 15:00:00,4024,32.25,67.67,29.43,72.42,53.37,2024.0,6
2024-06-16 16:00:00,4025,31.64,71.54,29.05,73.6,55.37,2024.0,6
2024-06-16 17:00:00,4026,29.14,73.71,27.01,74.6,50.47,2024.0,6
2024-06-16 18:00:00,4027,27.06,78.33,25.65,75.55,39.03,2024.0,6
2024-06-16 19:00:00,4028,27.9,92.11,25.9,84.18,37.07,2024.0,6
2024-06-16 20:00:00,4029,27.23,95.1,25.28,86.63,43.59,2024.0,6
2024-06-16 21:00:00,4030,26.41,97.98,24.4,89.9,45.31,2024.0,6
2024-06-16 22:00:00,4031,25.79,99.67,24.08,89.95,44.04,2024.0,6
2024-06-16 23:00:00,4032,25.26,98.31,23.43,89.2,32.92,2024.0,6
2024-06-17 00:00:00,4033,24.63,98.84,22.62,90.72,31.04,2024.0,6
2024-06-17 01:00:00,4034,24.03,99.9,21.96,94.07,37.27,2024.0,6
2024-06-17 02:00:00,4035,23.52,99.9,21.21,95.89,32.96,2024.0,6
2024-06-17 03:00:00,4036,22.91,99.9,20.9,96.39,38.55,2024.0,6
2024-06-17 04:00:00,4037,22.48,99.9,20.53,98.15,47.15,2024.0,6
2024-06-17 05:00:00,4038,21.97,99.9,20.21,95.37,34.66,2024.0,6
2024-06-17 06:00:00,4039,23.19,98.93,21.75,91.93,45.56,2024.0,6
2024-06-17 07:00:00,4040,32.47,64.94,28.45,68.94,60.52,2024.0,6
2024-06-17 08:00:00,4041,37.63,46.73,31.79,58.72,53.37,2024.0,6
2024-06-17 09:00:00,4042,36.24,44.81,33.07,51.74,37.23,2024.0,6
2024-06-17 10:00:00,4043,35.04,44.73,34.8,46.15,26.87,2024.0,6
2024-06-17 11:00:00,4044,36.7,40.34,33.98,46.31,22.93,2024.0,6
2024-06-17 12:00:00,4045,37.05,39.61,33.01,48.29,23.63,2024.0,6
2024-06-17 13:00:00,4046,36.45,43.68,32.78,52.83,37.97,2024.0,6
2024-06-17 14:00:00,4047,34.44,53.1,31.2,62.28,44.1,2024.0,6
2024-06-17 15:00:00,4048,34.43,54.1,31.75,61.14,41.5,2024.0,6
2024-06-17 16:00:00,4049,32.45,61.27,29.14,69.67,44.8,2024.0,6
2024-06-17 17:00:00,4050,30.28,72.14,27.46,74.9,47.63,2024.0,6
2024-06-17 18:00:00,4051,28.71,82.98,26.45,79.17,43.52,2024.0,6
2024-06-17 19:00:00,4052,27.14,92.19,24.95,84.71,45.18,2024.0,6
2024-06-17 20:00:00,4053,26.3,93.86,24.43,85.33,44.8,2024.0,6
2024-06-17 21:00:00,4054,25.79,95.22,24.08,86.3,50.46,2024.0,6
2024-06-17 22:00:00,4055,25.57,97.06,23.51,89.39,58.54,2024.0,6
2024-06-17 23:00:00,4056,25.26,98.83,23.05,91.63,61.44,2024.0,6
2024-06-18 00:00:00,4057,24.85,99.9,22.42,94.65,64.21,2024.0,6
2024-06-18 01:00:00,4058,24.35,99.9,21.95,97.0,76.51,2024.0,6
2024-06-18 02:00:00,4059,23.91,99.9,21.56,97.71,78.08,2024.0,6
2024-06-18 03:00:00,4060,23.63,99.9,21.69,95.9,66.69,2024.0,6
2024-06-18 04:00:00,4061,23.35,99.9,21.25,98.77,64.94,2024.0,6
2024-06-18 05:00:00,4062,23.4,99.9,21.2,98.75,76.52,2024.0,6
2024-06-18 06:00:00,4063,23.33,99.9,21.43,95.66,67.39,2024.0,6
2024-06-18 07:00:00,4064,25.32,96.63,24.13,85.8,61.99,2024.0,6
2024-06-18 08:00:00,4065,31.21,71.58,27.64,74.69,,2024.0,6
2024-06-18 09:00:00,4066,33.47,59.32,31.09,63.47,70.4,2024.0,6
2024-06-18 10:00:00,4067,32.36,61.45,30.67,64.35,70.8,2024.0,6
2024-06-18 11:00:00,4068,34.1,56.23,31.78,60.9,58.69,2024.0,6
2024-06-18 12:00:00,4069,34.78,52.28,32.47,57.5,36.03,2024.0,6
2024-06-18 13:00:00,4070,34.56,54.58,31.88,61.45,55.77,2024.0,6
2024-06-18 14:00:00,4071,32.03,67.96,29.22,72.11,70.4,2024.0,6
2024-06-18 15:00:00,4072,33.16,61.53,29.67,69.26,48.83,2024.0,6
2024-06-18 16:00:00,4073,31.54,66.93,28.39,72.99,46.53,2024.0,6
2024-06-18 17:00:00,4074,29.57,83.7,26.76,81.25,48.77,2024.0,6
2024-06-18 18:00:00,4075,27.97,94.01,25.6,87.36,41.27,2024.0,6
2024-06-18 19:00:00,4076,27.37,97.14,25.35,88.97,60.08,2024.0,6
2024-06-18 20:00:00,4077,27.14,96.91,25.02,89.12,44.64,2024.0,6
2024-06-18 21:00:00,4078,26.97,97.28,24.56,90.74,48.11,2024.0,6
2024-06-18 22:00:00,4079,26.72,98.11,24.38,91.48,56.86,2024.0,6
2024-06-18 23:00:00,4080,26.65,98.87,24.17,92.48,55.89,2024.0,6
2024-06-19 00:00:00,4081,25.84,99.74,23.3,94.99,56.74,2024.0,6
2024-06-19 01:00:00,4082,24.98,99.9,22.55,96.87,52.48,2024.0,6
2024-06-19 02:00:00,4083,24.46,99.9,22.05,98.7,62.58,2024.0,6
2024-06-19 03:00:00,4084,23.99,99.9,21.7,98.68,49.04,2024.0,6
2024-06-19 04:00:00,4085,23.48,99.9,21.21,99.93,61.53,2024.0,6
2024-06-19 05:00:00,4086,23.0,99.9,20.69,100.0,69.08,2024.0,6
2024-06-19 06:00:00,4087,23.0,99.9,20.82,99.74,80.42,2024.0,6
2024-06-19 07:00:00,4088,27.4,92.44,25.53,84.32,81.56,2024.0,6
2024-06-19 08:00:00,4089,32.05,65.24,27.76,73.24,64.47,2024.0,6
2024-06-19 09:00:00,4090,29.8,75.25,28.48,71.22,54.97,2024.0,6
2024-06-19 10:00:00,4091,36.28,50.61,35.17,51.85,47.33,2024.0,6
2024-06-19 11:00:00,4092,36.45,47.67,33.16,54.46,44.57,2024.0,6
2024-06-19 12:00:00,4093,36.94,45.48,33.26,53.62,39.53,2024.0,6
2024-06-19 13:00:00,4094,37.95,42.51,35.71,47.97,42.33,2024.0,6
2024-06-19 14:00:00,4095,36.76,43.87,34.1,50.6,39.87,2024.0,6
2024-06-19 15:00:00,4096,33.04,51.7,30.05,60.25,40.59,2024.0,6
2024-06-19 16:00:00,4097,30.59,62.92,28.49,67.55,43.63,2024.0,6
2024-06-19 17:00:00,4098,29.5,68.51,26.96,71.93,45.53,2024.0,6
2024-06-19 18:00:00,4099,27.97,74.91,25.75,74.64,57.34,2024.0,6
2024-06-19 19:00:00,4100,26.31,88.17,24.59,80.64,37.83,2024.0,6
2024-06-19 20:00:00,4101,25.28,97.25,23.65,87.6,43.68,2024.0,6
2024-06-19 21:00:00,4102,24.6,99.4,23.02,89.23,51.63,2024.0,6
2024-06-19 22:00:00,4103,24.08,96.05,22.71,85.53,32.12,2024.0,6
2024-06-19 23:00:00,4104,23.52,97.79,22.04,87.71,29.73,2024.0,6
2024-06-20 00:00:00,4105,23.07,99.85,21.35,91.06,32.0,2024.0,6
2024-06-20 01:00:00,4106,22.56,99.9,20.9,91.04,32.12,2024.0,6
2024-06-20 02:00:00,4107,22.09,99.63,20.51,89.81,30.33,2024.0,6
2024-06-20 03:00:00,4108,21.61,99.75,19.61,92.36,31.93,2024.0,6
2024-06-20 04:00:00,4109,21.13,99.9,18.83,96.69,44.33,2024.0,6
2024-06-20 05:00:00,4110,20.43,99.9,18.23,96.65,55.36,2024.0,6
2024-06-20 06:00:00,4111,21.19,98.09,19.69,90.79,72.09,2024.0,6
2024-06-20 07:00:00,4112,29.39,65.27,25.62,69.97,94.5,2024.0,6
2024-06-20 08:00:00,4113,33.83,49.27,29.72,58.08,64.37,2024.0,6
2024-06-20 09:00:00,4114,34.8,45.66,32.51,50.65,48.48,2024.0,6
2024-06-20 10:00:00,4115,35.56,40.07,34.59,42.83,34.8,2024.0,6
2024-06-20 11:00:00,4116,34.9,41.26,32.03,48.31,35.7,2024.0,6
2024-06-20 12:00:00,4117,35.54,41.73,31.89,50.23,35.93,2024.0,6
2024-06-20 13:00:00,4118,35.59,42.69,33.46,48.67,40.34,2024.0,6
2024-06-20 14:00:00,4119,34.65,46.92,31.5,55.62,46.07,2024.0,6
2024-06-20 15:00:00,4120,35.86,47.83,32.62,55.92,56.13,2024.0,6
2024-06-20 16:00:00,4121,33.15,53.17,29.19,64.22,41.13,2024.0,6
2024-06-20 17:00:00,4122,29.74,66.72,27.3,70.85,47.57,2024.0,6
2024-06-20 18:00:00,4123,28.61,73.98,26.42,73.6,58.33,2024.0,6
2024-06-20 19:00:00,4124,27.42,77.64,25.24,75.62,53.37,2024.0,6
2024-06-20 20:00:00,4125,26.48,80.99,24.46,77.11,38.46,2024.0,6
2024-06-20 21:00:00,4126,25.86,85.81,24.09,79.12,46.45,2024.0,6
2024-06-20 22:00:00,4127,25.68,89.77,23.43,82.74,46.45,2024.0,6
2024-06-20 23:00:00,4128,25.01,92.16,22.47,86.55,64.63,2024.0,6
2024-06-21 00:00:00,4129,24.31,94.98,21.76,89.78,58.62,2024.0,6
2024-06-21 01:00:00,4130,23.67,98.67,21.29,92.84,67.09,2024.0,6
2024-06-21 02:00:00,4131,23.03,99.9,20.63,95.81,79.87,2024.0,6
2024-06-21 03:00:00,4132,22.68,99.9,20.36,96.9,56.86,2024.0,6
2024-06-21 04:00:00,4133,22.33,99.9,19.84,99.35,55.99,2024.0,6
2024-06-21 05:00:00,4134,21.78,99.9,19.22,99.13,65.82,2024.0,6
2024-06-21 06:00:00,4135,22.51,99.22,20.61,94.06,75.67,2024.0,6
2024-06-21 07:00:00,4136,30.37,71.14,27.08,72.1,92.18,2024.0,6
2024-06-21 08:00:00,4137,32.4,56.31,28.63,65.34,57.63,2024.0,6
2024-06-21 09:00:00,4138,34.41,50.71,32.87,54.06,51.23,2024.0,6
2024-06-21 10:00:00,4139,35.96,44.31,34.43,48.26,47.2,2024.0,6
2024-06-21 11:00:00,4140,35.53,40.53,32.62,46.91,39.73,2024.0,6
2024-06-21 12:00:00,4141,37.04,31.8,33.19,38.79,22.59,2024.0,6
2024-06-21 13:00:00,4142,37.82,31.19,36.18,35.96,23.47,2024.0,6
2024-06-21 14:00:00,4143,37.67,31.71,35.77,37.14,23.07,2024.0,6
2024-06-21 15:00:00,4144,37.74,42.97,33.33,54.08,57.41,2024.0,6
2024-06-21 16:00:00,4145,34.7,49.33,30.85,60.06,46.33,2024.0,6
2024-06-21 17:00:00,4146,32.06,55.31,28.57,65.87,38.53,2024.0,6
2024-06-21 18:00:00,4147,29.74,70.46,26.87,74.7,44.73,2024.0,6
2024-06-21 19:00:00,4148,27.33,91.45,25.11,84.59,35.78,2024.0,6
2024-06-21 20:00:00,4149,26.24,96.97,24.25,89.26,43.62,2024.0,6
2024-06-21 21:00:00,4150,26.13,97.11,24.2,89.14,50.92,2024.0,6
2024-06-21 22:00:00,4151,25.46,96.33,23.44,88.8,46.6,2024.0,6
2024-06-21 23:00:00,4152,24.55,95.82,22.67,88.24,34.53,2024.0,6
2024-06-22 00:00:00,4153,23.85,99.07,21.94,91.9,43.19,2024.0,6
2024-06-22 01:00:00,4154,23.63,99.66,21.89,92.43,57.96,2024.0,6
2024-06-22 02:00:00,4155,24.0,97.33,21.63,91.28,50.65,2024.0,6
2024-06-22 03:00:00,4156,22.93,99.69,20.67,94.09,35.88,2024.0,6
2024-06-22 04:00:00,4157,22.06,99.9,20.02,94.26,47.84,2024.0,6
2024-06-22 05:00:00,4158,21.42,99.38,19.31,92.91,50.67,2024.0,6
2024-06-22 06:00:00,4159,21.78,99.09,20.25,91.1,76.58,2024.0,6
2024-06-22 07:00:00,4160,29.02,70.05,26.13,71.48,69.28,2024.0,6
2024-06-22 08:00:00,4161,30.0,61.53,27.48,66.66,56.63,2024.0,6
2024-06-22 09:00:00,4162,32.24,54.4,30.87,57.12,54.47,2024.0,6
2024-06-22 10:00:00,4163,32.31,48.81,32.17,49.7,37.7,2024.0,6
2024-06-22 11:00:00,4164,32.62,45.48,31.11,49.53,33.43,2024.0,6
2024-06-22 12:00:00,4165,33.49,41.61,30.69,48.28,29.59,2024.0,6
2024-06-22 13:00:00,4166,33.08,41.13,32.88,43.61,30.52,2024.0,6
2024-06-22 14:00:00,4167,33.98,41.17,32.97,44.88,30.77,2024.0,6
2024-06-22 15:00:00,4168,33.49,41.9,31.28,47.91,32.57,2024.0,6
2024-06-22 16:00:00,4169,32.22,46.39,29.35,54.42,40.0,2024.0,6
2024-06-22 17:00:00,4170,29.26,58.13,26.71,65.35,46.47,2024.0,6
2024-06-22 18:00:00,4171,27.11,72.55,24.98,73.07,50.57,2024.0,6
2024-06-22 19:00:00,4172,25.65,82.05,23.81,77.32,36.82,2024.0,6
2024-06-22 20:00:00,4173,24.42,87.61,22.81,79.68,30.08,2024.0,6
2024-06-22 21:00:00,4174,23.75,88.94,22.16,80.3,28.42,2024.0,6
2024-06-22 22:00:00,4175,23.16,91.88,21.2,84.51,36.52,2024.0,6
2024-06-22 23:00:00,4176,22.5,92.94,20.84,84.59,33.03,2024.0,6
2024-06-23 00:00:00,4177,21.94,93.96,19.75,87.74,58.04,2024.0,6
2024-06-23 01:00:00,4178,21.27,96.45,19.04,90.91,81.76,2024.0,6
2024-06-23 02:00:00,4179,20.67,99.71,18.38,95.04,84.17,2024.0,6
2024-06-23 03:00:00,4180,20.1,99.9,17.79,96.17,72.9,2024.0,6
2024-06-23 04:00:00,4181,19.7,99.9,17.59,95.46,78.59,2024.0,6
2024-06-23 05:00:00,4182,19.18,99.78,17.09,95.1,67.8,2024.0,6
2024-06-23 06:00:00,4183,19.34,97.62,17.94,89.0,79.66,2024.0,6
2024-06-23 07:00:00,4184,27.45,62.57,24.56,65.51,,2024.0,6
2024-06-23 08:00:00,4185,32.39,51.42,28.23,61.2,85.23,2024.0,6
2024-06-23 09:00:00,4186,30.39,53.75,30.14,54.75,35.13,2024.0,6
2024-06-23 10:00:00,4187,30.41,53.97,31.09,53.11,33.5,2024.0,6
2024-06-23 11:00:00,4188,31.13,53.2,30.3,55.54,34.67,2024.0,6
2024-06-23 12:00:00,4189,31.65,51.07,30.19,55.26,34.47,2024.0,6
2024-06-23 13:00:00,4190,32.28,48.15,32.26,49.36,32.1,2024.0,6
2024-06-23 14:00:00,4191,33.34,45.08,32.24,48.66,24.33,2024.0,6
2024-06-23 15:00:00,4192,33.26,46.14,31.24,51.87,22.72,2024.0,6
2024-06-23 16:00:00,4193,32.39,49.11,29.84,56.14,23.5,2024.0,6
2024-06-23 17:00:00,4194,29.74,58.72,27.12,65.65,34.33,2024.0,6
2024-06-23 18:00:00,4195,27.11,77.82,25.29,74.7,38.5,2024.0,6
2024-06-23 19:00:00,4196,26.13,86.05,24.38,79.09,30.89,2024.0,6
2024-06-23 20:00:00,4197,25.47,89.8,23.77,81.3,32.85,2024.0,6
2024-06-23 21:00:00,4198,25.02,92.02,23.12,84.26,34.93,2024.0,6
2024-06-23 22:00:00,4199,24.66,94.11,22.38,88.08,59.92,2024.0,6
2024-06-23 23:00:00,4200,24.26,94.36,22.19,87.72,64.52,2024.0,6
2024-06-24 00:00:00,4201,23.9,95.35,21.66,89.47,54.43,2024.0,6
2024-06-24 01:00:00,4202,23.51,97.16,21.22,91.55,55.25,2024.0,6
2024-06-24 02:00:00,4203,22.66,98.6,20.3,93.44,55.03,2024.0,6
2024-06-24 03:00:00,4204,22.23,99.9,20.15,94.31,52.35,2024.0,6
2024-06-24 04:00:00,4205,22.11,99.9,19.9,95.41,61.42,2024.0,6
2024-06-24 05:00:00,4206,21.66,99.9,19.69,93.99,57.93,2024.0,6
2024-06-24 06:00:00,4207,22.06,99.89,20.58,91.76,67.44,2024.0,6
2024-06-24 07:00:00,4208,28.7,78.15,27.39,71.64,76.62,2024.0,6
2024-06-24 08:00:00,4209,34.09,54.37,29.72,64.73,52.87,2024.0,6
2024-06-24 09:00:00,4210,33.54,55.98,29.44,66.19,51.87,2024.0,6
2024-06-24 10:00:00,4211,31.49,64.62,29.27,68.7,54.1,2024.0,6
2024-06-24 11:00:00,4212,31.52,66.36,30.02,67.16,42.23,2024.0,6
2024-06-24 12:00:00,4213,33.78,56.29,31.04,62.97,37.47,2024.0,6
2024-06-24 13:00:00,4214,34.43,53.53,33.64,55.93,26.57,2024.0,6
2024-06-24 14:00:00,4215,33.54,56.38,31.94,60.91,28.23,2024.0,6
2024-06-24 15:00:00,4216,32.46,62.85,30.56,66.53,29.83,2024.0,6
2024-06-24 16:00:00,4217,31.41,67.2,29.26,70.15,31.97,2024.0,6
2024-06-24 17:00:00,4218,28.28,85.17,26.73,78.26,27.17,2024.0,6
2024-06-24 18:00:00,4219,27.17,92.57,25.73,83.22,28.56,2024.0,6
2024-06-24 19:00:00,4220,26.41,94.45,24.88,85.58,29.48,2024.0,6
2024-06-24 20:00:00,4221,25.72,95.19,24.27,86.11,22.42,2024.0,6
2024-06-24 21:00:00,4222,25.18,96.95,23.6,88.43,17.24,2024.0,6
2024-06-24 22:00:00,4223,24.91,97.93,23.23,89.81,23.83,2024.0,6
2024-06-24 23:00:00,4224,24.52,99.88,22.62,92.46,31.62,2024.0,6
2024-06-25 00:00:00,4225,24.21,99.9,22.3,93.41,34.17,2024.0,6
2024-06-25 01:00:00,4226,23.89,99.9,22.06,93.59,30.95,2024.0,6
2024-06-25 02:00:00,4227,23.64,99.9,21.53,95.89,37.54,2024.0,6
2024-06-25 03:00:00,4228,23.09,99.9,21.0,98.22,36.38,2024.0,6
2024-06-25 04:00:00,4229,22.75,99.9,20.6,99.69,49.29,2024.0,6
2024-06-25 05:00:00,4230,22.58,99.9,20.4,99.81,54.94,2024.0,6
2024-06-25 06:00:00,4231,22.95,99.9,21.36,96.31,59.67,2024.0,6
2024-06-25 07:00:00,4232,29.02,82.57,26.76,77.33,64.51,2024.0,6
2024-06-25 08:00:00,4233,35.57,54.0,30.5,65.38,57.8,2024.0,6
2024-06-25 09:00:00,4234,35.1,53.92,32.74,59.42,48.83,2024.0,6
2024-06-25 10:00:00,4235,36.45,48.62,34.51,53.49,39.9,2024.0,6
2024-06-25 11:00:00,4236,35.49,49.54,32.37,57.33,34.1,2024.0,6
2024-06-25 12:00:00,4237,35.5,50.64,32.28,58.6,35.77,2024.0,6
2024-06-25 13:00:00,4238,32.76,58.25,29.83,65.93,40.8,2024.0,6
2024-06-25 14:00:00,4239,31.33,69.91,29.15,71.1,48.59,2024.0,6
2024-06-25 15:00:00,4240,32.33,63.91,29.09,70.56,41.5,2024.0,6
2024-06-25 16:00:00,4241,28.52,86.93,25.8,83.38,33.37,2024.0,6
2024-06-25 17:00:00,4242,26.87,94.79,24.83,87.4,43.19,2024.0,6
2024-06-25 18:00:00,4243,26.74,94.32,24.9,86.78,33.05,2024.0,6
2024-06-25 19:00:00,4244,24.58,99.73,21.93,99.6,24.01,2024.0,6
2024-06-25 20:00:00,4245,23.48,99.9,21.53,100.0,22.33,2024.0,6
2024-06-25 21:00:00,4246,23.88,99.9,21.53,100.0,27.34,2024.0,6
2024-06-25 22:00:00,4247,23.64,99.9,21.35,100.0,36.49,2024.0,6
2024-06-25 23:00:00,4248,23.55,99.9,21.21,100.0,41.12,2024.0,6
2024-06-26 00:00:00,4249,23.48,99.9,21.09,100.0,41.22,2024.0,6
2024-06-26 01:00:00,4250,23.36,99.9,21.0,100.0,41.7,2024.0,6
2024-06-26 02:00:00,4251,23.15,99.9,20.95,100.0,48.42,2024.0,6
2024-06-26 03:00:00,4252,23.04,99.9,20.97,100.0,44.87,2024.0,6
2024-06-26 04:00:00,4253,22.66,99.9,20.45,100.0,44.09,2024.0,6
2024-06-26 05:00:00,4254,22.62,99.9,20.4,100.0,43.19,2024.0,6
2024-06-26 06:00:00,4255,23.08,99.9,20.95,100.0,51.61,2024.0,6
2024-06-26 07:00:00,4256,27.54,93.42,24.26,97.92,55.77,2024.0,6
2024-06-26 08:00:00,4257,33.55,63.75,28.28,90.56,58.8,2024.0,6
2024-06-26 09:00:00,4258,31.9,65.59,30.77,68.09,41.8,2024.0,6
2024-06-26 10:00:00,4259,31.66,64.9,32.35,60.34,35.77,2024.0,6
2024-06-26 11:00:00,4260,33.63,56.78,31.77,60.37,27.93,2024.0,6
2024-06-26 12:00:00,4261,32.74,58.5,30.18,64.3,26.56,2024.0,6
2024-06-26 13:00:00,4262,34.69,54.86,31.59,62.12,25.83,2024.0,6
2024-06-26 14:00:00,4263,32.18,62.76,28.87,70.63,36.24,2024.0,6
2024-06-26 15:00:00,4264,27.96,86.93,23.3,94.87,30.44,2024.0,6
2024-06-26 17:00:00,4266,26.25,99.9,22.77,100.0,33.41,2024.0,6
2024-06-26 18:00:00,4267,25.52,99.9,23.06,100.0,35.53,2024.0,6
2024-06-26 19:00:00,4268,25.62,99.9,23.44,100.0,35.02,2024.0,6
2024-06-26 21:00:00,4270,25.01,99.9,23.13,99.84,41.94,2024.0,6
2024-06-26 22:00:00,4271,24.75,99.9,23.15,98.19,41.58,2024.0,6
2024-06-26 23:00:00,4272,24.69,99.9,22.98,98.53,47.57,2024.0,6
2024-06-27 00:00:00,4273,24.35,99.9,22.38,99.86,54.49,2024.0,6
2024-06-27 01:00:00,4274,23.86,99.9,22.13,98.08,37.72,2024.0,6
2024-06-27 02:00:00,4275,23.57,99.9,21.75,99.12,48.77,2024.0,6
2024-06-27 03:00:00,4276,23.27,99.9,21.23,100.0,46.07,2024.0,6
2024-06-27 05:00:00,4278,22.25,99.9,20.44,100.0,57.84,2024.0,6
2024-06-27 06:00:00,4279,22.86,99.9,21.59,96.85,65.1,2024.0,6
2024-06-27 07:00:00,4280,30.31,79.67,27.97,74.61,54.84,2024.0,6
2024-06-27 08:00:00,4281,36.47,53.58,32.08,62.58,65.27,2024.0,6
2024-06-27 09:00:00,4282,34.71,56.18,32.08,62.21,46.07,2024.0,6
2024-06-27 10:00:00,4283,33.75,56.93,33.15,57.8,45.14,2024.0,6
2024-06-27 11:00:00,4284,34.13,53.86,31.14,61.02,37.3,2024.0,6
2024-06-27 13:00:00,4286,35.02,50.83,30.79,62.25,46.56,2024.0,6
2024-06-27 14:00:00,4287,30.24,79.92,25.79,87.4,35.09,2024.0,6
2024-06-27 15:00:00,4288,28.61,93.15,26.06,88.67,30.15,2024.0,6
2024-06-27 16:00:00,4289,30.86,80.59,27.73,79.71,37.5,2024.0,6
2024-06-27 17:00:00,4290,28.4,91.97,26.07,85.61,33.86,2024.0,6
2024-06-27 18:00:00,4291,27.34,95.83,25.38,87.99,32.88,2024.0,6
2024-06-27 19:00:00,4292,26.61,99.19,24.78,90.47,33.08,2024.0,6
2024-06-27 20:00:00,4293,26.36,99.77,24.41,91.82,33.97,2024.0,6
2024-06-27 21:00:00,4294,26.18,99.9,24.32,92.33,33.5,2024.0,6
2024-06-27 22:00:00,4295,26.0,99.9,24.11,92.17,29.68,2024.0,6
2024-06-27 23:00:00,4296,25.77,99.9,23.79,93.56,28.52,2024.0,6
2024-06-28 01:00:00,4298,25.73,99.9,23.6,94.32,28.12,2024.0,6
2024-06-28 02:00:00,4299,25.45,99.9,23.39,95.91,29.97,2024.0,6
2024-06-28 03:00:00,4300,24.87,99.9,23.1,96.57,28.21,2024.0,6
2024-06-28 04:00:00,4301,24.5,99.9,22.78,98.2,29.82,2024.0,6
2024-06-28 05:00:00,4302,24.4,99.9,22.34,99.59,33.88,2024.0,6
2024-06-28 06:00:00,4303,25.38,99.84,23.67,95.42,35.76,2024.0,6
2024-06-28 07:00:00,4304,30.21,86.11,27.32,81.76,48.64,2024.0,6
2024-06-28 08:00:00,4305,32.49,69.34,29.43,73.16,46.67,2024.0,6
2024-06-28 09:00:00,4306,34.97,58.95,32.77,63.0,43.93,2024.0,6
2024-06-28 10:00:00,4307,35.38,53.84,34.68,55.17,31.47,2024.0,6
2024-06-28 11:00:00,4308,37.98,47.08,34.8,54.12,30.5,2024.0,6
2024-06-28 12:00:00,4309,36.88,49.11,32.7,59.31,31.63,2024.0,6
2024-06-28 13:00:00,4310,32.79,64.96,27.69,78.02,28.17,2024.0,6
2024-06-28 14:00:00,4311,24.06,99.9,22.31,100.0,26.49,2024.0,6
2024-06-28 15:00:00,4312,28.05,97.09,24.49,99.56,30.75,2024.0,6
2024-06-28 16:00:00,4313,30.37,89.5,25.07,99.72,27.11,2024.0,6
2024-06-28 18:00:00,4315,25.02,99.9,22.8,100.0,32.0,2024.0,6
2024-06-28 19:00:00,4316,25.45,99.9,22.72,100.0,33.2,2024.0,6
2024-06-28 20:00:00,4317,25.0,99.9,22.45,100.0,29.48,2024.0,6
2024-06-28 21:00:00,4318,24.62,99.9,22.17,100.0,42.88,2024.0,6
2024-06-28 22:00:00,4319,24.64,99.9,22.34,100.0,35.95,2024.0,6
2024-06-28 23:00:00,4320,24.7,99.9,22.2,100.0,37.04,2024.0,6
2024-06-29 00:00:00,4321,24.78,99.9,22.29,100.0,42.31,2024.0,6
2024-06-29 02:00:00,4323,24.25,99.9,21.97,100.0,58.2,2024.0,6
2024-06-29 03:00:00,4324,24.19,99.9,22.0,100.0,69.7,2024.0,6
2024-06-29 04:00:00,4325,23.96,99.9,21.64,100.0,50.71,2024.0,6
2024-06-29 05:00:00,4326,23.81,99.9,21.64,100.0,51.44,2024.0,6
2024-06-29 06:00:00,4327,24.15,99.9,22.36,100.0,66.33,2024.0,6
2024-06-29 07:00:00,4328,28.9,94.47,26.36,98.42,54.87,2024.0,6
2024-06-29 08:00:00,4329,33.71,68.96,28.01,95.86,57.78,2024.0,6
2024-06-29 09:00:00,4330,36.46,57.01,32.19,76.73,50.4,2024.0,6
2024-06-29 10:00:00,4331,35.75,54.64,33.43,60.41,39.77,2024.0,6
2024-06-29 12:00:00,4333,37.31,48.49,33.39,57.8,28.43,2024.0,6
2024-06-29 13:00:00,4334,32.58,67.46,28.14,76.74,46.34,2024.0,6
2024-06-29 14:00:00,4335,27.61,91.74,24.85,88.2,29.02,2024.0,6
2024-06-29 15:00:00,4336,26.61,97.33,24.23,92.1,27.72,2024.0,6
2024-06-29 16:00:00,4337,25.67,99.9,23.91,93.78,35.04,2024.0,6
2024-06-29 17:00:00,4338,23.72,99.9,21.78,100.0,23.76,2024.0,6
2024-06-29 18:00:00,4339,23.91,99.9,22.09,100.0,21.57,2024.0,6
2024-06-29 19:00:00,4340,24.33,99.9,22.12,100.0,23.9,2024.0,6
2024-06-29 20:00:00,4341,24.38,99.9,22.1,100.0,29.78,2024.0,6
2024-06-29 22:00:00,4343,23.75,99.9,21.55,100.0,24.05,2024.0,6
2024-06-29 23:00:00,4344,23.31,99.9,20.93,100.0,15.16,2024.0,6
2024-06-30 00:00:00,4345,23.13,99.9,20.67,100.0,10.77,2024.0,6
2024-06-30 01:00:00,4346,23.12,99.9,20.81,100.0,24.31,2024.0,6
2024-06-30 02:00:00,4347,22.89,99.9,20.73,100.0,26.73,2024.0,6
2024-06-30 04:00:00,4349,22.58,99.9,20.98,100.0,32.58,2024.0,6
2024-06-30 05:00:00,4350,22.57,99.9,20.58,100.0,30.6,2024.0,6
2024-06-30 06:00:00,4351,22.97,99.9,20.81,100.0,27.02,2024.0,6
2024-06-30 07:00:00,4352,25.7,99.66,22.78,99.59,33.84,2024.0,6
2024-06-30 08:00:00,4353,32.89,71.95,28.57,93.28,30.33,2024.0,6
2024-06-30 09:00:00,4354,33.91,59.34,30.23,78.87,22.63,2024.0,6
2024-06-30 11:00:00,4356,32.14,62.07,31.27,62.86,26.1,2024.0,6
2024-06-30 12:00:00,4357,32.68,59.79,31.04,63.06,25.18,2024.0,6
2024-06-30 14:00:00,4359,34.31,53.31,32.03,59.17,25.97,2024.0,6
2024-06-30 15:00:00,4360,32.8,63.3,29.4,71.65,35.97,2024.0,6
2024-06-30 18:00:00,4363,28.28,92.45,25.86,86.04,30.19,2024.0,6
2024-06-30 19:00:00,4364,27.33,96.71,25.08,89.93,33.25,2024.0,6
2024-06-30 20:00:00,4365,27.13,99.47,24.85,92.98,44.8,2024.0,6
2024-06-30 22:00:00,4367,25.54,97.55,23.91,88.82,32.49,2024.0,6
2024-06-30 23:00:00,4368,24.97,98.13,23.35,89.43,29.39,2024.0,6
2024-07-01 00:00:00,4369,24.47,99.74,22.75,91.38,28.9,2024.0,7
2024-07-01 01:00:00,4370,24.05,99.75,22.08,92.54,25.8,2024.0,7
2024-07-01 02:00:00,4371,23.68,99.9,22.03,92.46,24.9,2024.0,7
2024-07-01 03:00:00,4372,23.75,99.9,21.92,92.71,26.0,2024.0,7
2024-07-01 04:00:00,4373,23.5,99.9,21.64,97.27,40.67,2024.0,7
2024-07-01 05:00:00,4374,23.3,99.9,21.17,97.68,39.04,2024.0,7
2024-07-01 06:00:00,4375,23.71,99.59,22.14,93.37,43.13,2024.0,7
2024-07-01 07:00:00,4376,29.55,77.72,26.81,75.89,48.56,2024.0,7
2024-07-01 08:00:00,4377,32.86,58.11,29.75,65.03,47.9,2024.0,7
2024-07-01 09:00:00,4378,35.05,51.87,33.32,55.52,40.41,2024.0,7
2024-07-01 10:00:00,4379,37.17,44.33,35.09,49.25,34.13,2024.0,7
2024-07-01 11:00:00,4380,36.74,44.33,33.37,52.05,37.71,2024.0,7
2024-07-01 12:00:00,4381,38.64,41.29,34.14,51.06,37.0,2024.0,7
2024-07-01 13:00:00,4382,37.23,44.27,33.1,54.77,42.31,2024.0,7
2024-07-01 14:00:00,4383,32.9,60.1,28.23,73.2,48.17,2024.0,7
2024-07-01 15:00:00,4384,25.07,99.4,22.5,100.0,41.63,2024.0,7
2024-07-01 16:00:00,4385,25.48,99.9,22.76,100.0,41.9,2024.0,7
2024-07-01 17:00:00,4386,25.76,99.9,22.85,100.0,47.48,2024.0,7
2024-07-01 18:00:00,4387,25.76,99.9,22.92,100.0,70.47,2024.0,7
2024-07-01 19:00:00,4388,25.71,99.9,22.78,100.0,51.42,2024.0,7
2024-07-01 20:00:00,4389,25.43,99.9,22.83,100.0,34.57,2024.0,7
2024-07-01 21:00:00,4390,25.08,99.9,22.62,100.0,31.07,2024.0,7
2024-07-01 22:00:00,4391,24.95,99.9,22.05,100.0,25.05,2024.0,7
2024-07-01 23:00:00,4392,24.55,99.9,21.81,100.0,30.08,2024.0,7
2024-07-02 00:00:00,4393,24.4,99.9,21.96,100.0,35.15,2024.0,7
2024-07-02 01:00:00,4394,24.5,99.9,22.05,100.0,37.57,2024.0,7
2024-07-02 02:00:00,4395,24.39,99.9,21.81,100.0,36.47,2024.0,7
2024-07-02 03:00:00,4396,24.07,99.9,21.47,100.0,37.27,2024.0,7
2024-07-02 04:00:00,4397,23.72,99.9,21.49,100.0,42.37,2024.0,7
2024-07-02 05:00:00,4398,23.14,99.9,21.15,100.0,41.36,2024.0,7
2024-07-02 06:00:00,4399,23.29,99.9,21.22,100.0,48.31,2024.0,7
2024-07-02 07:00:00,4400,26.63,95.5,24.28,99.04,46.57,2024.0,7
2024-07-02 08:00:00,4401,34.77,61.87,30.6,76.18,58.7,2024.0,7
2024-07-02 09:00:00,4402,36.62,51.39,33.35,58.75,43.57,2024.0,7
2024-07-02 10:00:00,4403,36.57,48.57,34.86,52.9,40.47,2024.0,7
2024-07-02 11:00:00,4404,36.56,47.84,33.42,55.15,40.8,2024.0,7
2024-07-02 12:00:00,4405,37.3,46.21,32.58,57.57,44.47,2024.0,7
2024-07-02 13:00:00,4406,34.78,54.02,30.2,66.91,51.13,2024.0,7
2024-07-02 14:00:00,4407,27.78,90.55,24.06,92.95,36.51,2024.0,7
2024-07-02 15:00:00,4408,28.07,92.27,25.47,90.04,47.82,2024.0,7
2024-07-02 16:00:00,4409,29.96,82.21,26.88,81.16,45.88,2024.0,7
2024-07-02 17:00:00,4410,27.52,90.41,25.49,83.77,33.28,2024.0,7
2024-07-02 18:00:00,4411,26.39,94.15,24.88,85.38,34.68,2024.0,7
2024-07-02 19:00:00,4412,26.14,94.84,24.46,86.8,36.38,2024.0,7
2024-07-02 20:00:00,4413,25.85,96.55,24.19,88.61,38.97,2024.0,7
2024-07-02 21:00:00,4414,25.42,99.81,23.59,93.77,55.59,2024.0,7
2024-07-02 22:00:00,4415,25.1,99.9,23.02,96.89,59.54,2024.0,7
2024-07-02 23:00:00,4416,24.86,99.9,22.59,98.42,57.83,2024.0,7
2024-07-03 00:00:00,4417,24.49,99.9,22.45,98.06,49.33,2024.0,7
2024-07-03 01:00:00,4418,24.16,99.9,21.94,99.39,43.84,2024.0,7
2024-07-03 02:00:00,4419,23.58,99.9,21.46,100.0,67.98,2024.0,7
2024-07-03 03:00:00,4420,23.51,99.9,21.49,99.68,49.45,2024.0,7
2024-07-03 04:00:00,4421,23.53,99.9,21.31,99.97,58.07,2024.0,7
2024-07-03 05:00:00,4422,22.92,99.9,20.67,100.0,73.01,2024.0,7
2024-07-03 06:00:00,4423,23.6,99.88,22.03,96.85,69.28,2024.0,7
2024-07-03 07:00:00,4424,30.84,81.54,28.02,78.21,,2024.0,7
2024-07-03 08:00:00,4425,35.28,57.3,31.12,66.89,64.93,2024.0,7
2024-07-03 09:00:00,4426,31.86,66.98,31.44,65.24,30.77,2024.0,7
2024-07-03 10:00:00,4427,31.82,64.84,32.23,61.73,27.27,2024.0,7
2024-07-03 11:00:00,4428,31.85,63.33,31.16,63.33,24.4,2024.0,7
2024-07-03 12:00:00,4429,32.07,60.08,30.84,62.79,21.97,2024.0,7
2024-07-03 13:00:00,4430,32.64,58.84,32.3,59.61,25.11,2024.0,7
2024-07-03 14:00:00,4431,32.74,57.6,31.12,61.71,23.83,2024.0,7
2024-07-03 15:00:00,4432,33.93,53.62,31.97,58.82,23.93,2024.0,7
2024-07-03 16:00:00,4433,32.56,57.56,29.86,64.99,32.77,2024.0,7
2024-07-03 17:00:00,4434,29.21,71.44,27.07,72.92,35.41,2024.0,7
2024-07-03 18:00:00,4435,27.55,78.67,26.14,73.74,27.56,2024.0,7
2024-07-03 19:00:00,4436,26.86,81.37,25.18,76.43,30.91,2024.0,7
2024-07-03 20:00:00,4437,25.94,91.13,24.37,82.14,26.4,2024.0,7
2024-07-03 21:00:00,4438,25.39,92.86,23.86,83.81,19.01,2024.0,7
2024-07-03 22:00:00,4439,25.1,94.49,23.12,87.34,21.57,2024.0,7
2024-07-03 23:00:00,4440,24.72,95.93,22.8,88.79,23.78,2024.0,7
2024-07-04 00:00:00,4441,24.42,96.56,22.91,87.98,18.16,2024.0,7
2024-07-04 01:00:00,4442,23.8,99.67,21.59,94.43,43.22,2024.0,7
2024-07-04 02:00:00,4443,23.29,99.9,20.95,97.56,48.98,2024.0,7
2024-07-04 03:00:00,4444,22.64,99.9,20.46,99.25,48.84,2024.0,7
2024-07-04 04:00:00,4445,22.31,99.9,20.6,98.25,45.34,2024.0,7
2024-07-04 05:00:00,4446,22.51,99.9,20.66,97.69,43.82,2024.0,7
2024-07-04 06:00:00,4447,22.85,99.9,21.13,95.97,55.61,2024.0,7
2024-07-04 07:00:00,4448,27.85,88.5,25.27,82.2,77.76,2024.0,7
2024-07-04 08:00:00,4449,30.78,70.5,27.43,74.67,,2024.0,7
2024-07-04 09:00:00,4450,33.11,60.38,29.57,68.68,61.13,2024.0,7
2024-07-04 10:00:00,4451,31.8,66.6,29.94,68.78,37.9,2024.0,7
2024-07-04 11:00:00,4452,29.98,77.59,28.18,74.78,24.02,2024.0,7
2024-07-04 12:00:00,4453,28.8,87.44,26.08,85.76,19.04,2024.0,7
2024-07-04 13:00:00,4454,26.31,88.76,23.2,92.5,4.51,2024.0,7
2024-07-04 14:00:00,4455,26.85,85.67,24.62,82.53,16.13,2024.0,7
2024-07-04 15:00:00,4456,26.01,88.87,24.08,82.87,7.19,2024.0,7
2024-07-04 16:00:00,4457,24.78,94.54,22.97,87.81,14.07,2024.0,7
2024-07-04 17:00:00,4458,23.82,99.9,21.68,98.31,20.26,2024.0,7
2024-07-04 18:00:00,4459,23.97,99.9,21.49,100.0,27.72,2024.0,7
2024-07-04 19:00:00,4460,23.95,99.9,21.66,99.67,44.42,2024.0,7
2024-07-04 20:00:00,4461,23.75,99.9,21.56,99.58,70.89,2024.0,7
2024-07-04 21:00:00,4462,23.53,99.9,21.47,98.5,36.52,2024.0,7
2024-07-04 22:00:00,4463,23.56,99.9,21.48,99.06,48.11,2024.0,7
2024-07-04 23:00:00,4464,23.48,99.9,21.43,98.58,38.26,2024.0,7
2024-07-05 00:00:00,4465,23.41,99.9,21.36,99.12,39.91,2024.0,7
2024-07-05 01:00:00,4466,23.36,99.9,21.46,99.34,33.39,2024.0,7
2024-07-05 02:00:00,4467,23.3,99.9,21.44,99.68,26.06,2024.0,7
2024-07-05 03:00:00,4468,23.13,99.9,21.22,99.67,24.77,2024.0,7
2024-07-05 04:00:00,4469,22.74,99.9,20.8,99.89,31.49,2024.0,7
2024-07-05 05:00:00,4470,22.66,99.9,20.92,98.53,33.27,2024.0,7
2024-07-05 06:00:00,4471,23.14,99.9,21.55,96.17,31.45,2024.0,7
2024-07-05 07:00:00,4472,24.81,99.9,22.76,93.97,38.57,2024.0,7
2024-07-05 08:00:00,4473,26.64,96.06,24.5,88.33,50.14,2024.0,7
2024-07-05 09:00:00,4474,28.59,88.21,27.39,78.54,45.75,2024.0,7
2024-07-05 10:00:00,4475,30.12,76.0,28.97,70.93,33.96,2024.0,7
2024-07-05 11:00:00,4476,30.15,73.35,28.8,70.39,28.8,2024.0,7
2024-07-05 12:00:00,4477,30.36,69.31,28.89,68.89,25.17,2024.0,7
2024-07-05 13:00:00,4478,31.04,63.86,29.51,66.03,23.63,2024.0,7
2024-07-05 14:00:00,4479,30.6,63.77,28.72,67.43,15.5,2024.0,7
2024-07-05 15:00:00,4480,28.34,71.47,26.79,71.06,16.27,2024.0,7
2024-07-05 16:00:00,4481,26.37,89.93,24.62,83.33,14.56,2024.0,7
2024-07-05 17:00:00,4482,25.66,94.36,24.26,85.22,21.44,2024.0,7
2024-07-05 18:00:00,4483,25.27,94.5,24.01,84.9,19.83,2024.0,7
2024-07-05 19:00:00,4484,25.22,94.74,23.91,85.62,24.83,2024.0,7
2024-07-05 20:00:00,4485,25.08,97.42,23.6,88.92,28.85,2024.0,7
2024-07-05 21:00:00,4486,24.99,98.08,23.5,89.48,28.14,2024.0,7
2024-07-05 22:00:00,4487,25.08,97.57,23.56,89.17,29.62,2024.0,7
2024-07-05 23:00:00,4488,24.9,99.51,22.55,95.44,34.7,2024.0,7
2024-07-06 00:00:00,4489,23.26,99.9,21.06,100.0,21.64,2024.0,7
2024-07-06 01:00:00,4490,23.17,99.9,20.95,100.0,27.49,2024.0,7
2024-07-06 02:00:00,4491,23.14,99.9,20.86,100.0,29.23,2024.0,7
2024-07-06 03:00:00,4492,23.14,99.9,20.9,100.0,31.74,2024.0,7
2024-07-06 04:00:00,4493,23.25,99.9,21.01,100.0,30.95,2024.0,7
2024-07-06 05:00:00,4494,23.05,99.9,21.11,100.0,34.45,2024.0,7
2024-07-06 06:00:00,4495,22.69,99.9,20.95,100.0,21.91,2024.0,7
2024-07-06 07:00:00,4496,22.33,99.9,20.63,100.0,9.93,2024.0,7
2024-07-06 08:00:00,4497,23.5,99.9,21.35,100.0,18.98,2024.0,7
2024-07-06 09:00:00,4498,26.61,96.91,24.25,97.04,18.96,2024.0,7
2024-07-06 10:00:00,4499,29.03,86.73,27.51,83.62,11.95,2024.0,7
2024-07-06 11:00:00,4500,30.74,75.7,29.44,71.34,20.1,2024.0,7
2024-07-06 12:00:00,4501,31.63,67.35,29.47,69.72,5.33,2024.0,7
2024-07-06 13:00:00,4502,30.65,75.59,28.39,76.31,8.17,2024.0,7
2024-07-06 14:00:00,4503,27.14,90.64,23.52,92.58,3.32,2024.0,7
2024-07-06 15:00:00,4504,24.38,99.9,21.47,100.0,8.13,2024.0,7
2024-07-06 16:00:00,4505,24.24,99.9,21.45,100.0,10.34,2024.0,7
2024-07-06 17:00:00,4506,23.14,99.9,20.9,100.0,12.26,2024.0,7
2024-07-06 18:00:00,4507,22.08,99.9,20.44,100.0,7.65,2024.0,7
2024-07-06 19:00:00,4508,22.32,99.9,20.22,100.0,6.63,2024.0,7
2024-07-06 20:00:00,4509,22.88,99.9,20.28,100.0,17.44,2024.0,7
2024-07-06 21:00:00,4510,22.85,99.9,20.53,100.0,27.69,2024.0,7
2024-07-06 22:00:00,4511,23.0,99.9,20.58,100.0,33.46,2024.0,7
2024-07-06 23:00:00,4512,22.97,99.9,20.62,100.0,40.98,2024.0,7
2024-07-07 00:00:00,4513,22.82,99.9,20.52,100.0,46.65,2024.0,7
2024-07-07 01:00:00,4514,22.58,99.9,20.23,100.0,44.38,2024.0,7
2024-07-07 02:00:00,4515,22.46,99.9,20.18,100.0,39.22,2024.0,7
2024-07-07 03:00:00,4516,22.63,99.9,20.34,100.0,40.6,2024.0,7
2024-07-07 04:00:00,4517,22.62,99.9,20.3,100.0,36.63,2024.0,7
2024-07-07 05:00:00,4518,22.45,99.9,20.29,100.0,34.84,2024.0,7
2024-07-07 06:00:00,4519,22.49,99.9,20.57,100.0,49.04,2024.0,7
2024-07-07 07:00:00,4520,24.19,99.9,22.3,99.95,53.31,2024.0,7
2024-07-07 08:00:00,4521,30.32,82.49,26.43,91.26,67.71,2024.0,7
2024-07-07 09:00:00,4522,29.01,81.92,26.05,80.9,39.63,2024.0,7
2024-07-07 10:00:00,4523,31.28,67.3,28.29,72.14,34.73,2024.0,7
2024-07-07 11:00:00,4524,32.52,65.18,29.99,69.59,46.97,2024.0,7
2024-07-07 12:00:00,4525,36.11,52.59,31.63,62.96,36.6,2024.0,7
2024-07-07 13:00:00,4526,37.45,46.52,34.82,52.77,25.83,2024.0,7
2024-07-07 14:00:00,4527,35.23,53.97,29.29,70.23,31.36,2024.0,7
2024-07-07 15:00:00,4528,26.76,95.95,22.76,100.0,21.37,2024.0,7
2024-07-07 16:00:00,4529,28.32,92.13,24.03,99.22,25.82,2024.0,7
2024-07-07 17:00:00,4530,28.45,92.61,24.67,99.55,28.23,2024.0,7
2024-07-07 18:00:00,4531,26.79,98.84,24.35,97.0,33.48,2024.0,7
2024-07-07 19:00:00,4532,26.26,99.9,24.3,95.33,36.43,2024.0,7
2024-07-07 20:00:00,4533,26.01,99.9,24.01,95.59,36.78,2024.0,7
2024-07-07 21:00:00,4534,25.75,99.9,23.78,95.46,40.48,2024.0,7
2024-07-07 22:00:00,4535,25.51,99.9,23.47,96.73,42.12,2024.0,7
2024-07-07 23:00:00,4536,25.29,99.9,23.21,97.89,42.41,2024.0,7
2024-07-08 00:00:00,4537,25.19,99.9,23.19,97.89,35.15,2024.0,7
2024-07-08 01:00:00,4538,24.6,99.9,22.9,97.88,31.53,2024.0,7
2024-07-08 02:00:00,4539,24.26,99.9,22.71,94.8,26.04,2024.0,7
2024-07-08 03:00:00,4540,24.0,99.9,22.19,96.32,27.38,2024.0,7
2024-07-08 04:00:00,4541,23.32,99.9,21.42,99.59,31.87,2024.0,7
2024-07-08 05:00:00,4542,22.88,99.9,21.05,99.91,29.82,2024.0,7
2024-07-08 06:00:00,4543,23.46,99.71,22.29,94.96,36.09,2024.0,7
2024-07-08 07:00:00,4544,29.09,82.05,27.35,75.53,38.78,2024.0,7
2024-07-08 08:00:00,4545,35.89,54.2,32.21,61.72,41.53,2024.0,7
2024-07-08 09:00:00,4546,36.32,50.09,33.26,57.31,36.1,2024.0,7
2024-07-08 10:00:00,4547,36.75,47.41,35.55,50.62,27.7,2024.0,7
2024-07-08 11:00:00,4548,37.73,42.61,34.25,50.32,9.93,2024.0,7
2024-07-08 12:00:00,4549,37.5,42.75,32.93,53.42,13.47,2024.0,7
2024-07-08 13:00:00,4550,36.01,45.64,34.07,51.69,13.3,2024.0,7
2024-07-08 14:00:00,4551,33.28,60.89,29.82,69.87,41.17,2024.0,7
2024-07-08 15:00:00,4552,33.87,57.84,31.03,64.89,36.17,2024.0,7
2024-07-08 16:00:00,4553,32.08,60.17,28.62,70.3,30.0,2024.0,7
2024-07-08 17:00:00,4554,29.83,67.95,26.94,73.31,31.97,2024.0,7
2024-07-08 18:00:00,4555,27.8,88.4,25.73,82.03,28.34,2024.0,7
2024-07-08 19:00:00,4556,27.37,92.46,25.55,84.67,32.14,2024.0,7
2024-07-08 20:00:00,4557,27.3,95.33,24.71,91.02,31.89,2024.0,7
2024-07-08 21:00:00,4558,26.02,99.83,22.93,100.0,35.8,2024.0,7
2024-07-08 22:00:00,4559,25.81,99.9,22.84,100.0,38.08,2024.0,7
2024-07-08 23:00:00,4560,25.83,99.9,22.81,100.0,33.95,2024.0,7
2024-07-09 00:00:00,4561,25.51,97.16,22.69,96.94,25.17,2024.0,7
2024-07-09 01:00:00,4562,25.01,96.61,22.87,91.64,24.97,2024.0,7
2024-07-09 02:00:00,4563,24.47,99.58,22.44,94.54,29.14,2024.0,7
2024-07-09 03:00:00,4564,24.62,99.75,22.5,94.4,29.95,2024.0,7
2024-07-09 04:00:00,4565,24.35,99.45,21.96,95.14,27.76,2024.0,7
2024-07-09 05:00:00,4566,24.03,99.9,21.99,97.95,39.62,2024.0,7
2024-07-09 06:00:00,4567,24.59,99.42,22.69,93.53,33.14,2024.0,7
2024-07-09 07:00:00,4568,25.38,98.04,24.06,89.39,47.93,2024.0,7
2024-07-09 08:00:00,4569,34.02,64.55,31.67,65.24,50.96,2024.0,7
2024-07-09 09:00:00,4570,37.74,49.72,33.23,60.47,48.3,2024.0,7
2024-07-09 10:00:00,4571,36.72,49.6,34.94,54.68,51.6,2024.0,7
2024-07-09 11:00:00,4572,39.8,41.19,35.73,49.95,48.3,2024.0,7
2024-07-09 12:00:00,4573,40.17,38.06,33.95,51.45,47.53,2024.0,7
2024-07-09 13:00:00,4574,35.2,50.27,31.75,60.95,46.66,2024.0,7
2024-07-09 14:00:00,4575,35.82,49.88,32.84,58.71,46.73,2024.0,7
2024-07-09 15:00:00,4576,32.0,67.31,27.13,79.74,45.09,2024.0,7
2024-07-09 16:00:00,4577,27.54,93.87,23.88,97.25,50.83,2024.0,7
2024-07-09 17:00:00,4578,27.73,92.72,24.92,93.14,57.33,2024.0,7
2024-07-09 18:00:00,4579,26.74,96.82,24.84,90.78,60.08,2024.0,7
2024-07-09 19:00:00,4580,25.99,95.07,24.4,87.59,38.19,2024.0,7
2024-07-09 20:00:00,4581,25.48,94.94,23.96,87.33,35.81,2024.0,7
2024-07-09 21:00:00,4582,24.91,93.89,23.56,85.25,34.1,2024.0,7
2024-07-09 22:00:00,4583,24.67,83.95,23.42,76.8,22.96,2024.0,7
2024-07-09 23:00:00,4584,24.31,92.2,22.66,85.44,29.67,2024.0,7
2024-07-10 00:00:00,4585,23.54,99.04,22.0,91.7,35.93,2024.0,7
2024-07-10 01:00:00,4586,23.22,99.9,21.52,94.8,43.63,2024.0,7
2024-07-10 03:00:00,4588,23.0,99.9,21.66,95.03,47.79,2024.0,7
2024-07-10 04:00:00,4589,23.1,99.9,21.48,94.91,47.55,2024.0,7
2024-07-10 05:00:00,4590,22.78,99.9,20.87,95.6,47.19,2024.0,7
2024-07-10 06:00:00,4591,22.77,99.86,21.2,94.48,63.86,2024.0,7
2024-07-10 07:00:00,4592,28.39,81.42,26.6,75.86,62.13,2024.0,7
2024-07-10 08:00:00,4593,35.29,52.09,30.68,62.42,61.4,2024.0,7
2024-07-10 09:00:00,4594,34.55,49.87,31.62,57.58,49.48,2024.0,7
2024-07-10 10:00:00,4595,33.93,48.79,33.08,52.25,47.93,2024.0,7
2024-07-10 11:00:00,4596,35.03,45.97,32.47,52.54,46.93,2024.0,7
2024-07-10 12:00:00,4597,36.19,40.86,32.67,49.29,42.13,2024.0,7
2024-07-10 13:00:00,4598,36.11,41.14,33.85,47.9,42.0,2024.0,7
2024-07-10 14:00:00,4599,34.95,50.22,30.19,63.9,61.6,2024.0,7
2024-07-10 15:00:00,4600,31.33,58.23,28.2,67.86,46.53,2024.0,7
2024-07-10 16:00:00,4601,30.43,63.1,27.75,70.02,47.87,2024.0,7
2024-07-10 17:00:00,4602,29.93,73.19,26.78,77.02,50.26,2024.0,7
2024-07-10 18:00:00,4603,27.24,90.29,24.87,84.98,40.62,2024.0,7
2024-07-10 19:00:00,4604,26.3,94.28,24.43,87.2,44.66,2024.0,7
2024-07-10 20:00:00,4605,26.41,94.67,24.17,88.97,51.57,2024.0,7
2024-07-10 21:00:00,4606,25.98,94.22,23.71,88.67,40.69,2024.0,7
2024-07-10 22:00:00,4607,25.1,97.6,22.97,92.16,50.11,2024.0,7
2024-07-10 23:00:00,4608,24.57,98.87,22.55,92.79,44.89,2024.0,7
2024-07-11 00:00:00,4609,23.93,98.72,22.07,92.14,32.07,2024.0,7
2024-07-11 01:00:00,4610,23.47,99.88,21.41,95.49,41.14,2024.0,7
2024-07-11 02:00:00,4611,23.02,99.9,20.93,96.61,39.86,2024.0,7
2024-07-11 03:00:00,4612,22.64,99.9,20.43,98.79,54.29,2024.0,7
2024-07-11 04:00:00,4613,22.18,99.9,20.0,99.98,69.21,2024.0,7
2024-07-11 05:00:00,4614,21.83,99.9,19.8,99.67,60.05,2024.0,7
2024-07-11 06:00:00,4615,22.59,99.17,20.84,94.13,56.41,2024.0,7
2024-07-11 07:00:00,4616,29.97,73.8,26.45,75.48,71.08,2024.0,7
2024-07-11 08:00:00,4617,33.58,56.54,29.89,65.28,68.67,2024.0,7
2024-07-11 09:00:00,4618,36.29,45.12,33.05,52.67,38.76,2024.0,7
2024-07-11 10:00:00,4619,32.62,49.6,32.62,51.28,32.03,2024.0,7
2024-07-11 11:00:00,4620,33.6,46.44,31.68,52.09,30.87,2024.0,7
2024-07-11 12:00:00,4621,33.91,45.06,31.04,52.65,30.24,2024.0,7
2024-07-11 13:00:00,4622,34.17,43.45,33.81,46.47,32.37,2024.0,7
2024-07-11 14:00:00,4623,34.77,43.63,33.52,48.13,33.27,2024.0,7
2024-07-11 15:00:00,4624,34.69,43.89,32.11,51.38,32.86,2024.0,7
2024-07-11 16:00:00,4625,31.02,53.32,28.25,62.18,32.07,2024.0,7
2024-07-11 17:00:00,4626,27.39,69.94,25.45,71.02,29.93,2024.0,7
2024-07-11 18:00:00,4627,25.27,77.94,23.78,73.36,29.55,2024.0,7
2024-07-11 19:00:00,4628,24.22,79.77,22.73,74.5,26.0,2024.0,7
2024-07-11 20:00:00,4629,23.48,83.26,21.83,77.25,19.24,2024.0,7
2024-07-11 21:00:00,4630,22.73,89.2,21.08,81.13,22.24,2024.0,7
2024-07-11 22:00:00,4631,22.1,91.28,20.53,82.57,21.66,2024.0,7
2024-07-11 23:00:00,4632,21.77,92.05,20.22,83.46,18.72,2024.0,7
2024-07-12 00:00:00,4633,21.34,93.76,19.04,88.35,24.55,2024.0,7
2024-07-12 01:00:00,4634,20.85,94.33,18.97,87.47,25.53,2024.0,7
2024-07-12 02:00:00,4635,20.66,95.1,18.62,89.07,35.87,2024.0,7
2024-07-12 03:00:00,4636,20.28,96.62,18.23,91.16,34.75,2024.0,7
2024-07-12 04:00:00,4637,19.41,99.9,17.2,95.85,44.73,2024.0,7
2024-07-12 05:00:00,4638,19.05,99.77,16.92,95.91,60.9,2024.0,7
2024-07-12 06:00:00,4639,19.87,99.01,18.58,91.46,,2024.0,7
2024-07-12 07:00:00,4640,28.88,68.2,25.98,68.59,,2024.0,7
2024-07-12 08:00:00,4641,33.5,47.4,28.77,58.79,77.63,2024.0,7
2024-07-12 09:00:00,4642,30.75,52.32,29.2,57.41,54.67,2024.0,7
2024-07-12 10:00:00,4643,30.15,50.92,30.74,51.33,29.07,2024.0,7
2024-07-12 11:00:00,4644,31.07,49.2,29.88,53.28,25.57,2024.0,7
2024-07-12 12:00:00,4645,31.95,46.72,29.77,53.23,26.37,2024.0,7
2024-07-12 13:00:00,4646,33.4,43.03,33.01,45.86,26.62,2024.0,7
2024-07-12 14:00:00,4647,33.87,41.3,32.24,46.67,28.03,2024.0,7
2024-07-12 15:00:00,4648,33.51,42.28,30.42,50.81,30.73,2024.0,7
2024-07-12 16:00:00,4649,29.89,53.14,27.42,61.53,35.27,2024.0,7
2024-07-12 17:00:00,4650,28.25,59.36,25.77,66.75,40.0,2024.0,7
2024-07-12 18:00:00,4651,26.29,69.99,24.57,70.19,44.47,2024.0,7
2024-07-12 19:00:00,4652,25.12,79.27,23.49,74.87,47.4,2024.0,7
2024-07-12 20:00:00,4653,24.1,81.09,22.57,75.36,35.85,2024.0,7
2024-07-12 22:00:00,4655,22.78,91.6,20.82,84.37,66.33,2024.0,7
2024-07-12 23:00:00,4656,22.38,92.28,20.27,85.87,59.77,2024.0,7
2024-07-13 00:00:00,4657,21.66,94.68,19.67,88.38,47.39,2024.0,7
2024-07-13 01:00:00,4658,21.18,96.51,18.96,91.57,68.21,2024.0,7
2024-07-13 02:00:00,4659,20.52,99.67,18.3,94.8,76.34,2024.0,7
2024-07-13 03:00:00,4660,20.19,99.9,17.93,96.04,75.67,2024.0,7
2024-07-13 04:00:00,4661,19.54,99.9,17.43,98.15,71.94,2024.0,7
2024-07-13 05:00:00,4662,19.07,99.9,16.91,99.13,77.34,2024.0,7
2024-07-13 06:00:00,4663,19.97,98.49,18.83,90.8,71.83,2024.0,7
2024-07-13 07:00:00,4664,27.93,67.67,24.97,70.32,,2024.0,7
2024-07-13 08:00:00,4665,32.79,49.1,29.2,57.34,64.83,2024.0,7
2024-07-13 09:00:00,4666,32.75,48.03,30.21,54.98,67.83,2024.0,7
2024-07-13 10:00:00,4667,32.77,45.69,32.76,47.05,52.1,2024.0,7
2024-07-13 11:00:00,4668,32.71,42.66,30.95,48.42,40.76,2024.0,7
2024-07-13 12:00:00,4669,32.43,43.52,30.11,50.2,36.0,2024.0,7
2024-07-13 13:00:00,4670,32.34,43.53,32.3,46.11,35.33,2024.0,7
2024-07-13 14:00:00,4671,33.15,43.65,32.33,47.52,35.97,2024.0,7
2024-07-13 15:00:00,4672,33.59,44.21,31.33,50.97,38.03,2024.0,7
2024-07-13 16:00:00,4673,31.34,49.49,28.55,58.22,41.5,2024.0,7
2024-07-13 17:00:00,4674,27.85,63.14,25.79,67.92,45.37,2024.0,7
2024-07-13 18:00:00,4675,25.82,81.43,24.18,75.86,33.1,2024.0,7
2024-07-13 19:00:00,4676,24.51,88.93,22.97,80.16,27.67,2024.0,7
2024-07-13 20:00:00,4677,23.57,90.44,22.08,81.09,26.33,2024.0,7
2024-07-13 21:00:00,4678,22.62,92.2,21.11,83.55,25.75,2024.0,7
2024-07-13 22:00:00,4679,22.11,92.6,20.61,83.91,23.74,2024.0,7
2024-07-13 23:00:00,4680,21.51,94.33,19.9,86.55,21.74,2024.0,7
2024-07-14 00:00:00,4681,20.84,96.94,19.15,89.76,26.46,2024.0,7
2024-07-14 01:00:00,4682,20.31,98.63,18.37,92.46,33.88,2024.0,7
2024-07-14 02:00:00,4683,19.85,99.72,17.73,95.67,60.97,2024.0,7
2024-07-14 03:00:00,4684,19.12,99.9,17.01,98.94,,2024.0,7
2024-07-14 04:00:00,4685,18.17,99.9,16.12,97.51,63.16,2024.0,7
2024-07-14 05:00:00,4686,17.63,99.9,15.74,96.46,62.27,2024.0,7
2024-07-14 06:00:00,4687,18.33,94.18,17.1,84.98,60.01,2024.0,7
2024-07-14 07:00:00,4688,25.68,67.9,23.03,69.08,79.82,2024.0,7
2024-07-14 08:00:00,4689,29.48,54.1,26.83,60.85,49.73,2024.0,7
2024-07-14 09:00:00,4690,28.51,52.26,28.31,53.68,29.6,2024.0,7
2024-07-14 10:00:00,4691,29.11,49.38,30.03,48.73,23.45,2024.0,7
2024-07-14 11:00:00,4692,29.25,47.57,28.55,50.5,22.17,2024.0,7
2024-07-14 12:00:00,4693,30.37,44.63,28.58,49.77,22.77,2024.0,7
2024-07-14 13:00:00,4694,32.25,41.02,32.38,42.96,25.1,2024.0,7
2024-07-14 14:00:00,4695,33.91,37.73,32.5,42.02,25.63,2024.0,7
2024-07-14 15:00:00,4696,33.88,39.78,31.13,47.17,30.47,2024.0,7
2024-07-14 16:00:00,4697,29.73,51.3,26.82,60.33,35.3,2024.0,7
2024-07-14 17:00:00,4698,26.6,63.83,24.92,66.99,40.0,2024.0,7
2024-07-14 18:00:00,4699,25.11,75.02,23.39,72.39,45.17,2024.0,7
2024-07-14 19:00:00,4700,23.89,83.74,22.29,77.05,28.7,2024.0,7
2024-07-14 20:00:00,4701,23.21,88.73,21.69,79.76,28.27,2024.0,7
2024-07-14 21:00:00,4702,23.02,90.32,21.55,80.75,25.51,2024.0,7
2024-07-14 22:00:00,4703,22.21,92.17,20.54,83.98,22.53,2024.0,7
2024-07-14 23:00:00,4704,21.19,94.44,19.54,86.64,19.07,2024.0,7
2024-07-15 00:00:00,4705,20.49,96.33,18.83,88.83,22.11,2024.0,7
2024-07-15 01:00:00,4706,20.03,97.45,18.3,90.33,21.46,2024.0,7
2024-07-15 02:00:00,4707,19.72,98.96,17.74,93.56,38.19,2024.0,7
2024-07-15 03:00:00,4708,19.34,99.9,17.19,96.42,60.79,2024.0,7
2024-07-15 04:00:00,4709,18.9,99.9,16.87,97.16,78.16,2024.0,7
2024-07-15 05:00:00,4710,18.26,99.9,16.31,97.86,67.87,2024.0,7
2024-07-15 06:00:00,4711,19.22,98.84,17.93,91.44,,2024.0,7
2024-07-15 07:00:00,4712,26.95,72.15,24.43,71.31,,2024.0,7
2024-07-15 08:00:00,4713,31.85,48.21,27.92,57.16,60.17,2024.0,7
2024-07-15 09:00:00,4714,31.75,48.38,29.88,53.69,59.63,2024.0,7
2024-07-15 10:00:00,4715,31.14,51.61,30.52,54.53,48.31,2024.0,7
2024-07-15 11:00:00,4716,30.79,51.7,29.57,55.61,34.9,2024.0,7
2024-07-15 12:00:00,4717,32.16,48.5,29.92,54.79,34.8,2024.0,7
2024-07-15 13:00:00,4718,32.91,45.88,32.46,48.6,33.9,2024.0,7
2024-07-15 14:00:00,4719,33.61,44.11,32.2,48.82,34.7,2024.0,7
2024-07-15 15:00:00,4720,33.71,43.85,30.99,51.46,35.2,2024.0,7
2024-07-15 16:00:00,4721,29.09,55.82,26.74,63.35,41.4,2024.0,7
2024-07-15 17:00:00,4722,26.67,71.21,25.01,70.39,44.7,2024.0,7
2024-07-15 18:00:00,4723,24.72,83.56,23.18,76.66,30.2,2024.0,7
2024-07-15 19:00:00,4724,23.36,89.44,21.98,79.67,30.84,2024.0,7
2024-07-15 20:00:00,4725,22.69,89.91,21.37,79.92,26.36,2024.0,7
2024-07-15 21:00:00,4726,22.03,91.82,20.66,82.51,25.19,2024.0,7
2024-07-15 22:00:00,4727,21.56,93.18,20.16,84.18,21.64,2024.0,7
2024-07-15 23:00:00,4728,21.21,93.48,19.59,85.45,22.31,2024.0,7
2024-07-16 00:00:00,4729,20.78,95.24,18.63,89.55,34.84,2024.0,7
2024-07-16 01:00:00,4730,20.49,95.71,18.46,89.7,29.01,2024.0,7
2024-07-16 02:00:00,4731,20.12,97.52,17.82,93.22,41.07,2024.0,7
2024-07-16 03:00:00,4732,19.61,99.9,17.37,96.93,76.52,2024.0,7
2024-07-16 04:00:00,4733,19.17,99.9,17.07,97.81,76.42,2024.0,7
2024-07-16 05:00:00,4734,18.92,99.9,16.79,98.21,78.35,2024.0,7
2024-07-16 06:00:00,4735,19.96,98.32,18.5,91.18,,2024.0,7
2024-07-16 07:00:00,4736,28.92,64.95,25.31,68.94,,2024.0,7
2024-07-16 08:00:00,4737,32.94,48.82,29.16,57.87,77.41,2024.0,7
2024-07-16 09:00:00,4738,33.22,46.82,30.73,53.66,54.67,2024.0,7
2024-07-16 10:00:00,4739,32.68,46.11,32.33,48.62,35.87,2024.0,7
2024-07-16 11:00:00,4740,33.19,46.01,31.53,51.14,30.21,2024.0,7
2024-07-16 12:00:00,4741,34.61,44.24,31.12,53.4,32.33,2024.0,7
2024-07-16 13:00:00,4742,34.13,45.15,33.74,48.15,28.0,2024.0,7
2024-07-16 14:00:00,4743,34.21,44.36,31.98,51.42,26.55,2024.0,7
2024-07-16 15:00:00,4744,31.81,50.89,29.18,59.41,33.93,2024.0,7
2024-07-16 18:00:00,4747,27.15,78.24,25.22,74.89,43.5,2024.0,7
2024-07-16 19:00:00,4748,25.7,90.24,23.95,82.59,39.3,2024.0,7
2024-07-16 20:00:00,4749,24.53,94.41,23.36,84.74,32.58,2024.0,7
2024-07-16 21:00:00,4750,24.11,96.48,22.55,88.47,41.23,2024.0,7
2024-07-16 22:00:00,4751,23.58,99.15,21.56,92.98,52.66,2024.0,7
2024-07-16 23:00:00,4752,23.27,98.98,21.32,92.57,56.93,2024.0,7
2024-07-17 00:00:00,4753,22.89,99.72,20.91,94.26,66.08,2024.0,7
2024-07-17 01:00:00,4754,22.4,99.9,20.44,95.95,55.48,2024.0,7
2024-07-17 02:00:00,4755,21.7,99.9,19.86,97.43,48.69,2024.0,7
2024-07-17 03:00:00,4756,21.26,99.9,19.41,98.91,60.01,2024.0,7
2024-07-17 04:00:00,4757,20.93,99.9,19.27,99.59,66.35,2024.0,7
2024-07-17 05:00:00,4758,20.72,99.9,18.79,99.96,67.44,2024.0,7
2024-07-17 06:00:00,4759,21.53,99.25,20.13,94.27,72.87,2024.0,7
2024-07-17 07:00:00,4760,30.07,70.09,26.99,70.67,,2024.0,7
2024-07-17 08:00:00,4761,31.16,58.21,28.29,65.48,63.33,2024.0,7
2024-07-17 09:00:00,4762,31.09,56.57,30.75,57.64,40.55,2024.0,7
2024-07-17 10:00:00,4763,31.3,55.81,31.94,54.84,40.83,2024.0,7
2024-07-17 11:00:00,4764,32.73,52.3,31.53,55.86,41.7,2024.0,7
2024-07-17 12:00:00,4765,33.11,51.59,31.44,56.58,42.0,2024.0,7
2024-07-17 13:00:00,4766,32.21,52.0,30.55,57.35,39.7,2024.0,7
2024-07-17 14:00:00,4767,31.54,62.48,26.47,61.85,52.03,2024.0,7
2024-07-17 15:00:00,4768,30.56,70.74,28.17,71.93,58.03,2024.0,7
2024-07-17 16:00:00,4769,28.8,82.48,26.67,77.72,54.13,2024.0,7
2024-07-17 18:00:00,4771,26.36,90.06,19.56,64.9,36.38,2024.0,7
2024-07-17 19:00:00,4772,25.39,93.48,24.64,81.93,43.83,2024.0,7
2024-07-17 20:00:00,4773,24.93,96.11,24.4,84.06,48.67,2024.0,7
2024-07-17 21:00:00,4774,24.68,99.08,23.93,87.48,61.56,2024.0,7
2024-07-17 22:00:00,4775,24.37,99.89,23.67,89.08,68.51,2024.0,7
2024-07-17 23:00:00,4776,24.08,99.9,23.16,90.43,66.4,2024.0,7
2024-07-18 00:00:00,4777,23.78,99.9,22.87,89.98,49.47,2024.0,7
2024-07-18 01:00:00,4778,23.42,99.9,22.47,90.42,40.4,2024.0,7
2024-07-18 02:00:00,4779,23.16,99.9,22.37,90.28,32.88,2024.0,7
2024-07-18 03:00:00,4780,23.2,99.9,22.08,91.97,40.04,2024.0,7
2024-07-18 04:00:00,4781,23.23,99.9,21.98,92.19,43.22,2024.0,7
2024-07-18 05:00:00,4782,22.75,99.9,21.16,96.54,68.31,2024.0,7
2024-07-18 06:00:00,4783,23.19,99.38,22.23,91.89,66.78,2024.0,7
2024-07-18 07:00:00,4784,27.46,85.93,26.24,75.93,51.19,2024.0,7
2024-07-18 08:00:00,4785,31.22,63.76,29.79,64.25,52.87,2024.0,7
2024-07-18 09:00:00,4786,32.92,54.82,32.05,57.19,49.68,2024.0,7
2024-07-18 10:00:00,4787,33.89,51.07,33.88,52.37,43.2,2024.0,7
2024-07-18 11:00:00,4788,35.01,46.76,34.39,49.55,39.4,2024.0,7
2024-07-18 12:00:00,4789,36.84,42.01,34.19,48.9,37.62,2024.0,7
2024-07-18 13:00:00,4790,38.91,37.45,34.74,47.11,,2024.0,7
2024-07-18 14:00:00,4791,34.94,49.7,9.03,13.64,,2024.0,7
2024-07-18 15:00:00,4792,30.19,83.31,26.87,56.7,52.39,2024.0,7
2024-07-18 16:00:00,4793,26.91,97.92,26.3,83.19,62.09,2024.0,7
2024-07-18 17:00:00,4794,25.02,99.9,25.11,89.66,67.69,2024.0,7
2024-07-18 18:00:00,4795,25.57,99.9,25.64,87.62,80.8,2024.0,7
2024-07-18 19:00:00,4796,26.0,99.9,25.88,84.33,57.71,2024.0,7
2024-07-18 20:00:00,4797,25.03,99.9,24.84,87.43,59.07,2024.0,7
2024-07-18 21:00:00,4798,24.45,99.9,24.37,88.45,54.32,2024.0,7
2024-07-18 22:00:00,4799,23.77,99.9,23.78,84.89,35.84,2024.0,7
2024-07-18 23:00:00,4800,23.22,99.9,23.11,87.01,38.93,2024.0,7
2024-07-19 00:00:00,4801,22.95,99.9,22.68,88.3,41.29,2024.0,7
2024-07-19 01:00:00,4802,22.6,99.9,22.27,90.42,47.45,2024.0,7
2024-07-19 02:00:00,4803,22.14,99.9,21.78,91.81,58.98,2024.0,7
2024-07-19 03:00:00,4804,21.66,99.9,21.22,91.81,56.97,2024.0,7
2024-07-19 04:00:00,4805,21.27,99.9,20.88,94.55,65.84,2024.0,7
2024-07-19 05:00:00,4806,20.98,99.9,20.53,94.46,62.2,2024.0,7
2024-07-19 06:00:00,4807,21.72,99.9,23.02,80.37,69.06,2024.0,7
2024-07-19 07:00:00,4808,28.43,89.45,32.5,53.21,66.02,2024.0,7
2024-07-19 08:00:00,4809,32.63,64.94,36.16,43.48,70.74,2024.0,7
2024-07-19 09:00:00,4810,31.05,67.92,33.06,49.37,56.4,2024.0,7
2024-07-19 10:00:00,4811,31.37,65.94,32.67,49.87,47.34,2024.0,7
2024-07-19 11:00:00,4812,32.92,58.8,34.0,45.32,45.1,2024.0,7
2024-07-19 12:00:00,4813,33.18,55.66,34.1,43.46,41.72,2024.0,7
2024-07-19 13:00:00,4814,33.7,52.62,34.22,41.45,38.63,2024.0,7
2024-07-19 14:00:00,4815,33.4,54.53,33.16,45.41,40.24,2024.0,7
2024-07-19 15:00:00,4816,32.18,57.7,31.63,49.88,42.28,2024.0,7
2024-07-19 16:00:00,4817,30.4,63.06,29.94,54.98,47.55,2024.0,7
2024-07-19 17:00:00,4818,27.3,78.74,27.36,64.54,43.21,2024.0,7
2024-07-19 18:00:00,4819,25.75,82.93,25.91,65.31,32.95,2024.0,7
2024-07-19 19:00:00,4820,24.97,83.94,25.17,65.65,28.32,2024.0,7
2024-07-19 20:00:00,4821,23.94,93.43,24.03,72.2,27.11,2024.0,7
2024-07-19 21:00:00,4822,23.32,97.98,23.37,74.81,28.67,2024.0,7
2024-07-19 22:00:00,4823,22.83,99.9,22.78,76.92,26.8,2024.0,7
2024-07-19 23:00:00,4824,22.4,99.9,22.18,77.63,27.01,2024.0,7
2024-07-20 00:00:00,4825,21.56,99.9,21.37,80.04,27.22,2024.0,7
2024-07-20 01:00:00,4826,20.87,99.9,20.6,82.47,34.26,2024.0,7
2024-07-20 02:00:00,4827,20.39,99.9,20.09,83.27,37.07,2024.0,7
2024-07-20 03:00:00,4828,19.96,99.9,19.53,86.11,45.31,2024.0,7
2024-07-20 04:00:00,4829,19.66,99.9,19.26,88.5,57.6,2024.0,7
2024-07-20 05:00:00,4830,19.38,99.9,18.89,92.68,80.17,2024.0,7
2024-07-20 06:00:00,4831,20.79,99.88,22.72,78.97,,2024.0,7
2024-07-20 07:00:00,4832,29.34,75.92,34.72,43.03,80.34,2024.0,7
2024-07-20 08:00:00,4833,33.92,54.37,37.2,36.69,62.9,2024.0,7
2024-07-20 09:00:00,4834,32.98,51.86,34.44,39.08,42.07,2024.0,7
2024-07-20 10:00:00,4835,30.29,58.4,31.34,46.27,41.13,2024.0,7
2024-07-20 11:00:00,4836,31.9,52.3,32.97,40.28,34.4,2024.0,7
2024-07-20 14:00:00,4839,36.37,41.77,36.16,33.02,38.12,2024.0,7
2024-07-20 15:00:00,4840,36.83,41.62,36.51,33.29,40.0,2024.0,7
2024-07-20 16:00:00,4841,35.85,46.4,34.73,40.11,47.55,2024.0,7
2024-07-20 17:00:00,4842,29.36,68.3,28.81,60.26,42.17,2024.0,7
2024-07-20 18:00:00,4843,25.9,91.29,25.93,70.53,27.24,2024.0,7
2024-07-20 19:00:00,4844,24.46,98.03,24.53,74.19,25.26,2024.0,7
2024-07-20 20:00:00,4845,23.61,99.9,23.73,75.6,22.35,2024.0,7
2024-07-20 21:00:00,4846,22.92,99.9,23.0,75.81,18.94,2024.0,7
2024-07-20 22:00:00,4847,22.46,99.9,22.56,77.41,19.54,2024.0,7
2024-07-22 10:00:00,4883,31.82,57.68,32.85,44.82,50.54,2024.0,7
2024-07-22 11:00:00,4884,33.45,53.13,34.7,40.29,50.97,2024.0,7
2024-07-22 12:00:00,4885,35.5,47.92,36.45,36.45,46.62,2024.0,7
2024-07-22 13:00:00,4886,37.33,43.72,38.14,33.09,49.93,2024.0,7
2024-07-22 14:00:00,4887,37.57,42.49,37.23,34.14,52.36,2024.0,7
2024-07-22 15:00:00,4888,35.22,50.57,34.06,44.39,69.17,2024.0,7
2024-07-22 18:00:00,4891,28.01,79.1,27.77,65.45,51.67,2024.0,7
2024-07-22 19:00:00,4892,25.99,92.1,25.91,71.41,33.99,2024.0,7
2024-07-22 20:00:00,4893,25.14,98.64,25.12,74.99,31.85,2024.0,7
2024-07-22 21:00:00,4894,24.41,99.71,24.34,75.64,29.3,2024.0,7
2024-07-22 22:00:00,4895,23.68,99.9,23.64,76.38,27.22,2024.0,7
2024-07-22 23:00:00,4896,23.15,99.9,23.05,77.98,27.6,2024.0,7
2024-07-23 00:00:00,4897,22.61,99.9,22.46,80.35,31.44,2024.0,7
2024-07-23 01:00:00,4898,22.9,99.9,22.81,78.75,28.65,2024.0,7
2024-07-23 02:00:00,4899,22.37,99.9,22.18,79.67,24.51,2024.0,7
2024-07-23 03:00:00,4900,21.72,99.9,21.49,82.02,27.8,2024.0,7
2024-07-23 04:00:00,4901,21.56,99.9,21.28,83.61,37.73,2024.0,7
2024-07-23 05:00:00,4902,21.06,99.9,20.7,85.04,43.33,2024.0,7
2024-07-23 06:00:00,4903,21.38,99.9,22.02,81.68,80.75,2024.0,7
2024-07-23 07:00:00,4904,27.84,83.74,31.22,51.84,,2024.0,7
2024-07-23 08:00:00,4905,31.98,57.58,35.09,39.55,64.48,2024.0,7
2024-07-23 09:00:00,4906,34.0,51.3,36.1,36.71,49.48,2024.0,7
2024-07-23 10:00:00,4907,33.14,52.3,34.19,40.37,48.97,2024.0,7
2024-07-23 11:00:00,4908,34.66,49.65,35.75,37.81,52.66,2024.0,7
2024-07-23 12:00:00,4909,35.97,46.41,36.62,35.79,55.59,2024.0,7
2024-07-23 13:00:00,4910,36.29,44.17,36.79,34.34,55.5,2024.0,7
2024-07-23 14:00:00,4911,36.34,46.35,35.91,38.55,62.9,2024.0,7
2024-07-23 15:00:00,4912,33.02,55.94,32.37,49.04,73.79,2024.0,7
2024-07-23 16:00:00,4913,32.02,59.11,31.33,52.61,73.54,2024.0,7
2024-07-23 17:00:00,4914,29.97,65.63,29.53,57.49,73.45,2024.0,7
2024-07-23 18:00:00,4915,28.22,75.83,28.0,63.39,77.32,2024.0,7
2024-07-23 19:00:00,4916,26.34,98.99,26.19,77.44,57.74,2024.0,7
2024-07-23 20:00:00,4917,25.27,99.9,25.2,79.66,54.49,2024.0,7
2024-07-23 21:00:00,4918,24.7,99.9,24.61,80.18,46.65,2024.0,7
2024-07-23 22:00:00,4919,24.19,99.9,24.16,80.48,43.3,2024.0,7
2024-07-23 23:00:00,4920,23.86,99.9,23.66,81.25,39.41,2024.0,7
2024-07-24 00:00:00,4921,23.49,99.9,23.51,79.87,29.55,2024.0,7
2024-07-24 04:00:00,4925,22.94,99.9,22.86,79.92,27.85,2024.0,7
2024-07-24 05:00:00,4926,22.67,99.9,22.59,80.61,29.3,2024.0,7
2024-07-24 06:00:00,4927,22.7,99.9,23.31,78.74,49.13,2024.0,7
2024-07-24 07:00:00,4928,26.77,90.72,30.45,55.0,43.81,2024.0,7
2024-07-24 08:00:00,4929,31.25,60.8,34.46,40.83,52.4,2024.0,7
2024-07-24 09:00:00,4930,32.81,54.43,34.64,39.77,46.74,2024.0,7
2024-07-24 10:00:00,4931,32.4,53.59,33.31,41.49,39.83,2024.0,7
2024-07-24 11:00:00,4932,32.34,55.07,33.42,42.85,35.3,2024.0,7
2024-07-24 12:00:00,4933,34.49,51.14,35.02,40.24,32.23,2024.0,7
2024-07-24 13:00:00,4934,33.94,53.3,34.21,43.23,32.64,2024.0,7
2024-07-24 14:00:00,4935,31.98,58.61,31.94,49.64,33.9,2024.0,7
2024-07-24 15:00:00,4936,30.36,64.9,30.46,54.59,35.7,2024.0,7
2024-07-24 16:00:00,4937,28.91,74.27,29.02,60.74,39.41,2024.0,7
2024-07-24 17:00:00,4938,27.71,85.5,27.68,66.87,34.0,2024.0,7
2024-07-24 18:00:00,4939,26.42,97.47,26.43,73.86,35.58,2024.0,7
2024-07-24 19:00:00,4940,25.85,98.71,25.86,74.08,36.87,2024.0,7
2024-07-24 20:00:00,4941,25.73,99.29,25.58,75.1,47.5,2024.0,7
2024-07-24 21:00:00,4942,25.04,99.9,24.8,77.83,31.65,2024.0,7
2024-07-24 22:00:00,4943,24.11,99.9,23.94,79.83,31.61,2024.0,7
2024-07-24 23:00:00,4944,23.61,99.9,23.37,80.64,31.58,2024.0,7
2024-07-25 00:00:00,4945,23.03,99.9,22.84,81.84,26.96,2024.0,7
2024-07-25 01:00:00,4946,22.71,99.9,22.55,82.78,27.89,2024.0,7
2024-07-25 02:00:00,4947,22.38,99.9,22.13,84.64,31.71,2024.0,7
2024-07-25 03:00:00,4948,21.73,99.9,21.54,85.9,28.0,2024.0,7
2024-07-25 04:00:00,4949,21.26,99.9,20.99,88.24,30.78,2024.0,7
2024-07-25 05:00:00,4950,20.83,99.9,20.62,90.33,40.48,2024.0,7
2024-07-25 06:00:00,4951,21.46,99.9,22.21,83.83,43.95,2024.0,7
2024-07-25 07:00:00,4952,27.37,93.84,30.16,58.63,68.63,2024.0,7
2024-07-25 08:00:00,4953,32.92,65.62,35.9,43.43,,2024.0,7
2024-07-25 09:00:00,4954,34.92,55.24,36.49,41.03,,2024.0,7
2024-07-25 13:00:00,4958,34.24,53.24,34.72,43.07,56.0,2024.0,7
2024-07-25 14:00:00,4959,31.64,60.53,31.93,50.98,55.9,2024.0,7
2024-07-25 15:00:00,4960,31.05,64.66,30.92,55.12,61.5,2024.0,7
2024-07-25 16:00:00,4961,28.66,74.29,28.74,61.23,48.77,2024.0,7
2024-07-25 17:00:00,4962,27.29,86.26,27.51,66.49,35.18,2024.0,7
2024-07-25 18:00:00,4963,26.39,96.05,26.6,72.88,39.57,2024.0,7
2024-07-25 19:00:00,4964,25.12,99.9,25.49,80.12,42.0,2024.0,7
2024-07-25 20:00:00,4965,24.48,99.9,24.86,81.76,46.78,2024.0,7
2024-07-25 21:00:00,4966,24.13,99.9,24.35,83.79,55.52,2024.0,7
2024-07-25 22:00:00,4967,23.61,99.9,23.77,84.37,43.2,2024.0,7
2024-07-25 23:00:00,4968,23.45,99.9,23.68,84.13,44.11,2024.0,7
2024-07-26 00:00:00,4969,23.27,99.9,23.44,84.35,36.36,2024.0,7
2024-07-26 01:00:00,4970,22.72,99.9,22.77,86.01,28.81,2024.0,7
2024-07-26 02:00:00,4971,22.22,99.9,22.27,88.51,40.2,2024.0,7
2024-07-26 03:00:00,4972,22.17,99.9,22.3,85.86,53.31,2024.0,7
2024-07-26 04:00:00,4973,21.94,99.9,22.06,84.25,36.6,2024.0,7
2024-07-26 05:00:00,4974,21.43,99.9,21.55,85.56,39.11,2024.0,7
2024-07-26 06:00:00,4975,21.71,99.9,22.32,81.62,36.29,2024.0,7
2024-07-26 07:00:00,4976,26.19,94.08,29.96,57.33,53.65,2024.0,7
2024-07-26 08:00:00,4977,32.88,62.07,37.2,39.0,67.48,2024.0,7
2024-07-26 09:00:00,4978,32.66,57.31,35.29,40.69,53.39,2024.0,7
2024-07-26 10:00:00,4979,31.3,58.27,32.98,43.84,55.23,2024.0,7
2024-07-26 11:00:00,4980,32.19,54.1,33.65,40.54,46.59,2024.0,7
2024-07-26 12:00:00,4981,33.39,49.78,34.63,37.46,44.36,2024.0,7
2024-07-26 13:00:00,4982,34.11,46.58,35.1,35.3,46.83,2024.0,7
2024-07-26 14:00:00,4983,35.4,45.04,35.55,35.46,47.24,2024.0,7
2024-07-26 15:00:00,4984,33.94,47.99,33.68,39.59,46.78,2024.0,7
2024-07-26 16:00:00,4985,29.57,63.73,29.95,53.39,45.55,2024.0,7
2024-07-26 17:00:00,4986,28.02,74.71,28.34,60.25,46.97,2024.0,7
2024-07-26 18:00:00,4987,26.83,87.43,27.07,66.0,33.08,2024.0,7
2024-07-26 19:00:00,4988,26.27,94.45,26.33,71.32,39.78,2024.0,7
2024-07-26 20:00:00,4989,24.97,99.9,25.23,77.6,47.73,2024.0,7
2024-07-26 21:00:00,4990,24.39,99.9,24.55,79.7,56.86,2024.0,7
2024-07-26 22:00:00,4991,23.46,99.9,23.54,81.37,61.33,2024.0,7
2024-07-26 23:00:00,4992,22.81,99.9,22.85,82.91,50.83,2024.0,7
2024-07-27 00:00:00,4993,22.11,99.9,22.25,83.0,47.2,2024.0,7
2024-07-27 01:00:00,4994,21.34,99.9,21.43,82.63,51.28,2024.0,7
2024-07-27 02:00:00,4995,20.74,99.9,20.76,80.9,61.92,2024.0,7
2024-07-27 03:00:00,4996,20.35,99.9,20.39,81.72,64.01,2024.0,7
2024-07-27 04:00:00,4997,20.17,99.9,20.17,83.76,80.1,2024.0,7
2024-07-27 05:00:00,4998,19.94,99.9,19.88,85.9,,2024.0,7
2024-07-27 06:00:00,4999,20.77,99.9,22.32,80.46,,2024.0,7
2024-07-27 07:00:00,5000,27.96,85.6,32.75,48.66,,2024.0,7
2024-07-27 08:00:00,5001,30.31,66.01,34.76,41.01,73.87,2024.0,7
2024-07-27 09:00:00,5002,31.58,58.81,34.12,41.68,54.03,2024.0,7
2024-07-27 10:00:00,5003,30.53,61.62,31.99,46.49,46.63,2024.0,7
2024-07-27 11:00:00,5004,31.27,57.7,32.57,43.85,39.45,2024.0,7
2024-07-27 12:00:00,5005,33.21,54.38,34.4,41.19,46.23,2024.0,7
2024-07-27 13:00:00,5006,34.88,49.84,35.8,38.07,45.07,2024.0,7
2024-07-27 14:00:00,5007,34.86,48.71,34.98,38.79,43.07,2024.0,7
2024-07-27 15:00:00,5008,33.19,56.28,32.88,47.82,43.2,2024.0,7
2024-07-27 16:00:00,5009,29.61,69.25,30.04,56.65,45.34,2024.0,7
2024-07-27 17:00:00,5010,28.06,81.32,28.41,63.18,39.63,2024.0,7
2024-07-27 18:00:00,5011,26.99,95.2,27.22,71.54,41.96,2024.0,7
2024-07-27 21:00:00,5014,23.78,99.9,23.96,80.59,36.73,2024.0,7
2024-07-27 22:00:00,5015,23.19,99.9,23.39,81.68,36.83,2024.0,7
2024-07-27 23:00:00,5016,22.92,99.9,23.11,82.3,35.03,2024.0,7
2024-07-28 00:00:00,5017,22.62,99.9,22.73,82.9,35.8,2024.0,7
2024-07-28 01:00:00,5018,22.09,99.9,22.08,83.83,40.18,2024.0,7
2024-07-28 02:00:00,5019,21.48,99.9,21.54,84.05,51.43,2024.0,7
2024-07-28 03:00:00,5020,21.05,99.9,21.09,85.93,53.11,2024.0,7
2024-07-28 04:00:00,5021,20.98,99.9,21.13,85.82,49.11,2024.0,7
2024-07-28 05:00:00,5022,21.01,99.9,20.95,87.4,75.36,2024.0,7
2024-07-28 06:00:00,5023,21.2,99.9,21.94,83.63,,2024.0,7
2024-07-28 07:00:00,5024,27.67,90.14,32.42,51.67,,2024.0,7
2024-07-28 08:00:00,5025,33.3,59.96,37.47,38.24,,2024.0,7
2024-07-28 09:00:00,5026,31.75,59.75,34.35,42.48,57.3,2024.0,7
2024-07-28 10:00:00,5027,31.68,57.59,33.32,43.01,43.14,2024.0,7
2024-07-28 11:00:00,5028,32.53,54.77,34.07,40.9,43.5,2024.0,7
2024-07-28 12:00:00,5029,34.08,51.44,35.2,39.04,41.07,2024.0,7
2024-07-28 13:00:00,5030,34.4,48.43,35.36,36.82,39.4,2024.0,7
2024-07-28 14:00:00,5031,34.25,48.92,34.55,39.09,42.55,2024.0,7
2024-07-28 15:00:00,5032,32.99,55.18,33.04,45.89,45.17,2024.0,7
2024-07-28 16:00:00,5033,29.5,69.87,29.78,57.41,50.55,2024.0,7
2024-07-28 17:00:00,5034,28.08,79.82,28.33,62.51,44.24,2024.0,7
2024-07-28 18:00:00,5035,26.06,95.81,26.42,71.26,30.82,2024.0,7
2024-07-28 19:00:00,5036,24.58,99.9,24.96,75.3,29.39,2024.0,7
2024-07-28 20:00:00,5037,23.6,99.9,23.97,77.67,29.04,2024.0,7
2024-07-28 21:00:00,5038,22.95,99.9,23.23,80.53,28.16,2024.0,7
2024-07-28 22:00:00,5039,22.57,99.9,22.79,81.7,29.34,2024.0,7
2024-07-28 23:00:00,5040,22.32,99.9,22.55,81.89,29.33,2024.0,7
2024-07-29 00:00:00,5041,22.09,99.9,22.31,81.67,27.47,2024.0,7
2024-07-29 01:00:00,5042,21.83,99.9,21.88,82.92,29.6,2024.0,7
2024-07-29 02:00:00,5043,21.25,99.9,21.27,83.28,25.95,2024.0,7
2024-07-29 03:00:00,5044,20.78,99.9,20.84,84.13,26.55,2024.0,7
2024-07-29 04:00:00,5045,20.49,99.9,20.5,86.51,37.56,2024.0,7
2024-07-29 05:00:00,5046,20.53,99.9,20.66,88.74,65.31,2024.0,7
2024-07-29 06:00:00,5047,21.67,99.9,23.0,79.11,,2024.0,7
2024-07-29 07:00:00,5048,27.85,87.01,32.21,50.14,,2024.0,7
2024-07-29 08:00:00,5049,28.97,70.96,32.52,45.77,61.5,2024.0,7
2024-07-29 09:00:00,5050,30.09,67.01,32.94,45.14,55.89,2024.0,7
2024-07-29 10:00:00,5051,30.97,61.03,32.65,44.89,48.63,2024.0,7
2024-07-29 11:00:00,5052,32.84,58.0,34.58,42.57,50.57,2024.0,7
2024-07-29 12:00:00,5053,34.16,53.23,35.39,40.33,50.38,2024.0,7
2024-07-29 13:00:00,5054,34.0,55.56,34.8,43.73,51.17,2024.0,7
2024-07-29 17:00:00,5058,27.92,81.87,28.27,63.11,40.96,2024.0,7
2024-07-29 18:00:00,5059,26.38,96.23,26.74,71.47,40.2,2024.0,7
2024-07-29 19:00:00,5060,25.08,99.73,25.42,75.26,42.01,2024.0,7
2024-07-29 20:00:00,5061,24.29,99.9,24.63,81.04,55.49,2024.0,7
2024-07-29 21:00:00,5062,23.61,99.9,23.78,81.98,56.08,2024.0,7
2024-07-29 22:00:00,5063,22.8,99.9,23.12,82.1,39.57,2024.0,7
2024-07-29 23:00:00,5064,22.83,99.9,23.08,82.38,37.57,2024.0,7
2024-07-30 00:00:00,5065,22.92,99.9,23.12,83.17,52.04,2024.0,7
2024-07-30 01:00:00,5066,22.5,99.9,22.58,85.18,50.63,2024.0,7
2024-07-30 02:00:00,5067,22.1,99.9,22.22,84.11,34.21,2024.0,7
2024-07-30 03:00:00,5068,21.81,99.9,21.87,86.72,65.9,2024.0,7
2024-07-30 04:00:00,5069,21.62,99.9,21.62,89.02,,2024.0,7
2024-07-30 05:00:00,5070,21.24,99.9,21.31,88.06,60.95,2024.0,7
2024-07-30 06:00:00,5071,21.91,99.9,23.15,80.1,77.11,2024.0,7
2024-07-30 07:00:00,5072,27.56,92.61,31.61,54.68,,2024.0,7
2024-07-30 08:00:00,5073,32.69,62.43,36.88,39.38,,2024.0,7
2024-07-30 09:00:00,5074,31.47,62.67,34.15,43.86,62.36,2024.0,7
2024-07-30 10:00:00,5075,32.43,56.86,34.04,42.01,51.4,2024.0,7
2024-07-30 11:00:00,5076,33.25,53.33,34.85,39.29,48.4,2024.0,7
2024-07-30 12:00:00,5077,35.58,46.96,36.71,35.01,45.45,2024.0,7
2024-07-30 13:00:00,5078,34.96,47.12,35.63,36.37,44.6,2024.0,7
2024-07-30 14:00:00,5079,31.84,51.72,32.23,41.71,43.38,2024.0,7
2024-07-30 15:00:00,5080,31.78,58.55,32.09,48.4,59.53,2024.0,7
2024-07-30 19:00:00,5084,25.69,98.01,26.08,72.52,43.51,2024.0,7
2024-07-30 22:00:00,5087,23.47,99.9,23.56,83.81,49.45,2024.0,7
2024-07-30 23:00:00,5088,23.2,99.9,23.27,84.97,47.48,2024.0,7
2024-07-31 00:00:00,5089,22.79,99.9,22.86,85.84,48.29,2024.0,7
2024-07-31 01:00:00,5090,22.3,99.9,22.41,87.52,62.02,2024.0,7
2024-07-31 02:00:00,5091,21.93,99.9,22.0,88.21,70.63,2024.0,7
2024-07-31 03:00:00,5092,21.47,99.9,21.5,88.76,,2024.0,7
2024-07-31 04:00:00,5093,21.21,99.9,21.27,88.21,59.21,2024.0,7
2024-07-31 05:00:00,5094,20.64,99.9,20.63,89.44,67.46,2024.0,7
2024-07-31 06:00:00,5095,21.67,99.9,23.48,80.48,,2024.0,7
2024-07-31 07:00:00,5096,29.63,84.4,35.05,46.01,80.36,2024.0,7
2024-07-31 08:00:00,5097,33.03,61.39,37.28,39.33,78.82,2024.0,7
2024-07-31 09:00:00,5098,30.28,67.58,32.75,47.34,71.5,2024.0,7
2024-07-31 10:00:00,5099,31.44,64.36,33.09,46.98,58.48,2024.0,7
2024-07-31 11:00:00,5100,32.62,58.17,33.92,43.86,48.9,2024.0,7
2024-07-31 12:00:00,5101,33.22,53.55,34.3,40.59,44.41,2024.0,7
2024-07-31 13:00:00,5102,34.41,49.3,35.27,37.57,42.1,2024.0,7
2024-07-31 14:00:00,5103,34.22,51.96,34.37,41.69,44.41,2024.0,7
2024-07-31 15:00:00,5104,32.08,58.33,32.18,48.49,45.77,2024.0,7
2024-07-31 20:00:00,5109,25.37,99.9,24.76,79.87,64.0,2024.0,7
2024-07-31 21:00:00,5110,24.86,99.9,24.15,82.85,68.06,2024.0,7
2024-07-31 22:00:00,5111,24.43,99.9,23.7,83.42,67.67,2024.0,7
2024-07-31 23:00:00,5112,24.22,99.9,23.3,84.63,64.1,2024.0,7
2024-08-01 00:00:00,5113,23.98,99.9,23.08,85.3,74.15,2024.0,8
2024-08-01 01:00:00,5114,23.77,99.9,22.92,84.13,50.74,2024.0,8
2024-08-01 02:00:00,5115,23.45,99.9,22.6,84.98,63.05,2024.0,8
2024-08-01 03:00:00,5116,23.04,99.9,22.29,84.66,52.8,2024.0,8
2024-08-01 04:00:00,5117,23.01,99.9,21.96,84.5,52.72,2024.0,8
2024-08-01 05:00:00,5118,22.35,99.9,21.04,87.77,54.99,2024.0,8
2024-08-01 06:00:00,5119,22.96,99.9,22.07,85.29,70.72,2024.0,8
2024-08-01 07:00:00,5120,27.58,94.78,26.0,69.01,58.6,2024.0,8
2024-08-01 08:00:00,5121,31.14,75.15,29.45,58.51,48.34,2024.0,8
2024-08-01 09:00:00,5122,33.68,58.49,32.82,48.37,48.17,2024.0,8
2024-08-01 10:00:00,5123,32.38,60.64,33.63,46.78,42.79,2024.0,8
2024-08-01 11:00:00,5124,33.67,59.35,35.01,45.61,45.66,2024.0,8
2024-08-01 12:00:00,5125,33.91,58.5,32.73,50.37,46.17,2024.0,8
2024-08-01 14:00:00,5127,32.07,72.78,30.88,60.94,,2024.0,8
2024-08-01 15:00:00,5128,29.94,81.67,29.25,63.29,47.45,2024.0,8
2024-08-01 16:00:00,5129,31.03,77.83,29.19,64.1,55.23,2024.0,8
2024-08-01 17:00:00,5130,28.12,88.4,26.65,69.01,56.62,2024.0,8
2024-08-01 20:00:00,5133,26.28,99.9,25.16,79.02,64.54,2024.0,8
2024-08-01 21:00:00,5134,25.63,99.9,24.58,81.06,51.54,2024.0,8
2024-08-01 22:00:00,5135,25.54,99.9,24.52,83.26,57.05,2024.0,8
2024-08-01 23:00:00,5136,25.68,99.9,24.37,84.64,59.27,2024.0,8
2024-08-02 00:00:00,5137,25.69,99.9,24.6,83.26,49.0,2024.0,8
2024-08-02 01:00:00,5138,24.73,99.9,23.69,83.66,34.35,2024.0,8
2024-08-02 02:00:00,5139,23.74,99.9,22.71,88.2,37.31,2024.0,8
2024-08-02 03:00:00,5140,23.12,99.9,22.35,87.52,31.78,2024.0,8
2024-08-02 04:00:00,5141,23.05,99.9,21.71,91.34,46.74,2024.0,8
2024-08-02 05:00:00,5142,23.0,99.9,21.45,93.94,63.36,2024.0,8
2024-08-02 06:00:00,5143,23.63,99.9,22.95,88.53,64.82,2024.0,8
2024-08-02 07:00:00,5144,29.35,95.18,28.08,70.11,71.43,2024.0,8
2024-08-02 08:00:00,5145,28.93,93.92,28.13,67.66,55.49,2024.0,8
2024-08-02 09:00:00,5146,30.68,88.04,31.75,57.77,33.64,2024.0,8
2024-08-02 10:00:00,5147,30.63,86.25,32.78,55.02,21.6,2024.0,8
2024-08-02 11:00:00,5148,32.15,76.13,33.15,53.48,26.9,2024.0,8
2024-08-02 12:00:00,5149,32.24,74.54,32.01,56.39,29.0,2024.0,8
2024-08-02 13:00:00,5150,32.51,73.71,33.75,52.92,28.21,2024.0,8
2024-08-02 14:00:00,5151,32.46,72.32,32.64,55.12,23.25,2024.0,8
2024-08-02 15:00:00,5152,31.79,79.54,30.37,63.4,45.38,2024.0,8
2024-08-02 16:00:00,5153,29.61,87.93,27.92,69.39,31.76,2024.0,8
2024-08-02 17:00:00,5154,26.9,99.64,24.63,87.89,36.38,2024.0,8
2024-08-02 18:00:00,5155,23.84,99.9,22.71,98.05,39.82,2024.0,8
2024-08-02 19:00:00,5156,24.5,99.9,22.98,98.32,42.09,2024.0,8
2024-08-02 20:00:00,5157,24.73,99.9,23.02,98.57,45.58,2024.0,8
2024-08-02 21:00:00,5158,24.18,99.9,22.31,98.37,30.08,2024.0,8
2024-08-02 22:00:00,5159,23.17,99.9,21.62,98.2,23.5,2024.0,8
2024-08-02 23:00:00,5160,23.44,99.9,21.44,99.02,25.23,2024.0,8
2024-08-03 00:00:00,5161,23.68,99.9,22.0,97.8,19.32,2024.0,8
2024-08-03 01:00:00,5162,23.46,99.9,21.77,98.07,23.4,2024.0,8
2024-08-03 02:00:00,5163,23.32,99.9,21.81,98.08,29.55,2024.0,8
2024-08-03 03:00:00,5164,23.07,99.9,21.31,98.42,25.16,2024.0,8
2024-08-03 04:00:00,5165,22.78,99.9,21.32,98.49,32.14,2024.0,8
2024-08-03 05:00:00,5166,22.71,99.9,21.3,98.91,37.64,2024.0,8
2024-08-03 06:00:00,5167,23.05,99.9,21.78,98.4,40.25,2024.0,8
2024-08-03 07:00:00,5168,25.38,99.9,23.56,95.35,52.21,2024.0,8
2024-08-03 08:00:00,5169,30.17,94.14,28.05,87.99,36.44,2024.0,8
2024-08-03 09:00:00,5170,31.51,86.6,29.82,83.99,35.55,2024.0,8
2024-08-03 10:00:00,5171,31.19,84.54,33.99,52.14,24.51,2024.0,8
2024-08-03 11:00:00,5172,31.64,78.98,33.75,51.36,24.05,2024.0,8
2024-08-03 12:00:00,5173,32.11,72.42,31.99,54.05,29.53,2024.0,8
2024-08-03 13:00:00,5174,32.31,68.83,33.96,48.74,31.34,2024.0,8
2024-08-03 14:00:00,5175,32.11,71.97,30.3,59.95,33.99,2024.0,8
2024-08-03 15:00:00,5176,27.73,98.41,26.48,74.88,31.51,2024.0,8
2024-08-03 16:00:00,5177,25.89,99.9,24.09,86.8,31.74,2024.0,8
2024-08-03 17:00:00,5178,25.41,99.9,23.92,90.39,34.1,2024.0,8
2024-08-03 18:00:00,5179,25.55,99.9,24.3,86.78,57.16,2024.0,8
2024-08-03 19:00:00,5180,25.31,99.9,24.04,88.06,71.18,2024.0,8
2024-08-03 20:00:00,5181,25.14,99.9,23.89,88.98,75.78,2024.0,8
2024-08-03 21:00:00,5182,24.89,99.9,23.58,90.62,75.64,2024.0,8
2024-08-03 22:00:00,5183,24.23,99.9,23.0,92.67,,2024.0,8
2024-08-03 23:00:00,5184,23.78,99.9,22.49,93.63,,2024.0,8
2024-08-04 00:00:00,5185,23.11,99.9,21.34,93.84,49.58,2024.0,8
2024-08-04 01:00:00,5186,22.64,99.9,21.73,89.16,31.02,2024.0,8
2024-08-04 02:00:00,5187,22.64,99.9,21.8,89.79,46.83,2024.0,8
2024-08-04 03:00:00,5188,22.53,99.9,21.88,87.1,43.59,2024.0,8
2024-08-04 04:00:00,5189,22.52,99.9,21.78,86.23,32.28,2024.0,8
2024-08-04 05:00:00,5190,22.35,99.9,21.1,90.91,46.99,2024.0,8
2024-08-04 06:00:00,5191,23.26,99.9,22.77,86.88,60.3,2024.0,8
2024-08-04 07:00:00,5192,29.46,92.51,28.22,64.59,39.03,2024.0,8
2024-08-04 08:00:00,5193,30.3,83.91,30.12,58.07,40.56,2024.0,8
2024-08-04 10:00:00,5195,31.58,67.18,34.76,44.72,31.62,2024.0,8
2024-08-04 11:00:00,5196,32.46,60.61,34.69,43.23,27.52,2024.0,8
2024-08-04 12:00:00,5197,33.31,55.42,31.97,47.07,29.1,2024.0,8
2024-08-04 13:00:00,5198,34.6,51.66,36.01,39.24,30.79,2024.0,8
2024-08-04 14:00:00,5199,34.57,50.36,35.22,39.81,29.66,2024.0,8
2024-08-04 15:00:00,5200,31.94,55.34,30.88,48.33,30.66,2024.0,8
2024-08-04 16:00:00,5201,30.13,62.19,29.5,53.28,32.67,2024.0,8
2024-08-04 17:00:00,5202,28.51,66.97,27.91,56.27,32.19,2024.0,8
2024-08-04 18:00:00,5203,26.92,78.52,26.52,61.57,30.98,2024.0,8
2024-08-04 19:00:00,5204,25.62,89.65,24.99,66.88,23.52,2024.0,8
2024-08-04 20:00:00,5205,24.78,95.2,23.89,71.04,21.67,2024.0,8
2024-08-04 21:00:00,5206,24.03,99.64,23.47,73.02,19.73,2024.0,8
2024-08-04 22:00:00,5207,23.45,99.9,22.75,75.21,23.87,2024.0,8
2024-08-04 23:00:00,5208,23.44,99.9,22.66,74.63,22.18,2024.0,8
2024-08-05 00:00:00,5209,23.03,99.9,21.9,77.97,28.3,2024.0,8
2024-08-05 01:00:00,5210,22.44,99.9,21.02,80.83,38.74,2024.0,8
2024-08-05 02:00:00,5211,22.05,99.9,20.49,83.02,40.13,2024.0,8
2024-08-05 03:00:00,5212,21.03,99.9,19.43,85.14,47.69,2024.0,8
2024-08-05 04:00:00,5213,20.4,99.9,18.84,87.58,51.59,2024.0,8
2024-08-05 05:00:00,5214,20.03,99.9,18.31,85.32,47.69,2024.0,8
2024-08-05 07:00:00,5216,29.41,76.73,27.94,56.62,,2024.0,8
2024-08-05 08:00:00,5217,34.07,52.2,32.21,45.29,54.04,2024.0,8
2024-08-05 09:00:00,5218,32.66,49.67,33.86,38.47,32.63,2024.0,8
2024-08-05 10:00:00,5219,32.74,44.99,35.17,33.05,26.13,2024.0,8
2024-08-05 14:00:00,5223,33.78,44.39,33.05,38.14,26.31,2024.0,8
2024-08-05 15:00:00,5224,33.36,51.51,31.79,46.5,38.32,2024.0,8
2024-08-05 16:00:00,5225,31.73,63.9,29.9,58.08,56.27,2024.0,8
2024-08-05 17:00:00,5226,30.19,65.33,28.42,58.07,41.14,2024.0,8
2024-08-05 18:00:00,5227,28.22,89.17,26.76,68.74,39.68,2024.0,8
2024-08-05 19:00:00,5228,26.68,92.68,25.55,68.99,29.87,2024.0,8
2024-08-05 20:00:00,5229,24.66,99.48,24.12,74.98,30.38,2024.0,8
2024-08-05 21:00:00,5230,23.57,99.9,23.21,79.82,31.87,2024.0,8
2024-08-05 22:00:00,5231,23.08,99.9,22.36,83.16,37.61,2024.0,8
2024-08-06 00:00:00,5233,22.42,99.9,21.09,86.66,34.73,2024.0,8
2024-08-06 01:00:00,5234,22.1,99.9,21.0,86.79,38.19,2024.0,8
2024-08-06 02:00:00,5235,21.6,99.9,20.38,89.64,48.17,2024.0,8
2024-08-06 03:00:00,5236,21.12,99.9,19.69,92.34,59.03,2024.0,8
2024-08-06 04:00:00,5237,20.87,99.9,19.74,88.97,59.01,2024.0,8
2024-08-06 05:00:00,5238,20.63,99.9,19.33,89.99,53.97,2024.0,8
2024-08-06 06:00:00,5239,21.68,99.9,21.24,83.03,66.42,2024.0,8
2024-08-06 07:00:00,5240,29.1,86.65,27.97,61.58,,2024.0,8
2024-08-06 08:00:00,5241,31.33,67.5,30.0,54.58,77.7,2024.0,8
2024-08-06 09:00:00,5242,31.7,61.65,33.32,45.15,55.03,2024.0,8
2024-08-06 10:00:00,5243,32.2,55.1,35.15,38.75,44.66,2024.0,8
2024-08-06 11:00:00,5244,32.48,50.42,34.66,36.49,41.07,2024.0,8
2024-08-06 12:00:00,5245,35.92,39.38,33.5,34.74,33.31,2024.0,8
2024-08-06 13:00:00,5246,35.37,40.65,36.44,31.77,38.4,2024.0,8
2024-08-06 14:00:00,5247,33.38,48.99,32.4,42.83,45.1,2024.0,8
2024-08-06 15:00:00,5248,32.38,55.73,30.89,50.36,58.07,2024.0,8
2024-08-06 16:00:00,5249,31.36,64.19,29.83,57.14,59.18,2024.0,8
2024-08-06 17:00:00,5250,29.84,70.18,28.77,59.19,57.93,2024.0,8
2024-08-06 18:00:00,5251,28.0,85.75,26.97,66.26,49.36,2024.0,8
2024-08-06 19:00:00,5252,26.06,96.65,25.45,70.84,45.99,2024.0,8
2024-08-06 20:00:00,5253,25.29,99.87,24.62,75.07,53.47,2024.0,8
2024-08-06 21:00:00,5254,24.44,99.9,23.75,79.66,46.9,2024.0,8
2024-08-06 22:00:00,5255,23.63,99.9,22.88,82.16,34.4,2024.0,8
2024-08-06 23:00:00,5256,22.9,99.9,22.18,83.17,34.33,2024.0,8
2024-08-07 00:00:00,5257,22.44,99.9,21.88,80.88,30.33,2024.0,8
2024-08-07 01:00:00,5258,22.08,99.9,21.43,80.93,28.72,2024.0,8
2024-08-07 02:00:00,5259,21.81,99.9,20.85,82.65,30.28,2024.0,8
2024-08-07 03:00:00,5260,21.17,99.9,20.4,82.57,27.84,2024.0,8
2024-08-07 04:00:00,5261,20.77,99.9,19.94,82.59,24.3,2024.0,8
2024-08-07 05:00:00,5262,20.5,99.9,19.69,82.1,27.67,2024.0,8
2024-08-07 06:00:00,5263,21.91,99.74,21.81,75.04,40.66,2024.0,8
2024-08-07 07:00:00,5264,28.77,72.01,27.78,53.94,46.23,2024.0,8
2024-08-07 08:00:00,5265,29.98,60.13,29.72,48.15,48.52,2024.0,8
2024-08-07 09:00:00,5266,32.18,52.43,33.32,39.58,40.77,2024.0,8
2024-08-07 10:00:00,5267,31.95,50.5,34.77,36.26,40.79,2024.0,8
2024-08-07 11:00:00,5268,32.34,48.08,34.55,35.57,35.36,2024.0,8
2024-08-07 12:00:00,5269,32.6,50.55,31.88,42.74,40.43,2024.0,8
2024-08-07 13:00:00,5270,32.71,52.04,33.91,40.8,41.61,2024.0,8
2024-08-07 14:00:00,5271,32.62,54.17,32.65,44.85,41.97,2024.0,8
2024-08-07 15:00:00,5272,32.67,53.75,32.08,45.93,40.45,2024.0,8
2024-08-07 16:00:00,5273,31.42,58.25,30.33,51.39,42.21,2024.0,8
2024-08-07 17:00:00,5274,30.92,62.02,28.32,57.95,47.7,2024.0,8
2024-08-07 18:00:00,5275,27.12,86.06,26.1,66.33,43.64,2024.0,8
2024-08-07 19:00:00,5276,25.72,96.08,24.84,71.22,45.21,2024.0,8
2024-08-07 20:00:00,5277,24.85,98.58,24.2,71.94,37.75,2024.0,8
2024-08-07 21:00:00,5278,24.31,99.89,23.54,74.6,39.04,2024.0,8
2024-08-07 22:00:00,5279,23.94,99.9,22.86,78.23,51.68,2024.0,8
2024-08-07 23:00:00,5280,23.52,99.9,22.66,79.81,50.16,2024.0,8
2024-08-08 00:00:00,5281,23.14,99.9,21.88,83.04,44.13,2024.0,8
2024-08-08 01:00:00,5282,22.61,99.9,21.56,83.84,49.86,2024.0,8
2024-08-08 02:00:00,5283,21.87,99.9,21.04,85.82,59.45,2024.0,8
2024-08-08 03:00:00,5284,21.76,99.9,20.53,87.5,54.94,2024.0,8
2024-08-08 04:00:00,5285,21.71,99.9,20.23,88.42,68.21,2024.0,8
2024-08-08 05:00:00,5286,21.52,99.9,20.01,88.9,71.69,2024.0,8
2024-08-08 06:00:00,5287,21.93,99.9,21.04,85.9,,2024.0,8
2024-08-08 07:00:00,5288,25.2,99.9,23.76,76.19,,2024.0,8
2024-08-08 08:00:00,5289,25.29,99.9,24.09,77.0,,2024.0,8
2024-08-08 09:00:00,5290,26.91,99.72,26.4,70.79,57.35,2024.0,8
2024-08-08 10:00:00,5291,29.38,90.99,31.17,56.43,32.88,2024.0,8
2024-08-08 12:00:00,5293,29.47,88.12,29.2,61.93,27.08,2024.0,8
2024-08-08 13:00:00,5294,29.33,91.37,30.19,60.76,23.83,2024.0,8
2024-08-08 14:00:00,5295,30.96,76.36,31.86,52.97,25.4,2024.0,8
2024-08-08 15:00:00,5296,31.95,70.51,31.68,54.08,29.52,2024.0,8
2024-08-08 16:00:00,5297,31.6,73.24,30.15,59.36,32.39,2024.0,8
2024-08-08 17:00:00,5298,28.79,88.12,27.48,67.75,29.33,2024.0,8
2024-08-08 18:00:00,5299,26.21,99.06,25.58,73.9,31.98,2024.0,8
2024-08-08 19:00:00,5300,25.08,99.9,24.59,77.31,29.31,2024.0,8
2024-08-08 20:00:00,5301,24.17,99.9,23.59,80.97,26.0,2024.0,8
2024-08-08 21:00:00,5302,23.71,99.9,23.14,82.99,27.35,2024.0,8
2024-08-08 22:00:00,5303,23.66,99.9,22.86,83.91,28.34,2024.0,8
2024-08-08 23:00:00,5304,23.41,99.9,22.65,83.27,25.44,2024.0,8
2024-08-09 00:00:00,5305,23.15,99.9,22.12,84.59,32.59,2024.0,8
2024-08-09 01:00:00,5306,22.85,99.9,21.9,84.82,31.04,2024.0,8
2024-08-09 02:00:00,5307,22.5,99.9,21.65,85.71,30.89,2024.0,8
2024-08-09 03:00:00,5308,22.25,99.9,21.46,86.61,30.51,2024.0,8
2024-08-09 04:00:00,5309,22.08,99.9,21.27,88.13,37.5,2024.0,8
2024-08-09 05:00:00,5310,21.86,99.9,20.84,90.3,36.34,2024.0,8
2024-08-09 06:00:00,5311,23.4,99.9,23.27,81.58,34.44,2024.0,8
2024-08-09 07:00:00,5312,29.0,93.36,28.31,64.22,29.94,2024.0,8
2024-08-09 08:00:00,5313,29.37,87.54,30.27,57.18,25.96,2024.0,8
2024-08-09 09:00:00,5314,30.77,76.42,32.76,50.34,39.17,2024.0,8
2024-08-09 10:00:00,5315,30.47,78.12,33.64,49.14,39.65,2024.0,8
2024-08-09 11:00:00,5316,30.75,74.75,32.83,50.23,39.23,2024.0,8
2024-08-09 12:00:00,5317,31.42,69.84,31.15,53.37,34.48,2024.0,8
2024-08-09 13:00:00,5318,32.72,65.44,34.75,46.44,34.93,2024.0,8
2024-08-09 14:00:00,5319,33.08,63.99,33.9,48.48,35.25,2024.0,8
2024-08-09 15:00:00,5320,33.61,60.8,32.6,50.83,36.04,2024.0,8
2024-08-09 16:00:00,5321,32.34,64.36,30.9,55.35,40.73,2024.0,8
2024-08-09 17:00:00,5322,27.94,87.94,27.37,66.16,33.41,2024.0,8
2024-08-09 18:00:00,5323,25.87,98.88,25.5,72.58,33.84,2024.0,8
2024-08-09 19:00:00,5324,24.9,99.9,24.49,76.48,31.73,2024.0,8
2024-08-09 20:00:00,5325,24.3,99.9,23.75,78.94,31.93,2024.0,8
2024-08-09 21:00:00,5326,23.59,99.9,22.93,80.74,33.62,2024.0,8
2024-08-09 22:00:00,5327,22.89,99.9,21.91,83.74,31.14,2024.0,8
2024-08-09 23:00:00,5328,22.48,99.9,20.95,88.13,28.25,2024.0,8
2024-08-10 00:00:00,5329,22.26,99.9,21.39,86.26,32.37,2024.0,8
2024-08-10 01:00:00,5330,22.33,99.9,20.8,88.31,31.91,2024.0,8
2024-08-10 03:00:00,5332,22.95,99.9,21.9,85.32,77.88,2024.0,8
2024-08-10 04:00:00,5333,23.1,99.9,21.73,86.2,66.11,2024.0,8
2024-08-10 05:00:00,5334,22.51,99.9,20.99,88.63,57.55,2024.0,8
2024-08-10 06:00:00,5335,22.6,99.9,21.56,86.87,,2024.0,8
2024-08-10 07:00:00,5336,28.78,90.02,28.66,63.29,,2024.0,8
2024-08-10 08:00:00,5337,29.96,82.42,30.33,57.32,48.7,2024.0,8
2024-08-10 09:00:00,5338,31.48,70.33,33.69,47.61,45.72,2024.0,8
2024-08-10 10:00:00,5339,32.36,66.26,35.34,44.59,34.27,2024.0,8
2024-08-10 11:00:00,5340,32.85,60.38,34.94,43.68,32.34,2024.0,8
2024-08-10 12:00:00,5341,33.36,56.13,32.48,46.79,35.79,2024.0,8
2024-08-10 13:00:00,5342,34.25,54.96,35.85,41.76,39.13,2024.0,8
2024-08-10 14:00:00,5343,34.62,53.34,35.34,41.93,34.85,2024.0,8
2024-08-10 17:00:00,5346,29.83,76.72,28.37,63.42,41.84,2024.0,8
2024-08-10 18:00:00,5347,28.48,94.19,27.1,71.97,42.14,2024.0,8
2024-08-10 19:00:00,5348,26.57,99.9,25.59,78.85,48.54,2024.0,8
2024-08-10 20:00:00,5349,25.37,99.9,24.8,77.94,37.52,2024.0,8
2024-08-10 21:00:00,5350,24.8,99.9,24.11,81.66,43.57,2024.0,8
2024-08-10 22:00:00,5351,24.52,99.9,24.01,82.1,45.33,2024.0,8
2024-08-10 23:00:00,5352,23.98,99.9,23.34,84.36,41.07,2024.0,8
2024-08-11 00:00:00,5353,23.71,99.9,23.15,83.88,32.93,2024.0,8
2024-08-11 01:00:00,5354,23.38,99.9,23.06,82.08,24.1,2024.0,8
2024-08-11 02:00:00,5355,23.32,99.9,22.39,80.08,21.44,2024.0,8
2024-08-11 04:00:00,5357,22.84,99.9,21.91,79.95,24.7,2024.0,8
2024-08-11 05:00:00,5358,22.55,99.9,21.19,82.09,26.45,2024.0,8
2024-08-11 06:00:00,5359,22.57,99.9,21.66,81.78,39.97,2024.0,8
2024-08-11 07:00:00,5360,26.93,93.47,27.31,63.91,51.06,2024.0,8
2024-08-11 08:00:00,5361,30.56,70.69,31.1,50.69,39.29,2024.0,8
2024-08-11 09:00:00,5362,32.93,58.42,34.64,42.74,39.48,2024.0,8
2024-08-11 10:00:00,5363,33.12,55.63,36.2,39.04,39.21,2024.0,8
2024-08-11 11:00:00,5364,33.38,54.11,35.09,40.79,40.72,2024.0,8
2024-08-11 12:00:00,5365,32.77,53.35,31.29,46.47,39.26,2024.0,8
2024-08-11 13:00:00,5366,32.93,51.55,34.58,39.31,37.83,2024.0,8
2024-08-11 14:00:00,5367,33.37,53.12,33.44,43.58,41.22,2024.0,8
2024-08-11 17:00:00,5370,26.76,87.5,26.27,64.67,27.35,2024.0,8
2024-08-11 18:00:00,5371,24.99,93.43,24.65,68.04,25.37,2024.0,8
2024-08-11 19:00:00,5372,23.75,99.54,23.49,73.17,26.49,2024.0,8
2024-08-11 20:00:00,5373,23.15,99.9,22.85,75.09,23.96,2024.0,8
2024-08-11 21:00:00,5374,22.65,99.9,22.38,76.19,22.85,2024.0,8
2024-08-11 22:00:00,5375,22.35,99.9,21.94,75.93,20.82,2024.0,8
2024-08-11 23:00:00,5376,22.0,99.9,21.51,74.76,17.49,2024.0,8
2024-08-12 00:00:00,5377,21.48,99.67,20.74,72.8,16.21,2024.0,8
2024-08-12 01:00:00,5378,21.18,98.78,20.66,70.77,19.48,2024.0,8
2024-08-12 02:00:00,5379,20.81,98.7,20.2,71.07,19.31,2024.0,8
2024-08-12 03:00:00,5380,20.51,98.98,19.65,72.29,17.05,2024.0,8
2024-08-12 04:00:00,5381,20.06,99.65,19.12,73.75,15.73,2024.0,8
2024-08-12 05:00:00,5382,19.65,99.18,18.75,72.85,16.39,2024.0,8
2024-08-12 06:00:00,5383,20.29,98.24,19.71,70.65,28.53,2024.0,8
2024-08-12 07:00:00,5384,24.26,79.74,24.26,55.74,33.38,2024.0,8
2024-08-12 08:00:00,5385,28.98,57.63,28.88,45.46,49.41,2024.0,8
2024-08-12 09:00:00,5386,28.77,56.67,30.45,42.19,47.76,2024.0,8
2024-08-12 10:00:00,5387,29.54,55.91,32.53,39.4,45.0,2024.0,8
2024-08-12 11:00:00,5388,31.29,54.08,33.19,39.99,43.66,2024.0,8
2024-08-12 12:00:00,5389,33.63,51.35,32.05,44.28,46.22,2024.0,8
2024-08-12 13:00:00,5390,34.4,48.44,34.88,38.74,46.38,2024.0,8
2024-08-12 14:00:00,5391,31.22,55.84,30.16,49.0,47.07,2024.0,8
2024-08-12 15:00:00,5392,31.33,57.99,29.88,51.44,47.43,2024.0,8
2024-08-12 16:00:00,5393,29.84,62.07,28.49,54.89,44.7,2024.0,8
2024-08-12 17:00:00,5394,27.48,73.7,26.7,59.82,43.69,2024.0,8
2024-08-12 18:00:00,5395,25.14,90.71,24.69,66.6,33.69,2024.0,8
2024-08-12 19:00:00,5396,24.01,95.65,23.7,69.71,34.41,2024.0,8
2024-08-12 20:00:00,5397,23.32,99.13,22.96,72.52,35.2,2024.0,8
2024-08-12 21:00:00,5398,22.74,99.9,22.01,76.26,35.44,2024.0,8
2024-08-12 22:00:00,5399,22.09,99.9,21.23,79.75,38.98,2024.0,8
2024-08-12 23:00:00,5400,21.5,99.9,20.6,83.03,40.71,2024.0,8
2024-08-13 00:00:00,5401,21.05,99.9,20.13,85.13,42.6,2024.0,8
2024-08-13 01:00:00,5402,20.73,99.9,19.6,85.91,36.31,2024.0,8
2024-08-13 02:00:00,5403,20.43,99.9,19.25,85.95,32.3,2024.0,8
2024-08-13 03:00:00,5404,20.28,99.9,18.98,87.36,41.34,2024.0,8
2024-08-13 04:00:00,5405,19.86,99.9,18.52,89.19,49.09,2024.0,8
2024-08-13 05:00:00,5406,19.57,99.9,18.15,92.0,71.71,2024.0,8
2024-08-13 06:00:00,5407,20.61,99.9,20.01,85.77,,2024.0,8
2024-08-13 07:00:00,5408,26.97,89.61,26.58,62.55,,2024.0,8
2024-08-13 08:00:00,5409,29.83,69.29,29.3,53.5,,2024.0,8
2024-08-13 09:00:00,5410,30.34,64.28,32.41,45.5,,2024.0,8
2024-08-13 10:00:00,5411,30.74,59.38,34.07,40.88,67.57,2024.0,8
2024-08-13 11:00:00,5412,32.3,49.16,34.42,35.78,46.86,2024.0,8
2024-08-13 12:00:00,5413,34.0,44.63,32.75,37.82,40.0,2024.0,8
2024-08-13 13:00:00,5414,34.86,43.33,36.14,33.47,38.97,2024.0,8
2024-08-13 14:00:00,5415,33.91,45.4,34.35,36.62,34.9,2024.0,8
2024-08-13 15:00:00,5416,32.83,49.78,31.79,43.55,36.5,2024.0,8
2024-08-13 16:00:00,5417,30.84,57.1,29.84,50.63,45.24,2024.0,8
2024-08-13 17:00:00,5418,29.57,65.9,28.29,57.52,59.38,2024.0,8
2024-08-13 20:00:00,5421,24.12,99.9,23.76,75.43,49.87,2024.0,8
2024-08-13 21:00:00,5422,23.37,99.9,22.81,79.51,45.61,2024.0,8
2024-08-13 22:00:00,5423,22.72,99.9,21.99,81.94,38.28,2024.0,8
2024-08-14 02:00:00,5427,20.95,99.9,19.51,88.56,41.85,2024.0,8
2024-08-14 03:00:00,5428,20.64,99.9,19.41,88.82,58.58,2024.0,8
2024-08-14 04:00:00,5429,20.27,99.9,18.86,92.48,,2024.0,8
2024-08-14 05:00:00,5430,20.09,99.9,18.52,93.76,,2024.0,8
2024-08-14 06:00:00,5431,21.36,99.9,20.88,84.29,,2024.0,8
2024-08-14 07:00:00,5432,25.65,94.06,25.56,63.3,55.45,2024.0,8
2024-08-14 08:00:00,5433,29.57,72.5,30.17,51.22,71.81,2024.0,8
2024-08-14 09:00:00,5434,31.08,63.3,32.59,46.23,64.59,2024.0,8
2024-08-14 10:00:00,5435,30.12,65.83,33.55,44.26,46.79,2024.0,8
2024-08-14 11:00:00,5436,30.97,61.89,33.18,44.26,39.5,2024.0,8
2024-08-14 12:00:00,5437,32.49,55.83,31.97,45.8,36.57,2024.0,8
2024-08-14 13:00:00,5438,33.91,53.15,35.47,40.18,39.08,2024.0,8
2024-08-14 15:00:00,5440,33.94,51.63,32.71,44.81,32.47,2024.0,8
2024-08-14 16:00:00,5441,30.85,57.51,29.9,50.28,30.9,2024.0,8
2024-08-14 17:00:00,5442,29.87,66.14,28.36,57.77,44.21,2024.0,8
2024-08-14 18:00:00,5443,26.18,90.95,25.66,67.34,34.66,2024.0,8
2024-08-14 19:00:00,5444,24.59,99.4,24.2,73.71,31.84,2024.0,8
2024-08-14 20:00:00,5445,23.5,99.9,23.13,73.41,25.75,2024.0,8
2024-08-14 21:00:00,5446,22.93,99.9,22.41,73.9,24.0,2024.0,8
2024-08-14 22:00:00,5447,22.48,99.9,21.86,76.09,24.08,2024.0,8
2024-08-14 23:00:00,5448,22.14,99.9,21.3,77.14,29.18,2024.0,8
2024-08-15 00:00:00,5449,21.9,99.9,21.11,74.49,27.14,2024.0,8
2024-08-15 01:00:00,5450,21.49,99.9,20.08,76.03,24.64,2024.0,8
2024-08-15 03:00:00,5452,20.48,99.9,19.37,81.47,29.64,2024.0,8
2024-08-15 04:00:00,5453,20.37,99.9,19.08,83.92,47.57,2024.0,8
2024-08-15 05:00:00,5454,20.23,99.9,18.8,89.6,75.82,2024.0,8
2024-08-15 06:00:00,5455,21.44,99.85,21.12,77.73,54.44,2024.0,8
2024-08-15 07:00:00,5456,26.95,86.74,26.58,60.41,55.5,2024.0,8
2024-08-15 08:00:00,5457,31.02,63.48,30.86,49.09,54.71,2024.0,8
2024-08-15 09:00:00,5458,30.54,59.58,32.65,43.74,37.87,2024.0,8
2024-08-15 10:00:00,5459,30.87,59.59,34.58,40.9,38.79,2024.0,8
2024-08-15 11:00:00,5460,32.83,55.21,34.93,40.41,36.21,2024.0,8
2024-08-15 12:00:00,5461,34.37,50.9,32.45,44.71,32.14,2024.0,8
2024-08-15 13:00:00,5462,35.77,47.33,37.06,36.66,31.81,2024.0,8
2024-08-15 14:00:00,5463,35.03,49.42,33.49,43.84,37.46,2024.0,8
2024-08-15 15:00:00,5464,33.98,54.73,31.78,50.52,52.57,2024.0,8
2024-08-15 16:00:00,5465,32.22,61.45,29.63,57.99,53.33,2024.0,8
2024-08-15 19:00:00,5468,24.33,99.9,24.01,75.5,34.31,2024.0,8
2024-08-15 20:00:00,5469,24.05,99.9,23.65,76.84,31.61,2024.0,8
2024-08-15 21:00:00,5470,23.52,99.9,23.18,77.72,28.67,2024.0,8
2024-08-15 22:00:00,5471,23.06,99.9,22.44,80.68,26.98,2024.0,8
2024-08-15 23:00:00,5472,22.51,99.9,21.83,82.59,26.59,2024.0,8
2024-08-16 00:00:00,5473,21.99,99.9,21.3,83.12,25.37,2024.0,8
2024-08-16 01:00:00,5474,21.46,99.9,20.71,80.13,26.98,2024.0,8
2024-08-16 03:00:00,5476,21.07,99.9,19.81,81.46,25.58,2024.0,8
2024-08-16 04:00:00,5477,20.57,99.9,19.68,82.79,26.48,2024.0,8
2024-08-16 05:00:00,5478,20.19,99.9,19.25,83.5,25.92,2024.0,8
2024-08-16 06:00:00,5479,20.47,99.9,19.93,80.84,34.61,2024.0,8
2024-08-16 07:00:00,5480,23.78,96.52,24.32,65.59,36.67,2024.0,8
2024-08-16 08:00:00,5481,31.41,66.91,32.16,47.33,59.34,2024.0,8
2024-08-16 09:00:00,5482,34.85,52.19,35.33,41.33,56.03,2024.0,8
2024-08-16 10:00:00,5483,36.77,48.5,37.93,37.34,60.55,2024.0,8
2024-08-16 11:00:00,5484,37.39,44.1,36.16,38.02,53.23,2024.0,8
2024-08-16 12:00:00,5485,37.29,43.34,34.96,39.17,53.5,2024.0,8
2024-08-16 15:00:00,5488,36.45,48.78,33.88,46.11,64.13,2024.0,8
2024-08-16 16:00:00,5489,34.99,52.54,32.29,50.38,60.82,2024.0,8
2024-08-16 17:00:00,5490,32.57,61.23,29.86,58.66,70.79,2024.0,8
2024-08-16 18:00:00,5491,28.78,79.35,27.53,63.96,55.06,2024.0,8
2024-08-16 19:00:00,5492,26.58,93.91,25.88,69.62,43.13,2024.0,8
2024-08-16 20:00:00,5493,25.79,98.32,24.74,74.01,45.32,2024.0,8
2024-08-16 21:00:00,5494,25.47,98.81,24.6,73.27,47.37,2024.0,8
2024-08-16 23:00:00,5496,25.02,99.84,24.2,74.62,38.58,2024.0,8
2024-08-17 00:00:00,5497,24.58,99.9,23.46,77.76,46.72,2024.0,8
2024-08-17 01:00:00,5498,23.58,99.9,22.53,81.63,50.5,2024.0,8
2024-08-17 02:00:00,5499,23.52,99.9,22.21,83.82,66.21,2024.0,8
2024-08-17 03:00:00,5500,23.1,99.9,21.72,80.64,64.05,2024.0,8
2024-08-17 04:00:00,5501,22.78,99.9,21.52,80.65,69.15,2024.0,8
2024-08-17 05:00:00,5502,22.47,99.9,21.0,82.12,66.98,2024.0,8
2024-08-17 06:00:00,5503,22.88,99.9,21.86,82.05,,2024.0,8
2024-08-17 07:00:00,5504,25.86,98.93,25.44,72.54,,2024.0,8
2024-08-17 08:00:00,5505,30.38,81.46,30.78,56.32,,2024.0,8
2024-08-17 09:00:00,5506,34.11,57.0,33.89,46.1,77.89,2024.0,8
2024-08-17 10:00:00,5507,35.92,49.1,38.64,35.1,59.21,2024.0,8
2024-08-17 14:00:00,5511,34.28,49.07,34.17,41.1,40.2,2024.0,8
2024-08-17 15:00:00,5512,33.61,49.08,32.74,42.55,33.1,2024.0,8
2024-08-17 16:00:00,5513,31.71,54.38,30.52,48.81,37.9,2024.0,8
2024-08-17 17:00:00,5514,29.16,67.93,28.4,57.47,45.97,2024.0,8
2024-08-17 18:00:00,5515,26.88,88.12,26.21,66.06,33.57,2024.0,8
2024-08-17 19:00:00,5516,25.69,98.01,25.1,72.94,42.45,2024.0,8
2024-08-17 21:00:00,5518,24.36,99.9,23.42,79.12,47.88,2024.0,8
2024-08-17 22:00:00,5519,23.91,99.9,23.15,78.31,46.61,2024.0,8
2024-08-17 23:00:00,5520,23.67,99.9,22.55,79.9,46.78,2024.0,8
2024-08-18 00:00:00,5521,23.41,99.9,22.14,82.61,57.02,2024.0,8
2024-08-18 01:00:00,5522,23.01,99.9,21.74,84.87,75.53,2024.0,8
2024-08-18 02:00:00,5523,22.41,99.9,21.17,87.38,76.13,2024.0,8
2024-08-18 03:00:00,5524,22.1,99.9,19.93,92.51,,2024.0,8
2024-08-18 05:00:00,5526,21.4,99.9,19.71,90.45,67.99,2024.0,8
2024-08-18 06:00:00,5527,23.58,99.3,23.5,77.88,,2024.0,8
2024-08-18 07:00:00,5528,32.12,68.93,31.27,52.32,,2024.0,8
2024-08-18 08:00:00,5529,35.56,47.2,34.33,40.04,68.93,2024.0,8
2024-08-18 09:00:00,5530,33.5,47.77,35.87,35.58,47.3,2024.0,8
2024-08-18 10:00:00,5531,35.04,44.33,38.56,31.25,37.21,2024.0,8
2024-08-18 11:00:00,5532,34.55,44.25,36.54,33.48,29.13,2024.0,8
2024-08-18 12:00:00,5533,34.78,44.61,33.8,38.32,23.0,2024.0,8
2024-08-18 13:00:00,5534,35.04,45.24,36.78,34.96,32.34,2024.0,8
2024-08-18 14:00:00,5535,35.16,45.95,35.79,37.1,32.83,2024.0,8
2024-08-18 15:00:00,5536,35.69,45.83,34.27,40.62,33.66,2024.0,8
2024-08-18 16:00:00,5537,32.23,53.79,31.33,47.69,42.53,2024.0,8
2024-08-18 17:00:00,5538,30.96,61.9,29.61,55.34,49.76,2024.0,8
2024-08-18 18:00:00,5539,28.77,86.65,27.73,66.31,43.84,2024.0,8
2024-08-18 19:00:00,5540,26.28,98.67,25.7,72.94,36.99,2024.0,8
2024-08-18 20:00:00,5541,25.38,99.9,24.66,75.21,32.85,2024.0,8
2024-08-18 21:00:00,5542,24.1,99.9,23.36,80.68,31.61,2024.0,8
2024-08-18 22:00:00,5543,23.88,99.9,23.36,79.72,29.86,2024.0,8
2024-08-18 23:00:00,5544,23.42,99.9,22.91,80.88,27.72,2024.0,8
2024-08-19 00:00:00,5545,23.01,99.9,22.24,82.93,25.76,2024.0,8
2024-08-19 01:00:00,5546,22.6,99.9,21.69,84.5,26.51,2024.0,8
2024-08-19 02:00:00,5547,22.04,99.9,21.16,85.92,26.11,2024.0,8
2024-08-19 03:00:00,5548,21.51,99.9,20.82,86.25,24.74,2024.0,8
2024-08-19 04:00:00,5549,21.07,99.9,20.21,88.4,26.96,2024.0,8
2024-08-19 05:00:00,5550,20.99,99.9,20.11,87.88,28.46,2024.0,8
2024-08-19 06:00:00,5551,23.16,99.87,23.05,78.36,48.73,2024.0,8
2024-08-19 07:00:00,5552,30.51,81.34,29.66,59.25,75.46,2024.0,8
2024-08-19 08:00:00,5553,35.54,53.33,35.1,43.44,55.7,2024.0,8
2024-08-19 09:00:00,5554,35.09,50.63,36.31,39.45,50.34,2024.0,8
2024-08-19 10:00:00,5555,33.85,50.36,37.13,36.02,49.07,2024.0,8
2024-08-19 11:00:00,5556,33.98,41.36,36.46,30.17,28.87,2024.0,8
2024-08-19 12:00:00,5557,34.94,39.23,34.07,33.28,31.75,2024.0,8
2024-08-19 13:00:00,5558,35.99,36.9,37.96,27.76,31.17,2024.0,8
2024-08-19 15:00:00,5560,36.62,35.37,34.81,31.53,26.38,2024.0,8
2024-08-19 16:00:00,5561,32.75,45.61,30.88,42.01,36.1,2024.0,8
2024-08-19 17:00:00,5562,30.37,59.34,28.96,53.95,49.55,2024.0,8
2024-08-19 18:00:00,5563,27.9,90.94,26.91,68.28,45.65,2024.0,8
2024-08-19 19:00:00,5564,26.56,97.77,25.68,72.85,48.91,2024.0,8
2024-08-19 20:00:00,5565,25.81,99.35,24.57,75.88,54.54,2024.0,8
2024-08-19 21:00:00,5566,25.46,99.9,24.19,80.31,54.64,2024.0,8
2024-08-19 22:00:00,5567,24.93,99.9,23.74,80.94,52.33,2024.0,8
2024-08-19 23:00:00,5568,23.97,99.9,22.78,83.41,48.84,2024.0,8
2024-08-20 00:00:00,5569,23.38,99.9,22.4,83.77,60.39,2024.0,8
2024-08-20 01:00:00,5570,22.91,99.9,22.1,83.54,65.17,2024.0,8
2024-08-20 02:00:00,5571,23.06,99.9,22.4,80.48,66.64,2024.0,8
2024-08-20 03:00:00,5572,23.24,99.9,21.93,84.84,,2024.0,8
2024-08-20 04:00:00,5573,23.23,99.9,21.95,83.17,69.3,2024.0,8
2024-08-20 05:00:00,5574,21.99,99.9,21.05,85.06,60.59,2024.0,8
2024-08-20 06:00:00,5575,22.3,99.9,22.04,79.87,64.85,2024.0,8
2024-08-20 07:00:00,5576,26.0,96.42,26.21,66.09,52.7,2024.0,8
2024-08-20 08:00:00,5577,29.51,80.7,30.43,54.37,65.78,2024.0,8
2024-08-20 10:00:00,5579,33.79,55.33,36.8,39.92,68.57,2024.0,8
2024-08-20 11:00:00,5580,34.61,50.23,36.4,37.51,59.17,2024.0,8
2024-08-20 12:00:00,5581,35.65,34.36,34.05,29.8,32.9,2024.0,8
2024-08-20 13:00:00,5582,36.2,39.66,37.82,30.51,44.07,2024.0,8
2024-08-20 14:00:00,5583,37.07,35.67,36.81,29.53,38.79,2024.0,8
2024-08-20 15:00:00,5584,37.13,37.29,34.31,35.12,40.55,2024.0,8
2024-08-20 16:00:00,5585,34.57,50.71,31.94,48.37,56.03,2024.0,8
2024-08-20 17:00:00,5586,32.68,62.86,29.66,59.14,75.45,2024.0,8
2024-08-20 18:00:00,5587,29.13,89.85,27.78,68.39,50.16,2024.0,8
2024-08-20 19:00:00,5588,28.09,96.68,26.77,73.89,54.87,2024.0,8
2024-08-20 20:00:00,5589,26.31,99.9,25.38,77.2,59.31,2024.0,8
2024-08-20 21:00:00,5590,25.32,99.9,24.68,76.61,54.15,2024.0,8
2024-08-20 22:00:00,5591,25.26,99.9,24.15,78.31,58.46,2024.0,8
2024-08-20 23:00:00,5592,24.85,99.9,24.06,78.8,59.7,2024.0,8
2024-08-21 00:00:00,5593,23.98,99.9,23.1,81.47,49.2,2024.0,8
2024-08-21 01:00:00,5594,23.41,99.9,22.56,82.87,50.23,2024.0,8
2024-08-21 02:00:00,5595,22.98,99.9,22.34,81.54,51.1,2024.0,8
2024-08-21 03:00:00,5596,22.57,99.9,21.81,83.25,45.81,2024.0,8
2024-08-21 04:00:00,5597,22.57,99.9,21.48,82.63,38.35,2024.0,8
2024-08-21 05:00:00,5598,22.39,99.9,21.48,81.08,39.21,2024.0,8
2024-08-21 06:00:00,5599,22.38,99.9,21.82,79.75,58.19,2024.0,8
2024-08-21 07:00:00,5600,27.73,88.25,27.79,60.97,71.36,2024.0,8
2024-08-21 08:00:00,5601,32.56,65.34,32.84,49.79,,2024.0,8
2024-08-21 09:00:00,5602,34.6,57.11,35.62,44.3,,2024.0,8
2024-08-21 10:00:00,5603,34.09,52.67,37.27,37.5,,2024.0,8
2024-08-21 11:00:00,5604,33.92,47.3,36.17,34.87,49.24,2024.0,8
2024-08-21 12:00:00,5605,34.64,46.91,34.06,39.44,42.93,2024.0,8
2024-08-21 13:00:00,5606,34.73,47.8,36.72,36.41,38.76,2024.0,8
2024-08-21 14:00:00,5607,34.31,50.41,33.88,42.98,40.75,2024.0,8
2024-08-21 15:00:00,5608,32.87,56.68,31.23,51.54,52.79,2024.0,8
2024-08-21 16:00:00,5609,32.54,60.66,30.46,55.66,59.56,2024.0,8
2024-08-21 17:00:00,5610,31.72,70.0,29.25,61.96,67.57,2024.0,8
2024-08-21 18:00:00,5611,28.94,90.26,27.4,69.4,54.06,2024.0,8
2024-08-21 19:00:00,5612,27.46,96.28,26.14,73.12,52.57,2024.0,8
2024-08-21 20:00:00,5613,25.94,99.34,24.96,76.87,48.1,2024.0,8
2024-08-21 21:00:00,5614,25.52,99.9,24.71,78.54,56.16,2024.0,8
2024-08-21 22:00:00,5615,24.9,99.9,24.03,80.6,51.01,2024.0,8
2024-08-21 23:00:00,5616,24.05,99.9,23.12,84.14,59.08,2024.0,8
2024-08-22 00:00:00,5617,23.82,99.9,22.84,83.89,64.48,2024.0,8
2024-08-22 01:00:00,5618,23.81,99.9,23.04,82.63,62.81,2024.0,8
2024-08-22 02:00:00,5619,23.61,99.9,22.46,83.85,59.94,2024.0,8
2024-08-22 03:00:00,5620,23.34,99.9,22.01,85.19,60.85,2024.0,8
2024-08-22 04:00:00,5621,22.94,99.9,21.48,88.46,,2024.0,8
2024-08-22 05:00:00,5622,22.74,99.9,21.45,88.86,,2024.0,8
2024-08-22 06:00:00,5623,22.3,99.9,21.62,86.98,,2024.0,8
2024-08-22 07:00:00,5624,24.75,99.83,24.84,74.77,,2024.0,8
2024-08-22 08:00:00,5625,30.13,86.23,30.17,59.33,,2024.0,8
2024-08-22 09:00:00,5626,34.61,60.97,35.99,44.84,,2024.0,8
2024-08-22 10:00:00,5627,35.46,53.4,38.02,38.9,53.79,2024.0,8
2024-08-22 11:00:00,5628,36.97,49.66,37.72,39.35,59.97,2024.0,8
2024-08-22 12:00:00,5629,34.11,55.85,32.85,49.27,69.69,2024.0,8
2024-08-22 13:00:00,5630,36.56,48.43,37.2,38.89,57.87,2024.0,8
2024-08-22 14:00:00,5631,36.36,54.31,33.71,51.07,,2024.0,8
2024-08-22 15:00:00,5632,33.43,63.79,31.55,57.4,,2024.0,8
2024-08-22 16:00:00,5633,31.63,73.1,29.87,61.94,,2024.0,8
2024-08-22 17:00:00,5634,29.84,87.55,28.84,66.04,51.13,2024.0,8
2024-08-22 18:00:00,5635,28.97,93.68,27.57,71.21,53.06,2024.0,8
2024-08-22 19:00:00,5636,27.24,99.61,26.03,76.84,51.34,2024.0,8
2024-08-22 21:00:00,5638,25.41,99.9,24.49,82.95,69.33,2024.0,8
2024-08-22 22:00:00,5639,25.04,99.9,24.62,82.43,74.33,2024.0,8
2024-08-22 23:00:00,5640,24.76,99.9,24.11,84.05,77.93,2024.0,8
2024-08-23 00:00:00,5641,24.21,99.9,23.19,85.64,60.75,2024.0,8
2024-08-23 01:00:00,5642,23.74,99.9,23.28,82.9,42.49,2024.0,8
2024-08-23 03:00:00,5644,23.23,99.9,22.35,83.28,35.64,2024.0,8
2024-08-23 04:00:00,5645,23.2,99.9,22.45,82.17,47.18,2024.0,8
2024-08-23 05:00:00,5646,22.96,99.9,21.93,83.71,40.47,2024.0,8
2024-08-23 06:00:00,5647,23.04,99.9,22.29,81.43,42.93,2024.0,8
2024-08-23 07:00:00,5648,25.56,98.55,25.51,72.01,70.03,2024.0,8
2024-08-23 08:00:00,5649,31.33,76.32,31.1,55.07,,2024.0,8
2024-08-23 09:00:00,5650,36.07,55.35,36.43,43.48,,2024.0,8
2024-08-23 10:00:00,5651,36.03,53.97,36.72,43.12,,2024.0,8
2024-08-23 11:00:00,5652,34.46,54.58,35.78,42.09,74.1,2024.0,8
2024-08-23 12:00:00,5653,36.97,44.41,34.71,39.93,54.6,2024.0,8
2024-08-23 13:00:00,5654,38.18,42.82,36.96,37.83,62.86,2024.0,8
2024-08-23 14:00:00,5655,35.06,57.28,32.48,54.58,,2024.0,8
2024-08-23 15:00:00,5656,32.83,66.41,31.35,57.91,,2024.0,8
2024-08-23 16:00:00,5657,31.82,68.08,30.06,58.9,,2024.0,8
2024-08-23 17:00:00,5658,30.19,71.67,28.94,59.81,65.47,2024.0,8
2024-08-23 18:00:00,5659,27.69,93.7,26.91,70.26,53.24,2024.0,8
2024-08-23 19:00:00,5660,26.38,99.34,25.91,74.0,56.26,2024.0,8
2024-08-23 20:00:00,5661,26.05,99.9,25.29,76.55,72.01,2024.0,8
2024-08-23 21:00:00,5662,25.61,99.9,24.35,79.18,60.48,2024.0,8
2024-08-23 23:00:00,5664,23.56,99.9,22.87,79.45,34.04,2024.0,8
2024-08-24 00:00:00,5665,22.84,99.9,22.14,80.98,34.97,2024.0,8
2024-08-24 01:00:00,5666,22.25,99.9,21.73,80.9,30.02,2024.0,8
2024-08-24 02:00:00,5667,22.24,99.9,21.58,80.61,31.77,2024.0,8
2024-08-24 03:00:00,5668,21.83,99.9,21.15,81.55,32.0,2024.0,8
2024-08-24 04:00:00,5669,22.14,99.9,21.59,81.51,35.4,2024.0,8
2024-08-24 05:00:00,5670,22.32,99.9,21.41,81.23,38.12,2024.0,8
2024-08-24 06:00:00,5671,22.83,99.9,22.1,78.66,50.41,2024.0,8
2024-08-24 07:00:00,5672,25.57,94.82,25.85,64.89,50.02,2024.0,8
2024-08-24 08:00:00,5673,29.04,80.51,30.41,53.43,70.78,2024.0,8
2024-08-24 09:00:00,5674,32.06,59.66,33.77,44.3,70.9,2024.0,8
2024-08-24 10:00:00,5675,31.57,59.36,35.46,40.25,58.66,2024.0,8
2024-08-24 11:00:00,5676,33.08,48.68,35.17,35.72,45.76,2024.0,8
2024-08-24 12:00:00,5677,33.81,42.11,32.63,36.13,39.17,2024.0,8
2024-08-24 13:00:00,5678,34.1,42.51,35.76,32.63,39.43,2024.0,8
2024-08-24 14:00:00,5679,34.13,44.79,33.74,37.69,42.93,2024.0,8
2024-08-24 15:00:00,5680,33.8,45.88,32.53,40.43,42.03,2024.0,8
2024-08-24 16:00:00,5681,32.38,49.16,30.36,45.52,40.23,2024.0,8
2024-08-24 17:00:00,5682,28.47,61.82,27.49,54.37,38.21,2024.0,8
2024-08-24 18:00:00,5683,26.06,75.7,25.57,59.57,34.42,2024.0,8
2024-08-24 19:00:00,5684,24.66,87.17,24.08,64.66,24.03,2024.0,8
2024-08-24 20:00:00,5685,23.84,90.74,23.23,66.18,25.83,2024.0,8
2024-08-24 21:00:00,5686,23.06,91.58,22.57,66.57,24.56,2024.0,8
2024-08-24 22:00:00,5687,22.55,93.06,22.24,67.35,22.48,2024.0,8
2024-08-24 23:00:00,5688,22.32,94.73,21.86,69.52,21.08,2024.0,8
2024-08-25 00:00:00,5689,21.82,97.33,21.4,71.78,17.56,2024.0,8
2024-08-25 01:00:00,5690,21.74,97.85,21.22,72.37,17.26,2024.0,8
2024-08-25 02:00:00,5691,21.66,98.32,20.89,73.76,19.05,2024.0,8
2024-08-25 03:00:00,5692,21.24,99.9,20.14,77.05,37.68,2024.0,8
2024-08-25 04:00:00,5693,20.38,99.9,18.99,80.82,67.28,2024.0,8
2024-08-25 05:00:00,5694,19.99,99.9,18.76,82.75,59.28,2024.0,8
2024-08-25 06:00:00,5695,21.86,98.37,22.15,72.09,,2024.0,8
2024-08-25 07:00:00,5696,30.38,66.25,30.03,50.03,,2024.0,8
2024-08-25 08:00:00,5697,30.93,60.74,31.12,49.3,46.2,2024.0,8
2024-08-25 09:00:00,5698,29.52,68.57,31.61,49.19,31.9,2024.0,8
2024-08-25 10:00:00,5699,29.34,67.23,33.09,44.75,32.1,2024.0,8
2024-08-25 11:00:00,5700,30.37,57.08,32.38,42.63,32.31,2024.0,8
2024-08-25 12:00:00,5701,31.25,56.09,30.95,46.79,35.17,2024.0,8
2024-08-25 13:00:00,5702,31.93,55.03,33.66,42.19,37.43,2024.0,8
2024-08-25 14:00:00,5703,32.77,52.7,32.47,44.04,36.93,2024.0,8
2024-08-25 15:00:00,5704,33.17,52.36,31.78,46.38,39.03,2024.0,8
2024-08-25 16:00:00,5705,30.53,62.29,29.21,54.58,44.48,2024.0,8
2024-08-25 17:00:00,5706,27.39,82.62,26.82,62.68,40.54,2024.0,8
2024-08-25 18:00:00,5707,25.52,92.97,25.06,68.28,28.59,2024.0,8
2024-08-25 19:00:00,5708,24.62,95.57,24.39,69.56,24.93,2024.0,8
2024-08-25 20:00:00,5709,24.14,97.66,23.54,72.82,28.97,2024.0,8
2024-08-25 21:00:00,5710,23.39,99.79,22.61,76.9,30.96,2024.0,8
2024-08-25 22:00:00,5711,22.66,99.9,21.9,80.17,31.47,2024.0,8
2024-08-25 23:00:00,5712,22.54,99.9,21.42,82.26,39.46,2024.0,8
2024-08-26 00:00:00,5713,22.43,99.9,21.35,81.56,38.17,2024.0,8
2024-08-26 01:00:00,5714,22.07,99.9,20.81,83.75,33.63,2024.0,8
2024-08-26 02:00:00,5715,21.83,99.9,20.55,85.5,50.27,2024.0,8
2024-08-26 03:00:00,5716,21.54,99.9,20.07,86.44,74.91,2024.0,8
2024-08-26 04:00:00,5717,21.14,99.9,19.77,87.47,73.7,2024.0,8
2024-08-26 05:00:00,5718,20.91,99.9,19.62,88.22,,2024.0,8
2024-08-26 06:00:00,5719,22.34,99.82,22.56,78.05,,2024.0,8
2024-08-26 07:00:00,5720,29.6,80.36,29.03,58.47,78.31,2024.0,8
2024-08-26 08:00:00,5721,30.73,71.85,31.26,53.41,63.63,2024.0,8
2024-08-26 10:00:00,5723,31.0,65.49,34.52,44.12,36.87,2024.0,8
2024-08-26 11:00:00,5724,31.82,58.54,33.96,43.21,36.48,2024.0,8
2024-08-26 12:00:00,5725,31.79,57.34,31.48,47.6,35.21,2024.0,8
2024-08-26 14:00:00,5727,33.26,53.58,33.04,44.47,31.43,2024.0,8
2024-08-26 15:00:00,5728,33.69,52.77,32.4,46.17,31.07,2024.0,8
2024-08-26 17:00:00,5730,28.91,77.32,27.93,61.79,37.63,2024.0,8
2024-08-26 18:00:00,5731,26.79,92.04,26.26,67.62,33.57,2024.0,8
2024-08-26 19:00:00,5732,25.77,96.48,25.3,71.27,33.32,2024.0,8
2024-08-26 20:00:00,5733,25.01,99.63,24.36,74.73,31.81,2024.0,8
2024-08-26 21:00:00,5734,24.07,99.9,23.54,77.84,32.27,2024.0,8
2024-08-26 22:00:00,5735,23.74,99.9,23.07,79.14,31.05,2024.0,8
2024-08-26 23:00:00,5736,23.19,99.9,22.4,81.98,30.44,2024.0,8
2024-08-27 00:00:00,5737,22.92,99.9,21.98,82.98,34.1,2024.0,8
2024-08-27 01:00:00,5738,22.72,99.9,21.73,83.19,40.73,2024.0,8
2024-08-27 02:00:00,5739,22.23,99.9,21.31,82.41,34.79,2024.0,8
2024-08-27 03:00:00,5740,21.33,99.9,20.5,83.0,26.43,2024.0,8
2024-08-27 04:00:00,5741,20.96,99.9,20.27,83.29,24.54,2024.0,8
2024-08-27 05:00:00,5742,20.9,99.9,20.13,83.91,30.64,2024.0,8
2024-08-27 06:00:00,5743,22.03,99.9,22.18,76.83,32.03,2024.0,8
2024-08-27 07:00:00,5744,25.74,92.73,26.42,62.52,33.18,2024.0,8
2024-08-27 08:00:00,5745,28.89,73.26,30.49,50.3,37.41,2024.0,8
2024-08-27 09:00:00,5746,29.72,66.69,32.22,46.13,32.27,2024.0,8
2024-08-27 10:00:00,5747,29.77,65.74,32.95,44.81,26.66,2024.0,8
2024-08-27 11:00:00,5748,30.82,58.89,32.8,43.23,29.63,2024.0,8
2024-08-27 12:00:00,5749,31.26,54.77,30.98,45.08,28.1,2024.0,8
2024-08-27 13:00:00,5750,31.93,52.96,33.49,40.37,26.55,2024.0,8
2024-08-27 14:00:00,5751,33.31,50.16,32.97,41.6,26.25,2024.0,8
2024-08-27 15:00:00,5752,32.48,51.26,31.1,45.23,23.86,2024.0,8
2024-08-27 17:00:00,5754,27.35,70.27,26.1,59.3,31.22,2024.0,8
2024-08-27 18:00:00,5755,25.56,76.63,25.08,59.32,34.78,2024.0,8
2024-08-27 19:00:00,5756,24.84,75.28,24.3,58.82,32.54,2024.0,8
2024-08-27 20:00:00,5757,24.01,80.55,22.96,62.85,25.21,2024.0,8
2024-08-27 22:00:00,5759,22.84,91.14,22.42,66.37,17.73,2024.0,8
2024-08-27 23:00:00,5760,22.24,95.77,21.48,72.13,15.55,2024.0,8
2024-08-28 01:00:00,5762,21.43,99.39,20.76,74.81,18.19,2024.0,8
2024-08-28 02:00:00,5763,21.37,98.98,20.12,76.6,31.58,2024.0,8
2024-08-28 03:00:00,5764,20.14,99.9,18.76,81.94,52.22,2024.0,8
2024-08-28 04:00:00,5765,19.83,99.9,18.57,82.57,64.56,2024.0,8
2024-08-28 05:00:00,5766,19.51,99.9,17.96,84.94,,2024.0,8
2024-08-28 07:00:00,5768,28.0,76.62,28.65,53.23,,2024.0,8
2024-08-28 08:00:00,5769,30.87,55.97,29.47,49.06,67.07,2024.0,8
2024-08-28 09:00:00,5770,30.44,56.62,32.62,42.51,45.62,2024.0,8
2024-08-28 10:00:00,5771,31.99,50.33,35.72,35.16,35.63,2024.0,8
2024-08-28 11:00:00,5772,32.1,46.31,33.85,35.16,25.5,2024.0,8
2024-08-28 12:00:00,5773,32.56,44.07,32.45,36.29,27.43,2024.0,8
2024-08-28 13:00:00,5774,33.37,39.98,35.04,30.41,23.25,2024.0,8
2024-08-28 14:00:00,5775,34.58,34.88,34.09,29.0,19.29,2024.0,8
2024-08-28 15:00:00,5776,34.9,37.29,33.05,33.57,26.62,2024.0,8
2024-08-28 16:00:00,5777,31.56,45.65,30.69,40.2,31.24,2024.0,8
2024-08-28 17:00:00,5778,29.07,59.07,28.21,52.24,50.77,2024.0,8
2024-08-28 18:00:00,5779,27.01,72.54,26.45,57.98,48.59,2024.0,8
2024-08-28 20:00:00,5781,25.57,85.11,24.92,63.48,28.57,2024.0,8
2024-08-28 21:00:00,5782,24.9,91.51,24.23,67.43,30.57,2024.0,8
2024-08-28 23:00:00,5784,23.46,98.02,22.29,75.58,26.16,2024.0,8
2024-08-29 00:00:00,5785,23.08,99.86,22.49,75.42,25.55,2024.0,8
2024-08-29 01:00:00,5786,22.99,99.9,22.25,76.21,24.21,2024.0,8
2024-08-29 02:00:00,5787,22.51,99.9,21.79,78.54,27.79,2024.0,8
2024-08-29 03:00:00,5788,22.28,99.9,21.46,80.29,35.67,2024.0,8
2024-08-29 04:00:00,5789,22.32,99.9,21.32,79.65,33.55,2024.0,8
2024-08-29 05:00:00,5790,22.6,99.9,21.43,80.52,49.79,2024.0,8
2024-08-29 06:00:00,5791,22.76,99.9,21.75,80.4,,2024.0,8
2024-08-29 07:00:00,5792,25.5,94.9,25.27,67.76,75.48,2024.0,8
2024-08-29 08:00:00,5793,30.88,68.23,32.23,48.45,57.48,2024.0,8
2024-08-29 09:00:00,5794,31.13,63.01,33.6,45.41,45.55,2024.0,8
2024-08-29 10:00:00,5795,31.01,59.43,34.48,41.57,40.0,2024.0,8
2024-08-29 11:00:00,5796,32.32,53.39,34.49,39.5,37.66,2024.0,8
2024-08-29 12:00:00,5797,32.5,51.61,32.63,42.13,32.86,2024.0,8
2024-08-29 13:00:00,5798,32.57,50.61,33.09,40.87,34.67,2024.0,8
2024-08-29 14:00:00,5799,31.87,53.23,31.54,45.15,32.17,2024.0,8
2024-08-29 15:00:00,5800,29.77,60.05,29.63,50.85,30.67,2024.0,8
2024-08-29 16:00:00,5801,28.3,63.66,28.18,52.77,33.38,2024.0,8
2024-08-29 17:00:00,5802,27.02,63.77,26.93,52.7,31.86,2024.0,8
2024-08-29 18:00:00,5803,25.99,62.22,25.85,51.97,31.23,2024.0,8
2024-08-29 19:00:00,5804,25.19,58.69,24.98,49.65,20.93,2024.0,8
2024-08-29 20:00:00,5805,24.58,62.91,24.22,53.0,27.32,2024.0,8
2024-08-29 21:00:00,5806,24.29,67.35,23.86,55.42,31.07,2024.0,8
2024-08-29 22:00:00,5807,23.9,70.37,23.45,56.63,37.14,2024.0,8
2024-08-30 00:00:00,5809,23.27,72.75,22.44,58.69,35.69,2024.0,8
2024-08-30 01:00:00,5810,22.98,77.91,22.19,61.14,30.66,2024.0,8
2024-08-30 02:00:00,5811,22.82,82.68,21.96,63.49,33.45,2024.0,8
2024-08-30 03:00:00,5812,22.46,90.55,21.25,69.01,53.99,2024.0,8
2024-08-30 04:00:00,5813,22.03,91.8,20.83,69.74,57.87,2024.0,8
2024-08-30 05:00:00,5814,21.6,93.32,20.26,71.81,57.11,2024.0,8
2024-08-30 06:00:00,5815,23.19,82.72,22.98,60.97,48.78,2024.0,8
2024-08-30 07:00:00,5816,27.51,63.21,28.17,49.26,33.0,2024.0,8
2024-08-30 08:00:00,5817,29.81,54.94,31.56,41.33,31.59,2024.0,8
2024-08-30 09:00:00,5818,30.9,50.01,33.25,37.08,33.41,2024.0,8
2024-08-30 10:00:00,5819,31.35,46.48,34.44,33.56,30.07,2024.0,8
2024-08-30 11:00:00,5820,32.36,43.3,34.3,32.63,30.13,2024.0,8
2024-08-30 12:00:00,5821,33.44,40.16,32.84,33.92,27.41,2024.0,8
2024-08-30 13:00:00,5822,34.62,38.69,35.78,30.3,28.66,2024.0,8
2024-08-30 14:00:00,5823,35.14,38.74,33.66,34.29,28.97,2024.0,8
2024-08-30 15:00:00,5824,32.09,46.95,31.06,41.7,33.22,2024.0,8
2024-08-30 16:00:00,5825,30.65,52.48,30.13,45.92,37.04,2024.0,8
2024-08-30 17:00:00,5826,29.11,61.36,28.44,53.29,41.41,2024.0,8
2024-08-30 18:00:00,5827,27.1,70.47,26.78,56.53,39.03,2024.0,8
2024-08-30 19:00:00,5828,25.97,65.46,25.7,53.72,33.04,2024.0,8
2024-08-30 20:00:00,5829,25.25,55.47,24.91,47.07,30.07,2024.0,8
2024-08-30 21:00:00,5830,24.83,56.33,24.37,48.55,33.31,2024.0,8
2024-08-30 22:00:00,5831,24.51,56.04,24.03,48.36,28.57,2024.0,8
2024-08-30 23:00:00,5832,23.81,63.74,22.99,54.62,31.68,2024.0,8
2024-08-31 00:00:00,5833,23.05,69.55,22.31,57.26,31.21,2024.0,8
2024-08-31 01:00:00,5834,22.32,80.38,21.33,63.39,24.92,2024.0,8
2024-08-31 02:00:00,5835,21.69,87.56,20.76,66.4,25.99,2024.0,8
2024-08-31 03:00:00,5836,21.17,91.79,20.27,69.34,27.65,2024.0,8
2024-08-31 04:00:00,5837,21.06,93.09,19.97,71.28,28.46,2024.0,8
2024-08-31 05:00:00,5838,20.86,94.92,19.63,73.69,32.48,2024.0,8
2024-08-31 06:00:00,5839,23.97,87.81,23.66,64.13,,2024.0,8
2024-08-31 07:00:00,5840,30.07,57.33,29.13,48.81,65.28,2024.0,8
2024-08-31 08:00:00,5841,31.53,53.64,33.13,41.28,47.93,2024.0,8
2024-08-31 09:00:00,5842,34.86,42.56,37.03,32.02,37.83,2024.0,8
2024-08-31 10:00:00,5843,33.87,41.99,37.28,30.2,32.9,2024.0,8
2024-08-31 11:00:00,5844,34.4,43.61,35.99,33.91,36.34,2024.0,8
2024-08-31 12:00:00,5845,36.1,41.91,34.37,37.44,39.86,2024.0,8
2024-08-31 13:00:00,5846,37.87,39.96,37.54,33.68,40.41,2024.0,8
2024-08-31 14:00:00,5847,35.11,48.42,32.87,45.45,55.41,2024.0,8
2024-08-31 15:00:00,5848,32.88,55.22,31.92,49.29,48.03,2024.0,8
2024-08-31 16:00:00,5849,31.35,63.76,30.33,55.39,53.86,2024.0,8
2024-08-31 17:00:00,5850,29.65,80.4,28.88,62.19,41.23,2024.0,8
2024-08-31 18:00:00,5851,28.81,88.84,27.94,66.64,48.01,2024.0,8
2024-08-31 20:00:00,5853,27.24,96.7,26.08,74.5,40.61,2024.0,8
2024-08-31 21:00:00,5854,26.8,98.51,25.7,76.09,42.7,2024.0,8
2024-08-31 22:00:00,5855,26.47,99.61,25.33,77.32,41.91,2024.0,8
2024-08-31 23:00:00,5856,25.58,99.9,24.6,80.45,48.01,2024.0,8
2024-09-01 02:00:00,5859,24.79,99.9,23.67,81.06,44.74,2024.0,9
2024-09-01 03:00:00,5860,23.89,99.9,22.94,85.58,47.57,2024.0,9
2024-09-01 04:00:00,5861,23.35,99.9,22.52,87.75,44.08,2024.0,9
2024-09-01 05:00:00,5862,23.02,99.9,22.31,87.77,39.41,2024.0,9
2024-09-01 06:00:00,5863,24.37,99.81,24.4,78.73,42.33,2024.0,9
2024-09-01 07:00:00,5864,32.01,76.5,32.14,54.51,40.35,2024.0,9
2024-09-01 08:00:00,5865,35.0,58.46,34.42,48.91,55.47,2024.0,9
2024-09-01 09:00:00,5866,35.22,55.34,36.72,42.68,52.36,2024.0,9
2024-09-01 10:00:00,5867,34.52,54.25,37.36,39.83,43.93,2024.0,9
2024-09-01 11:00:00,5868,35.71,52.27,36.25,42.39,42.45,2024.0,9
2024-09-01 12:00:00,5869,36.57,49.27,35.21,43.22,43.14,2024.0,9
2024-09-01 13:00:00,5870,37.29,45.27,37.08,37.96,42.53,2024.0,9
2024-09-01 15:00:00,5872,33.9,55.7,32.22,51.35,44.85,2024.0,9
2024-09-01 16:00:00,5873,32.94,62.44,31.49,56.11,68.76,2024.0,9
2024-09-01 17:00:00,5874,31.11,77.21,29.81,62.57,53.53,2024.0,9
2024-09-01 18:00:00,5875,29.85,89.27,28.78,66.65,48.26,2024.0,9
2024-09-01 19:00:00,5876,28.69,93.66,27.63,70.71,39.26,2024.0,9
2024-09-01 20:00:00,5877,26.87,98.66,25.94,75.18,39.55,2024.0,9
2024-09-01 23:00:00,5880,25.62,99.9,25.03,77.91,35.0,2024.0,9
2024-09-02 00:00:00,5881,25.37,99.9,24.59,79.28,32.85,2024.0,9
2024-09-02 01:00:00,5882,24.57,99.9,23.77,81.42,29.23,2024.0,9
2024-09-02 02:00:00,5883,24.15,99.9,23.5,82.03,26.36,2024.0,9
2024-09-02 03:00:00,5884,23.99,99.9,23.26,82.74,27.54,2024.0,9
2024-09-02 04:00:00,5885,24.1,99.9,23.59,81.5,28.97,2024.0,9
2024-09-02 05:00:00,5886,24.32,99.9,22.97,84.65,49.58,2024.0,9
2024-09-02 06:00:00,5887,24.97,99.9,24.6,78.7,46.75,2024.0,9
2024-09-02 07:00:00,5888,29.55,89.71,30.28,61.02,41.33,2024.0,9
2024-09-02 08:00:00,5889,35.41,60.33,35.81,47.19,55.21,2024.0,9
2024-09-02 09:00:00,5890,34.94,56.91,36.86,43.19,52.07,2024.0,9
2024-09-02 10:00:00,5891,35.01,54.14,38.23,38.87,52.24,2024.0,9
2024-09-02 11:00:00,5892,35.54,50.09,37.15,38.37,45.97,2024.0,9
2024-09-02 12:00:00,5893,37.17,43.43,35.88,37.84,42.63,2024.0,9
2024-09-02 13:00:00,5894,37.18,48.9,35.53,44.4,56.45,2024.0,9
2024-09-02 14:00:00,5895,36.53,53.24,34.16,50.09,66.31,2024.0,9
2024-09-02 15:00:00,5896,33.36,64.3,32.42,55.52,65.3,2024.0,9
2024-09-02 16:00:00,5897,34.14,63.28,32.21,56.57,59.19,2024.0,9
2024-09-02 17:00:00,5898,29.34,89.97,28.74,66.61,42.66,2024.0,9
2024-09-02 18:00:00,5899,27.74,95.77,27.38,70.61,47.22,2024.0,9
2024-09-02 19:00:00,5900,27.69,99.52,27.12,74.9,48.5,2024.0,9
2024-09-02 22:00:00,5903,24.79,99.9,23.49,79.68,39.4,2024.0,9
2024-09-02 23:00:00,5904,23.68,99.9,22.88,80.82,34.24,2024.0,9
2024-09-03 00:00:00,5905,22.89,99.9,22.11,82.12,33.01,2024.0,9
2024-09-03 01:00:00,5906,22.49,99.9,21.76,82.63,32.81,2024.0,9
2024-09-03 02:00:00,5907,22.34,99.9,21.37,83.37,37.54,2024.0,9
2024-09-03 03:00:00,5908,22.22,99.9,21.03,85.0,42.67,2024.0,9
2024-09-03 04:00:00,5909,21.96,99.9,20.73,85.44,44.89,2024.0,9
2024-09-03 05:00:00,5910,21.38,99.9,20.12,87.83,58.65,2024.0,9
2024-09-03 06:00:00,5911,24.09,96.34,24.76,70.5,73.54,2024.0,9
2024-09-03 07:00:00,5912,33.22,60.15,33.13,46.92,72.07,2024.0,9
2024-09-03 08:00:00,5913,35.84,50.02,35.18,42.11,63.75,2024.0,9
2024-09-03 09:00:00,5914,36.89,45.84,38.46,35.42,51.28,2024.0,9
2024-09-03 10:00:00,5915,36.19,45.61,39.29,33.35,49.48,2024.0,9
2024-09-03 13:00:00,5918,35.45,42.64,35.91,35.16,42.87,2024.0,9
2024-09-03 14:00:00,5919,35.46,44.96,34.11,40.18,47.14,2024.0,9
2024-09-03 15:00:00,5920,35.6,48.09,33.46,44.96,52.27,2024.0,9
2024-09-03 16:00:00,5921,33.26,56.41,31.32,53.01,59.04,2024.0,9
2024-09-03 17:00:00,5922,31.23,71.17,29.77,60.02,,2024.0,9
2024-09-03 18:00:00,5923,29.09,81.69,27.92,63.48,44.2,2024.0,9
2024-09-03 19:00:00,5924,26.89,87.2,26.04,65.26,25.28,2024.0,9
2024-09-03 20:00:00,5925,25.55,91.55,24.85,67.52,23.27,2024.0,9
2024-09-03 21:00:00,5926,24.5,94.44,23.97,70.03,23.33,2024.0,9
2024-09-03 22:00:00,5927,23.57,97.12,23.25,71.74,20.68,2024.0,9
2024-09-03 23:00:00,5928,23.36,97.06,22.98,71.66,17.05,2024.0,9
2024-09-04 00:00:00,5929,22.81,98.7,22.24,74.05,16.96,2024.0,9
2024-09-04 01:00:00,5930,22.46,99.77,21.65,76.48,19.82,2024.0,9
2024-09-04 02:00:00,5931,22.04,99.9,20.92,79.39,25.0,2024.0,9
2024-09-04 03:00:00,5932,21.87,99.9,20.59,80.74,31.74,2024.0,9
2024-09-04 04:00:00,5933,21.8,99.9,20.55,80.75,33.98,2024.0,9
2024-09-04 06:00:00,5935,23.59,98.43,23.81,73.4,,2024.0,9
2024-09-04 07:00:00,5936,30.21,70.34,30.17,52.5,71.28,2024.0,9
2024-09-04 08:00:00,5937,31.03,63.0,31.56,49.94,60.92,2024.0,9
2024-09-04 10:00:00,5939,31.2,58.76,34.74,41.28,39.13,2024.0,9
2024-09-04 11:00:00,5940,32.14,53.98,34.09,40.79,40.07,2024.0,9
2024-09-04 12:00:00,5941,33.2,52.17,32.53,44.48,41.4,2024.0,9
2024-09-04 13:00:00,5942,33.0,52.21,34.16,41.25,38.93,2024.0,9
2024-09-04 14:00:00,5943,34.38,48.75,33.48,42.0,36.57,2024.0,9
2024-09-04 15:00:00,5944,33.98,47.98,32.94,42.06,36.2,2024.0,9
2024-09-04 16:00:00,5945,31.83,53.31,31.18,46.73,44.41,2024.0,9
2024-09-04 17:00:00,5946,31.16,66.83,29.47,58.69,61.9,2024.0,9
2024-09-04 18:00:00,5947,28.83,85.14,27.77,65.46,42.12,2024.0,9
2024-09-04 19:00:00,5948,27.04,96.34,26.44,72.19,39.0,2024.0,9
2024-09-04 20:00:00,5949,26.27,99.18,25.35,75.83,47.62,2024.0,9
2024-09-04 21:00:00,5950,25.25,99.9,24.83,75.94,34.33,2024.0,9
2024-09-04 23:00:00,5952,24.26,99.9,23.73,79.68,29.55,2024.0,9
2024-09-05 00:00:00,5953,23.67,99.9,23.26,81.26,30.54,2024.0,9
2024-09-05 01:00:00,5954,23.36,99.9,22.87,82.44,26.93,2024.0,9
2024-09-05 02:00:00,5955,22.92,99.9,22.47,83.94,28.14,2024.0,9
2024-09-05 03:00:00,5956,22.68,99.9,22.19,85.4,33.84,2024.0,9
2024-09-05 04:00:00,5957,22.57,99.9,22.04,86.31,34.31,2024.0,9
2024-09-05 05:00:00,5958,22.42,99.9,21.78,87.67,64.63,2024.0,9
2024-09-05 06:00:00,5959,23.12,99.9,23.11,83.4,,2024.0,9
2024-09-05 07:00:00,5960,26.07,98.89,26.97,70.65,56.04,2024.0,9
2024-09-05 08:00:00,5961,30.61,84.82,31.95,55.33,35.76,2024.0,9
2024-09-05 09:00:00,5962,30.9,81.76,33.69,51.34,21.44,2024.0,9
2024-09-05 10:00:00,5963,31.26,79.19,34.84,48.7,30.35,2024.0,9
2024-09-05 11:00:00,5964,32.18,69.1,34.06,48.53,35.54,2024.0,9
2024-09-05 12:00:00,5965,33.18,62.56,32.8,51.16,34.97,2024.0,9
2024-09-05 14:00:00,5967,31.47,73.18,31.4,56.3,40.72,2024.0,9
2024-09-05 15:00:00,5968,31.46,80.66,30.57,61.75,42.52,2024.0,9
2024-09-05 16:00:00,5969,31.84,76.4,29.38,64.21,42.43,2024.0,9
2024-09-05 17:00:00,5970,28.4,91.25,27.49,68.09,31.11,2024.0,9
2024-09-05 18:00:00,5971,26.62,95.82,26.41,70.15,24.79,2024.0,9
2024-09-05 19:00:00,5972,25.97,98.49,25.75,72.59,25.51,2024.0,9
2024-09-05 20:00:00,5973,25.2,99.9,25.04,75.2,24.93,2024.0,9
2024-09-05 23:00:00,5976,23.69,99.9,22.45,86.81,27.28,2024.0,9
2024-09-06 02:00:00,5979,22.73,99.9,22.12,87.59,46.33,2024.0,9
2024-09-06 03:00:00,5980,22.38,99.9,21.86,88.11,39.72,2024.0,9
2024-09-06 04:00:00,5981,22.4,99.9,22.06,87.1,50.32,2024.0,9
2024-09-06 05:00:00,5982,22.6,99.9,22.35,85.96,50.52,2024.0,9
2024-09-06 07:00:00,5984,29.83,84.46,30.87,55.92,25.27,2024.0,9
2024-09-06 08:00:00,5985,31.37,70.02,33.09,49.06,31.1,2024.0,9
2024-09-06 09:00:00,5986,31.97,67.06,34.86,45.98,31.2,2024.0,9
2024-09-06 10:00:00,5987,31.52,68.38,34.89,45.82,32.71,2024.0,9
2024-09-06 14:00:00,5991,34.74,51.21,32.91,45.62,31.38,2024.0,9
2024-09-06 15:00:00,5992,34.74,51.34,33.12,45.88,34.03,2024.0,9
2024-09-06 16:00:00,5993,32.54,58.86,31.07,52.53,39.52,2024.0,9
2024-09-06 17:00:00,5994,29.04,78.18,28.66,60.32,37.88,2024.0,9
2024-09-06 18:00:00,5995,27.11,92.09,26.94,66.86,31.3,2024.0,9
2024-09-06 19:00:00,5996,25.87,96.92,25.64,71.1,28.26,2024.0,9
2024-09-06 20:00:00,5997,25.09,98.35,24.74,72.43,25.5,2024.0,9
2024-09-06 21:00:00,5998,24.32,99.81,24.03,74.4,22.8,2024.0,9
2024-09-06 22:00:00,5999,23.46,99.9,23.16,77.99,18.94,2024.0,9
2024-09-06 23:00:00,6000,22.75,99.9,22.51,79.7,20.7,2024.0,9
2024-09-07 00:00:00,6001,22.4,99.9,22.1,80.7,23.06,2024.0,9
2024-09-07 01:00:00,6002,21.98,99.9,21.56,82.76,28.34,2024.0,9
2024-09-07 02:00:00,6003,22.06,99.9,22.06,80.29,21.79,2024.0,9
2024-09-07 03:00:00,6004,22.08,99.9,21.57,81.52,26.44,2024.0,9
2024-09-07 04:00:00,6005,21.37,99.9,20.74,85.3,45.24,2024.0,9
2024-09-07 05:00:00,6006,21.87,99.9,22.0,80.0,22.27,2024.0,9
2024-09-07 06:00:00,6007,23.93,98.77,25.14,69.34,23.67,2024.0,9
2024-09-07 07:00:00,6008,27.84,83.1,29.36,54.15,21.4,2024.0,9
2024-09-07 08:00:00,6009,29.14,67.24,31.18,47.21,18.79,2024.0,9
2024-09-07 09:00:00,6010,29.74,59.36,32.68,41.81,21.4,2024.0,9
2024-09-07 13:00:00,6014,32.76,51.28,33.56,40.91,27.5,2024.0,9
2024-09-07 14:00:00,6015,33.26,52.35,32.25,45.45,27.52,2024.0,9
2024-09-07 15:00:00,6016,33.0,54.06,31.4,48.62,22.17,2024.0,9
2024-09-07 16:00:00,6017,31.81,56.22,29.78,52.02,23.38,2024.0,9
2024-09-07 17:00:00,6018,29.03,68.09,27.73,58.08,30.02,2024.0,9
2024-09-07 18:00:00,6019,26.05,86.86,25.53,64.66,26.03,2024.0,9
2024-09-07 20:00:00,6021,24.77,94.29,24.57,68.65,29.11,2024.0,9
2024-09-07 21:00:00,6022,24.13,99.34,23.86,74.45,27.54,2024.0,9
2024-09-07 22:00:00,6023,23.89,99.9,23.8,75.2,27.73,2024.0,9
2024-09-07 23:00:00,6024,23.63,99.9,23.08,78.51,31.85,2024.0,9
2024-09-08 00:00:00,6025,22.91,99.9,22.0,82.0,47.45,2024.0,9
2024-09-08 01:00:00,6026,22.31,99.9,20.98,81.92,59.7,2024.0,9
2024-09-08 02:00:00,6027,22.38,99.9,21.71,79.66,,2024.0,9
2024-09-08 03:00:00,6028,22.41,99.9,22.04,78.67,,2024.0,9
2024-09-08 04:00:00,6029,22.8,99.9,22.65,76.25,54.49,2024.0,9
2024-09-08 05:00:00,6030,23.01,99.9,22.68,79.2,54.75,2024.0,9
2024-09-08 08:00:00,6033,31.05,78.99,32.47,54.19,37.74,2024.0,9
2024-09-08 09:00:00,6034,31.17,74.88,34.15,48.76,35.76,2024.0,9
2024-09-08 11:00:00,6036,32.14,64.02,33.44,48.14,33.04,2024.0,9
2024-09-08 12:00:00,6037,32.73,60.76,32.63,49.53,31.8,2024.0,9
2024-09-08 13:00:00,6038,33.08,60.35,33.44,48.77,34.08,2024.0,9
2024-09-08 14:00:00,6039,33.13,58.53,32.67,49.41,31.86,2024.0,9
2024-09-08 15:00:00,6040,31.7,64.42,31.43,53.1,35.47,2024.0,9
2024-09-08 19:00:00,6044,26.51,99.57,25.86,76.21,30.79,2024.0,9
2024-09-08 21:00:00,6046,25.45,99.9,25.29,79.94,33.57,2024.0,9
2024-09-08 22:00:00,6047,25.42,99.9,25.1,79.98,35.67,2024.0,9
2024-09-08 23:00:00,6048,25.0,99.9,24.52,81.78,33.7,2024.0,9
2024-09-09 00:00:00,6049,24.6,99.9,23.53,85.32,29.37,2024.0,9
2024-09-09 02:00:00,6051,24.12,99.9,23.74,83.81,19.96,2024.0,9
2024-09-09 03:00:00,6052,23.95,99.9,23.65,84.25,20.17,2024.0,9
2024-09-09 04:00:00,6053,23.56,99.9,23.32,84.84,23.54,2024.0,9
2024-09-09 05:00:00,6054,23.36,99.9,23.03,86.2,24.74,2024.0,9
2024-09-09 06:00:00,6055,25.25,99.9,25.23,78.15,28.56,2024.0,9
2024-09-09 07:00:00,6056,29.72,90.28,31.46,59.55,28.12,2024.0,9
2024-09-09 08:00:00,6057,33.98,67.57,35.02,49.6,36.18,2024.0,9
2024-09-09 09:00:00,6058,35.12,59.35,37.86,42.27,33.36,2024.0,9
2024-09-09 10:00:00,6059,36.35,54.1,38.69,40.05,27.41,2024.0,9
2024-09-09 13:00:00,6062,31.02,81.34,30.62,59.26,36.93,2024.0,9
2024-09-09 14:00:00,6063,32.83,64.26,30.62,56.7,36.44,2024.0,9
2024-09-09 15:00:00,6064,28.8,85.96,28.37,63.49,35.94,2024.0,9
2024-09-09 16:00:00,6065,27.05,97.7,24.11,89.21,23.76,2024.0,9
2024-09-09 18:00:00,6067,24.06,99.9,22.55,98.6,38.79,2024.0,9
2024-09-09 19:00:00,6068,23.89,99.9,22.41,98.81,40.15,2024.0,9
2024-09-09 20:00:00,6069,23.17,99.9,21.45,100.0,36.59,2024.0,9
2024-09-09 21:00:00,6070,22.92,99.9,21.42,99.91,40.9,2024.0,9
2024-09-09 22:00:00,6071,22.91,99.9,21.9,99.18,44.24,2024.0,9
2024-09-09 23:00:00,6072,22.96,99.9,21.8,99.4,49.44,2024.0,9
2024-09-10 00:00:00,6073,22.69,99.9,21.76,99.0,49.53,2024.0,9
2024-09-10 01:00:00,6074,22.46,99.9,21.55,99.36,48.19,2024.0,9
2024-09-10 02:00:00,6075,22.3,99.9,21.31,99.6,61.59,2024.0,9
2024-09-10 04:00:00,6077,22.22,99.9,20.69,100.0,64.0,2024.0,9
2024-09-10 05:00:00,6078,21.82,99.9,20.88,99.58,49.54,2024.0,9
2024-09-10 07:00:00,6080,28.99,98.01,27.16,89.28,57.98,2024.0,9
2024-09-10 08:00:00,6081,30.82,95.53,28.32,86.93,46.41,2024.0,9
2024-09-10 09:00:00,6082,33.33,80.76,34.2,64.61,38.95,2024.0,9
2024-09-10 13:00:00,6086,30.54,94.58,28.96,70.33,41.68,2024.0,9
2024-09-10 14:00:00,6087,31.67,87.4,30.81,62.05,49.54,2024.0,9
2024-09-10 17:00:00,6090,27.61,97.63,25.53,82.64,36.65,2024.0,9
2024-09-10 18:00:00,6091,23.84,99.9,23.0,98.0,41.18,2024.0,9
2024-09-10 19:00:00,6092,23.29,99.9,22.57,98.68,45.49,2024.0,9
2024-09-10 20:00:00,6093,23.47,99.9,22.73,98.82,46.3,2024.0,9
2024-09-10 21:00:00,6094,23.51,99.9,22.76,98.63,36.48,2024.0,9
2024-09-10 22:00:00,6095,23.06,99.9,22.17,98.94,27.29,2024.0,9
2024-09-10 23:00:00,6096,22.25,99.9,21.36,99.42,30.07,2024.0,9
2024-09-11 00:00:00,6097,22.19,99.9,20.81,100.0,28.87,2024.0,9
2024-09-11 02:00:00,6099,21.96,99.9,21.28,99.52,22.02,2024.0,9
2024-09-11 03:00:00,6100,21.88,99.9,21.28,99.28,24.33,2024.0,9
2024-09-11 04:00:00,6101,21.28,99.9,20.9,99.26,15.32,2024.0,9
2024-09-11 05:00:00,6102,21.24,99.9,20.8,99.32,18.95,2024.0,9
2024-09-11 06:00:00,6103,21.31,99.9,20.91,99.25,23.89,2024.0,9
2024-09-11 07:00:00,6104,22.0,99.9,21.3,99.15,26.29,2024.0,9
2024-09-11 08:00:00,6105,22.8,99.9,22.0,97.84,21.69,2024.0,9
2024-09-11 09:00:00,6106,25.2,99.9,24.29,91.36,16.02,2024.0,9
2024-09-11 10:00:00,6107,27.97,99.9,25.19,91.06,9.73,2024.0,9
2024-09-11 11:00:00,6108,29.77,97.82,27.04,89.36,11.37,2024.0,9
2024-09-11 12:00:00,6109,31.34,77.41,30.68,56.12,12.71,2024.0,9
2024-09-11 13:00:00,6110,33.51,57.32,32.54,47.84,12.37,2024.0,9
2024-09-11 14:00:00,6111,35.42,45.95,32.92,43.75,13.59,2024.0,9
2024-09-11 15:00:00,6112,34.57,44.27,32.08,43.2,17.5,2024.0,9
2024-09-11 16:00:00,6113,33.63,46.71,30.84,46.77,20.38,2024.0,9
2024-09-11 17:00:00,6114,30.06,56.22,28.51,53.35,27.9,2024.0,9
2024-09-11 18:00:00,6115,26.98,75.3,26.56,59.55,34.11,2024.0,9
2024-09-11 19:00:00,6116,25.58,99.27,25.06,71.37,38.72,2024.0,9
2024-09-11 20:00:00,6117,24.72,99.9,24.22,78.33,35.99,2024.0,9
2024-09-11 21:00:00,6118,24.19,99.9,23.73,80.02,36.85,2024.0,9
2024-09-11 22:00:00,6119,24.04,99.9,23.59,81.46,41.34,2024.0,9
2024-09-11 23:00:00,6120,23.86,99.9,23.45,80.28,39.62,2024.0,9
2024-09-12 00:00:00,6121,23.23,99.9,22.74,85.82,48.55,2024.0,9
2024-09-12 01:00:00,6122,23.03,99.9,22.56,85.06,43.07,2024.0,9
2024-09-12 02:00:00,6123,22.91,99.9,22.6,83.58,41.58,2024.0,9
2024-09-12 03:00:00,6124,22.92,99.9,22.37,84.83,41.09,2024.0,9
2024-09-12 04:00:00,6125,22.46,99.9,22.07,86.73,58.5,2024.0,9
2024-09-12 05:00:00,6126,22.36,99.9,21.96,86.32,57.96,2024.0,9
2024-09-12 06:00:00,6127,25.46,99.71,26.79,70.29,55.38,2024.0,9
2024-09-12 07:00:00,6128,31.12,87.54,30.91,56.81,42.78,2024.0,9
2024-09-12 08:00:00,6129,32.02,73.82,33.21,50.16,40.84,2024.0,9
2024-09-12 09:00:00,6130,31.4,73.62,34.09,47.59,40.97,2024.0,9
2024-09-12 10:00:00,6131,31.88,67.35,35.26,44.01,40.2,2024.0,9
2024-09-12 11:00:00,6132,33.18,55.73,34.43,43.07,39.21,2024.0,9
2024-09-12 12:00:00,6133,33.79,48.97,33.14,42.69,34.6,2024.0,9
2024-09-12 13:00:00,6134,33.3,48.46,34.58,39.39,34.1,2024.0,9
2024-09-12 14:00:00,6135,34.36,47.09,34.17,40.96,33.89,2024.0,9
2024-09-12 15:00:00,6136,34.71,48.26,33.53,44.29,38.47,2024.0,9
2024-09-12 16:00:00,6137,31.96,57.25,30.62,53.03,44.11,2024.0,9
2024-09-12 17:00:00,6138,28.65,80.3,28.19,61.45,44.24,2024.0,9
2024-09-12 18:00:00,6139,26.78,96.89,26.48,67.3,35.68,2024.0,9
2024-09-12 21:00:00,6142,24.32,99.9,24.18,78.31,30.65,2024.0,9
2024-09-12 22:00:00,6143,24.01,99.9,24.13,74.36,26.2,2024.0,9
2024-09-12 23:00:00,6144,23.52,99.9,22.95,79.21,28.58,2024.0,9
2024-09-13 01:00:00,6146,21.93,99.9,21.53,84.21,34.55,2024.0,9
2024-09-13 02:00:00,6147,21.76,99.9,21.23,84.63,35.44,2024.0,9
2024-09-13 03:00:00,6148,21.58,99.9,20.99,84.65,36.58,2024.0,9
2024-09-13 04:00:00,6149,21.21,99.9,20.52,87.33,49.19,2024.0,9
2024-09-13 05:00:00,6150,20.88,99.9,20.51,87.02,47.62,2024.0,9
2024-09-13 06:00:00,6151,23.64,99.9,24.54,71.98,34.7,2024.0,9
2024-09-13 07:00:00,6152,29.1,85.66,29.32,55.55,31.88,2024.0,9
2024-09-13 08:00:00,6153,28.97,78.33,30.88,49.86,37.42,2024.0,9
2024-09-13 09:00:00,6154,29.97,69.97,32.78,45.61,41.1,2024.0,9
2024-09-13 10:00:00,6155,30.31,65.81,33.68,43.26,37.17,2024.0,9
2024-09-13 11:00:00,6156,31.07,57.06,32.76,42.83,35.24,2024.0,9
2024-09-13 12:00:00,6157,31.49,51.4,31.48,43.09,33.53,2024.0,9
2024-09-13 13:00:00,6158,31.79,49.84,33.03,39.98,32.97,2024.0,9
2024-09-13 14:00:00,6159,33.08,45.59,33.15,38.68,32.63,2024.0,9
2024-09-13 15:00:00,6160,32.8,46.93,32.03,41.97,35.25,2024.0,9
2024-09-13 16:00:00,6161,32.21,50.29,30.54,47.26,33.9,2024.0,9
2024-09-13 17:00:00,6162,28.63,54.93,28.05,49.42,31.03,2024.0,9
2024-09-13 18:00:00,6163,26.63,53.23,26.49,46.89,31.86,2024.0,9
2024-09-13 19:00:00,6164,24.94,62.9,24.49,54.82,40.34,2024.0,9
2024-09-13 21:00:00,6166,23.48,74.78,22.97,59.69,41.41,2024.0,9
2024-09-13 22:00:00,6167,22.78,87.68,22.21,64.11,27.33,2024.0,9
2024-09-13 23:00:00,6168,22.43,89.69,22.25,62.58,24.57,2024.0,9
2024-09-14 00:00:00,6169,22.04,94.8,21.81,66.35,19.88,2024.0,9
2024-09-14 01:00:00,6170,21.54,99.83,20.93,70.99,26.73,2024.0,9
2024-09-14 02:00:00,6171,20.02,99.9,19.12,73.73,44.54,2024.0,9
2024-09-14 03:00:00,6172,19.23,99.9,18.39,77.54,62.66,2024.0,9
2024-09-14 04:00:00,6173,18.36,99.9,17.54,74.5,43.93,2024.0,9
2024-09-14 05:00:00,6174,18.12,99.9,17.08,74.02,30.68,2024.0,9
2024-09-14 07:00:00,6176,31.74,55.22,30.88,44.51,73.31,2024.0,9
2024-09-14 08:00:00,6177,30.57,55.63,31.28,46.33,40.79,2024.0,9
2024-09-14 09:00:00,6178,30.37,57.66,32.89,44.09,33.4,2024.0,9
2024-09-14 10:00:00,6179,30.12,55.72,33.35,41.12,31.68,2024.0,9
2024-09-14 13:00:00,6182,33.42,39.69,34.25,33.14,28.47,2024.0,9
2024-09-14 14:00:00,6183,33.88,39.11,33.55,34.54,29.81,2024.0,9
2024-09-14 15:00:00,6184,33.56,38.85,32.52,35.62,29.83,2024.0,9
2024-09-14 16:00:00,6185,30.34,42.07,29.77,38.33,32.12,2024.0,9
2024-09-14 17:00:00,6186,28.22,50.64,27.98,45.85,36.17,2024.0,9
2024-09-14 18:00:00,6187,26.42,66.11,25.98,56.32,40.21,2024.0,9
2024-09-14 20:00:00,6189,23.57,78.47,23.27,59.96,27.68,2024.0,9
2024-09-14 21:00:00,6190,23.04,86.07,22.69,62.38,27.17,2024.0,9
2024-09-14 22:00:00,6191,22.26,94.72,21.76,67.17,33.95,2024.0,9
2024-09-14 23:00:00,6192,21.58,99.32,21.1,70.57,28.72,2024.0,9
2024-09-15 00:00:00,6193,21.57,99.9,21.27,69.75,25.93,2024.0,9
2024-09-15 01:00:00,6194,21.19,99.9,20.62,72.58,28.86,2024.0,9
2024-09-15 02:00:00,6195,20.79,99.9,19.85,76.31,38.86,2024.0,9
2024-09-15 03:00:00,6196,19.75,99.9,18.87,79.83,50.0,2024.0,9
2024-09-15 04:00:00,6197,19.28,99.9,18.43,82.7,71.37,2024.0,9
2024-09-15 06:00:00,6199,23.02,96.83,22.87,67.67,,2024.0,9
2024-09-15 07:00:00,6200,31.62,58.97,29.91,49.84,,2024.0,9
2024-09-15 08:00:00,6201,30.28,54.04,31.42,43.75,34.69,2024.0,9
2024-09-15 09:00:00,6202,29.81,54.93,32.48,41.59,31.34,2024.0,9
2024-09-15 12:00:00,6205,31.89,46.41,31.49,40.3,30.92,2024.0,9
2024-09-15 14:00:00,6207,34.42,40.55,33.85,36.12,34.24,2024.0,9
2024-09-15 15:00:00,6208,33.04,43.14,31.6,40.46,36.28,2024.0,9
2024-09-15 18:00:00,6211,26.4,72.14,25.95,57.7,38.63,2024.0,9
2024-09-15 19:00:00,6212,25.25,65.29,25.1,53.1,37.34,2024.0,9
2024-09-15 20:00:00,6213,24.52,62.19,24.23,52.63,41.0,2024.0,9
2024-09-15 21:00:00,6214,24.12,61.12,23.84,51.9,38.48,2024.0,9
2024-09-15 22:00:00,6215,23.76,69.96,23.25,57.28,41.68,2024.0,9
2024-09-15 23:00:00,6216,23.38,78.69,22.46,61.94,36.15,2024.0,9
2024-09-16 00:00:00,6217,22.64,80.96,22.24,60.6,29.15,2024.0,9
2024-09-16 01:00:00,6218,21.89,87.82,21.35,64.07,27.52,2024.0,9
2024-09-16 02:00:00,6219,21.38,94.09,21.13,66.55,21.56,2024.0,9
2024-09-16 03:00:00,6220,20.95,99.17,19.82,73.79,24.4,2024.0,9
2024-09-16 05:00:00,6222,19.47,99.9,18.66,76.67,31.06,2024.0,9
2024-09-16 06:00:00,6223,23.95,90.09,24.12,60.89,62.93,2024.0,9
2024-09-16 07:00:00,6224,31.93,51.26,30.0,46.29,,2024.0,9
2024-09-16 08:00:00,6225,34.41,43.64,33.66,38.5,,2024.0,9
2024-09-16 09:00:00,6226,31.97,43.77,34.57,34.13,30.03,2024.0,9
2024-09-16 10:00:00,6227,32.01,42.83,35.42,32.29,28.48,2024.0,9
2024-09-16 11:00:00,6228,32.41,42.74,34.03,34.69,29.66,2024.0,9
2024-09-16 12:00:00,6229,35.18,31.79,33.88,28.93,23.9,2024.0,9
2024-09-16 14:00:00,6231,38.05,32.67,35.97,31.59,41.77,2024.0,9
2024-09-16 18:00:00,6235,25.8,62.09,25.51,53.51,39.25,2024.0,9
2024-09-16 19:00:00,6236,25.33,61.56,25.12,53.02,36.93,2024.0,9
2024-09-16 20:00:00,6237,24.57,61.16,24.33,52.76,45.36,2024.0,9
2024-09-16 21:00:00,6238,24.17,59.14,23.99,51.27,39.96,2024.0,9
2024-09-16 22:00:00,6239,23.98,55.97,23.59,49.11,38.21,2024.0,9
2024-09-16 23:00:00,6240,23.18,54.3,22.74,47.83,42.48,2024.0,9
2024-09-17 01:00:00,6242,,,19.72,64.0,69.86,2024.0,9
2024-09-17 02:00:00,6243,20.67,99.37,19.67,73.64,,2024.0,9
2024-09-17 03:00:00,6244,20.05,99.9,19.27,76.6,,2024.0,9
2024-09-17 04:00:00,6245,19.35,99.9,18.63,76.8,68.06,2024.0,9
2024-09-17 05:00:00,6246,18.86,99.9,18.17,77.3,,2024.0,9
2024-09-17 06:00:00,6247,23.95,86.2,24.02,60.28,,2024.0,9
2024-09-17 07:00:00,6248,32.48,43.46,31.15,38.38,,2024.0,9
2024-09-17 08:00:00,6249,32.45,33.7,33.24,28.43,37.83,2024.0,9
2024-09-17 09:00:00,6250,31.56,35.79,34.31,27.96,29.48,2024.0,9
2024-09-17 10:00:00,6251,32.0,36.47,35.77,27.2,27.53,2024.0,9
2024-09-17 11:00:00,6252,34.16,31.04,35.44,25.25,24.18,2024.0,9
2024-09-17 12:00:00,6253,37.51,25.75,34.74,24.6,25.41,2024.0,9
2024-09-17 13:00:00,6254,37.22,28.69,36.07,26.6,36.93,2024.0,9
2024-09-17 14:00:00,6255,37.06,33.38,34.59,33.17,51.24,2024.0,9
2024-09-17 15:00:00,6256,36.09,34.87,33.27,35.1,52.53,2024.0,9
2024-09-17 16:00:00,6257,34.57,36.04,31.76,36.57,70.66,2024.0,9
2024-09-17 17:00:00,6258,31.24,45.94,29.13,45.74,64.17,2024.0,9
2024-09-17 18:00:00,6259,27.38,64.51,26.37,57.47,55.37,2024.0,9
2024-09-17 21:00:00,6262,24.54,91.79,23.87,64.95,24.68,2024.0,9
2024-09-17 22:00:00,6263,23.72,90.51,23.0,64.26,28.59,2024.0,9
2024-09-17 23:00:00,6264,22.99,94.59,22.36,67.03,35.69,2024.0,9
2024-09-18 00:00:00,6265,22.68,87.4,22.19,61.25,34.6,2024.0,9
2024-09-18 01:00:00,6266,22.17,83.22,21.57,60.18,38.5,2024.0,9
2024-09-18 02:00:00,6267,21.26,85.46,20.45,62.14,33.87,2024.0,9
2024-09-18 03:00:00,6268,20.47,82.64,19.78,60.52,32.38,2024.0,9
2024-09-18 04:00:00,6269,19.55,88.71,18.77,64.58,28.94,2024.0,9
2024-09-18 05:00:00,6270,19.08,95.98,18.52,70.03,40.97,2024.0,9
2024-09-18 06:00:00,6271,24.02,84.92,24.41,58.61,67.02,2024.0,9
2024-09-18 08:00:00,6273,29.45,46.88,30.56,38.57,37.29,2024.0,9
2024-09-18 09:00:00,6274,32.01,36.15,34.51,28.32,24.43,2024.0,9
2024-09-18 13:00:00,6278,36.85,29.18,35.34,27.35,36.32,2024.0,9
2024-09-18 14:00:00,6279,36.0,30.93,33.65,30.28,38.21,2024.0,9
2024-09-18 15:00:00,6280,36.34,30.06,33.25,30.61,32.72,2024.0,9
2024-09-18 16:00:00,6281,35.54,32.89,31.94,34.63,33.62,2024.0,9
2024-09-18 17:00:00,6282,30.79,49.11,28.47,48.84,49.79,2024.0,9
2024-09-18 18:00:00,6283,26.35,72.28,25.66,58.98,48.86,2024.0,9
2024-09-18 19:00:00,6284,25.02,83.51,24.32,63.06,36.8,2024.0,9
2024-09-18 20:00:00,6285,23.56,97.89,23.1,69.94,25.97,2024.0,9
2024-09-18 21:00:00,6286,22.93,99.22,22.5,70.13,26.58,2024.0,9
2024-09-18 22:00:00,6287,22.78,92.93,22.29,64.42,28.32,2024.0,9
2024-09-18 23:00:00,6288,22.46,85.17,21.91,60.65,24.37,2024.0,9
2024-09-19 00:00:00,6289,21.74,90.93,21.36,63.5,26.13,2024.0,9
2024-09-19 01:00:00,6290,21.31,94.88,20.87,67.28,18.41,2024.0,9
2024-09-19 02:00:00,6291,20.53,99.67,20.14,70.55,27.08,2024.0,9
2024-09-19 03:00:00,6292,20.34,98.92,19.81,70.41,28.53,2024.0,9
2024-09-19 04:00:00,6293,19.59,99.9,18.75,76.71,42.74,2024.0,9
2024-09-19 05:00:00,6294,19.2,99.9,18.58,72.92,43.0,2024.0,9
2024-09-19 06:00:00,6295,23.03,85.23,23.51,57.73,70.75,2024.0,9
2024-09-19 07:00:00,6296,30.14,46.35,29.37,40.22,62.31,2024.0,9
2024-09-19 08:00:00,6297,31.19,38.87,32.38,31.88,42.03,2024.0,9
2024-09-19 09:00:00,6298,33.96,30.12,36.11,24.14,29.64,2024.0,9
2024-09-19 10:00:00,6299,34.05,30.14,37.27,23.4,23.81,2024.0,9
2024-09-19 11:00:00,6300,36.71,28.29,36.04,25.28,32.48,2024.0,9
2024-09-19 12:00:00,6301,37.99,28.39,34.78,28.23,42.36,2024.0,9
2024-09-19 13:00:00,6302,36.53,32.69,34.9,31.1,48.52,2024.0,9
2024-09-19 14:00:00,6303,36.44,35.23,34.37,34.35,46.89,2024.0,9
2024-09-19 15:00:00,6304,36.99,36.67,33.74,37.7,50.93,2024.0,9
2024-09-19 16:00:00,6305,35.34,39.85,31.96,41.58,65.29,2024.0,9
2024-09-19 17:00:00,6306,31.21,50.14,29.17,49.62,67.4,2024.0,9
2024-09-19 18:00:00,6307,27.29,88.6,26.13,67.36,41.38,2024.0,9
2024-09-19 19:00:00,6308,25.29,99.88,24.86,73.37,37.68,2024.0,9
2024-09-19 20:00:00,6309,24.46,99.9,23.88,76.51,36.3,2024.0,9
2024-09-19 22:00:00,6311,23.57,99.9,22.94,79.43,49.43,2024.0,9
2024-09-19 23:00:00,6312,23.7,99.9,23.22,77.27,47.06,2024.0,9
2024-09-20 00:00:00,6313,23.02,99.9,22.61,76.41,28.39,2024.0,9
2024-09-20 01:00:00,6314,22.43,99.9,21.86,79.51,34.05,2024.0,9
2024-09-20 02:00:00,6315,21.86,99.9,21.58,78.67,21.91,2024.0,9
2024-09-20 03:00:00,6316,21.94,99.9,21.26,79.69,23.57,2024.0,9
2024-09-20 04:00:00,6317,21.52,99.9,20.86,81.1,26.29,2024.0,9
2024-09-20 05:00:00,6318,21.71,99.9,21.11,80.29,42.67,2024.0,9
2024-09-20 06:00:00,6319,23.58,99.34,23.64,73.23,48.78,2024.0,9
2024-09-20 07:00:00,6320,30.33,71.78,29.34,54.57,,2024.0,9
2024-09-20 08:00:00,6321,35.97,48.73,34.6,43.33,,2024.0,9
2024-09-20 09:00:00,6322,37.61,43.32,37.49,37.58,73.73,2024.0,9
2024-09-20 10:00:00,6323,38.17,39.55,38.78,33.71,64.52,2024.0,9
2024-09-20 11:00:00,6324,37.21,38.34,36.21,34.95,56.77,2024.0,9
2024-09-20 12:00:00,6325,36.77,37.14,34.26,36.46,43.17,2024.0,9
2024-09-20 13:00:00,6326,36.97,38.51,35.47,36.31,45.83,2024.0,9
2024-09-20 15:00:00,6328,37.46,39.5,34.12,40.72,43.96,2024.0,9
2024-09-20 16:00:00,6329,35.36,42.96,32.37,44.11,44.6,2024.0,9
2024-09-20 17:00:00,6330,31.28,59.4,29.54,55.99,62.21,2024.0,9
2024-09-20 18:00:00,6331,28.98,81.79,28.04,63.06,52.07,2024.0,9
2024-09-20 19:00:00,6332,27.09,93.29,26.53,66.72,42.38,2024.0,9
2024-09-20 20:00:00,6333,26.53,96.09,25.91,68.63,43.82,2024.0,9
2024-09-20 21:00:00,6334,26.16,99.75,25.25,75.89,54.73,2024.0,9
2024-09-20 23:00:00,6336,25.25,99.9,23.78,84.55,60.75,2024.0,9
2024-09-21 01:00:00,6338,23.92,99.9,23.08,86.26,61.37,2024.0,9
2024-09-21 02:00:00,6339,23.59,99.9,22.8,86.4,69.46,2024.0,9
2024-09-21 03:00:00,6340,23.19,99.9,22.65,85.65,,2024.0,9
2024-09-21 04:00:00,6341,22.6,99.9,21.71,85.28,66.79,2024.0,9
2024-09-21 05:00:00,6342,22.13,99.9,21.3,87.55,,2024.0,9
2024-09-21 06:00:00,6343,23.5,99.9,23.62,79.14,,2024.0,9
2024-09-21 07:00:00,6344,30.81,83.0,30.54,57.67,,2024.0,9
2024-09-21 08:00:00,6345,32.79,67.51,33.2,51.76,,2024.0,9
2024-09-21 11:00:00,6348,37.78,41.98,36.02,39.8,55.55,2024.0,9
2024-09-21 12:00:00,6349,34.95,48.51,33.46,45.65,48.72,2024.0,9
2024-09-21 13:00:00,6350,34.61,49.02,33.85,44.68,43.0,2024.0,9
2024-09-21 14:00:00,6351,35.34,48.09,33.75,45.38,46.59,2024.0,9
2024-09-21 15:00:00,6352,35.72,47.45,32.96,47.54,50.5,2024.0,9
2024-09-21 16:00:00,6353,33.91,52.28,31.44,52.15,,2024.0,9
2024-09-21 18:00:00,6355,28.37,97.06,27.06,74.3,51.2,2024.0,9
2024-09-21 19:00:00,6356,26.57,99.9,25.96,79.68,58.18,2024.0,9
2024-09-21 23:00:00,6360,25.04,99.9,24.42,85.88,67.02,2024.0,9
2024-09-22 00:00:00,6361,24.81,99.9,24.42,86.5,66.47,2024.0,9
2024-09-22 01:00:00,6362,24.99,99.9,24.39,86.65,64.39,2024.0,9
2024-09-22 02:00:00,6363,24.8,99.9,24.13,87.52,64.55,2024.0,9
2024-09-22 03:00:00,6364,24.26,99.9,23.27,89.44,,2024.0,9
2024-09-22 04:00:00,6365,23.4,99.9,22.64,86.36,,2024.0,9
2024-09-22 05:00:00,6366,23.17,99.9,22.41,86.11,,2024.0,9
2024-09-22 06:00:00,6367,24.21,99.9,24.09,80.37,,2024.0,9
2024-09-22 07:00:00,6368,28.79,95.19,28.84,64.58,,2024.0,9
2024-09-22 08:00:00,6369,33.09,76.18,32.73,55.94,,2024.0,9
2024-09-22 09:00:00,6370,33.82,69.97,35.37,49.5,,2024.0,9
2024-09-22 10:00:00,6371,38.13,49.24,39.69,38.78,,2024.0,9
2024-09-22 11:00:00,6372,38.78,39.47,37.61,35.81,56.0,2024.0,9
2024-09-22 12:00:00,6373,39.35,39.6,36.72,38.85,48.14,2024.0,9
2024-09-22 13:00:00,6374,38.77,40.6,36.3,39.96,41.34,2024.0,9
2024-09-22 14:00:00,6375,39.46,43.01,36.98,42.34,50.0,2024.0,9
2024-09-22 15:00:00,6376,38.09,45.9,34.58,47.98,49.07,2024.0,9
2024-09-22 16:00:00,6377,35.05,54.11,32.21,55.13,57.48,2024.0,9
2024-09-22 17:00:00,6378,31.45,73.09,30.13,61.69,65.94,2024.0,9
2024-09-22 18:00:00,6379,29.64,95.89,28.71,70.35,56.93,2024.0,9
2024-09-22 19:00:00,6380,28.38,99.9,27.77,74.15,49.58,2024.0,9
2024-09-22 21:00:00,6382,26.16,99.9,23.7,99.9,57.36,2024.0,9
2024-09-22 22:00:00,6383,26.39,99.9,24.49,96.3,57.13,2024.0,9
2024-09-22 23:00:00,6384,25.64,99.9,23.87,98.07,47.26,2024.0,9
2024-09-23 00:00:00,6385,25.22,99.9,23.15,100.0,59.52,2024.0,9
2024-09-23 02:00:00,6387,25.15,99.9,23.9,96.99,48.8,2024.0,9
2024-09-23 03:00:00,6388,25.14,99.9,23.89,97.14,44.36,2024.0,9
2024-09-23 04:00:00,6389,24.83,99.9,23.6,96.98,44.56,2024.0,9
2024-09-23 05:00:00,6390,24.8,99.9,23.59,97.39,48.91,2024.0,9
2024-09-23 06:00:00,6391,25.36,99.9,24.43,96.49,56.39,2024.0,9
2024-09-23 07:00:00,6392,27.52,99.9,25.47,94.66,57.0,2024.0,9
2024-09-23 08:00:00,6393,27.17,99.9,26.51,85.81,67.88,2024.0,9
2024-09-23 09:00:00,6394,28.43,99.9,28.1,73.39,68.5,2024.0,9
2024-09-23 10:00:00,6395,31.19,93.97,32.28,58.67,64.54,2024.0,9
2024-09-23 11:00:00,6396,33.21,75.49,33.06,55.14,69.87,2024.0,9
2024-09-23 12:00:00,6397,36.56,57.2,34.91,49.92,53.72,2024.0,9
2024-09-23 13:00:00,6398,33.79,64.49,31.27,59.56,52.15,2024.0,9
2024-09-23 14:00:00,6399,27.86,98.52,24.81,91.08,47.32,2024.0,9
2024-09-23 15:00:00,6400,29.26,99.08,26.24,92.3,55.73,2024.0,9
2024-09-23 16:00:00,6401,31.06,96.0,26.3,90.76,49.42,2024.0,9
2024-09-23 17:00:00,6402,27.62,99.9,25.26,94.38,54.55,2024.0,9
2024-09-23 19:00:00,6404,25.79,99.9,24.55,95.6,58.55,2024.0,9
2024-09-23 20:00:00,6405,25.4,99.9,25.09,87.8,52.26,2024.0,9
2024-09-23 21:00:00,6406,24.8,99.9,24.43,88.31,58.41,2024.0,9
2024-09-23 22:00:00,6407,24.5,99.9,24.4,87.85,67.88,2024.0,9
2024-09-23 23:00:00,6408,24.46,99.9,24.34,88.12,62.8,2024.0,9
2024-09-24 00:00:00,6409,24.78,99.9,24.48,87.57,56.47,2024.0,9
2024-09-24 01:00:00,6410,24.81,99.9,24.35,84.91,37.3,2024.0,9
2024-09-24 02:00:00,6411,24.84,99.9,24.41,86.36,43.94,2024.0,9
2024-09-24 03:00:00,6412,24.83,99.9,24.23,88.65,47.77,2024.0,9
2024-09-24 04:00:00,6413,24.19,99.9,23.56,88.97,45.01,2024.0,9
2024-09-24 05:00:00,6414,23.98,99.9,23.52,89.16,56.9,2024.0,9
2024-09-24 06:00:00,6415,24.44,99.9,24.2,86.14,59.29,2024.0,9
2024-09-24 07:00:00,6416,26.77,99.9,26.58,77.83,70.1,2024.0,9
2024-09-24 08:00:00,6417,28.56,99.9,27.26,77.06,,2024.0,9
2024-09-24 09:00:00,6418,32.22,92.83,31.81,61.92,50.77,2024.0,9
2024-09-24 10:00:00,6419,31.28,93.04,29.51,68.06,58.0,2024.0,9
2024-09-24 11:00:00,6420,24.52,99.9,22.6,91.49,38.24,2024.0,9
2024-09-24 12:00:00,6421,24.0,99.9,22.2,96.45,29.02,2024.0,9
2024-09-24 13:00:00,6422,26.19,99.9,23.56,96.75,46.62,2024.0,9
2024-09-24 14:00:00,6423,34.15,82.4,27.85,89.8,51.84,2024.0,9
2024-09-24 15:00:00,6424,31.4,86.15,26.87,88.27,41.08,2024.0,9
2024-09-24 16:00:00,6425,29.71,94.82,27.76,73.26,33.38,2024.0,9
2024-09-24 17:00:00,6426,25.86,99.85,25.02,82.17,43.9,2024.0,9
2024-09-24 18:00:00,6427,24.78,99.9,24.54,84.36,55.39,2024.0,9
2024-09-24 19:00:00,6428,24.1,99.9,23.18,87.11,32.43,2024.0,9
2024-09-24 20:00:00,6429,23.6,99.9,23.23,85.4,28.61,2024.0,9
2024-09-24 21:00:00,6430,23.63,99.9,23.11,86.29,44.31,2024.0,9
2024-09-24 22:00:00,6431,23.73,99.9,22.45,89.6,51.46,2024.0,9
2024-09-24 23:00:00,6432,23.5,99.9,22.09,93.13,64.06,2024.0,9
2024-09-25 00:00:00,6433,23.14,99.9,22.72,87.68,41.12,2024.0,9
2024-09-25 01:00:00,6434,22.79,99.9,22.15,90.59,54.09,2024.0,9
2024-09-25 02:00:00,6435,22.51,99.9,22.0,91.35,56.97,2024.0,9
2024-09-25 03:00:00,6436,22.41,99.9,21.43,93.97,58.79,2024.0,9
2024-09-25 05:00:00,6438,21.83,99.9,20.99,96.51,70.58,2024.0,9
2024-09-25 06:00:00,6439,24.84,99.87,25.0,79.56,47.31,2024.0,9
2024-09-25 07:00:00,6440,31.24,89.09,28.67,65.71,42.43,2024.0,9
2024-09-25 09:00:00,6442,32.41,71.19,33.44,52.4,47.79,2024.0,9
2024-09-25 10:00:00,6443,33.21,65.98,36.3,45.48,43.24,2024.0,9
2024-09-25 11:00:00,6444,34.63,55.55,35.69,43.71,33.8,2024.0,9
2024-09-25 12:00:00,6445,35.47,51.78,33.66,48.3,38.41,2024.0,9
2024-09-25 13:00:00,6446,26.53,91.13,23.67,90.94,37.32,2024.0,9
2024-09-25 14:00:00,6447,22.57,99.9,21.92,98.38,37.89,2024.0,9
2024-09-25 15:00:00,6448,22.1,99.9,21.55,98.8,31.0,2024.0,9
2024-09-25 16:00:00,6449,22.85,99.9,22.18,98.69,33.72,2024.0,9
2024-09-25 17:00:00,6450,23.0,99.9,22.22,98.71,35.91,2024.0,9
2024-09-25 18:00:00,6451,23.01,99.9,22.21,98.37,33.98,2024.0,9
2024-09-25 19:00:00,6452,22.72,99.9,22.01,97.94,26.94,2024.0,9
2024-09-25 20:00:00,6453,22.94,99.9,21.83,98.36,25.53,2024.0,9
2024-09-25 21:00:00,6454,22.72,99.9,21.64,99.09,31.56,2024.0,9
2024-09-25 22:00:00,6455,22.68,99.9,21.38,99.82,39.34,2024.0,9
2024-09-26 00:00:00,6457,22.31,99.9,21.46,99.67,39.71,2024.0,9
2024-09-26 01:00:00,6458,22.31,99.9,21.68,99.25,44.45,2024.0,9
2024-09-26 02:00:00,6459,22.3,99.9,21.52,99.53,46.0,2024.0,9
2024-09-26 03:00:00,6460,22.2,99.9,21.52,99.63,53.99,2024.0,9
2024-09-26 04:00:00,6461,22.11,99.9,21.43,99.82,65.64,2024.0,9
2024-09-26 05:00:00,6462,21.81,99.9,21.15,99.65,44.59,2024.0,9
2024-09-26 06:00:00,6463,22.71,99.9,21.77,99.21,50.31,2024.0,9
2024-09-26 08:00:00,6465,31.64,97.77,29.88,85.01,54.04,2024.0,9
2024-09-26 12:00:00,6469,32.85,63.26,31.4,54.89,34.96,2024.0,9
2024-09-26 13:00:00,6470,28.05,97.91,26.24,80.19,33.36,2024.0,9
2024-09-26 14:00:00,6471,26.09,99.9,25.29,82.76,28.0,2024.0,9
2024-09-26 15:00:00,6472,25.42,99.9,24.14,85.97,26.13,2024.0,9
2024-09-26 16:00:00,6473,24.1,99.9,23.39,87.52,28.41,2024.0,9
2024-09-26 17:00:00,6474,23.7,99.9,23.08,86.45,31.86,2024.0,9
2024-09-26 18:00:00,6475,23.69,99.9,23.43,84.72,46.68,2024.0,9
2024-09-26 19:00:00,6476,23.65,99.9,22.16,93.86,45.07,2024.0,9
2024-09-26 20:00:00,6477,23.3,99.9,21.8,98.0,36.8,2024.0,9
2024-09-26 21:00:00,6478,23.3,99.9,22.46,95.95,36.25,2024.0,9
2024-09-26 22:00:00,6479,23.41,99.9,22.41,96.33,37.68,2024.0,9
2024-09-26 23:00:00,6480,23.14,99.9,22.66,94.65,35.49,2024.0,9
2024-09-27 00:00:00,6481,22.89,99.9,22.5,94.68,43.62,2024.0,9
2024-09-27 01:00:00,6482,22.82,99.9,22.34,94.9,57.17,2024.0,9
2024-09-27 02:00:00,6483,22.88,99.9,22.37,94.9,65.06,2024.0,9
2024-09-27 03:00:00,6484,22.74,99.9,22.1,95.85,53.62,2024.0,9
2024-09-27 04:00:00,6485,22.37,99.9,21.75,97.52,60.3,2024.0,9
2024-09-27 05:00:00,6486,22.04,99.9,21.29,98.04,68.34,2024.0,9
2024-09-27 06:00:00,6487,22.66,99.9,22.1,96.23,,2024.0,9
2024-09-27 07:00:00,6488,27.12,99.9,28.1,74.51,,2024.0,9
2024-09-27 08:00:00,6489,31.72,98.6,32.78,59.63,68.41,2024.0,9
2024-09-27 09:00:00,6490,33.18,80.98,35.03,50.01,50.09,2024.0,9
2024-09-27 10:00:00,6491,31.32,82.33,34.36,49.04,29.05,2024.0,9
2024-09-27 11:00:00,6492,31.57,75.59,32.95,50.47,28.7,2024.0,9
2024-09-27 12:00:00,6493,33.14,63.05,33.29,49.0,25.86,2024.0,9
2024-09-27 14:00:00,6495,35.82,53.38,33.66,51.44,38.47,2024.0,9
2024-09-27 15:00:00,6496,32.58,73.61,30.2,63.22,43.48,2024.0,9
2024-09-27 16:00:00,6497,29.35,99.05,28.43,71.33,35.73,2024.0,9
2024-09-27 17:00:00,6498,28.62,99.9,27.81,73.66,35.77,2024.0,9
2024-09-27 20:00:00,6501,26.45,99.9,26.17,80.89,40.03,2024.0,9
2024-09-27 21:00:00,6502,26.29,99.9,25.86,83.08,50.16,2024.0,9
2024-09-27 22:00:00,6503,26.14,99.9,25.69,84.36,62.62,2024.0,9
2024-09-27 23:00:00,6504,25.61,99.9,25.39,82.75,33.8,2024.0,9
2024-09-28 00:00:00,6505,25.23,99.9,24.9,84.26,33.81,2024.0,9
2024-09-28 01:00:00,6506,24.83,99.9,24.37,86.21,35.15,2024.0,9
2024-09-28 02:00:00,6507,24.63,99.9,24.3,86.0,34.29,2024.0,9
2024-09-28 03:00:00,6508,24.46,99.9,23.25,91.12,40.7,2024.0,9
2024-09-28 04:00:00,6509,24.07,99.9,23.12,91.2,37.63,2024.0,9
2024-09-28 05:00:00,6510,23.65,99.9,23.55,87.26,35.64,2024.0,9
2024-09-28 06:00:00,6511,24.39,99.9,24.67,84.4,39.58,2024.0,9
2024-09-28 07:00:00,6512,28.58,99.9,29.84,65.67,30.94,2024.0,9
2024-09-28 08:00:00,6513,30.98,95.49,32.87,54.75,26.78,2024.0,9
2024-09-28 09:00:00,6514,31.46,89.96,33.86,51.59,27.94,2024.0,9
2024-09-28 10:00:00,6515,32.36,78.24,34.62,48.92,38.07,2024.0,9
2024-09-28 16:00:00,6521,32.39,68.31,31.41,56.63,43.8,2024.0,9
2024-09-28 18:00:00,6523,28.0,99.9,26.72,76.68,34.62,2024.0,9
2024-09-28 19:00:00,6524,26.93,99.9,26.33,77.29,34.89,2024.0,9
2024-09-28 20:00:00,6525,26.62,99.9,26.34,77.46,34.93,2024.0,9
2024-09-28 21:00:00,6526,26.01,99.9,25.59,78.05,30.27,2024.0,9
2024-09-28 22:00:00,6527,24.94,99.9,24.43,79.86,30.33,2024.0,9
2024-09-28 23:00:00,6528,24.15,99.9,23.66,80.94,26.48,2024.0,9
2024-09-29 00:00:00,6529,23.66,99.9,23.17,82.14,28.01,2024.0,9
2024-09-29 01:00:00,6530,23.4,99.9,22.78,83.68,30.8,2024.0,9
2024-09-29 02:00:00,6531,23.08,99.9,22.44,85.01,30.44,2024.0,9
2024-09-29 03:00:00,6532,22.84,99.9,22.12,86.51,35.77,2024.0,9
2024-09-29 04:00:00,6533,22.74,99.9,21.82,89.59,39.98,2024.0,9
2024-09-29 05:00:00,6534,22.4,99.9,21.53,92.55,57.62,2024.0,9
2024-09-29 06:00:00,6535,26.31,99.88,26.65,74.4,61.62,2024.0,9
2024-09-29 07:00:00,6536,31.79,87.56,30.82,59.89,44.16,2024.0,9
2024-09-29 08:00:00,6537,32.37,78.17,33.29,52.94,38.67,2024.0,9
2024-09-29 09:00:00,6538,31.55,77.06,33.21,51.79,36.62,2024.0,9
2024-09-29 10:00:00,6539,31.64,73.8,33.52,50.28,38.59,2024.0,9
2024-09-29 12:00:00,6541,33.31,62.5,32.87,51.7,44.1,2024.0,9
2024-09-29 13:00:00,6542,35.32,56.64,34.78,48.37,41.37,2024.0,9
2024-09-29 14:00:00,6543,36.7,52.24,33.87,51.8,45.83,2024.0,9
2024-09-29 15:00:00,6544,32.39,64.86,31.31,56.78,42.43,2024.0,9
2024-09-29 16:00:00,6545,31.32,77.71,30.2,62.07,44.18,2024.0,9
2024-09-29 17:00:00,6546,29.64,96.09,28.64,69.46,42.79,2024.0,9
2024-09-29 18:00:00,6547,26.29,99.34,25.6,73.54,23.07,2024.0,9
2024-09-29 19:00:00,6548,25.41,99.9,25.11,74.05,24.72,2024.0,9
2024-09-29 20:00:00,6549,25.48,99.9,24.99,78.24,29.78,2024.0,9
2024-09-29 21:00:00,6550,25.48,99.9,24.75,80.43,30.13,2024.0,9
2024-09-29 22:00:00,6551,24.97,99.9,24.16,82.9,29.85,2024.0,9
2024-09-29 23:00:00,6552,24.65,99.9,23.75,85.35,32.2,2024.0,9
2024-09-30 00:00:00,6553,23.98,99.9,22.84,90.73,44.3,2024.0,9
2024-09-30 01:00:00,6554,23.48,99.9,22.75,88.66,33.34,2024.0,9
2024-09-30 02:00:00,6555,23.16,99.9,22.51,89.28,38.19,2024.0,9
2024-09-30 03:00:00,6556,22.8,99.9,21.96,92.55,45.26,2024.0,9
2024-09-30 04:00:00,6557,22.7,99.9,21.86,92.67,44.4,2024.0,9
2024-09-30 05:00:00,6558,22.64,99.9,21.85,92.7,59.34,2024.0,9
2024-09-30 06:00:00,6559,24.9,99.9,24.94,79.65,54.54,2024.0,9
2024-09-30 07:00:00,6560,29.97,96.44,29.94,62.16,41.93,2024.0,9
2024-09-30 08:00:00,6561,30.93,88.56,32.71,53.61,32.96,2024.0,9
2024-09-30 09:00:00,6562,31.73,56.81,33.96,42.11,32.59,2024.0,9
2024-09-30 10:00:00,6563,32.34,49.82,35.13,37.98,31.87,2024.0,9
2024-09-30 11:00:00,6564,33.4,47.44,34.23,40.1,33.21,2024.0,9
2024-09-30 12:00:00,6565,34.67,41.23,33.93,37.96,28.1,2024.0,9
2024-09-30 13:00:00,6566,34.37,40.83,33.9,38.01,31.79,2024.0,9
2024-09-30 14:00:00,6567,35.75,39.61,34.86,37.62,33.07,2024.0,9
2024-09-30 15:00:00,6568,34.45,42.04,33.06,41.22,32.0,2024.0,9
2024-09-30 16:00:00,6569,32.36,48.84,31.51,46.6,35.1,2024.0,9
2024-09-30 17:00:00,6570,30.34,60.18,29.44,54.78,39.93,2024.0,9
2024-09-30 18:00:00,6571,27.91,85.67,27.67,62.37,32.75,2024.0,9
2024-09-30 19:00:00,6572,26.76,98.23,26.24,69.94,33.95,2024.0,9
2024-09-30 20:00:00,6573,25.9,99.9,25.51,73.54,35.32,2024.0,9
2024-09-30 21:00:00,6574,25.54,99.9,25.0,76.7,37.22,2024.0,9
2024-09-30 22:00:00,6575,24.94,99.9,24.24,81.01,48.38,2024.0,9
2024-09-30 23:00:00,6576,24.39,99.9,23.74,82.25,50.92,2024.0,9
2024-10-01 00:00:00,6577,24.21,99.9,23.47,81.27,44.31,2024.0,10
2024-10-01 01:00:00,6578,23.86,99.9,23.06,82.25,46.01,2024.0,10
2024-10-01 02:00:00,6579,23.93,99.9,23.5,80.96,49.34,2024.0,10
2024-10-01 03:00:00,6580,23.71,99.9,22.87,84.33,57.78,2024.0,10
2024-10-01 04:00:00,6581,23.18,99.9,22.22,87.29,58.91,2024.0,10
2024-10-01 05:00:00,6582,22.8,99.9,22.16,87.19,64.97,2024.0,10
2024-10-01 06:00:00,6583,25.8,99.63,26.36,73.56,76.24,2024.0,10
2024-10-01 07:00:00,6584,32.88,75.99,31.74,56.76,,2024.0,10
2024-10-01 08:00:00,6585,32.87,70.09,33.31,52.76,61.97,2024.0,10
2024-10-01 09:00:00,6586,32.76,62.5,34.2,47.15,45.57,2024.0,10
2024-10-01 10:00:00,6587,32.89,51.06,35.22,39.92,35.5,2024.0,10
2024-10-01 11:00:00,6588,34.1,47.07,34.7,40.42,36.62,2024.0,10
2024-10-01 12:00:00,6589,34.73,45.66,34.27,41.47,37.45,2024.0,10
2024-10-01 13:00:00,6590,35.95,43.04,35.21,40.18,38.9,2024.0,10
2024-10-01 14:00:00,6591,34.89,45.56,34.13,42.89,38.93,2024.0,10
2024-10-01 16:00:00,6593,32.08,53.22,31.3,50.12,41.43,2024.0,10
2024-10-01 17:00:00,6594,30.21,63.52,29.53,56.2,43.68,2024.0,10
2024-10-01 18:00:00,6595,28.45,88.52,27.94,65.46,36.38,2024.0,10
2024-10-01 19:00:00,6596,27.68,99.07,27.06,70.83,33.08,2024.0,10
2024-10-01 20:00:00,6597,26.63,99.9,26.02,76.64,39.51,2024.0,10
2024-10-01 21:00:00,6598,26.27,99.9,25.78,76.97,39.64,2024.0,10
2024-10-01 22:00:00,6599,25.68,99.9,25.25,78.02,29.16,2024.0,10
2024-10-01 23:00:00,6600,25.4,99.9,24.52,81.18,27.79,2024.0,10
2024-10-02 00:00:00,6601,25.06,99.9,24.36,82.46,26.07,2024.0,10
2024-10-02 01:00:00,6602,24.05,99.9,23.14,90.62,29.08,2024.0,10
2024-10-02 02:00:00,6603,23.18,99.9,22.17,97.02,21.53,2024.0,10
2024-10-02 03:00:00,6604,23.29,99.9,22.12,97.79,21.1,2024.0,10
2024-10-02 04:00:00,6605,22.93,99.9,21.51,98.02,27.91,2024.0,10
2024-10-02 05:00:00,6606,22.72,99.9,21.62,97.94,32.16,2024.0,10
2024-10-02 06:00:00,6607,25.16,99.9,23.96,94.06,38.31,2024.0,10
2024-10-02 10:00:00,6611,32.61,69.37,32.45,54.43,43.26,2024.0,10
2024-10-02 11:00:00,6612,33.12,60.71,33.2,49.99,42.72,2024.0,10
2024-10-02 13:00:00,6614,35.67,42.02,34.99,39.2,32.07,2024.0,10
2024-10-02 14:00:00,6615,35.49,43.46,34.36,41.93,33.93,2024.0,10
2024-10-02 22:00:00,6623,,0.0,24.85,74.5,,2024.0,10
2024-10-02 23:00:00,6624,,0.0,25.63,80.5,15.73,2024.0,10
2024-10-03 00:00:00,6625,,0.0,26.04,92.15,49.63,2024.0,10
2024-10-03 01:00:00,6626,,0.0,26.18,98.96,48.4,2024.0,10
2024-10-03 02:00:00,6627,,0.0,26.26,98.43,44.07,2024.0,10
2024-10-03 03:00:00,6628,,0.0,26.3,99.39,41.6,2024.0,10
2024-10-03 04:00:00,6629,,0.0,26.27,99.9,38.24,2024.0,10
2024-10-03 05:00:00,6630,,0.0,26.13,99.9,37.47,2024.0,10
2024-10-03 06:00:00,6631,,0.0,26.04,99.9,40.97,2024.0,10
2024-10-03 07:00:00,6632,,0.0,26.23,99.9,45.76,2024.0,10
2024-10-03 08:00:00,6633,,0.0,26.41,99.82,45.87,2024.0,10
2024-10-03 09:00:00,6634,,0.0,26.57,98.7,45.73,2024.0,10
2024-10-03 11:00:00,6636,32.16,53.86,32.28,79.54,42.0,2024.0,10
2024-10-03 12:00:00,6637,32.26,53.48,33.28,75.49,41.13,2024.0,10
2024-10-03 13:00:00,6638,33.91,47.6,33.88,70.54,36.6,2024.0,10
2024-10-03 14:00:00,6639,33.03,49.27,34.38,68.19,37.56,2024.0,10
2024-10-03 15:00:00,6640,31.33,52.6,32.1,73.71,38.4,2024.0,10
2024-10-03 16:00:00,6641,29.62,56.01,31.13,75.46,39.5,2024.0,10
2024-10-03 17:00:00,6642,28.03,63.04,28.85,85.97,44.53,2024.0,10
2024-10-03 18:00:00,6643,26.48,71.47,26.86,97.81,48.62,2024.0,10
2024-10-03 19:00:00,6644,25.42,75.18,25.92,99.9,47.9,2024.0,10
2024-10-03 20:00:00,6645,24.65,79.4,25.19,99.9,47.42,2024.0,10
2024-10-03 21:00:00,6646,24.32,82.18,24.85,99.9,32.25,2024.0,10
2024-10-03 22:00:00,6647,24.49,82.22,24.63,99.9,24.16,2024.0,10
2024-10-03 23:00:00,6648,23.54,85.83,24.25,99.9,25.71,2024.0,10
2024-10-04 00:00:00,6649,22.89,88.14,23.73,99.9,28.99,2024.0,10
2024-10-04 01:00:00,6650,22.66,87.89,23.13,99.9,25.55,2024.0,10
2024-10-04 02:00:00,6651,22.04,90.66,22.8,99.9,28.83,2024.0,10
2024-10-04 03:00:00,6652,21.95,91.07,22.59,99.9,31.71,2024.0,10
2024-10-04 04:00:00,6653,21.45,93.14,22.28,99.9,36.22,2024.0,10
2024-10-04 05:00:00,6654,21.22,94.34,22.0,99.9,45.4,2024.0,10
2024-10-04 06:00:00,6655,24.4,81.59,23.61,99.9,65.28,2024.0,10
2024-10-04 07:00:00,6656,30.61,60.16,30.59,93.38,54.27,2024.0,10
2024-10-04 08:00:00,6657,32.64,52.66,31.67,85.38,43.73,2024.0,10
2024-10-04 09:00:00,6658,33.54,47.94,32.72,75.55,37.6,2024.0,10
2024-10-04 10:00:00,6659,34.07,45.29,32.7,72.53,33.77,2024.0,10
2024-10-04 11:00:00,6660,33.26,46.81,33.94,68.0,35.3,2024.0,10
2024-10-04 12:00:00,6661,33.35,48.7,34.42,69.06,41.55,2024.0,10
2024-10-04 13:00:00,6662,32.44,51.77,33.28,72.91,44.55,2024.0,10
2024-10-04 14:00:00,6663,27.68,66.99,28.92,91.23,56.37,2024.0,10
2024-10-04 15:00:00,6664,28.06,66.94,29.12,93.08,53.97,2024.0,10
2024-10-04 16:00:00,6665,27.48,67.05,28.13,93.95,53.17,2024.0,10
2024-10-04 17:00:00,6666,26.92,70.43,27.73,97.0,49.83,2024.0,10
2024-10-04 18:00:00,6667,26.04,75.26,26.69,99.83,51.38,2024.0,10
2024-10-04 19:00:00,6668,23.92,88.76,24.71,99.9,36.98,2024.0,10
2024-10-04 20:00:00,6669,23.76,88.3,24.18,99.9,33.79,2024.0,10
2024-10-04 21:00:00,6670,23.56,90.36,24.46,99.9,51.13,2024.0,10
2024-10-04 22:00:00,6671,23.13,92.66,24.01,99.9,49.4,2024.0,10
2024-10-04 23:00:00,6672,23.11,91.95,23.89,99.9,47.35,2024.0,10
2024-10-05 00:00:00,6673,23.1,83.85,23.71,99.9,27.83,2024.0,10
2024-10-05 01:00:00,6674,21.97,86.89,22.63,99.9,25.95,2024.0,10
2024-10-05 02:00:00,6675,21.59,86.87,22.04,99.9,24.54,2024.0,10
2024-10-05 03:00:00,6676,21.09,89.5,21.64,99.9,30.55,2024.0,10
2024-10-05 04:00:00,6677,20.98,88.77,21.42,99.9,33.3,2024.0,10
2024-10-05 05:00:00,6678,21.17,88.85,21.58,99.9,50.92,2024.0,10
2024-10-05 06:00:00,6679,23.08,86.42,22.89,99.9,68.96,2024.0,10
2024-10-05 07:00:00,6680,31.72,57.92,30.57,91.55,65.2,2024.0,10
2024-10-05 08:00:00,6681,31.89,53.35,32.95,77.98,47.37,2024.0,10
2024-10-05 09:00:00,6682,32.43,51.51,31.47,81.93,43.9,2024.0,10
2024-10-05 10:00:00,6683,33.81,48.29,33.95,72.92,40.83,2024.0,10
2024-10-05 11:00:00,6684,35.13,45.15,38.04,60.99,39.33,2024.0,10
2024-10-05 12:00:00,6685,35.83,44.3,39.71,56.93,40.53,2024.0,10
2024-10-05 13:00:00,6686,32.44,55.03,36.31,67.31,58.17,2024.0,10
2024-10-05 14:00:00,6687,27.19,71.67,28.77,94.5,55.5,2024.0,10
2024-10-05 15:00:00,6688,26.93,73.43,27.67,99.9,56.73,2024.0,10
2024-10-05 16:00:00,6689,25.53,78.09,25.91,99.9,61.67,2024.0,10
2024-10-05 17:00:00,6690,25.22,80.0,25.58,99.9,50.89,2024.0,10
2024-10-05 18:00:00,6691,25.3,80.21,25.84,99.9,57.09,2024.0,10
2024-10-05 19:00:00,6692,25.03,79.17,25.76,99.9,50.63,2024.0,10
2024-10-05 20:00:00,6693,24.27,85.14,24.91,99.9,36.63,2024.0,10
2024-10-05 21:00:00,6694,24.12,86.27,24.7,99.9,38.97,2024.0,10
2024-10-05 22:00:00,6695,24.21,82.09,24.78,99.9,36.92,2024.0,10
2024-10-05 23:00:00,6696,23.3,82.4,23.64,99.9,31.74,2024.0,10
2024-10-06 00:00:00,6697,22.37,86.48,22.88,99.9,29.86,2024.0,10
2024-10-06 01:00:00,6698,21.99,87.54,22.64,99.9,30.64,2024.0,10
2024-10-06 02:00:00,6699,21.7,88.24,22.44,99.9,32.27,2024.0,10
2024-10-06 03:00:00,6700,21.48,88.09,22.1,99.9,30.73,2024.0,10
2024-10-06 04:00:00,6701,21.15,88.87,21.81,99.9,33.08,2024.0,10
2024-10-06 05:00:00,6702,21.49,91.39,21.88,99.9,59.54,2024.0,10
2024-10-06 06:00:00,6703,23.92,82.91,24.13,99.9,,2024.0,10
2024-10-06 07:00:00,6704,31.83,56.69,30.93,91.9,72.47,2024.0,10
2024-10-06 08:00:00,6705,34.08,47.61,34.47,72.48,41.67,2024.0,10
2024-10-06 09:00:00,6706,34.12,47.5,33.02,75.71,44.7,2024.0,10
2024-10-06 10:00:00,6707,33.17,46.01,33.13,69.84,40.2,2024.0,10
2024-10-06 11:00:00,6708,32.73,42.89,33.79,61.69,34.87,2024.0,10
2024-10-06 12:00:00,6709,33.28,43.39,34.93,60.35,35.7,2024.0,10
2024-10-06 13:00:00,6710,34.23,41.74,34.98,60.09,36.9,2024.0,10
2024-10-06 14:00:00,6711,34.29,43.2,35.66,60.17,39.5,2024.0,10
2024-10-06 15:00:00,6712,32.97,46.43,35.19,61.93,39.43,2024.0,10
2024-10-06 16:00:00,6713,28.89,53.87,30.64,72.04,38.9,2024.0,10
2024-10-06 17:00:00,6714,27.38,56.8,27.83,80.5,41.41,2024.0,10
2024-10-06 18:00:00,6715,26.51,59.36,27.28,83.3,47.9,2024.0,10
2024-10-06 19:00:00,6716,24.88,65.1,25.65,90.9,46.17,2024.0,10
2024-10-06 20:00:00,6717,23.78,70.21,24.68,96.24,52.3,2024.0,10
2024-10-06 21:00:00,6718,23.36,72.0,23.94,99.75,57.37,2024.0,10
2024-10-06 22:00:00,6719,22.86,75.2,23.5,99.9,73.07,2024.0,10
2024-10-06 23:00:00,6720,22.52,79.37,23.07,99.9,,2024.0,10
2024-10-07 00:00:00,6721,21.9,83.75,22.9,99.9,68.61,2024.0,10
2024-10-07 01:00:00,6722,21.26,84.37,22.26,99.9,55.36,2024.0,10
2024-10-07 02:00:00,6723,20.96,86.01,21.88,99.9,55.38,2024.0,10
2024-10-07 03:00:00,6724,20.58,88.75,21.52,99.9,57.57,2024.0,10
2024-10-07 04:00:00,6725,20.55,90.8,21.28,99.9,55.7,2024.0,10
2024-10-07 06:00:00,6727,23.3,80.19,22.83,99.9,71.76,2024.0,10
2024-10-07 07:00:00,6728,29.73,60.99,29.51,95.72,67.21,2024.0,10
2024-10-07 08:00:00,6729,31.49,55.77,30.54,92.12,47.72,2024.0,10
2024-10-07 09:00:00,6730,32.07,46.22,30.47,78.52,35.03,2024.0,10
2024-10-07 10:00:00,6731,32.29,42.53,30.45,70.53,30.47,2024.0,10
2024-10-07 11:00:00,6732,32.21,44.27,31.55,69.16,33.83,2024.0,10
2024-10-07 12:00:00,6733,31.95,44.76,32.79,65.35,33.93,2024.0,10
2024-10-07 13:00:00,6734,33.35,41.94,33.94,61.39,35.43,2024.0,10
2024-10-07 14:00:00,6735,35.56,37.26,36.28,55.68,33.24,2024.0,10
2024-10-07 15:00:00,6736,35.61,37.79,37.82,53.35,33.67,2024.0,10
2024-10-07 16:00:00,6737,33.38,42.75,36.64,55.74,35.52,2024.0,10
2024-10-07 17:00:00,6738,29.77,51.88,32.06,67.72,38.83,2024.0,10
2024-10-07 18:00:00,6739,27.25,60.72,27.78,85.8,44.13,2024.0,10
2024-10-07 19:00:00,6740,25.53,69.95,25.92,97.58,52.57,2024.0,10
2024-10-07 20:00:00,6741,24.81,73.58,24.86,99.9,53.17,2024.0,10
2024-10-07 21:00:00,6742,24.24,75.43,24.39,99.9,47.7,2024.0,10
2024-10-07 22:00:00,6743,23.23,80.76,23.68,99.9,36.49,2024.0,10
2024-10-07 23:00:00,6744,23.17,79.99,23.31,99.9,39.24,2024.0,10
2024-10-08 00:00:00,6745,22.65,81.8,23.14,99.9,44.81,2024.0,10
2024-10-08 01:00:00,6746,21.75,84.86,22.64,99.9,42.59,2024.0,10
2024-10-08 02:00:00,6747,21.36,87.21,22.22,99.9,40.58,2024.0,10
2024-10-08 03:00:00,6748,20.79,88.59,21.76,99.9,53.11,2024.0,10
2024-10-08 04:00:00,6749,20.3,90.56,21.21,99.9,56.24,2024.0,10
2024-10-08 05:00:00,6750,20.03,91.16,20.91,99.9,66.07,2024.0,10
2024-10-08 06:00:00,6751,24.01,76.75,23.2,99.9,,2024.0,10
2024-10-08 07:00:00,6752,29.07,60.97,28.91,96.45,67.31,2024.0,10
2024-10-08 08:00:00,6753,31.22,54.92,30.4,91.2,39.07,2024.0,10
2024-10-08 09:00:00,6754,32.4,49.01,30.88,83.41,38.17,2024.0,10
2024-10-08 10:00:00,6755,33.05,47.03,31.52,78.31,37.77,2024.0,10
2024-10-08 11:00:00,6756,32.77,46.53,32.37,73.02,39.69,2024.0,10
2024-10-08 12:00:00,6757,32.26,48.01,33.1,70.36,42.67,2024.0,10
2024-10-08 13:00:00,6758,33.87,44.04,34.16,65.79,43.47,2024.0,10
2024-10-08 14:00:00,6759,34.75,39.88,35.09,59.39,39.1,2024.0,10
2024-10-08 15:00:00,6760,34.03,40.98,35.62,57.77,38.21,2024.0,10
2024-10-08 16:00:00,6761,31.84,46.38,33.59,62.98,39.83,2024.0,10
2024-10-08 17:00:00,6762,28.92,55.84,29.96,77.08,46.77,2024.0,10
2024-10-08 18:00:00,6763,27.09,68.87,27.77,95.95,47.83,2024.0,10
2024-10-08 19:00:00,6764,25.74,76.32,26.35,99.9,51.53,2024.0,10
2024-10-08 20:00:00,6765,24.59,81.61,25.11,99.9,43.87,2024.0,10
2024-10-08 21:00:00,6766,24.25,81.18,24.58,99.9,44.32,2024.0,10
2024-10-08 22:00:00,6767,23.65,79.4,24.23,99.9,39.81,2024.0,10
2024-10-08 23:00:00,6768,22.59,83.75,23.4,99.9,35.0,2024.0,10
2024-10-09 00:00:00,6769,22.33,84.41,22.94,99.9,34.15,2024.0,10
2024-10-09 01:00:00,6770,21.89,85.98,22.59,99.9,35.64,2024.0,10
2024-10-09 02:00:00,6771,21.56,87.09,22.34,99.9,37.77,2024.0,10
2024-10-09 03:00:00,6772,20.69,90.29,21.79,99.9,64.7,2024.0,10
2024-10-09 04:00:00,6773,20.3,91.92,21.28,99.9,60.55,2024.0,10
2024-10-09 05:00:00,6774,20.2,92.36,20.91,99.9,57.24,2024.0,10
2024-10-09 06:00:00,6775,24.7,76.2,23.77,99.9,68.86,2024.0,10
2024-10-09 07:00:00,6776,30.44,57.3,30.54,91.73,61.1,2024.0,10
2024-10-09 08:00:00,6777,31.5,54.39,31.25,87.18,36.93,2024.0,10
2024-10-09 09:00:00,6778,32.5,51.38,31.56,84.76,39.03,2024.0,10
2024-10-09 10:00:00,6779,31.82,53.01,31.25,85.06,39.17,2024.0,10
2024-10-09 11:00:00,6780,32.84,49.58,33.26,75.35,37.43,2024.0,10
2024-10-09 12:00:00,6781,32.94,48.63,34.15,70.46,38.5,2024.0,10
2024-10-09 13:00:00,6782,34.08,45.57,34.73,66.67,39.33,2024.0,10
2024-10-09 14:00:00,6783,34.21,46.56,34.62,68.46,40.6,2024.0,10
2024-10-09 15:00:00,6784,31.54,55.1,33.12,76.14,41.86,2024.0,10
2024-10-09 16:00:00,6785,31.7,58.15,32.85,83.71,52.47,2024.0,10
2024-10-09 17:00:00,6786,29.25,63.09,32.09,82.53,43.53,2024.0,10
2024-10-09 18:00:00,6787,26.85,73.02,27.61,99.0,52.87,2024.0,10
2024-10-09 19:00:00,6788,25.58,78.9,25.9,99.9,49.59,2024.0,10
2024-10-09 20:00:00,6789,24.89,81.41,25.1,99.9,40.93,2024.0,10
2024-10-09 21:00:00,6790,23.74,82.91,24.2,99.9,37.74,2024.0,10
2024-10-09 22:00:00,6791,23.24,83.26,23.59,99.9,30.35,2024.0,10
2024-10-09 23:00:00,6792,22.7,84.95,23.05,99.9,27.72,2024.0,10
2024-10-10 00:00:00,6793,22.29,86.05,22.79,99.9,29.44,2024.0,10
2024-10-10 01:00:00,6794,21.92,87.17,22.46,99.9,45.58,2024.0,10
2024-10-10 02:00:00,6795,21.59,88.53,22.21,99.9,37.41,2024.0,10
2024-10-10 03:00:00,6796,21.3,89.91,21.99,99.9,31.98,2024.0,10
2024-10-10 04:00:00,6797,20.9,92.69,21.8,99.9,44.51,2024.0,10
2024-10-10 05:00:00,6798,20.65,95.02,21.58,99.9,54.14,2024.0,10
2024-10-10 06:00:00,6799,22.98,85.8,22.49,99.9,73.03,2024.0,10
2024-10-10 07:00:00,6800,30.16,60.98,29.75,96.08,63.6,2024.0,10
2024-10-10 08:00:00,6801,32.91,53.31,32.54,87.57,49.37,2024.0,10
2024-10-10 09:00:00,6802,34.74,48.18,34.03,78.11,40.43,2024.0,10
2024-10-10 10:00:00,6803,35.16,45.96,34.02,74.45,38.9,2024.0,10
2024-10-10 11:00:00,6804,34.01,47.79,34.23,72.5,40.47,2024.0,10
2024-10-10 12:00:00,6805,32.73,50.92,33.87,73.38,40.0,2024.0,10
2024-10-10 13:00:00,6806,31.94,52.65,32.4,77.64,38.2,2024.0,10
2024-10-10 14:00:00,6807,31.65,55.53,32.82,79.07,47.2,2024.0,10
2024-10-10 15:00:00,6808,29.26,65.58,30.89,91.58,55.87,2024.0,10
2024-10-10 16:00:00,6809,27.16,73.51,28.13,99.85,62.53,2024.0,10
2024-10-10 17:00:00,6810,25.66,78.42,26.96,99.9,41.73,2024.0,10
2024-10-10 18:00:00,6811,25.11,82.4,25.75,99.9,39.46,2024.0,10
2024-10-10 19:00:00,6812,25.44,82.0,26.14,99.9,55.44,2024.0,10
2024-10-10 20:00:00,6813,25.73,73.44,26.3,99.9,57.69,2024.0,10
2024-10-10 21:00:00,6814,25.22,73.72,26.09,99.9,48.47,2024.0,10
2024-10-10 22:00:00,6815,24.71,84.26,25.57,99.9,43.75,2024.0,10
2024-10-10 23:00:00,6816,24.14,84.95,25.11,99.9,43.17,2024.0,10
2024-10-11 00:00:00,6817,23.52,86.15,24.44,99.9,43.39,2024.0,10
2024-10-11 01:00:00,6818,22.85,89.27,23.6,99.9,50.07,2024.0,10
2024-10-11 02:00:00,6819,22.25,91.08,22.99,99.9,42.38,2024.0,10
2024-10-11 03:00:00,6820,21.86,92.49,22.68,99.9,45.27,2024.0,10
2024-10-11 04:00:00,6821,21.94,91.65,22.47,99.9,36.06,2024.0,10
2024-10-11 05:00:00,6822,21.42,94.14,22.28,99.9,41.44,2024.0,10
2024-10-11 06:00:00,6823,24.56,81.97,23.93,99.9,68.62,2024.0,10
2024-10-11 07:00:00,6824,28.91,66.53,29.17,99.9,74.15,2024.0,10
2024-10-11 08:00:00,6825,32.21,56.51,31.61,93.79,50.59,2024.0,10
2024-10-11 09:00:00,6826,32.21,55.53,31.02,92.73,42.29,2024.0,10
2024-10-11 18:00:00,6835,27.39,68.42,27.72,97.78,46.93,2024.0,10
2024-10-11 19:00:00,6836,26.33,71.57,26.81,99.9,47.73,2024.0,10
2024-10-11 20:00:00,6837,25.33,75.74,25.78,99.9,51.21,2024.0,10
2024-10-11 21:00:00,6838,24.58,79.8,25.07,99.9,44.91,2024.0,10
2024-10-11 22:00:00,6839,24.26,82.78,24.86,99.9,46.37,2024.0,10
2024-10-11 23:00:00,6840,23.8,85.55,24.37,99.9,48.17,2024.0,10
2024-10-12 00:00:00,6841,23.32,88.1,24.18,99.9,53.69,2024.0,10
2024-10-12 01:00:00,6842,22.98,87.6,23.65,99.9,61.24,2024.0,10
2024-10-12 02:00:00,6843,23.01,85.58,23.34,99.9,35.98,2024.0,10
2024-10-12 03:00:00,6844,22.34,89.3,23.22,99.9,51.03,2024.0,10
2024-10-12 04:00:00,6845,22.16,91.81,22.99,99.9,70.51,2024.0,10
2024-10-12 05:00:00,6846,22.47,88.13,22.8,99.9,60.05,2024.0,10
2024-10-12 06:00:00,6847,25.83,75.92,25.23,99.9,,2024.0,10
2024-10-12 07:00:00,6848,29.31,63.31,28.44,99.4,57.3,2024.0,10
2024-10-12 08:00:00,6849,32.49,52.42,31.05,91.04,48.43,2024.0,10
2024-10-12 09:00:00,6850,34.61,46.4,33.22,78.7,38.5,2024.0,10
2024-10-12 10:00:00,6851,34.34,46.74,33.28,76.03,38.17,2024.0,10
2024-10-12 11:00:00,6852,33.01,49.13,33.4,74.31,35.37,2024.0,10
2024-10-12 12:00:00,6853,33.21,48.62,33.95,71.91,37.9,2024.0,10
2024-10-12 13:00:00,6854,34.13,47.06,34.55,70.04,36.57,2024.0,10
2024-10-12 14:00:00,6855,34.42,45.8,35.49,66.21,36.97,2024.0,10
2024-10-12 15:00:00,6856,34.85,45.71,36.47,64.32,38.1,2024.0,10
2024-10-12 17:00:00,6858,29.3,60.25,30.2,85.95,46.1,2024.0,10
2024-10-12 18:00:00,6859,28.04,66.65,28.67,94.56,49.07,2024.0,10
2024-10-12 19:00:00,6860,26.51,75.49,26.5,99.9,55.33,2024.0,10
2024-10-12 20:00:00,6861,25.55,80.37,25.65,99.9,50.87,2024.0,10
2024-10-12 21:00:00,6862,25.1,82.98,25.26,99.9,40.67,2024.0,10
2024-10-12 22:00:00,6863,24.46,86.24,25.06,99.9,59.99,2024.0,10
2024-10-12 23:00:00,6864,24.27,86.37,24.71,99.9,70.17,2024.0,10
2024-10-13 00:00:00,6865,23.82,87.27,24.36,99.9,48.95,2024.0,10
2024-10-13 01:00:00,6866,23.14,90.24,23.53,99.9,61.62,2024.0,10
2024-10-13 02:00:00,6867,23.16,88.28,23.34,99.9,46.77,2024.0,10
2024-10-13 03:00:00,6868,22.72,88.79,23.29,99.9,39.57,2024.0,10
2024-10-13 04:00:00,6869,22.38,89.52,23.02,99.9,33.46,2024.0,10
2024-10-13 05:00:00,6870,22.57,89.98,22.74,99.9,50.96,2024.0,10
2024-10-13 06:00:00,6871,26.72,74.11,26.0,99.9,57.33,2024.0,10
2024-10-13 07:00:00,6872,29.83,63.26,28.76,99.55,50.17,2024.0,10
2024-10-13 08:00:00,6873,31.95,55.77,30.75,94.76,46.3,2024.0,10
2024-10-13 09:00:00,6874,32.82,50.17,31.71,85.74,44.7,2024.0,10
2024-10-13 10:00:00,6875,32.7,46.25,31.72,76.18,44.4,2024.0,10
2024-10-13 11:00:00,6876,33.0,44.02,32.93,68.53,45.2,2024.0,10
2024-10-13 12:00:00,6877,33.42,39.57,33.94,59.85,39.67,2024.0,10
2024-10-13 13:00:00,6878,34.27,39.83,33.95,60.81,40.59,2024.0,10
2024-10-13 14:00:00,6879,34.04,37.81,34.99,56.23,39.13,2024.0,10
2024-10-13 15:00:00,6880,31.71,42.76,32.7,60.52,38.37,2024.0,10
2024-10-13 16:00:00,6881,29.98,49.68,30.96,69.62,41.27,2024.0,10
2024-10-13 17:00:00,6882,27.63,61.54,28.27,88.39,46.97,2024.0,10
2024-10-13 18:00:00,6883,26.23,74.08,27.21,97.21,53.2,2024.0,10
2024-10-13 19:00:00,6884,24.99,85.52,25.71,99.9,46.72,2024.0,10
2024-10-13 20:00:00,6885,24.53,88.18,25.15,99.9,51.41,2024.0,10
2024-10-13 21:00:00,6886,24.27,89.62,24.92,99.9,56.46,2024.0,10
2024-10-13 22:00:00,6887,23.89,91.62,24.64,99.9,58.71,2024.0,10
2024-10-13 23:00:00,6888,23.33,90.01,24.23,99.9,,2024.0,10
2024-10-14 00:00:00,6889,22.85,86.36,23.68,99.9,,2024.0,10
2024-10-14 01:00:00,6890,22.41,88.16,23.29,99.9,,2024.0,10
2024-10-14 02:00:00,6891,22.03,88.91,22.99,99.9,,2024.0,10
2024-10-14 03:00:00,6892,21.83,90.82,22.67,99.9,,2024.0,10
2024-10-14 04:00:00,6893,21.39,92.47,22.16,99.9,73.99,2024.0,10
2024-10-14 05:00:00,6894,21.52,92.02,22.05,99.9,70.08,2024.0,10
2024-10-14 06:00:00,6895,24.63,81.51,24.23,99.9,,2024.0,10
2024-10-14 07:00:00,6896,28.79,67.28,28.45,99.9,,2024.0,10
2024-10-14 08:00:00,6897,31.57,56.59,30.49,95.21,73.14,2024.0,10
2024-10-14 09:00:00,6898,33.45,50.56,32.09,87.4,52.63,2024.0,10
2024-10-14 10:00:00,6899,33.99,49.06,33.01,81.59,46.27,2024.0,10
2024-10-14 11:00:00,6900,33.45,46.36,33.3,72.94,42.28,2024.0,10
2024-10-14 12:00:00,6901,33.56,44.9,34.13,67.3,41.67,2024.0,10
2024-10-14 13:00:00,6902,34.75,41.55,34.71,63.45,39.93,2024.0,10
2024-10-14 14:00:00,6903,32.84,49.7,34.26,69.52,45.03,2024.0,10
2024-10-14 15:00:00,6904,30.0,59.78,31.48,84.66,63.3,2024.0,10
2024-10-14 16:00:00,6905,27.92,69.51,28.92,96.51,67.1,2024.0,10
2024-10-14 17:00:00,6906,27.32,74.3,27.94,99.9,,2024.0,10
2024-10-14 18:00:00,6907,26.8,77.28,27.29,99.9,,2024.0,10
2024-10-14 19:00:00,6908,25.15,82.17,25.72,99.9,51.28,2024.0,10
2024-10-14 20:00:00,6909,23.34,94.31,24.48,99.9,48.95,2024.0,10
2024-10-14 21:00:00,6910,23.78,91.03,24.07,99.9,54.07,2024.0,10
2024-10-14 22:00:00,6911,23.58,91.53,23.96,99.9,50.39,2024.0,10
2024-10-14 23:00:00,6912,23.65,91.72,24.12,99.9,48.33,2024.0,10
2024-10-15 00:00:00,6913,23.25,93.41,23.98,99.9,64.12,2024.0,10
2024-10-15 01:00:00,6914,22.82,94.92,23.67,99.9,,2024.0,10
2024-10-15 02:00:00,6915,22.63,94.83,23.16,99.9,,2024.0,10
2024-10-15 03:00:00,6916,22.35,92.92,22.76,99.9,,2024.0,10
2024-10-15 04:00:00,6917,21.96,90.17,22.49,99.9,55.12,2024.0,10
2024-10-15 05:00:00,6918,21.48,88.17,21.91,99.9,37.25,2024.0,10
2024-10-15 06:00:00,6919,24.86,76.13,24.38,99.9,,2024.0,10
2024-10-15 07:00:00,6920,31.34,55.25,31.2,91.22,56.57,2024.0,10
2024-10-15 08:00:00,6921,32.47,49.38,32.48,78.19,48.37,2024.0,10
2024-10-15 09:00:00,6922,32.76,45.83,32.06,73.04,45.17,2024.0,10
2024-10-15 10:00:00,6923,33.26,43.78,32.01,71.4,41.93,2024.0,10
2024-10-15 11:00:00,6924,32.92,41.95,33.17,63.13,39.37,2024.0,10
2024-10-15 12:00:00,6925,33.05,40.65,33.74,60.1,39.24,2024.0,10
2024-10-15 13:00:00,6926,35.22,35.08,35.09,55.0,37.03,2024.0,10
2024-10-15 14:00:00,6927,35.43,33.8,36.04,51.46,36.87,2024.0,10
2024-10-15 15:00:00,6928,33.29,39.75,34.73,56.04,40.31,2024.0,10
2024-10-15 16:00:00,6929,30.51,46.6,31.07,66.29,43.65,2024.0,10
2024-10-15 17:00:00,6930,27.91,58.21,28.15,84.7,47.72,2024.0,10
2024-10-15 18:00:00,6931,26.75,62.68,26.99,91.79,44.28,2024.0,10
2024-10-15 19:00:00,6932,25.72,65.88,25.9,96.36,52.18,2024.0,10
2024-10-15 20:00:00,6933,25.23,58.13,25.31,88.18,43.7,2024.0,10
2024-10-15 21:00:00,6934,24.71,52.51,24.77,78.88,36.55,2024.0,10
2024-10-15 22:00:00,6935,24.34,47.78,24.36,71.41,43.47,2024.0,10
2024-10-15 23:00:00,6936,24.1,46.05,24.15,68.45,45.27,2024.0,10
2024-10-16 00:00:00,6937,23.59,46.92,23.71,69.12,43.17,2024.0,10
2024-10-16 01:00:00,6938,23.83,42.84,23.77,63.96,29.7,2024.0,10
2024-10-16 02:00:00,6939,22.99,46.76,23.43,66.96,38.97,2024.0,10
2024-10-16 03:00:00,6940,22.64,47.91,22.95,69.37,40.9,2024.0,10
2024-10-16 04:00:00,6941,21.81,51.94,22.33,73.59,48.37,2024.0,10
2024-10-16 05:00:00,6942,20.66,56.99,21.26,79.63,68.57,2024.0,10
2024-10-16 06:00:00,6943,22.72,67.3,22.65,96.48,,2024.0,10
2024-10-16 07:00:00,6944,26.85,54.23,26.89,82.51,,2024.0,10
2024-10-16 08:00:00,6945,31.92,32.42,31.78,53.02,70.57,2024.0,10
2024-10-16 09:00:00,6946,34.03,26.64,33.19,44.94,37.5,2024.0,10
2024-10-16 10:00:00,6947,34.3,26.67,33.95,44.32,37.93,2024.0,10
2024-10-16 11:00:00,6948,33.79,27.11,34.88,42.83,35.45,2024.0,10
2024-10-16 12:00:00,6949,33.33,26.44,35.32,40.67,30.67,2024.0,10
2024-10-16 13:00:00,6950,34.55,26.04,34.92,41.82,34.72,2024.0,10
2024-10-16 14:00:00,6951,36.27,27.93,37.8,42.38,41.43,2024.0,10
2024-10-16 15:00:00,6952,35.67,33.39,40.26,44.27,43.07,2024.0,10
2024-10-16 16:00:00,6953,32.97,42.79,36.75,53.5,36.93,2024.0,10
2024-10-16 17:00:00,6954,29.07,59.38,30.77,58.54,39.96,2024.0,10
2024-10-16 18:00:00,6955,26.05,82.07,25.75,58.36,32.99,2024.0,10
2024-10-16 19:00:00,6956,24.73,85.72,24.6,59.01,23.43,2024.0,10
2024-10-16 20:00:00,6957,23.72,82.59,23.66,56.87,28.39,2024.0,10
2024-10-16 21:00:00,6958,22.72,83.81,22.67,57.56,31.61,2024.0,10
2024-10-16 22:00:00,6959,22.09,84.08,22.06,57.86,27.96,2024.0,10
2024-10-16 23:00:00,6960,21.33,88.24,21.0,61.58,27.61,2024.0,10
2024-10-17 00:00:00,6961,20.61,88.98,20.18,62.06,29.52,2024.0,10
2024-10-17 01:00:00,6962,19.49,94.49,18.87,69.1,40.78,2024.0,10
2024-10-17 02:00:00,6963,18.36,99.9,17.8,75.95,47.8,2024.0,10
2024-10-17 03:00:00,6964,17.6,99.9,17.11,74.61,41.49,2024.0,10
2024-10-17 04:00:00,6965,16.94,99.9,16.49,78.99,45.36,2024.0,10
2024-10-17 05:00:00,6966,16.57,99.9,16.44,76.49,46.07,2024.0,10
2024-10-17 06:00:00,6967,20.47,93.31,21.95,57.26,58.03,2024.0,10
2024-10-17 07:00:00,6968,29.62,63.6,29.44,41.37,,2024.0,10
2024-10-17 08:00:00,6969,31.71,55.35,31.14,36.81,45.4,2024.0,10
2024-10-17 09:00:00,6970,33.15,50.4,33.86,31.14,38.88,2024.0,10
2024-10-17 10:00:00,6971,35.19,46.06,35.23,28.43,33.11,2024.0,10
2024-10-17 11:00:00,6972,38.49,41.64,35.24,28.35,33.18,2024.0,10
2024-10-17 12:00:00,6973,37.01,42.01,33.95,29.2,37.11,2024.0,10
2024-10-17 13:00:00,6974,38.43,40.37,35.98,27.02,40.39,2024.0,10
2024-10-17 14:00:00,6975,37.89,42.27,35.34,29.11,40.3,2024.0,10
2024-10-17 15:00:00,6976,40.33,42.99,35.89,32.6,38.81,2024.0,10
2024-10-17 16:00:00,6977,35.03,56.38,31.59,45.18,48.7,2024.0,10
2024-10-17 17:00:00,6978,29.54,72.15,28.04,54.41,45.94,2024.0,10
2024-10-17 18:00:00,6979,25.63,94.2,25.46,64.79,50.43,2024.0,10
2024-10-17 19:00:00,6980,24.26,99.83,24.01,71.37,48.02,2024.0,10
2024-10-17 20:00:00,6981,23.2,99.9,23.26,72.27,34.15,2024.0,10
2024-10-17 21:00:00,6982,23.0,99.89,23.23,68.25,34.07,2024.0,10
2024-10-17 22:00:00,6983,22.79,98.88,22.77,67.23,28.19,2024.0,10
2024-10-17 23:00:00,6984,22.13,99.9,22.13,71.58,28.69,2024.0,10
2024-10-18 00:00:00,6985,21.79,99.9,21.55,75.46,54.84,2024.0,10
2024-10-18 01:00:00,6986,21.03,99.9,20.79,78.15,25.41,2024.0,10
2024-10-18 02:00:00,6987,20.47,99.9,20.29,78.91,25.3,2024.0,10
2024-10-18 03:00:00,6988,20.19,99.9,19.62,82.3,31.27,2024.0,10
2024-10-18 04:00:00,6989,19.89,99.9,19.3,85.69,46.88,2024.0,10
2024-10-18 05:00:00,6990,19.61,99.9,19.5,85.35,54.56,2024.0,10
2024-10-18 06:00:00,6991,23.52,98.84,24.96,65.86,57.84,2024.0,10
2024-10-18 07:00:00,6992,31.23,78.83,30.55,50.39,75.64,2024.0,10
2024-10-18 08:00:00,6993,32.99,63.44,33.14,41.23,44.96,2024.0,10
2024-10-18 09:00:00,6994,33.8,59.64,34.47,38.52,43.38,2024.0,10
2024-10-18 10:00:00,6995,36.45,54.76,36.54,35.43,45.47,2024.0,10
2024-10-18 11:00:00,6996,35.97,54.59,34.04,39.09,49.29,2024.0,10
2024-10-18 12:00:00,6997,35.46,57.19,33.16,42.43,57.45,2024.0,10
2024-10-18 13:00:00,6998,34.94,56.73,33.3,40.74,47.0,2024.0,10
2024-10-18 14:00:00,6999,36.43,53.08,34.09,38.26,43.83,2024.0,10
2024-10-18 15:00:00,7000,38.42,49.77,34.81,37.19,44.62,2024.0,10
2024-10-18 16:00:00,7001,37.68,52.09,32.98,42.22,51.28,2024.0,10
2024-10-18 17:00:00,7002,31.89,64.56,29.19,51.54,55.04,2024.0,10
2024-10-18 18:00:00,7003,27.65,95.41,26.86,68.09,39.33,2024.0,10
2024-10-18 19:00:00,7004,26.24,99.9,25.7,75.48,47.32,2024.0,10
2024-10-18 20:00:00,7005,25.0,99.9,24.85,78.89,39.34,2024.0,10
2024-10-18 21:00:00,7006,24.71,99.9,24.46,80.41,40.57,2024.0,10
2024-10-18 22:00:00,7007,24.53,99.9,24.16,81.47,55.75,2024.0,10
2024-10-18 23:00:00,7008,24.29,99.9,23.97,81.82,52.91,2024.0,10
2024-10-19 00:00:00,7009,24.08,99.9,23.66,82.64,46.74,2024.0,10
2024-10-19 01:00:00,7010,23.82,99.9,23.37,84.61,52.58,2024.0,10
2024-10-19 02:00:00,7011,23.3,99.9,22.61,89.94,67.51,2024.0,10
2024-10-19 03:00:00,7012,22.6,99.9,21.98,92.09,73.36,2024.0,10
2024-10-19 17:00:00,7026,27.77,62.78,26.55,71.73,69.12,2024.0,10
2024-10-19 18:00:00,7027,26.54,68.19,25.17,79.52,,2024.0,10
2024-10-19 19:00:00,7028,25.71,72.71,24.56,82.34,,2024.0,10
2024-10-19 20:00:00,7029,25.84,71.81,24.64,80.81,,2024.0,10
2024-10-19 21:00:00,7030,25.65,74.04,24.56,83.15,,2024.0,10
2024-10-19 22:00:00,7031,,,24.17,85.42,,2024.0,10
2024-10-20 00:00:00,7033,24.56,78.2,23.42,88.68,,2024.0,10
2024-10-20 02:00:00,7035,23.57,80.61,22.15,92.0,71.17,2024.0,10
2024-10-21 15:00:00,7072,26.08,43.14,0.0,0.0,46.52,2024.0,10
2024-10-21 17:00:00,7074,28.84,56.36,24.45,59.0,68.48,2024.0,10
2024-10-21 18:00:00,7075,26.79,61.8,25.81,71.4,67.53,2024.0,10
2024-10-21 19:00:00,7076,26.72,62.23,25.48,72.53,,2024.0,10
2024-10-21 20:00:00,7077,25.35,71.69,24.18,82.28,,2024.0,10
2024-10-21 21:00:00,7078,25.18,73.13,24.12,83.03,,2024.0,10
2024-10-21 22:00:00,7079,25.12,74.2,24.11,83.7,66.87,2024.0,10
2024-10-21 23:00:00,7080,24.53,76.24,23.38,86.38,66.76,2024.0,10
2024-10-22 04:00:00,7085,22.76,81.92,21.44,93.08,50.6,2024.0,10
2024-10-22 14:00:00,7095,33.23,45.62,31.06,54.29,50.62,2024.0,10
2024-10-22 15:00:00,7096,27.25,65.37,24.63,85.13,63.73,2024.0,10
2024-10-22 16:00:00,7097,24.53,75.9,23.42,90.57,70.07,2024.0,10
2024-10-22 17:00:00,7098,25.08,76.07,24.05,87.37,,2024.0,10
2024-10-22 18:00:00,7099,24.89,76.53,23.75,87.93,,2024.0,10
2024-10-22 19:00:00,7100,25.02,77.63,23.93,88.6,,2024.0,10
2024-10-22 20:00:00,7101,25.12,77.2,23.88,88.3,,2024.0,10
2024-10-22 21:00:00,7102,24.86,75.9,23.94,84.5,39.67,2024.0,10
2024-10-22 22:00:00,7103,24.91,75.67,23.9,84.5,34.2,2024.0,10
2024-10-22 23:00:00,7104,24.8,75.6,23.68,84.83,33.4,2024.0,10
2024-10-23 00:00:00,7105,24.39,78.52,23.26,89.14,47.02,2024.0,10
2024-10-23 01:00:00,7106,24.07,77.53,23.15,86.63,40.41,2024.0,10
2024-10-23 02:00:00,7107,23.89,77.3,22.88,86.83,38.0,2024.0,10
2024-10-23 03:00:00,7108,23.97,77.27,22.99,86.07,40.13,2024.0,10
2024-10-23 04:00:00,7109,23.9,77.17,22.89,86.3,35.4,2024.0,10
2024-10-23 05:00:00,7110,23.72,78.0,22.77,86.93,42.13,2024.0,10
2024-10-23 06:00:00,7111,26.12,72.07,26.38,75.07,43.3,2024.0,10
2024-10-23 07:00:00,7112,31.17,57.27,29.88,62.57,39.03,2024.0,10
2024-10-23 08:00:00,7113,31.25,54.7,30.81,57.37,32.1,2024.0,10
2024-10-23 09:00:00,7114,33.27,49.6,32.39,52.93,34.7,2024.0,10
2024-10-23 10:00:00,7115,33.94,47.07,33.42,49.5,31.83,2024.0,10
2024-10-23 11:00:00,7116,36.26,41.9,33.98,46.43,33.37,2024.0,10
2024-10-23 12:00:00,7117,37.25,39.11,34.75,43.54,32.18,2024.0,10
2024-10-23 13:00:00,7118,36.69,40.23,35.04,44.23,35.53,2024.0,10
2024-10-23 14:00:00,7119,33.41,46.5,30.69,57.07,45.07,2024.0,10
2024-10-23 15:00:00,7120,29.69,58.1,28.62,67.37,68.87,2024.0,10
2024-10-23 16:00:00,7121,32.1,53.17,29.89,64.28,71.69,2024.0,10
2024-10-23 17:00:00,7122,28.58,66.37,26.88,78.8,73.53,2024.0,10
2024-10-23 18:00:00,7123,26.93,70.63,26.0,80.57,73.77,2024.0,10
2024-10-23 19:00:00,7124,26.68,70.27,25.5,80.4,61.43,2024.0,10
2024-10-23 20:00:00,7125,26.08,73.03,24.87,82.4,53.6,2024.0,10
2024-10-23 21:00:00,7126,26.03,73.1,24.98,81.57,53.93,2024.0,10
2024-10-23 22:00:00,7127,25.45,72.57,24.41,80.73,37.53,2024.0,10
2024-10-23 23:00:00,7128,24.75,74.57,23.58,83.67,41.4,2024.0,10
2024-10-24 00:00:00,7129,24.32,75.6,23.15,85.17,43.27,2024.0,10
2024-10-24 01:00:00,7130,24.27,76.17,23.17,85.2,45.23,2024.0,10
2024-10-24 02:00:00,7131,23.98,77.23,22.78,87.07,46.5,2024.0,10
2024-10-24 03:00:00,7132,23.72,78.33,22.6,88.2,44.93,2024.0,10
2024-10-24 04:00:00,7133,23.05,81.5,21.67,92.53,45.4,2024.0,10
2024-10-24 05:00:00,7134,22.69,81.13,21.56,90.87,44.85,2024.0,10
2024-10-24 06:00:00,7135,24.09,73.53,23.94,76.9,76.73,2024.0,10
2024-10-24 07:00:00,7136,29.89,58.33,29.93,59.7,65.17,2024.0,10
2024-10-24 08:00:00,7137,35.61,46.23,33.86,49.87,53.13,2024.0,10
2024-10-24 09:00:00,7138,36.3,43.57,33.88,48.37,47.67,2024.0,10
2024-10-24 10:00:00,7139,36.55,42.07,34.69,46.0,45.9,2024.0,10
2024-10-24 11:00:00,7140,40.25,35.62,35.69,41.48,41.69,2024.0,10
2024-10-24 12:00:00,7141,38.77,36.56,34.78,44.07,49.41,2024.0,10
2024-10-24 13:00:00,7142,35.87,42.4,33.21,50.83,60.1,2024.0,10
2024-10-24 14:00:00,7143,35.34,43.77,32.1,54.77,50.43,2024.0,10
2024-10-24 15:00:00,7144,24.93,73.3,21.63,98.6,45.97,2024.0,10
2024-10-24 16:00:00,7145,24.03,79.23,22.06,99.93,56.95,2024.0,10
2024-10-24 17:00:00,7146,24.02,77.93,21.97,99.13,72.6,2024.0,10
2024-10-24 18:00:00,7147,24.15,77.68,22.25,99.14,56.34,2024.0,10
2024-10-24 19:00:00,7148,23.86,76.4,21.93,99.0,55.1,2024.0,10
2024-10-24 20:00:00,7149,23.77,79.03,22.0,99.97,64.72,2024.0,10
2024-10-24 21:00:00,7150,23.65,80.23,21.97,100.0,62.38,2024.0,10
2024-10-24 22:00:00,7151,23.72,80.5,22.02,100.0,64.19,2024.0,10
2024-10-24 23:00:00,7152,23.68,81.07,22.1,100.0,66.24,2024.0,10
2024-10-25 00:00:00,7153,23.62,82.45,21.98,100.0,68.02,2024.0,10
2024-10-25 01:00:00,7154,23.37,83.5,21.7,100.0,75.55,2024.0,10
2024-10-25 02:00:00,7155,23.09,84.53,21.52,100.0,70.02,2024.0,10
2024-10-25 03:00:00,7156,22.61,83.23,20.92,100.0,38.28,2024.0,10
2024-10-25 04:00:00,7157,22.29,83.07,20.78,100.0,32.27,2024.0,10
2024-10-25 05:00:00,7158,22.41,82.23,21.2,99.13,30.89,2024.0,10
2024-10-25 06:00:00,7159,25.68,74.97,25.33,82.27,56.52,2024.0,10
2024-10-25 07:00:00,7160,31.24,58.8,29.88,64.7,75.1,2024.0,10
2024-10-25 08:00:00,7161,34.1,50.87,32.82,54.8,75.4,2024.0,10
2024-10-25 09:00:00,7162,37.11,44.3,35.16,48.03,68.47,2024.0,10
2024-10-25 10:00:00,7163,39.53,37.2,36.44,40.47,47.93,2024.0,10
2024-10-25 11:00:00,7164,40.42,34.87,35.84,40.47,47.37,2024.0,10
2024-10-25 12:00:00,7165,39.07,35.3,34.73,42.22,43.56,2024.0,10
2024-10-25 13:00:00,7166,39.58,34.73,37.14,37.9,37.6,2024.0,10
2024-10-25 14:00:00,7167,39.04,35.67,34.97,43.0,32.5,2024.0,10
2024-10-25 15:00:00,7168,29.59,57.47,23.91,92.27,37.57,2024.0,10
2024-10-25 16:00:00,7169,27.07,66.3,23.38,97.67,43.0,2024.0,10
2024-10-25 17:00:00,7170,25.79,74.07,23.2,98.9,58.87,2024.0,10
2024-10-25 18:00:00,7171,25.62,72.9,23.4,98.53,50.2,2024.0,10
2024-10-25 19:00:00,7172,25.85,72.23,24.18,91.97,50.03,2024.0,10
2024-10-25 20:00:00,7173,25.76,75.1,24.54,86.77,71.23,2024.0,10
2024-10-25 21:00:00,7174,25.07,75.13,23.73,86.77,58.2,2024.0,10
2024-10-25 22:00:00,7175,24.38,75.97,23.23,86.67,51.13,2024.0,10
2024-10-25 23:00:00,7176,23.62,78.27,22.44,88.83,67.23,2024.0,10
2024-10-26 00:00:00,7177,22.96,76.74,21.46,86.93,59.15,2024.0,10
2024-10-26 01:00:00,7178,22.17,75.8,20.8,85.53,55.83,2024.0,10
2024-10-26 02:00:00,7179,21.83,75.8,20.47,85.77,51.93,2024.0,10
2024-10-26 03:00:00,7180,21.18,77.0,19.73,87.53,46.27,2024.0,10
2024-10-26 04:00:00,7181,20.82,80.1,19.45,91.03,48.24,2024.0,10
2024-10-26 05:00:00,7182,20.5,82.07,19.57,91.07,58.72,2024.0,10
2024-10-26 06:00:00,7183,27.12,61.1,26.94,62.4,62.33,2024.0,10
2024-10-26 07:00:00,7184,32.51,48.7,30.35,53.83,63.63,2024.0,10
2024-10-26 08:00:00,7185,34.01,44.4,32.81,46.43,46.3,2024.0,10
2024-10-26 09:00:00,7186,37.42,36.87,35.42,37.77,34.17,2024.0,10
2024-10-26 10:00:00,7187,37.94,34.4,35.4,35.93,30.9,2024.0,10
2024-10-26 11:00:00,7188,38.95,32.13,34.97,34.53,27.13,2024.0,10
2024-10-26 12:00:00,7189,40.09,30.22,36.15,32.33,28.0,2024.0,10
2024-10-26 13:00:00,7190,39.78,32.4,36.52,36.57,39.33,2024.0,10
2024-10-26 14:00:00,7191,36.56,36.83,33.15,44.57,41.03,2024.0,10
2024-10-26 15:00:00,7192,32.05,46.57,29.34,58.43,43.0,2024.0,10
2024-10-26 16:00:00,7193,29.4,56.13,27.93,67.3,42.67,2024.0,10
2024-10-26 17:00:00,7194,28.59,57.53,27.01,68.9,43.93,2024.0,10
2024-10-26 18:00:00,7195,27.01,61.13,25.65,72.4,46.1,2024.0,10
2024-10-26 19:00:00,7196,26.87,64.67,25.64,75.8,46.63,2024.0,10
2024-10-26 20:00:00,7197,26.55,67.43,25.28,78.4,53.53,2024.0,10
2024-10-26 21:00:00,7198,26.0,70.87,24.92,80.07,52.07,2024.0,10
2024-10-26 22:00:00,7199,25.63,70.8,24.48,79.93,40.67,2024.0,10
2024-10-26 23:00:00,7200,25.35,71.23,24.12,80.53,37.77,2024.0,10
2024-10-27 00:00:00,7201,24.6,73.81,23.39,83.54,39.96,2024.0,10
2024-10-27 01:00:00,7202,24.34,74.67,22.89,85.43,41.1,2024.0,10
2024-10-27 02:00:00,7203,23.63,77.13,22.32,86.97,41.97,2024.0,10
2024-10-27 03:00:00,7204,23.25,78.47,22.01,87.93,43.93,2024.0,10
2024-10-27 04:00:00,7205,22.73,81.13,21.43,92.13,48.26,2024.0,10
2024-10-27 05:00:00,7206,22.73,82.4,21.87,91.67,68.7,2024.0,10
2024-10-27 06:00:00,7207,28.28,66.17,28.27,68.5,,2024.0,10
2024-10-27 07:00:00,7208,34.44,49.97,32.46,55.33,66.83,2024.0,10
2024-10-27 08:00:00,7209,37.48,42.83,34.93,47.63,44.43,2024.0,10
2024-10-27 09:00:00,7210,36.93,42.2,35.01,46.4,41.93,2024.0,10
2024-10-27 10:00:00,7211,37.51,39.97,35.73,43.43,39.47,2024.0,10
2024-10-27 11:00:00,7212,38.08,37.77,35.12,43.2,37.23,2024.0,10
2024-10-27 12:00:00,7213,38.07,36.85,34.95,42.63,38.48,2024.0,10
2024-10-27 13:00:00,7214,35.54,45.03,33.4,54.17,49.2,2024.0,10
2024-10-27 14:00:00,7215,36.32,43.27,34.54,49.77,46.57,2024.0,10
2024-10-27 15:00:00,7216,39.02,39.63,34.68,49.27,45.13,2024.0,10
2024-10-27 16:00:00,7217,33.99,47.4,30.73,59.5,54.3,2024.0,10
2024-10-27 17:00:00,7218,30.23,56.27,28.66,67.17,72.03,2024.0,10
2024-10-27 18:00:00,7219,28.17,61.21,26.63,72.75,59.0,2024.0,10
2024-10-27 19:00:00,7220,25.65,69.57,24.3,80.73,49.9,2024.0,10
2024-10-27 20:00:00,7221,24.94,72.87,23.48,84.47,50.17,2024.0,10
2024-10-27 21:00:00,7222,24.39,74.1,23.13,84.9,55.9,2024.0,10
2024-10-27 22:00:00,7223,24.28,76.13,22.93,87.57,,2024.0,10
2024-10-27 23:00:00,7224,24.28,76.93,22.94,88.0,,2024.0,10
2024-10-28 00:00:00,7225,23.88,79.17,22.45,91.73,,2024.0,10
2024-10-28 01:00:00,7226,23.38,82.57,21.83,95.03,58.62,2024.0,10
2024-10-28 02:00:00,7227,23.19,83.0,21.94,94.69,,2024.0,10
2024-10-28 03:00:00,7228,22.83,83.33,21.46,95.53,,2024.0,10
2024-10-28 04:00:00,7229,22.42,84.0,21.06,96.03,54.78,2024.0,10
2024-10-28 05:00:00,7230,22.51,83.87,21.37,94.87,59.96,2024.0,10
2024-10-28 06:00:00,7231,25.79,75.0,25.59,79.53,,2024.0,10
2024-10-28 07:00:00,7232,33.6,54.2,32.18,58.57,,2024.0,10
2024-10-28 08:00:00,7233,36.27,46.33,33.95,51.83,,2024.0,10
2024-10-28 09:00:00,7234,37.65,41.77,35.75,45.37,47.77,2024.0,10
2024-10-28 10:00:00,7235,38.1,39.93,36.36,42.77,42.3,2024.0,10
2024-10-28 11:00:00,7236,40.29,35.87,36.21,41.7,42.63,2024.0,10
2024-10-28 12:00:00,7237,39.8,35.78,36.81,40.67,43.33,2024.0,10
2024-10-28 13:00:00,7238,40.58,36.9,36.51,45.13,51.7,2024.0,10
2024-10-28 14:00:00,7239,35.68,43.1,32.37,53.73,54.27,2024.0,10
2024-10-28 15:00:00,7240,28.93,59.03,26.81,72.57,52.3,2024.0,10
2024-10-28 16:00:00,7241,26.14,67.0,25.27,77.07,51.07,2024.0,10
2024-10-28 17:00:00,7242,26.61,64.5,25.31,75.7,65.27,2024.0,10
2024-10-28 18:00:00,7243,26.35,67.66,25.33,77.45,,2024.0,10
2024-10-28 19:00:00,7244,26.74,67.17,25.5,78.0,,2024.0,10
2024-10-28 20:00:00,7245,26.15,70.37,24.84,80.17,,2024.0,10
2024-10-28 21:00:00,7246,25.42,74.4,23.9,85.67,,2024.0,10
2024-10-28 22:00:00,7247,24.64,77.33,23.2,89.33,,2024.0,10
2024-10-28 23:00:00,7248,24.35,78.0,23.11,89.43,,2024.0,10
2024-10-29 00:00:00,7249,24.19,77.35,23.04,87.31,,2024.0,10
2024-10-29 01:00:00,7250,23.72,78.27,22.42,89.27,,2024.0,10
2024-10-29 02:00:00,7251,23.43,80.17,22.03,90.47,60.22,2024.0,10
2024-10-29 03:00:00,7252,22.72,81.47,21.36,92.73,62.69,2024.0,10
2024-10-29 04:00:00,7253,22.48,82.07,21.01,93.77,60.32,2024.0,10
2024-10-29 05:00:00,7254,22.29,83.4,21.21,93.9,,2024.0,10
2024-10-29 06:00:00,7255,27.05,68.63,27.01,71.0,,2024.0,10
2024-10-29 07:00:00,7256,33.33,50.23,31.56,54.8,62.03,2024.0,10
2024-10-29 08:00:00,7257,36.08,43.73,34.53,46.4,51.67,2024.0,10
2024-10-29 09:00:00,7258,37.72,39.53,35.47,42.8,42.23,2024.0,10
2024-10-29 10:00:00,7259,36.11,41.13,35.09,43.57,48.73,2024.0,10
2024-10-29 11:00:00,7260,36.86,38.7,34.45,43.1,43.53,2024.0,10
2024-10-29 12:00:00,7261,36.63,37.3,34.93,39.85,40.56,2024.0,10
2024-10-29 13:00:00,7262,37.05,37.5,36.45,38.9,43.0,2024.0,10
2024-10-29 14:00:00,7263,37.86,33.97,37.18,34.1,38.2,2024.0,10
2024-10-29 15:00:00,7264,38.69,33.1,36.47,35.23,38.17,2024.0,10
2024-10-29 16:00:00,7265,37.4,35.4,34.18,41.47,46.47,2024.0,10
2024-10-29 17:00:00,7266,32.85,44.23,30.49,53.7,49.3,2024.0,10
2024-10-29 18:00:00,7267,29.43,52.3,28.11,62.0,55.87,2024.0,10
2024-10-29 19:00:00,7268,28.0,57.0,26.83,66.57,53.4,2024.0,10
2024-10-29 20:00:00,7269,27.25,58.9,26.17,68.5,68.63,2024.0,10
2024-10-29 21:00:00,7270,26.49,62.52,25.47,72.31,49.55,2024.0,10
2024-10-29 22:00:00,7271,25.63,66.0,24.47,75.6,48.27,2024.0,10
2024-10-29 23:00:00,7272,24.42,69.37,23.33,79.03,49.63,2024.0,10
2024-10-30 00:00:00,7273,23.88,71.64,22.6,82.0,56.39,2024.0,10
2024-10-30 01:00:00,7274,23.12,72.83,21.61,82.7,66.93,2024.0,10
2024-10-30 02:00:00,7275,22.32,74.23,20.88,84.27,74.07,2024.0,10
2024-10-30 03:00:00,7276,21.78,76.47,20.39,86.63,,2024.0,10
2024-10-30 04:00:00,7277,21.38,75.97,20.12,84.93,72.97,2024.0,10
2024-10-30 05:00:00,7278,21.37,76.17,20.39,84.4,,2024.0,10
2024-10-30 06:00:00,7279,27.28,62.1,26.87,64.73,,2024.0,10
2024-10-30 07:00:00,7280,35.31,43.97,32.8,48.13,74.57,2024.0,10
2024-10-30 08:00:00,7281,33.37,45.17,32.36,48.4,46.33,2024.0,10
2024-10-30 09:00:00,7282,33.93,43.8,33.71,45.1,47.6,2024.0,10
2024-10-30 10:00:00,7283,34.78,41.23,34.29,42.83,40.7,2024.0,10
2024-10-30 11:00:00,7284,34.73,40.4,33.3,43.63,38.03,2024.0,10
2024-10-30 12:00:00,7285,36.05,35.64,34.55,37.07,35.14,2024.0,10
2024-10-30 13:00:00,7286,37.65,33.27,36.69,33.3,33.97,2024.0,10
2024-10-30 14:00:00,7287,38.31,32.27,37.07,32.5,35.43,2024.0,10
2024-10-30 15:00:00,7288,39.03,31.6,36.16,33.7,35.9,2024.0,10
2024-10-30 16:00:00,7289,38.01,31.97,34.07,36.9,40.57,2024.0,10
2024-10-30 17:00:00,7290,32.17,43.23,29.9,52.83,54.73,2024.0,10
2024-10-30 18:00:00,7291,29.87,55.4,28.14,68.27,58.3,2024.0,10
2024-10-30 19:00:00,7292,28.48,60.93,26.77,73.83,58.57,2024.0,10
2024-10-30 20:00:00,7293,26.98,66.27,25.6,78.6,,2024.0,10
2024-10-31 04:00:00,7301,22.73,76.57,21.38,85.78,,2024.0,10
2024-10-31 05:00:00,7302,22.4,79.6,21.15,89.77,,2024.0,10
2024-10-31 06:00:00,7303,24.56,73.2,24.04,78.7,,2024.0,10
2024-10-31 07:00:00,7304,32.97,52.07,32.08,53.9,76.17,2024.0,10
2024-10-31 08:00:00,7305,37.82,41.43,34.73,46.17,67.33,2024.0,10
2024-10-31 09:00:00,7306,37.31,39.4,34.97,43.53,44.53,2024.0,10
2024-10-31 10:00:00,7307,35.92,41.5,35.28,44.23,47.53,2024.0,10
2024-10-31 11:00:00,7308,37.66,38.5,34.95,43.87,40.8,2024.0,10
2024-10-31 12:00:00,7309,38.65,36.93,36.05,41.45,38.69,2024.0,10
2024-10-31 13:00:00,7310,39.27,36.3,35.98,43.1,44.43,2024.0,10
2024-10-31 14:00:00,7311,38.02,37.0,36.03,41.8,37.43,2024.0,10
2024-10-31 15:00:00,7312,32.21,48.03,29.39,60.37,44.2,2024.0,10
2024-10-31 16:00:00,7313,28.43,59.73,26.87,71.53,49.5,2024.0,10
2024-10-31 17:00:00,7314,27.32,65.7,26.15,76.7,62.27,2024.0,10
2024-10-31 18:00:00,7315,26.71,69.03,25.41,80.67,,2024.0,10
2024-10-31 19:00:00,7316,26.0,71.23,24.68,81.53,,2024.0,10
2024-10-31 20:00:00,7317,25.82,70.3,24.41,80.47,76.3,2024.0,10
2024-10-31 21:00:00,7318,25.35,72.33,24.04,82.47,,2024.0,10
2024-10-31 22:00:00,7319,25.08,73.93,23.79,84.03,,2024.0,10
2024-10-31 23:00:00,7320,24.73,76.53,23.29,87.83,,2024.0,10
2024-11-01 00:00:00,7321,24.16,78.48,22.73,90.59,,2024.0,11
2024-11-01 01:00:00,7322,23.56,82.0,22.15,94.43,,2024.0,11
2024-11-01 02:00:00,7323,23.24,82.7,21.89,94.27,,2024.0,11
2024-11-01 03:00:00,7324,23.04,83.83,21.73,95.53,,2024.0,11
2024-11-01 04:00:00,7325,22.92,83.1,21.77,93.63,78.64,2024.0,11
2024-11-01 05:00:00,7326,22.95,82.47,21.66,93.17,76.49,2024.0,11
2024-11-01 06:00:00,7327,23.97,79.83,22.92,89.0,,2024.0,11
2024-11-01 07:00:00,7328,26.48,72.07,25.48,79.43,,2024.0,11
2024-11-01 08:00:00,7329,30.1,61.93,29.3,66.63,,2024.0,11
2024-11-01 09:00:00,7330,34.98,48.97,33.41,53.1,72.23,2024.0,11
2024-11-01 10:00:00,7331,35.97,45.0,34.63,48.6,54.57,2024.0,11
2024-11-01 11:00:00,7332,35.69,44.3,34.1,48.83,44.4,2024.0,11
2024-11-01 12:00:00,7333,35.29,46.36,31.61,57.75,51.46,2024.0,11
2024-11-01 13:00:00,7334,28.28,64.53,24.73,86.63,49.0,2024.0,11
2024-11-01 14:00:00,7335,26.88,71.6,24.99,91.37,42.63,2024.0,11
2024-11-01 15:00:00,7336,28.32,65.73,27.15,75.13,44.23,2024.0,11
2024-11-01 16:00:00,7337,29.41,61.63,27.4,73.23,58.67,2024.0,11
2024-11-01 17:00:00,7338,26.78,66.4,25.63,75.27,53.2,2024.0,11
2024-11-01 18:00:00,7339,25.5,71.67,24.01,83.23,79.23,2024.0,11
2024-11-01 19:00:00,7340,24.49,77.47,22.84,92.27,76.07,2024.0,11
2024-11-01 20:00:00,7341,24.16,77.3,23.08,87.5,75.97,2024.0,11
2024-11-01 21:00:00,7342,24.12,79.77,22.97,91.47,,2024.0,11
2024-11-01 22:00:00,7343,24.1,80.27,22.92,91.97,77.32,2024.0,11
2024-11-01 23:00:00,7344,23.94,80.6,22.66,92.83,,2024.0,11
2024-11-02 00:00:00,7345,23.59,82.27,22.1,95.31,73.03,2024.0,11
2024-11-02 01:00:00,7346,23.36,83.9,21.91,95.73,74.77,2024.0,11
2024-11-02 02:00:00,7347,23.09,85.0,21.61,97.27,,2024.0,11
2024-11-02 03:00:00,7348,22.77,85.0,21.38,97.03,73.88,2024.0,11
2024-11-02 04:00:00,7349,22.43,85.1,21.05,97.17,74.01,2024.0,11
2024-11-02 05:00:00,7350,22.17,85.73,20.9,97.2,77.68,2024.0,11
2024-11-02 06:00:00,7351,25.6,77.37,26.18,79.33,,2024.0,11
2024-11-02 07:00:00,7352,33.41,55.47,31.48,61.0,,2024.0,11
2024-11-02 08:00:00,7353,35.48,48.4,33.9,52.5,67.57,2024.0,11
2024-11-02 09:00:00,7354,35.44,46.03,34.21,50.27,47.63,2024.0,11
2024-11-02 10:00:00,7355,36.27,42.5,35.3,44.53,32.2,2024.0,11
2024-11-02 11:00:00,7356,38.44,39.57,35.11,46.0,32.67,2024.0,11
2024-11-02 12:00:00,7357,35.26,44.67,32.63,53.59,42.19,2024.0,11
2024-11-02 13:00:00,7358,29.17,59.37,25.93,76.7,36.47,2024.0,11
2024-11-02 14:00:00,7359,23.08,82.53,21.56,100.0,29.08,2024.0,11
2024-11-02 15:00:00,7360,24.79,80.2,22.94,99.5,40.3,2024.0,11
2024-11-02 16:00:00,7361,25.23,77.93,22.82,98.8,50.37,2024.0,11
2024-11-02 17:00:00,7362,24.95,79.4,22.87,99.8,49.08,2024.0,11
2024-11-02 18:00:00,7363,24.24,81.3,22.23,100.0,42.48,2024.0,11
2024-11-02 19:00:00,7364,23.5,83.77,21.76,100.0,42.72,2024.0,11
2024-11-02 20:00:00,7365,23.27,86.37,21.8,100.0,52.13,2024.0,11
2024-11-02 21:00:00,7366,23.04,87.0,21.7,100.0,49.35,2024.0,11
2024-11-02 22:00:00,7367,22.98,87.67,21.68,100.0,49.78,2024.0,11
2024-11-02 23:00:00,7368,22.95,87.93,21.69,100.0,49.51,2024.0,11
2024-11-03 00:00:00,7369,22.76,87.36,21.37,100.0,42.85,2024.0,11
2024-11-03 01:00:00,7370,22.71,87.0,21.16,100.0,49.33,2024.0,11
2024-11-03 02:00:00,7371,22.51,87.33,21.04,100.0,47.17,2024.0,11
2024-11-03 03:00:00,7372,22.37,87.73,21.07,100.0,41.88,2024.0,11
2024-11-03 04:00:00,7373,22.11,87.97,20.58,100.0,41.14,2024.0,11
2024-11-03 05:00:00,7374,21.73,88.0,20.4,100.0,42.9,2024.0,11
2024-11-03 06:00:00,7375,24.44,81.33,23.36,99.2,61.51,2024.0,11
2024-11-03 07:00:00,7376,30.68,62.83,27.59,93.3,65.87,2024.0,11
2024-11-03 08:00:00,7377,34.82,51.77,32.47,61.23,61.03,2024.0,11
2024-11-03 09:00:00,7378,37.3,46.23,35.22,51.07,44.63,2024.0,11
2024-11-03 10:00:00,7379,38.67,41.33,35.43,47.03,36.87,2024.0,11
2024-11-03 11:00:00,7380,38.73,40.67,34.8,48.73,41.73,2024.0,11
2024-11-03 12:00:00,7381,32.68,52.04,28.43,69.65,50.23,2024.0,11
2024-11-03 13:00:00,7382,23.68,80.0,21.69,99.7,26.33,2024.0,11
2024-11-03 14:00:00,7383,25.74,75.27,23.02,98.07,37.8,2024.0,11
2024-11-03 15:00:00,7384,25.5,76.37,23.45,97.83,50.83,2024.0,11
2024-11-03 16:00:00,7385,25.09,76.97,22.95,98.53,46.07,2024.0,11
2024-11-03 17:00:00,7386,23.41,82.53,21.49,100.0,28.9,2024.0,11
2024-11-03 18:00:00,7387,22.63,86.73,21.18,100.0,24.41,2024.0,11
2024-11-03 19:00:00,7388,22.2,87.9,20.82,100.0,22.33,2024.0,11
2024-11-03 20:00:00,7389,22.2,88.03,20.83,100.0,22.58,2024.0,11
2024-11-03 21:00:00,7390,22.48,88.8,21.06,100.0,25.71,2024.0,11
2024-11-03 22:00:00,7391,22.22,88.73,20.87,100.0,28.65,2024.0,11
2024-11-03 23:00:00,7392,22.13,88.3,20.65,100.0,23.61,2024.0,11
2024-11-04 00:00:00,7393,22.23,89.0,20.76,100.0,28.02,2024.0,11
2024-11-04 01:00:00,7394,22.2,89.0,20.79,100.0,30.91,2024.0,11
2024-11-04 02:00:00,7395,22.14,89.2,20.73,100.0,35.93,2024.0,11
2024-11-04 03:00:00,7396,22.05,89.83,20.68,100.0,35.78,2024.0,11
2024-11-04 04:00:00,7397,22.11,89.73,20.67,100.0,39.73,2024.0,11
2024-11-04 05:00:00,7398,22.15,89.83,20.72,100.0,35.91,2024.0,11
2024-11-04 06:00:00,7399,23.15,87.43,21.49,100.0,47.53,2024.0,11
2024-11-04 07:00:00,7400,25.72,79.43,23.04,99.7,56.97,2024.0,11
2024-11-04 08:00:00,7401,28.09,71.57,24.83,98.37,67.83,2024.0,11
2024-11-04 09:00:00,7402,34.55,53.9,31.14,85.9,56.8,2024.0,11
2024-11-04 10:00:00,7403,39.42,41.73,35.07,48.47,41.07,2024.0,11
2024-11-04 11:00:00,7404,34.5,48.07,29.78,62.27,41.57,2024.0,11
2024-11-04 12:00:00,7405,31.76,55.44,29.96,64.7,45.48,2024.0,11
2024-11-04 13:00:00,7406,29.98,59.27,27.47,71.97,53.57,2024.0,11
2024-11-04 14:00:00,7407,23.26,81.0,21.15,99.33,20.82,2024.0,11
2024-11-04 15:00:00,7408,23.8,80.07,21.75,99.23,25.38,2024.0,11
2024-11-04 16:00:00,7409,24.83,79.4,22.54,99.0,40.13,2024.0,11
2024-11-04 17:00:00,7410,24.46,79.63,22.37,99.9,38.94,2024.0,11
2024-11-04 18:00:00,7411,23.92,82.37,22.36,100.0,46.41,2024.0,11
2024-11-04 19:00:00,7412,23.7,83.5,22.19,100.0,78.46,2024.0,11
2024-11-04 20:00:00,7413,23.53,86.6,22.22,100.0,77.09,2024.0,11
2024-11-04 21:00:00,7414,23.45,87.07,22.16,100.0,,2024.0,11
2024-11-04 22:00:00,7415,23.38,87.5,21.99,100.0,,2024.0,11
2024-11-04 23:00:00,7416,23.31,87.87,21.89,100.0,,2024.0,11
2024-11-05 00:00:00,7417,22.98,88.0,21.58,100.0,62.17,2024.0,11
2024-11-05 01:00:00,7418,22.95,88.2,21.49,100.0,64.77,2024.0,11
2024-11-05 02:00:00,7419,22.85,88.8,21.37,100.0,76.34,2024.0,11
2024-11-05 03:00:00,7420,22.78,89.57,21.54,100.0,,2024.0,11
2024-11-05 04:00:00,7421,22.55,90.0,21.25,100.0,63.72,2024.0,11
2024-11-05 05:00:00,7422,22.3,89.83,21.05,100.0,57.66,2024.0,11
2024-11-05 06:00:00,7423,24.67,82.5,23.83,98.13,77.55,2024.0,11
2024-11-05 07:00:00,7424,31.91,61.27,30.66,67.53,,2024.0,11
2024-11-05 08:00:00,7425,33.15,53.0,31.72,57.03,41.43,2024.0,11
2024-11-05 09:00:00,7426,32.41,52.13,32.64,52.63,26.2,2024.0,11
2024-11-05 10:00:00,7427,34.24,48.43,33.71,50.4,30.67,2024.0,11
2024-11-05 11:00:00,7428,34.83,46.27,32.64,52.03,31.27,2024.0,11
2024-11-05 12:00:00,7429,35.11,45.04,33.34,50.3,33.0,2024.0,11
2024-11-05 13:00:00,7430,35.26,45.07,34.62,48.4,31.17,2024.0,11
2024-11-05 14:00:00,7431,35.39,47.23,32.74,56.67,36.93,2024.0,11
2024-11-05 15:00:00,7432,29.78,59.37,27.21,72.8,38.23,2024.0,11
2024-11-05 16:00:00,7433,25.45,74.73,24.22,85.73,36.07,2024.0,11
2024-11-05 17:00:00,7434,24.81,77.87,23.7,89.0,45.43,2024.0,11
2024-11-05 18:00:00,7435,24.53,79.77,23.32,91.97,35.57,2024.0,11
2024-11-05 19:00:00,7436,23.87,81.9,22.23,96.9,29.17,2024.0,11
2024-11-05 20:00:00,7437,23.16,84.1,21.48,98.37,26.44,2024.0,11
2024-11-06 12:00:00,7453,31.02,51.32,30.12,54.71,32.79,2024.0,11
2024-11-06 13:00:00,7454,31.54,50.62,31.33,52.62,33.34,2024.0,11
2024-11-06 14:00:00,7455,32.28,46.53,31.14,49.8,31.43,2024.0,11
2024-11-06 15:00:00,7456,30.85,50.53,29.4,56.53,34.77,2024.0,11
2024-11-06 16:00:00,7457,29.68,53.13,27.98,60.57,32.23,2024.0,11
2024-11-06 17:00:00,7458,27.28,59.33,26.22,66.8,35.37,2024.0,11
2024-11-06 18:00:00,7459,26.1,64.33,25.12,71.97,40.23,2024.0,11
2024-11-06 19:00:00,7460,25.15,70.5,24.09,78.9,49.17,2024.0,11
2024-11-06 20:00:00,7461,24.59,72.0,23.55,80.27,50.0,2024.0,11
2024-11-06 21:00:00,7462,23.84,76.17,22.66,85.43,66.87,2024.0,11
2024-11-06 22:00:00,7463,23.29,78.7,21.93,88.2,,2024.0,11
2024-11-06 23:00:00,7464,22.56,80.37,21.09,91.4,69.21,2024.0,11
2024-11-07 00:00:00,7465,22.13,81.68,20.72,93.08,,2024.0,11
2024-11-07 01:00:00,7466,21.88,81.8,20.64,92.17,65.44,2024.0,11
2024-11-07 02:00:00,7467,22.07,81.13,20.72,91.53,62.56,2024.0,11
2024-11-07 03:00:00,7468,21.95,81.87,20.56,92.43,70.86,2024.0,11
2024-11-07 04:00:00,7469,21.99,81.17,20.78,90.93,62.09,2024.0,11
2024-11-07 05:00:00,7470,22.2,81.23,21.04,90.57,66.89,2024.0,11
2024-11-07 06:00:00,7471,25.78,71.07,25.73,73.53,,2024.0,11
2024-11-07 07:00:00,7472,32.82,51.87,31.3,55.23,,2024.0,11
2024-11-07 08:00:00,7473,35.9,44.67,33.71,48.4,65.47,2024.0,11
2024-11-07 09:00:00,7474,35.7,43.57,33.85,47.7,45.7,2024.0,11
2024-11-07 10:00:00,7475,35.85,42.83,34.43,46.0,43.4,2024.0,11
2024-11-07 11:00:00,7476,37.35,39.3,34.49,44.3,39.77,2024.0,11
2024-11-07 12:00:00,7477,35.19,40.54,33.93,43.65,39.15,2024.0,11
2024-11-07 13:00:00,7478,34.98,41.97,33.29,47.03,39.13,2024.0,11
2024-11-07 14:00:00,7479,31.18,53.1,29.22,63.63,46.43,2024.0,11
2024-11-07 15:00:00,7480,30.15,57.77,28.62,67.67,51.93,2024.0,11
2024-11-07 16:00:00,7481,31.67,53.37,28.97,64.97,51.23,2024.0,11
2024-11-07 17:00:00,7482,28.11,65.4,25.44,81.83,50.4,2024.0,11
2024-11-07 18:00:00,7483,22.5,83.9,20.87,99.93,32.56,2024.0,11
2024-11-07 19:00:00,7484,22.45,86.83,21.12,100.0,33.88,2024.0,11
2024-11-07 20:00:00,7485,22.86,86.0,21.2,100.0,34.59,2024.0,11
2024-11-07 21:00:00,7486,22.95,86.4,21.33,100.0,35.31,2024.0,11
2024-11-07 22:00:00,7487,23.32,86.03,21.59,100.0,38.46,2024.0,11
2024-11-07 23:00:00,7488,23.22,86.93,21.63,100.0,52.39,2024.0,11
2024-11-08 00:00:00,7489,23.35,86.4,21.58,100.0,50.22,2024.0,11
2024-11-08 01:00:00,7490,23.57,85.2,21.75,100.0,52.3,2024.0,11
2024-11-08 02:00:00,7491,23.66,84.3,21.89,100.0,61.82,2024.0,11
2024-11-08 03:00:00,7492,23.53,85.37,21.91,100.0,71.38,2024.0,11
2024-11-08 04:00:00,7493,23.33,87.0,21.75,100.0,61.55,2024.0,11
2024-11-08 05:00:00,7494,23.17,87.0,21.6,100.0,46.23,2024.0,11
2024-11-08 06:00:00,7495,23.91,85.2,22.38,100.0,49.18,2024.0,11
2024-11-08 07:00:00,7496,26.42,78.0,24.32,99.33,70.27,2024.0,11
2024-11-08 08:00:00,7497,32.99,58.77,30.72,82.4,66.93,2024.0,11
2024-11-08 09:00:00,7498,36.48,46.4,33.8,52.03,50.77,2024.0,11
2024-11-08 10:00:00,7499,36.98,44.13,35.05,47.97,49.63,2024.0,11
2024-11-08 11:00:00,7500,37.29,42.97,34.12,49.6,49.73,2024.0,11
2024-11-08 12:00:00,7501,39.09,39.7,34.74,47.93,44.48,2024.0,11
2024-11-08 13:00:00,7502,37.59,41.67,33.18,52.17,53.5,2024.0,11
2024-11-08 14:00:00,7503,30.89,58.79,27.14,78.1,62.41,2024.0,11
2024-11-08 15:00:00,7504,27.68,70.63,26.29,84.1,71.07,2024.0,11
2024-11-08 16:00:00,7505,31.05,59.2,28.87,70.23,54.5,2024.0,11
2024-11-08 17:00:00,7506,28.3,66.13,26.49,77.97,52.6,2024.0,11
2024-11-08 18:00:00,7507,25.44,77.2,24.21,89.27,50.83,2024.0,11
2024-11-08 19:00:00,7508,25.83,78.2,24.83,87.87,63.17,2024.0,11
2024-11-08 20:00:00,7509,25.89,77.83,24.63,87.97,62.3,2024.0,11
2024-11-08 21:00:00,7510,25.36,79.73,24.02,91.37,64.44,2024.0,11
2024-11-08 22:00:00,7511,24.98,81.1,23.87,92.13,61.24,2024.0,11
2024-11-08 23:00:00,7512,25.08,80.0,23.87,90.6,42.9,2024.0,11
2024-11-09 00:00:00,7513,25.27,80.81,23.85,92.38,56.07,2024.0,11
2024-11-09 01:00:00,7514,24.99,80.13,23.74,91.1,43.22,2024.0,11
2024-11-09 02:00:00,7515,25.11,80.47,23.61,92.17,44.76,2024.0,11
2024-11-09 03:00:00,7516,24.71,81.33,23.3,93.33,50.41,2024.0,11
2024-11-09 04:00:00,7517,24.82,81.03,23.34,92.83,48.98,2024.0,11
2024-11-09 05:00:00,7518,24.53,82.07,23.15,94.6,52.75,2024.0,11
2024-11-09 06:00:00,7519,25.58,80.93,24.57,90.53,75.69,2024.0,11
2024-11-09 07:00:00,7520,30.05,67.23,29.58,71.63,78.07,2024.0,11
2024-11-09 08:00:00,7521,35.04,53.2,33.6,58.07,71.3,2024.0,11
2024-11-09 09:00:00,7522,35.97,48.57,34.74,52.4,54.87,2024.0,11
2024-11-09 10:00:00,7523,36.4,45.87,35.54,48.9,46.93,2024.0,11
2024-11-09 11:00:00,7524,38.13,42.23,35.56,47.5,39.23,2024.0,11
2024-11-09 12:00:00,7525,34.37,48.43,31.93,57.43,38.0,2024.0,11
2024-11-09 13:00:00,7526,29.14,57.33,27.33,67.6,37.2,2024.0,11
2024-11-09 14:00:00,7527,26.25,70.8,24.7,83.0,42.47,2024.0,11
2024-11-09 15:00:00,7528,25.01,77.57,23.35,91.9,50.5,2024.0,11
2024-11-09 16:00:00,7529,25.1,77.4,23.8,88.73,46.76,2024.0,11
2024-11-09 17:00:00,7530,24.89,78.23,23.21,91.47,47.25,2024.0,11
2024-11-09 18:00:00,7531,24.47,80.8,22.6,97.0,35.17,2024.0,11
2024-11-09 19:00:00,7532,24.18,82.27,22.67,95.97,37.07,2024.0,11
2024-11-09 20:00:00,7533,23.59,84.27,22.42,95.77,34.35,2024.0,11
2024-11-09 21:00:00,7534,23.66,83.7,22.27,96.47,38.17,2024.0,11
2024-11-09 22:00:00,7535,23.64,84.27,22.21,97.47,48.02,2024.0,11
2024-11-09 23:00:00,7536,23.55,85.0,22.15,97.07,54.98,2024.0,11
2024-11-10 00:00:00,7537,23.56,85.14,22.12,97.55,61.62,2024.0,11
2024-11-10 01:00:00,7538,23.24,86.0,21.71,98.4,53.6,2024.0,11
2024-11-10 02:00:00,7539,22.99,86.0,21.58,97.57,39.91,2024.0,11
2024-11-10 03:00:00,7540,22.96,85.97,21.55,97.57,41.27,2024.0,11
2024-11-10 04:00:00,7541,22.87,86.87,21.46,99.03,51.9,2024.0,11
2024-11-10 05:00:00,7542,22.8,88.17,21.72,99.1,55.45,2024.0,11
2024-11-10 06:00:00,7543,24.74,81.73,24.21,88.63,47.42,2024.0,11
2024-11-10 07:00:00,7544,29.3,68.43,28.81,72.43,68.77,2024.0,11
2024-11-10 08:00:00,7545,32.93,57.03,30.22,66.37,68.4,2024.0,11
2024-11-10 09:00:00,7546,33.14,54.93,30.68,63.63,56.9,2024.0,11
2024-11-10 10:00:00,7547,34.83,49.53,33.83,52.97,39.6,2024.0,11
2024-11-10 11:00:00,7548,34.24,49.27,32.21,56.07,34.47,2024.0,11
2024-11-10 12:00:00,7549,35.39,47.32,33.69,52.43,29.96,2024.0,11
2024-11-10 13:00:00,7550,36.72,44.1,35.52,47.4,29.13,2024.0,11
2024-11-10 14:00:00,7551,34.93,49.83,31.9,61.07,43.0,2024.0,11
2024-11-10 15:00:00,7552,30.23,62.37,26.94,82.37,44.23,2024.0,11
2024-11-10 16:00:00,7553,25.98,75.6,23.91,92.7,38.21,2024.0,11
2024-11-10 17:00:00,7554,23.46,85.5,21.93,100.0,27.43,2024.0,11
2024-11-10 18:00:00,7555,23.62,86.43,22.18,100.0,29.28,2024.0,11
2024-11-10 19:00:00,7556,23.62,85.93,22.02,100.0,31.96,2024.0,11
2024-11-10 20:00:00,7557,23.34,87.03,21.83,100.0,32.34,2024.0,11
2024-11-10 21:00:00,7558,23.3,87.0,21.78,100.0,32.92,2024.0,11
2024-11-10 22:00:00,7559,23.44,87.27,21.87,100.0,39.37,2024.0,11
2024-11-10 23:00:00,7560,23.51,88.0,21.94,100.0,37.34,2024.0,11
2024-11-11 00:00:00,7561,23.44,88.34,21.91,100.0,42.74,2024.0,11
2024-11-11 01:00:00,7562,23.44,89.0,21.96,100.0,48.4,2024.0,11
2024-11-11 02:00:00,7563,23.59,88.0,21.94,100.0,40.36,2024.0,11
2024-11-11 03:00:00,7564,23.53,87.93,21.82,100.0,37.21,2024.0,11
2024-11-11 04:00:00,7565,23.62,87.3,21.98,100.0,38.06,2024.0,11
2024-11-11 05:00:00,7566,23.78,86.3,22.2,100.0,35.93,2024.0,11
2024-11-11 06:00:00,7567,25.7,82.5,23.92,99.87,44.06,2024.0,11
2024-11-11 07:00:00,7568,30.69,67.57,28.83,89.2,61.23,2024.0,11
2024-11-11 08:00:00,7569,36.62,52.0,34.88,56.37,50.23,2024.0,11
2024-11-11 09:00:00,7570,39.31,44.73,35.26,53.53,47.03,2024.0,11
2024-11-11 10:00:00,7571,37.42,46.33,34.97,53.4,48.63,2024.0,11
2024-11-11 11:00:00,7572,37.23,45.23,33.3,56.13,41.1,2024.0,11
2024-11-11 12:00:00,7573,28.3,66.33,25.08,85.04,39.03,2024.0,11
2024-11-11 13:00:00,7574,23.26,83.93,21.78,100.0,32.67,2024.0,11
2024-11-11 14:00:00,7575,24.68,81.63,22.6,100.0,32.13,2024.0,11
2024-11-11 15:00:00,7576,25.06,79.9,22.51,100.0,32.55,2024.0,11
2024-11-11 16:00:00,7577,24.01,81.77,22.19,100.0,29.73,2024.0,11
2024-11-11 17:00:00,7578,23.56,85.3,21.94,100.0,31.74,2024.0,11
2024-11-11 18:00:00,7579,23.17,86.93,21.63,100.0,29.35,2024.0,11
2024-11-11 19:00:00,7580,22.86,88.97,21.58,100.0,29.57,2024.0,11
2024-11-11 20:00:00,7581,23.08,89.0,21.61,100.0,31.33,2024.0,11
2024-11-11 21:00:00,7582,22.72,87.47,20.96,100.0,24.21,2024.0,11
2024-11-11 22:00:00,7583,22.4,88.0,20.72,100.0,23.76,2024.0,11
2024-11-11 23:00:00,7584,22.4,88.37,20.75,100.0,28.97,2024.0,11
2024-11-12 00:00:00,7585,22.32,89.0,20.89,100.0,31.29,2024.0,11
2024-11-12 01:00:00,7586,22.27,89.77,20.92,100.0,32.43,2024.0,11
2024-11-12 02:00:00,7587,22.31,89.9,20.9,100.0,37.72,2024.0,11
2024-11-12 03:00:00,7588,22.2,89.83,20.73,100.0,49.6,2024.0,11
2024-11-12 04:00:00,7589,22.08,90.0,20.64,100.0,57.37,2024.0,11
2024-11-12 05:00:00,7590,22.08,90.0,20.67,100.0,46.34,2024.0,11
2024-11-12 06:00:00,7591,23.38,87.6,21.66,100.0,52.64,2024.0,11
2024-11-12 07:00:00,7592,28.43,74.03,26.69,97.4,60.92,2024.0,11
2024-11-12 08:00:00,7593,35.89,52.27,30.51,89.77,54.23,2024.0,11
2024-11-12 09:00:00,7594,34.16,51.8,32.76,58.07,37.3,2024.0,11
2024-11-12 10:00:00,7595,31.87,54.07,30.85,59.3,25.57,2024.0,11
2024-11-12 11:00:00,7596,32.31,55.1,30.31,63.6,40.93,2024.0,11
2024-11-12 12:00:00,7597,29.09,65.52,26.38,79.74,51.7,2024.0,11
2024-11-12 13:00:00,7598,27.43,70.47,26.0,80.7,47.4,2024.0,11
2024-11-12 14:00:00,7599,28.67,69.67,26.87,81.27,43.23,2024.0,11
2024-11-12 16:00:00,7601,28.98,65.47,26.57,77.83,39.93,2024.0,11
2024-11-12 17:00:00,7602,26.71,73.83,24.66,86.97,45.67,2024.0,11
2024-11-12 18:00:00,7603,25.04,80.37,23.56,93.0,48.07,2024.0,11
2024-11-12 19:00:00,7604,24.29,82.53,22.88,95.7,43.59,2024.0,11
2024-11-12 20:00:00,7605,24.02,84.0,22.57,97.47,57.17,2024.0,11
2024-11-12 21:00:00,7606,23.79,85.07,22.23,98.9,77.01,2024.0,11
2024-11-12 22:00:00,7607,23.44,86.93,21.82,100.0,62.76,2024.0,11
2024-11-12 23:00:00,7608,23.46,87.0,22.0,99.33,71.58,2024.0,11
2024-11-13 00:00:00,7609,23.52,85.79,22.12,97.18,65.78,2024.0,11
2024-11-13 01:00:00,7610,23.13,84.28,21.72,95.17,52.93,2024.0,11
2024-11-13 02:00:00,7611,22.75,84.23,21.51,94.67,50.12,2024.0,11
2024-11-13 03:00:00,7612,22.6,86.63,21.03,99.1,64.25,2024.0,11
2024-11-13 04:00:00,7613,22.25,87.27,20.82,99.3,63.32,2024.0,11
2024-11-13 05:00:00,7614,22.11,87.6,20.63,99.9,64.88,2024.0,11
2024-11-13 06:00:00,7615,24.78,80.67,24.27,86.8,79.16,2024.0,11
2024-11-13 07:00:00,7616,31.5,61.77,30.69,65.03,,2024.0,11
2024-11-13 08:00:00,7617,34.34,51.53,32.61,56.13,63.5,2024.0,11
2024-11-13 09:00:00,7618,33.82,48.77,32.92,51.4,44.3,2024.0,11
2024-11-13 10:00:00,7619,33.95,49.0,33.69,50.77,44.73,2024.0,11
2024-11-13 11:00:00,7620,34.55,46.8,33.18,51.07,41.93,2024.0,11
2024-11-13 12:00:00,7621,34.88,43.89,33.43,47.74,38.74,2024.0,11
2024-11-13 13:00:00,7622,34.99,43.17,34.17,45.7,40.37,2024.0,11
2024-11-13 14:00:00,7623,35.19,44.53,33.94,49.2,44.13,2024.0,11
2024-11-13 15:00:00,7624,32.9,47.43,31.21,54.17,43.1,2024.0,11
2024-11-13 16:00:00,7625,33.03,48.83,30.65,57.37,45.03,2024.0,11
2024-11-13 17:00:00,7626,28.75,61.4,27.27,71.67,49.7,2024.0,11
2024-11-13 18:00:00,7627,26.97,67.17,25.98,76.27,50.7,2024.0,11
2024-11-13 19:00:00,7628,26.59,70.97,25.3,81.47,62.83,2024.0,11
2024-11-13 20:00:00,7629,26.0,77.37,24.53,88.83,78.77,2024.0,11
2024-11-13 21:00:00,7630,25.7,78.9,24.2,90.9,,2024.0,11
2024-11-13 22:00:00,7631,25.41,79.97,23.94,92.27,,2024.0,11
2024-11-13 23:00:00,7632,24.95,80.1,23.46,92.2,55.63,2024.0,11
2024-11-14 00:00:00,7633,24.36,80.38,23.13,91.55,59.87,2024.0,11
2024-11-14 01:00:00,7634,24.18,80.83,22.95,92.0,64.83,2024.0,11
2024-11-14 02:00:00,7635,23.81,81.4,22.4,93.63,62.2,2024.0,11
2024-11-14 03:00:00,7636,23.38,83.17,21.72,95.43,55.03,2024.0,11
2024-11-14 04:00:00,7637,22.96,83.73,21.35,95.83,49.13,2024.0,11
2024-11-14 05:00:00,7638,22.97,83.93,21.68,94.9,63.32,2024.0,11
2024-11-14 06:00:00,7639,24.28,80.2,23.4,88.53,,2024.0,11
2024-11-14 07:00:00,7640,27.47,71.2,26.16,78.7,,2024.0,11
2024-11-14 08:00:00,7641,30.36,61.63,27.94,71.37,,2024.0,11
2024-11-14 09:00:00,7642,32.77,54.9,31.43,59.97,72.63,2024.0,11
2024-11-14 10:00:00,7643,34.14,49.53,32.03,55.87,60.33,2024.0,11
2024-11-14 11:00:00,7644,35.04,47.57,32.51,54.57,61.77,2024.0,11
2024-11-14 12:00:00,7645,34.61,47.82,32.55,54.43,63.57,2024.0,11
2024-11-14 13:00:00,7646,35.02,43.13,32.47,48.57,46.53,2024.0,11
2024-11-14 14:00:00,7647,33.36,44.6,32.33,47.97,47.6,2024.0,11
2024-11-14 15:00:00,7648,35.23,41.13,33.25,45.3,45.4,2024.0,11
2024-11-14 16:00:00,7649,32.87,43.27,30.57,49.17,39.83,2024.0,11
2024-11-14 17:00:00,7650,29.46,49.43,28.09,56.03,43.63,2024.0,11
2024-11-14 18:00:00,7651,28.31,52.73,27.21,59.27,50.53,2024.0,11
2024-11-14 19:00:00,7652,27.35,57.53,25.95,66.5,58.4,2024.0,11
2024-11-14 20:00:00,7653,26.49,61.23,25.37,70.07,67.27,2024.0,11
2024-11-14 21:00:00,7654,25.73,66.23,24.37,75.67,72.63,2024.0,11
2024-11-14 22:00:00,7655,25.04,69.93,23.82,79.0,,2024.0,11
2024-11-14 23:00:00,7656,24.52,72.7,23.06,83.3,,2024.0,11
2024-11-15 00:00:00,7657,23.83,76.82,22.11,89.0,,2024.0,11
2024-11-15 01:00:00,7658,23.41,79.33,21.89,90.23,,2024.0,11
2024-11-15 02:00:00,7659,23.2,79.97,21.64,91.2,,2024.0,11
2024-11-15 03:00:00,7660,22.46,80.0,20.89,91.63,69.55,2024.0,11
2024-11-15 04:00:00,7661,22.34,80.6,20.99,91.43,65.95,2024.0,11
2024-11-15 05:00:00,7662,22.6,81.1,21.31,91.17,68.18,2024.0,11
2024-11-15 06:00:00,7663,24.91,73.3,24.35,78.3,,2024.0,11
2024-11-15 07:00:00,7664,31.02,57.3,29.84,61.67,,2024.0,11
2024-11-15 08:00:00,7665,35.15,48.27,33.26,53.07,,2024.0,11
2024-11-15 09:00:00,7666,36.81,42.97,34.55,47.23,61.13,2024.0,11
2024-11-15 10:00:00,7667,36.03,43.1,33.93,48.33,58.67,2024.0,11
2024-11-15 11:00:00,7668,36.05,43.93,33.93,49.93,67.43,2024.0,11
2024-11-15 12:00:00,7669,36.23,42.93,34.0,49.0,62.19,2024.0,11
2024-11-15 13:00:00,7670,32.96,50.4,31.09,59.6,75.33,2024.0,11
2024-11-15 14:00:00,7671,33.47,51.57,31.2,61.67,75.73,2024.0,11
2024-11-15 15:00:00,7672,32.29,54.03,29.77,65.47,73.87,2024.0,11
2024-11-15 16:00:00,7673,30.3,59.07,28.06,71.03,77.9,2024.0,11
2024-11-15 17:00:00,7674,28.1,65.0,26.48,75.7,,2024.0,11
2024-11-15 18:00:00,7675,26.92,67.73,25.63,77.87,,2024.0,11
2024-11-15 19:00:00,7676,26.58,69.0,25.49,78.43,,2024.0,11
2024-11-15 20:00:00,7677,26.41,69.87,25.18,79.1,,2024.0,11
2024-11-15 21:00:00,7678,26.02,72.97,24.66,82.33,,2024.0,11
2024-11-15 22:00:00,7679,25.54,74.93,24.33,83.6,,2024.0,11
2024-11-15 23:00:00,7680,25.13,75.73,23.82,85.4,,2024.0,11
2024-11-16 00:00:00,7681,24.85,77.83,23.38,88.83,,2024.0,11
2024-11-16 01:00:00,7682,24.6,79.0,23.12,90.87,,2024.0,11
2024-11-16 02:00:00,7683,24.63,79.27,23.4,89.83,,2024.0,11
2024-11-16 03:00:00,7684,24.72,79.53,23.13,91.57,,2024.0,11
2024-11-16 04:00:00,7685,24.25,81.5,22.84,93.67,,2024.0,11
2024-11-16 05:00:00,7686,24.14,81.73,22.93,92.87,,2024.0,11
2024-11-16 06:00:00,7687,25.54,78.5,24.76,86.27,,2024.0,11
2024-11-16 07:00:00,7688,28.21,70.43,26.82,78.5,,2024.0,11
2024-11-16 08:00:00,7689,31.8,59.8,29.88,67.93,,2024.0,11
2024-11-16 09:00:00,7690,32.78,56.2,31.1,63.63,,2024.0,11
2024-11-16 10:00:00,7691,36.61,47.37,34.74,52.17,,2024.0,11
2024-11-16 11:00:00,7692,37.12,44.5,34.46,51.1,60.93,2024.0,11
2024-11-16 12:00:00,7693,35.2,49.63,31.97,61.33,,2024.0,11
2024-11-16 13:00:00,7694,31.96,57.37,28.21,74.7,71.57,2024.0,11
2024-11-16 14:00:00,7695,24.08,80.53,22.03,100.0,40.89,2024.0,11
2024-11-16 15:00:00,7696,24.66,80.9,22.63,100.0,45.27,2024.0,11
2024-11-16 16:00:00,7697,24.49,80.2,22.34,99.93,43.29,2024.0,11
2024-11-16 17:00:00,7698,23.05,83.07,21.48,100.0,22.22,2024.0,11
2024-11-16 18:00:00,7699,23.17,83.41,21.55,100.0,29.48,2024.0,11
2024-11-16 19:00:00,7700,23.39,83.77,21.79,100.0,29.95,2024.0,11
2024-11-16 20:00:00,7701,23.51,83.63,21.84,100.0,40.51,2024.0,11
2024-11-16 21:00:00,7702,23.53,84.17,21.77,100.0,35.55,2024.0,11
2024-11-16 22:00:00,7703,23.46,86.0,21.8,100.0,41.74,2024.0,11
2024-11-16 23:00:00,7704,23.32,86.97,21.66,100.0,47.08,2024.0,11
2024-11-17 00:00:00,7705,23.03,87.64,21.48,100.0,67.17,2024.0,11
2024-11-17 01:00:00,7706,22.95,88.0,21.33,100.0,56.59,2024.0,11
2024-11-17 02:00:00,7707,22.65,88.0,21.07,100.0,64.45,2024.0,11
2024-11-17 03:00:00,7708,22.55,88.17,21.02,100.0,56.19,2024.0,11
2024-11-17 04:00:00,7709,22.46,88.9,20.96,100.0,59.9,2024.0,11
2024-11-17 05:00:00,7710,22.72,89.03,21.33,100.0,55.92,2024.0,11
2024-11-17 06:00:00,7711,23.64,85.9,22.12,100.0,64.81,2024.0,11
2024-11-17 07:00:00,7712,27.47,74.7,27.23,86.17,75.56,2024.0,11
2024-11-17 08:00:00,7713,35.32,52.03,34.1,54.5,54.7,2024.0,11
2024-11-17 09:00:00,7714,36.0,48.67,34.58,52.7,49.03,2024.0,11
2024-11-17 10:00:00,7715,35.9,47.33,33.63,53.27,46.37,2024.0,11
2024-11-17 11:00:00,7716,33.67,50.5,31.23,59.03,48.77,2024.0,11
2024-11-17 12:00:00,7717,32.36,56.85,30.02,68.19,63.96,2024.0,11
2024-11-17 13:00:00,7718,31.97,58.5,29.94,68.77,50.23,2024.0,11
2024-11-17 14:00:00,7719,31.61,59.1,29.89,68.53,46.0,2024.0,11
2024-11-17 15:00:00,7720,26.91,72.57,23.99,90.87,21.93,2024.0,11
2024-11-17 16:00:00,7721,24.05,83.2,22.22,100.0,8.06,2024.0,11
2024-11-17 17:00:00,7722,24.41,84.17,22.58,100.0,28.16,2024.0,11
2024-11-17 18:00:00,7723,24.1,84.8,22.39,100.0,28.21,2024.0,11
2024-11-17 19:00:00,7724,23.98,86.0,22.32,100.0,33.34,2024.0,11
2024-11-17 20:00:00,7725,24.06,86.0,22.4,100.0,39.31,2024.0,11
2024-11-17 21:00:00,7726,24.04,86.2,22.41,100.0,42.03,2024.0,11
2024-11-17 22:00:00,7727,23.81,87.0,22.28,100.0,40.31,2024.0,11
2024-11-17 23:00:00,7728,23.7,87.77,22.18,100.0,52.44,2024.0,11
2024-11-18 00:00:00,7729,23.54,88.9,22.05,100.0,48.15,2024.0,11
2024-11-18 01:00:00,7730,23.5,89.67,22.01,100.0,44.42,2024.0,11
2024-11-18 02:00:00,7731,23.39,89.1,21.89,100.0,44.47,2024.0,11
2024-11-18 03:00:00,7732,23.17,89.3,21.76,100.0,43.33,2024.0,11
2024-11-18 04:00:00,7733,22.85,89.0,21.26,100.0,42.79,2024.0,11
2024-11-18 05:00:00,7734,22.68,89.53,21.33,100.0,42.66,2024.0,11
2024-11-18 06:00:00,7735,23.98,86.07,22.6,100.0,42.28,2024.0,11
2024-11-18 07:00:00,7736,28.66,72.27,27.57,90.0,53.97,2024.0,11
2024-11-18 08:00:00,7737,34.17,55.73,32.59,60.43,51.47,2024.0,11
2024-11-18 09:00:00,7738,35.81,48.7,34.38,52.03,15.6,2024.0,11
2024-11-18 10:00:00,7739,35.58,46.67,34.15,50.7,18.1,2024.0,11
2024-11-18 11:00:00,7740,37.72,44.37,33.8,53.8,23.63,2024.0,11
2024-11-18 12:00:00,7741,32.47,55.85,30.34,66.26,33.7,2024.0,11
2024-11-18 13:00:00,7742,34.19,51.83,31.67,62.03,32.8,2024.0,11
2024-11-18 14:00:00,7743,29.14,68.67,25.65,88.67,35.8,2024.0,11
2024-11-18 15:00:00,7744,24.95,82.73,23.01,100.0,24.97,2024.0,11
2024-11-18 16:00:00,7745,24.36,85.23,22.64,100.0,22.04,2024.0,11
2024-11-18 17:00:00,7746,24.04,84.2,22.16,100.0,26.8,2024.0,11
2024-11-18 18:00:00,7747,23.85,84.6,22.08,100.0,29.12,2024.0,11
2024-11-18 19:00:00,7748,23.86,85.0,22.09,100.0,29.57,2024.0,11
2024-11-18 20:00:00,7749,23.81,85.37,22.31,100.0,37.99,2024.0,11
2024-11-18 21:00:00,7750,24.03,86.03,22.46,100.0,37.83,2024.0,11
2024-11-18 22:00:00,7751,24.07,86.0,22.53,100.0,42.57,2024.0,11
2024-11-18 23:00:00,7752,23.94,86.2,22.43,100.0,53.2,2024.0,11
2024-11-19 00:00:00,7753,23.91,86.0,22.21,100.0,48.31,2024.0,11
2024-11-19 01:00:00,7754,23.71,86.73,22.09,100.0,64.59,2024.0,11
2024-11-19 02:00:00,7755,23.56,88.73,21.98,100.0,64.14,2024.0,11
2024-11-19 03:00:00,7756,23.52,88.93,21.92,100.0,55.57,2024.0,11
2024-11-19 04:00:00,7757,23.35,89.0,21.85,100.0,49.65,2024.0,11
2024-11-19 05:00:00,7758,23.22,89.0,21.76,100.0,45.18,2024.0,11
2024-11-19 06:00:00,7759,25.05,83.0,23.41,100.0,44.78,2024.0,11
2024-11-19 07:00:00,7760,30.44,66.9,29.79,76.3,65.0,2024.0,11
2024-11-19 08:00:00,7761,36.2,51.2,34.44,55.3,51.47,2024.0,11
2024-11-19 09:00:00,7762,39.17,43.8,36.03,49.2,47.4,2024.0,11
2024-11-19 10:00:00,7763,38.92,42.6,36.35,47.97,42.77,2024.0,11
2024-11-19 11:00:00,7764,38.73,41.93,34.6,50.87,46.03,2024.0,11
2024-11-19 12:00:00,7765,31.46,58.37,28.16,73.96,49.56,2024.0,11
2024-11-19 13:00:00,7766,26.03,77.93,23.6,97.7,39.91,2024.0,11
2024-11-19 14:00:00,7767,26.17,78.17,23.56,99.4,46.53,2024.0,11
2024-11-19 15:00:00,7768,25.98,77.9,23.92,98.07,46.0,2024.0,11
2024-11-19 16:00:00,7769,25.31,80.03,23.59,96.93,37.47,2024.0,11
2024-11-19 17:00:00,7770,23.93,84.23,22.14,100.0,27.11,2024.0,11
2024-11-19 18:00:00,7771,23.07,88.37,21.78,100.0,27.78,2024.0,11
2024-11-19 19:00:00,7772,23.1,89.4,21.78,100.0,16.59,2024.0,11
2024-11-19 20:00:00,7773,23.18,89.17,21.73,100.0,23.18,2024.0,11
2024-11-19 21:00:00,7774,23.25,89.0,21.7,100.0,27.38,2024.0,11
2024-11-19 22:00:00,7775,23.14,89.13,21.7,100.0,22.11,2024.0,11
2024-11-19 23:00:00,7776,22.97,89.4,21.54,100.0,31.13,2024.0,11
2024-11-20 00:00:00,7777,22.87,90.0,21.48,100.0,32.26,2024.0,11
2024-11-20 01:00:00,7778,22.58,90.6,21.31,100.0,39.62,2024.0,11
2024-11-20 02:00:00,7779,22.56,90.43,21.15,100.0,35.98,2024.0,11
2024-11-20 03:00:00,7780,22.62,90.0,21.06,100.0,42.79,2024.0,11
2024-11-20 04:00:00,7781,22.66,90.0,21.11,100.0,36.4,2024.0,11
2024-11-20 05:00:00,7782,22.84,89.13,21.36,100.0,40.6,2024.0,11
2024-11-20 06:00:00,7783,24.73,82.73,22.94,99.8,38.26,2024.0,11
2024-11-20 07:00:00,7784,29.1,70.27,26.64,96.93,66.03,2024.0,11
2024-11-20 08:00:00,7785,34.62,54.8,32.8,65.93,50.73,2024.0,11
2024-11-20 09:00:00,7786,35.15,50.73,33.95,54.93,44.57,2024.0,11
2024-11-20 10:00:00,7787,36.92,45.57,35.59,48.4,29.33,2024.0,11
2024-11-20 11:00:00,7788,39.38,40.1,35.54,46.77,19.87,2024.0,11
2024-11-20 12:00:00,7789,35.16,50.74,31.68,63.56,47.59,2024.0,11
2024-11-20 13:00:00,7790,33.17,54.17,31.33,63.33,39.37,2024.0,11
2024-11-20 14:00:00,7791,33.06,55.6,29.31,73.5,33.0,2024.0,11
2024-11-20 15:00:00,7792,26.83,76.57,23.69,100.0,46.83,2024.0,11
2024-11-20 16:00:00,7793,26.2,77.27,23.29,99.9,46.87,2024.0,11
2024-11-20 17:00:00,7794,25.36,79.97,23.15,100.0,33.93,2024.0,11
2024-11-20 18:00:00,7795,25.01,80.6,22.79,100.0,34.29,2024.0,11
2024-11-20 19:00:00,7796,23.43,86.2,21.92,100.0,27.96,2024.0,11
2024-11-20 20:00:00,7797,22.73,88.73,21.44,100.0,20.19,2024.0,11
2024-11-20 21:00:00,7798,23.02,89.0,21.53,100.0,20.59,2024.0,11
2024-11-20 22:00:00,7799,23.18,89.0,21.62,100.0,21.93,2024.0,11
2024-11-20 23:00:00,7800,23.25,89.0,21.66,100.0,35.64,2024.0,11
2024-11-21 00:00:00,7801,23.19,89.0,21.56,100.0,46.92,2024.0,11
2024-11-21 01:00:00,7802,23.26,89.23,21.68,100.0,49.0,2024.0,11
2024-11-21 02:00:00,7803,23.3,89.13,21.68,100.0,41.12,2024.0,11
2024-11-21 03:00:00,7804,23.11,89.0,21.47,100.0,42.34,2024.0,11
2024-11-21 04:00:00,7805,23.0,89.7,21.43,100.0,44.47,2024.0,11
2024-11-21 05:00:00,7806,23.01,89.87,21.45,100.0,38.64,2024.0,11
2024-11-21 06:00:00,7807,24.72,86.1,23.26,99.93,48.38,2024.0,11
2024-11-21 07:00:00,7808,28.67,72.27,25.95,97.27,55.7,2024.0,11
2024-11-21 08:00:00,7809,31.66,63.17,30.4,76.83,59.6,2024.0,11
2024-11-21 09:00:00,7810,37.97,47.33,36.56,49.6,43.63,2024.0,11
2024-11-21 10:00:00,7811,37.71,44.4,35.86,48.17,30.5,2024.0,11
2024-11-21 11:00:00,7812,35.7,46.2,33.36,53.27,28.83,2024.0,11
2024-11-21 12:00:00,7813,31.74,58.37,28.87,71.89,48.52,2024.0,11
2024-11-21 13:00:00,7814,29.76,65.97,28.31,75.9,46.2,2024.0,11
2024-11-21 14:00:00,7815,27.7,73.27,26.03,85.67,51.43,2024.0,11
2024-11-21 15:00:00,7816,26.07,77.6,23.86,93.9,45.39,2024.0,11
2024-11-21 16:00:00,7817,23.53,86.7,22.08,100.0,26.24,2024.0,11
2024-11-21 17:00:00,7818,23.58,87.4,22.12,100.0,27.51,2024.0,11
2024-11-21 18:00:00,7819,23.77,86.43,22.17,100.0,29.61,2024.0,11
2024-11-21 19:00:00,7820,23.73,86.8,22.14,100.0,35.98,2024.0,11
2024-11-21 20:00:00,7821,23.77,87.0,22.12,100.0,33.66,2024.0,11
2024-11-21 21:00:00,7822,23.76,87.03,22.17,100.0,37.65,2024.0,11
2024-11-21 22:00:00,7823,23.62,87.93,22.01,100.0,47.68,2024.0,11
2024-11-21 23:00:00,7824,23.6,88.7,22.06,100.0,50.88,2024.0,11
2024-11-22 00:00:00,7825,23.43,89.5,21.91,100.0,60.64,2024.0,11
2024-11-22 01:00:00,7826,23.23,89.8,21.69,100.0,54.69,2024.0,11
2024-11-22 02:00:00,7827,23.2,89.23,21.64,100.0,47.75,2024.0,11
2024-11-22 03:00:00,7828,23.28,89.0,21.61,100.0,49.67,2024.0,11
2024-11-22 04:00:00,7829,23.24,88.87,21.65,100.0,48.42,2024.0,11
2024-11-22 05:00:00,7830,23.27,88.23,21.63,100.0,45.63,2024.0,11
2024-11-22 06:00:00,7831,23.82,85.93,22.17,100.0,54.14,2024.0,11
2024-11-22 07:00:00,7832,26.2,78.43,24.34,98.77,58.5,2024.0,11
2024-11-22 08:00:00,7833,28.54,70.76,27.01,86.48,72.93,2024.0,11
2024-11-22 09:00:00,7834,33.3,56.93,33.08,58.03,52.57,2024.0,11
2024-11-22 10:00:00,7835,35.83,48.83,34.95,50.9,36.07,2024.0,11
2024-11-22 11:00:00,7836,35.22,48.2,32.91,54.8,35.13,2024.0,11
2024-11-22 12:00:00,7837,36.3,46.14,33.98,52.43,41.07,2024.0,11
2024-11-22 13:00:00,7838,38.61,42.03,36.32,47.03,32.17,2024.0,11
2024-11-22 14:00:00,7839,33.97,52.03,30.76,64.63,45.2,2024.0,11
2024-11-22 15:00:00,7840,27.5,69.73,25.42,84.13,44.35,2024.0,11
2024-11-22 16:00:00,7841,23.41,85.57,22.05,100.0,28.12,2024.0,11
2024-11-22 17:00:00,7842,23.72,84.5,22.07,100.0,29.66,2024.0,11
2024-11-22 18:00:00,7843,23.86,84.04,22.17,100.0,31.56,2024.0,11
2024-11-22 19:00:00,7844,23.58,85.0,21.68,100.0,16.48,2024.0,11
2024-11-22 20:00:00,7845,23.03,88.0,21.51,100.0,14.61,2024.0,11
2024-11-22 21:00:00,7846,23.28,88.1,21.58,100.0,19.85,2024.0,11
2024-11-22 22:00:00,7847,23.42,88.0,21.64,100.0,37.23,2024.0,11
2024-11-22 23:00:00,7848,23.34,88.43,21.65,100.0,38.95,2024.0,11
2024-11-23 00:00:00,7849,23.26,88.9,21.61,100.0,51.48,2024.0,11
2024-11-23 01:00:00,7850,23.24,89.43,21.65,100.0,51.9,2024.0,11
2024-11-23 02:00:00,7851,23.18,89.17,21.6,100.0,37.63,2024.0,11
2024-11-23 03:00:00,7852,23.02,89.0,21.42,100.0,31.22,2024.0,11
2024-11-23 04:00:00,7853,22.82,89.0,21.16,100.0,33.63,2024.0,11
2024-11-23 05:00:00,7854,22.61,89.0,21.18,100.0,36.34,2024.0,11
2024-11-23 06:00:00,7855,24.41,85.37,22.89,99.9,39.52,2024.0,11
2024-11-23 07:00:00,7856,29.6,69.53,27.12,96.73,51.43,2024.0,11
2024-11-23 08:00:00,7857,35.67,53.53,30.44,91.0,50.93,2024.0,11
2024-11-23 09:00:00,7858,34.95,51.38,32.57,60.59,39.9,2024.0,11
2024-11-23 10:00:00,7859,37.57,44.83,35.75,48.6,30.6,2024.0,11
2024-11-23 11:00:00,7860,37.35,43.73,34.55,50.1,28.13,2024.0,11
2024-11-23 12:00:00,7861,37.44,44.67,33.4,55.67,33.85,2024.0,11
2024-11-23 13:00:00,7862,32.18,55.2,30.36,64.83,43.9,2024.0,11
2024-11-23 14:00:00,7863,33.84,52.1,32.43,59.03,39.47,2024.0,11
2024-11-23 15:00:00,7864,31.75,60.27,25.98,88.7,40.57,2024.0,11
2024-11-23 16:00:00,7865,25.55,79.77,23.06,100.0,46.6,2024.0,11
2024-11-23 17:00:00,7866,25.53,81.0,23.19,100.0,31.27,2024.0,11
2024-11-23 18:00:00,7867,24.97,83.5,23.12,100.0,31.8,2024.0,11
2024-11-23 19:00:00,7868,24.87,83.6,23.02,100.0,32.23,2024.0,11
2024-11-23 20:00:00,7869,24.5,84.83,22.91,100.0,35.22,2024.0,11
2024-11-23 21:00:00,7870,24.45,84.23,22.81,100.0,42.23,2024.0,11
2024-11-23 22:00:00,7871,24.12,85.0,22.56,100.0,46.54,2024.0,11
2024-11-23 23:00:00,7872,24.11,85.0,22.46,100.0,48.11,2024.0,11
2024-11-24 00:00:00,7873,23.95,85.38,22.46,100.0,46.87,2024.0,11
2024-11-24 01:00:00,7874,24.07,85.53,22.52,100.0,46.45,2024.0,11
2024-11-24 02:00:00,7875,23.67,86.27,22.04,100.0,44.78,2024.0,11
2024-11-24 03:00:00,7876,23.4,87.17,21.68,100.0,46.79,2024.0,11
2024-11-24 04:00:00,7877,23.24,87.13,21.75,100.0,51.26,2024.0,11
2024-11-24 05:00:00,7878,23.61,86.67,22.32,100.0,44.38,2024.0,11
2024-11-24 06:00:00,7879,25.1,82.67,24.01,95.37,47.29,2024.0,11
2024-11-24 07:00:00,7880,29.72,69.9,29.18,74.87,75.9,2024.0,11
2024-11-24 08:00:00,7881,33.18,57.7,31.45,63.97,58.87,2024.0,11
2024-11-24 09:00:00,7882,37.51,47.62,36.47,49.55,39.0,2024.0,11
2024-11-24 10:00:00,7883,39.26,41.93,36.83,45.87,28.0,2024.0,11
2024-11-24 11:00:00,7884,35.85,46.43,31.35,58.97,35.63,2024.0,11
2024-11-24 12:00:00,7885,27.6,65.81,25.26,80.19,32.33,2024.0,11
2024-11-24 13:00:00,7886,28.42,66.77,27.13,76.73,35.27,2024.0,11
2024-11-24 14:00:00,7887,29.12,63.93,25.81,82.93,41.0,2024.0,11
2024-11-24 15:00:00,7888,27.63,71.33,24.55,93.37,40.8,2024.0,11
2024-11-24 16:00:00,7889,24.99,78.07,22.75,95.13,33.76,2024.0,11
2024-11-24 17:00:00,7890,22.93,87.17,21.6,100.0,19.5,2024.0,11
2024-11-24 18:00:00,7891,22.98,87.27,21.45,100.0,25.37,2024.0,11
2024-11-24 19:00:00,7892,23.23,87.33,21.52,100.0,34.37,2024.0,11
2024-11-24 20:00:00,7893,23.26,87.97,21.53,100.0,33.59,2024.0,11
2024-11-24 21:00:00,7894,23.3,88.0,21.64,100.0,35.76,2024.0,11
2024-11-24 22:00:00,7895,23.42,88.57,21.82,100.0,37.48,2024.0,11
2024-11-24 23:00:00,7896,23.44,89.0,21.86,100.0,43.77,2024.0,11
2024-11-25 00:00:00,7897,23.19,89.0,21.62,100.0,48.19,2024.0,11
2024-11-25 01:00:00,7898,23.05,89.1,21.44,100.0,54.83,2024.0,11
2024-11-25 02:00:00,7899,22.8,90.0,21.3,100.0,68.72,2024.0,11
2024-11-25 03:00:00,7900,22.65,90.57,21.28,100.0,67.09,2024.0,11
2024-11-25 04:00:00,7901,22.94,90.5,21.44,100.0,49.13,2024.0,11
2024-11-25 05:00:00,7902,22.98,89.07,21.35,100.0,51.43,2024.0,11
2024-11-25 06:00:00,7903,23.64,87.1,22.01,100.0,53.89,2024.0,11
2024-11-25 07:00:00,7904,25.5,80.87,24.1,99.47,50.48,2024.0,11
2024-11-25 08:00:00,7905,33.53,59.1,31.17,80.63,59.53,2024.0,11
2024-11-25 09:00:00,7906,37.94,47.63,36.34,50.4,47.0,2024.0,11
2024-11-25 10:00:00,7907,38.33,43.13,35.8,47.17,29.8,2024.0,11
2024-11-25 11:00:00,7908,39.69,39.03,36.3,44.2,20.47,2024.0,11
2024-11-25 12:00:00,7909,39.27,38.57,35.59,45.0,23.04,2024.0,11
2024-11-25 13:00:00,7910,36.97,42.57,34.72,48.9,34.03,2024.0,11
2024-11-25 14:00:00,7911,34.0,51.53,30.84,64.87,40.53,2024.0,11
2024-11-25 15:00:00,7912,,,24.85,65.44,36.8,2024.0,11
2024-11-25 16:00:00,7913,28.32,68.38,27.24,77.57,43.97,2024.0,11
2024-11-25 17:00:00,7914,26.82,70.67,25.55,81.27,34.3,2024.0,11
2024-11-25 18:00:00,7915,25.81,78.8,24.15,92.17,43.66,2024.0,11
2024-11-25 19:00:00,7916,25.28,81.27,24.09,93.47,35.8,2024.0,11
2024-11-25 20:00:00,7917,24.61,82.1,23.17,96.17,33.21,2024.0,11
2024-11-25 21:00:00,7918,23.94,84.83,22.25,100.0,31.94,2024.0,11
2024-11-25 22:00:00,7919,23.85,86.8,22.38,100.0,28.94,2024.0,11
2024-11-25 23:00:00,7920,23.82,86.63,22.19,100.0,29.95,2024.0,11
2024-11-26 00:00:00,7921,23.82,86.17,22.13,100.0,34.81,2024.0,11
2024-11-26 01:00:00,7922,23.81,87.0,22.23,100.0,32.91,2024.0,11
2024-11-26 02:00:00,7923,23.84,87.0,22.21,100.0,31.53,2024.0,11
2024-11-26 03:00:00,7924,23.88,87.0,22.24,100.0,36.39,2024.0,11
2024-11-26 04:00:00,7925,23.83,87.27,22.25,100.0,40.69,2024.0,11
2024-11-26 05:00:00,7926,23.81,87.04,22.27,100.0,37.99,2024.0,11
2024-11-26 06:00:00,7927,26.26,81.39,24.75,99.53,54.49,2024.0,11
2024-11-26 07:00:00,7928,32.49,62.63,29.26,86.6,53.73,2024.0,11
2024-11-26 08:00:00,7929,35.14,54.64,33.41,60.97,47.1,2024.0,11
2024-11-26 09:00:00,7930,38.32,46.83,36.62,50.37,40.1,2024.0,11
2024-11-26 10:00:00,7931,39.73,40.23,37.47,43.37,16.4,2024.0,11
2024-11-26 11:00:00,7932,39.54,39.23,36.24,44.8,10.8,2024.0,11
2024-11-26 12:00:00,7933,39.22,41.85,34.89,53.08,29.15,2024.0,11
2024-11-26 13:00:00,7934,29.83,64.79,26.09,86.97,42.5,2024.0,11
2024-11-26 14:00:00,7935,,,22.76,99.9,25.4,2024.0,11
2024-11-26 15:00:00,7936,28.65,72.71,25.28,98.7,36.74,2024.0,11
2024-11-26 16:00:00,7937,30.44,65.37,25.78,97.3,35.57,2024.0,11
2024-11-26 17:00:00,7938,26.78,75.5,24.46,97.63,43.13,2024.0,11
2024-11-26 18:00:00,7939,26.06,77.85,24.81,89.3,47.17,2024.0,11
2024-11-26 19:00:00,7940,25.86,79.44,24.65,91.03,49.46,2024.0,11
2024-11-26 20:00:00,7941,25.6,79.81,24.31,91.53,47.38,2024.0,11
2024-11-26 21:00:00,7942,25.05,82.92,23.69,96.57,47.48,2024.0,11
2024-11-26 22:00:00,7943,24.73,82.46,23.53,94.7,29.81,2024.0,11
2024-11-26 23:00:00,7944,24.46,83.79,23.21,96.7,31.55,2024.0,11
2024-11-27 00:00:00,7945,24.34,84.59,23.14,97.14,43.9,2024.0,11
2024-11-27 01:00:00,7946,23.93,84.8,22.61,97.7,39.69,2024.0,11
2024-11-27 02:00:00,7947,23.41,86.45,22.06,98.4,37.11,2024.0,11
2024-11-27 03:00:00,7948,23.08,86.14,21.86,97.37,36.17,2024.0,11
2024-11-27 04:00:00,7949,22.86,86.28,21.6,97.73,39.36,2024.0,11
2024-11-27 05:00:00,7950,23.0,87.03,21.88,98.03,39.49,2024.0,11
2024-11-27 06:00:00,7951,26.12,79.73,25.63,86.5,48.81,2024.0,11
2024-11-27 07:00:00,7952,30.37,66.52,29.06,73.53,52.27,2024.0,11
2024-11-27 08:00:00,7953,33.99,56.61,32.67,61.6,48.3,2024.0,11
2024-11-27 09:00:00,7954,37.29,48.1,34.61,54.57,39.57,2024.0,11
2024-11-27 10:00:00,7955,37.57,45.47,33.98,54.03,35.07,2024.0,11
2024-11-27 11:00:00,7956,34.1,52.9,31.9,62.17,52.1,2024.0,11
2024-11-27 12:00:00,7957,32.36,57.36,30.07,68.54,47.21,2024.0,11
2024-11-27 13:00:00,7958,25.14,77.73,22.58,96.13,11.06,2024.0,11
2024-11-27 14:00:00,7959,23.85,83.7,22.07,100.0,10.07,2024.0,11
2024-11-27 15:00:00,7960,24.21,82.83,22.21,100.0,27.43,2024.0,11
2024-11-27 16:00:00,7961,23.75,85.53,22.12,100.0,26.35,2024.0,11
2024-11-27 17:00:00,7962,23.44,88.03,22.01,100.0,27.8,2024.0,11
2024-11-27 18:00:00,7963,23.63,87.47,22.11,100.0,34.71,2024.0,11
2024-11-27 19:00:00,7964,23.49,89.03,22.07,100.0,54.69,2024.0,11
2024-11-27 20:00:00,7965,23.58,88.5,22.16,100.0,49.31,2024.0,11
2024-11-27 21:00:00,7966,23.51,88.73,21.97,100.0,28.43,2024.0,11
2024-11-27 22:00:00,7967,23.38,89.27,21.87,100.0,33.99,2024.0,11
2024-11-27 23:00:00,7968,23.14,90.0,21.71,100.0,56.53,2024.0,11
2024-11-28 00:00:00,7969,22.97,90.92,21.67,100.0,43.73,2024.0,11
2024-11-28 01:00:00,7970,23.06,91.0,21.71,100.0,57.08,2024.0,11
2024-11-28 02:00:00,7971,22.84,91.0,21.52,100.0,59.92,2024.0,11
2024-11-28 03:00:00,7972,22.92,91.0,21.56,100.0,47.06,2024.0,11
2024-11-28 04:00:00,7973,23.06,90.93,21.65,100.0,47.21,2024.0,11
2024-11-28 05:00:00,7974,23.08,90.9,21.74,100.0,42.5,2024.0,11
2024-11-28 06:00:00,7975,23.87,87.57,22.6,100.0,53.2,2024.0,11
2024-11-28 07:00:00,7976,29.68,71.2,27.03,98.17,60.11,2024.0,11
2024-11-28 08:00:00,7977,34.1,57.21,30.95,71.76,57.93,2024.0,11
2024-11-28 09:00:00,7978,36.26,50.1,33.29,57.6,51.53,2024.0,11
2024-11-28 10:00:00,7979,36.21,48.57,32.82,58.0,43.1,2024.0,11
2024-11-28 11:00:00,7980,32.57,54.23,30.72,62.53,22.17,2024.0,11
2024-11-28 12:00:00,7981,33.14,52.63,31.51,59.63,17.74,2024.0,11
2024-11-28 13:00:00,7982,28.86,65.0,26.05,80.37,17.0,2024.0,11
2024-11-28 14:00:00,7983,23.26,84.2,21.62,100.0,16.84,2024.0,11
2024-11-28 15:00:00,7984,23.41,85.63,21.65,100.0,12.93,2024.0,11
2024-11-28 16:00:00,7985,23.25,87.43,21.71,100.0,17.2,2024.0,11
2024-11-28 17:00:00,7986,23.22,87.97,21.66,100.0,21.37,2024.0,11
2024-11-28 18:00:00,7987,23.03,88.6,21.54,100.0,26.89,2024.0,11
2024-11-28 19:00:00,7988,23.12,89.0,21.63,100.0,30.55,2024.0,11
2024-11-28 20:00:00,7989,23.14,89.57,21.72,100.0,31.47,2024.0,11
2024-11-28 21:00:00,7990,23.09,90.0,21.8,100.0,40.71,2024.0,11
2024-11-28 22:00:00,7991,22.9,91.0,21.69,100.0,41.25,2024.0,11
2024-11-28 23:00:00,7992,22.91,90.6,21.53,100.0,45.29,2024.0,11
2024-11-29 00:00:00,7993,22.72,90.0,21.22,100.0,32.27,2024.0,11
2024-11-29 01:00:00,7994,22.61,90.24,21.23,100.0,37.73,2024.0,11
2024-11-29 02:00:00,7995,22.59,91.0,21.23,100.0,37.5,2024.0,11
2024-11-29 08:00:00,8001,33.59,58.18,31.08,77.64,50.46,2024.0,11
2024-11-29 09:00:00,8002,35.37,49.63,34.14,53.0,37.47,2024.0,11
2024-11-29 10:00:00,8003,33.79,48.7,33.56,49.73,,2024.0,11
2024-11-29 11:00:00,8004,34.72,46.57,33.38,50.4,,2024.0,11
2024-11-29 12:00:00,8005,35.21,45.03,33.71,48.9,,2024.0,11
2024-11-29 13:00:00,8006,37.34,42.0,34.67,47.53,,2024.0,11
2024-11-29 14:00:00,8007,34.45,45.6,32.59,51.87,,2024.0,11
2024-11-29 15:00:00,8008,32.61,49.47,30.98,56.43,12.83,2024.0,11
2024-11-29 16:00:00,8009,30.26,53.53,29.11,60.33,19.3,2024.0,11
2024-11-29 17:00:00,8010,28.58,58.03,27.72,64.37,8.23,2024.0,11
2024-11-29 18:00:00,8011,27.99,60.1,27.02,67.03,15.53,2024.0,11
2024-11-29 19:00:00,8012,27.4,65.73,26.2,74.7,34.0,2024.0,11
2024-11-29 20:00:00,8013,25.92,73.0,24.78,82.1,31.3,2024.0,11
2024-11-29 21:00:00,8014,25.45,74.17,24.25,83.27,36.63,2024.0,11
2024-11-29 22:00:00,8015,24.98,76.73,23.83,85.9,54.53,2024.0,11
2024-11-29 23:00:00,8016,24.81,74.07,23.78,81.83,40.23,2024.0,11
2024-11-30 00:00:00,8017,24.51,74.55,23.52,82.28,45.0,2024.0,11
2024-11-30 01:00:00,8018,24.04,75.63,23.17,83.07,38.87,2024.0,11
2024-11-30 02:00:00,8019,24.02,76.73,23.14,84.37,26.3,2024.0,11
2024-11-30 03:00:00,8020,23.79,78.5,22.61,87.77,34.95,2024.0,11
2024-11-30 04:00:00,8021,23.35,81.57,21.99,91.83,25.71,2024.0,11
2024-11-30 05:00:00,8022,23.31,82.93,22.03,93.37,31.69,2024.0,11
2024-11-30 06:00:00,8023,24.95,78.33,24.04,85.87,46.01,2024.0,11
2024-11-30 07:00:00,8024,28.27,68.43,26.87,75.6,55.23,2024.0,11
2024-11-30 08:00:00,8025,33.34,55.77,32.79,58.17,55.1,2024.0,11
2024-11-30 09:00:00,8026,38.84,44.23,37.32,46.8,51.63,2024.0,11
2024-11-30 10:00:00,8027,39.71,39.43,37.76,41.77,30.13,2024.0,11
2024-11-30 11:00:00,8028,38.51,40.37,34.97,47.3,23.87,2024.0,11
2024-11-30 12:00:00,8029,37.51,42.19,34.66,49.48,9.56,2024.0,11
2024-11-30 13:00:00,8030,35.25,46.07,31.81,58.9,15.0,2024.0,11
2024-11-30 14:00:00,8031,27.19,73.93,23.51,99.37,26.7,2024.0,11
2024-11-30 15:00:00,8032,25.75,79.53,23.22,100.0,28.36,2024.0,11
2024-11-30 16:00:00,8033,25.33,80.13,22.79,100.0,23.69,2024.0,11
2024-11-30 17:00:00,8034,24.6,81.37,22.4,100.0,23.03,2024.0,11
2024-11-30 18:00:00,8035,24.32,83.67,22.45,100.0,27.58,2024.0,11
2024-11-30 19:00:00,8036,24.38,83.93,22.61,100.0,31.76,2024.0,11
2024-11-30 20:00:00,8037,24.41,84.07,22.66,100.0,39.44,2024.0,11
2024-11-30 21:00:00,8038,24.06,85.63,22.5,100.0,38.5,2024.0,11
2024-11-30 22:00:00,8039,23.76,87.33,22.34,100.0,55.32,2024.0,11
2024-11-30 23:00:00,8040,23.5,87.17,22.11,100.0,44.49,2024.0,11
2024-12-01 00:00:00,8041,23.48,86.14,21.93,100.0,45.11,2024.0,12
2024-12-01 01:00:00,8042,23.44,87.5,21.94,100.0,63.47,2024.0,12
2024-12-01 02:00:00,8043,23.32,88.77,21.9,100.0,51.95,2024.0,12
2024-12-01 03:00:00,8044,23.15,88.83,21.82,100.0,44.18,2024.0,12
2024-12-01 04:00:00,8045,22.92,88.67,21.51,100.0,53.51,2024.0,12
2024-12-01 05:00:00,8046,22.82,89.77,21.65,100.0,58.29,2024.0,12
2024-12-01 06:00:00,8047,23.98,85.5,22.96,97.2,64.7,2024.0,12
2024-12-01 07:00:00,8048,26.16,78.57,25.1,87.7,,2024.0,12
2024-12-01 08:00:00,8049,31.84,63.6,30.96,67.37,76.67,2024.0,12
2024-12-01 09:00:00,8050,34.91,54.07,33.45,58.93,72.83,2024.0,12
2024-12-01 10:00:00,8051,36.53,49.33,35.44,52.57,55.53,2024.0,12
2024-12-01 11:00:00,8052,38.39,44.5,34.96,52.27,29.57,2024.0,12
2024-12-01 12:00:00,8053,35.99,47.75,33.37,56.32,16.68,2024.0,12
2024-12-01 13:00:00,8054,34.06,52.27,31.84,61.63,14.7,2024.0,12
2024-12-01 14:00:00,8055,28.55,70.1,25.04,91.13,19.03,2024.0,12
2024-12-01 15:00:00,8056,23.55,86.13,22.08,100.0,14.29,2024.0,12
2024-12-01 16:00:00,8057,22.58,91.67,21.66,100.0,15.74,2024.0,12
2024-12-01 17:00:00,8058,22.75,93.67,21.81,100.0,18.63,2024.0,12
2024-12-01 18:00:00,8059,23.08,92.83,21.88,100.0,22.47,2024.0,12
2024-12-01 19:00:00,8060,23.33,91.0,21.93,100.0,31.82,2024.0,12
2024-12-01 20:00:00,8061,23.46,91.03,22.13,100.0,36.49,2024.0,12
2024-12-01 21:00:00,8062,23.35,90.97,22.0,100.0,30.64,2024.0,12
2024-12-01 22:00:00,8063,23.57,90.57,22.09,100.0,33.97,2024.0,12
2024-12-01 23:00:00,8064,23.59,90.07,22.12,100.0,34.73,2024.0,12
2024-12-02 00:00:00,8065,23.44,90.89,22.02,100.0,34.0,2024.0,12
2024-12-02 01:00:00,8066,23.31,91.73,21.87,100.0,33.21,2024.0,12
2024-12-02 02:00:00,8067,23.13,91.83,21.77,100.0,36.22,2024.0,12
2024-12-02 03:00:00,8068,22.99,92.0,21.77,100.0,38.03,2024.0,12
2024-12-02 04:00:00,8069,23.04,91.7,21.74,100.0,34.46,2024.0,12
2024-12-02 05:00:00,8070,23.06,91.0,21.74,100.0,32.45,2024.0,12
2024-12-02 06:00:00,8071,23.41,90.03,22.29,100.0,44.64,2024.0,12
2024-12-02 07:00:00,8072,26.38,80.83,24.52,99.67,43.7,2024.0,12
2024-12-02 08:00:00,8073,30.61,67.7,27.94,88.8,49.03,2024.0,12
2024-12-02 09:00:00,8074,35.32,54.3,32.77,61.13,50.23,2024.0,12
2024-12-02 10:00:00,8075,31.52,59.6,28.76,70.6,52.0,2024.0,12
2024-12-02 11:00:00,8076,28.73,69.17,27.34,77.87,61.57,2024.0,12
2024-12-02 12:00:00,8077,28.9,70.03,27.32,79.2,71.67,2024.0,12
2024-12-02 13:00:00,8078,28.56,70.33,26.79,80.57,60.2,2024.0,12
2024-12-02 14:00:00,8079,26.84,75.63,25.32,86.77,49.47,2024.0,12
2024-12-02 15:00:00,8080,25.76,77.77,24.55,87.33,42.15,2024.0,12
2024-12-02 16:00:00,8081,26.91,71.87,25.82,79.17,40.53,2024.0,12
2024-12-02 17:00:00,8082,26.96,71.37,24.91,82.03,55.8,2024.0,12
2024-12-02 18:00:00,8083,24.99,78.2,23.52,88.7,55.86,2024.0,12
2024-12-02 19:00:00,8084,24.71,79.9,23.8,88.97,68.81,2024.0,12
2024-12-02 20:00:00,8085,24.68,79.7,23.69,88.73,41.92,2024.0,12
2024-12-02 21:00:00,8086,24.41,78.23,23.33,86.73,37.03,2024.0,12
2024-12-02 22:00:00,8087,24.33,79.8,23.37,88.83,40.82,2024.0,12
2024-12-02 23:00:00,8088,23.94,82.0,22.74,92.83,50.67,2024.0,12
2024-12-03 00:00:00,8089,23.85,79.31,23.19,85.93,27.38,2024.0,12
2024-12-03 01:00:00,8090,23.94,78.57,22.95,86.53,31.37,2024.0,12
2024-12-03 02:00:00,8091,23.54,81.8,22.43,90.93,31.74,2024.0,12
2024-12-03 03:00:00,8092,23.52,81.4,22.62,89.2,20.12,2024.0,12
2024-12-03 04:00:00,8093,23.55,81.57,22.58,89.73,13.62,2024.0,12
2024-12-03 05:00:00,8094,23.31,83.93,22.27,92.87,21.8,2024.0,12
2024-12-03 06:00:00,8095,25.73,77.37,24.7,84.8,39.96,2024.0,12
2024-12-03 07:00:00,8096,27.03,73.23,25.31,82.67,45.1,2024.0,12
2024-12-03 08:00:00,8097,27.67,71.5,26.43,79.03,46.5,2024.0,12
2024-12-03 09:00:00,8098,29.05,66.37,27.59,73.7,41.77,2024.0,12
2024-12-03 10:00:00,8099,28.4,64.83,27.27,70.83,9.33,2024.0,12
2024-12-03 11:00:00,8100,30.18,60.1,28.91,66.3,28.23,2024.0,12
2024-12-03 12:00:00,8101,30.02,61.14,28.49,69.24,19.55,2024.0,12
2024-12-03 13:00:00,8102,26.15,74.67,23.97,90.33,20.26,2024.0,12
2024-12-03 14:00:00,8103,24.89,82.4,22.98,99.83,26.53,2024.0,12
2024-12-03 15:00:00,8104,26.42,77.2,23.47,98.3,23.56,2024.0,12
2024-12-03 16:00:00,8105,24.95,78.07,22.56,96.83,27.63,2024.0,12
2024-12-03 17:00:00,8106,24.15,80.87,22.93,92.97,21.04,2024.0,12
2024-12-03 18:00:00,8107,23.63,84.03,22.29,96.17,21.44,2024.0,12
2024-12-03 19:00:00,8108,23.0,87.23,21.78,98.4,24.57,2024.0,12
2024-12-03 20:00:00,8109,22.51,89.77,21.3,100.0,20.23,2024.0,12
2024-12-03 21:00:00,8110,22.54,89.4,21.12,100.0,18.0,2024.0,12
2024-12-03 22:00:00,8111,22.67,89.0,21.2,100.0,25.68,2024.0,12
2024-12-03 23:00:00,8112,22.62,89.7,21.21,100.0,29.17,2024.0,12
2024-12-04 00:00:00,8113,22.62,90.17,21.25,100.0,60.76,2024.0,12
2024-12-04 01:00:00,8114,22.61,90.0,21.12,100.0,34.57,2024.0,12
2024-12-04 02:00:00,8115,22.59,90.03,21.15,100.0,30.46,2024.0,12
2024-12-04 03:00:00,8116,22.52,90.07,21.09,100.0,31.62,2024.0,12
2024-12-04 04:00:00,8117,22.39,90.0,20.99,100.0,25.75,2024.0,12
2024-12-04 05:00:00,8118,22.42,90.57,21.01,100.0,26.04,2024.0,12
2024-12-04 06:00:00,8119,22.65,90.63,21.22,100.0,22.69,2024.0,12
2024-12-04 07:00:00,8120,23.32,88.9,21.71,100.0,26.2,2024.0,12
2024-12-04 08:00:00,8121,25.3,82.37,23.01,99.97,19.59,2024.0,12
2024-12-04 09:00:00,8122,27.34,77.07,25.27,93.83,31.62,2024.0,12
2024-12-04 10:00:00,8123,26.89,76.7,24.63,90.47,43.23,2024.0,12
2024-12-04 11:00:00,8124,26.66,76.5,25.18,87.73,32.7,2024.0,12
2024-12-04 12:00:00,8125,26.79,76.03,25.19,88.07,27.33,2024.0,12
2024-12-04 13:00:00,8126,28.08,72.83,26.68,81.4,24.57,2024.0,12
2024-12-04 14:00:00,8127,27.96,72.8,26.65,81.03,25.53,2024.0,12
2024-12-04 15:00:00,8128,25.14,79.9,23.33,94.5,19.94,2024.0,12
2024-12-04 16:00:00,8129,24.52,82.1,22.78,98.27,19.68,2024.0,12
2024-12-04 17:00:00,8130,24.31,81.0,22.88,94.83,19.92,2024.0,12
2024-12-04 18:00:00,8131,23.72,81.4,22.77,90.9,15.63,2024.0,12
2024-12-04 19:00:00,8132,23.46,83.83,22.28,93.6,14.09,2024.0,12
2024-12-04 20:00:00,8133,23.32,85.93,21.94,97.53,32.87,2024.0,12
2024-12-04 21:00:00,8134,23.06,87.07,21.94,97.9,51.77,2024.0,12
2024-12-04 22:00:00,8135,22.91,88.0,21.77,98.9,30.69,2024.0,12
2024-12-04 23:00:00,8136,22.81,87.73,21.64,98.33,36.07,2024.0,12
2024-12-05 00:00:00,8137,22.77,88.0,21.52,99.3,39.89,2024.0,12
2024-12-05 01:00:00,8138,22.69,88.1,21.39,99.7,48.15,2024.0,12
2024-12-05 02:00:00,8139,22.55,89.0,21.28,100.0,40.47,2024.0,12
2024-12-05 03:00:00,8140,22.37,89.83,20.99,100.0,42.23,2024.0,12
2024-12-05 04:00:00,8141,22.43,90.0,21.21,100.0,48.53,2024.0,12
2024-12-05 05:00:00,8142,22.6,89.0,21.46,99.53,30.6,2024.0,12
2024-12-05 06:00:00,8143,24.04,85.1,23.15,94.17,46.41,2024.0,12
2024-12-05 07:00:00,8144,26.92,76.37,25.71,83.97,78.15,2024.0,12
2024-12-05 08:00:00,8145,28.89,68.3,27.27,75.9,33.33,2024.0,12
2024-12-05 09:00:00,8146,31.88,60.73,30.52,66.33,38.83,2024.0,12
2024-12-05 10:00:00,8147,35.52,51.7,33.53,57.43,42.63,2024.0,12
2024-12-05 11:00:00,8148,35.56,50.6,32.86,58.8,38.43,2024.0,12
2024-12-05 12:00:00,8149,34.24,53.61,32.27,61.29,26.32,2024.0,12
2024-12-05 13:00:00,8150,33.16,55.83,30.6,66.3,20.67,2024.0,12
2024-12-05 14:00:00,8151,30.36,62.43,28.67,72.0,27.67,2024.0,12
2024-12-05 15:00:00,8152,30.12,63.7,28.35,73.63,24.6,2024.0,12
2024-12-05 16:00:00,8153,27.25,71.63,25.77,81.9,27.5,2024.0,12
2024-12-05 17:00:00,8154,25.82,77.77,24.52,88.27,32.53,2024.0,12
2024-12-05 18:00:00,8155,23.9,84.17,22.17,99.6,17.17,2024.0,12
2024-12-05 19:00:00,8156,23.2,88.0,21.88,100.0,22.91,2024.0,12
2024-12-05 20:00:00,8157,23.2,89.0,21.84,100.0,25.15,2024.0,12
2024-12-05 21:00:00,8158,23.53,88.43,21.88,100.0,26.29,2024.0,12
2024-12-05 22:00:00,8159,23.31,88.73,21.73,100.0,22.71,2024.0,12
2024-12-05 23:00:00,8160,23.24,89.3,21.74,100.0,22.85,2024.0,12
2024-12-06 00:00:00,8161,23.19,90.12,21.79,100.0,25.49,2024.0,12
2024-12-06 01:00:00,8162,23.29,90.97,21.88,100.0,27.09,2024.0,12
2024-12-06 02:00:00,8163,23.12,90.97,21.74,100.0,31.76,2024.0,12
2024-12-06 03:00:00,8164,22.84,90.43,21.57,100.0,30.64,2024.0,12
2024-12-06 04:00:00,8165,22.69,89.33,21.35,100.0,20.88,2024.0,12
2024-12-06 05:00:00,8166,22.55,89.0,21.39,100.0,20.5,2024.0,12
2024-12-06 06:00:00,8167,23.21,87.4,21.99,100.0,24.48,2024.0,12
2024-12-06 07:00:00,8168,24.1,83.0,23.34,93.03,23.25,2024.0,12
2024-12-06 08:00:00,8169,26.68,76.93,26.89,80.0,17.92,2024.0,12
2024-12-06 09:00:00,8170,30.68,64.07,29.3,69.3,10.5,2024.0,12
2024-12-06 10:00:00,8171,31.59,59.33,30.23,64.53,6.4,2024.0,12
2024-12-06 11:00:00,8172,34.28,53.53,32.15,59.8,7.33,2024.0,12
2024-12-06 12:00:00,8173,34.13,53.89,31.52,62.89,16.68,2024.0,12
2024-12-06 13:00:00,8174,33.02,55.67,31.04,64.53,21.57,2024.0,12
2024-12-06 14:00:00,8175,31.43,58.43,29.49,67.9,21.7,2024.0,12
2024-12-06 15:00:00,8176,28.2,65.93,26.89,74.3,20.4,2024.0,12
2024-12-06 16:00:00,8177,26.74,69.33,25.56,77.63,25.2,2024.0,12
2024-12-06 17:00:00,8178,25.59,73.53,24.51,81.57,24.03,2024.0,12
2024-12-06 18:00:00,8179,24.64,79.07,22.89,93.2,33.53,2024.0,12
2024-12-06 19:00:00,8180,24.36,80.07,23.32,90.33,26.38,2024.0,12
2024-12-06 20:00:00,8181,24.28,80.67,23.18,91.23,28.41,2024.0,12
2024-12-06 21:00:00,8182,24.11,81.2,22.91,92.17,29.48,2024.0,12
2024-12-06 22:00:00,8183,24.01,82.3,22.73,94.23,57.53,2024.0,12
2024-12-06 23:00:00,8184,24.0,82.8,22.77,94.4,51.61,2024.0,12
2024-12-07 00:00:00,8185,23.85,84.61,22.46,97.25,70.45,2024.0,12
2024-12-07 01:00:00,8186,23.62,86.03,22.28,98.07,66.71,2024.0,12
2024-12-07 02:00:00,8187,23.38,87.97,22.17,99.03,66.06,2024.0,12
2024-12-07 03:00:00,8188,23.33,88.6,22.2,99.07,63.45,2024.0,12
2024-12-07 04:00:00,8189,23.24,88.93,22.09,99.47,47.86,2024.0,12
2024-12-07 05:00:00,8190,23.25,88.0,21.88,99.57,43.44,2024.0,12
2024-12-07 06:00:00,8191,23.94,85.97,23.18,95.03,53.8,2024.0,12
2024-12-07 07:00:00,8192,28.01,73.77,28.22,76.03,64.78,2024.0,12
2024-12-07 08:00:00,8193,34.56,54.23,32.92,58.43,47.77,2024.0,12
2024-12-07 09:00:00,8194,34.15,52.57,33.51,54.7,36.13,2024.0,12
2024-12-07 10:00:00,8195,34.56,50.67,33.17,55.43,30.9,2024.0,12
2024-12-07 11:00:00,8196,34.06,52.96,28.91,54.37,34.41,2024.0,12
2024-12-07 12:00:00,8197,32.31,57.18,30.69,65.18,35.32,2024.0,12
2024-12-07 13:00:00,8198,29.99,64.63,28.3,74.87,46.1,2024.0,12
2024-12-07 14:00:00,8199,29.63,65.3,28.13,74.67,49.63,2024.0,12
2024-12-07 15:00:00,8200,27.83,69.97,26.53,78.87,49.77,2024.0,12
2024-12-07 16:00:00,8201,27.18,70.13,26.06,78.13,49.8,2024.0,12
2024-12-07 17:00:00,8202,26.6,70.93,25.29,79.57,45.77,2024.0,12
2024-12-07 18:00:00,8203,25.62,74.03,24.68,81.0,48.7,2024.0,12
2024-12-07 19:00:00,8204,25.57,73.7,24.69,80.3,43.33,2024.0,12
2024-12-07 20:00:00,8205,25.33,75.93,24.23,83.8,51.37,2024.0,12
2024-12-07 21:00:00,8206,24.71,79.17,23.42,89.5,57.0,2024.0,12
2024-12-07 22:00:00,8207,24.33,80.23,23.09,90.97,50.16,2024.0,12
2024-12-07 23:00:00,8208,24.0,81.4,22.76,92.5,63.0,2024.0,12
2024-12-08 00:00:00,8209,23.57,83.28,22.19,94.66,68.87,2024.0,12
2024-12-08 01:00:00,8210,23.12,85.93,21.83,97.0,74.26,2024.0,12
2024-12-08 02:00:00,8211,23.01,86.3,21.65,97.7,74.95,2024.0,12
2024-12-08 03:00:00,8212,22.76,86.77,21.56,97.67,67.47,2024.0,12
2024-12-08 04:00:00,8213,23.02,85.4,21.88,95.07,49.76,2024.0,12
2024-12-08 05:00:00,8214,23.44,84.67,22.23,94.37,48.73,2024.0,12
2024-12-08 06:00:00,8215,24.57,81.43,23.92,89.57,73.48,2024.0,12
2024-12-08 07:00:00,8216,29.84,67.83,28.58,73.4,,2024.0,12
2024-12-08 08:00:00,8217,31.45,61.73,29.61,69.0,72.33,2024.0,12
2024-12-08 09:00:00,8218,32.13,58.87,31.11,63.97,30.8,2024.0,12
2024-12-08 10:00:00,8219,30.48,61.97,28.94,70.2,30.5,2024.0,12
2024-12-08 11:00:00,8220,31.1,61.37,29.89,68.13,30.67,2024.0,12
2024-12-08 12:00:00,8221,31.91,59.71,30.6,66.46,32.18,2024.0,12
2024-12-08 13:00:00,8222,33.58,55.03,31.83,62.4,27.87,2024.0,12
2024-12-08 14:00:00,8223,34.48,52.7,32.7,59.93,24.33,2024.0,12
2024-12-08 15:00:00,8224,35.24,50.03,32.73,58.97,25.6,2024.0,12
2024-12-08 16:00:00,8225,31.25,58.47,28.81,70.0,33.13,2024.0,12
2024-12-08 17:00:00,8226,28.57,67.17,27.13,77.13,44.1,2024.0,12
2024-12-08 18:00:00,8227,27.26,72.5,26.04,82.3,54.0,2024.0,12
2024-12-08 19:00:00,8228,26.78,75.1,25.72,84.67,72.53,2024.0,12
2024-12-08 20:00:00,8229,26.21,77.77,25.13,87.0,65.83,2024.0,12
2024-12-08 21:00:00,8230,25.97,79.73,24.66,90.73,70.06,2024.0,12
2024-12-08 22:00:00,8231,25.31,83.73,23.94,96.6,62.13,2024.0,12
2024-12-08 23:00:00,8232,25.02,84.33,23.82,96.3,54.43,2024.0,12
2024-12-09 00:00:00,8233,24.82,84.83,23.58,96.97,47.32,2024.0,12
2024-12-09 01:00:00,8234,24.83,84.1,23.52,96.2,42.86,2024.0,12
2024-12-09 02:00:00,8235,24.86,84.7,23.6,96.5,56.21,2024.0,12
2024-12-09 03:00:00,8236,24.17,82.63,22.45,95.4,29.24,2024.0,12
2024-12-09 04:00:00,8237,22.69,84.03,21.33,95.1,6.97,2024.0,12
2024-12-09 05:00:00,8238,22.66,86.63,21.6,96.7,19.43,2024.0,12
2024-12-09 06:00:00,8239,23.23,86.13,22.31,95.4,24.14,2024.0,12
2024-12-09 07:00:00,8240,26.52,76.57,25.52,83.27,33.64,2024.0,12
2024-12-09 08:00:00,8241,27.28,72.87,25.68,81.8,52.13,2024.0,12
2024-12-09 09:00:00,8242,29.16,67.57,27.39,75.83,55.1,2024.0,12
2024-12-09 10:00:00,8243,28.76,67.8,27.49,75.27,61.57,2024.0,12
2024-12-09 11:00:00,8244,29.62,66.93,28.17,76.2,53.5,2024.0,12
2024-12-09 12:00:00,8245,28.72,66.66,27.66,73.41,24.21,2024.0,12
2024-12-09 13:00:00,8246,27.04,70.33,25.62,79.67,27.93,2024.0,12
2024-12-09 14:00:00,8247,26.75,70.57,25.44,79.23,30.47,2024.0,12
2024-12-09 15:00:00,8248,26.02,72.9,24.78,81.1,26.7,2024.0,12
2024-12-09 16:00:00,8249,25.89,73.17,24.62,80.9,24.33,2024.0,12
2024-12-09 17:00:00,8250,25.06,74.83,23.79,83.27,30.73,2024.0,12
2024-12-09 18:00:00,8251,24.65,75.43,23.43,83.93,25.9,2024.0,12
2024-12-09 19:00:00,8252,24.45,77.2,23.23,86.17,58.03,2024.0,12
2024-12-09 20:00:00,8253,24.39,77.6,23.03,87.33,61.67,2024.0,12
2024-12-09 21:00:00,8254,23.89,80.37,22.48,92.03,70.2,2024.0,12
2024-12-09 22:00:00,8255,23.46,84.0,22.18,94.7,66.67,2024.0,12
2024-12-09 23:00:00,8256,23.43,84.87,22.1,95.17,81.45,2024.0,12
2024-12-10 00:00:00,8257,23.39,84.96,22.11,95.64,80.38,2024.0,12
2024-12-10 01:00:00,8258,23.52,84.47,22.27,94.5,76.74,2024.0,12
2024-12-10 02:00:00,8259,23.33,84.97,21.9,95.93,82.9,2024.0,12
2024-12-10 03:00:00,8260,23.08,85.0,21.76,95.53,68.05,2024.0,12
2024-12-10 04:00:00,8261,23.05,85.13,21.86,95.2,57.71,2024.0,12
2024-12-10 05:00:00,8262,23.04,86.27,21.89,96.37,50.45,2024.0,12
2024-12-10 06:00:00,8263,23.99,83.0,23.18,91.6,67.09,2024.0,12
2024-12-10 07:00:00,8264,27.47,72.87,27.04,77.13,55.63,2024.0,12
2024-12-10 08:00:00,8265,29.27,67.23,28.53,71.7,20.3,2024.0,12
2024-12-10 09:00:00,8266,32.14,58.5,31.17,63.13,14.9,2024.0,12
2024-12-10 10:00:00,8267,31.96,56.43,31.39,59.93,8.23,2024.0,12
2024-12-10 11:00:00,8268,32.7,53.33,31.46,58.33,7.77,2024.0,12
2024-12-10 12:00:00,8269,34.11,51.43,32.17,57.75,2.32,2024.0,12
2024-12-10 13:00:00,8270,33.14,53.0,31.61,59.87,7.2,2024.0,12
2024-12-10 14:00:00,8271,33.04,52.03,31.88,57.6,19.67,2024.0,12
2024-12-10 15:00:00,8272,30.44,56.8,29.11,64.4,15.57,2024.0,12
2024-12-10 16:00:00,8273,28.91,60.57,27.73,68.23,24.73,2024.0,12
2024-12-10 17:00:00,8274,27.67,63.9,26.55,71.77,32.0,2024.0,12
2024-12-10 18:00:00,8275,26.45,67.03,25.47,74.63,27.53,2024.0,12
2024-12-10 19:00:00,8276,25.83,71.0,24.93,77.93,26.17,2024.0,12
2024-12-10 20:00:00,8277,25.18,73.8,23.65,85.1,27.7,2024.0,12
2024-12-10 21:00:00,8278,23.58,80.67,21.98,95.13,15.79,2024.0,12
2024-12-10 22:00:00,8279,23.37,83.93,22.07,97.67,22.36,2024.0,12
2024-12-10 23:00:00,8280,23.5,84.8,22.0,98.63,26.46,2024.0,12
2024-12-11 00:00:00,8281,23.28,86.93,21.66,100.0,31.42,2024.0,12
2024-12-11 01:00:00,8282,23.15,86.5,21.63,100.0,31.74,2024.0,12
2024-12-11 02:00:00,8283,23.06,86.23,21.74,99.3,33.57,2024.0,12
2024-12-11 03:00:00,8284,22.88,86.7,21.62,98.8,31.45,2024.0,12
2024-12-11 04:00:00,8285,23.69,79.63,23.16,86.2,7.03,2024.0,12
2024-12-11 05:00:00,8286,24.04,77.17,23.47,82.97,22.53,2024.0,12
2024-12-11 06:00:00,8287,25.93,72.5,25.91,75.3,32.77,2024.0,12
2024-12-11 07:00:00,8288,31.92,56.07,30.99,58.8,22.77,2024.0,12
2024-12-11 08:00:00,8289,31.98,54.37,31.81,55.83,6.3,2024.0,12
2024-12-11 09:00:00,8290,32.8,52.93,32.27,56.0,5.3,2024.0,12
2024-12-11 10:00:00,8291,33.12,51.6,32.16,56.2,4.67,2024.0,12
2024-12-11 11:00:00,8292,28.95,65.8,26.73,82.0,18.97,2024.0,12
2024-12-11 12:00:00,8293,33.76,52.96,31.25,62.56,23.52,2024.0,12
2024-12-11 13:00:00,8294,33.4,49.73,30.97,57.53,16.57,2024.0,12
2024-12-11 14:00:00,8295,33.24,50.07,31.24,57.37,17.63,2024.0,12
2024-12-11 15:00:00,8296,32.95,47.6,30.72,54.57,14.87,2024.0,12
2024-12-11 16:00:00,8297,30.32,51.43,28.81,58.13,18.23,2024.0,12
2024-12-11 17:00:00,8298,28.6,56.9,27.36,64.37,22.53,2024.0,12
2024-12-11 18:00:00,8299,27.32,63.17,26.2,71.8,39.57,2024.0,12
2024-12-11 19:00:00,8300,26.84,65.93,25.72,74.83,47.8,2024.0,12
2024-12-11 20:00:00,8301,26.44,68.4,25.25,77.2,46.63,2024.0,12
2024-12-11 21:00:00,8302,25.92,72.47,24.69,81.37,47.93,2024.0,12
2024-12-11 22:00:00,8303,25.58,73.5,24.5,81.57,60.33,2024.0,12
2024-12-11 23:00:00,8304,25.27,72.07,24.27,79.33,35.57,2024.0,12
2024-12-12 00:00:00,8305,25.04,71.77,24.12,78.77,33.13,2024.0,12
2024-12-12 01:00:00,8306,24.87,73.23,23.87,80.7,31.33,2024.0,12
2024-12-12 02:00:00,8307,24.7,74.5,23.69,82.27,34.9,2024.0,12
2024-12-12 03:00:00,8308,24.58,75.77,23.6,83.3,50.73,2024.0,12
2024-12-12 04:00:00,8309,24.43,76.37,23.49,83.87,32.07,2024.0,12
2024-12-12 05:00:00,8310,23.32,82.4,21.47,97.0,14.05,2024.0,12
2024-12-12 06:00:00,8311,24.05,82.53,23.35,93.57,16.04,2024.0,12
2024-12-12 07:00:00,8312,29.84,62.2,27.93,69.6,19.23,2024.0,12
2024-12-12 08:00:00,8313,29.98,55.67,29.98,56.73,3.07,2024.0,12
2024-12-12 09:00:00,8314,31.43,53.0,30.51,56.53,6.83,2024.0,12
2024-12-12 10:00:00,8315,32.66,51.17,32.14,54.1,4.8,2024.0,12
2024-12-12 11:00:00,8316,33.64,47.77,32.44,51.43,2.27,2024.0,12
2024-12-12 12:00:00,8317,33.86,46.5,32.41,50.79,5.64,2024.0,12
2024-12-12 13:00:00,8318,34.45,44.57,32.92,48.77,4.23,2024.0,12
2024-12-12 14:00:00,8319,34.87,44.03,33.29,48.93,4.67,2024.0,12
2024-12-12 15:00:00,8320,35.12,42.73,32.85,48.77,13.33,2024.0,12
2024-12-12 16:00:00,8321,30.83,50.77,29.08,59.0,30.7,2024.0,12
2024-12-12 17:00:00,8322,28.61,54.63,27.46,61.57,34.6,2024.0,12
2024-12-12 18:00:00,8323,27.7,57.2,26.38,65.37,33.47,2024.0,12
2024-12-12 19:00:00,8324,26.81,61.43,25.76,69.8,31.73,2024.0,12
2024-12-12 20:00:00,8325,26.42,62.6,25.48,70.4,26.73,2024.0,12
2024-12-12 21:00:00,8326,26.2,65.3,25.27,72.6,29.67,2024.0,12
2024-12-12 22:00:00,8327,25.97,67.07,24.98,74.23,26.23,2024.0,12
2024-12-12 23:00:00,8328,25.69,63.03,24.78,69.1,19.87,2024.0,12
2024-12-13 00:00:00,8329,25.42,65.39,24.4,72.36,23.21,2024.0,12
2024-12-13 01:00:00,8330,25.2,65.9,24.1,73.1,32.67,2024.0,12
2024-12-13 02:00:00,8331,24.86,67.8,23.72,75.47,40.83,2024.0,12
2024-12-13 03:00:00,8332,24.68,69.2,23.48,77.2,55.33,2024.0,12
2024-12-13 04:00:00,8333,24.32,72.0,23.08,80.77,49.4,2024.0,12
2024-12-13 05:00:00,8334,23.8,74.73,22.84,82.83,43.63,2024.0,12
2024-12-13 06:00:00,8335,29.46,59.43,29.17,61.7,45.63,2024.0,12
2024-12-13 07:00:00,8336,32.91,49.9,30.59,56.53,30.73,2024.0,12
2024-12-13 08:00:00,8337,34.17,46.9,32.9,50.77,20.57,2024.0,12
2024-12-13 09:00:00,8338,32.91,48.0,30.93,54.8,15.83,2024.0,12
2024-12-13 10:00:00,8339,31.01,52.33,29.5,59.17,19.77,2024.0,12
2024-12-13 11:00:00,8340,32.36,50.34,30.79,56.93,19.3,2024.0,12
2024-12-13 12:00:00,8341,34.69,46.39,32.32,54.29,16.5,2024.0,12
2024-12-13 13:00:00,8342,33.27,49.57,31.3,57.77,19.3,2024.0,12
2024-12-13 14:00:00,8343,32.37,51.97,30.65,60.43,29.9,2024.0,12
2024-12-13 15:00:00,8344,31.66,54.43,29.78,63.57,32.67,2024.0,12
2024-12-13 16:00:00,8345,31.2,55.73,29.11,65.87,36.0,2024.0,12
2024-12-13 17:00:00,8346,28.36,62.1,26.82,72.07,33.9,2024.0,12
2024-12-13 18:00:00,8347,25.21,71.73,23.53,84.53,20.8,2024.0,12
2024-12-13 19:00:00,8348,24.27,74.53,23.38,83.43,32.93,2024.0,12
2024-12-13 20:00:00,8349,24.55,76.1,23.31,86.07,52.43,2024.0,12
2024-12-13 21:00:00,8350,24.59,76.9,23.33,86.53,52.6,2024.0,12
2024-12-13 22:00:00,8351,24.64,77.17,23.3,87.6,61.13,2024.0,12
2024-12-13 23:00:00,8352,24.65,79.6,23.31,90.93,47.99,2024.0,12
2024-12-14 00:00:00,8353,24.5,81.0,23.18,92.97,40.94,2024.0,12
2024-12-14 01:00:00,8354,24.43,80.2,23.36,90.17,55.96,2024.0,12
2024-12-14 02:00:00,8355,24.65,78.1,23.75,86.17,30.9,2024.0,12
2024-12-14 03:00:00,8356,24.33,78.5,22.97,89.5,23.08,2024.0,12
2024-12-14 04:00:00,8357,22.92,86.27,21.38,99.87,19.14,2024.0,12
2024-12-14 05:00:00,8358,23.27,86.03,21.91,99.0,20.52,2024.0,12
2024-12-14 06:00:00,8359,23.76,83.27,22.4,96.67,30.75,2024.0,12
2024-12-14 07:00:00,8360,24.93,80.97,23.73,92.23,20.48,2024.0,12
2024-12-14 08:00:00,8361,27.47,71.3,26.27,78.47,20.53,2024.0,12
2024-12-14 09:00:00,8362,26.63,74.37,24.92,85.37,20.1,2024.0,12
2024-12-14 10:00:00,8363,27.08,73.93,26.23,81.0,18.9,2024.0,12
2024-12-14 11:00:00,8364,27.94,69.9,27.07,75.97,16.87,2024.0,12
2024-12-14 12:00:00,8365,29.49,62.0,28.51,68.2,18.0,2024.0,12
2024-12-14 13:00:00,8366,29.79,58.37,28.81,64.17,7.7,2024.0,12
2024-12-14 14:00:00,8367,28.89,59.67,27.8,65.73,12.33,2024.0,12
2024-12-14 15:00:00,8368,27.87,62.6,26.91,69.13,23.93,2024.0,12
2024-12-14 16:00:00,8369,27.18,65.4,26.17,72.9,46.67,2024.0,12
2024-12-14 17:00:00,8370,24.47,78.73,22.4,94.23,29.05,2024.0,12
2024-12-14 18:00:00,8371,23.25,85.7,21.53,100.0,21.84,2024.0,12
2024-12-14 19:00:00,8372,23.5,83.53,21.58,100.0,26.13,2024.0,12
2024-12-14 20:00:00,8373,23.75,81.4,22.06,100.0,28.74,2024.0,12
2024-12-14 21:00:00,8374,23.96,82.1,22.14,100.0,35.33,2024.0,12
2024-12-14 22:00:00,8375,23.69,80.9,21.92,100.0,22.33,2024.0,12
2024-12-14 23:00:00,8376,23.67,81.07,21.98,100.0,24.16,2024.0,12
2024-12-15 00:00:00,8377,23.64,83.41,22.0,99.79,34.59,2024.0,12
2024-12-15 01:00:00,8378,23.49,84.37,22.19,96.8,27.45,2024.0,12
2024-12-15 02:00:00,8379,23.24,86.27,21.73,99.03,31.76,2024.0,12
2024-12-15 03:00:00,8380,23.09,86.9,21.53,100.0,29.08,2024.0,12
2024-12-15 04:00:00,8381,23.12,87.03,21.65,100.0,34.21,2024.0,12
2024-12-15 05:00:00,8382,23.12,87.73,21.67,100.0,60.75,2024.0,12
2024-12-15 06:00:00,8383,23.93,85.4,23.33,94.47,39.95,2024.0,12
2024-12-15 07:00:00,8384,29.75,68.43,29.42,71.2,53.87,2024.0,12
2024-12-15 08:00:00,8385,32.33,58.03,29.84,66.63,41.57,2024.0,12
2024-12-15 09:00:00,8386,30.05,59.77,28.81,66.57,23.13,2024.0,12
2024-12-15 10:00:00,8387,30.09,60.03,28.59,67.8,23.03,2024.0,12
2024-12-15 11:00:00,8388,32.23,56.13,30.86,62.53,20.17,2024.0,12
2024-12-15 12:00:00,8389,32.58,54.43,30.34,63.36,14.04,2024.0,12
2024-12-15 13:00:00,8390,29.04,62.77,26.78,75.6,24.73,2024.0,12
2024-12-15 14:00:00,8391,23.38,83.23,21.88,100.0,8.09,2024.0,12
2024-12-15 15:00:00,8392,24.65,79.37,22.62,99.07,7.75,2024.0,12
2024-12-15 16:00:00,8393,25.81,75.47,23.16,97.33,14.07,2024.0,12
2024-12-15 17:00:00,8394,24.98,76.17,23.66,88.73,16.6,2024.0,12
2024-12-15 18:00:00,8395,24.52,78.13,23.54,87.47,27.77,2024.0,12
2024-12-15 19:00:00,8396,24.3,79.0,23.18,89.4,33.17,2024.0,12
2024-12-15 20:00:00,8397,24.32,79.0,23.08,89.67,32.13,2024.0,12
2024-12-15 21:00:00,8398,24.3,79.97,22.96,91.47,30.19,2024.0,12
2024-12-15 22:00:00,8399,23.95,82.0,22.52,94.6,45.14,2024.0,12
2024-12-15 23:00:00,8400,23.7,83.17,22.33,95.9,50.03,2024.0,12
2024-12-16 00:00:00,8401,23.53,85.62,22.17,97.12,46.49,2024.0,12
2024-12-16 01:00:00,8402,23.35,86.0,21.94,97.97,38.66,2024.0,12
2024-12-16 02:00:00,8403,23.38,86.0,21.91,98.23,36.74,2024.0,12
2024-12-16 03:00:00,8404,23.46,85.23,22.09,96.33,35.58,2024.0,12
2024-12-16 04:00:00,8405,23.11,86.43,21.58,98.57,36.65,2024.0,12
2024-12-16 05:00:00,8406,23.01,86.8,21.59,98.4,36.63,2024.0,12
2024-12-16 06:00:00,8407,24.37,82.37,23.55,90.57,40.16,2024.0,12
2024-12-16 07:00:00,8408,28.43,70.03,27.82,74.63,39.0,2024.0,12
2024-12-16 08:00:00,8409,33.9,54.5,31.91,60.4,34.37,2024.0,12
2024-12-16 09:00:00,8410,33.29,53.4,30.89,61.7,14.33,2024.0,12
2024-12-16 10:00:00,8411,33.01,53.43,32.03,58.33,7.1,2024.0,12
2024-12-16 11:00:00,8412,33.39,52.67,31.6,59.73,9.27,2024.0,12
2024-12-16 12:00:00,8413,33.34,53.14,31.12,62.29,21.36,2024.0,12
2024-12-16 13:00:00,8414,31.95,56.3,30.47,64.6,24.53,2024.0,12
2024-12-16 14:00:00,8415,31.47,56.27,29.69,65.0,22.33,2024.0,12
2024-12-16 15:00:00,8416,27.45,67.57,25.99,77.7,30.83,2024.0,12
2024-12-16 16:00:00,8417,25.15,75.97,23.41,89.67,30.95,2024.0,12
2024-12-16 17:00:00,8418,23.99,80.57,22.18,98.13,20.93,2024.0,12
2024-12-16 18:00:00,8419,24.23,80.37,22.59,97.37,26.55,2024.0,12
2024-12-16 19:00:00,8420,24.31,81.47,22.48,98.23,30.17,2024.0,12
2024-12-16 20:00:00,8421,24.13,82.33,22.55,96.73,34.01,2024.0,12
2024-12-16 21:00:00,8422,23.81,84.3,22.39,97.87,53.13,2024.0,12
2024-12-16 22:00:00,8423,23.35,87.2,22.05,99.2,43.1,2024.0,12
2024-12-16 23:00:00,8424,23.21,88.0,21.82,100.0,48.13,2024.0,12
2024-12-17 00:00:00,8425,23.13,88.0,21.63,100.0,53.15,2024.0,12
2024-12-17 01:00:00,8426,22.91,88.87,21.56,100.0,59.59,2024.0,12
2024-12-17 02:00:00,8427,22.76,88.27,21.26,100.0,40.33,2024.0,12
2024-12-17 03:00:00,8428,22.78,88.03,21.33,100.0,45.07,2024.0,12
2024-12-17 04:00:00,8429,22.8,88.47,21.42,100.0,51.61,2024.0,12
2024-12-17 05:00:00,8430,22.95,88.0,21.68,99.57,47.01,2024.0,12
2024-12-17 06:00:00,8431,23.27,87.7,21.9,99.43,49.67,2024.0,12
2024-12-17 07:00:00,8432,23.08,89.13,21.62,100.0,31.47,2024.0,12
2024-12-17 08:00:00,8433,26.03,81.6,24.26,98.23,31.32,2024.0,12
2024-12-17 09:00:00,8434,31.53,64.5,29.12,78.3,33.93,2024.0,12
2024-12-17 10:00:00,8435,34.58,54.27,33.8,57.57,25.07,2024.0,12
2024-12-17 11:00:00,8436,33.56,53.5,31.24,61.57,19.93,2024.0,12
2024-12-17 12:00:00,8437,33.04,54.41,30.76,63.14,25.14,2024.0,12
2024-12-17 13:00:00,8438,31.91,56.97,30.36,64.83,29.23,2024.0,12
2024-12-17 14:00:00,8439,32.41,56.73,31.09,64.07,30.0,2024.0,12
2024-12-17 15:00:00,8440,32.79,53.47,30.34,63.13,22.23,2024.0,12
2024-12-17 16:00:00,8441,32.57,54.2,29.59,65.8,25.9,2024.0,12
2024-12-17 17:00:00,8442,30.0,61.2,27.82,73.2,38.8,2024.0,12
2024-12-17 18:00:00,8443,28.07,67.27,26.65,77.03,45.97,2024.0,12
2024-12-17 19:00:00,8444,27.18,70.8,25.99,80.07,43.8,2024.0,12
2024-12-17 20:00:00,8445,26.46,73.77,25.34,83.1,51.53,2024.0,12
2024-12-17 21:00:00,8446,25.92,76.8,24.72,86.03,46.8,2024.0,12
2024-12-17 22:00:00,8447,25.54,78.27,24.41,87.63,57.53,2024.0,12
2024-12-17 23:00:00,8448,25.06,78.67,23.73,88.93,54.39,2024.0,12
2024-12-18 00:00:00,8449,24.48,73.0,23.39,80.21,33.46,2024.0,12
2024-12-18 01:00:00,8450,24.11,72.9,22.94,80.77,31.13,2024.0,12
2024-12-18 02:00:00,8451,23.6,77.63,22.26,86.73,42.6,2024.0,12
2024-12-18 03:00:00,8452,23.75,77.1,22.5,86.8,41.2,2024.0,12
2024-12-18 04:00:00,8453,23.7,79.03,22.36,89.03,40.19,2024.0,12
2024-12-18 05:00:00,8454,23.4,81.73,22.15,91.6,37.21,2024.0,12
2024-12-18 06:00:00,8455,22.87,85.3,21.19,99.5,40.13,2024.0,12
2024-12-18 07:00:00,8456,24.06,82.03,21.84,98.9,27.7,2024.0,12
2024-12-18 08:00:00,8457,24.64,80.63,22.18,99.8,24.24,2024.0,12
2024-12-18 09:00:00,8458,29.89,68.14,27.18,88.38,47.38,2024.0,12
2024-12-18 10:00:00,8459,33.43,55.57,30.72,64.47,31.97,2024.0,12
2024-12-18 11:00:00,8460,30.57,58.53,29.35,65.3,9.37,2024.0,12
2024-12-18 12:00:00,8461,31.63,56.8,29.55,65.8,9.8,2024.0,12
2024-12-18 13:00:00,8462,29.53,63.47,27.56,75.1,7.7,2024.0,12
2024-12-18 14:00:00,8463,29.94,62.17,28.93,69.6,8.07,2024.0,12
2024-12-18 15:00:00,8464,27.82,68.6,25.4,83.37,14.66,2024.0,12
2024-12-18 16:00:00,8465,23.82,83.0,21.95,100.0,14.96,2024.0,12
2024-12-18 17:00:00,8466,24.41,79.83,21.99,99.97,24.55,2024.0,12
2024-12-18 18:00:00,8467,24.02,79.27,22.16,99.1,29.13,2024.0,12
2024-12-18 19:00:00,8468,24.1,78.97,22.49,95.27,25.03,2024.0,12
2024-12-18 20:00:00,8469,22.69,86.73,21.21,100.0,19.94,2024.0,12
2024-12-18 21:00:00,8470,22.73,86.47,20.95,100.0,20.77,2024.0,12
2024-12-18 22:00:00,8471,22.69,84.4,20.8,100.0,12.51,2024.0,12
2024-12-18 23:00:00,8472,22.63,85.63,20.92,100.0,22.74,2024.0,12
2024-12-19 00:00:00,8473,22.89,83.72,21.22,99.03,34.29,2024.0,12
2024-12-19 01:00:00,8474,22.31,87.07,20.85,100.0,29.99,2024.0,12
2024-12-19 02:00:00,8475,22.66,84.03,21.72,94.6,20.73,2024.0,12
2024-12-19 03:00:00,8476,23.28,81.33,22.46,88.83,13.67,2024.0,12
2024-12-19 04:00:00,8477,23.48,80.83,22.67,87.73,14.81,2024.0,12
2024-12-19 05:00:00,8478,23.64,79.73,22.95,86.8,18.99,2024.0,12
2024-12-19 06:00:00,8479,24.95,76.5,24.58,81.43,24.63,2024.0,12
2024-12-19 07:00:00,8480,28.71,63.3,28.7,65.27,8.13,2024.0,12
2024-12-19 08:00:00,8481,31.09,56.9,30.53,59.63,4.5,2024.0,12
2024-12-19 09:00:00,8482,31.33,57.73,30.64,62.0,7.17,2024.0,12
2024-12-19 10:00:00,8483,31.39,57.23,30.89,61.53,7.57,2024.0,12
2024-12-19 11:00:00,8484,32.59,53.93,31.21,60.17,9.33,2024.0,12
2024-12-19 12:00:00,8485,31.86,54.63,30.16,62.15,10.04,2024.0,12
2024-12-19 13:00:00,8486,32.49,53.53,31.7,58.33,4.97,2024.0,12
2024-12-19 14:00:00,8487,33.09,53.1,31.38,60.9,9.47,2024.0,12
2024-12-19 15:00:00,8488,30.31,61.07,28.8,70.87,22.2,2024.0,12
2024-12-19 16:00:00,8489,29.63,63.73,27.76,75.03,23.83,2024.0,12
2024-12-19 17:00:00,8490,26.3,73.77,24.44,88.3,17.63,2024.0,12
2024-12-19 18:00:00,8491,24.7,80.53,23.08,97.2,24.21,2024.0,12
2024-12-19 19:00:00,8492,23.75,85.0,22.23,99.97,23.87,2024.0,12
2024-12-19 20:00:00,8493,23.83,82.0,22.08,99.33,20.43,2024.0,12
2024-12-19 21:00:00,8494,23.67,82.63,22.08,98.8,26.91,2024.0,12
2024-12-19 22:00:00,8495,23.43,83.03,22.23,93.83,20.95,2024.0,12
2024-12-19 23:00:00,8496,23.53,82.17,22.6,91.33,23.16,2024.0,12
2024-12-20 00:00:00,8497,23.19,84.18,22.03,94.75,24.12,2024.0,12
2024-12-20 01:00:00,8498,22.94,85.9,21.9,96.5,21.33,2024.0,12
2024-12-20 02:00:00,8499,23.05,84.83,22.08,94.27,21.26,2024.0,12
2024-12-20 03:00:00,8500,23.02,84.7,22.08,94.03,29.82,2024.0,12
2024-12-20 04:00:00,8501,23.06,84.2,22.01,93.93,21.89,2024.0,12
2024-12-20 05:00:00,8502,23.14,84.33,22.1,93.9,28.36,2024.0,12
2024-12-20 06:00:00,8503,23.67,81.53,22.9,89.6,23.18,2024.0,12
2024-12-20 07:00:00,8504,26.52,73.73,26.68,77.03,30.06,2024.0,12
2024-12-20 08:00:00,8505,31.82,58.23,30.69,62.7,11.57,2024.0,12
2024-12-20 09:00:00,8506,32.22,55.83,30.76,62.1,14.7,2024.0,12
2024-12-20 10:00:00,8507,31.03,58.07,29.35,66.07,20.17,2024.0,12
2024-12-20 11:00:00,8508,31.54,57.3,30.35,63.27,19.03,2024.0,12
2024-12-20 12:00:00,8509,32.8,53.68,30.81,61.71,19.57,2024.0,12
2024-12-20 13:00:00,8510,31.06,56.17,29.12,65.17,13.57,2024.0,12
2024-12-20 14:00:00,8511,26.51,73.4,25.49,83.7,25.67,2024.0,12
2024-12-20 15:00:00,8512,29.62,62.37,27.95,72.03,29.8,2024.0,12
2024-12-20 16:00:00,8513,28.86,63.63,27.02,73.93,27.63,2024.0,12
2024-12-20 17:00:00,8514,27.36,67.83,25.87,77.87,30.23,2024.0,12
2024-12-20 18:00:00,8515,25.88,73.67,24.74,82.27,35.97,2024.0,12
2024-12-20 19:00:00,8516,25.58,74.7,24.68,82.33,35.8,2024.0,12
2024-12-20 20:00:00,8517,25.56,74.83,24.57,82.7,37.47,2024.0,12
2024-12-20 21:00:00,8518,25.34,76.57,24.32,84.73,38.63,2024.0,12
2024-12-20 22:00:00,8519,25.06,77.0,23.95,85.3,32.03,2024.0,12
2024-12-20 23:00:00,8520,24.65,77.7,23.54,86.8,34.73,2024.0,12
2024-12-21 00:00:00,8521,24.35,76.32,23.4,84.11,31.18,2024.0,12
2024-12-21 01:00:00,8522,24.18,76.87,23.04,85.6,27.77,2024.0,12
2024-12-21 02:00:00,8523,24.06,78.63,22.99,88.03,36.17,2024.0,12
2024-12-21 03:00:00,8524,23.66,81.8,22.52,92.5,17.76,2024.0,12
2024-12-21 04:00:00,8525,23.48,84.4,22.39,94.63,23.81,2024.0,12
2024-12-21 05:00:00,8526,23.22,84.73,22.35,93.53,18.07,2024.0,12
2024-12-21 06:00:00,8527,23.99,80.4,23.36,87.77,20.46,2024.0,12
2024-12-21 07:00:00,8528,25.55,76.17,25.29,81.1,31.33,2024.0,12
2024-12-21 08:00:00,8529,28.83,64.67,27.6,71.03,21.27,2024.0,12
2024-12-21 09:00:00,8530,30.01,60.03,29.34,64.87,22.67,2024.0,12
2024-12-21 10:00:00,8531,32.39,53.3,31.13,58.0,13.8,2024.0,12
2024-12-21 11:00:00,8532,33.25,51.17,31.34,57.7,15.8,2024.0,12
2024-12-21 12:00:00,8533,33.33,51.59,31.36,59.24,23.31,2024.0,12
2024-12-21 13:00:00,8534,32.98,52.1,30.93,60.5,25.4,2024.0,12
2024-12-21 14:00:00,8535,33.12,51.57,31.42,59.07,29.83,2024.0,12
2024-12-21 15:00:00,8536,32.29,53.77,29.88,64.07,38.67,2024.0,12
2024-12-21 16:00:00,8537,29.05,61.63,27.31,72.3,43.93,2024.0,12
2024-12-21 17:00:00,8538,27.05,68.47,25.84,78.43,47.9,2024.0,12
2024-12-21 18:00:00,8539,26.17,73.24,25.14,81.72,52.72,2024.0,12
2024-12-21 19:00:00,8540,25.88,75.33,24.82,83.97,59.23,2024.0,12
2024-12-21 20:00:00,8541,25.47,77.63,24.13,88.2,65.03,2024.0,12
2024-12-21 21:00:00,8542,25.11,79.0,24.03,88.8,70.13,2024.0,12
2024-12-21 22:00:00,8543,24.86,80.2,23.73,91.1,60.53,2024.0,12
2024-12-21 23:00:00,8544,24.71,81.0,23.53,92.17,58.31,2024.0,12
2024-12-22 00:00:00,8545,24.5,81.0,23.26,92.34,54.06,2024.0,12
2024-12-22 01:00:00,8546,24.34,80.3,23.19,90.97,39.73,2024.0,12
2024-12-22 02:00:00,8547,24.1,81.37,22.95,92.1,43.06,2024.0,12
2024-12-22 03:00:00,8548,23.93,80.87,22.71,91.57,38.06,2024.0,12
2024-12-22 04:00:00,8549,23.61,82.87,22.49,93.03,33.43,2024.0,12
2024-12-22 05:00:00,8550,23.65,82.27,22.55,92.77,35.24,2024.0,12
2024-12-22 06:00:00,8551,24.08,80.93,23.26,89.9,47.05,2024.0,12
2024-12-22 07:00:00,8552,25.69,77.7,25.07,83.9,50.27,2024.0,12
2024-12-22 08:00:00,8553,27.64,70.83,27.16,76.23,36.4,2024.0,12
2024-12-22 09:00:00,8554,30.12,62.77,28.32,71.6,35.97,2024.0,12
2024-12-22 10:00:00,8555,31.34,60.07,30.34,66.0,38.0,2024.0,12
2024-12-22 11:00:00,8556,33.46,54.1,31.91,60.33,35.33,2024.0,12
2024-12-22 12:00:00,8557,33.47,53.24,31.57,60.52,33.48,2024.0,12
2024-12-22 13:00:00,8558,33.89,52.4,32.27,59.33,37.57,2024.0,12
2024-12-22 14:00:00,8559,34.06,51.33,31.95,59.8,36.4,2024.0,12
2024-12-22 15:00:00,8560,29.82,60.6,27.99,71.23,37.87,2024.0,12
2024-12-22 16:00:00,8561,27.88,66.73,26.57,76.77,42.53,2024.0,12
2024-12-22 17:00:00,8562,27.37,69.43,26.02,79.4,46.4,2024.0,12
2024-12-22 18:00:00,8563,26.82,72.27,25.44,83.07,68.17,2024.0,12
2024-12-22 19:00:00,8564,26.24,77.4,24.97,87.87,,2024.0,12
2024-12-22 20:00:00,8565,25.67,80.37,24.4,91.77,58.02,2024.0,12
2024-12-22 21:00:00,8566,25.66,80.0,24.3,90.93,53.11,2024.0,12
2024-12-22 22:00:00,8567,25.51,80.0,24.11,91.67,46.14,2024.0,12
2024-12-22 23:00:00,8568,25.33,80.17,23.85,91.73,50.52,2024.0,12
2024-12-23 00:00:00,8569,24.76,82.24,23.21,95.52,70.1,2024.0,12
2024-12-23 01:00:00,8570,24.46,83.0,22.96,95.97,59.88,2024.0,12
2024-12-23 02:00:00,8571,23.92,83.2,22.26,97.07,61.55,2024.0,12
2024-12-23 03:00:00,8572,23.43,84.33,21.91,96.17,45.43,2024.0,12
2024-12-23 04:00:00,8573,23.02,84.6,21.75,95.0,37.27,2024.0,12
2024-12-23 05:00:00,8574,22.92,85.53,21.74,96.17,49.96,2024.0,12
2024-12-23 06:00:00,8575,23.73,83.6,22.63,93.67,65.79,2024.0,12
2024-12-23 07:00:00,8576,26.66,75.33,25.85,81.97,,2024.0,12
2024-12-23 08:00:00,8577,32.76,59.03,32.49,61.23,,2024.0,12
2024-12-23 09:00:00,8578,35.37,49.3,31.05,60.4,52.57,2024.0,12
2024-12-23 10:00:00,8579,32.32,54.03,29.95,63.5,48.4,2024.0,12
2024-12-23 11:00:00,8580,32.05,55.4,30.18,64.67,37.6,2024.0,12
2024-12-23 12:00:00,8581,31.13,59.03,29.44,68.28,40.93,2024.0,12
2024-12-23 13:00:00,8582,31.6,57.1,30.16,64.8,32.13,2024.0,12
2024-12-23 14:00:00,8583,30.26,60.33,28.74,69.77,34.03,2024.0,12
2024-12-23 15:00:00,8584,27.03,69.97,24.69,84.43,34.43,2024.0,12
2024-12-23 16:00:00,8585,26.49,77.37,25.12,89.67,44.31,2024.0,12
2024-12-23 17:00:00,8586,26.76,76.1,24.88,88.6,78.57,2024.0,12
2024-12-23 18:00:00,8587,25.35,79.2,24.05,90.7,60.33,2024.0,12
2024-12-23 19:00:00,8588,24.69,83.07,22.86,99.27,38.5,2024.0,12
2024-12-23 20:00:00,8589,24.7,83.5,23.05,98.23,39.55,2024.0,12
2024-12-23 21:00:00,8590,24.58,84.0,23.14,97.2,46.05,2024.0,12
2024-12-23 22:00:00,8591,24.41,84.6,22.93,98.3,51.01,2024.0,12
2024-12-23 23:00:00,8592,24.2,85.07,22.77,98.5,52.39,2024.0,12
2024-12-24 00:00:00,8593,23.93,85.14,22.49,98.64,45.37,2024.0,12
2024-12-24 01:00:00,8594,23.77,85.87,22.32,99.93,51.05,2024.0,12
2024-12-24 02:00:00,8595,23.72,86.83,22.46,99.47,61.77,2024.0,12
2024-12-24 03:00:00,8596,23.44,88.4,22.27,99.53,45.87,2024.0,12
2024-12-24 04:00:00,8597,23.52,87.8,22.04,99.63,38.23,2024.0,12
2024-12-24 05:00:00,8598,23.51,87.57,21.93,100.0,36.18,2024.0,12
2024-12-24 06:00:00,8599,25.0,82.7,24.42,90.8,46.36,2024.0,12
2024-12-24 07:00:00,8600,28.78,71.7,27.07,80.27,54.1,2024.0,12
2024-12-24 08:00:00,8601,31.35,63.57,29.24,72.87,59.9,2024.0,12
2024-12-24 09:00:00,8602,33.38,55.17,31.53,61.93,32.73,2024.0,12
2024-12-24 10:00:00,8603,30.23,59.53,28.32,68.7,25.57,2024.0,12
2024-12-24 11:00:00,8604,29.86,60.43,28.7,68.23,27.4,2024.0,12
2024-12-24 12:00:00,8605,29.57,61.07,28.39,69.0,21.72,2024.0,12
2024-12-24 13:00:00,8606,29.21,62.43,27.83,70.97,20.07,2024.0,12
2024-12-24 14:00:00,8607,29.6,61.23,28.12,70.4,32.17,2024.0,12
2024-12-24 15:00:00,8608,27.82,66.73,25.73,79.0,31.7,2024.0,12
2024-12-24 16:00:00,8609,23.66,83.17,21.78,100.0,21.05,2024.0,12
2024-12-24 17:00:00,8610,23.88,82.03,21.78,100.0,22.76,2024.0,12
2024-12-24 18:00:00,8611,23.2,83.93,21.22,100.0,20.5,2024.0,12
2024-12-24 19:00:00,8612,23.18,82.4,21.39,99.97,18.6,2024.0,12
2024-12-24 20:00:00,8613,23.43,81.57,21.63,100.0,24.52,2024.0,12
2024-12-24 21:00:00,8614,23.6,80.93,21.81,100.0,30.0,2024.0,12
2024-12-24 22:00:00,8615,23.21,83.7,21.84,96.5,40.76,2024.0,12
2024-12-24 23:00:00,8616,22.97,84.97,21.66,96.47,44.76,2024.0,12
2024-12-25 00:00:00,8617,23.09,84.04,21.8,94.86,36.85,2024.0,12
2024-12-25 01:00:00,8618,22.82,85.27,21.23,98.13,34.17,2024.0,12
2024-12-25 02:00:00,8619,22.31,86.67,20.86,99.4,42.03,2024.0,12
2024-12-25 03:00:00,8620,22.15,87.5,20.68,100.0,39.53,2024.0,12
2024-12-25 04:00:00,8621,22.29,87.0,20.9,99.53,42.28,2024.0,12
2024-12-25 05:00:00,8622,22.34,87.63,20.91,100.0,48.49,2024.0,12
2024-12-25 06:00:00,8623,23.38,85.37,22.43,95.33,60.34,2024.0,12
2024-12-25 07:00:00,8624,26.09,76.33,25.89,81.07,66.1,2024.0,12
2024-12-25 08:00:00,8625,31.38,60.0,30.04,64.8,46.73,2024.0,12
2024-12-25 09:00:00,8626,32.4,55.97,31.94,58.7,33.73,2024.0,12
2024-12-25 10:00:00,8627,34.69,50.2,32.12,57.5,28.53,2024.0,12
2024-12-25 11:00:00,8628,34.08,51.3,32.16,58.63,29.33,2024.0,12
2024-12-25 12:00:00,8629,32.26,54.93,30.47,63.5,33.11,2024.0,12
2024-12-25 13:00:00,8630,32.25,55.8,30.77,63.43,30.97,2024.0,12
2024-12-25 14:00:00,8631,31.04,57.5,28.89,67.77,38.77,2024.0,12
2024-12-25 15:00:00,8632,31.15,57.43,29.01,67.7,38.07,2024.0,12
2024-12-25 16:00:00,8633,26.27,70.17,24.13,84.57,21.8,2024.0,12
2024-12-25 17:00:00,8634,22.52,83.7,20.79,99.73,17.62,2024.0,12
2024-12-25 18:00:00,8635,23.14,82.9,21.19,100.0,23.74,2024.0,12
2024-12-25 19:00:00,8636,23.48,84.5,21.42,100.0,35.33,2024.0,12
2024-12-25 20:00:00,8637,23.19,85.67,21.13,100.0,32.43,2024.0,12
2024-12-25 21:00:00,8638,22.95,85.87,20.96,100.0,26.78,2024.0,12
2024-12-25 22:00:00,8639,22.81,87.03,20.99,100.0,29.46,2024.0,12
2024-12-25 23:00:00,8640,22.51,87.77,20.85,100.0,36.67,2024.0,12
2024-12-26 00:00:00,8641,22.64,88.57,20.98,100.0,37.43,2024.0,12
2024-12-26 01:00:00,8642,22.63,88.27,20.92,100.0,37.65,2024.0,12
2024-12-26 02:00:00,8643,22.56,88.8,20.88,100.0,32.65,2024.0,12
2024-12-26 03:00:00,8644,22.31,88.33,20.66,100.0,31.2,2024.0,12
2024-12-26 04:00:00,8645,22.32,89.1,20.86,100.0,46.57,2024.0,12
2024-12-26 05:00:00,8646,22.47,89.0,20.91,100.0,40.36,2024.0,12
2024-12-26 06:00:00,8647,23.16,87.9,21.63,100.0,49.09,2024.0,12
2024-12-26 07:00:00,8648,26.79,77.6,24.7,98.93,69.41,2024.0,12
2024-12-26 08:00:00,8649,29.11,64.03,27.65,74.33,28.3,2024.0,12
2024-12-26 09:00:00,8650,30.85,58.9,30.06,62.83,16.07,2024.0,12
2024-12-26 10:00:00,8651,31.16,56.7,30.23,60.77,7.73,2024.0,12
2024-12-26 11:00:00,8652,32.99,51.77,31.66,56.5,6.5,2024.0,12
2024-12-26 12:00:00,8653,33.91,48.96,32.17,54.04,2.96,2024.0,12
2024-12-26 13:00:00,8654,33.96,46.7,32.52,51.1,4.63,2024.0,12
2024-12-26 14:00:00,8655,33.21,47.1,31.74,52.23,11.93,2024.0,12
2024-12-26 15:00:00,8656,30.95,50.47,29.23,57.47,23.9,2024.0,12
2024-12-26 16:00:00,8657,29.86,52.8,28.42,60.53,32.13,2024.0,12
2024-12-26 17:00:00,8658,28.8,55.43,26.99,64.17,27.73,2024.0,12
2024-12-26 18:00:00,8659,26.84,61.6,25.47,71.13,42.4,2024.0,12
2024-12-26 19:00:00,8660,25.78,67.47,24.72,75.87,41.07,2024.0,12
2024-12-26 20:00:00,8661,25.51,70.63,24.13,80.27,53.07,2024.0,12
2024-12-26 21:00:00,8662,25.17,72.23,23.8,81.8,66.5,2024.0,12
2024-12-26 22:00:00,8663,24.63,74.03,23.14,84.23,,2024.0,12
2024-12-26 23:00:00,8664,24.21,75.33,22.69,86.0,,2024.0,12
2024-12-27 00:00:00,8665,23.61,78.89,22.22,89.18,74.92,2024.0,12
2024-12-27 01:00:00,8666,23.74,77.7,22.37,88.27,79.97,2024.0,12
2024-12-27 02:00:00,8667,23.86,77.9,22.47,88.53,73.3,2024.0,12
2024-12-27 03:00:00,8668,23.73,78.17,22.37,88.77,61.0,2024.0,12
2024-12-27 04:00:00,8669,23.4,80.53,21.85,91.17,56.41,2024.0,12
2024-12-27 05:00:00,8670,23.44,80.57,22.16,89.97,46.78,2024.0,12
2024-12-27 06:00:00,8671,24.87,75.57,23.74,83.27,75.89,2024.0,12
2024-12-27 07:00:00,8672,27.44,66.27,25.82,74.47,80.03,2024.0,12
2024-12-27 08:00:00,8673,30.11,59.63,28.76,66.17,72.17,2024.0,12
2024-12-27 09:00:00,8674,34.29,49.4,32.46,54.3,60.53,2024.0,12
2024-12-27 10:00:00,8675,35.74,44.77,33.26,50.83,36.07,2024.0,12
2024-12-27 11:00:00,8676,34.85,46.13,32.51,53.17,18.07,2024.0,12
2024-12-27 12:00:00,8677,36.08,45.07,33.61,52.07,17.29,2024.0,12
2024-12-27 13:00:00,8678,35.86,44.93,33.73,52.14,20.34,2024.0,12
2024-12-27 14:00:00,8679,35.57,45.4,33.7,52.7,28.63,2024.0,12
2024-12-27 15:00:00,8680,35.49,45.43,32.65,54.7,36.0,2024.0,12
2024-12-27 16:00:00,8681,32.21,51.97,30.45,61.17,31.9,2024.0,12
2024-12-27 17:00:00,8682,29.21,58.03,27.82,67.5,30.93,2024.0,12
2024-12-27 18:00:00,8683,28.12,62.23,26.98,71.3,41.53,2024.0,12
2024-12-27 19:00:00,8684,27.09,68.57,25.08,82.53,46.6,2024.0,12
2024-12-27 20:00:00,8685,25.73,77.37,23.98,91.43,64.93,2024.0,12
2024-12-27 21:00:00,8686,25.19,79.37,23.84,91.77,62.2,2024.0,12
2024-12-27 22:00:00,8687,24.88,80.1,23.42,93.1,42.41,2024.0,12
2024-12-27 23:00:00,8688,24.53,80.43,23.2,92.17,50.1,2024.0,12
2024-12-28 00:00:00,8689,24.33,77.55,23.03,87.72,49.1,2024.0,12
2024-12-28 01:00:00,8690,23.71,81.57,22.08,94.67,36.38,2024.0,12
2024-12-28 02:00:00,8691,23.32,83.63,21.9,95.37,44.11,2024.0,12
2024-12-28 03:00:00,8692,23.08,83.23,21.82,93.77,41.29,2024.0,12
2024-12-28 04:00:00,8693,23.17,84.07,21.79,95.47,38.64,2024.0,12
2024-12-28 05:00:00,8694,23.03,84.53,21.78,95.4,33.79,2024.0,12
2024-12-28 06:00:00,8695,24.67,79.7,24.33,85.77,47.3,2024.0,12
2024-12-28 07:00:00,8696,30.83,60.5,28.79,67.77,50.93,2024.0,12
2024-12-28 08:00:00,8697,31.29,56.33,29.63,62.37,42.73,2024.0,12
2024-12-28 09:00:00,8698,32.12,49.93,30.87,54.33,24.47,2024.0,12
2024-12-28 10:00:00,8699,32.52,49.07,31.45,53.13,14.43,2024.0,12
2024-12-28 11:00:00,8700,35.86,42.87,33.74,47.37,17.57,2024.0,12
2024-12-28 12:00:00,8701,36.4,41.32,33.2,47.86,12.5,2024.0,12
2024-12-28 13:00:00,8702,34.29,44.67,31.8,52.57,22.1,2024.0,12
2024-12-28 14:00:00,8703,31.88,49.93,29.95,58.73,36.7,2024.0,12
2024-12-28 15:00:00,8704,29.52,54.83,28.26,63.2,39.57,2024.0,12
2024-12-28 16:00:00,8705,28.53,58.0,27.5,65.57,40.9,2024.0,12
2024-12-28 17:00:00,8706,27.95,61.17,26.74,70.33,48.7,2024.0,12
2024-12-28 18:00:00,8707,27.08,66.67,25.74,77.3,49.67,2024.0,12
2024-12-28 19:00:00,8708,26.35,70.33,25.06,80.43,57.53,2024.0,12
2024-12-28 20:00:00,8709,25.84,73.83,24.5,83.77,80.47,2024.0,12
2024-12-28 21:00:00,8710,25.69,70.3,24.38,79.0,76.7,2024.0,12
2024-12-28 22:00:00,8711,25.33,66.77,24.03,75.23,58.63,2024.0,12
2024-12-28 23:00:00,8712,24.92,69.87,23.46,79.13,66.27,2024.0,12
2024-12-29 00:00:00,8713,24.58,70.7,23.27,79.83,,2024.0,12
2024-12-29 01:00:00,8714,24.22,72.63,22.93,81.87,82.13,2024.0,12
2024-12-29 02:00:00,8715,23.94,73.8,22.59,83.27,63.4,2024.0,12
2024-12-29 03:00:00,8716,23.8,74.13,22.35,83.77,59.33,2024.0,12
2024-12-29 04:00:00,8717,23.59,75.4,22.23,84.03,70.2,2024.0,12
2024-12-29 05:00:00,8718,23.47,76.8,22.09,85.7,,2024.0,12
2024-12-29 06:00:00,8719,23.71,76.2,22.71,83.3,57.13,2024.0,12
2024-12-29 07:00:00,8720,26.29,67.9,24.92,75.47,77.77,2024.0,12
2024-12-29 08:00:00,8721,28.5,59.9,26.9,67.1,79.73,2024.0,12
2024-12-29 09:00:00,8722,30.89,50.93,29.4,54.97,62.2,2024.0,12
2024-12-29 10:00:00,8723,33.3,43.43,31.21,46.7,31.53,2024.0,12
2024-12-29 11:00:00,8724,34.25,42.43,32.49,46.0,33.17,2024.0,12
2024-12-29 12:00:00,8725,32.41,44.83,30.61,50.41,28.86,2024.0,12
2024-12-29 13:00:00,8726,32.75,43.57,31.37,47.77,27.6,2024.0,12
2024-12-29 14:00:00,8727,33.06,40.57,31.28,44.53,21.8,2024.0,12
2024-12-29 15:00:00,8728,31.92,42.93,30.07,48.4,22.7,2024.0,12
2024-12-29 16:00:00,8729,30.41,47.3,28.86,54.17,28.03,2024.0,12
2024-12-29 17:00:00,8730,29.26,50.77,27.8,58.77,36.8,2024.0,12
2024-12-29 18:00:00,8731,27.86,58.97,26.36,69.13,56.5,2024.0,12
2024-12-29 19:00:00,8732,26.79,62.9,25.74,72.43,57.8,2024.0,12
2024-12-29 20:00:00,8733,26.24,66.23,25.21,75.37,63.5,2024.0,12
2024-12-29 21:00:00,8734,25.79,69.23,24.67,77.83,63.77,2024.0,12
2024-12-29 22:00:00,8735,25.41,69.3,24.4,77.53,50.53,2024.0,12
2024-12-29 23:00:00,8736,25.08,68.53,24.06,76.7,43.4,2024.0,12
2024-12-30 00:00:00,8737,24.91,70.93,23.68,79.93,62.29,2024.0,12
2024-12-30 01:00:00,8738,24.6,73.43,23.03,83.9,,2024.0,12
2024-12-30 02:00:00,8739,24.14,71.63,23.18,79.53,41.7,2024.0,12
2024-12-30 03:00:00,8740,24.51,69.33,23.69,76.4,17.9,2024.0,12
2024-12-30 04:00:00,8741,24.62,69.7,23.75,76.77,16.0,2024.0,12
2024-12-30 05:00:00,8742,24.35,73.33,23.3,82.07,16.1,2024.0,12
2024-12-30 06:00:00,8743,24.43,74.97,23.7,82.17,11.43,2024.0,12
2024-12-30 07:00:00,8744,26.23,68.17,25.64,73.7,3.33,2024.0,12
2024-12-30 08:00:00,8745,25.94,70.3,24.94,77.47,13.0,2024.0,12
2024-12-30 09:00:00,8746,28.02,62.87,27.61,67.5,19.13,2024.0,12
2024-12-30 10:00:00,8747,29.87,56.57,28.91,62.37,11.57,2024.0,12
2024-12-30 11:00:00,8748,32.44,51.37,31.44,55.63,3.07,2024.0,12
2024-12-30 12:00:00,8749,32.66,51.28,30.69,58.76,6.38,2024.0,12
2024-12-30 13:00:00,8750,30.36,56.4,29.0,64.73,7.33,2024.0,12
2024-12-30 14:00:00,8751,29.63,57.13,28.48,65.0,20.43,2024.0,12
2024-12-30 15:00:00,8752,28.39,59.87,27.26,67.7,17.97,2024.0,12
2024-12-30 16:00:00,8753,26.61,64.5,25.56,73.83,22.33,2024.0,12
2024-12-30 17:00:00,8754,25.16,70.27,23.68,81.87,28.0,2024.0,12
2024-12-30 18:00:00,8755,24.73,69.47,23.93,77.03,17.6,2024.0,12
2024-12-30 19:00:00,8756,24.3,71.93,23.46,79.6,23.13,2024.0,12
2024-12-30 20:00:00,8757,23.8,74.07,23.01,81.9,24.17,2024.0,12
2024-12-30 21:00:00,8758,23.82,74.9,22.98,82.63,22.37,2024.0,12
2024-12-30 22:00:00,8759,23.04,79.1,22.11,87.33,21.74,2024.0,12
2024-12-30 23:00:00,8760,23.1,75.73,22.29,81.77,6.6,2024.0,12
2025-01-01 00:00:00,8785,23.48,80.24,21.92,92.24,54.85,2025.0,1
2025-01-01 01:00:00,8786,23.16,82.1,21.24,97.4,47.28,2025.0,1
2025-01-01 02:00:00,8787,22.71,84.23,21.19,97.6,46.21,2025.0,1
2025-01-01 03:00:00,8788,22.51,84.8,21.21,97.0,44.04,2025.0,1
2025-01-01 04:00:00,8789,22.53,83.93,21.12,95.87,36.09,2025.0,1
2025-01-01 05:00:00,8790,22.28,84.9,20.78,97.57,40.96,2025.0,1
2025-01-01 06:00:00,8791,24.16,80.17,23.48,87.57,54.22,2025.0,1
2025-01-01 07:00:00,8792,30.39,63.0,29.14,68.47,61.77,2025.0,1
2025-01-01 08:00:00,8793,32.91,52.5,30.7,59.77,34.1,2025.0,1
2025-01-01 09:00:00,8794,32.22,52.13,31.65,55.83,12.3,2025.0,1
2025-01-01 10:00:00,8795,33.23,49.2,32.64,52.3,8.97,2025.0,1
2025-01-01 11:00:00,8796,32.52,49.4,31.16,55.0,15.87,2025.0,1
2025-01-01 12:00:00,8797,34.82,45.25,33.1,49.96,18.46,2025.0,1
2025-01-01 13:00:00,8798,35.65,43.7,33.65,49.63,23.5,2025.0,1
2025-01-01 14:00:00,8799,33.18,50.1,30.81,60.2,27.7,2025.0,1
2025-01-01 15:00:00,8800,30.13,57.97,28.54,68.03,31.0,2025.0,1
2025-01-01 16:00:00,8801,28.38,63.43,26.94,74.03,34.5,2025.0,1
2025-01-01 17:00:00,8802,26.69,69.1,25.29,79.67,36.27,2025.0,1
2025-01-01 18:00:00,8803,25.22,74.33,24.19,83.57,42.67,2025.0,1
2025-01-01 19:00:00,8804,24.74,77.0,23.74,86.57,42.03,2025.0,1
2025-01-01 20:00:00,8805,23.77,80.07,22.57,91.4,19.84,2025.0,1
2025-01-01 21:00:00,8806,23.72,78.07,22.72,86.97,20.39,2025.0,1
2025-01-01 22:00:00,8807,23.92,75.4,22.78,84.1,18.2,2025.0,1
2025-01-01 23:00:00,8808,23.99,75.1,22.59,84.77,27.43,2025.0,1
2025-01-02 00:00:00,8809,23.46,78.07,21.95,87.69,50.52,2025.0,1
2025-01-02 01:00:00,8810,23.0,80.2,21.46,91.17,42.51,2025.0,1
2025-01-02 02:00:00,8811,22.63,82.33,21.13,93.83,36.6,2025.0,1
2025-01-02 03:00:00,8812,22.15,84.83,20.51,98.0,38.23,2025.0,1
2025-01-02 04:00:00,8813,21.6,85.5,19.94,98.83,42.7,2025.0,1
2025-01-02 05:00:00,8814,21.01,83.37,19.62,94.7,31.27,2025.0,1
2025-01-02 06:00:00,8815,22.02,78.0,21.46,83.17,42.92,2025.0,1
2025-01-02 07:00:00,8816,26.24,62.47,26.01,63.97,47.0,2025.0,1
2025-01-02 08:00:00,8817,31.95,49.3,31.14,50.4,43.5,2025.0,1
2025-01-02 09:00:00,8818,36.46,39.2,34.11,41.27,36.87,2025.0,1
2025-01-02 10:00:00,8819,35.99,35.13,34.4,35.23,19.3,2025.0,1
2025-01-02 11:00:00,8820,37.98,31.63,35.18,32.23,9.83,2025.0,1
2025-01-02 12:00:00,8821,36.91,32.82,33.8,35.36,14.18,2025.0,1
2025-01-02 13:00:00,8822,36.93,33.13,34.25,36.2,17.07,2025.0,1
2025-01-02 14:00:00,8823,36.43,34.5,35.32,36.37,17.17,2025.0,1
2025-01-02 15:00:00,8824,38.13,34.17,34.7,39.6,11.2,2025.0,1
2025-01-02 16:00:00,8825,35.9,39.13,32.04,49.37,27.67,2025.0,1
2025-01-02 17:00:00,8826,31.94,47.2,28.88,59.93,33.37,2025.0,1
2025-01-02 18:00:00,8827,28.6,55.13,27.0,65.8,38.13,2025.0,1
2025-01-02 19:00:00,8828,27.5,65.5,25.91,78.47,67.5,2025.0,1
2025-01-02 20:00:00,8829,26.16,72.97,25.0,84.17,,2025.0,1
2025-01-02 21:00:00,8830,25.81,75.13,24.72,85.63,,2025.0,1
2025-01-02 22:00:00,8831,25.33,78.17,23.89,91.86,,2025.0,1
2025-01-02 23:00:00,8832,25.01,80.97,23.42,95.73,65.08,2025.0,1
2025-01-03 00:00:00,8833,24.27,81.83,23.0,95.03,45.9,2025.0,1
2025-01-03 01:00:00,8834,24.04,82.0,22.84,94.2,36.76,2025.0,1
2025-01-03 02:00:00,8835,23.79,82.73,22.62,95.23,37.56,2025.0,1
2025-01-03 03:00:00,8836,23.67,83.7,22.37,96.4,38.39,2025.0,1
2025-01-03 04:00:00,8837,23.63,84.33,22.42,96.13,32.41,2025.0,1
2025-01-03 05:00:00,8838,23.52,84.67,21.97,97.47,44.06,2025.0,1
2025-01-03 06:00:00,8839,25.16,80.97,24.75,87.87,,2025.0,1
2025-01-03 07:00:00,8840,32.04,60.67,30.04,68.27,66.63,2025.0,1
2025-01-03 08:00:00,8841,35.85,50.5,34.29,55.23,65.47,2025.0,1
2025-01-03 09:00:00,8842,38.58,42.77,35.25,49.67,52.07,2025.0,1
2025-01-03 10:00:00,8843,37.38,39.83,35.81,42.83,28.43,2025.0,1
2025-01-03 11:00:00,8844,36.23,41.03,33.73,47.5,18.83,2025.0,1
2025-01-03 12:00:00,8845,36.14,40.3,33.24,47.11,7.93,2025.0,1
2025-01-03 13:00:00,8846,37.58,38.47,34.73,44.73,11.87,2025.0,1
2025-01-03 14:00:00,8847,36.66,40.57,34.8,45.77,20.77,2025.0,1
2025-01-03 15:00:00,8848,37.44,40.87,34.56,48.6,26.77,2025.0,1
2025-01-03 16:00:00,8849,34.43,46.63,31.48,57.97,38.23,2025.0,1
2025-01-03 17:00:00,8850,30.83,57.3,28.99,69.77,60.73,2025.0,1
2025-01-03 18:00:00,8851,28.53,64.87,27.26,75.8,55.0,2025.0,1
2025-01-03 19:00:00,8852,27.43,69.53,26.32,80.03,55.27,2025.0,1
2025-01-03 20:00:00,8853,26.68,69.37,25.8,78.8,47.47,2025.0,1
2025-01-03 21:00:00,8854,26.34,70.23,25.32,79.47,44.63,2025.0,1
2025-01-03 22:00:00,8855,25.9,76.07,24.72,85.57,55.53,2025.0,1
2025-01-03 23:00:00,8856,25.52,74.67,24.34,83.7,46.43,2025.0,1
2025-01-04 00:00:00,8857,25.0,73.66,23.8,82.45,42.34,2025.0,1
2025-01-04 01:00:00,8858,24.36,72.7,23.16,81.5,42.87,2025.0,1
2025-01-04 02:00:00,8859,24.15,72.17,23.12,80.13,30.93,2025.0,1
2025-01-04 03:00:00,8860,23.8,73.2,22.51,82.07,35.73,2025.0,1
2025-01-04 04:00:00,8861,23.39,75.87,21.99,84.47,35.73,2025.0,1
2025-01-04 05:00:00,8862,22.88,79.23,21.47,89.63,35.85,2025.0,1
2025-01-04 06:00:00,8863,26.65,69.17,26.5,72.83,65.7,2025.0,1
2025-01-04 07:00:00,8864,32.83,53.47,31.15,59.23,66.17,2025.0,1
2025-01-04 08:00:00,8865,34.84,48.43,32.95,54.37,56.73,2025.0,1
2025-01-04 09:00:00,8866,38.49,41.57,36.93,44.5,47.23,2025.0,1
2025-01-04 10:00:00,8867,38.89,38.0,37.25,40.6,32.37,2025.0,1
2025-01-04 11:00:00,8868,37.72,37.7,34.66,43.67,26.47,2025.0,1
2025-01-04 12:00:00,8869,38.02,38.15,34.05,46.81,24.48,2025.0,1
2025-01-04 13:00:00,8870,34.75,45.2,32.33,55.1,22.47,2025.0,1
2025-01-04 14:00:00,8871,30.84,56.7,28.39,70.97,27.53,2025.0,1
2025-01-04 15:00:00,8872,27.27,67.07,25.3,82.13,30.17,2025.0,1
2025-01-04 16:00:00,8873,25.69,76.5,23.18,98.43,26.03,2025.0,1
2025-01-04 17:00:00,8874,25.02,79.07,23.12,98.37,34.33,2025.0,1
2025-01-04 18:00:00,8875,24.61,80.83,23.25,95.1,30.26,2025.0,1
2025-01-04 19:00:00,8876,24.28,81.3,22.38,98.73,26.87,2025.0,1
2025-01-04 20:00:00,8877,23.39,83.2,21.89,97.2,19.94,2025.0,1
2025-01-04 21:00:00,8878,23.31,82.67,22.23,93.33,15.86,2025.0,1
2025-01-04 22:00:00,8879,23.55,82.97,22.09,95.37,28.99,2025.0,1
2025-01-04 23:00:00,8880,23.48,83.9,22.01,96.27,33.16,2025.0,1
2025-01-05 00:00:00,8881,23.43,83.96,21.97,96.46,33.52,2025.0,1
2025-01-05 01:00:00,8882,23.2,84.43,21.79,96.37,35.47,2025.0,1
2025-01-05 02:00:00,8883,23.14,83.63,21.71,95.53,44.29,2025.0,1
2025-01-05 03:00:00,8884,23.1,84.67,21.73,96.37,43.55,2025.0,1
2025-01-05 04:00:00,8885,23.05,85.0,21.65,97.0,32.92,2025.0,1
2025-01-05 05:00:00,8886,23.03,85.3,21.64,97.37,41.61,2025.0,1
2025-01-05 06:00:00,8887,24.52,81.2,23.72,89.53,41.35,2025.0,1
2025-01-05 07:00:00,8888,26.76,73.93,25.72,82.0,48.63,2025.0,1
2025-01-05 08:00:00,8889,31.13,59.5,30.04,63.83,46.5,2025.0,1
2025-01-05 09:00:00,8890,33.86,47.37,32.21,50.67,29.53,2025.0,1
2025-01-05 10:00:00,8891,34.23,44.0,33.44,45.5,21.17,2025.0,1
2025-01-05 11:00:00,8892,36.35,39.93,34.76,42.37,12.37,2025.0,1
2025-01-05 12:00:00,8893,38.57,36.36,34.92,41.64,9.32,2025.0,1
2025-01-05 13:00:00,8894,34.09,41.47,31.7,48.17,5.13,2025.0,1
2025-01-05 14:00:00,8895,30.89,51.67,29.44,60.23,23.6,2025.0,1
2025-01-05 15:00:00,8896,36.47,43.67,34.26,50.3,23.4,2025.0,1
2025-01-05 16:00:00,8897,30.99,50.5,29.01,60.3,19.53,2025.0,1
2025-01-05 17:00:00,8898,28.52,60.53,26.6,73.07,32.77,2025.0,1
2025-01-05 18:00:00,8899,26.99,66.97,25.17,79.83,45.27,2025.0,1
2025-01-05 19:00:00,8900,25.93,72.5,24.34,84.03,47.07,2025.0,1
2025-01-05 20:00:00,8901,25.53,71.7,24.0,82.6,51.93,2025.0,1
2025-01-05 21:00:00,8902,24.88,70.23,23.21,81.17,51.7,2025.0,1
2025-01-05 22:00:00,8903,24.39,72.5,22.79,83.6,66.73,2025.0,1
2025-01-05 23:00:00,8904,23.66,75.93,22.05,87.13,,2025.0,1
2025-01-06 00:00:00,8905,23.4,78.62,21.8,89.23,,2025.0,1
2025-01-06 01:00:00,8906,23.06,79.8,21.42,91.33,,2025.0,1
2025-01-06 02:00:00,8907,22.45,80.33,20.8,92.27,51.22,2025.0,1
2025-01-06 03:00:00,8908,22.19,81.3,20.66,93.07,,2025.0,1
2025-01-06 04:00:00,8909,21.98,82.43,20.45,94.9,61.22,2025.0,1
2025-01-06 05:00:00,8910,21.72,83.77,20.13,96.83,,2025.0,1
2025-01-06 06:00:00,8911,24.46,76.2,24.28,80.7,,2025.0,1
2025-01-06 07:00:00,8912,32.69,55.4,31.17,60.4,,2025.0,1
2025-01-06 08:00:00,8913,33.97,50.17,30.89,59.47,66.07,2025.0,1
2025-01-06 09:00:00,8914,32.96,49.97,32.72,52.4,43.8,2025.0,1
2025-01-06 10:00:00,8915,35.72,42.4,34.6,45.07,25.0,2025.0,1
2025-01-06 11:00:00,8916,36.69,40.77,34.86,44.67,17.5,2025.0,1
2025-01-06 12:00:00,8917,38.92,36.3,35.47,41.78,11.26,2025.0,1
2025-01-06 13:00:00,8918,37.19,41.53,33.35,52.0,49.67,2025.0,1
2025-01-06 14:00:00,8919,31.44,53.53,28.92,67.37,49.73,2025.0,1
2025-01-06 15:00:00,8920,27.42,67.13,25.09,83.57,44.67,2025.0,1
2025-01-06 16:00:00,8921,23.56,82.1,21.54,99.93,44.57,2025.0,1
2025-01-06 17:00:00,8922,23.17,83.93,21.36,100.0,30.6,2025.0,1
2025-01-06 18:00:00,8923,22.89,86.27,21.37,100.0,27.98,2025.0,1
2025-01-06 19:00:00,8924,23.2,86.27,21.44,100.0,28.27,2025.0,1
2025-01-06 20:00:00,8925,23.3,86.33,21.54,100.0,25.15,2025.0,1
2025-01-06 21:00:00,8926,23.51,86.93,21.7,100.0,31.85,2025.0,1
2025-01-06 22:00:00,8927,23.2,87.13,21.33,100.0,22.09,2025.0,1
2025-01-06 23:00:00,8928,23.19,87.97,21.4,100.0,25.01,2025.0,1
2025-01-07 00:00:00,8929,23.23,88.04,21.38,100.0,29.06,2025.0,1
2025-01-07 01:00:00,8930,23.12,88.57,21.37,100.0,42.72,2025.0,1
2025-01-07 02:00:00,8931,23.03,88.57,21.22,100.0,42.5,2025.0,1
2025-01-07 03:00:00,8932,22.77,88.67,21.01,100.0,37.45,2025.0,1
2025-01-07 04:00:00,8933,22.72,88.97,21.0,100.0,36.63,2025.0,1
2025-01-07 05:00:00,8934,22.57,88.57,20.81,100.0,35.49,2025.0,1
2025-01-07 06:00:00,8935,22.66,88.1,20.89,100.0,39.62,2025.0,1
2025-01-07 07:00:00,8936,26.59,77.7,24.27,99.17,59.19,2025.0,1
2025-01-07 08:00:00,8937,31.97,61.57,28.05,96.73,,2025.0,1
2025-01-07 09:00:00,8938,35.54,50.73,33.21,66.13,54.1,2025.0,1
2025-01-07 10:00:00,8939,37.78,44.57,36.26,48.03,39.27,2025.0,1
2025-01-07 11:00:00,8940,36.84,44.8,33.22,54.6,40.33,2025.0,1
2025-01-07 12:00:00,8941,33.25,50.04,31.07,59.04,24.96,2025.0,1
2025-01-07 13:00:00,8942,33.16,51.53,31.77,59.03,20.17,2025.0,1
2025-01-07 14:00:00,8943,33.5,51.4,31.81,59.97,30.83,2025.0,1
2025-01-07 15:00:00,8944,29.72,60.6,27.92,71.97,44.9,2025.0,1
2025-01-07 16:00:00,8945,28.47,64.6,26.78,76.07,41.27,2025.0,1
2025-01-07 17:00:00,8946,26.15,73.0,24.84,83.47,46.0,2025.0,1
2025-01-07 18:00:00,8947,25.09,75.47,23.95,84.97,37.2,2025.0,1
2025-01-07 19:00:00,8948,25.23,77.0,24.24,86.07,50.9,2025.0,1
2025-01-07 20:00:00,8949,25.31,76.7,24.11,86.1,47.5,2025.0,1
2025-01-07 21:00:00,8950,24.61,79.3,23.29,90.83,41.8,2025.0,1
2025-01-07 22:00:00,8951,24.07,81.73,22.86,93.67,52.3,2025.0,1
2025-01-07 23:00:00,8952,24.02,81.23,22.85,92.83,40.76,2025.0,1
2025-01-08 00:00:00,8953,23.81,82.73,22.51,95.2,38.08,2025.0,1
2025-01-08 01:00:00,8954,23.95,81.93,22.59,94.1,35.78,2025.0,1
2025-01-08 02:00:00,8955,23.47,84.27,22.0,96.27,36.87,2025.0,1
2025-01-08 03:00:00,8956,23.03,86.17,21.8,97.43,37.18,2025.0,1
2025-01-08 04:00:00,8957,23.07,85.8,21.98,96.3,33.75,2025.0,1
2025-01-08 05:00:00,8958,23.19,84.4,22.19,94.07,32.65,2025.0,1
2025-01-08 06:00:00,8959,23.6,82.1,22.88,90.23,30.6,2025.0,1
2025-01-08 07:00:00,8960,24.71,79.2,23.93,87.1,38.46,2025.0,1
2025-01-08 08:00:00,8961,25.86,76.1,25.36,81.97,37.7,2025.0,1
2025-01-08 09:00:00,8962,26.56,74.07,24.65,86.0,35.08,2025.0,1
2025-01-08 10:00:00,8963,25.5,80.0,23.83,98.0,28.54,2025.0,1
2025-01-08 11:00:00,8964,30.59,63.87,28.67,78.13,24.73,2025.0,1
2025-01-08 12:00:00,8965,30.93,59.37,29.2,67.37,23.7,2025.0,1
2025-01-08 13:00:00,8966,31.13,58.13,29.81,65.17,28.27,2025.0,1
2025-01-08 14:00:00,8967,32.17,54.5,30.87,61.13,31.57,2025.0,1
2025-01-08 15:00:00,8968,33.45,52.5,31.04,61.47,35.03,2025.0,1
2025-01-08 16:00:00,8969,30.72,58.53,28.54,69.7,39.27,2025.0,1
2025-01-08 17:00:00,8970,28.43,64.8,26.81,75.43,43.37,2025.0,1
2025-01-08 18:00:00,8971,26.77,71.27,25.47,81.97,49.9,2025.0,1
2025-01-08 19:00:00,8972,26.04,76.23,24.83,85.6,52.43,2025.0,1
2025-01-08 20:00:00,8973,25.8,76.87,24.6,85.93,47.63,2025.0,1
2025-01-08 21:00:00,8974,25.58,78.0,24.27,88.3,53.83,2025.0,1
2025-01-08 22:00:00,8975,25.43,79.77,24.09,90.83,,2025.0,1
2025-01-08 23:00:00,8976,25.02,80.13,23.83,91.17,60.28,2025.0,1
2025-01-09 00:00:00,8977,24.58,80.5,23.19,92.11,37.04,2025.0,1
2025-01-09 01:00:00,8978,24.04,81.17,22.73,93.17,32.49,2025.0,1
2025-01-09 02:00:00,8979,24.11,81.17,22.77,92.8,33.75,2025.0,1
2025-01-09 03:00:00,8980,23.79,84.2,22.43,97.2,34.21,2025.0,1
2025-01-09 04:00:00,8981,23.68,85.33,22.13,99.0,32.72,2025.0,1
2025-01-09 05:00:00,8982,23.36,86.77,21.88,99.33,34.42,2025.0,1
2025-01-09 06:00:00,8983,23.43,86.77,22.07,99.0,33.92,2025.0,1
2025-01-09 07:00:00,8984,24.08,81.77,22.97,92.77,22.29,2025.0,1
2025-01-09 08:00:00,8985,25.21,78.03,24.27,85.87,16.69,2025.0,1
2025-01-09 09:00:00,8986,26.91,72.5,26.02,79.1,24.57,2025.0,1
2025-01-09 10:00:00,8987,28.0,69.13,26.99,75.47,33.13,2025.0,1
2025-01-09 11:00:00,8988,27.64,69.0,26.2,77.83,29.87,2025.0,1
2025-01-09 12:00:00,8989,27.21,70.97,26.17,79.23,31.23,2025.0,1
2025-01-09 13:00:00,8990,27.86,67.83,26.58,76.5,29.4,2025.0,1
2025-01-09 14:00:00,8991,28.5,65.03,27.46,72.27,28.17,2025.0,1
2025-01-09 15:00:00,8992,27.98,66.77,26.35,76.63,38.43,2025.0,1
2025-01-09 16:00:00,8993,26.56,69.73,25.33,79.0,39.63,2025.0,1
2025-01-09 17:00:00,8994,25.79,72.0,24.7,79.6,44.53,2025.0,1
2025-01-09 18:00:00,8995,24.93,75.07,23.89,83.2,40.7,2025.0,1
2025-01-09 19:00:00,8996,24.48,77.23,23.46,85.9,44.7,2025.0,1
2025-01-09 20:00:00,8997,24.24,78.27,23.15,87.87,48.73,2025.0,1
2025-01-09 21:00:00,8998,24.34,77.8,23.37,86.07,45.73,2025.0,1
2025-01-09 22:00:00,8999,24.07,78.1,23.17,86.63,43.77,2025.0,1
2025-01-09 23:00:00,9000,24.22,77.33,23.18,85.87,46.97,2025.0,1
2025-01-10 00:00:00,9001,24.22,77.0,23.13,85.27,43.7,2025.0,1
2025-01-10 01:00:00,9002,23.95,78.5,22.61,88.87,55.3,2025.0,1
2025-01-10 02:00:00,9003,23.77,78.47,22.6,88.07,50.27,2025.0,1
2025-01-10 03:00:00,9004,23.52,80.7,22.35,89.6,36.71,2025.0,1
2025-01-10 04:00:00,9005,23.64,79.33,22.4,88.83,43.99,2025.0,1
2025-01-10 05:00:00,9006,23.2,83.0,21.65,94.7,42.17,2025.0,1
2025-01-10 06:00:00,9007,23.15,83.5,22.0,93.27,50.76,2025.0,1
2025-01-10 07:00:00,9008,26.45,73.33,26.45,77.1,62.34,2025.0,1
2025-01-10 08:00:00,9009,32.07,56.87,30.92,61.9,45.43,2025.0,1
2025-01-10 09:00:00,9010,32.32,54.27,31.01,60.37,35.67,2025.0,1
2025-01-10 10:00:00,9011,33.11,53.17,32.47,57.43,37.83,2025.0,1
2025-01-10 11:00:00,9012,34.39,49.6,32.83,55.33,31.83,2025.0,1
2025-01-10 12:00:00,9013,34.6,48.0,32.38,55.96,28.7,2025.0,1
2025-01-10 13:00:00,9014,34.35,48.43,32.31,55.83,34.6,2025.0,1
2025-01-10 14:00:00,9015,33.26,49.57,31.58,57.07,43.73,2025.0,1
2025-01-10 15:00:00,9016,32.17,52.43,29.93,62.57,49.43,2025.0,1
2025-01-10 16:00:00,9017,29.14,58.2,27.94,66.97,47.63,2025.0,1
2025-01-10 17:00:00,9018,25.33,76.0,23.07,94.43,54.59,2025.0,1
2025-01-10 18:00:00,9019,23.25,83.1,21.48,99.77,35.89,2025.0,1
2025-01-10 19:00:00,9020,22.52,85.97,20.93,100.0,32.85,2025.0,1
2025-01-10 20:00:00,9021,23.11,86.17,21.29,100.0,37.48,2025.0,1
2025-01-10 21:00:00,9022,23.03,85.83,21.0,100.0,31.87,2025.0,1
2025-01-10 22:00:00,9023,22.99,85.6,20.85,100.0,29.06,2025.0,1
2025-01-10 23:00:00,9024,22.96,86.6,21.09,100.0,37.9,2025.0,1
2025-01-11 00:00:00,9025,22.55,86.93,20.81,100.0,37.3,2025.0,1
2025-01-11 01:00:00,9026,22.55,87.03,20.76,100.0,39.55,2025.0,1
2025-01-11 02:00:00,9027,22.45,87.4,20.77,100.0,40.47,2025.0,1
2025-01-11 03:00:00,9028,22.38,88.03,20.78,100.0,41.79,2025.0,1
2025-01-11 04:00:00,9029,22.39,88.43,20.78,100.0,48.04,2025.0,1
2025-01-11 05:00:00,9030,22.39,88.03,20.78,100.0,46.19,2025.0,1
2025-01-11 06:00:00,9031,22.58,88.2,21.1,100.0,44.69,2025.0,1
2025-01-11 07:00:00,9032,23.92,83.97,22.66,99.67,49.98,2025.0,1
2025-01-11 08:00:00,9033,28.0,72.07,26.55,84.1,,2025.0,1
2025-01-11 09:00:00,9034,31.65,61.73,31.19,65.7,,2025.0,1
2025-01-11 10:00:00,9035,35.71,50.8,33.66,57.2,66.27,2025.0,1
2025-01-11 11:00:00,9036,33.14,53.2,30.65,62.57,33.33,2025.0,1
2025-01-11 12:00:00,9037,34.24,51.36,32.22,59.36,27.43,2025.0,1
2025-01-11 13:00:00,9038,33.93,50.6,31.61,59.33,24.73,2025.0,1
2025-01-11 14:00:00,9039,33.96,51.17,32.25,58.7,28.3,2025.0,1
2025-01-11 15:00:00,9040,34.24,51.17,32.33,59.9,31.43,2025.0,1
2025-01-11 16:00:00,9041,29.58,63.8,26.49,81.27,38.52,2025.0,1
2025-01-11 17:00:00,9042,24.94,79.6,22.65,100.0,37.55,2025.0,1
2025-01-11 18:00:00,9043,24.89,81.13,23.14,100.0,34.68,2025.0,1
2025-01-11 19:00:00,9044,24.63,81.0,22.96,100.0,31.71,2025.0,1
2025-01-11 20:00:00,9045,24.47,82.33,22.91,99.87,34.97,2025.0,1
2025-01-11 21:00:00,9046,24.14,84.38,22.74,99.93,32.81,2025.0,1
2025-01-11 22:00:00,9047,24.0,85.5,22.64,100.0,33.34,2025.0,1
2025-01-11 23:00:00,9048,24.0,85.57,22.69,99.33,34.59,2025.0,1
2025-01-12 00:00:00,9049,23.86,84.46,22.54,97.82,50.58,2025.0,1
2025-01-12 01:00:00,9050,23.71,84.5,22.41,97.2,51.99,2025.0,1
2025-01-12 02:00:00,9051,23.45,84.13,22.08,95.37,32.85,2025.0,1
2025-01-12 03:00:00,9052,23.22,85.6,21.67,97.9,38.59,2025.0,1
2025-01-12 04:00:00,9053,22.65,87.63,21.02,100.0,47.53,2025.0,1
2025-01-12 05:00:00,9054,22.22,89.3,20.83,100.0,56.84,2025.0,1
2025-01-12 06:00:00,9055,23.34,86.37,22.64,95.3,55.9,2025.0,1
2025-01-12 07:00:00,9056,30.18,64.9,29.75,67.33,36.17,2025.0,1
2025-01-12 08:00:00,9057,33.74,52.7,31.61,58.8,16.9,2025.0,1
2025-01-12 09:00:00,9058,32.59,52.73,30.8,59.63,4.13,2025.0,1
2025-01-12 10:00:00,9059,32.65,52.47,31.57,57.73,3.63,2025.0,1
2025-01-12 11:00:00,9060,33.11,50.93,31.58,57.33,1.73,2025.0,1
2025-01-12 12:00:00,9061,32.65,53.07,30.44,62.68,6.96,2025.0,1
2025-01-12 13:00:00,9062,28.91,62.73,27.7,71.97,6.8,2025.0,1
2025-01-12 14:00:00,9063,30.65,58.67,29.15,67.53,8.9,2025.0,1
2025-01-12 15:00:00,9064,27.3,69.23,25.63,82.0,14.9,2025.0,1
2025-01-12 16:00:00,9065,27.96,65.97,26.57,75.17,18.03,2025.0,1
2025-01-12 17:00:00,9066,26.75,66.33,25.28,76.57,16.9,2025.0,1
2025-01-12 18:00:00,9067,25.59,72.0,24.43,80.67,22.4,2025.0,1
2025-01-12 19:00:00,9068,25.24,72.97,24.24,81.07,25.2,2025.0,1
2025-01-12 20:00:00,9069,25.09,72.57,24.1,80.37,31.67,2025.0,1
2025-01-12 21:00:00,9070,24.99,71.07,24.07,78.43,33.9,2025.0,1
2025-01-12 22:00:00,9071,24.83,70.07,23.91,77.2,30.97,2025.0,1
2025-01-12 23:00:00,9072,24.68,69.07,23.66,76.53,25.7,2025.0,1
2025-01-13 00:00:00,9073,24.48,68.41,23.51,76.03,21.62,2025.0,1
2025-01-13 01:00:00,9074,24.26,68.93,23.28,76.47,20.33,2025.0,1
2025-01-13 02:00:00,9075,24.03,70.2,22.98,78.13,16.97,2025.0,1
2025-01-13 03:00:00,9076,23.86,72.17,22.89,80.07,18.0,2025.0,1
2025-01-13 04:00:00,9077,23.79,74.07,22.82,82.07,15.93,2025.0,1
2025-01-13 05:00:00,9078,23.81,74.23,22.88,81.93,20.43,2025.0,1
2025-01-13 06:00:00,9079,25.77,68.87,25.1,74.9,28.57,2025.0,1
2025-01-13 07:00:00,9080,27.57,63.5,27.2,68.4,26.17,2025.0,1
2025-01-13 08:00:00,9081,35.22,46.63,34.09,48.77,10.37,2025.0,1
2025-01-13 09:00:00,9082,36.55,43.4,34.31,48.67,15.03,2025.0,1
2025-01-13 10:00:00,9083,32.59,51.27,30.18,61.0,14.53,2025.0,1
2025-01-13 11:00:00,9084,31.35,53.47,29.85,61.27,5.87,2025.0,1
2025-01-13 12:00:00,9085,34.73,48.07,32.9,55.25,4.5,2025.0,1
2025-01-13 13:00:00,9086,31.11,56.33,28.25,70.13,15.83,2025.0,1
2025-01-13 14:00:00,9087,25.74,76.23,22.93,99.47,21.78,2025.0,1
2025-01-13 15:00:00,9088,27.87,68.2,24.74,96.27,15.77,2025.0,1
2025-01-13 16:00:00,9089,25.88,76.67,23.21,99.23,26.58,2025.0,1
2025-01-13 17:00:00,9090,25.01,79.13,23.62,94.63,29.29,2025.0,1
2025-01-13 18:00:00,9091,25.08,79.23,23.95,91.0,38.05,2025.0,1
2025-01-13 19:00:00,9092,25.14,81.0,23.8,93.93,53.09,2025.0,1
2025-01-13 20:00:00,9093,24.56,82.87,23.25,96.03,49.69,2025.0,1
2025-01-13 21:00:00,9094,24.44,83.27,23.34,95.33,42.37,2025.0,1
2025-01-13 22:00:00,9095,24.72,82.07,23.44,93.73,45.16,2025.0,1
2025-01-13 23:00:00,9096,24.42,80.63,23.07,92.6,48.22,2025.0,1
2025-01-14 00:00:00,9097,24.06,83.34,22.66,96.45,53.09,2025.0,1
2025-01-14 01:00:00,9098,23.86,83.3,22.55,95.93,44.4,2025.0,1
2025-01-14 02:00:00,9099,23.57,84.97,22.23,97.2,44.53,2025.0,1
2025-01-14 03:00:00,9100,23.25,87.0,21.85,98.97,41.38,2025.0,1
2025-01-14 04:00:00,9101,22.81,87.0,21.38,99.27,36.6,2025.0,1
2025-01-14 05:00:00,9102,22.57,87.17,21.15,99.53,41.47,2025.0,1
2025-01-14 06:00:00,9103,23.28,85.17,22.45,94.73,56.97,2025.0,1
2025-01-14 07:00:00,9104,25.28,78.47,24.67,85.23,65.82,2025.0,1
2025-01-14 08:00:00,9105,30.85,61.6,30.0,65.47,46.5,2025.0,1
2025-01-14 09:00:00,9106,34.42,51.07,32.25,57.3,45.87,2025.0,1
2025-01-14 10:00:00,9107,36.77,45.27,33.98,51.6,33.2,2025.0,1
2025-01-14 11:00:00,9108,33.31,51.23,30.54,61.37,15.0,2025.0,1
2025-01-14 12:00:00,9109,32.17,54.0,30.7,61.32,16.5,2025.0,1
2025-01-14 13:00:00,9110,34.47,48.53,32.26,56.83,8.3,2025.0,1
2025-01-14 14:00:00,9111,31.58,55.53,29.52,66.33,23.0,2025.0,1
2025-01-14 15:00:00,9112,28.88,63.87,27.27,74.9,39.57,2025.0,1
2025-01-14 16:00:00,9113,23.93,80.3,21.87,96.97,26.57,2025.0,1
2025-01-14 17:00:00,9114,22.59,85.93,21.03,100.0,19.83,2025.0,1
2025-01-14 18:00:00,9115,23.26,87.17,21.66,100.0,27.16,2025.0,1
2025-01-14 19:00:00,9116,23.4,87.13,21.7,100.0,35.35,2025.0,1
2025-01-14 20:00:00,9117,23.08,87.9,21.43,100.0,29.68,2025.0,1
2025-01-14 21:00:00,9118,23.13,88.63,21.48,100.0,33.77,2025.0,1
2025-01-14 22:00:00,9119,23.17,88.57,21.47,100.0,35.22,2025.0,1
2025-01-14 23:00:00,9120,23.06,89.0,21.3,100.0,48.08,2025.0,1
2025-01-15 00:00:00,9121,22.67,89.1,21.08,100.0,35.02,2025.0,1
2025-01-15 01:00:00,9122,22.48,90.0,21.01,100.0,32.47,2025.0,1
2025-01-15 02:00:00,9123,22.62,89.67,21.02,100.0,33.99,2025.0,1
2025-01-15 03:00:00,9124,22.53,89.63,20.96,100.0,31.38,2025.0,1
2025-01-15 04:00:00,9125,22.53,90.0,20.96,100.0,30.28,2025.0,1
2025-01-15 05:00:00,9126,22.61,89.4,20.95,100.0,32.03,2025.0,1
2025-01-15 06:00:00,9127,23.11,88.67,21.74,100.0,41.83,2025.0,1
2025-01-15 07:00:00,9128,25.93,80.07,23.79,100.0,58.51,2025.0,1
2025-01-15 08:00:00,9129,30.72,65.5,28.08,87.73,66.07,2025.0,1
2025-01-15 09:00:00,9130,32.1,58.5,30.56,66.2,55.4,2025.0,1
2025-01-15 10:00:00,9131,35.34,50.17,34.32,53.63,48.27,2025.0,1
2025-01-15 11:00:00,9132,36.99,46.33,34.63,52.7,54.37,2025.0,1
2025-01-15 12:00:00,9133,37.74,43.39,34.15,52.32,26.64,2025.0,1
2025-01-15 13:00:00,9134,36.69,44.93,34.0,52.9,19.07,2025.0,1
2025-01-15 14:00:00,9135,34.18,49.07,31.71,58.87,8.53,2025.0,1
2025-01-15 15:00:00,9136,31.44,55.17,29.76,64.87,27.23,2025.0,1
2025-01-15 16:00:00,9137,29.93,59.87,28.73,69.57,32.0,2025.0,1
2025-01-15 17:00:00,9138,28.86,62.5,27.65,72.13,33.23,2025.0,1
2025-01-15 18:00:00,9139,27.42,67.7,26.29,77.2,41.9,2025.0,1
2025-01-15 19:00:00,9140,26.48,70.33,25.53,79.17,48.57,2025.0,1
2025-01-15 20:00:00,9141,26.16,71.97,25.12,79.9,45.27,2025.0,1
2025-01-15 21:00:00,9142,25.78,71.63,24.73,79.7,47.47,2025.0,1
2025-01-15 22:00:00,9143,25.42,71.9,24.16,80.83,42.33,2025.0,1
2025-01-15 23:00:00,9144,25.08,73.73,23.69,83.2,56.9,2025.0,1
2025-01-16 00:00:00,9145,24.87,72.88,23.73,81.27,52.5,2025.0,1
2025-01-16 01:00:00,9146,24.59,75.03,23.12,85.0,55.87,2025.0,1
2025-01-16 02:00:00,9147,23.91,77.7,22.55,88.07,46.13,2025.0,1
2025-01-16 03:00:00,9148,23.66,79.63,22.08,91.3,52.1,2025.0,1
2025-01-16 04:00:00,9149,23.12,82.6,21.54,94.3,39.71,2025.0,1
2025-01-16 05:00:00,9150,22.79,83.8,21.33,95.53,39.24,2025.0,1
2025-01-16 06:00:00,9151,23.5,81.07,22.78,88.67,40.78,2025.0,1
2025-01-16 07:00:00,9152,27.7,68.13,26.4,75.17,63.53,2025.0,1
2025-01-16 08:00:00,9153,31.17,58.8,29.96,64.77,67.67,2025.0,1
2025-01-16 09:00:00,9154,35.94,47.2,33.87,52.3,35.93,2025.0,1
2025-01-16 10:00:00,9155,35.12,47.67,33.62,53.53,19.53,2025.0,1
2025-01-16 11:00:00,9156,35.26,47.5,33.35,54.93,9.67,2025.0,1
2025-01-16 12:00:00,9157,35.04,47.75,32.47,57.25,23.25,2025.0,1
2025-01-16 13:00:00,9158,34.43,48.9,32.63,56.93,23.8,2025.0,1
2025-01-16 14:00:00,9159,34.11,49.63,32.71,57.03,22.33,2025.0,1
2025-01-16 15:00:00,9160,34.19,50.83,32.12,60.03,30.43,2025.0,1
2025-01-16 16:00:00,9161,31.01,58.47,28.91,70.6,43.9,2025.0,1
2025-01-16 17:00:00,9162,27.26,69.53,26.01,80.27,39.2,2025.0,1
2025-01-16 18:00:00,9163,26.01,74.23,25.0,83.37,31.77,2025.0,1
2025-01-16 19:00:00,9164,25.96,74.97,24.96,83.7,33.77,2025.0,1
2025-01-16 20:00:00,9165,25.8,75.13,24.74,83.9,32.47,2025.0,1
2025-01-16 21:00:00,9166,25.24,77.0,24.25,85.8,32.8,2025.0,1
2025-01-16 22:00:00,9167,24.74,77.43,23.78,86.17,23.1,2025.0,1
2025-01-16 23:00:00,9168,24.95,76.67,23.88,85.37,30.6,2025.0,1
2025-01-17 00:00:00,9169,24.86,76.59,23.76,84.97,20.83,2025.0,1
2025-01-17 01:00:00,9170,24.72,76.53,23.62,84.97,19.43,2025.0,1
2025-01-17 02:00:00,9171,24.67,77.0,23.41,86.33,23.33,2025.0,1
2025-01-17 03:00:00,9172,24.51,76.53,23.41,85.13,32.33,2025.0,1
2025-01-17 04:00:00,9173,24.38,76.0,23.35,84.07,22.9,2025.0,1
2025-01-17 05:00:00,9174,24.19,76.7,23.25,84.33,23.2,2025.0,1
2025-01-17 06:00:00,9175,25.5,73.23,25.19,78.23,26.77,2025.0,1
2025-01-17 07:00:00,9176,30.29,59.33,28.97,65.7,20.4,2025.0,1
2025-01-17 08:00:00,9177,30.68,57.37,29.57,63.47,17.37,2025.0,1
2025-01-17 09:00:00,9178,32.16,54.7,31.23,60.6,27.73,2025.0,1
2025-01-17 10:00:00,9179,33.04,53.37,31.98,59.17,32.23,2025.0,1
2025-01-17 11:00:00,9180,33.39,52.3,31.83,59.43,28.0,2025.0,1
2025-01-17 12:00:00,9181,34.51,50.93,31.81,61.32,26.64,2025.0,1
2025-01-17 13:00:00,9182,32.6,54.0,30.59,64.13,23.1,2025.0,1
2025-01-17 14:00:00,9183,31.68,55.73,30.12,64.3,29.3,2025.0,1
2025-01-17 15:00:00,9184,29.93,59.63,28.43,69.83,36.5,2025.0,1
2025-01-17 16:00:00,9185,27.62,68.9,26.26,79.87,49.83,2025.0,1
2025-01-17 17:00:00,9186,25.28,80.1,23.38,96.6,46.78,2025.0,1
2025-01-17 18:00:00,9187,24.65,82.87,23.09,99.07,49.16,2025.0,1
2025-01-17 19:00:00,9188,24.7,81.43,23.14,96.37,36.45,2025.0,1
2025-01-17 20:00:00,9189,24.49,82.07,22.97,97.73,35.02,2025.0,1
2025-01-17 21:00:00,9190,24.35,82.5,23.24,94.7,36.05,2025.0,1
2025-01-17 22:00:00,9191,24.16,83.73,23.19,95.2,39.78,2025.0,1
2025-01-17 23:00:00,9192,24.11,83.9,22.79,96.97,39.62,2025.0,1
2025-01-18 00:00:00,9193,23.86,84.14,22.71,96.66,33.71,2025.0,1
2025-01-18 01:00:00,9194,23.55,83.8,22.46,94.4,20.57,2025.0,1
2025-01-18 02:00:00,9195,22.97,85.07,21.9,96.07,14.81,2025.0,1
2025-01-18 03:00:00,9196,22.77,86.0,21.81,95.97,17.96,2025.0,1
2025-01-18 04:00:00,9197,22.37,87.07,21.04,99.0,17.22,2025.0,1
2025-01-18 05:00:00,9198,22.02,88.97,20.67,100.0,13.96,2025.0,1
2025-01-18 06:00:00,9199,22.35,87.73,20.98,100.0,14.09,2025.0,1
2025-01-18 07:00:00,9200,25.14,79.6,23.55,96.07,19.48,2025.0,1
2025-01-18 08:00:00,9201,32.19,59.83,30.8,65.73,22.73,2025.0,1
2025-01-18 09:00:00,9202,32.03,56.83,30.4,63.9,5.9,2025.0,1
2025-01-18 10:00:00,9203,32.04,56.53,30.04,65.3,7.53,2025.0,1
2025-01-18 11:00:00,9204,31.53,56.87,30.33,63.57,6.3,2025.0,1
2025-01-18 12:00:00,9205,33.44,52.24,31.29,60.66,4.55,2025.0,1
2025-01-18 13:00:00,9206,31.38,55.93,29.69,64.23,13.7,2025.0,1
2025-01-18 14:00:00,9207,30.18,55.97,28.86,63.8,9.9,2025.0,1
2025-01-18 15:00:00,9208,28.46,60.37,27.22,68.87,21.87,2025.0,1
2025-01-18 16:00:00,9209,27.86,63.2,26.79,71.63,23.0,2025.0,1
2025-01-18 17:00:00,9210,27.11,64.63,26.12,73.17,24.13,2025.0,1
2025-01-18 18:00:00,9211,26.21,67.93,25.31,75.83,28.4,2025.0,1
2025-01-18 19:00:00,9212,25.76,68.5,24.97,75.63,15.83,2025.0,1
2025-01-18 20:00:00,9213,25.49,69.87,24.52,77.93,19.87,2025.0,1
2025-01-18 21:00:00,9214,24.47,76.23,23.08,86.93,10.9,2025.0,1
2025-01-18 22:00:00,9215,23.83,79.13,22.78,89.5,23.67,2025.0,1
2025-01-18 23:00:00,9216,23.91,79.0,22.8,89.17,31.67,2025.0,1
2025-01-19 00:00:00,9217,23.89,79.29,22.56,90.32,33.74,2025.0,1
2025-01-19 01:00:00,9218,23.42,83.0,21.89,95.0,34.04,2025.0,1
2025-01-19 02:00:00,9219,23.26,82.93,21.76,94.37,32.99,2025.0,1
2025-01-19 03:00:00,9220,22.83,83.87,21.47,95.1,30.17,2025.0,1
2025-01-19 04:00:00,9221,22.71,83.87,21.42,94.57,28.79,2025.0,1
2025-01-19 05:00:00,9222,22.51,83.87,21.05,95.7,32.16,2025.0,1
2025-01-19 06:00:00,9223,26.31,74.83,26.3,78.5,,2025.0,1
2025-01-19 07:00:00,9224,34.89,51.3,32.75,56.7,60.17,2025.0,1
2025-01-19 08:00:00,9225,34.5,47.67,31.95,54.67,19.83,2025.0,1
2025-01-19 09:00:00,9226,33.11,50.03,32.17,55.13,6.5,2025.0,1
2025-01-19 10:00:00,9227,33.3,50.3,32.34,56.17,4.03,2025.0,1
2025-01-19 11:00:00,9228,33.58,49.87,32.33,55.77,4.97,2025.0,1
2025-01-19 12:00:00,9229,34.0,48.3,31.57,57.48,14.11,2025.0,1
2025-01-19 13:00:00,9230,31.96,54.23,30.59,62.7,18.7,2025.0,1
2025-01-19 14:00:00,9231,31.75,55.67,29.79,66.17,22.2,2025.0,1
2025-01-19 15:00:00,9232,26.85,70.87,24.58,87.4,16.64,2025.0,1
2025-01-19 16:00:00,9233,24.39,79.83,22.13,100.0,16.57,2025.0,1
2025-01-19 17:00:00,9234,24.37,79.93,22.54,99.0,16.46,2025.0,1
2025-01-19 18:00:00,9235,24.44,80.0,22.68,98.93,17.0,2025.0,1
2025-01-19 19:00:00,9236,24.61,79.17,23.53,91.17,29.32,2025.0,1
2025-01-19 20:00:00,9237,24.6,77.87,23.56,87.9,28.93,2025.0,1
2025-01-19 21:00:00,9238,24.55,76.93,23.58,85.67,24.83,2025.0,1
2025-01-19 22:00:00,9239,24.49,77.57,23.18,88.0,34.2,2025.0,1
2025-01-19 23:00:00,9240,24.21,80.1,22.91,91.93,35.15,2025.0,1
2025-01-20 00:00:00,9241,24.19,79.17,23.01,89.57,29.52,2025.0,1
2025-01-20 01:00:00,9242,24.23,77.77,23.05,87.63,19.7,2025.0,1
2025-01-20 02:00:00,9243,23.55,80.77,22.09,92.6,13.34,2025.0,1
2025-01-20 03:00:00,9244,21.45,87.47,20.01,100.0,3.95,2025.0,1
2025-01-20 04:00:00,9245,21.59,87.53,20.06,100.0,6.59,2025.0,1
2025-01-20 05:00:00,9246,21.93,87.03,20.26,100.0,17.2,2025.0,1
2025-01-20 06:00:00,9247,22.33,86.77,20.77,100.0,23.9,2025.0,1
2025-01-20 07:00:00,9248,23.66,82.97,21.81,100.0,24.03,2025.0,1
2025-01-20 08:00:00,9249,26.89,74.23,25.37,91.87,25.81,2025.0,1
2025-01-20 09:00:00,9250,29.8,64.2,28.87,70.6,22.73,2025.0,1
2025-01-20 10:00:00,9251,31.99,57.53,30.58,64.23,17.8,2025.0,1
2025-01-20 11:00:00,9252,30.8,59.17,28.82,68.73,16.07,2025.0,1
2025-01-20 12:00:00,9253,30.71,59.97,29.16,68.59,20.97,2025.0,1
2025-01-20 13:00:00,9254,30.64,59.43,29.09,68.1,14.5,2025.0,1
2025-01-20 14:00:00,9255,27.98,65.03,26.54,74.7,19.57,2025.0,1
2025-01-20 15:00:00,9256,26.2,72.17,24.51,84.77,29.6,2025.0,1
2025-01-20 16:00:00,9257,23.88,82.43,22.0,99.63,25.55,2025.0,1
2025-01-20 17:00:00,9258,24.11,81.43,21.94,100.0,20.66,2025.0,1
2025-01-20 18:00:00,9259,23.92,81.67,22.11,99.97,19.36,2025.0,1
2025-01-20 19:00:00,9260,23.74,84.1,22.09,100.0,46.65,2025.0,1
2025-01-20 20:00:00,9261,23.13,87.03,21.69,100.0,34.19,2025.0,1
2025-01-20 21:00:00,9262,23.05,86.77,21.51,100.0,27.69,2025.0,1
2025-01-20 22:00:00,9263,23.06,86.97,21.52,100.0,27.83,2025.0,1
2025-01-20 23:00:00,9264,23.18,87.4,21.76,100.0,36.49,2025.0,1
2025-01-21 00:00:00,9265,23.14,87.34,21.76,99.79,32.83,2025.0,1
2025-01-21 01:00:00,9266,23.01,88.33,21.8,100.0,36.52,2025.0,1
2025-01-21 02:00:00,9267,22.8,88.13,21.78,99.2,25.35,2025.0,1
2025-01-21 03:00:00,9268,22.98,86.67,21.9,97.47,23.34,2025.0,1
2025-01-21 04:00:00,9269,23.02,87.0,21.77,98.63,26.6,2025.0,1
2025-01-21 05:00:00,9270,22.96,88.0,21.83,98.97,28.23,2025.0,1
2025-01-21 06:00:00,9271,22.56,89.43,21.25,100.0,23.72,2025.0,1
2025-01-21 07:00:00,9272,22.62,89.73,21.36,100.0,23.16,2025.0,1
2025-01-21 08:00:00,9273,24.45,83.03,22.61,99.37,28.11,2025.0,1
2025-01-21 09:00:00,9274,26.89,74.9,25.09,90.2,37.4,2025.0,1
2025-01-21 10:00:00,9275,27.68,71.63,26.73,78.37,37.1,2025.0,1
2025-01-21 11:00:00,9276,28.37,70.27,27.59,76.37,41.57,2025.0,1
2025-01-21 12:00:00,9277,30.0,63.83,28.35,73.03,38.52,2025.0,1
2025-01-21 13:00:00,9278,25.32,79.1,22.8,98.0,28.36,2025.0,1
2025-01-21 14:00:00,9279,24.69,81.7,22.61,99.9,28.48,2025.0,1
2025-01-21 15:00:00,9280,23.88,83.23,21.62,100.0,31.58,2025.0,1
2025-01-21 16:00:00,9281,22.64,86.47,20.84,100.0,16.62,2025.0,1
2025-01-21 17:00:00,9282,22.87,86.8,21.03,100.0,20.97,2025.0,1
2025-01-21 18:00:00,9283,22.83,86.17,20.94,100.0,18.54,2025.0,1
2025-01-21 19:00:00,9284,22.81,87.57,21.14,100.0,31.11,2025.0,1
2025-01-21 20:00:00,9285,22.73,88.73,21.05,100.0,33.16,2025.0,1
2025-01-21 21:00:00,9286,22.74,88.5,21.17,100.0,47.77,2025.0,1
2025-01-21 22:00:00,9287,22.77,89.14,21.31,100.0,58.94,2025.0,1
2025-01-21 23:00:00,9288,22.92,88.97,21.29,100.0,55.16,2025.0,1
2025-01-22 00:00:00,9289,22.83,88.93,21.11,100.0,62.68,2025.0,1
2025-01-22 01:00:00,9290,22.31,89.2,20.87,100.0,44.87,2025.0,1
2025-01-22 02:00:00,9291,22.11,89.8,20.66,100.0,42.14,2025.0,1
2025-01-22 03:00:00,9292,22.02,89.13,20.54,100.0,41.56,2025.0,1
2025-01-22 04:00:00,9293,22.03,89.33,20.57,100.0,36.45,2025.0,1
2025-01-22 05:00:00,9294,22.13,89.0,20.56,100.0,41.36,2025.0,1
2025-01-22 06:00:00,9295,22.5,88.47,21.09,100.0,39.49,2025.0,1
2025-01-22 07:00:00,9296,25.45,80.4,23.4,100.0,48.56,2025.0,1
2025-01-22 08:00:00,9297,28.16,72.07,24.92,99.1,58.03,2025.0,1
2025-01-22 09:00:00,9298,31.09,62.47,28.61,77.0,55.2,2025.0,1
2025-01-22 10:00:00,9299,32.61,55.37,31.78,59.7,17.47,2025.0,1
2025-01-22 11:00:00,9300,32.94,53.33,30.88,60.83,11.1,2025.0,1
2025-01-22 12:00:00,9301,32.72,53.61,30.42,62.68,13.82,2025.0,1
2025-01-22 13:00:00,9302,32.24,55.3,30.38,64.17,22.3,2025.0,1
2025-01-22 14:00:00,9303,31.92,56.23,29.63,66.67,24.7,2025.0,1
2025-01-22 15:00:00,9304,29.96,61.17,28.05,72.53,31.03,2025.0,1
2025-01-22 16:00:00,9305,27.84,68.7,26.32,79.83,35.57,2025.0,1
2025-01-22 17:00:00,9306,25.28,76.83,23.39,91.67,43.32,2025.0,1
2025-01-22 18:00:00,9307,23.72,81.43,21.88,99.1,30.11,2025.0,1
2025-01-22 19:00:00,9308,23.27,84.53,21.53,100.0,29.3,2025.0,1
2025-01-22 20:00:00,9309,23.33,84.4,21.74,98.77,28.01,2025.0,1
2025-01-22 21:00:00,9310,23.16,85.13,21.63,98.23,29.41,2025.0,1
2025-01-22 22:00:00,9311,22.95,86.63,21.38,99.8,38.3,2025.0,1
2025-01-22 23:00:00,9312,22.53,85.53,20.98,99.0,25.55,2025.0,1
2025-01-23 00:00:00,9313,22.2,86.08,20.65,99.32,28.78,2025.0,1
2025-01-23 01:00:00,9314,22.0,86.73,20.46,99.93,25.35,2025.0,1
2025-01-23 02:00:00,9315,21.9,86.9,20.35,99.93,21.78,2025.0,1
2025-01-23 03:00:00,9316,21.88,87.4,20.25,100.0,26.58,2025.0,1
2025-01-23 04:00:00,9317,21.83,88.0,20.24,100.0,32.34,2025.0,1
2025-01-23 05:00:00,9318,21.7,88.5,20.12,100.0,34.62,2025.0,1
2025-01-23 06:00:00,9319,21.82,88.83,20.53,99.9,42.03,2025.0,1
2025-01-23 07:00:00,9320,24.92,80.9,24.86,86.2,60.04,2025.0,1
2025-01-23 08:00:00,9321,34.67,54.17,33.37,57.27,53.0,2025.0,1
2025-01-23 09:00:00,9322,35.87,47.4,33.07,54.53,43.4,2025.0,1
2025-01-23 10:00:00,9323,36.32,45.33,34.24,50.77,33.4,2025.0,1
2025-01-23 11:00:00,9324,35.61,46.4,33.6,53.2,23.0,2025.0,1
2025-01-23 12:00:00,9325,34.65,47.85,32.26,56.85,24.52,2025.0,1
2025-01-23 13:00:00,9326,32.64,52.0,30.52,61.5,28.37,2025.0,1
2025-01-23 14:00:00,9327,31.94,54.27,30.05,64.17,38.27,2025.0,1
2025-01-23 15:00:00,9328,31.41,56.6,29.68,66.33,47.6,2025.0,1
2025-01-23 16:00:00,9329,28.07,66.7,25.57,82.1,52.37,2025.0,1
2025-01-23 17:00:00,9330,22.69,84.1,20.96,100.0,19.52,2025.0,1
2025-01-23 18:00:00,9331,22.77,84.5,20.91,100.0,18.89,2025.0,1
2025-01-23 19:00:00,9332,23.25,83.5,21.11,100.0,26.46,2025.0,1
2025-01-23 20:00:00,9333,22.99,85.2,20.93,100.0,32.16,2025.0,1
2025-01-23 21:00:00,9334,22.88,85.2,20.84,100.0,43.35,2025.0,1
2025-01-23 22:00:00,9335,22.71,86.07,20.86,100.0,38.17,2025.0,1
2025-01-23 23:00:00,9336,22.35,87.37,20.71,100.0,40.0,2025.0,1
2025-01-24 00:00:00,9337,22.23,88.0,20.63,100.0,37.0,2025.0,1
2025-01-24 01:00:00,9338,22.26,88.0,20.58,100.0,39.4,2025.0,1
2025-01-24 02:00:00,9339,22.21,87.23,20.47,100.0,39.11,2025.0,1
2025-01-24 03:00:00,9340,22.19,87.43,20.5,100.0,35.42,2025.0,1
2025-01-24 04:00:00,9341,22.06,88.0,20.37,100.0,36.0,2025.0,1
2025-01-24 05:00:00,9342,21.78,88.9,20.14,100.0,37.18,2025.0,1
2025-01-24 06:00:00,9343,22.24,88.3,20.83,100.0,42.48,2025.0,1
2025-01-24 07:00:00,9344,28.8,71.03,27.11,95.73,59.84,2025.0,1
2025-01-24 08:00:00,9345,32.71,58.03,29.07,75.03,64.27,2025.0,1
2025-01-24 09:00:00,9346,34.37,54.17,33.49,59.1,,2025.0,1
2025-01-24 10:00:00,9347,36.65,48.4,34.15,56.37,61.9,2025.0,1
2025-01-24 11:00:00,9348,36.17,47.23,33.49,55.9,15.7,2025.0,1
2025-01-24 12:00:00,9349,37.65,43.96,33.92,53.74,4.93,2025.0,1
2025-01-24 13:00:00,9350,34.46,49.93,31.01,63.2,24.97,2025.0,1
2025-01-24 14:00:00,9351,26.66,72.5,23.66,92.97,31.81,2025.0,1
2025-01-24 15:00:00,9352,24.02,84.2,22.39,100.0,26.51,2025.0,1
2025-01-24 16:00:00,9353,24.02,83.07,21.86,100.0,12.91,2025.0,1
2025-01-24 17:00:00,9354,22.57,87.43,21.0,100.0,3.26,2025.0,1
2025-01-24 18:00:00,9355,22.28,88.0,20.72,100.0,10.81,2025.0,1
2025-01-24 19:00:00,9356,22.49,89.0,21.02,100.0,17.96,2025.0,1
2025-01-24 20:00:00,9357,22.44,89.53,21.01,100.0,17.4,2025.0,1
2025-01-24 21:00:00,9358,22.62,90.0,21.13,100.0,23.36,2025.0,1
2025-01-24 22:00:00,9359,22.62,90.07,21.2,100.0,25.24,2025.0,1
2025-01-24 23:00:00,9360,22.48,90.0,20.97,100.0,23.41,2025.0,1
2025-01-25 00:00:00,9361,22.43,90.48,20.93,100.0,26.48,2025.0,1
2025-01-25 01:00:00,9362,22.21,91.0,20.78,100.0,26.98,2025.0,1
2025-01-25 02:00:00,9363,22.18,91.1,20.83,100.0,29.7,2025.0,1
2025-01-25 03:00:00,9364,22.39,90.37,20.83,100.0,30.48,2025.0,1
2025-01-25 04:00:00,9365,22.48,90.0,20.84,100.0,29.12,2025.0,1
2025-01-25 05:00:00,9366,22.57,90.0,20.86,100.0,30.48,2025.0,1
2025-01-25 06:00:00,9367,22.66,89.77,20.99,100.0,32.49,2025.0,1
2025-01-25 07:00:00,9368,25.3,81.1,23.1,99.97,40.73,2025.0,1
2025-01-25 08:00:00,9369,31.08,65.47,28.25,96.93,50.8,2025.0,1
2025-01-25 09:00:00,9370,33.44,56.17,31.02,76.17,39.17,2025.0,1
2025-01-25 10:00:00,9371,35.45,49.8,34.53,53.97,30.3,2025.0,1
2025-01-25 11:00:00,9372,37.38,46.17,35.39,51.73,28.33,2025.0,1
2025-01-25 12:00:00,9373,35.43,48.67,31.36,61.74,38.59,2025.0,1
2025-01-25 13:00:00,9374,30.42,61.67,27.84,76.23,34.2,2025.0,1
2025-01-25 14:00:00,9375,26.94,72.87,24.45,91.07,26.7,2025.0,1
2025-01-25 15:00:00,9376,28.44,67.2,27.03,76.87,39.2,2025.0,1
2025-01-25 16:00:00,9377,26.62,74.1,25.35,84.23,38.93,2025.0,1
2025-01-25 17:00:00,9378,25.16,79.97,23.09,95.63,30.73,2025.0,1
2025-01-25 18:00:00,9379,23.58,86.27,21.89,100.0,30.84,2025.0,1
2025-01-25 19:00:00,9380,23.68,85.47,21.8,100.0,30.69,2025.0,1
2025-01-25 20:00:00,9381,23.73,84.27,21.5,100.0,24.83,2025.0,1
2025-01-25 21:00:00,9382,23.9,84.33,21.72,100.0,39.51,2025.0,1
2025-01-25 22:00:00,9383,23.67,86.2,21.76,100.0,46.05,2025.0,1
2025-01-25 23:00:00,9384,23.53,87.9,21.74,100.0,35.26,2025.0,1
2025-01-26 00:00:00,9385,23.41,89.25,21.85,100.0,47.71,2025.0,1
2025-01-26 01:00:00,9386,23.33,90.0,21.79,100.0,53.31,2025.0,1
2025-01-26 02:00:00,9387,23.22,90.27,21.73,100.0,54.72,2025.0,1
2025-01-26 03:00:00,9388,22.86,90.27,21.34,100.0,40.62,2025.0,1
2025-01-26 04:00:00,9389,22.6,90.0,21.03,100.0,37.5,2025.0,1
2025-01-26 05:00:00,9390,22.41,90.9,20.99,100.0,47.66,2025.0,1
2025-01-26 06:00:00,9391,23.05,90.8,21.66,100.0,43.33,2025.0,1
2025-01-26 07:00:00,9392,28.02,75.5,24.81,99.33,59.3,2025.0,1
2025-01-26 08:00:00,9393,33.32,59.93,30.02,89.37,67.97,2025.0,1
2025-01-26 09:00:00,9394,36.82,49.77,34.81,56.0,48.63,2025.0,1
2025-01-26 10:00:00,9395,37.29,46.13,34.68,53.17,28.43,2025.0,1
2025-01-26 11:00:00,9396,36.13,47.6,33.84,55.73,15.47,2025.0,1
2025-01-26 12:00:00,9397,36.81,46.52,33.68,56.67,7.44,2025.0,1
2025-01-26 13:00:00,9398,35.45,49.13,33.28,58.63,9.0,2025.0,1
2025-01-26 14:00:00,9399,32.62,54.77,30.07,66.97,18.93,2025.0,1
2025-01-26 15:00:00,9400,26.49,71.87,24.78,85.23,25.23,2025.0,1
2025-01-26 16:00:00,9401,24.1,82.17,22.69,97.63,18.25,2025.0,1
2025-01-26 17:00:00,9402,23.71,85.27,22.2,100.0,18.74,2025.0,1
2025-01-26 18:00:00,9403,23.86,86.9,22.24,100.0,17.91,2025.0,1
2025-01-26 19:00:00,9404,23.82,86.53,22.09,100.0,18.0,2025.0,1
2025-01-26 20:00:00,9405,23.65,87.23,21.97,100.0,27.27,2025.0,1
2025-01-26 21:00:00,9406,23.5,89.0,21.89,100.0,31.09,2025.0,1
2025-01-26 22:00:00,9407,23.6,88.7,22.03,100.0,31.6,2025.0,1
2025-01-26 23:00:00,9408,23.52,89.83,21.88,100.0,35.76,2025.0,1
2025-01-27 00:00:00,9409,23.46,90.0,21.81,100.0,41.41,2025.0,1
2025-01-27 01:00:00,9410,23.38,90.0,21.74,100.0,43.59,2025.0,1
2025-01-27 02:00:00,9411,23.62,89.2,21.92,100.0,39.49,2025.0,1
2025-01-27 03:00:00,9412,23.14,89.9,21.52,100.0,32.41,2025.0,1
2025-01-27 04:00:00,9413,22.99,89.5,21.25,100.0,32.74,2025.0,1
2025-01-27 05:00:00,9414,22.58,90.0,21.01,100.0,33.63,2025.0,1
2025-01-27 06:00:00,9415,22.89,89.83,21.3,100.0,32.63,2025.0,1
2025-01-27 07:00:00,9416,24.88,83.73,23.05,100.0,46.19,2025.0,1
2025-01-27 08:00:00,9417,30.83,64.0,27.25,96.77,56.1,2025.0,1
2025-01-27 09:00:00,9418,33.33,56.63,31.39,67.17,48.4,2025.0,1
2025-01-27 10:00:00,9419,36.11,48.77,34.86,52.7,39.73,2025.0,1
2025-01-27 11:00:00,9420,36.84,44.37,34.22,50.3,32.03,2025.0,1
2025-01-27 12:00:00,9421,37.55,42.64,34.64,49.46,31.14,2025.0,1
2025-01-27 13:00:00,9422,35.83,44.7,32.96,53.57,12.47,2025.0,1
2025-01-27 14:00:00,9423,33.18,50.97,30.69,61.97,9.47,2025.0,1
2025-01-27 15:00:00,9424,29.98,59.73,28.23,71.0,30.4,2025.0,1
2025-01-27 16:00:00,9425,27.69,70.23,25.94,83.07,53.23,2025.0,1
2025-01-27 17:00:00,9426,27.13,69.87,25.9,80.13,43.7,2025.0,1
2025-01-27 18:00:00,9427,26.54,74.2,25.08,85.73,47.57,2025.0,1
2025-01-27 19:00:00,9428,25.79,73.4,24.5,82.63,39.83,2025.0,1
2025-01-27 20:00:00,9429,25.28,74.03,24.02,83.2,36.97,2025.0,1
2025-01-27 21:00:00,9430,24.88,75.67,23.41,85.83,46.07,2025.0,1
2025-01-27 22:00:00,9431,24.4,77.0,23.05,87.0,48.1,2025.0,1
2025-01-27 23:00:00,9432,24.02,77.47,22.85,86.97,49.43,2025.0,1
2025-01-28 00:00:00,9433,23.73,75.53,22.56,84.1,41.9,2025.0,1
2025-01-28 01:00:00,9434,23.24,80.47,21.81,90.73,36.65,2025.0,1
2025-01-28 02:00:00,9435,22.89,82.9,21.49,94.33,36.09,2025.0,1
2025-01-28 03:00:00,9436,22.67,85.57,21.21,98.0,50.54,2025.0,1
2025-01-28 04:00:00,9437,22.42,86.03,20.93,98.63,45.05,2025.0,1
2025-01-28 05:00:00,9438,22.12,86.0,20.64,98.23,41.7,2025.0,1
2025-01-28 06:00:00,9439,22.74,83.4,21.74,92.53,42.25,2025.0,1
2025-01-28 07:00:00,9440,26.83,70.43,26.41,74.67,,2025.0,1
2025-01-28 08:00:00,9441,35.81,47.6,33.4,51.8,43.67,2025.0,1
2025-01-28 09:00:00,9442,35.7,44.93,33.73,49.77,25.23,2025.0,1
2025-01-28 10:00:00,9443,36.98,43.23,34.78,48.4,23.6,2025.0,1
2025-01-28 11:00:00,9444,36.92,44.03,33.77,52.57,25.83,2025.0,1
2025-01-28 12:00:00,9445,33.88,50.0,31.01,61.29,31.5,2025.0,1
2025-01-28 13:00:00,9446,33.99,50.3,32.05,59.17,37.13,2025.0,1
2025-01-28 14:00:00,9447,31.76,56.1,29.95,66.47,31.9,2025.0,1
2025-01-28 15:00:00,9448,26.94,69.4,25.19,81.83,35.83,2025.0,1
2025-01-28 16:00:00,9449,25.31,75.43,24.14,85.83,38.7,2025.0,1
2025-01-28 17:00:00,9450,25.42,74.73,23.94,85.53,37.1,2025.0,1
2025-01-28 18:00:00,9451,24.63,77.77,23.21,89.43,41.13,2025.0,1
2025-01-28 19:00:00,9452,24.23,79.0,23.05,90.07,40.33,2025.0,1
2025-01-28 20:00:00,9453,24.04,79.87,22.75,91.63,46.49,2025.0,1
2025-01-28 21:00:00,9454,23.62,82.67,22.46,94.37,36.89,2025.0,1
2025-01-28 22:00:00,9455,23.67,83.13,22.49,95.23,60.1,2025.0,1
2025-01-28 23:00:00,9456,23.85,81.2,22.84,91.57,36.0,2025.0,1
2025-01-29 00:00:00,9457,23.4,84.3,22.22,94.74,33.55,2025.0,1
2025-01-29 01:00:00,9458,23.51,83.67,22.39,93.77,29.55,2025.0,1
2025-01-29 02:00:00,9459,22.98,86.33,21.75,98.3,27.74,2025.0,1
2025-01-29 03:00:00,9460,22.77,87.8,21.54,99.77,41.67,2025.0,1
2025-01-29 04:00:00,9461,22.53,89.2,21.36,100.0,25.59,2025.0,1
2025-01-29 05:00:00,9462,22.5,88.07,21.46,99.67,24.66,2025.0,1
2025-01-29 06:00:00,9463,22.75,85.9,21.98,94.77,20.88,2025.0,1
2025-01-29 07:00:00,9464,23.57,82.33,22.83,90.6,24.5,2025.0,1
2025-01-29 08:00:00,9465,24.26,79.8,23.46,88.1,29.35,2025.0,1
2025-01-29 09:00:00,9466,25.15,77.77,24.16,85.7,41.37,2025.0,1
2025-01-29 10:00:00,9467,24.35,80.8,23.05,93.63,37.04,2025.0,1
2025-01-29 11:00:00,9468,26.96,72.8,26.24,78.7,31.6,2025.0,1
2025-01-29 12:00:00,9469,27.91,68.23,26.44,76.63,35.13,2025.0,1
2025-01-29 13:00:00,9470,26.7,71.03,25.41,79.9,30.33,2025.0,1
2025-01-29 14:00:00,9471,26.07,73.13,25.32,80.63,24.8,2025.0,1
2025-01-29 15:00:00,9472,26.79,69.6,25.47,78.33,32.23,2025.0,1
2025-01-29 16:00:00,9473,25.04,75.77,23.84,84.33,27.4,2025.0,1
2025-01-29 17:00:00,9474,24.86,76.23,23.73,84.47,34.6,2025.0,1
2025-01-29 18:00:00,9475,24.09,78.53,23.02,88.17,32.69,2025.0,1
2025-01-29 19:00:00,9476,23.76,80.23,22.69,90.4,25.71,2025.0,1
2025-01-29 20:00:00,9477,23.33,82.93,22.25,92.53,31.0,2025.0,1
2025-01-29 21:00:00,9478,23.0,83.97,21.91,93.67,34.91,2025.0,1
2025-01-29 22:00:00,9479,22.77,84.7,21.8,94.07,29.66,2025.0,1
2025-01-29 23:00:00,9480,22.99,84.5,22.02,93.97,28.85,2025.0,1
2025-01-30 00:00:00,9481,22.74,86.21,21.45,97.79,28.12,2025.0,1
2025-01-30 01:00:00,9482,21.78,88.57,20.58,100.0,14.16,2025.0,1
2025-01-30 02:00:00,9483,21.68,88.4,20.36,100.0,17.08,2025.0,1
2025-01-30 03:00:00,9484,21.75,87.77,20.45,100.0,17.69,2025.0,1
2025-01-30 04:00:00,9485,21.89,86.93,20.63,100.0,11.77,2025.0,1
2025-01-30 05:00:00,9486,21.9,86.97,20.92,97.73,16.57,2025.0,1
2025-01-30 06:00:00,9487,21.76,88.17,20.88,98.5,19.65,2025.0,1
2025-01-30 07:00:00,9488,22.13,88.07,21.18,98.77,27.14,2025.0,1
2025-01-30 08:00:00,9489,24.69,78.8,23.91,86.03,26.03,2025.0,1
2025-01-30 09:00:00,9490,25.6,75.77,24.82,81.57,32.63,2025.0,1
2025-01-30 10:00:00,9491,26.38,71.2,25.23,77.97,30.97,2025.0,1
2025-01-30 11:00:00,9492,26.22,70.13,24.77,79.37,34.0,2025.0,1
2025-01-30 12:00:00,9493,24.17,78.9,22.67,92.17,39.04,2025.0,1
2025-01-30 13:00:00,9494,28.29,66.43,27.52,71.97,36.63,2025.0,1
2025-01-30 14:00:00,9495,27.0,67.87,25.41,76.93,35.2,2025.0,1
2025-01-30 15:00:00,9496,26.56,69.4,25.54,77.37,36.43,2025.0,1
2025-01-30 16:00:00,9497,26.57,69.87,25.13,79.17,35.43,2025.0,1
2025-01-30 17:00:00,9498,25.68,73.53,24.17,83.2,43.77,2025.0,1
2025-01-30 18:00:00,9499,24.3,76.2,23.18,85.0,43.07,2025.0,1
2025-01-30 19:00:00,9500,23.65,79.8,22.55,89.13,53.43,2025.0,1
2025-01-30 20:00:00,9501,23.48,81.57,22.46,90.37,50.96,2025.0,1
2025-01-30 21:00:00,9502,23.42,82.67,22.38,92.1,48.82,2025.0,1
2025-01-30 22:00:00,9503,23.34,83.57,22.23,93.33,46.57,2025.0,1
2025-01-30 23:00:00,9504,22.97,86.0,21.56,98.2,46.88,2025.0,1
2025-01-31 00:00:00,9505,22.62,87.93,21.2,100.0,39.16,2025.0,1
2025-01-31 01:00:00,9506,22.55,87.6,21.49,98.77,34.13,2025.0,1
2025-01-31 02:00:00,9507,22.62,86.3,21.55,96.67,32.12,2025.0,1
2025-01-31 03:00:00,9508,22.23,87.53,20.99,99.8,29.84,2025.0,1
2025-01-31 04:00:00,9509,22.26,88.2,20.9,99.97,28.23,2025.0,1
2025-01-31 05:00:00,9510,22.17,88.93,20.76,100.0,27.72,2025.0,1
2025-01-31 06:00:00,9511,22.53,87.17,21.5,98.7,30.17,2025.0,1
2025-01-31 07:00:00,9512,24.66,79.77,24.27,86.4,40.83,2025.0,1
2025-01-31 08:00:00,9513,27.16,71.93,26.31,77.83,39.93,2025.0,1
2025-01-31 09:00:00,9514,29.37,65.2,28.97,69.4,42.4,2025.0,1
2025-01-31 10:00:00,9515,30.84,59.4,29.25,66.63,39.67,2025.0,1
2025-01-31 11:00:00,9516,29.57,61.27,28.32,69.37,38.63,2025.0,1
2025-01-31 12:00:00,9517,31.44,57.72,29.83,65.21,37.62,2025.0,1
2025-01-31 13:00:00,9518,31.03,57.2,28.96,66.73,38.27,2025.0,1
2025-01-31 14:00:00,9519,31.11,57.27,29.49,65.77,39.17,2025.0,1
2025-01-31 15:00:00,9520,30.19,59.23,28.73,68.33,41.87,2025.0,1
2025-01-31 16:00:00,9521,30.17,60.0,27.85,71.47,44.27,2025.0,1
2025-01-31 17:00:00,9522,27.17,68.4,25.61,79.37,52.53,2025.0,1
2025-01-31 18:00:00,9523,25.32,76.2,24.14,85.77,50.57,2025.0,1
2025-01-31 19:00:00,9524,24.79,78.47,23.63,88.7,56.7,2025.0,1
2025-01-31 20:00:00,9525,24.49,79.63,23.41,90.23,47.4,2025.0,1
2025-01-31 21:00:00,9526,24.31,79.67,23.31,89.67,59.38,2025.0,1
2025-01-31 22:00:00,9527,24.23,79.93,23.11,90.4,41.96,2025.0,1
2025-01-31 23:00:00,9528,23.66,81.73,22.53,92.1,46.9,2025.0,1
2025-02-01 00:00:00,9529,23.51,83.0,22.41,92.43,40.06,2025.0,2
2025-02-01 01:00:00,9530,23.1,84.53,21.91,95.3,42.84,2025.0,2
2025-02-01 02:00:00,9531,22.98,84.97,21.91,94.87,41.47,2025.0,2
2025-02-01 03:00:00,9532,22.89,84.77,21.93,94.23,39.15,2025.0,2
2025-02-01 04:00:00,9533,22.93,83.9,21.96,93.2,32.99,2025.0,2
2025-02-01 05:00:00,9534,22.86,83.33,21.86,92.17,39.91,2025.0,2
2025-02-01 06:00:00,9535,23.18,82.72,22.02,92.41,50.92,2025.0,2
2025-02-01 07:00:00,9536,23.53,84.27,22.71,93.77,62.96,2025.0,2
2025-02-01 08:00:00,9537,26.78,75.87,26.44,80.63,43.53,2025.0,2
2025-02-01 09:00:00,9538,28.28,70.07,26.93,77.63,41.77,2025.0,2
2025-02-01 10:00:00,9539,27.68,70.33,26.63,77.63,36.2,2025.0,2
2025-02-01 11:00:00,9540,29.66,63.67,28.56,71.03,36.83,2025.0,2
2025-02-01 12:00:00,9541,29.7,61.62,28.43,69.9,40.86,2025.0,2
2025-02-01 13:00:00,9542,29.52,61.67,27.97,70.93,38.07,2025.0,2
2025-02-01 14:00:00,9543,30.1,60.37,29.17,67.27,38.53,2025.0,2
2025-02-01 15:00:00,9544,28.12,65.67,26.5,76.1,42.53,2025.0,2
2025-02-01 16:00:00,9545,26.66,69.47,25.53,78.17,41.37,2025.0,2
2025-02-01 17:00:00,9546,26.9,68.4,25.44,78.1,44.6,2025.0,2
2025-02-01 18:00:00,9547,25.44,73.5,24.37,81.8,48.1,2025.0,2
2025-02-01 19:00:00,9548,24.96,76.63,23.88,85.67,51.33,2025.0,2
2025-02-01 20:00:00,9549,24.59,78.83,23.56,88.57,57.24,2025.0,2
2025-02-01 21:00:00,9550,24.41,79.1,23.28,89.0,49.29,2025.0,2
2025-02-01 22:00:00,9551,23.59,82.0,22.4,92.73,35.93,2025.0,2
2025-02-01 23:00:00,9552,23.05,84.0,22.08,93.37,31.89,2025.0,2
2025-02-02 00:00:00,9553,23.08,83.89,22.12,93.11,38.24,2025.0,2
2025-02-02 01:00:00,9554,23.24,83.73,22.28,92.97,41.52,2025.0,2
2025-02-02 02:00:00,9555,23.39,82.97,22.36,91.97,36.85,2025.0,2
2025-02-02 03:00:00,9556,23.33,82.97,22.22,92.23,32.87,2025.0,2
2025-02-02 04:00:00,9557,23.37,82.57,22.31,91.57,35.31,2025.0,2
2025-02-02 05:00:00,9558,23.46,82.73,22.42,91.83,39.24,2025.0,2
2025-02-02 06:00:00,9559,23.22,83.6,22.24,93.03,27.74,2025.0,2
2025-02-02 07:00:00,9560,24.08,82.47,23.42,91.2,35.78,2025.0,2
2025-02-02 08:00:00,9561,26.25,77.13,26.16,81.9,41.61,2025.0,2
2025-02-02 09:00:00,9562,28.36,67.9,27.29,74.27,41.8,2025.0,2
2025-02-02 10:00:00,9563,29.64,61.37,28.97,66.37,39.17,2025.0,2
2025-02-02 11:00:00,9564,30.73,57.2,29.49,63.33,35.17,2025.0,2
2025-02-02 12:00:00,9565,31.36,55.1,30.01,60.93,32.48,2025.0,2
2025-02-02 13:00:00,9566,30.84,57.1,29.55,64.23,35.6,2025.0,2
2025-02-02 14:00:00,9567,30.72,57.4,29.15,65.87,37.27,2025.0,2
2025-02-02 15:00:00,9568,28.66,63.23,27.35,72.33,40.3,2025.0,2
2025-02-02 16:00:00,9569,27.65,66.37,26.28,76.2,41.7,2025.0,2
2025-02-02 17:00:00,9570,26.4,71.33,25.31,80.43,46.73,2025.0,2
2025-02-02 18:00:00,9571,25.73,74.77,24.7,82.93,46.93,2025.0,2
2025-02-02 19:00:00,9572,25.46,75.77,24.28,84.43,49.2,2025.0,2
2025-02-02 20:00:00,9573,25.04,78.0,23.93,87.47,60.1,2025.0,2
2025-02-02 21:00:00,9574,24.62,79.4,23.6,89.27,50.62,2025.0,2
2025-02-02 22:00:00,9575,24.5,79.97,23.37,90.63,62.41,2025.0,2
2025-02-02 23:00:00,9576,24.2,80.6,23.1,91.07,54.4,2025.0,2
2025-02-03 00:00:00,9577,23.85,81.04,22.89,91.25,36.85,2025.0,2
2025-02-03 01:00:00,9578,23.64,81.73,22.63,91.57,38.23,2025.0,2
2025-02-03 02:00:00,9579,23.45,83.83,22.27,93.93,48.42,2025.0,2
2025-02-03 03:00:00,9580,23.4,84.0,22.37,93.33,43.17,2025.0,2
2025-02-03 04:00:00,9581,23.29,84.63,22.01,95.3,47.48,2025.0,2
2025-02-03 05:00:00,9582,22.86,85.0,21.47,96.27,45.69,2025.0,2
2025-02-03 06:00:00,9583,23.3,82.73,22.41,91.47,53.42,2025.0,2
2025-02-03 07:00:00,9584,25.15,78.27,24.36,85.43,,2025.0,2
2025-02-03 08:00:00,9585,28.58,68.17,28.35,72.37,58.83,2025.0,2
2025-02-03 09:00:00,9586,31.05,60.63,29.58,67.7,45.23,2025.0,2
2025-02-03 10:00:00,9587,32.81,55.73,31.69,61.67,44.27,2025.0,2
2025-02-03 11:00:00,9588,33.18,53.3,31.68,59.8,36.8,2025.0,2
2025-02-03 12:00:00,9589,33.91,48.96,31.8,55.57,35.79,2025.0,2
2025-02-03 13:00:00,9590,34.0,48.93,32.1,56.13,38.77,2025.0,2
2025-02-03 14:00:00,9591,31.56,55.57,29.37,66.2,43.0,2025.0,2
2025-02-03 15:00:00,9592,30.46,58.23,28.9,67.87,48.2,2025.0,2
2025-02-03 16:00:00,9593,29.57,60.97,27.94,71.67,57.47,2025.0,2
2025-02-03 17:00:00,9594,28.31,64.77,26.82,75.17,54.03,2025.0,2
2025-02-03 18:00:00,9595,26.29,71.93,25.24,81.23,60.8,2025.0,2
2025-02-03 19:00:00,9596,25.53,76.93,24.6,86.0,,2025.0,2
2025-02-03 20:00:00,9597,25.03,78.87,24.11,88.53,65.29,2025.0,2
2025-02-03 21:00:00,9598,24.79,79.93,23.89,89.47,49.47,2025.0,2
2025-02-03 22:00:00,9599,24.53,80.47,23.68,90.37,48.51,2025.0,2
2025-02-03 23:00:00,9600,24.24,81.93,23.31,92.5,47.97,2025.0,2
2025-02-04 00:00:00,9601,24.0,82.38,23.03,93.24,43.5,2025.0,2
2025-02-04 01:00:00,9602,23.81,82.17,22.93,92.33,39.37,2025.0,2
2025-02-04 02:00:00,9603,23.73,81.8,22.74,92.07,50.05,2025.0,2
2025-02-04 03:00:00,9604,23.59,82.67,22.68,91.17,41.21,2025.0,2
2025-02-04 04:00:00,9605,23.56,82.03,22.63,90.2,39.42,2025.0,2
2025-02-04 05:00:00,9606,23.28,81.9,22.32,90.47,32.58,2025.0,2
2025-02-04 06:00:00,9607,23.7,79.0,22.99,85.7,41.49,2025.0,2
2025-02-04 07:00:00,9608,25.41,72.07,24.88,76.9,47.23,2025.0,2
2025-02-04 08:00:00,9609,27.6,63.23,26.9,68.3,38.63,2025.0,2
2025-02-04 09:00:00,9610,29.15,59.03,28.36,64.3,33.77,2025.0,2
2025-02-04 10:00:00,9611,30.46,56.17,29.27,62.13,33.27,2025.0,2
2025-02-04 11:00:00,9612,31.26,55.03,30.02,60.4,37.03,2025.0,2
2025-02-04 12:00:00,9613,32.11,53.55,30.56,61.0,37.79,2025.0,2
2025-02-04 13:00:00,9614,32.62,53.53,30.63,62.43,41.07,2025.0,2
2025-02-04 14:00:00,9615,31.83,56.37,30.16,65.43,44.37,2025.0,2
2025-02-04 15:00:00,9616,29.98,62.27,28.42,73.6,50.1,2025.0,2
2025-02-04 16:00:00,9617,29.15,60.57,27.85,69.47,32.3,2025.0,2
2025-02-04 17:00:00,9618,27.92,61.1,26.76,69.37,32.07,2025.0,2
2025-02-04 18:00:00,9619,26.62,64.9,25.75,73.33,26.3,2025.0,2
2025-02-04 19:00:00,9620,25.91,66.57,25.19,73.6,22.03,2025.0,2
2025-02-04 20:00:00,9621,25.64,68.2,24.76,75.9,28.9,2025.0,2
2025-02-04 21:00:00,9622,24.35,76.1,23.16,86.33,38.2,2025.0,2
2025-02-04 22:00:00,9623,24.09,76.87,23.16,85.67,40.33,2025.0,2
2025-02-04 23:00:00,9624,24.45,71.33,23.79,77.83,25.23,2025.0,2
2025-02-05 00:00:00,9625,24.81,70.5,23.99,77.57,14.18,2025.0,2
2025-02-05 01:00:00,9626,24.66,69.27,23.9,76.07,20.07,2025.0,2
2025-02-05 02:00:00,9627,24.7,67.33,23.94,73.9,25.73,2025.0,2
2025-02-05 03:00:00,9628,24.5,68.2,23.49,75.9,13.27,2025.0,2
2025-02-05 04:00:00,9629,23.69,73.37,22.52,81.6,21.53,2025.0,2
2025-02-05 05:00:00,9630,23.16,76.83,21.79,85.43,25.2,2025.0,2
2025-02-05 06:00:00,9631,24.94,72.8,24.56,78.3,31.67,2025.0,2
2025-02-05 07:00:00,9632,27.84,63.4,25.89,73.63,21.43,2025.0,2
2025-02-05 08:00:00,9633,28.13,62.67,27.66,68.43,26.87,2025.0,2
2025-02-05 09:00:00,9634,29.99,57.17,29.04,63.73,26.17,2025.0,2
2025-02-05 10:00:00,9635,31.46,55.17,30.32,61.2,23.23,2025.0,2
2025-02-05 11:00:00,9636,31.76,54.33,30.5,61.13,20.3,2025.0,2
2025-02-05 12:00:00,9637,31.46,56.11,29.86,64.68,15.25,2025.0,2
2025-02-05 13:00:00,9638,31.67,54.67,29.57,64.6,16.9,2025.0,2
2025-02-05 14:00:00,9639,27.48,69.87,24.16,94.53,27.47,2025.0,2
2025-02-05 15:00:00,9640,25.37,76.4,23.12,97.73,25.93,2025.0,2
2025-02-05 16:00:00,9641,29.62,62.63,26.25,82.63,21.6,2025.0,2
2025-02-05 17:00:00,9642,28.64,61.93,26.26,74.43,25.8,2025.0,2
2025-02-05 18:00:00,9643,25.87,68.7,24.7,77.9,31.43,2025.0,2
2025-02-05 19:00:00,9644,25.2,67.9,24.36,75.73,25.77,2025.0,2
2025-02-05 20:00:00,9645,24.96,68.83,23.94,77.3,32.73,2025.0,2
2025-02-05 21:00:00,9646,24.45,72.03,23.1,81.93,43.93,2025.0,2
2025-02-05 22:00:00,9647,24.12,73.4,22.91,82.87,38.73,2025.0,2
2025-02-05 23:00:00,9648,24.14,73.3,22.96,82.23,46.93,2025.0,2
2025-02-06 00:00:00,9649,23.96,73.93,22.65,83.39,39.39,2025.0,2
2025-02-06 01:00:00,9650,23.32,77.43,22.1,85.83,41.87,2025.0,2
2025-02-06 02:00:00,9651,23.02,78.6,21.97,86.6,46.37,2025.0,2
2025-02-06 03:00:00,9652,22.82,79.63,21.81,87.83,30.15,2025.0,2
2025-02-06 04:00:00,9653,22.93,79.8,22.0,87.77,22.7,2025.0,2
2025-02-06 05:00:00,9654,23.02,80.13,22.15,87.8,19.65,2025.0,2
2025-02-06 06:00:00,9655,23.39,80.27,22.56,87.87,41.4,2025.0,2
2025-02-06 07:00:00,9656,25.62,75.1,24.89,81.57,47.1,2025.0,2
2025-02-06 08:00:00,9657,26.41,72.1,25.33,79.87,35.0,2025.0,2
2025-02-06 09:00:00,9658,25.51,75.03,24.8,81.63,33.73,2025.0,2
2025-02-06 10:00:00,9659,27.72,68.17,27.16,74.53,31.87,2025.0,2
2025-02-06 11:00:00,9660,28.35,65.77,27.25,73.5,31.7,2025.0,2
2025-02-06 12:00:00,9661,27.75,67.17,26.49,76.23,32.9,2025.0,2
2025-02-06 13:00:00,9662,27.71,67.1,26.81,74.9,35.0,2025.0,2
2025-02-06 14:00:00,9663,28.2,65.43,26.86,74.4,35.4,2025.0,2
2025-02-06 15:00:00,9664,28.01,66.27,26.66,75.43,38.73,2025.0,2
2025-02-06 16:00:00,9665,28.75,64.1,27.46,72.93,40.67,2025.0,2
2025-02-06 17:00:00,9666,28.69,63.7,25.82,77.5,41.23,2025.0,2
2025-02-06 18:00:00,9667,25.34,75.4,23.9,85.97,51.27,2025.0,2
2025-02-06 19:00:00,9668,24.29,78.97,23.26,89.33,52.7,2025.0,2
2025-02-06 20:00:00,9669,24.21,79.93,23.3,90.07,40.77,2025.0,2
2025-02-06 21:00:00,9670,24.03,80.7,22.99,91.37,38.95,2025.0,2
2025-02-06 22:00:00,9671,23.51,83.23,22.38,93.63,43.51,2025.0,2
2025-02-06 23:00:00,9672,23.06,84.83,21.93,95.5,50.43,2025.0,2
2025-02-07 00:00:00,9673,23.19,84.14,22.19,93.48,62.73,2025.0,2
2025-02-07 01:00:00,9674,22.79,85.4,21.45,96.87,51.1,2025.0,2
2025-02-07 02:00:00,9675,22.18,84.73,21.09,94.83,37.74,2025.0,2
2025-02-07 03:00:00,9676,22.39,83.43,21.27,93.33,35.35,2025.0,2
2025-02-07 04:00:00,9677,22.74,82.53,21.54,92.2,42.68,2025.0,2
2025-02-07 05:00:00,9678,22.65,86.43,21.48,97.5,33.59,2025.0,2
2025-02-07 06:00:00,9679,22.54,87.63,21.35,99.4,27.74,2025.0,2
2025-02-07 07:00:00,9680,23.05,86.53,22.12,97.27,28.01,2025.0,2
2025-02-07 08:00:00,9681,24.14,81.67,23.26,91.03,30.98,2025.0,2
2025-02-07 09:00:00,9682,25.85,76.8,25.51,82.6,36.41,2025.0,2
2025-02-07 10:00:00,9683,28.57,66.9,27.38,73.7,36.97,2025.0,2
2025-02-07 11:00:00,9684,29.93,63.13,28.87,69.57,37.37,2025.0,2
2025-02-07 12:00:00,9685,30.97,59.76,29.09,69.1,35.72,2025.0,2
2025-02-07 13:00:00,9686,33.32,54.1,30.73,63.83,34.7,2025.0,2
2025-02-07 14:00:00,9687,31.96,56.53,30.63,64.33,43.27,2025.0,2
2025-02-07 15:00:00,9688,33.06,53.53,30.52,63.7,40.97,2025.0,2
2025-02-07 16:00:00,9689,29.31,61.67,27.61,72.53,58.1,2025.0,2
2025-02-07 17:00:00,9690,29.35,63.83,27.07,76.93,60.43,2025.0,2
2025-02-07 18:00:00,9691,26.19,74.0,24.8,84.63,50.87,2025.0,2
2025-02-07 19:00:00,9692,25.39,77.5,24.17,87.73,63.53,2025.0,2
2025-02-07 20:00:00,9693,24.89,79.5,23.87,90.03,60.64,2025.0,2
2025-02-07 21:00:00,9694,24.97,79.1,23.81,89.57,63.61,2025.0,2
2025-02-07 22:00:00,9695,24.51,80.07,23.06,92.1,45.6,2025.0,2
2025-02-07 23:00:00,9696,24.36,81.0,23.31,91.59,47.2,2025.0,2
2025-02-08 00:00:00,9697,24.33,81.86,23.07,93.79,42.66,2025.0,2
2025-02-08 01:00:00,9698,23.96,83.0,22.83,94.67,41.7,2025.0,2
2025-02-08 02:00:00,9699,23.83,83.77,22.62,95.7,42.48,2025.0,2
2025-02-08 03:00:00,9700,23.28,86.67,21.66,100.0,37.21,2025.0,2
2025-02-08 04:00:00,9701,23.02,87.3,21.7,99.63,35.98,2025.0,2
2025-02-08 05:00:00,9702,22.96,88.0,21.48,100.0,39.02,2025.0,2
2025-02-08 06:00:00,9703,24.49,83.97,24.09,91.3,45.74,2025.0,2
2025-02-08 07:00:00,9704,30.53,66.27,28.83,74.03,60.03,2025.0,2
2025-02-08 08:00:00,9705,28.56,62.7,27.14,70.6,26.07,2025.0,2
2025-02-08 09:00:00,9706,30.24,59.0,29.34,65.37,25.7,2025.0,2
2025-02-08 10:00:00,9707,33.16,53.1,31.74,59.4,33.13,2025.0,2
2025-02-08 11:00:00,9708,32.61,53.9,30.88,62.03,35.47,2025.0,2
2025-02-08 12:00:00,9709,32.06,55.36,29.85,65.5,32.5,2025.0,2
2025-02-08 13:00:00,9710,32.31,54.6,30.58,63.53,34.27,2025.0,2
2025-02-08 14:00:00,9711,33.57,52.67,32.64,58.8,38.43,2025.0,2
2025-02-08 15:00:00,9712,32.97,53.67,30.61,64.4,41.1,2025.0,2
2025-02-08 16:00:00,9713,30.7,58.73,28.33,71.07,53.33,2025.0,2
2025-02-08 17:00:00,9714,27.63,68.27,25.89,81.07,53.8,2025.0,2
2025-02-08 18:00:00,9715,26.39,71.87,25.09,82.43,57.6,2025.0,2
2025-02-08 19:00:00,9716,25.78,75.9,24.41,86.37,,2025.0,2
2025-02-08 20:00:00,9717,25.17,78.07,23.99,88.47,,2025.0,2
2025-02-08 21:00:00,9718,24.81,79.0,23.56,90.0,,2025.0,2
2025-02-08 22:00:00,9719,24.51,80.57,23.0,93.17,,2025.0,2
2025-02-08 23:00:00,9720,24.13,82.27,22.85,94.7,,2025.0,2
2025-02-09 00:00:00,9721,23.72,83.71,22.47,96.29,,2025.0,2
2025-02-09 01:00:00,9722,23.91,83.13,22.71,95.0,50.58,2025.0,2
2025-02-09 02:00:00,9723,23.72,84.33,22.41,96.4,48.98,2025.0,2
2025-02-09 03:00:00,9724,23.53,85.93,22.1,97.97,49.31,2025.0,2
2025-02-09 04:00:00,9725,22.97,86.07,21.64,97.87,58.96,2025.0,2
2025-02-09 05:00:00,9726,22.26,86.57,20.94,98.23,45.67,2025.0,2
2025-02-09 06:00:00,9727,24.27,81.9,23.38,90.0,56.85,2025.0,2
2025-02-09 07:00:00,9728,26.04,76.9,24.55,86.33,,2025.0,2
2025-02-09 08:00:00,9729,30.61,62.93,29.68,68.23,66.17,2025.0,2
2025-02-09 09:00:00,9730,31.86,57.9,30.34,64.97,45.73,2025.0,2
2025-02-09 10:00:00,9731,32.68,55.17,31.3,62.1,39.5,2025.0,2
2025-02-09 11:00:00,9732,33.39,53.63,31.62,61.4,38.27,2025.0,2
2025-02-09 12:00:00,9733,34.31,50.32,31.51,60.5,30.07,2025.0,2
2025-02-09 13:00:00,9734,34.32,50.57,31.96,60.0,34.4,2025.0,2
2025-02-09 14:00:00,9735,33.03,53.27,31.12,62.93,35.57,2025.0,2
2025-02-09 15:00:00,9736,31.6,56.67,29.7,67.4,39.33,2025.0,2
2025-02-09 16:00:00,9737,29.7,61.4,28.01,72.43,51.8,2025.0,2
2025-02-09 17:00:00,9738,27.56,69.1,26.05,80.7,49.07,2025.0,2
2025-02-09 18:00:00,9739,25.83,75.13,24.65,85.1,49.5,2025.0,2
2025-02-09 19:00:00,9740,25.09,78.3,24.07,88.3,51.73,2025.0,2
2025-02-09 20:00:00,9741,24.8,79.03,23.83,89.17,51.22,2025.0,2
2025-02-09 21:00:00,9742,24.92,79.07,23.9,89.43,49.43,2025.0,2
2025-02-09 22:00:00,9743,24.71,80.07,23.54,91.03,38.0,2025.0,2
2025-02-09 23:00:00,9744,24.27,81.9,23.03,93.83,38.01,2025.0,2
2025-02-10 00:00:00,9745,23.73,84.17,22.48,96.66,36.09,2025.0,2
2025-02-10 01:00:00,9746,23.49,86.77,22.3,98.0,42.14,2025.0,2
2025-02-10 02:00:00,9747,23.42,86.4,22.28,97.0,48.87,2025.0,2
2025-02-10 03:00:00,9748,23.04,84.4,21.91,94.43,34.37,2025.0,2
2025-02-10 04:00:00,9749,22.79,83.97,21.62,93.9,31.69,2025.0,2
2025-02-10 05:00:00,9750,22.72,83.73,21.41,94.23,39.73,2025.0,2
2025-02-10 06:00:00,9751,22.89,82.13,22.09,90.47,44.51,2025.0,2
2025-02-10 07:00:00,9752,26.94,71.7,26.02,77.77,54.37,2025.0,2
2025-02-10 08:00:00,9753,27.51,71.1,26.07,79.77,51.2,2025.0,2
2025-02-10 09:00:00,9754,28.01,68.93,26.96,76.2,48.17,2025.0,2
2025-02-10 10:00:00,9755,30.0,62.67,29.05,69.27,44.7,2025.0,2
2025-02-10 11:00:00,9756,32.49,56.17,31.17,62.73,42.1,2025.0,2
2025-02-10 12:00:00,9757,34.03,52.24,31.64,61.03,43.66,2025.0,2
2025-02-10 13:00:00,9758,34.96,48.27,32.66,57.07,40.93,2025.0,2
2025-02-10 14:00:00,9759,33.94,50.97,31.36,61.4,41.53,2025.0,2
2025-02-10 15:00:00,9760,32.85,54.57,30.94,64.73,44.9,2025.0,2
2025-02-10 16:00:00,9761,32.25,56.8,29.41,70.33,47.13,2025.0,2
2025-02-10 17:00:00,9762,28.52,66.6,26.6,79.47,52.63,2025.0,2
2025-02-10 18:00:00,9763,26.11,75.1,24.91,85.6,57.73,2025.0,2
2025-02-10 19:00:00,9764,25.66,76.97,24.69,86.13,55.4,2025.0,2
2025-02-10 20:00:00,9765,25.41,78.23,24.16,88.77,59.63,2025.0,2
2025-02-10 21:00:00,9766,25.01,79.0,23.8,89.87,,2025.0,2
2025-02-10 22:00:00,9767,24.73,80.23,23.47,91.73,55.67,2025.0,2
2025-02-10 23:00:00,9768,24.19,81.9,22.99,93.8,50.36,2025.0,2
2025-02-11 00:00:00,9769,23.89,82.89,22.44,96.11,66.21,2025.0,2
2025-02-11 01:00:00,9770,23.59,84.33,22.01,97.63,60.21,2025.0,2
2025-02-11 02:00:00,9771,23.11,84.77,21.52,97.1,62.2,2025.0,2
2025-02-11 03:00:00,9772,22.6,83.93,21.08,95.77,63.07,2025.0,2
2025-02-11 04:00:00,9773,22.03,85.03,20.54,97.47,56.95,2025.0,2
2025-02-11 05:00:00,9774,21.62,82.8,20.3,93.2,41.41,2025.0,2
2025-02-11 06:00:00,9775,22.23,81.43,21.31,89.63,44.09,2025.0,2
2025-02-11 07:00:00,9776,25.43,71.73,24.51,77.9,,2025.0,2
2025-02-11 08:00:00,9777,30.82,57.47,29.42,62.77,,2025.0,2
2025-02-11 09:00:00,9778,33.26,50.73,30.57,58.87,63.83,2025.0,2
2025-02-11 10:00:00,9779,32.81,51.43,31.24,58.3,45.63,2025.0,2
2025-02-11 11:00:00,9780,35.3,47.73,33.16,54.9,41.07,2025.0,2
2025-02-11 12:00:00,9781,35.68,46.41,32.88,55.48,39.07,2025.0,2
2025-02-11 13:00:00,9782,36.65,44.3,33.78,52.8,38.93,2025.0,2
2025-02-11 14:00:00,9783,36.77,43.47,35.12,49.3,36.13,2025.0,2
2025-02-11 15:00:00,9784,37.82,42.2,34.34,51.73,38.27,2025.0,2
2025-02-11 16:00:00,9785,32.91,49.17,30.43,60.17,39.7,2025.0,2
2025-02-11 17:00:00,9786,31.06,53.23,29.15,63.2,47.53,2025.0,2
2025-02-11 18:00:00,9787,28.63,62.37,27.0,74.03,,2025.0,2
2025-02-11 19:00:00,9788,27.33,71.87,25.85,84.1,,2025.0,2
2025-02-11 20:00:00,9789,26.3,60.93,24.94,69.77,46.13,2025.0,2
2025-02-11 21:00:00,9790,25.47,60.17,24.34,67.93,37.03,2025.0,2
2025-02-11 22:00:00,9791,25.11,59.3,24.0,66.93,43.13,2025.0,2
2025-02-11 23:00:00,9792,24.52,60.93,23.37,69.2,42.47,2025.0,2
2025-02-12 00:00:00,9793,24.5,60.9,23.5,68.52,38.72,2025.0,2
2025-02-12 01:00:00,9794,24.05,62.4,22.95,70.7,43.23,2025.0,2
2025-02-12 02:00:00,9795,23.74,63.1,22.76,71.17,38.33,2025.0,2
2025-02-12 03:00:00,9796,23.32,66.8,21.83,76.17,35.93,2025.0,2
2025-02-12 04:00:00,9797,22.25,73.8,20.69,84.0,49.13,2025.0,2
2025-02-12 05:00:00,9798,21.58,76.47,20.03,87.2,,2025.0,2
2025-02-12 06:00:00,9799,22.25,76.8,21.28,84.77,,2025.0,2
2025-02-12 07:00:00,9800,26.8,63.9,25.71,71.07,,2025.0,2
2025-02-12 08:00:00,9801,30.32,54.73,29.36,59.9,63.67,2025.0,2
2025-02-12 09:00:00,9802,35.01,44.8,33.97,48.07,44.63,2025.0,2
2025-02-12 10:00:00,9803,34.02,44.97,33.33,48.4,10.0,2025.0,2
2025-02-12 11:00:00,9804,34.64,43.07,33.73,46.37,12.1,2025.0,2
2025-02-12 12:00:00,9805,34.77,41.39,33.67,45.21,16.82,2025.0,2
2025-02-12 13:00:00,9806,35.09,41.67,33.83,46.63,15.03,2025.0,2
2025-02-12 14:00:00,9807,32.99,47.67,32.53,53.33,24.87,2025.0,2
2025-02-12 15:00:00,9808,34.29,46.13,33.05,52.5,21.13,2025.0,2
2025-02-12 16:00:00,9809,33.65,44.93,31.86,52.0,10.77,2025.0,2
2025-02-12 17:00:00,9810,31.49,48.87,29.29,58.73,19.7,2025.0,2
2025-02-12 18:00:00,9811,28.14,56.47,26.79,65.97,29.9,2025.0,2
2025-02-12 19:00:00,9812,27.64,63.33,25.98,75.4,44.0,2025.0,2
2025-02-12 20:00:00,9813,26.52,65.2,25.02,76.9,46.17,2025.0,2
2025-02-12 21:00:00,9814,25.97,70.1,24.48,80.97,55.77,2025.0,2
2025-02-12 22:00:00,9815,25.28,69.43,24.07,79.07,48.03,2025.0,2
2025-02-12 23:00:00,9816,24.91,71.83,23.66,81.7,53.47,2025.0,2
2025-02-13 00:00:00,9817,24.5,74.34,22.87,85.93,,2025.0,2
2025-02-13 01:00:00,9818,23.91,77.67,22.41,89.8,,2025.0,2
2025-02-13 02:00:00,9819,23.59,81.13,22.15,93.6,68.31,2025.0,2
2025-02-13 03:00:00,9820,23.44,82.13,22.12,93.07,59.79,2025.0,2
2025-02-13 04:00:00,9821,23.13,82.27,21.66,94.07,56.08,2025.0,2
2025-02-13 05:00:00,9822,22.97,82.3,21.57,93.7,50.88,2025.0,2
2025-02-13 06:00:00,9823,23.5,81.77,22.37,91.97,65.06,2025.0,2
2025-02-13 07:00:00,9824,27.05,70.3,26.52,75.7,,2025.0,2
2025-02-13 08:00:00,9825,31.22,59.41,30.22,65.52,,2025.0,2
2025-02-13 09:00:00,9826,34.66,49.8,33.05,55.7,62.9,2025.0,2
2025-02-13 10:00:00,9827,33.95,48.7,32.7,54.07,36.87,2025.0,2
2025-02-13 11:00:00,9828,35.15,44.67,34.11,48.67,,2025.0,2
2025-02-13 12:00:00,9829,34.62,45.21,32.82,51.64,,2025.0,2
2025-02-13 13:00:00,9830,36.53,43.13,34.99,48.2,,2025.0,2
2025-02-13 14:00:00,9831,35.83,43.2,34.5,48.77,,2025.0,2
2025-02-13 15:00:00,9832,30.91,53.03,29.03,63.83,21.47,2025.0,2
2025-02-13 16:00:00,9833,29.11,58.43,27.54,69.61,31.32,2025.0,2
2025-02-13 17:00:00,9834,27.33,66.4,25.92,78.13,42.87,2025.0,2
2025-02-13 18:00:00,9835,26.17,72.0,25.1,81.9,40.97,2025.0,2
2025-02-13 19:00:00,9836,25.71,74.67,24.5,84.67,38.73,2025.0,2
2025-02-13 20:00:00,9837,25.37,77.03,24.23,87.2,47.33,2025.0,2
2025-02-13 21:00:00,9838,25.58,77.07,24.31,87.4,47.43,2025.0,2
2025-02-13 22:00:00,9839,25.11,78.83,23.89,89.7,50.14,2025.0,2
2025-02-13 23:00:00,9840,24.79,80.0,23.52,91.4,30.55,2025.0,2
2025-02-14 00:00:00,9841,24.58,80.86,23.24,92.82,28.24,2025.0,2
2025-02-14 01:00:00,9842,24.4,81.8,22.92,94.77,36.31,2025.0,2
2025-02-14 02:00:00,9843,24.04,82.93,22.72,95.7,41.7,2025.0,2
2025-02-14 03:00:00,9844,24.0,81.53,22.74,92.87,45.27,2025.0,2
2025-02-14 04:00:00,9845,23.51,80.87,22.15,91.43,40.57,2025.0,2
2025-02-14 05:00:00,9846,23.66,80.3,22.5,90.03,43.07,2025.0,2
2025-02-14 06:00:00,9847,24.8,77.53,24.3,84.37,61.93,2025.0,2
2025-02-14 07:00:00,9848,31.16,60.73,30.2,65.63,50.07,2025.0,2
2025-02-14 08:00:00,9849,37.2,47.43,35.01,53.23,38.8,2025.0,2
2025-02-14 09:00:00,9850,38.03,44.47,35.09,52.3,41.5,2025.0,2
2025-02-14 10:00:00,9851,38.99,41.73,36.09,48.33,46.57,2025.0,2
2025-02-14 11:00:00,9852,39.17,40.37,35.42,49.1,41.23,2025.0,2
2025-02-14 12:00:00,9853,37.32,42.37,34.14,51.93,27.11,2025.0,2
2025-02-14 13:00:00,9854,37.13,43.4,34.9,51.37,25.4,2025.0,2
2025-02-14 14:00:00,9855,32.87,50.73,30.48,62.27,30.6,2025.0,2
2025-02-14 15:00:00,9856,29.74,58.6,28.13,70.1,34.7,2025.0,2
2025-02-14 16:00:00,9857,26.65,68.4,25.45,79.93,39.87,2025.0,2
2025-02-14 17:00:00,9858,26.27,73.0,24.24,89.47,33.23,2025.0,2
2025-02-14 18:00:00,9859,24.4,80.73,22.2,100.0,29.37,2025.0,2
2025-02-14 19:00:00,9860,23.28,84.73,21.35,100.0,20.81,2025.0,2
2025-02-14 20:00:00,9861,23.04,86.87,21.42,100.0,26.6,2025.0,2
2025-02-14 21:00:00,9862,23.27,87.03,21.53,100.0,26.49,2025.0,2
2025-02-14 22:00:00,9863,23.39,87.0,21.54,100.0,29.97,2025.0,2
2025-02-14 23:00:00,9864,23.29,87.93,21.56,100.0,38.73,2025.0,2
2025-02-15 00:00:00,9865,22.99,88.52,21.39,100.0,35.49,2025.0,2
2025-02-15 01:00:00,9866,23.07,88.3,21.31,100.0,39.93,2025.0,2
2025-02-15 02:00:00,9867,22.94,87.07,21.06,100.0,37.14,2025.0,2
2025-02-15 03:00:00,9868,22.64,87.67,20.86,100.0,38.73,2025.0,2
2025-02-15 04:00:00,9869,22.38,88.0,20.66,100.0,44.73,2025.0,2
2025-02-15 05:00:00,9870,22.24,87.6,20.49,100.0,47.75,2025.0,2
2025-02-15 06:00:00,9871,23.11,84.57,21.8,100.0,35.25,2025.0,2
2025-02-15 07:00:00,9872,28.76,69.37,25.99,98.07,57.73,2025.0,2
2025-02-15 08:00:00,9873,32.16,59.33,29.61,77.9,54.67,2025.0,2
2025-02-15 09:00:00,9874,36.57,48.87,34.49,55.3,56.73,2025.0,2
2025-02-15 10:00:00,9875,36.0,46.13,33.8,53.0,29.17,2025.0,2
2025-02-15 11:00:00,9876,35.53,45.47,33.69,52.33,19.17,2025.0,2
2025-02-15 12:00:00,9877,34.51,47.26,31.81,57.44,22.19,2025.0,2
2025-02-15 13:00:00,9878,30.56,56.37,29.05,65.9,31.53,2025.0,2
2025-02-15 14:00:00,9879,30.96,56.5,30.31,63.83,43.93,2025.0,2
2025-02-15 15:00:00,9880,30.63,58.97,28.62,70.37,43.47,2025.0,2
2025-02-15 16:00:00,9881,27.53,67.23,26.11,78.4,46.77,2025.0,2
2025-02-15 17:00:00,9882,26.29,72.1,25.07,82.23,44.53,2025.0,2
2025-02-15 18:00:00,9883,25.58,76.73,24.37,87.07,55.0,2025.0,2
2025-02-15 19:00:00,9884,25.28,78.27,24.11,88.7,59.67,2025.0,2
2025-02-15 20:00:00,9885,25.15,79.13,24.0,90.07,,2025.0,2
2025-02-15 21:00:00,9886,24.81,80.7,23.67,92.23,63.85,2025.0,2
2025-02-15 22:00:00,9887,24.68,81.43,23.52,92.97,51.75,2025.0,2
2025-02-15 23:00:00,9888,24.66,81.67,23.62,92.5,45.05,2025.0,2
2025-02-16 00:00:00,9889,24.31,82.46,22.99,94.65,48.47,2025.0,2
2025-02-16 01:00:00,9890,23.82,84.03,22.4,97.07,54.87,2025.0,2
2025-02-16 02:00:00,9891,23.42,85.97,21.98,98.23,62.13,2025.0,2
2025-02-16 03:00:00,9892,23.34,85.67,22.05,96.67,56.59,2025.0,2
2025-02-16 04:00:00,9893,23.13,85.83,21.87,97.13,44.4,2025.0,2
2025-02-16 05:00:00,9894,23.13,86.57,21.73,98.6,53.91,2025.0,2
2025-02-16 06:00:00,9895,23.56,85.33,22.52,95.63,60.93,2025.0,2
2025-02-16 07:00:00,9896,25.6,76.93,24.74,84.23,,2025.0,2
2025-02-16 08:00:00,9897,28.78,68.23,28.23,73.63,54.07,2025.0,2
2025-02-16 09:00:00,9898,32.81,56.03,31.51,61.63,40.6,2025.0,2
2025-02-16 10:00:00,9899,32.32,55.57,31.14,62.0,33.13,2025.0,2
2025-02-16 11:00:00,9900,33.8,51.63,32.43,57.9,26.53,2025.0,2
2025-02-16 12:00:00,9901,33.62,51.45,31.68,59.38,29.0,2025.0,2
2025-02-16 13:00:00,9902,31.83,55.6,29.88,65.47,33.0,2025.0,2
2025-02-16 14:00:00,9903,30.57,60.0,29.31,69.33,36.8,2025.0,2
2025-02-16 15:00:00,9904,27.54,69.9,25.6,83.07,35.9,2025.0,2
2025-02-16 16:00:00,9905,25.34,76.86,24.35,86.59,39.38,2025.0,2
2025-02-16 17:00:00,9906,25.26,79.47,24.25,90.0,42.39,2025.0,2
2025-02-16 18:00:00,9907,25.02,80.8,23.84,92.53,46.39,2025.0,2
2025-02-16 19:00:00,9908,24.36,83.23,23.28,95.57,35.64,2025.0,2
2025-02-16 20:00:00,9909,24.05,84.67,22.65,98.83,61.89,2025.0,2
2025-02-16 21:00:00,9910,24.13,85.43,22.49,100.0,34.17,2025.0,2
2025-02-16 22:00:00,9911,24.08,86.0,22.33,100.0,41.36,2025.0,2
2025-02-16 23:00:00,9912,23.79,86.83,22.19,100.0,38.5,2025.0,2
2025-02-17 00:00:00,9913,23.54,88.32,22.23,100.0,38.89,2025.0,2
2025-02-17 01:00:00,9914,23.5,89.07,22.13,100.0,41.72,2025.0,2
2025-02-17 02:00:00,9915,23.51,89.0,22.01,100.0,40.89,2025.0,2
2025-02-17 03:00:00,9916,23.3,89.1,21.86,100.0,44.93,2025.0,2
2025-02-17 04:00:00,9917,22.99,90.0,21.72,100.0,46.68,2025.0,2
2025-02-17 05:00:00,9918,22.98,89.63,21.72,100.0,48.93,2025.0,2
2025-02-17 06:00:00,9919,23.25,88.33,22.19,99.0,43.46,2025.0,2
2025-02-17 07:00:00,9920,24.81,82.37,24.05,91.33,41.18,2025.0,2
2025-02-17 08:00:00,9921,28.84,70.6,27.75,77.33,60.13,2025.0,2
2025-02-17 09:00:00,9922,33.67,55.27,32.16,60.8,37.37,2025.0,2
2025-02-17 10:00:00,9923,33.86,51.63,31.76,58.63,15.97,2025.0,2
2025-02-17 11:00:00,9924,34.01,51.63,32.61,58.2,11.43,2025.0,2
2025-02-17 12:00:00,9925,35.16,49.14,32.72,58.75,11.46,2025.0,2
2025-02-17 13:00:00,9926,32.9,53.2,29.86,66.13,29.04,2025.0,2
2025-02-17 14:00:00,9927,23.03,83.3,21.18,99.97,26.44,2025.0,2
2025-02-17 15:00:00,9928,22.86,84.6,21.07,100.0,22.29,2025.0,2
2025-02-17 16:00:00,9929,22.19,86.33,20.65,100.0,18.31,2025.0,2
2025-02-17 17:00:00,9930,22.62,86.67,20.82,100.0,25.01,2025.0,2
2025-02-17 18:00:00,9931,22.75,87.53,20.94,100.0,32.09,2025.0,2
2025-02-17 19:00:00,9932,22.67,88.1,20.96,100.0,32.49,2025.0,2
2025-02-17 20:00:00,9933,22.37,88.33,20.71,100.0,29.95,2025.0,2
2025-02-17 21:00:00,9934,22.24,89.13,20.76,100.0,34.3,2025.0,2
2025-02-17 22:00:00,9935,22.29,89.2,20.64,100.0,35.58,2025.0,2
2025-02-17 23:00:00,9936,22.31,89.87,20.76,100.0,52.55,2025.0,2
2025-02-18 00:00:00,9937,22.25,90.0,20.68,100.0,52.86,2025.0,2
2025-02-18 01:00:00,9938,21.92,90.43,20.44,100.0,40.33,2025.0,2
2025-02-18 02:00:00,9939,21.83,90.73,20.39,100.0,36.14,2025.0,2
2025-02-18 03:00:00,9940,21.61,90.0,20.04,100.0,32.25,2025.0,2
2025-02-18 04:00:00,9941,21.55,90.0,19.95,100.0,34.46,2025.0,2
2025-02-18 05:00:00,9942,21.38,90.23,19.87,100.0,35.53,2025.0,2
2025-02-18 06:00:00,9943,22.21,90.27,21.18,100.0,41.27,2025.0,2
2025-02-18 07:00:00,9944,25.63,79.6,23.75,100.0,56.56,2025.0,2
2025-02-18 08:00:00,9945,33.79,57.43,30.07,86.77,69.2,2025.0,2
2025-02-18 09:00:00,9946,35.29,50.63,33.13,58.0,56.53,2025.0,2
2025-02-18 10:00:00,9947,37.27,45.47,34.95,51.4,40.73,2025.0,2
2025-02-18 11:00:00,9948,37.29,43.9,33.99,52.6,35.2,2025.0,2
2025-02-18 12:00:00,9949,34.21,49.56,31.87,59.11,23.96,2025.0,2
2025-02-18 13:00:00,9950,28.3,62.9,26.69,74.6,17.43,2025.0,2
2025-02-18 14:00:00,9951,26.49,71.63,25.51,81.93,26.4,2025.0,2
2025-02-18 15:00:00,9952,25.77,74.27,24.52,84.5,36.83,2025.0,2
2025-02-18 16:00:00,9953,24.28,77.5,22.99,89.13,38.72,2025.0,2
2025-02-18 17:00:00,9954,22.94,83.23,21.32,97.8,22.42,2025.0,2
2025-02-18 18:00:00,9955,22.74,83.33,21.44,95.67,27.8,2025.0,2
2025-02-18 19:00:00,9956,22.7,85.57,20.89,100.0,26.4,2025.0,2
2025-02-18 20:00:00,9957,22.58,86.47,21.11,100.0,25.3,2025.0,2
2025-02-18 21:00:00,9958,22.74,86.03,21.31,99.03,52.01,2025.0,2
2025-02-18 22:00:00,9959,22.63,86.13,21.31,98.37,40.56,2025.0,2
2025-02-18 23:00:00,9960,22.72,86.5,21.29,98.9,35.2,2025.0,2
2025-02-19 00:00:00,9961,22.39,87.44,20.97,99.85,36.97,2025.0,2
2025-02-19 01:00:00,9962,22.16,88.0,20.66,100.0,33.23,2025.0,2
2025-02-19 02:00:00,9963,22.03,88.43,20.7,100.0,38.73,2025.0,2
2025-02-19 03:00:00,9964,22.07,89.0,20.74,100.0,45.63,2025.0,2
2025-02-19 04:00:00,9965,21.84,89.0,20.36,100.0,37.36,2025.0,2
2025-02-19 05:00:00,9966,21.73,89.0,20.34,100.0,37.14,2025.0,2
2025-02-19 06:00:00,9967,22.12,88.9,21.1,99.13,42.12,2025.0,2
2025-02-19 07:00:00,9968,25.92,78.03,25.8,83.03,57.25,2025.0,2
2025-02-19 08:00:00,9969,31.74,59.73,29.6,67.53,53.9,2025.0,2
2025-02-19 09:00:00,9970,34.71,51.57,32.44,58.6,45.1,2025.0,2
2025-02-19 10:00:00,9971,35.25,48.4,33.58,54.4,34.57,2025.0,2
2025-02-19 11:00:00,9972,36.14,45.93,33.67,53.0,35.0,2025.0,2
2025-02-19 12:00:00,9973,32.9,50.85,30.95,59.85,20.63,2025.0,2
2025-02-19 13:00:00,9974,31.53,54.77,29.69,64.77,30.07,2025.0,2
2025-02-19 14:00:00,9975,29.61,59.57,28.4,69.2,63.57,2025.0,2
2025-02-19 15:00:00,9976,27.47,66.0,25.48,78.8,54.73,2025.0,2
2025-02-19 16:00:00,9977,24.43,77.4,23.29,88.43,56.0,2025.0,2
2025-02-19 17:00:00,9978,24.1,78.63,22.92,89.93,60.6,2025.0,2
2025-02-19 18:00:00,9979,23.59,82.3,22.25,94.57,43.21,2025.0,2
2025-02-19 19:00:00,9980,23.31,85.41,21.91,98.48,47.25,2025.0,2
2025-02-19 20:00:00,9981,23.33,86.93,21.89,100.0,42.37,2025.0,2
2025-02-19 21:00:00,9982,23.21,87.62,21.93,100.0,48.93,2025.0,2
2025-02-19 22:00:00,9983,23.25,88.0,21.88,100.0,58.85,2025.0,2
2025-02-19 23:00:00,9984,23.27,88.0,21.9,100.0,,2025.0,2
2025-02-20 00:00:00,9985,23.37,88.0,21.97,100.0,67.17,2025.0,2
2025-02-20 01:00:00,9986,23.04,88.47,21.51,100.0,51.84,2025.0,2
2025-02-20 02:00:00,9987,22.87,89.13,21.49,100.0,56.35,2025.0,2
2025-02-20 03:00:00,9988,22.84,89.63,21.42,100.0,48.53,2025.0,2
2025-02-20 04:00:00,9989,22.76,90.0,21.28,100.0,54.09,2025.0,2
2025-02-20 05:00:00,9990,22.28,90.63,20.89,100.0,53.78,2025.0,2
2025-02-20 06:00:00,9991,22.67,90.07,21.49,99.73,48.75,2025.0,2
2025-02-20 07:00:00,9992,24.66,82.87,23.82,91.43,53.75,2025.0,2
2025-02-20 08:00:00,9993,28.53,70.3,27.32,77.43,70.03,2025.0,2
2025-02-20 09:00:00,9994,34.24,52.57,32.93,56.23,41.4,2025.0,2
2025-02-20 10:00:00,9995,34.52,50.13,33.0,55.43,45.77,2025.0,2
2025-02-20 11:00:00,9996,36.19,46.1,33.34,53.97,43.9,2025.0,2
2025-02-20 12:00:00,9997,35.58,46.25,32.41,55.93,25.93,2025.0,2
2025-02-20 13:00:00,9998,35.89,45.7,33.67,53.7,28.5,2025.0,2
2025-02-20 14:00:00,9999,34.9,47.1,33.91,53.1,28.03,2025.0,2
2025-02-20 15:00:00,10000,35.96,45.97,33.93,53.63,32.7,2025.0,2
2025-02-20 16:00:00,10001,32.54,52.67,29.52,65.73,42.73,2025.0,2
2025-02-20 17:00:00,10002,28.88,63.0,27.24,75.2,61.37,2025.0,2
2025-02-20 18:00:00,10003,26.89,71.87,24.92,86.07,50.77,2025.0,2
2025-02-20 19:00:00,10004,24.96,81.27,22.58,100.0,32.34,2025.0,2
2025-02-20 20:00:00,10005,24.59,81.73,22.18,100.0,29.86,2025.0,2
2025-02-20 21:00:00,10006,23.96,80.87,21.95,100.0,25.93,2025.0,2
2025-02-20 22:00:00,10007,23.55,85.93,21.95,100.0,45.58,2025.0,2
2025-02-20 23:00:00,10008,23.58,86.43,21.77,100.0,34.15,2025.0,2
2025-02-21 00:00:00,10009,23.46,86.65,21.54,100.0,34.79,2025.0,2
2025-02-21 01:00:00,10010,23.13,88.7,21.47,100.0,38.44,2025.0,2
2025-02-21 02:00:00,10011,22.97,88.07,21.27,100.0,42.19,2025.0,2
2025-02-21 03:00:00,10012,22.88,86.93,21.1,100.0,34.35,2025.0,2
2025-02-21 04:00:00,10013,22.93,87.0,21.17,100.0,31.18,2025.0,2
2025-02-21 05:00:00,10014,22.89,87.47,21.25,100.0,35.29,2025.0,2
2025-02-21 06:00:00,10015,23.21,87.1,21.73,100.0,35.62,2025.0,2
2025-02-21 07:00:00,10016,26.52,77.83,24.28,99.97,61.76,2025.0,2
2025-02-21 08:00:00,10017,29.43,68.4,26.37,94.23,68.93,2025.0,2
2025-02-21 09:00:00,10018,31.87,60.03,29.9,69.67,70.7,2025.0,2
2025-02-21 10:00:00,10019,34.0,51.37,32.14,57.5,25.27,2025.0,2
2025-02-21 11:00:00,10020,32.05,54.1,29.86,63.03,28.03,2025.0,2
2025-02-21 12:00:00,10021,32.61,53.93,30.43,63.64,26.0,2025.0,2
2025-02-21 13:00:00,10022,35.48,48.77,33.52,56.6,24.63,2025.0,2
2025-02-21 14:00:00,10023,35.65,47.73,33.89,55.43,24.77,2025.0,2
2025-02-21 15:00:00,10024,32.74,53.7,29.98,66.5,30.6,2025.0,2
2025-02-21 16:00:00,10025,23.81,80.17,21.48,99.43,15.18,2025.0,2
2025-02-21 17:00:00,10026,24.44,81.3,22.3,100.0,27.49,2025.0,2
2025-02-21 18:00:00,10027,23.44,84.77,21.65,100.0,20.93,2025.0,2
2025-02-21 19:00:00,10028,23.17,85.97,21.29,100.0,21.82,2025.0,2
2025-02-21 20:00:00,10029,23.43,86.03,21.46,100.0,22.53,2025.0,2
2025-02-21 21:00:00,10030,23.5,87.03,21.67,100.0,25.33,2025.0,2
2025-02-21 22:00:00,10031,23.61,87.37,21.85,100.0,33.3,2025.0,2
2025-02-21 23:00:00,10032,23.6,87.47,21.81,100.0,33.25,2025.0,2
2025-02-22 00:00:00,10033,23.49,89.0,21.86,100.0,33.69,2025.0,2
2025-02-22 01:00:00,10034,23.27,89.03,21.63,100.0,36.52,2025.0,2
2025-02-22 02:00:00,10035,22.73,89.03,20.98,100.0,34.37,2025.0,2
2025-02-22 03:00:00,10036,22.13,87.83,20.21,100.0,22.67,2025.0,2
2025-02-22 04:00:00,10037,22.03,88.23,20.29,100.0,29.57,2025.0,2
2025-02-22 05:00:00,10038,21.89,88.63,20.26,100.0,37.88,2025.0,2
2025-02-22 06:00:00,10039,22.21,88.9,20.58,100.0,54.0,2025.0,2
2025-02-22 07:00:00,10040,23.19,85.63,21.63,100.0,53.26,2025.0,2
2025-02-22 08:00:00,10041,25.96,76.87,23.88,99.8,49.87,2025.0,2
2025-02-22 09:00:00,10042,29.07,67.93,26.91,89.93,53.83,2025.0,2
2025-02-22 10:00:00,10043,31.69,58.47,30.34,65.2,30.6,2025.0,2
2025-02-22 11:00:00,10044,31.72,57.4,29.96,65.47,24.87,2025.0,2
2025-02-22 12:00:00,10045,32.12,55.69,30.17,64.41,20.62,2025.0,2
2025-02-22 13:00:00,10046,32.99,53.5,31.05,62.03,23.37,2025.0,2
2025-02-22 14:00:00,10047,33.43,52.4,32.79,57.7,29.33,2025.0,2
2025-02-22 15:00:00,10048,37.61,44.07,35.22,50.43,27.07,2025.0,2
2025-02-22 16:00:00,10049,38.18,43.9,33.37,56.77,30.73,2025.0,2
2025-02-22 17:00:00,10050,31.61,56.9,28.57,71.83,37.37,2025.0,2
2025-02-22 18:00:00,10051,27.46,69.7,26.13,81.43,45.27,2025.0,2
2025-02-22 19:00:00,10052,26.01,76.63,24.96,87.17,52.57,2025.0,2
2025-02-22 20:00:00,10053,25.17,77.5,24.22,87.23,42.47,2025.0,2
2025-02-22 21:00:00,10054,24.89,77.53,23.99,86.93,38.31,2025.0,2
2025-02-22 22:00:00,10055,24.42,80.77,23.54,91.43,32.99,2025.0,2
2025-02-22 23:00:00,10056,24.41,81.0,23.42,91.63,36.94,2025.0,2
2025-02-23 00:00:00,10057,24.13,82.28,22.84,94.83,44.54,2025.0,2
2025-02-23 01:00:00,10058,24.05,82.37,23.04,93.67,45.9,2025.0,2
2025-02-23 02:00:00,10059,24.14,81.8,23.12,92.27,36.98,2025.0,2
2025-02-23 03:00:00,10060,23.68,83.53,22.4,95.07,39.15,2025.0,2
2025-02-23 04:00:00,10061,23.35,85.93,22.1,97.2,37.34,2025.0,2
2025-02-23 05:00:00,10062,22.93,87.7,21.81,99.0,42.79,2025.0,2
2025-02-23 06:00:00,10063,23.23,85.97,22.38,95.77,53.38,2025.0,2
2025-02-23 07:00:00,10064,26.31,76.03,25.6,82.43,47.38,2025.0,2
2025-02-23 08:00:00,10065,27.99,69.57,26.72,77.33,36.47,2025.0,2
2025-02-23 09:00:00,10066,28.15,68.53,27.13,75.93,35.1,2025.0,2
2025-02-23 10:00:00,10067,29.14,63.43,28.0,71.13,23.27,2025.0,2
2025-02-23 11:00:00,10068,30.25,60.73,29.3,67.77,25.23,2025.0,2
2025-02-23 12:00:00,10069,31.6,57.3,30.12,64.73,28.23,2025.0,2
2025-02-23 13:00:00,10070,33.05,53.43,31.15,61.6,24.07,2025.0,2
2025-02-23 14:00:00,10071,33.01,52.03,32.67,56.33,22.17,2025.0,2
2025-02-23 15:00:00,10072,34.01,50.13,32.1,57.9,27.23,2025.0,2
2025-02-23 16:00:00,10073,33.41,50.57,30.26,62.07,33.37,2025.0,2
2025-02-23 17:00:00,10074,28.84,60.27,26.88,72.07,46.63,2025.0,2
2025-02-23 18:00:00,10075,26.73,67.83,25.47,78.83,52.8,2025.0,2
2025-02-23 19:00:00,10076,25.91,73.0,24.67,82.73,56.27,2025.0,2
2025-02-23 20:00:00,10077,25.51,74.3,24.35,83.9,51.33,2025.0,2
2025-02-23 21:00:00,10078,25.18,77.62,23.85,88.83,65.44,2025.0,2
2025-02-23 22:00:00,10079,24.57,80.4,23.19,92.87,49.76,2025.0,2
2025-02-23 23:00:00,10080,24.1,81.7,22.81,94.4,33.48,2025.0,2
2025-02-24 00:00:00,10081,23.92,82.9,22.6,95.76,34.17,2025.0,2
2025-02-24 01:00:00,10082,23.67,84.23,22.38,96.43,37.65,2025.0,2
2025-02-24 02:00:00,10083,23.35,85.57,22.07,96.9,30.93,2025.0,2
2025-02-24 03:00:00,10084,23.0,86.97,21.72,98.93,34.08,2025.0,2
2025-02-24 04:00:00,10085,22.77,87.67,21.68,98.93,31.53,2025.0,2
2025-02-24 05:00:00,10086,22.61,87.0,21.65,97.23,23.45,2025.0,2
2025-02-24 06:00:00,10087,23.97,83.63,23.94,89.33,34.05,2025.0,2
2025-02-24 07:00:00,10088,30.94,62.83,29.75,68.5,47.57,2025.0,2
2025-02-24 08:00:00,10089,36.43,49.0,33.98,55.13,35.6,2025.0,2
2025-02-24 09:00:00,10090,37.2,46.03,33.96,54.83,35.5,2025.0,2
2025-02-24 10:00:00,10091,35.16,48.6,33.53,55.63,42.53,2025.0,2
2025-02-24 11:00:00,10092,37.09,44.7,33.99,53.97,43.03,2025.0,2
2025-02-24 12:00:00,10093,29.26,64.22,25.86,83.74,39.87,2025.0,2
2025-02-24 13:00:00,10094,23.84,83.2,21.98,100.0,21.89,2025.0,2
2025-02-24 14:00:00,10095,24.06,82.63,21.88,100.0,33.05,2025.0,2
2025-02-24 15:00:00,10096,23.16,85.53,21.31,100.0,26.06,2025.0,2
2025-02-24 16:00:00,10097,22.93,87.03,21.22,100.0,24.5,2025.0,2
2025-02-24 17:00:00,10098,23.09,87.6,21.36,100.0,24.37,2025.0,2
2025-02-24 18:00:00,10099,22.78,88.0,21.06,100.0,26.62,2025.0,2
2025-02-24 19:00:00,10100,22.59,88.53,20.96,100.0,28.14,2025.0,2
2025-02-24 20:00:00,10101,22.45,89.0,20.89,100.0,26.4,2025.0,2
2025-02-24 21:00:00,10102,22.61,89.43,21.01,100.0,30.24,2025.0,2
2025-02-24 22:00:00,10103,22.66,89.93,21.08,100.0,35.73,2025.0,2
2025-02-24 23:00:00,10104,22.51,90.07,21.05,100.0,53.29,2025.0,2
2025-02-25 00:00:00,10105,22.36,90.54,20.93,100.0,37.42,2025.0,2
2025-02-25 01:00:00,10106,22.38,91.0,20.94,100.0,34.86,2025.0,2
2025-02-25 02:00:00,10107,22.33,91.0,20.86,100.0,37.61,2025.0,2
2025-02-25 03:00:00,10108,22.25,91.0,20.81,100.0,37.79,2025.0,2
2025-02-25 04:00:00,10109,22.28,90.9,20.78,100.0,39.73,2025.0,2
2025-02-25 05:00:00,10110,22.06,91.0,20.64,100.0,49.58,2025.0,2
2025-02-25 06:00:00,10111,22.22,90.8,21.06,100.0,55.63,2025.0,2
2025-02-25 07:00:00,10112,27.28,77.47,24.44,100.0,65.6,2025.0,2
2025-02-25 08:00:00,10113,27.06,74.8,23.83,99.97,68.97,2025.0,2
2025-02-25 09:00:00,10114,29.84,66.77,26.72,97.87,,2025.0,2
2025-02-25 10:00:00,10115,32.71,57.2,30.78,68.17,56.27,2025.0,2
2025-02-25 11:00:00,10116,38.13,45.03,34.79,52.27,42.4,2025.0,2
2025-02-25 12:00:00,10117,37.68,43.37,33.46,53.7,32.63,2025.0,2
2025-02-25 13:00:00,10118,35.3,46.33,32.39,56.03,37.8,2025.0,2
2025-02-25 14:00:00,10119,25.32,75.5,22.37,94.43,19.75,2025.0,2
2025-02-25 15:00:00,10120,22.39,88.27,21.2,100.0,16.48,2025.0,2
2025-02-25 16:00:00,10121,22.84,87.27,21.27,100.0,24.14,2025.0,2
2025-02-25 17:00:00,10122,22.89,87.7,21.27,100.0,24.63,2025.0,2
2025-02-25 18:00:00,10123,23.14,88.0,21.41,100.0,30.91,2025.0,2
2025-02-25 19:00:00,10124,23.17,88.4,21.47,100.0,28.65,2025.0,2
2025-02-25 20:00:00,10125,23.31,88.03,21.48,100.0,33.57,2025.0,2
2025-02-25 21:00:00,10126,23.34,88.7,21.61,100.0,38.37,2025.0,2
2025-02-25 22:00:00,10127,23.38,90.0,21.8,100.0,51.59,2025.0,2
2025-02-25 23:00:00,10128,23.29,90.0,21.65,100.0,41.27,2025.0,2
2025-02-26 00:00:00,10129,23.21,90.82,21.69,100.0,62.6,2025.0,2
2025-02-26 01:00:00,10130,23.03,91.0,21.42,100.0,48.04,2025.0,2
2025-02-26 02:00:00,10131,23.0,91.0,21.53,100.0,51.26,2025.0,2
2025-02-26 03:00:00,10132,23.15,90.57,21.52,100.0,54.83,2025.0,2
2025-02-26 04:00:00,10133,23.1,90.17,21.51,100.0,55.28,2025.0,2
2025-02-26 05:00:00,10134,23.01,90.37,21.4,100.0,54.34,2025.0,2
2025-02-26 06:00:00,10135,23.0,90.63,21.54,100.0,64.97,2025.0,2
2025-02-26 07:00:00,10136,24.69,84.9,22.93,100.0,,2025.0,2
2025-02-26 08:00:00,10137,26.31,79.47,23.82,100.0,,2025.0,2
2025-02-26 09:00:00,10138,28.42,73.2,25.53,99.87,,2025.0,2
2025-02-26 10:00:00,10139,30.44,65.63,26.69,98.8,,2025.0,2
2025-02-26 11:00:00,10140,33.47,54.83,30.46,76.33,50.33,2025.0,2
2025-02-26 12:00:00,10141,34.97,50.5,32.71,58.64,37.61,2025.0,2
2025-02-26 13:00:00,10142,33.69,52.27,30.09,65.47,35.3,2025.0,2
2025-02-26 14:00:00,10143,25.95,73.97,24.68,85.07,42.0,2025.0,2
2025-02-26 15:00:00,10144,26.9,72.17,25.25,84.0,45.33,2025.0,2
2025-02-26 16:00:00,10145,25.85,76.33,24.57,86.23,43.9,2025.0,2
2025-02-26 17:00:00,10146,25.78,77.63,23.96,90.17,51.23,2025.0,2
2025-02-26 18:00:00,10147,24.59,82.0,23.17,95.63,41.45,2025.0,2
2025-02-26 19:00:00,10148,24.54,82.03,23.33,94.67,51.1,2025.0,2
2025-02-26 20:00:00,10149,24.63,82.07,23.4,94.17,68.12,2025.0,2
2025-02-26 21:00:00,10150,24.57,82.37,23.24,94.6,61.86,2025.0,2
2025-02-26 22:00:00,10151,24.25,84.3,22.76,97.83,65.88,2025.0,2
2025-02-26 23:00:00,10152,23.77,86.03,22.31,99.73,,2025.0,2
2025-02-27 00:00:00,10153,23.25,88.38,21.9,100.0,,2025.0,2
2025-02-27 01:00:00,10154,23.32,89.03,22.02,100.0,,2025.0,2
2025-02-27 02:00:00,10155,23.4,88.8,22.08,100.0,,2025.0,2
2025-02-27 03:00:00,10156,23.35,88.0,21.93,99.8,69.46,2025.0,2
2025-02-27 04:00:00,10157,23.36,88.97,22.05,100.0,,2025.0,2
2025-02-27 05:00:00,10158,23.31,88.63,21.83,100.0,68.94,2025.0,2
2025-02-27 06:00:00,10159,23.19,87.77,22.06,99.0,65.21,2025.0,2
2025-02-27 07:00:00,10160,26.97,77.37,27.25,81.47,,2025.0,2
2025-02-27 08:00:00,10161,33.86,57.57,32.03,64.63,,2025.0,2
2025-02-27 09:00:00,10162,34.48,52.53,32.64,59.3,56.87,2025.0,2
2025-02-27 10:00:00,10163,34.89,48.7,33.67,53.6,37.27,2025.0,2
2025-02-27 11:00:00,10164,37.16,45.13,34.11,53.67,44.97,2025.0,2
2025-02-27 12:00:00,10165,32.14,55.15,29.69,67.04,44.48,2025.0,2
2025-02-27 13:00:00,10166,29.94,60.23,27.24,75.17,39.1,2025.0,2
2025-02-27 14:00:00,10167,24.15,82.3,22.04,100.0,47.91,2025.0,2
2025-02-27 15:00:00,10168,24.9,80.93,22.42,100.0,56.75,2025.0,2
2025-02-27 16:00:00,10169,24.88,81.33,22.58,100.0,39.8,2025.0,2
2025-02-27 17:00:00,10170,23.82,84.53,21.89,100.0,34.17,2025.0,2
2025-02-27 18:00:00,10171,22.96,88.3,21.42,100.0,34.68,2025.0,2
2025-02-27 19:00:00,10172,22.26,89.8,21.03,100.0,31.42,2025.0,2
2025-02-27 20:00:00,10173,22.51,90.7,21.26,100.0,30.82,2025.0,2
2025-02-27 21:00:00,10174,22.83,90.0,21.34,100.0,30.48,2025.0,2
2025-02-27 22:00:00,10175,23.04,90.0,21.4,100.0,29.26,2025.0,2
2025-02-27 23:00:00,10176,23.05,90.0,21.43,100.0,35.38,2025.0,2
2025-02-28 00:00:00,10177,22.77,90.52,21.24,100.0,32.98,2025.0,2
2025-02-28 01:00:00,10178,22.5,91.0,20.99,100.0,31.18,2025.0,2
2025-02-28 02:00:00,10179,22.32,91.17,20.88,100.0,40.87,2025.0,2
2025-02-28 03:00:00,10180,22.44,91.8,20.98,100.0,39.66,2025.0,2
2025-02-28 04:00:00,10181,22.28,91.27,20.82,100.0,32.03,2025.0,2
2025-02-28 05:00:00,10182,22.33,90.77,20.75,100.0,31.22,2025.0,2
2025-02-28 06:00:00,10183,22.89,90.1,21.4,100.0,39.22,2025.0,2
2025-02-28 07:00:00,10184,24.51,83.5,22.31,100.0,45.43,2025.0,2
2025-02-28 08:00:00,10185,27.7,74.9,25.76,98.93,44.53,2025.0,2
2025-02-28 09:00:00,10186,34.03,56.4,29.32,95.53,45.23,2025.0,2
2025-02-28 10:00:00,10187,35.66,51.77,33.0,61.6,50.47,2025.0,2
2025-02-28 11:00:00,10188,36.25,48.93,33.68,57.4,49.83,2025.0,2
2025-02-28 12:00:00,10189,32.35,55.46,28.88,69.89,41.57,2025.0,2
2025-02-28 13:00:00,10190,28.96,65.97,27.67,76.5,45.47,2025.0,2
2025-02-28 14:00:00,10191,27.54,70.37,25.76,82.5,41.07,2025.0,2
2025-02-28 15:00:00,10192,25.26,78.13,24.47,87.6,43.73,2025.0,2
2025-02-28 16:00:00,10193,25.6,78.57,24.49,88.67,44.47,2025.0,2
2025-02-28 17:00:00,10194,24.8,79.23,23.26,91.33,40.93,2025.0,2
2025-02-28 18:00:00,10195,23.67,83.07,22.5,94.87,30.28,2025.0,2
2025-02-28 19:00:00,10196,23.57,85.43,22.36,97.5,42.14,2025.0,2
2025-02-28 20:00:00,10197,23.29,86.67,22.01,98.93,29.66,2025.0,2
2025-02-28 21:00:00,10198,23.23,88.0,21.89,100.0,38.86,2025.0,2
2025-02-28 22:00:00,10199,23.09,88.1,21.78,100.0,38.7,2025.0,2
2025-02-28 23:00:00,10200,23.05,89.13,21.72,100.0,54.76,2025.0,2
2025-03-01 00:00:00,10201,23.1,90.0,21.99,100.0,49.23,2025.0,3
2025-03-01 01:00:00,10202,23.0,90.0,21.81,100.0,49.33,2025.0,3
2025-03-01 02:00:00,10203,22.59,89.53,21.48,100.0,41.09,2025.0,3
2025-03-01 03:00:00,10204,22.45,89.33,21.03,100.0,37.18,2025.0,3
2025-03-01 04:00:00,10205,22.18,90.0,20.85,100.0,48.6,2025.0,3
2025-03-01 05:00:00,10206,22.35,90.97,21.21,100.0,60.84,2025.0,3
2025-03-01 06:00:00,10207,23.13,89.37,22.3,98.37,49.83,2025.0,3
2025-03-01 07:00:00,10208,27.74,75.43,27.85,79.3,58.72,2025.0,3
2025-03-01 08:00:00,10209,33.88,56.21,31.51,64.41,49.14,2025.0,3
2025-03-01 09:00:00,10210,31.9,57.33,30.8,63.4,36.27,2025.0,3
2025-03-01 10:00:00,10211,32.14,52.47,31.53,56.47,15.87,2025.0,3
2025-03-01 11:00:00,10212,32.95,51.37,32.35,55.47,15.33,2025.0,3
2025-03-01 12:00:00,10213,32.62,54.59,30.34,64.93,26.44,2025.0,3
2025-03-01 13:00:00,10214,29.85,63.03,28.13,74.53,21.87,2025.0,3
2025-03-01 14:00:00,10215,33.39,55.7,32.49,62.57,28.2,2025.0,3
2025-03-01 15:00:00,10216,35.18,49.13,31.69,60.6,24.1,2025.0,3
2025-03-01 16:00:00,10217,30.26,58.87,28.52,69.77,31.67,2025.0,3
2025-03-01 17:00:00,10218,28.08,66.67,26.67,77.27,37.6,2025.0,3
2025-03-01 18:00:00,10219,26.7,73.9,25.18,85.93,56.87,2025.0,3
2025-03-01 19:00:00,10220,26.03,78.4,24.58,90.03,68.03,2025.0,3
2025-03-01 20:00:00,10221,25.99,79.57,24.68,90.6,46.09,2025.0,3
2025-03-01 21:00:00,10222,25.68,78.93,24.16,90.47,49.66,2025.0,3
2025-03-01 22:00:00,10223,24.94,81.63,23.55,93.93,41.05,2025.0,3
2025-03-01 23:00:00,10224,24.81,82.69,23.42,95.41,51.91,2025.0,3
2025-03-02 00:00:00,10225,24.9,84.0,23.68,96.0,45.49,2025.0,3
2025-03-02 01:00:00,10226,24.81,84.0,23.56,96.33,44.93,2025.0,3
2025-03-02 02:00:00,10227,24.55,84.87,23.09,98.33,45.58,2025.0,3
2025-03-02 03:00:00,10228,24.12,85.77,22.76,99.17,57.98,2025.0,3
2025-03-02 04:00:00,10229,23.75,86.23,22.59,99.1,62.49,2025.0,3
2025-03-02 05:00:00,10230,23.75,86.6,22.45,99.47,58.62,2025.0,3
2025-03-02 06:00:00,10231,23.81,85.8,22.89,96.4,62.35,2025.0,3
2025-03-02 07:00:00,10232,27.52,74.43,26.94,80.07,62.43,2025.0,3
2025-03-02 08:00:00,10233,34.42,56.93,33.03,62.57,65.4,2025.0,3
2025-03-02 09:00:00,10234,36.74,49.1,33.66,57.93,49.3,2025.0,3
2025-03-02 10:00:00,10235,34.21,53.03,32.97,59.5,42.9,2025.0,3
2025-03-02 11:00:00,10236,35.17,48.6,33.56,55.6,27.37,2025.0,3
2025-03-02 12:00:00,10237,36.33,45.55,33.86,53.48,26.03,2025.0,3
2025-03-02 13:00:00,10238,34.88,52.73,30.32,71.23,45.53,2025.0,3
2025-03-02 14:00:00,10239,28.25,70.4,24.89,98.0,51.73,2025.0,3
2025-03-02 15:00:00,10240,27.94,70.5,24.9,98.13,59.9,2025.0,3
2025-03-02 16:00:00,10241,25.0,78.93,22.49,99.27,22.08,2025.0,3
2025-03-02 17:00:00,10242,24.04,83.3,22.1,100.0,25.15,2025.0,3
2025-03-02 18:00:00,10243,24.48,83.9,22.47,100.0,29.44,2025.0,3
2025-03-02 19:00:00,10244,24.71,84.3,22.62,100.0,40.11,2025.0,3
2025-03-02 20:00:00,10245,24.66,84.87,22.68,100.0,54.23,2025.0,3
2025-03-02 21:00:00,10246,24.62,85.43,22.84,100.0,47.24,2025.0,3
2025-03-02 22:00:00,10247,24.51,85.8,22.84,100.0,47.64,2025.0,3
2025-03-02 23:00:00,10248,23.84,88.73,22.34,100.0,37.21,2025.0,3
2025-03-03 00:00:00,10249,23.58,89.73,22.1,100.0,26.57,2025.0,3
2025-03-03 01:00:00,10250,23.67,89.3,22.15,100.0,29.73,2025.0,3
2025-03-03 02:00:00,10251,23.48,90.03,21.93,100.0,19.65,2025.0,3
2025-03-03 03:00:00,10252,23.33,89.73,21.7,100.0,16.15,2025.0,3
2025-03-03 04:00:00,10253,23.38,89.4,21.64,100.0,23.67,2025.0,3
2025-03-03 05:00:00,10254,23.41,89.3,21.67,100.0,23.16,2025.0,3
2025-03-03 06:00:00,10255,23.57,88.83,21.95,100.0,24.3,2025.0,3
2025-03-03 07:00:00,10256,27.38,78.9,25.56,99.93,33.87,2025.0,3
2025-03-03 08:00:00,10257,33.17,61.0,28.6,97.13,48.63,2025.0,3
2025-03-03 09:00:00,10258,32.21,60.97,28.76,81.37,49.8,2025.0,3
2025-03-03 10:00:00,10259,33.88,55.17,32.79,61.6,33.13,2025.0,3
2025-03-03 11:00:00,10260,34.16,54.37,31.29,65.77,37.7,2025.0,3
2025-03-03 12:00:00,10261,34.3,52.44,31.99,61.96,31.44,2025.0,3
2025-03-03 13:00:00,10262,31.8,58.67,30.34,68.27,36.2,2025.0,3
2025-03-03 14:00:00,10263,29.59,66.93,27.08,81.43,37.7,2025.0,3
2025-03-03 15:00:00,10264,25.14,80.83,22.64,99.53,31.28,2025.0,3
2025-03-03 16:00:00,10265,25.11,83.47,22.89,100.0,33.23,2025.0,3
2025-03-03 17:00:00,10266,24.55,83.93,22.69,100.0,31.36,2025.0,3
2025-03-03 18:00:00,10267,24.42,85.77,22.75,100.0,42.77,2025.0,3
2025-03-03 19:00:00,10268,24.21,85.63,22.71,100.0,37.9,2025.0,3
2025-03-03 20:00:00,10269,23.83,85.53,22.31,100.0,15.59,2025.0,3
2025-03-03 21:00:00,10270,23.12,88.53,21.64,100.0,14.38,2025.0,3
2025-03-03 22:00:00,10271,23.02,90.2,21.61,100.0,26.09,2025.0,3
2025-03-03 23:00:00,10272,23.28,90.0,21.71,100.0,26.4,2025.0,3
2025-03-04 00:00:00,10273,23.4,90.0,21.75,100.0,36.18,2025.0,3
2025-03-04 01:00:00,10274,23.36,90.0,21.79,100.0,35.04,2025.0,3
2025-03-04 02:00:00,10275,23.48,89.8,21.8,100.0,36.92,2025.0,3
2025-03-04 03:00:00,10276,23.44,89.57,21.73,100.0,34.08,2025.0,3
2025-03-04 04:00:00,10277,23.16,90.53,21.72,100.0,33.84,2025.0,3
2025-03-04 05:00:00,10278,22.91,91.2,21.54,100.0,31.13,2025.0,3
2025-03-04 06:00:00,10279,23.74,88.43,22.14,100.0,31.09,2025.0,3
2025-03-04 07:00:00,10280,26.38,78.93,23.76,99.93,35.76,2025.0,3
2025-03-04 08:00:00,10281,30.11,67.7,26.74,98.17,39.77,2025.0,3
2025-03-04 09:00:00,10282,32.75,57.8,28.86,88.4,36.63,2025.0,3
2025-03-04 10:00:00,10283,33.51,54.97,32.19,61.47,29.47,2025.0,3
2025-03-04 11:00:00,10284,33.9,53.3,32.44,60.07,27.47,2025.0,3
2025-03-04 12:00:00,10285,34.34,51.11,32.76,58.11,27.39,2025.0,3
2025-03-04 13:00:00,10286,34.57,50.5,32.76,58.37,32.23,2025.0,3
2025-03-04 14:00:00,10287,33.57,53.3,31.48,63.47,37.03,2025.0,3
2025-03-04 15:00:00,10288,28.04,68.5,25.82,82.8,41.9,2025.0,3
2025-03-04 16:00:00,10289,25.6,72.89,24.31,82.93,35.04,2025.0,3
2025-03-04 17:00:00,10290,25.75,76.04,24.44,86.0,46.59,2025.0,3
2025-03-04 18:00:00,10291,24.85,79.13,23.19,92.13,49.24,2025.0,3
2025-03-04 19:00:00,10292,24.43,79.83,23.21,91.03,34.41,2025.0,3
2025-03-04 20:00:00,10293,24.47,80.73,23.05,93.17,45.59,2025.0,3
2025-03-04 21:00:00,10294,24.37,79.67,23.41,89.43,33.94,2025.0,3
2025-03-04 22:00:00,10295,24.11,80.73,23.06,91.27,30.75,2025.0,3
2025-03-04 23:00:00,10296,23.7,83.4,22.47,94.93,45.36,2025.0,3
2025-03-05 00:00:00,10297,23.17,87.13,21.72,99.63,64.5,2025.0,3
2025-03-05 01:00:00,10298,22.79,88.23,21.27,100.0,72.11,2025.0,3
2025-03-05 02:00:00,10299,22.61,88.93,21.12,100.0,,2025.0,3
2025-03-05 03:00:00,10300,22.36,89.0,20.86,100.0,70.37,2025.0,3
2025-03-05 04:00:00,10301,22.01,89.0,20.57,100.0,51.99,2025.0,3
2025-03-05 05:00:00,10302,21.58,88.7,20.19,100.0,50.81,2025.0,3
2025-03-05 06:00:00,10303,21.95,87.0,21.11,96.63,57.71,2025.0,3
2025-03-05 07:00:00,10304,27.62,72.1,27.77,74.63,71.75,2025.0,3
2025-03-05 08:00:00,10305,35.6,50.27,33.06,56.37,54.17,2025.0,3
2025-03-05 09:00:00,10306,33.15,51.83,31.56,58.23,40.3,2025.0,3
2025-03-05 10:00:00,10307,33.79,48.93,32.74,53.17,32.57,2025.0,3
2025-03-05 11:00:00,10308,33.42,49.7,32.2,55.53,28.6,2025.0,3
2025-03-05 12:00:00,10309,33.83,48.67,32.24,55.07,27.89,2025.0,3
2025-03-05 13:00:00,10310,32.49,49.07,31.01,56.2,23.17,2025.0,3
2025-03-05 14:00:00,10311,33.33,49.77,32.79,54.97,27.17,2025.0,3
2025-03-05 15:00:00,10312,34.14,47.83,32.43,55.07,29.17,2025.0,3
2025-03-05 16:00:00,10313,35.73,45.67,32.55,55.77,31.83,2025.0,3
2025-03-05 17:00:00,10314,31.15,54.43,28.22,67.93,40.57,2025.0,3
2025-03-05 18:00:00,10315,27.84,65.53,26.15,77.93,48.33,2025.0,3
2025-03-05 19:00:00,10316,26.69,72.43,25.08,85.1,74.83,2025.0,3
2025-03-05 20:00:00,10317,25.86,76.83,24.14,89.33,,2025.0,3
2025-03-05 21:00:00,10318,25.07,80.17,23.48,93.63,67.84,2025.0,3
2025-03-05 22:00:00,10319,24.57,81.57,23.14,95.0,60.3,2025.0,3
2025-03-05 23:00:00,10320,24.04,83.5,22.73,96.73,51.68,2025.0,3
2025-03-06 00:00:00,10321,23.71,84.29,22.26,98.0,64.58,2025.0,3
2025-03-06 01:00:00,10322,23.32,86.3,21.77,99.7,,2025.0,3
2025-03-06 02:00:00,10323,23.27,87.0,21.88,99.13,75.22,2025.0,3
2025-03-06 03:00:00,10324,22.9,87.2,21.26,100.0,76.42,2025.0,3
2025-03-06 04:00:00,10325,22.54,88.27,20.97,100.0,,2025.0,3
2025-03-06 05:00:00,10326,22.49,89.0,21.02,100.0,,2025.0,3
2025-03-06 06:00:00,10327,22.99,88.07,21.88,99.0,,2025.0,3
2025-03-06 07:00:00,10328,27.14,75.43,27.31,79.03,,2025.0,3
2025-03-06 08:00:00,10329,33.75,56.93,30.88,67.03,,2025.0,3
2025-03-06 09:00:00,10330,35.99,50.8,33.48,58.73,,2025.0,3
2025-03-06 10:00:00,10331,37.81,46.2,34.98,54.33,,2025.0,3
2025-03-06 11:00:00,10332,39.2,42.77,35.4,51.93,71.4,2025.0,3
2025-03-06 12:00:00,10333,36.4,47.11,33.0,59.33,62.81,2025.0,3
2025-03-06 13:00:00,10334,35.45,49.07,33.33,59.07,58.5,2025.0,3
2025-03-06 14:00:00,10335,35.3,49.13,32.93,59.83,60.17,2025.0,3
2025-03-06 15:00:00,10336,31.01,59.33,28.21,75.67,54.77,2025.0,3
2025-03-06 16:00:00,10337,25.24,82.17,23.12,99.93,44.25,2025.0,3
2025-03-06 17:00:00,10338,23.53,88.0,22.23,100.0,31.85,2025.0,3
2025-03-06 18:00:00,10339,23.38,88.13,21.78,100.0,31.13,2025.0,3
2025-03-06 19:00:00,10340,23.9,87.57,22.35,100.0,41.41,2025.0,3
2025-03-06 20:00:00,10341,23.98,87.63,22.43,100.0,39.31,2025.0,3
2025-03-06 21:00:00,10342,24.02,88.33,22.47,100.0,44.02,2025.0,3
2025-03-06 22:00:00,10343,24.02,88.9,22.52,100.0,58.33,2025.0,3
2025-03-06 23:00:00,10344,23.84,88.23,22.31,100.0,50.63,2025.0,3
2025-03-07 00:00:00,10345,23.77,88.0,22.21,100.0,43.2,2025.0,3
2025-03-07 01:00:00,10346,23.55,89.27,21.99,100.0,43.35,2025.0,3
2025-03-07 02:00:00,10347,23.36,90.6,21.92,100.0,47.24,2025.0,3
2025-03-07 03:00:00,10348,23.19,89.67,21.7,100.0,41.25,2025.0,3
2025-03-07 04:00:00,10349,22.92,90.2,21.47,100.0,41.07,2025.0,3
2025-03-07 05:00:00,10350,22.73,88.83,21.28,100.0,39.49,2025.0,3
2025-03-07 06:00:00,10351,23.28,84.87,21.94,100.0,32.56,2025.0,3
2025-03-07 07:00:00,10352,28.17,72.0,25.47,99.47,56.43,2025.0,3
2025-03-07 08:00:00,10353,31.14,62.2,28.0,89.2,58.5,2025.0,3
2025-03-07 09:00:00,10354,34.32,53.0,31.99,61.43,51.77,2025.0,3
2025-03-07 10:00:00,10355,35.43,47.57,34.12,51.6,34.53,2025.0,3
2025-03-07 11:00:00,10356,37.01,44.63,34.08,52.43,34.9,2025.0,3
2025-03-07 12:00:00,10357,33.96,49.64,32.52,56.82,33.46,2025.0,3
2025-03-07 13:00:00,10358,37.28,44.37,34.42,52.87,27.5,2025.0,3
2025-03-07 14:00:00,10359,34.24,51.93,32.01,63.07,33.27,2025.0,3
2025-03-07 15:00:00,10360,28.99,63.97,26.64,78.4,31.77,2025.0,3
2025-03-07 16:00:00,10361,22.34,88.5,21.13,100.0,7.84,2025.0,3
2025-03-07 17:00:00,10362,22.28,91.37,21.2,100.0,9.85,2025.0,3
2025-03-07 18:00:00,10363,22.52,91.67,21.2,100.0,20.93,2025.0,3
2025-03-07 19:00:00,10364,22.1,91.83,20.86,100.0,26.49,2025.0,3
2025-03-07 20:00:00,10365,22.34,92.17,21.01,100.0,30.89,2025.0,3
2025-03-07 21:00:00,10366,22.44,92.53,21.07,100.0,34.62,2025.0,3
2025-03-07 22:00:00,10367,22.48,92.6,21.11,100.0,42.14,2025.0,3
2025-03-07 23:00:00,10368,22.15,92.03,20.88,100.0,55.3,2025.0,3
2025-03-08 00:00:00,10369,22.05,92.96,20.82,100.0,47.54,2025.0,3
2025-03-08 01:00:00,10370,22.02,93.0,20.81,100.0,48.26,2025.0,3
2025-03-08 02:00:00,10371,22.18,93.0,20.91,100.0,43.06,2025.0,3
2025-03-08 03:00:00,10372,22.17,92.37,20.74,100.0,37.41,2025.0,3
2025-03-08 04:00:00,10373,22.2,92.0,20.68,100.0,35.06,2025.0,3
2025-03-08 05:00:00,10374,22.15,92.0,20.69,100.0,38.15,2025.0,3
2025-03-08 06:00:00,10375,22.34,91.5,21.14,100.0,40.4,2025.0,3
2025-03-08 07:00:00,10376,28.38,74.7,25.9,99.77,48.74,2025.0,3
2025-03-08 08:00:00,10377,33.54,58.47,29.05,97.57,51.8,2025.0,3
2025-03-08 09:00:00,10378,35.74,50.13,30.6,85.53,36.7,2025.0,3
2025-03-08 10:00:00,10379,37.74,44.2,34.76,51.1,17.53,2025.0,3
2025-03-08 11:00:00,10380,36.18,44.9,33.74,52.0,10.87,2025.0,3
2025-03-08 12:00:00,10381,39.52,40.31,35.72,48.46,11.38,2025.0,3
2025-03-08 13:00:00,10382,30.08,62.97,25.54,84.0,27.93,2025.0,3
2025-03-08 14:00:00,10383,24.2,86.0,22.79,100.0,22.49,2025.0,3
2025-03-08 15:00:00,10384,25.14,82.23,22.69,100.0,29.1,2025.0,3
2025-03-08 16:00:00,10385,23.7,85.27,21.91,100.0,27.85,2025.0,3
2025-03-08 17:00:00,10386,22.75,89.17,21.28,100.0,24.83,2025.0,3
2025-03-08 18:00:00,10387,22.04,90.43,20.78,100.0,13.96,2025.0,3
2025-03-08 19:00:00,10388,21.85,90.37,20.51,100.0,13.18,2025.0,3
2025-03-08 20:00:00,10389,21.7,90.97,20.41,100.0,24.12,2025.0,3
2025-03-08 21:00:00,10390,21.84,91.0,20.46,100.0,28.97,2025.0,3
2025-03-08 22:00:00,10391,22.05,91.0,20.64,100.0,29.06,2025.0,3
2025-03-08 23:00:00,10392,22.23,91.13,20.8,100.0,30.78,2025.0,3
2025-03-09 00:00:00,10393,22.05,91.07,20.73,100.0,34.34,2025.0,3
2025-03-09 01:00:00,10394,22.36,91.67,20.85,100.0,41.16,2025.0,3
2025-03-09 02:00:00,10395,22.35,91.37,20.84,100.0,42.77,2025.0,3
2025-03-09 03:00:00,10396,22.29,91.9,20.84,100.0,43.17,2025.0,3
2025-03-09 04:00:00,10397,22.36,91.17,20.81,100.0,39.93,2025.0,3
2025-03-09 05:00:00,10398,22.32,91.0,20.85,100.0,33.84,2025.0,3
2025-03-09 06:00:00,10399,22.62,90.93,21.25,100.0,35.69,2025.0,3
2025-03-09 07:00:00,10400,24.19,85.8,22.5,100.0,39.15,2025.0,3
2025-03-09 08:00:00,10401,27.78,75.2,25.49,99.77,52.48,2025.0,3
2025-03-09 09:00:00,10402,32.4,58.43,27.74,96.33,25.63,2025.0,3
2025-03-09 10:00:00,10403,33.33,56.5,30.82,75.1,39.97,2025.0,3
2025-03-09 11:00:00,10404,33.68,54.63,31.84,62.53,35.3,2025.0,3
2025-03-09 12:00:00,10405,30.67,61.86,27.66,77.07,33.57,2025.0,3
2025-03-09 13:00:00,10406,26.57,76.6,25.39,93.73,34.36,2025.0,3
2025-03-09 14:00:00,10407,30.74,65.9,30.18,72.33,37.9,2025.0,3
2025-03-09 15:00:00,10408,30.98,64.1,29.45,74.0,37.33,2025.0,3
2025-03-09 16:00:00,10409,30.46,65.03,27.84,78.43,37.27,2025.0,3
2025-03-09 17:00:00,10410,25.94,76.7,23.99,89.63,31.14,2025.0,3
2025-03-09 18:00:00,10411,24.19,83.57,23.13,96.0,26.76,2025.0,3
2025-03-09 19:00:00,10412,24.25,85.17,22.61,99.47,31.15,2025.0,3
2025-03-09 20:00:00,10413,24.19,86.4,22.42,100.0,33.32,2025.0,3
2025-03-09 21:00:00,10414,24.14,87.3,22.52,100.0,35.26,2025.0,3
2025-03-09 22:00:00,10415,24.11,86.9,22.49,100.0,36.85,2025.0,3
2025-03-09 23:00:00,10416,23.64,87.4,22.16,100.0,33.68,2025.0,3
2025-03-10 00:00:00,10417,23.37,89.28,21.87,100.0,35.0,2025.0,3
2025-03-10 01:00:00,10418,23.01,89.87,21.47,100.0,34.62,2025.0,3
2025-03-10 02:00:00,10419,22.78,91.0,21.37,100.0,41.03,2025.0,3
2025-03-10 03:00:00,10420,22.63,91.5,21.29,100.0,48.46,2025.0,3
2025-03-10 04:00:00,10421,22.82,91.97,21.46,100.0,47.61,2025.0,3
2025-03-10 05:00:00,10422,22.94,91.2,21.48,100.0,48.51,2025.0,3
2025-03-10 06:00:00,10423,23.24,90.73,21.94,100.0,53.31,2025.0,3
2025-03-10 07:00:00,10424,25.84,82.07,24.66,99.23,48.97,2025.0,3
2025-03-10 08:00:00,10425,31.69,64.13,30.01,77.93,60.37,2025.0,3
2025-03-10 09:00:00,10426,33.78,57.17,30.8,67.93,51.07,2025.0,3
2025-03-10 10:00:00,10427,29.78,65.1,26.56,81.5,50.87,2025.0,3
2025-03-10 11:00:00,10428,29.82,67.03,28.48,78.03,48.7,2025.0,3
2025-03-10 12:00:00,10429,34.09,54.29,31.5,64.68,37.29,2025.0,3
2025-03-10 13:00:00,10430,32.33,58.5,30.1,69.9,48.27,2025.0,3
2025-03-10 14:00:00,10431,29.38,66.37,25.9,86.27,46.37,2025.0,3
2025-03-10 15:00:00,10432,25.45,78.97,23.93,92.93,38.73,2025.0,3
2025-03-10 16:00:00,10433,24.02,83.9,21.87,99.9,26.76,2025.0,3
2025-03-10 17:00:00,10434,23.31,88.53,21.78,100.0,30.17,2025.0,3
2025-03-10 18:00:00,10435,23.66,87.53,22.05,100.0,45.18,2025.0,3
2025-03-10 19:00:00,10436,23.82,87.8,22.14,100.0,44.76,2025.0,3
2025-03-10 20:00:00,10437,23.59,89.03,21.93,100.0,37.03,2025.0,3
2025-03-10 21:00:00,10438,23.46,90.0,21.77,100.0,37.83,2025.0,3
2025-03-10 22:00:00,10439,23.22,90.0,21.56,100.0,46.43,2025.0,3
2025-03-10 23:00:00,10440,23.17,90.66,21.57,100.0,46.3,2025.0,3
2025-03-11 00:00:00,10441,23.13,91.1,21.63,100.0,67.07,2025.0,3
2025-03-11 01:00:00,10442,22.99,91.83,21.55,100.0,62.94,2025.0,3
2025-03-11 02:00:00,10443,22.87,92.0,21.52,100.0,67.36,2025.0,3
2025-03-11 03:00:00,10444,22.73,92.23,21.4,100.0,60.66,2025.0,3
2025-03-11 04:00:00,10445,22.53,92.73,21.26,100.0,55.03,2025.0,3
2025-03-11 05:00:00,10446,22.38,92.07,21.04,100.0,62.29,2025.0,3
2025-03-11 06:00:00,10447,22.73,92.53,21.5,100.0,71.87,2025.0,3
2025-03-11 07:00:00,10448,27.65,79.53,25.85,99.83,68.73,2025.0,3
2025-03-11 08:00:00,10449,35.53,55.9,29.95,97.1,69.03,2025.0,3
2025-03-11 09:00:00,10450,35.73,52.37,31.42,74.3,71.5,2025.0,3
2025-03-11 10:00:00,10451,34.05,52.93,32.43,60.03,50.37,2025.0,3
2025-03-11 11:00:00,10452,34.6,51.67,32.38,60.87,33.2,2025.0,3
2025-03-11 12:00:00,10453,34.58,51.0,31.98,61.15,24.04,2025.0,3
2025-03-11 13:00:00,10454,34.76,49.87,33.17,58.03,25.97,2025.0,3
2025-03-11 14:00:00,10455,35.84,47.8,35.49,52.13,33.53,2025.0,3
2025-03-11 15:00:00,10456,34.36,51.2,31.77,62.17,46.33,2025.0,3
2025-03-11 16:00:00,10457,32.28,57.43,30.5,68.3,58.4,2025.0,3
2025-03-11 17:00:00,10458,31.23,60.6,28.53,74.83,57.27,2025.0,3
2025-03-11 18:00:00,10459,27.69,72.23,26.18,84.0,75.2,2025.0,3
2025-03-11 19:00:00,10460,26.39,77.73,25.19,89.03,,2025.0,3
2025-03-11 20:00:00,10461,25.78,80.23,24.72,91.0,58.8,2025.0,3
2025-03-11 21:00:00,10462,25.42,81.37,24.51,92.0,57.04,2025.0,3
2025-03-11 22:00:00,10463,25.45,81.97,24.39,92.63,48.95,2025.0,3
2025-03-11 23:00:00,10464,25.03,82.6,23.92,93.8,44.58,2025.0,3
2025-03-12 00:00:00,10465,24.82,83.75,23.7,95.36,52.52,2025.0,3
2025-03-12 01:00:00,10466,24.53,84.97,23.48,96.47,46.1,2025.0,3
2025-03-12 02:00:00,10467,24.13,85.57,22.99,97.8,39.26,2025.0,3
2025-03-12 03:00:00,10468,23.91,85.07,22.95,96.17,32.09,2025.0,3
2025-03-12 04:00:00,10469,23.68,84.47,22.73,94.87,27.47,2025.0,3
2025-03-12 05:00:00,10470,23.78,82.2,22.88,91.93,23.32,2025.0,3
2025-03-12 06:00:00,10471,24.64,81.27,24.06,89.1,32.78,2025.0,3
2025-03-12 07:00:00,10472,26.29,76.6,24.98,85.27,41.67,2025.0,3
2025-03-12 08:00:00,10473,31.32,64.4,31.37,66.83,50.07,2025.0,3
2025-03-12 09:00:00,10474,39.5,44.77,35.74,52.87,40.3,2025.0,3
2025-03-12 10:00:00,10475,35.09,49.73,32.89,58.0,40.87,2025.0,3
2025-03-12 11:00:00,10476,36.8,45.3,34.28,52.7,24.23,2025.0,3
2025-03-12 12:00:00,10477,37.89,43.11,34.46,52.21,25.54,2025.0,3
2025-03-12 13:00:00,10478,36.73,44.9,34.31,53.17,25.83,2025.0,3
2025-03-12 14:00:00,10479,34.04,49.23,32.42,57.8,27.23,2025.0,3
2025-03-12 15:00:00,10480,32.74,54.0,31.63,62.53,30.7,2025.0,3
2025-03-12 16:00:00,10481,33.1,55.2,30.12,69.03,38.5,2025.0,3
2025-03-12 17:00:00,10482,28.37,68.53,26.69,81.8,48.33,2025.0,3
2025-03-12 18:00:00,10483,25.99,74.97,24.51,86.6,45.8,2025.0,3
2025-03-12 19:00:00,10484,25.22,80.33,24.08,92.77,49.37,2025.0,3
2025-03-12 20:00:00,10485,25.36,83.0,23.77,97.8,58.04,2025.0,3
2025-03-12 21:00:00,10486,25.14,84.53,23.15,100.0,50.0,2025.0,3
2025-03-12 22:00:00,10487,24.71,85.5,22.75,100.0,32.38,2025.0,3
2025-03-12 23:00:00,10488,24.16,87.07,22.51,100.0,33.03,2025.0,3
2025-03-13 00:00:00,10489,24.07,88.0,22.47,100.0,33.94,2025.0,3
2025-03-13 01:00:00,10490,24.04,88.27,22.47,100.0,40.51,2025.0,3
2025-03-13 02:00:00,10491,23.9,87.4,22.1,100.0,35.15,2025.0,3
2025-03-13 03:00:00,10492,23.71,87.47,22.01,100.0,40.18,2025.0,3
2025-03-13 04:00:00,10493,23.37,88.55,21.61,100.0,32.95,2025.0,3
2025-03-13 05:00:00,10494,23.15,88.0,21.51,100.0,32.49,2025.0,3
2025-03-13 06:00:00,10495,24.1,86.37,23.06,100.0,39.91,2025.0,3
2025-03-13 07:00:00,10496,28.94,73.0,25.67,99.9,66.0,2025.0,3
2025-03-13 08:00:00,10497,30.41,66.87,26.65,98.5,59.67,2025.0,3
2025-03-13 09:00:00,10498,34.33,54.0,32.52,62.67,41.27,2025.0,3
2025-03-13 10:00:00,10499,38.36,45.3,34.89,53.27,35.63,2025.0,3
2025-03-13 11:00:00,10500,35.6,48.47,32.6,58.63,25.13,2025.0,3
2025-03-13 12:00:00,10501,36.07,47.71,33.2,57.82,24.71,2025.0,3
2025-03-13 13:00:00,10502,35.8,47.6,33.17,57.7,26.3,2025.0,3
2025-03-13 14:00:00,10503,36.02,47.8,34.72,54.9,29.87,2025.0,3
2025-03-13 15:00:00,10504,37.54,46.53,35.14,55.57,34.27,2025.0,3
2025-03-13 16:00:00,10505,32.38,58.87,28.64,76.57,46.23,2025.0,3
2025-03-13 17:00:00,10506,26.27,73.47,25.12,86.4,42.9,2025.0,3
2025-03-13 18:00:00,10507,26.06,75.9,25.09,85.93,41.07,2025.0,3
2025-03-13 19:00:00,10508,26.06,77.23,24.95,87.07,41.97,2025.0,3
2025-03-13 20:00:00,10509,24.95,82.03,23.24,97.93,30.89,2025.0,3
2025-03-13 21:00:00,10510,24.16,84.1,22.6,100.0,28.07,2025.0,3
2025-03-13 22:00:00,10511,24.25,84.67,22.67,100.0,27.09,2025.0,3
2025-03-13 23:00:00,10512,24.16,85.13,22.68,99.97,33.41,2025.0,3
2025-03-14 00:00:00,10513,23.65,86.7,22.28,99.87,42.14,2025.0,3
2025-03-14 01:00:00,10514,23.4,88.9,22.19,100.0,68.01,2025.0,3
2025-03-14 02:00:00,10515,23.19,88.93,21.79,100.0,50.56,2025.0,3
2025-03-14 03:00:00,10516,22.73,89.9,21.48,100.0,36.85,2025.0,3
2025-03-14 04:00:00,10517,22.51,89.87,21.06,100.0,40.78,2025.0,3
2025-03-14 05:00:00,10518,21.98,88.33,20.58,100.0,39.06,2025.0,3
2025-03-14 06:00:00,10519,23.3,85.3,23.23,91.73,53.37,2025.0,3
2025-03-14 07:00:00,10520,32.7,59.93,31.98,62.57,58.63,2025.0,3
2025-03-14 08:00:00,10521,36.5,48.4,32.86,57.7,50.43,2025.0,3
2025-03-14 09:00:00,10522,36.67,46.03,33.88,53.73,45.87,2025.0,3
2025-03-14 10:00:00,10523,37.32,43.77,34.62,50.87,37.93,2025.0,3
2025-03-14 11:00:00,10524,38.59,40.17,34.9,48.07,22.27,2025.0,3
2025-03-14 12:00:00,10525,37.0,43.55,33.56,53.93,11.41,2025.0,3
2025-03-14 13:00:00,10526,32.97,51.8,30.52,63.57,16.93,2025.0,3
2025-03-14 14:00:00,10527,29.09,61.3,27.85,71.43,33.43,2025.0,3
2025-03-14 15:00:00,10528,28.98,63.1,26.84,76.67,32.5,2025.0,3
2025-03-14 16:00:00,10529,25.57,79.1,23.29,97.23,35.28,2025.0,3
2025-03-14 17:00:00,10530,24.65,81.9,22.26,100.0,20.68,2025.0,3
2025-03-14 18:00:00,10531,23.75,85.5,22.06,100.0,22.85,2025.0,3
2025-03-14 19:00:00,10532,23.89,85.83,22.09,100.0,18.51,2025.0,3
2025-03-14 20:00:00,10533,24.03,85.9,22.13,100.0,25.97,2025.0,3
2025-03-14 21:00:00,10534,23.94,86.43,22.1,100.0,32.65,2025.0,3
2025-03-14 22:00:00,10535,23.67,88.3,22.14,100.0,34.55,2025.0,3
2025-03-14 23:00:00,10536,23.45,90.0,21.96,100.0,33.7,2025.0,3
2025-03-15 00:00:00,10537,23.59,88.61,21.94,100.0,29.38,2025.0,3
2025-03-15 01:00:00,10538,23.44,89.37,21.75,100.0,32.32,2025.0,3
2025-03-15 02:00:00,10539,23.24,90.6,21.74,100.0,42.39,2025.0,3
2025-03-15 03:00:00,10540,23.01,90.97,21.4,100.0,41.65,2025.0,3
2025-03-15 04:00:00,10541,22.61,90.9,21.02,100.0,44.71,2025.0,3
2025-03-15 05:00:00,10542,22.15,91.0,20.66,100.0,48.06,2025.0,3
2025-03-15 06:00:00,10543,22.64,90.27,21.34,100.0,54.45,2025.0,3
2025-03-15 07:00:00,10544,29.84,70.6,27.44,99.27,66.72,2025.0,3
2025-03-15 08:00:00,10545,35.16,53.27,28.91,96.97,44.5,2025.0,3
2025-03-15 09:00:00,10546,35.52,50.57,31.9,68.27,30.6,2025.0,3
2025-03-15 10:00:00,10547,36.62,47.87,33.71,57.2,22.4,2025.0,3
2025-03-15 11:00:00,10548,34.61,51.0,31.46,62.73,10.6,2025.0,3
2025-03-15 12:00:00,10549,32.99,54.3,31.42,63.15,8.52,2025.0,3
2025-03-15 13:00:00,10550,33.26,53.6,31.46,62.8,17.07,2025.0,3
2025-03-15 14:00:00,10551,28.45,68.2,26.92,79.5,16.17,2025.0,3
2025-03-15 15:00:00,10552,25.2,77.9,22.67,96.87,15.51,2025.0,3
2025-03-15 16:00:00,10553,22.93,87.73,21.55,100.0,11.39,2025.0,3
2025-03-15 17:00:00,10554,22.34,90.23,21.25,100.0,10.92,2025.0,3
2025-03-15 18:00:00,10555,22.31,90.33,21.12,100.0,18.4,2025.0,3
2025-03-15 19:00:00,10556,22.58,90.07,21.15,100.0,18.74,2025.0,3
2025-03-15 20:00:00,10557,22.56,88.67,20.83,100.0,24.48,2025.0,3
2025-03-15 21:00:00,10558,22.61,89.17,20.96,100.0,31.42,2025.0,3
2025-03-15 22:00:00,10559,22.57,90.0,21.0,100.0,38.84,2025.0,3
2025-03-15 23:00:00,10560,22.29,90.6,20.77,100.0,49.69,2025.0,3
2025-03-16 00:00:00,10561,21.89,90.96,20.45,100.0,36.72,2025.0,3
2025-03-16 01:00:00,10562,21.84,91.0,20.33,100.0,39.17,2025.0,3
2025-03-16 02:00:00,10563,21.75,91.0,20.3,100.0,39.2,2025.0,3
2025-03-16 03:00:00,10564,21.79,91.1,20.37,100.0,37.03,2025.0,3
2025-03-16 04:00:00,10565,21.51,90.87,19.97,100.0,34.71,2025.0,3
2025-03-16 05:00:00,10566,21.29,90.5,19.83,100.0,35.89,2025.0,3
2025-03-16 06:00:00,10567,21.56,90.07,20.33,100.0,43.59,2025.0,3
2025-03-16 07:00:00,10568,28.14,72.73,26.46,99.43,39.15,2025.0,3
2025-03-16 08:00:00,10569,34.02,54.93,28.77,92.3,39.33,2025.0,3
2025-03-16 09:00:00,10570,34.48,51.6,31.53,61.7,14.63,2025.0,3
2025-03-16 10:00:00,10571,31.7,56.1,29.51,65.8,7.67,2025.0,3
2025-03-16 11:00:00,10572,32.8,54.24,31.73,60.47,12.53,2025.0,3
2025-03-16 12:00:00,10573,32.15,57.29,27.93,77.71,14.36,2025.0,3
2025-03-16 13:00:00,10574,29.45,70.1,25.61,99.27,23.7,2025.0,3
2025-03-16 14:00:00,10575,33.08,56.13,28.83,84.87,13.73,2025.0,3
2025-03-16 15:00:00,10576,30.27,57.3,28.53,67.1,3.5,2025.0,3
2025-03-16 16:00:00,10577,28.36,62.6,27.09,71.93,9.53,2025.0,3
2025-03-16 17:00:00,10578,27.56,65.37,26.16,75.1,11.53,2025.0,3
2025-03-16 18:00:00,10579,25.59,71.8,24.72,79.77,15.0,2025.0,3
2025-03-16 19:00:00,10580,25.08,74.37,23.93,83.47,31.03,2025.0,3
2025-03-16 20:00:00,10581,24.41,76.77,23.29,86.33,29.1,2025.0,3
2025-03-16 21:00:00,10582,24.06,78.53,22.74,89.77,31.46,2025.0,3
2025-03-16 22:00:00,10583,23.7,81.77,22.22,94.3,40.8,2025.0,3
2025-03-16 23:00:00,10584,23.18,85.13,21.69,97.5,67.6,2025.0,3
2025-03-17 00:00:00,10585,22.68,86.6,21.31,98.96,70.56,2025.0,3
2025-03-17 01:00:00,10586,22.34,87.57,20.98,99.9,63.69,2025.0,3
2025-03-17 02:00:00,10587,21.97,88.0,20.52,100.0,50.27,2025.0,3
2025-03-17 03:00:00,10588,21.62,88.0,20.13,100.0,40.89,2025.0,3
2025-03-17 04:00:00,10589,21.47,87.9,20.11,99.93,56.24,2025.0,3
2025-03-17 05:00:00,10590,21.4,89.47,19.96,100.0,64.01,2025.0,3
2025-03-17 06:00:00,10591,22.27,89.53,21.71,97.53,65.39,2025.0,3
2025-03-17 07:00:00,10592,27.25,74.5,26.29,80.93,,2025.0,3
2025-03-17 08:00:00,10593,33.37,57.7,32.17,62.57,,2025.0,3
2025-03-17 09:00:00,10594,36.01,49.43,32.5,59.17,52.3,2025.0,3
2025-03-17 10:00:00,10595,32.5,55.23,30.85,63.67,24.17,2025.0,3
2025-03-17 11:00:00,10596,32.9,54.07,30.91,63.0,21.53,2025.0,3
2025-03-17 12:00:00,10597,33.49,52.11,31.23,61.36,19.96,2025.0,3
2025-03-17 13:00:00,10598,33.2,51.43,31.6,59.43,19.67,2025.0,3
2025-03-17 14:00:00,10599,32.88,53.53,31.42,61.9,35.7,2025.0,3
2025-03-17 15:00:00,10600,28.68,65.33,27.12,76.2,35.5,2025.0,3
2025-03-17 16:00:00,10601,27.16,70.6,25.81,81.07,44.73,2025.0,3
2025-03-17 17:00:00,10602,26.21,74.5,24.94,84.63,50.5,2025.0,3
2025-03-17 18:00:00,10603,25.44,77.66,24.31,87.31,52.34,2025.0,3
2025-03-17 19:00:00,10604,24.81,79.43,23.81,89.43,41.6,2025.0,3
2025-03-17 20:00:00,10605,24.96,78.6,24.01,87.83,46.75,2025.0,3
2025-03-17 21:00:00,10606,24.55,81.17,23.26,92.87,27.05,2025.0,3
2025-03-17 22:00:00,10607,24.06,82.3,22.95,93.8,37.9,2025.0,3
2025-03-17 23:00:00,10608,23.61,85.47,21.9,99.93,25.26,2025.0,3
2025-03-18 00:00:00,10609,22.68,88.5,21.12,100.0,19.21,2025.0,3
2025-03-18 01:00:00,10610,22.14,87.07,20.26,100.0,13.11,2025.0,3
2025-03-18 02:00:00,10611,22.14,86.62,20.27,100.0,14.86,2025.0,3
2025-03-18 03:00:00,10612,21.89,87.43,20.16,100.0,14.05,2025.0,3
2025-03-18 04:00:00,10613,21.67,89.13,20.24,100.0,12.82,2025.0,3
2025-03-18 05:00:00,10614,21.92,90.07,20.6,100.0,19.99,2025.0,3
2025-03-18 06:00:00,10615,22.39,88.9,20.97,100.0,23.25,2025.0,3
2025-03-18 07:00:00,10616,23.79,82.1,22.03,100.0,27.28,2025.0,3
2025-03-18 08:00:00,10617,25.16,76.6,22.9,99.57,27.47,2025.0,3
2025-03-18 09:00:00,10618,26.64,71.53,25.27,88.27,26.07,2025.0,3
2025-03-18 10:00:00,10619,27.63,68.77,26.73,74.9,30.5,2025.0,3
2025-03-18 11:00:00,10620,28.46,66.67,27.52,72.57,29.87,2025.0,3
2025-03-18 12:00:00,10621,28.77,65.83,27.9,72.07,35.97,2025.0,3
2025-03-18 13:00:00,10622,31.58,58.13,30.76,63.13,34.67,2025.0,3
2025-03-18 14:00:00,10623,31.15,58.7,29.33,68.13,33.3,2025.0,3
2025-03-18 15:00:00,10624,31.91,56.27,30.56,63.67,33.4,2025.0,3
2025-03-18 16:00:00,10625,31.95,55.2,28.9,67.57,33.97,2025.0,3
2025-03-18 17:00:00,10626,28.08,65.8,26.18,77.5,41.8,2025.0,3
2025-03-18 18:00:00,10627,26.19,72.67,24.96,82.2,49.0,2025.0,3
2025-03-18 19:00:00,10628,25.52,77.37,24.07,88.23,65.63,2025.0,3
2025-03-18 20:00:00,10629,25.06,78.87,23.86,89.23,,2025.0,3
2025-03-18 21:00:00,10630,24.98,79.23,23.8,89.8,,2025.0,3
2025-03-18 22:00:00,10631,24.74,81.57,23.4,93.7,,2025.0,3
2025-03-18 23:00:00,10632,24.52,83.1,23.26,95.0,,2025.0,3
2025-03-19 00:00:00,10633,24.3,83.53,23.08,95.6,,2025.0,3
2025-03-19 01:00:00,10634,23.98,80.3,23.0,89.67,38.34,2025.0,3
2025-03-19 02:00:00,10635,23.72,83.2,22.61,93.73,33.77,2025.0,3
2025-03-19 03:00:00,10636,23.21,86.0,22.2,96.03,29.84,2025.0,3
2025-03-19 04:00:00,10637,22.97,86.77,21.81,97.73,30.22,2025.0,3
2025-03-19 05:00:00,10638,22.85,88.0,21.47,99.97,29.26,2025.0,3
2025-03-19 06:00:00,10639,23.0,87.0,21.89,97.57,37.01,2025.0,3
2025-03-19 07:00:00,10640,24.83,81.33,24.27,88.73,40.8,2025.0,3
2025-03-19 08:00:00,10641,28.52,68.93,26.92,76.53,52.33,2025.0,3
2025-03-19 09:00:00,10642,32.09,55.6,30.85,60.2,33.4,2025.0,3
2025-03-19 10:00:00,10643,33.08,52.17,31.36,58.07,18.83,2025.0,3
2025-03-19 11:00:00,10644,34.08,48.8,31.68,56.47,20.8,2025.0,3
2025-03-19 12:00:00,10645,34.64,47.45,32.44,54.72,20.34,2025.0,3
2025-03-19 13:00:00,10646,35.98,45.7,33.74,53.37,27.5,2025.0,3
2025-03-19 14:00:00,10647,33.91,48.5,31.44,57.93,29.23,2025.0,3
2025-03-19 15:00:00,10648,31.78,52.1,30.05,60.57,28.43,2025.0,3
2025-03-19 16:00:00,10649,30.8,55.97,29.01,65.67,39.47,2025.0,3
2025-03-19 17:00:00,10650,28.79,63.9,27.4,74.33,50.2,2025.0,3
2025-03-19 18:00:00,10651,27.32,70.27,25.58,82.77,57.37,2025.0,3
2025-03-19 19:00:00,10652,25.82,78.27,24.36,90.63,64.35,2025.0,3
2025-03-19 20:00:00,10653,25.08,79.83,23.83,91.9,46.27,2025.0,3
2025-03-19 21:00:00,10654,24.47,81.1,23.26,93.4,33.14,2025.0,3
2025-03-19 22:00:00,10655,24.36,83.57,23.19,96.0,68.74,2025.0,3
2025-03-19 23:00:00,10656,24.21,85.0,23.13,97.57,60.17,2025.0,3
2025-03-20 00:00:00,10657,24.11,85.89,23.06,98.0,70.35,2025.0,3
2025-03-20 01:00:00,10658,23.79,86.53,22.8,98.0,53.15,2025.0,3
2025-03-20 02:00:00,10659,23.61,87.2,22.43,98.9,56.53,2025.0,3
2025-03-20 03:00:00,10660,23.48,87.2,22.68,96.53,50.36,2025.0,3
2025-03-20 04:00:00,10661,23.92,80.17,23.4,86.97,32.7,2025.0,3
2025-03-20 05:00:00,10662,24.37,76.9,23.64,83.1,32.2,2025.0,3
2025-03-20 06:00:00,10663,24.74,75.23,24.26,80.3,27.27,2025.0,3
2025-03-20 07:00:00,10664,26.43,70.52,26.29,73.97,18.31,2025.0,3
2025-03-20 08:00:00,10665,30.1,59.59,29.49,63.69,12.79,2025.0,3
2025-03-20 09:00:00,10666,32.01,54.53,30.85,60.23,8.47,2025.0,3
2025-03-20 10:00:00,10667,32.06,54.5,30.94,60.37,9.67,2025.0,3
2025-03-20 11:00:00,10668,33.21,52.07,31.59,59.13,12.03,2025.0,3
2025-03-20 12:00:00,10669,34.43,48.93,32.46,56.54,9.46,2025.0,3
2025-03-20 13:00:00,10670,34.18,48.53,32.75,55.17,10.53,2025.0,3
2025-03-20 14:00:00,10671,34.39,47.93,33.41,53.27,17.53,2025.0,3
2025-03-20 15:00:00,10672,33.71,49.0,31.88,57.13,24.63,2025.0,3
2025-03-20 16:00:00,10673,32.19,53.13,30.33,62.6,32.37,2025.0,3
2025-03-20 17:00:00,10674,29.06,63.93,27.67,73.93,38.8,2025.0,3
2025-03-20 18:00:00,10675,27.37,68.37,26.45,77.2,40.33,2025.0,3
2025-03-20 19:00:00,10676,26.97,70.03,26.01,79.1,47.4,2025.0,3
2025-03-20 20:00:00,10677,26.41,72.83,25.45,81.45,44.24,2025.0,3
2025-03-20 21:00:00,10678,25.63,75.8,24.74,83.97,44.57,2025.0,3
2025-03-20 22:00:00,10679,25.34,77.2,24.41,85.73,44.03,2025.0,3
2025-03-20 23:00:00,10680,24.88,78.8,23.84,88.6,50.27,2025.0,3
2025-03-21 00:00:00,10681,24.55,78.96,23.53,88.39,57.57,2025.0,3
2025-03-21 01:00:00,10682,24.4,78.9,23.36,88.53,45.49,2025.0,3
2025-03-21 02:00:00,10683,24.41,78.73,23.55,87.07,46.65,2025.0,3
2025-03-21 03:00:00,10684,24.48,78.67,23.5,87.7,47.37,2025.0,3
2025-03-21 04:00:00,10685,24.3,79.83,23.3,89.3,34.42,2025.0,3
2025-03-21 05:00:00,10686,23.69,79.97,22.79,88.93,30.71,2025.0,3
2025-03-21 06:00:00,10687,23.88,79.97,23.18,88.33,34.63,2025.0,3
2025-03-21 07:00:00,10688,26.54,73.33,26.33,77.43,42.27,2025.0,3
2025-03-21 08:00:00,10689,29.55,63.5,28.65,69.17,34.83,2025.0,3
2025-03-21 09:00:00,10690,29.57,62.53,28.43,69.43,39.9,2025.0,3
2025-03-21 10:00:00,10691,30.56,59.6,29.45,66.07,35.7,2025.0,3
2025-03-21 11:00:00,10692,32.31,54.79,30.4,63.21,35.14,2025.0,3
2025-03-21 12:00:00,10693,32.27,54.41,30.17,64.0,33.62,2025.0,3
2025-03-21 13:00:00,10694,33.1,52.73,31.46,60.37,36.0,2025.0,3
2025-03-21 14:00:00,10695,34.13,50.43,33.16,56.53,39.57,2025.0,3
2025-03-21 15:00:00,10696,33.18,52.23,30.35,63.77,41.63,2025.0,3
2025-03-21 16:00:00,10697,30.18,59.07,28.57,68.9,41.5,2025.0,3
2025-03-21 17:00:00,10698,28.95,63.47,27.14,74.37,42.83,2025.0,3
2025-03-21 18:00:00,10699,26.85,70.33,25.7,80.27,49.93,2025.0,3
2025-03-21 19:00:00,10700,26.2,74.3,25.04,84.07,61.83,2025.0,3
2025-03-21 20:00:00,10701,25.83,76.87,24.56,86.4,,2025.0,3
2025-03-21 21:00:00,10702,25.46,78.17,24.15,88.87,,2025.0,3
2025-03-21 22:00:00,10703,25.05,79.9,23.74,91.3,,2025.0,3
2025-03-21 23:00:00,10704,24.62,81.03,23.57,92.2,58.87,2025.0,3
2025-03-22 00:00:00,10705,24.29,82.61,23.17,94.32,71.95,2025.0,3
2025-03-22 01:00:00,10706,24.19,82.47,23.14,93.67,64.34,2025.0,3
2025-03-22 02:00:00,10707,24.09,82.93,22.88,94.57,74.88,2025.0,3
2025-03-22 03:00:00,10708,23.99,83.37,22.67,95.8,74.24,2025.0,3
2025-03-22 04:00:00,10709,23.79,82.67,22.55,94.2,58.8,2025.0,3
2025-03-22 05:00:00,10710,23.32,84.33,22.02,94.87,57.46,2025.0,3
2025-03-22 06:00:00,10711,23.92,83.67,23.23,92.23,67.64,2025.0,3
2025-03-22 07:00:00,10712,28.79,70.4,28.11,75.63,,2025.0,3
2025-03-22 08:00:00,10713,31.72,61.47,29.22,71.9,76.4,2025.0,3
2025-03-22 09:00:00,10714,31.74,59.97,29.84,68.83,51.53,2025.0,3
2025-03-22 10:00:00,10715,33.68,53.97,32.12,60.93,42.53,2025.0,3
2025-03-22 11:00:00,10716,34.77,49.83,32.75,57.83,36.1,2025.0,3
2025-03-22 12:00:00,10717,32.58,54.68,30.63,64.57,34.39,2025.0,3
2025-03-22 13:00:00,10718,32.38,54.8,31.39,62.03,35.03,2025.0,3
2025-03-22 14:00:00,10719,30.38,62.2,27.24,80.4,42.27,2025.0,3
2025-03-22 15:00:00,10720,27.2,71.6,24.29,98.4,41.9,2025.0,3
2025-03-22 16:00:00,10721,26.9,70.8,24.46,93.17,35.73,2025.0,3
2025-03-22 17:00:00,10722,26.04,73.0,25.1,81.57,39.5,2025.0,3
2025-03-22 18:00:00,10723,25.27,76.1,24.28,85.27,39.63,2025.0,3
2025-03-22 19:00:00,10724,25.24,77.8,24.33,86.63,42.93,2025.0,3
2025-03-22 20:00:00,10725,25.04,77.97,24.03,87.53,45.33,2025.0,3
2025-03-22 21:00:00,10726,24.9,79.07,23.56,90.03,49.64,2025.0,3
2025-03-22 22:00:00,10727,24.47,81.17,23.03,93.57,50.47,2025.0,3
2025-03-22 23:00:00,10728,24.01,82.17,22.74,94.6,75.33,2025.0,3
2025-03-23 00:00:00,10729,23.65,83.8,22.1,96.7,,2025.0,3
2025-03-23 01:00:00,10730,22.99,83.5,21.47,95.3,60.48,2025.0,3
2025-03-23 02:00:00,10731,22.53,84.63,20.99,96.83,64.74,2025.0,3
2025-03-23 03:00:00,10732,22.24,83.8,20.9,94.8,46.68,2025.0,3
2025-03-23 04:00:00,10733,21.97,83.97,20.59,95.23,53.64,2025.0,3
2025-03-23 05:00:00,10734,21.5,84.37,20.03,96.2,50.9,2025.0,3
2025-03-23 06:00:00,10735,22.42,81.0,21.79,87.87,48.3,2025.0,3
2025-03-23 07:00:00,10736,28.87,63.57,28.26,67.03,,2025.0,3
2025-03-23 08:00:00,10737,36.24,47.2,33.86,52.43,64.67,2025.0,3
2025-03-23 09:00:00,10738,34.92,46.87,32.08,55.13,25.17,2025.0,3
2025-03-23 10:00:00,10739,33.24,49.63,31.55,56.53,20.8,2025.0,3
2025-03-23 11:00:00,10740,32.48,50.83,30.81,58.77,18.47,2025.0,3
2025-03-23 12:00:00,10741,33.59,49.61,31.5,58.57,23.57,2025.0,3
2025-03-23 13:00:00,10742,34.33,47.67,33.19,53.83,25.03,2025.0,3
2025-03-23 14:00:00,10743,34.26,47.53,33.28,53.4,27.3,2025.0,3
2025-03-23 15:00:00,10744,32.6,52.53,30.81,62.27,39.3,2025.0,3
2025-03-23 16:00:00,10745,29.87,60.67,28.2,71.03,44.2,2025.0,3
2025-03-23 17:00:00,10746,27.7,67.47,26.62,76.53,46.07,2025.0,3
2025-03-23 18:00:00,10747,26.96,70.23,25.93,79.7,46.27,2025.0,3
2025-03-23 19:00:00,10748,26.37,75.03,25.39,84.53,56.37,2025.0,3
2025-03-23 20:00:00,10749,26.07,78.0,25.03,87.66,60.76,2025.0,3
2025-03-23 21:00:00,10750,25.58,79.43,24.58,89.37,51.9,2025.0,3
2025-03-23 22:00:00,10751,25.25,79.3,24.32,88.73,47.25,2025.0,3
2025-03-23 23:00:00,10752,25.14,75.1,24.4,81.97,41.07,2025.0,3
2025-03-24 00:00:00,10753,24.9,71.32,24.02,77.82,37.57,2025.0,3
2025-03-24 01:00:00,10754,24.56,68.93,23.71,75.13,46.7,2025.0,3
2025-03-24 02:00:00,10755,24.2,68.47,23.29,75.03,42.53,2025.0,3
2025-03-24 03:00:00,10756,24.26,67.7,23.62,73.2,22.53,2025.0,3
2025-03-24 04:00:00,10757,24.99,66.13,24.25,71.83,12.4,2025.0,3
2025-03-24 05:00:00,10758,24.3,68.67,23.32,75.63,15.4,2025.0,3
2025-03-24 06:00:00,10759,24.21,69.47,23.45,75.8,29.5,2025.0,3
2025-03-24 07:00:00,10760,25.76,65.47,25.11,70.87,29.7,2025.0,3
2025-03-24 08:00:00,10761,28.19,59.1,27.3,64.73,36.6,2025.0,3
2025-03-24 09:00:00,10762,30.89,54.63,29.92,60.03,36.83,2025.0,3
2025-03-24 10:00:00,10763,31.88,54.17,30.14,62.0,27.57,2025.0,3
2025-03-24 11:00:00,10764,32.74,50.93,30.73,59.4,26.67,2025.0,3
2025-03-24 12:00:00,10765,34.21,47.41,31.64,56.0,24.48,2025.0,3
2025-03-24 13:00:00,10766,34.59,46.7,33.01,53.63,26.73,2025.0,3
2025-03-24 14:00:00,10767,34.23,47.77,32.15,56.57,31.47,2025.0,3
2025-03-24 15:00:00,10768,29.08,64.03,26.64,79.57,44.17,2025.0,3
2025-03-24 16:00:00,10769,27.98,70.4,26.56,83.2,53.13,2025.0,3
2025-03-24 17:00:00,10770,28.27,68.63,26.57,79.77,49.9,2025.0,3
2025-03-24 18:00:00,10771,26.53,73.97,25.32,84.4,57.57,2025.0,3
2025-03-24 19:00:00,10772,26.1,76.9,24.98,86.47,70.53,2025.0,3
2025-03-24 20:00:00,10773,25.72,77.87,24.66,87.13,,2025.0,3
2025-03-24 21:00:00,10774,25.64,66.97,24.92,72.07,44.93,2025.0,3
2025-03-24 22:00:00,10775,25.5,61.6,24.72,67.0,26.63,2025.0,3
2025-03-24 23:00:00,10776,25.19,63.07,24.4,69.1,24.03,2025.0,3
2025-03-25 00:00:00,10777,24.72,66.39,23.86,73.29,28.11,2025.0,3
2025-03-25 01:00:00,10778,24.33,70.43,23.47,77.7,28.43,2025.0,3
2025-03-25 02:00:00,10779,23.92,72.13,22.7,80.8,33.8,2025.0,3
2025-03-25 03:00:00,10780,23.23,76.43,21.73,85.7,42.13,2025.0,3
2025-03-25 04:00:00,10781,22.56,79.0,21.06,89.5,55.01,2025.0,3
2025-03-25 05:00:00,10782,22.0,80.43,20.78,90.33,39.46,2025.0,3
2025-03-25 06:00:00,10783,23.06,76.6,22.4,82.8,53.97,2025.0,3
2025-03-25 07:00:00,10784,26.34,69.17,25.15,76.33,,2025.0,3
2025-03-25 08:00:00,10785,28.68,60.1,27.12,67.8,,2025.0,3
2025-03-25 09:00:00,10786,29.97,55.6,28.46,62.83,34.1,2025.0,3
2025-03-25 10:00:00,10787,29.49,58.97,28.4,66.97,23.53,2025.0,3
2025-03-25 11:00:00,10788,30.32,59.38,29.19,67.21,25.34,2025.0,3
2025-03-25 12:00:00,10789,31.61,56.43,29.91,65.1,30.83,2025.0,3
2025-03-25 13:00:00,10790,30.59,59.07,29.34,67.46,40.32,2025.0,3
2025-03-27 15:00:00,10840,,,25.65,88.58,43.46,2025.0,3
2025-03-27 16:00:00,10841,26.59,77.0,25.84,86.13,39.87,2025.0,3
2025-03-27 17:00:00,10842,26.16,78.0,25.18,87.03,44.5,2025.0,3
2025-03-27 18:00:00,10843,25.35,79.6,24.38,88.8,36.65,2025.0,3
2025-03-27 19:00:00,10844,24.85,82.3,23.78,93.2,46.21,2025.0,3
2025-03-27 20:00:00,10845,24.66,83.73,23.78,93.97,63.94,2025.0,3
2025-03-27 21:00:00,10846,24.48,83.97,23.6,94.0,43.64,2025.0,3
2025-03-27 22:00:00,10847,24.41,84.03,23.7,93.63,37.94,2025.0,3
2025-03-27 23:00:00,10848,24.15,85.23,23.08,96.43,38.52,2025.0,3
2025-03-28 00:00:00,10849,23.74,87.76,22.74,99.45,63.07,2025.0,3
2025-03-28 01:00:00,10850,23.56,90.07,22.62,100.0,,2025.0,3
2025-03-28 02:00:00,10851,23.56,89.6,22.67,99.33,65.91,2025.0,3
2025-03-28 03:00:00,10852,23.41,90.1,22.53,99.5,77.68,2025.0,3
2025-03-28 04:00:00,10853,23.36,90.23,22.47,99.6,66.26,2025.0,3
2025-03-28 05:00:00,10854,23.39,89.7,22.52,98.83,60.93,2025.0,3
2025-03-28 06:00:00,10855,24.0,86.33,23.64,93.83,73.83,2025.0,3
2025-03-28 07:00:00,10856,29.17,71.2,28.89,74.6,37.63,2025.0,3
2025-03-28 08:00:00,10857,33.22,57.27,30.41,66.77,12.6,2025.0,3
2025-03-28 09:00:00,10858,32.73,56.33,30.89,64.67,6.47,2025.0,3
2025-03-28 10:00:00,10859,34.01,52.97,32.01,60.8,5.7,2025.0,3
2025-03-28 11:00:00,10860,32.41,55.53,30.42,64.63,5.1,2025.0,3
2025-03-28 12:00:00,10861,31.82,57.11,29.89,66.79,3.11,2025.0,3
2025-03-28 13:00:00,10862,30.9,59.07,29.87,66.13,4.57,2025.0,3
2025-03-28 14:00:00,10863,32.5,55.67,30.84,64.4,26.17,2025.0,3
2025-03-28 15:00:00,10864,29.1,65.57,27.38,76.1,21.57,2025.0,3
2025-03-28 16:00:00,10865,27.28,71.1,26.08,80.83,28.23,2025.0,3
2025-03-28 17:00:00,10866,25.9,76.87,24.53,88.33,30.53,2025.0,3
2025-03-28 18:00:00,10867,23.72,84.6,22.17,100.0,19.54,2025.0,3
2025-03-28 19:00:00,10868,23.84,84.17,22.81,99.97,21.22,2025.0,3
2025-03-28 20:00:00,10869,24.0,82.7,23.3,94.4,30.09,2025.0,3
2025-03-28 21:00:00,10870,24.14,79.87,23.41,88.2,43.48,2025.0,3
2025-03-28 22:00:00,10871,24.05,80.77,23.31,89.5,43.42,2025.0,3
2025-03-28 23:00:00,10872,23.93,82.23,22.98,92.4,38.7,2025.0,3
2025-03-29 00:00:00,10873,23.76,80.61,23.12,88.57,34.0,2025.0,3
2025-03-29 01:00:00,10874,23.75,79.63,22.92,87.93,30.15,2025.0,3
2025-03-29 02:00:00,10875,23.77,78.6,23.2,85.27,8.82,2025.0,3
2025-03-29 03:00:00,10876,23.68,78.7,22.99,85.93,2.27,2025.0,3
2025-03-29 04:00:00,10877,23.28,81.55,22.47,89.17,10.28,2025.0,3
2025-03-29 05:00:00,10878,22.96,83.7,22.04,92.7,18.51,2025.0,3
2025-03-29 06:00:00,10879,23.37,83.03,22.79,90.59,31.35,2025.0,3
2025-03-29 07:00:00,10880,24.87,78.0,24.22,84.47,41.25,2025.0,3
2025-03-29 08:00:00,10881,29.42,65.8,29.19,68.9,38.57,2025.0,3
2025-03-29 09:00:00,10882,35.37,49.33,33.24,55.03,26.87,2025.0,3
2025-04-07 10:00:00,11099,34.23,49.73,32.68,55.3,16.6,2025.0,4
2025-04-07 11:00:00,11100,34.49,45.57,32.25,51.9,5.07,2025.0,4
2025-04-07 12:00:00,11101,33.95,46.2,31.96,52.43,5.87,2025.0,4
2025-04-07 13:00:00,11102,34.2,43.43,33.26,46.53,4.87,2025.0,4
2025-04-07 14:00:00,11103,34.96,43.5,35.37,45.13,6.57,2025.0,4
2025-04-07 15:00:00,11104,36.03,42.83,33.72,49.87,7.67,2025.0,4
2025-04-07 16:00:00,11105,32.59,50.13,30.62,59.5,13.8,2025.0,4
2025-04-07 17:00:00,11106,31.33,56.8,28.91,68.9,26.37,2025.0,4
2025-04-07 18:00:00,11107,28.2,70.43,26.89,81.23,67.97,2025.0,4
2025-04-07 19:00:00,11108,26.93,76.3,26.05,86.53,74.1,2025.0,4
2025-04-07 20:00:00,11109,26.66,74.67,25.6,84.2,47.1,2025.0,4
2025-04-07 21:00:00,11110,25.53,76.03,24.28,85.37,35.6,2025.0,4
2025-04-07 22:00:00,11111,24.45,78.7,23.33,88.9,42.77,2025.0,4
2025-04-07 23:00:00,11112,23.71,80.03,22.63,89.7,30.79,2025.0,4
2025-04-08 00:00:00,11113,22.93,82.46,21.8,92.21,40.73,2025.0,4
2025-04-08 01:00:00,11114,22.28,83.07,21.14,92.93,54.09,2025.0,4
2025-04-08 02:00:00,11115,21.77,82.97,20.71,92.57,48.06,2025.0,4
2025-04-08 03:00:00,11116,21.38,83.4,20.37,93.1,34.57,2025.0,4
2025-04-08 04:00:00,11117,21.22,86.07,20.22,96.57,44.42,2025.0,4
2025-04-08 05:00:00,11118,20.8,87.37,19.78,97.17,52.28,2025.0,4
2025-04-08 06:00:00,11119,21.29,84.97,20.68,92.1,44.22,2025.0,4
2025-04-08 07:00:00,11120,25.08,75.9,25.44,77.87,57.21,2025.0,4
2025-04-08 08:00:00,11121,34.04,51.87,32.75,55.37,57.23,2025.0,4
2025-04-08 09:00:00,11122,34.64,47.9,32.35,54.8,39.3,2025.0,4
2025-04-08 10:00:00,11123,33.06,46.0,32.1,49.67,3.67,2025.0,4
2025-04-08 11:00:00,11124,34.03,43.0,32.44,47.03,4.7,2025.0,4
2025-04-08 12:00:00,11125,34.98,44.14,32.24,52.43,14.86,2025.0,4
2025-04-08 13:00:00,11126,33.62,50.0,32.42,57.24,39.76,2025.0,4
2025-04-08 14:00:00,11127,35.76,47.8,33.62,57.27,46.33,2025.0,4
2025-04-08 15:00:00,11128,31.88,56.67,30.03,66.7,54.1,2025.0,4
2025-04-08 16:00:00,11129,30.6,59.87,28.5,71.17,53.07,2025.0,4
2025-04-08 17:00:00,11130,29.44,63.47,27.62,74.2,54.7,2025.0,4
2025-04-08 18:00:00,11131,28.01,70.37,26.45,81.3,57.53,2025.0,4
2025-04-08 19:00:00,11132,26.96,74.37,25.46,85.53,65.07,2025.0,4
2025-04-08 20:00:00,11133,25.86,78.0,24.52,88.6,61.97,2025.0,4
2025-04-08 21:00:00,11134,25.26,79.5,24.04,90.3,47.83,2025.0,4
2025-04-08 22:00:00,11135,24.71,81.0,23.47,92.47,47.3,2025.0,4
2025-04-08 23:00:00,11136,24.61,81.33,23.48,92.43,60.1,2025.0,4
2025-04-09 00:00:00,11137,24.5,82.0,23.27,93.31,59.47,2025.0,4
2025-04-09 01:00:00,11138,24.07,83.1,22.79,95.07,51.41,2025.0,4
2025-04-09 02:00:00,11139,23.74,84.67,22.5,96.43,56.35,2025.0,4
2025-04-09 03:00:00,11140,23.38,86.9,22.09,98.2,54.34,2025.0,4
2025-04-09 04:00:00,11141,23.07,88.0,21.8,99.3,50.54,2025.0,4
2025-04-09 05:00:00,11142,22.84,88.43,21.58,99.57,46.63,2025.0,4
2025-04-09 06:00:00,11143,23.69,86.3,23.05,94.8,54.65,2025.0,4
2025-04-09 07:00:00,11144,25.57,80.03,24.64,88.63,87.74,2025.0,4
2025-04-09 08:00:00,11145,31.46,64.03,30.32,69.23,81.2,2025.0,4
2025-04-09 09:00:00,11146,31.35,60.27,30.75,64.93,47.97,2025.0,4
2025-04-09 10:00:00,11147,33.1,54.37,32.81,57.57,39.77,2025.0,4
2025-04-09 11:00:00,11148,33.72,52.1,33.1,56.17,37.93,2025.0,4
2025-04-09 12:00:00,11149,33.78,51.86,32.25,58.79,35.79,2025.0,4
2025-04-09 13:00:00,11150,32.8,55.93,30.7,65.8,44.63,2025.0,4
2025-04-09 14:00:00,11151,31.05,62.1,29.31,71.47,49.37,2025.0,4
2025-04-09 15:00:00,11152,30.61,61.03,28.66,71.1,41.63,2025.0,4
2025-04-09 16:00:00,11153,27.98,70.57,26.67,80.17,46.73,2025.0,4
2025-04-09 17:00:00,11154,27.23,72.5,25.92,82.57,47.73,2025.0,4
2025-04-09 18:00:00,11155,26.08,78.7,24.98,88.6,49.52,2025.0,4
2025-04-09 19:00:00,11156,25.74,80.57,24.49,91.83,47.93,2025.0,4
2025-04-09 20:00:00,11157,25.38,81.97,24.06,93.73,57.53,2025.0,4
2025-04-09 21:00:00,11158,24.92,82.8,23.65,94.83,53.76,2025.0,4
2025-04-09 22:00:00,11159,24.68,82.77,23.52,93.8,68.12,2025.0,4
2025-04-09 23:00:00,11160,24.04,83.3,22.77,94.97,64.05,2025.0,4
2025-04-10 00:00:00,11161,23.57,86.07,22.37,97.1,72.13,2025.0,4
2025-04-10 01:00:00,11162,23.37,86.0,22.09,96.37,67.69,2025.0,4
2025-04-10 02:00:00,11163,23.21,85.8,22.16,95.67,80.18,2025.0,4
2025-04-10 03:00:00,11164,23.45,85.73,22.24,95.7,77.52,2025.0,4
2025-04-10 04:00:00,11165,23.04,86.5,21.8,97.03,64.5,2025.0,4
2025-04-10 05:00:00,11166,22.63,87.3,21.42,98.1,65.53,2025.0,4
2025-04-10 06:00:00,11167,23.18,85.33,22.41,93.77,70.73,2025.0,4
2025-04-10 07:00:00,11168,25.29,79.97,24.4,88.0,88.23,2025.0,4
2025-04-10 08:00:00,11169,28.32,72.13,27.83,77.23,,2025.0,4
2025-04-10 09:00:00,11170,32.93,59.13,32.05,63.63,,2025.0,4
2025-04-10 10:00:00,11171,35.8,50.3,35.17,53.8,55.03,2025.0,4
2025-04-10 11:00:00,11172,36.07,50.3,32.65,61.6,77.27,2025.0,4
2025-04-10 12:00:00,11173,32.71,57.21,31.11,66.04,62.43,2025.0,4
2025-04-10 13:00:00,11174,30.18,64.03,26.2,84.43,48.67,2025.0,4
2025-04-10 14:00:00,11175,24.48,83.37,22.72,100.0,35.44,2025.0,4
2025-04-10 15:00:00,11176,27.04,78.33,24.19,100.0,62.49,2025.0,4
2025-04-10 16:00:00,11177,26.12,79.1,23.39,100.0,64.92,2025.0,4
2025-04-10 17:00:00,11178,23.19,85.7,21.19,100.0,29.86,2025.0,4
2025-04-10 18:00:00,11179,22.9,87.2,21.06,100.0,37.48,2025.0,4
2025-04-10 19:00:00,11180,23.28,87.27,21.43,100.0,55.92,2025.0,4
2025-04-10 20:00:00,11181,23.42,86.67,21.41,100.0,38.55,2025.0,4
2025-04-10 21:00:00,11182,23.1,88.53,21.47,100.0,45.94,2025.0,4
2025-04-10 22:00:00,11183,22.78,90.13,21.32,100.0,68.01,2025.0,4
2025-04-10 23:00:00,11184,22.62,90.77,21.25,100.0,72.52,2025.0,4
2025-04-11 00:00:00,11185,22.7,90.96,21.33,100.0,59.96,2025.0,4
2025-04-11 01:00:00,11186,22.44,89.77,20.96,100.0,40.87,2025.0,4
2025-04-11 02:00:00,11187,22.17,89.77,20.73,100.0,45.74,2025.0,4
2025-04-11 03:00:00,11188,22.09,90.5,20.75,100.0,46.25,2025.0,4
2025-04-11 04:00:00,11189,22.07,91.77,20.86,100.0,55.05,2025.0,4
2025-04-11 05:00:00,11190,21.8,92.0,20.5,100.0,65.95,2025.0,4
2025-04-11 06:00:00,11191,22.13,91.7,21.1,100.0,54.9,2025.0,4
2025-04-11 07:00:00,11192,26.55,79.5,25.11,99.83,78.85,2025.0,4
2025-04-11 08:00:00,11193,33.81,59.13,29.06,96.67,68.77,2025.0,4
2025-04-11 09:00:00,11194,34.51,54.7,31.58,74.23,64.87,2025.0,4
2025-04-11 10:00:00,11195,34.31,52.97,33.84,57.33,42.17,2025.0,4
2025-04-11 11:00:00,11196,34.98,50.83,33.83,57.27,29.5,2025.0,4
2025-04-11 12:00:00,11197,33.26,54.0,30.91,64.07,24.67,2025.0,4
2025-04-11 13:00:00,11198,30.01,63.1,27.98,74.63,33.23,2025.0,4
2025-04-11 14:00:00,11199,28.21,70.97,26.24,83.13,51.23,2025.0,4
2025-04-11 15:00:00,11200,26.47,76.6,24.81,89.13,59.44,2025.0,4
2025-04-11 16:00:00,11201,25.29,82.24,23.53,97.28,50.34,2025.0,4
2025-04-11 17:00:00,11202,24.05,85.27,22.38,99.67,34.42,2025.0,4
2025-04-11 18:00:00,11203,23.87,86.97,22.13,100.0,33.92,2025.0,4
2025-04-11 19:00:00,11204,23.33,85.23,20.98,100.0,18.25,2025.0,4
2025-04-11 20:00:00,11205,22.86,88.4,21.14,100.0,16.53,2025.0,4
2025-04-11 21:00:00,11206,22.84,89.13,21.2,100.0,22.85,2025.0,4
2025-04-11 22:00:00,11207,22.83,89.17,21.15,100.0,16.71,2025.0,4
2025-04-11 23:00:00,11208,22.96,89.9,21.4,100.0,29.86,2025.0,4
2025-04-12 00:00:00,11209,23.14,90.0,21.51,100.0,34.74,2025.0,4
2025-04-12 01:00:00,11210,23.06,90.47,21.52,100.0,35.87,2025.0,4
2025-04-12 02:00:00,11211,23.08,90.83,21.55,100.0,44.42,2025.0,4
2025-04-12 03:00:00,11212,22.98,90.63,21.42,100.0,31.94,2025.0,4
2025-04-12 04:00:00,11213,22.65,91.17,21.19,100.0,37.41,2025.0,4
2025-04-12 05:00:00,11214,22.34,92.0,21.02,100.0,42.08,2025.0,4
2025-04-12 06:00:00,11215,22.67,92.4,21.52,100.0,51.43,2025.0,4
2025-04-12 07:00:00,11216,24.94,84.53,23.31,100.0,59.79,2025.0,4
2025-04-12 08:00:00,11217,31.06,68.53,28.04,98.77,63.87,2025.0,4
2025-04-12 09:00:00,11218,33.86,58.87,28.22,97.3,54.33,2025.0,4
2025-04-12 10:00:00,11219,32.12,60.47,29.26,79.3,50.9,2025.0,4
2025-04-12 11:00:00,11220,29.89,65.17,28.1,75.47,49.37,2025.0,4
2025-04-12 12:00:00,11221,30.59,64.21,29.42,72.14,55.21,2025.0,4
2025-04-12 13:00:00,11222,33.6,55.97,31.88,63.97,45.87,2025.0,4
2025-04-12 14:00:00,11223,35.2,51.87,32.97,61.33,48.2,2025.0,4
2025-04-12 15:00:00,11224,35.21,53.13,32.04,65.77,42.67,2025.0,4
2025-04-12 16:00:00,11225,28.38,73.57,24.32,96.7,45.9,2025.0,4
2025-04-12 17:00:00,11226,25.28,81.5,22.58,100.0,24.32,2025.0,4
2025-04-12 18:00:00,11227,25.0,82.87,22.48,100.0,36.52,2025.0,4
2025-04-12 19:00:00,11228,24.46,84.2,22.27,100.0,36.85,2025.0,4
2025-04-12 20:00:00,11229,24.44,86.1,22.57,100.0,44.04,2025.0,4
2025-04-12 21:00:00,11230,24.14,85.43,22.08,100.0,35.04,2025.0,4
2025-04-12 22:00:00,11231,23.51,87.97,21.75,100.0,28.88,2025.0,4
2025-04-12 23:00:00,11232,23.36,89.5,21.76,100.0,30.53,2025.0,4
2025-04-13 00:00:00,11233,23.29,90.0,21.75,100.0,30.52,2025.0,4
2025-04-13 01:00:00,11234,23.19,89.9,21.57,100.0,31.04,2025.0,4
2025-04-13 02:00:00,11235,22.66,90.23,21.1,100.0,28.41,2025.0,4
2025-04-13 03:00:00,11236,22.5,90.5,20.98,100.0,27.45,2025.0,4
2025-04-13 04:00:00,11237,22.46,91.2,21.04,100.0,29.39,2025.0,4
2025-04-13 05:00:00,11238,22.26,91.96,20.95,100.0,32.16,2025.0,4
2025-04-14 10:00:00,11267,35.67,51.2,35.73,53.67,44.23,2025.0,4
2025-04-14 11:00:00,11268,37.17,46.4,34.45,54.4,41.67,2025.0,4
2025-04-14 12:00:00,11269,37.11,45.86,34.03,55.38,26.93,2025.0,4
2025-04-14 13:00:00,11270,35.21,51.67,34.32,58.6,28.97,2025.0,4
2025-04-14 14:00:00,11271,34.87,52.93,33.22,61.6,20.6,2025.0,4
2025-04-14 15:00:00,11272,29.23,67.9,28.46,76.63,31.57,2025.0,4
2025-04-14 16:00:00,11273,27.96,73.33,26.16,86.53,32.13,2025.0,4
2025-04-14 17:00:00,11274,26.21,77.9,24.99,88.57,37.47,2025.0,4
2025-04-14 18:00:00,11275,25.33,82.63,23.71,96.0,27.89,2025.0,4
2025-04-14 19:00:00,11276,24.34,89.17,23.06,100.0,31.07,2025.0,4
2025-04-14 20:00:00,11277,24.47,89.37,23.02,100.0,30.37,2025.0,4
2025-04-14 21:00:00,11278,24.3,89.1,22.82,100.0,27.63,2025.0,4
2025-04-14 22:00:00,11279,24.33,88.73,22.69,100.0,30.28,2025.0,4
2025-04-14 23:00:00,11280,24.21,88.0,22.46,100.0,27.34,2025.0,4
2025-04-15 00:00:00,11281,24.05,88.35,22.57,100.0,28.58,2025.0,4
2025-04-15 01:00:00,11282,23.98,88.7,22.59,100.0,29.88,2025.0,4
2025-04-15 02:00:00,11283,23.93,87.87,22.53,100.0,26.55,2025.0,4
2025-04-15 03:00:00,11284,23.68,88.03,22.36,100.0,22.85,2025.0,4
2025-04-15 04:00:00,11285,23.67,89.63,22.44,100.0,32.54,2025.0,4
2025-04-15 05:00:00,11286,23.75,88.97,22.5,100.0,33.01,2025.0,4
2025-04-15 06:00:00,11287,24.14,87.37,22.85,100.0,29.37,2025.0,4
2025-04-15 07:00:00,11288,25.43,83.7,23.64,100.0,33.57,2025.0,4
2025-04-15 08:00:00,11289,25.61,79.87,23.41,100.0,24.73,2025.0,4
2025-04-15 09:00:00,11290,26.32,76.93,24.1,99.8,31.53,2025.0,4
2025-04-15 10:00:00,11291,27.22,75.57,26.32,85.5,48.53,2025.0,4
2025-04-15 11:00:00,11292,26.54,77.13,24.82,89.43,48.27,2025.0,4
2025-04-15 12:00:00,11293,27.1,74.0,24.66,97.57,27.46,2025.0,4
2025-04-15 13:00:00,11294,29.3,66.97,28.41,76.0,26.23,2025.0,4
2025-04-15 14:00:00,11295,33.25,57.1,31.71,63.6,25.83,2025.0,4
2025-04-15 15:00:00,11296,30.43,63.67,28.27,74.07,29.17,2025.0,4
2025-04-15 16:00:00,11297,28.36,70.87,26.52,81.93,49.7,2025.0,4
2025-04-15 17:00:00,11298,26.25,77.2,24.94,87.3,58.13,2025.0,4
2025-04-15 18:00:00,11299,25.0,81.53,23.76,92.97,43.03,2025.0,4
2025-04-15 19:00:00,11300,24.3,81.93,23.29,92.53,33.84,2025.0,4
2025-04-15 20:00:00,11301,24.03,82.97,22.85,94.47,40.89,2025.0,4
2025-04-15 21:00:00,11302,23.64,84.8,22.51,96.07,41.0,2025.0,4
2025-04-15 22:00:00,11303,23.46,87.27,22.24,98.2,62.62,2025.0,4
2025-04-15 23:00:00,11304,23.18,88.9,21.92,99.87,75.15,2025.0,4
2025-04-16 00:00:00,11305,22.95,89.73,21.8,100.0,89.04,2025.0,4
2025-04-16 01:00:00,11306,22.87,90.53,21.63,100.0,90.38,2025.0,4
2025-04-16 02:00:00,11307,22.65,91.2,21.43,100.0,,2025.0,4
2025-04-16 03:00:00,11308,22.33,92.1,21.11,100.0,89.91,2025.0,4
2025-04-16 04:00:00,11309,22.05,92.93,20.85,100.0,87.14,2025.0,4
2025-04-16 05:00:00,11310,21.9,93.03,20.72,100.0,75.51,2025.0,4
2025-04-16 06:00:00,11311,22.73,92.1,21.87,100.0,84.84,2025.0,4
2025-04-16 07:00:00,11312,27.41,77.07,27.06,82.07,79.9,2025.0,4
2025-04-16 08:00:00,11313,30.77,66.47,29.56,72.0,82.47,2025.0,4
2025-04-16 09:00:00,11314,32.75,59.83,32.33,63.5,72.2,2025.0,4
2025-04-16 10:00:00,11315,33.61,56.1,33.64,58.67,44.73,2025.0,4
2025-04-16 11:00:00,11316,34.77,48.83,33.77,52.47,29.77,2025.0,4
2025-04-16 12:00:00,11317,34.81,43.11,32.68,48.3,23.56,2025.0,4
2025-04-16 13:00:00,11318,34.49,46.77,34.05,50.47,30.67,2025.0,4
2025-04-16 14:00:00,11319,34.6,46.17,33.65,51.47,29.07,2025.0,4
2025-04-16 15:00:00,11320,31.75,56.8,30.19,65.87,35.87,2025.0,4
2025-04-16 16:00:00,11321,29.85,63.2,28.37,73.27,43.27,2025.0,4
2025-04-16 17:00:00,11322,28.97,66.07,27.38,76.27,47.97,2025.0,4
2025-04-16 18:00:00,11323,27.77,72.97,26.37,83.33,82.1,2025.0,4
2025-04-16 19:00:00,11324,27.05,75.77,25.68,86.5,,2025.0,4
2025-04-16 20:00:00,11325,26.25,79.13,24.89,90.37,79.86,2025.0,4
2025-04-16 21:00:00,11326,25.39,81.4,24.08,92.77,48.51,2025.0,4
2025-04-16 22:00:00,11327,25.29,82.03,24.12,93.07,61.64,2025.0,4
2025-04-16 23:00:00,11328,25.11,82.7,23.94,93.9,85.27,2025.0,4
2025-04-17 00:00:00,11329,24.96,82.43,23.86,93.1,64.66,2025.0,4
2025-04-17 01:00:00,11330,24.52,81.7,23.34,92.3,46.32,2025.0,4
2025-04-17 02:00:00,11331,23.73,83.47,22.52,94.07,56.01,2025.0,4
2025-04-17 03:00:00,11332,23.47,83.4,22.41,92.27,48.49,2025.0,4
2025-04-17 04:00:00,11333,23.27,83.53,21.97,93.23,42.1,2025.0,4
2025-04-17 05:00:00,11334,22.28,84.17,20.79,95.37,35.35,2025.0,4
2025-04-17 06:00:00,11335,22.87,82.93,22.19,90.5,47.88,2025.0,4
2025-04-17 07:00:00,11336,27.99,67.8,27.51,71.1,61.13,2025.0,4
2025-04-17 08:00:00,11337,32.29,55.97,29.76,64.37,71.03,2025.0,4
2025-04-17 09:00:00,11338,33.51,51.0,31.35,57.73,52.63,2025.0,4
2025-04-17 10:00:00,11339,34.29,46.53,32.82,51.03,45.13,2025.0,4
2025-04-17 11:00:00,11340,32.81,48.2,31.42,53.87,32.37,2025.0,4
2025-04-17 12:00:00,11341,31.55,54.24,30.34,60.52,37.28,2025.0,4
2025-04-17 13:00:00,11342,30.58,58.43,29.2,66.63,42.97,2025.0,4
2025-04-17 14:00:00,11343,31.51,56.33,30.15,63.83,44.67,2025.0,4
2025-04-17 15:00:00,11344,32.8,53.53,30.36,63.8,47.67,2025.0,4
2025-04-17 16:00:00,11345,32.42,54.27,29.59,65.73,54.83,2025.0,4
2025-04-17 17:00:00,11346,28.75,66.27,26.94,77.5,59.27,2025.0,4
2025-04-17 18:00:00,11347,27.23,74.47,25.87,85.4,84.77,2025.0,4
2025-04-17 19:00:00,11348,26.68,76.83,25.44,88.07,,2025.0,4
2025-04-17 20:00:00,11349,26.07,77.87,24.88,87.43,69.7,2025.0,4
2025-04-17 21:00:00,11350,25.58,79.77,24.43,90.0,51.74,2025.0,4
2025-04-17 22:00:00,11351,25.3,81.47,24.31,91.57,45.96,2025.0,4
2025-04-17 23:00:00,11352,25.08,82.13,24.09,92.5,59.81,2025.0,4
2025-04-18 00:00:00,11353,24.82,82.96,23.77,93.57,65.56,2025.0,4
2025-04-18 01:00:00,11354,24.43,83.73,23.35,94.7,64.36,2025.0,4
2025-04-18 02:00:00,11355,24.42,84.73,23.51,94.97,66.31,2025.0,4
2025-04-18 03:00:00,11356,24.34,85.63,23.1,97.6,62.98,2025.0,4
2025-04-18 04:00:00,11357,23.99,86.37,22.7,98.4,58.25,2025.0,4
2025-04-18 05:00:00,11358,23.6,88.33,22.11,100.0,35.64,2025.0,4
2025-04-18 06:00:00,11359,23.83,88.83,22.33,100.0,41.05,2025.0,4
2025-04-18 07:00:00,11360,26.17,82.47,24.55,99.7,71.31,2025.0,4
2025-04-18 08:00:00,11361,30.82,68.67,28.24,89.33,85.27,2025.0,4
2025-04-18 09:00:00,11362,31.68,63.73,30.05,71.27,61.83,2025.0,4
2025-04-18 10:00:00,11363,33.58,57.53,31.05,67.37,58.53,2025.0,4
2025-04-18 11:00:00,11364,35.32,51.27,33.38,58.57,52.83,2025.0,4
2025-04-18 12:00:00,11365,36.24,47.32,33.31,56.5,42.64,2025.0,4
2025-04-18 13:00:00,11366,33.87,52.77,31.49,63.2,44.33,2025.0,4
2025-04-18 14:00:00,11367,31.3,60.57,29.85,69.43,47.4,2025.0,4
2025-04-18 15:00:00,11368,29.41,63.23,27.5,73.73,42.97,2025.0,4
2025-04-18 16:00:00,11369,24.04,78.3,21.94,93.67,23.18,2025.0,4
2025-04-18 17:00:00,11370,23.35,87.17,21.6,100.0,26.33,2025.0,4
2025-04-18 18:00:00,11371,22.98,87.13,21.07,100.0,22.67,2025.0,4
2025-04-18 19:00:00,11372,22.95,87.5,21.04,100.0,25.24,2025.0,4
2025-04-18 20:00:00,11373,22.88,87.83,21.01,100.0,32.41,2025.0,4
2025-04-18 21:00:00,11374,22.89,87.97,21.04,100.0,30.93,2025.0,4
2025-04-18 22:00:00,11375,22.95,88.5,21.14,100.0,30.08,2025.0,4
2025-04-18 23:00:00,11376,23.02,88.07,21.31,100.0,37.59,2025.0,4
2025-04-19 00:00:00,11377,23.02,88.56,21.47,100.0,48.12,2025.0,4
2025-04-19 01:00:00,11378,22.78,88.93,21.29,100.0,34.3,2025.0,4
2025-04-19 02:00:00,11379,22.61,89.83,21.19,100.0,36.11,2025.0,4
2025-04-19 03:00:00,11380,22.45,90.8,21.15,100.0,35.62,2025.0,4
2025-04-19 04:00:00,11381,22.41,91.0,21.07,100.0,42.34,2025.0,4
2025-04-19 05:00:00,11382,22.42,91.63,21.07,100.0,44.62,2025.0,4
2025-04-19 06:00:00,11383,22.85,90.77,21.71,100.0,55.3,2025.0,4
2025-04-19 07:00:00,11384,25.6,81.8,23.86,100.0,60.79,2025.0,4
2025-04-19 08:00:00,11385,29.95,69.57,27.35,98.67,71.97,2025.0,4
2025-04-19 09:00:00,11386,36.04,53.5,32.84,77.47,62.17,2025.0,4
2025-04-19 10:00:00,11387,36.15,50.97,34.52,57.73,51.77,2025.0,4
2025-04-19 11:00:00,11388,36.48,48.23,34.72,54.6,29.53,2025.0,4
2025-04-19 12:00:00,11389,35.61,46.39,32.96,54.96,18.93,2025.0,4
2025-04-19 13:00:00,11390,36.12,44.93,35.84,48.4,21.13,2025.0,4
2025-04-19 14:00:00,11391,35.57,49.47,34.62,55.9,26.83,2025.0,4
2025-04-19 15:00:00,11392,33.98,55.67,31.67,67.07,42.07,2025.0,4
2025-04-19 16:00:00,11393,29.68,66.7,28.2,77.47,54.3,2025.0,4
2025-04-19 17:00:00,11394,27.78,74.97,26.14,88.17,68.47,2025.0,4
2025-04-19 18:00:00,11395,24.77,83.53,22.85,99.87,33.47,2025.0,4
2025-04-19 19:00:00,11396,23.67,87.3,22.2,100.0,30.89,2025.0,4
2025-04-19 20:00:00,11397,23.58,89.9,22.32,100.0,32.09,2025.0,4
2025-04-19 21:00:00,11398,23.62,90.17,22.29,100.0,34.39,2025.0,4
2025-04-19 22:00:00,11399,23.65,89.83,22.27,100.0,35.22,2025.0,4
2025-04-19 23:00:00,11400,23.7,89.63,22.22,100.0,36.47,2025.0,4
2025-04-20 00:00:00,11401,23.53,91.88,22.22,100.0,43.27,2025.0,4
2025-04-20 01:00:00,11402,23.51,92.53,22.24,100.0,51.3,2025.0,4
2025-04-20 02:00:00,11403,23.51,91.9,22.11,100.0,48.33,2025.0,4
2025-04-20 03:00:00,11404,23.28,89.9,21.7,100.0,37.41,2025.0,4
2025-04-20 04:00:00,11405,22.93,88.87,21.29,100.0,26.4,2025.0,4
2025-04-20 05:00:00,11406,22.72,89.17,21.25,100.0,26.89,2025.0,4
2025-04-20 06:00:00,11407,23.05,89.63,21.78,100.0,46.68,2025.0,4
2025-04-20 07:00:00,11408,25.04,83.97,23.65,100.0,57.09,2025.0,4
2025-04-20 08:00:00,11409,28.81,73.03,25.77,99.83,67.73,2025.0,4
2025-04-20 09:00:00,11410,30.95,64.63,26.96,98.33,49.57,2025.0,4
2025-04-20 10:00:00,11411,34.68,53.17,32.75,63.97,39.33,2025.0,4
2025-04-20 11:00:00,11412,35.38,50.03,33.3,57.67,41.5,2025.0,4
2025-04-20 12:00:00,11413,36.24,46.89,33.83,54.5,32.46,2025.0,4
2025-04-20 13:00:00,11414,36.59,45.03,35.12,50.57,26.47,2025.0,4
2025-04-20 14:00:00,11415,35.56,47.97,35.09,53.03,23.5,2025.0,4
2025-04-20 15:00:00,11416,33.82,55.4,32.97,62.07,30.27,2025.0,4
2025-04-20 16:00:00,11417,33.33,54.57,30.88,65.87,30.87,2025.0,4
2025-04-20 17:00:00,11418,30.02,61.87,28.04,73.17,27.27,2025.0,4
2025-04-20 18:00:00,11419,27.45,72.5,25.3,88.67,36.07,2025.0,4
2025-04-20 19:00:00,11420,26.43,75.27,25.31,85.2,36.07,2025.0,4
2025-04-20 20:00:00,11421,26.06,77.93,24.9,88.2,35.22,2025.0,4
2025-04-20 21:00:00,11422,25.52,82.7,24.46,93.87,34.08,2025.0,4
2025-04-20 22:00:00,11423,25.0,84.47,23.72,96.87,29.23,2025.0,4
2025-04-20 23:00:00,11424,24.19,87.83,22.64,100.0,27.89,2025.0,4
2025-04-21 00:00:00,11425,23.61,88.86,22.01,100.0,9.68,2025.0,4
2025-04-21 01:00:00,11426,23.62,88.8,22.03,100.0,19.59,2025.0,4
2025-04-21 02:00:00,11427,23.44,89.93,21.94,100.0,21.44,2025.0,4
2025-04-21 03:00:00,11428,23.49,90.07,22.03,100.0,21.48,2025.0,4
2025-04-21 04:00:00,11429,23.32,90.23,21.88,100.0,30.37,2025.0,4
2025-04-21 05:00:00,11430,23.13,90.97,21.75,100.0,45.18,2025.0,4
2025-04-21 06:00:00,11431,24.03,86.9,22.84,100.0,46.45,2025.0,4
2025-04-21 07:00:00,11432,26.94,78.27,24.73,99.7,65.7,2025.0,4
2025-04-21 08:00:00,11433,31.05,67.43,29.71,77.03,62.33,2025.0,4
2025-04-21 09:00:00,11434,34.94,55.57,32.95,62.3,58.67,2025.0,4
2025-04-21 10:00:00,11435,32.32,57.47,30.87,64.4,33.53,2025.0,4
2025-04-21 11:00:00,11436,33.93,53.17,32.71,59.07,33.7,2025.0,4
2025-04-21 12:00:00,11437,32.79,54.93,30.85,63.93,32.68,2025.0,4
2025-04-21 13:00:00,11438,29.38,61.07,28.26,69.27,21.4,2025.0,4
2025-04-21 14:00:00,11439,27.96,67.67,25.99,79.2,20.43,2025.0,4
2025-04-21 15:00:00,11440,26.95,72.77,25.21,83.83,36.1,2025.0,4
2025-04-21 16:00:00,11441,25.61,76.67,24.33,86.07,36.57,2025.0,4
2025-04-21 17:00:00,11442,25.15,77.23,23.79,87.27,43.73,2025.0,4
2025-04-21 18:00:00,11443,24.65,78.13,23.59,87.53,38.97,2025.0,4
2025-04-21 19:00:00,11444,24.54,79.47,23.34,89.6,42.35,2025.0,4
2025-04-21 20:00:00,11445,24.07,82.93,22.89,94.37,60.3,2025.0,4
2025-04-21 21:00:00,11446,23.77,85.57,22.46,97.97,67.58,2025.0,4
2025-04-21 22:00:00,11447,23.45,87.07,22.23,97.9,71.04,2025.0,4
2025-04-21 23:00:00,11448,23.34,87.0,22.24,97.13,75.42,2025.0,4
2025-04-22 00:00:00,11449,23.04,87.84,21.89,98.6,69.71,2025.0,4
2025-04-22 01:00:00,11450,23.03,87.63,22.05,97.3,51.59,2025.0,4
2025-04-22 02:00:00,11451,23.17,87.47,22.03,97.63,60.3,2025.0,4
2025-04-22 03:00:00,11452,22.82,87.97,21.7,98.23,62.58,2025.0,4
2025-04-22 04:00:00,11453,22.84,88.7,21.74,99.17,66.96,2025.0,4
2025-04-22 05:00:00,11454,22.47,89.77,21.27,100.0,55.25,2025.0,4
2025-04-22 06:00:00,11455,23.18,88.2,22.57,96.83,73.81,2025.0,4
2025-04-22 07:00:00,11456,27.46,75.47,27.25,79.43,90.18,2025.0,4
2025-04-22 08:00:00,11457,34.72,56.0,33.17,60.9,,2025.0,4
2025-04-22 09:00:00,11458,34.59,53.97,33.21,60.2,83.37,2025.0,4
2025-04-22 10:00:00,11459,35.23,49.0,33.69,54.73,62.57,2025.0,4
2025-04-22 11:00:00,11460,37.0,44.07,35.3,49.03,37.33,2025.0,4
2025-04-22 12:00:00,11461,34.57,49.0,31.42,59.57,44.43,2025.0,4
2025-04-22 13:00:00,11462,31.14,57.3,29.87,65.43,41.3,2025.0,4
2025-04-22 14:00:00,11463,30.99,59.83,30.15,67.97,47.07,2025.0,4
2025-04-22 15:00:00,11464,31.79,59.0,28.46,73.67,44.93,2025.0,4
2025-04-22 16:00:00,11465,28.34,69.03,26.59,80.1,42.03,2025.0,4
2025-04-22 17:00:00,11466,27.1,73.2,25.67,83.93,53.67,2025.0,4
2025-04-22 18:00:00,11467,26.13,77.83,24.9,88.3,59.25,2025.0,4
2025-04-22 19:00:00,11468,25.58,80.8,24.48,91.3,38.35,2025.0,4
2025-04-22 20:00:00,11469,25.17,81.53,23.96,92.8,54.6,2025.0,4
2025-04-22 21:00:00,11470,24.55,83.8,23.31,95.93,62.78,2025.0,4
2025-04-22 22:00:00,11471,23.99,85.4,22.71,98.0,55.59,2025.0,4
2025-04-22 23:00:00,11472,23.54,87.27,22.25,99.37,51.52,2025.0,4
2025-04-23 00:00:00,11473,23.13,88.65,21.87,99.73,66.54,2025.0,4
2025-04-23 01:00:00,11474,22.86,88.13,21.68,99.07,49.96,2025.0,4
2025-04-23 02:00:00,11475,22.86,88.47,21.82,98.53,42.84,2025.0,4
2025-04-23 03:00:00,11476,22.46,88.23,21.19,98.93,54.63,2025.0,4
2025-04-23 04:00:00,11477,21.88,88.37,20.56,99.77,52.64,2025.0,4
2025-04-23 05:00:00,11478,21.44,90.0,20.03,100.0,63.52,2025.0,4
2025-04-23 06:00:00,11479,22.77,86.47,22.4,93.1,85.98,2025.0,4
2025-04-23 07:00:00,11480,28.59,68.73,27.62,73.6,91.33,2025.0,4
2025-04-23 08:00:00,11481,30.45,63.03,28.98,69.57,91.77,2025.0,4
2025-04-23 09:00:00,11482,34.14,51.9,33.99,53.5,53.27,2025.0,4
2025-04-23 10:00:00,11483,35.5,47.1,35.22,49.62,35.55,2025.0,4
2025-04-23 11:00:00,11484,33.88,49.97,32.13,57.53,27.33,2025.0,4
2025-04-23 12:00:00,11485,32.89,53.44,31.31,61.3,29.74,2025.0,4
2025-04-23 13:00:00,11486,33.78,51.27,32.59,57.8,25.27,2025.0,4
2025-04-23 14:00:00,11487,34.71,48.73,33.18,55.67,18.07,2025.0,4
2025-04-23 15:00:00,11488,34.66,50.7,32.25,60.93,28.2,2025.0,4
2025-04-23 16:00:00,11489,32.49,56.0,29.97,68.0,31.23,2025.0,4
2025-04-23 17:00:00,11490,26.66,76.4,23.81,95.0,32.19,2025.0,4
2025-04-23 18:00:00,11491,24.27,85.67,22.58,100.0,30.11,2025.0,4
2025-04-23 19:00:00,11492,24.51,85.2,22.6,100.0,35.67,2025.0,4
2025-04-23 20:00:00,11493,24.39,85.7,22.46,100.0,35.6,2025.0,4
2025-04-23 21:00:00,11494,24.06,85.97,22.2,100.0,33.48,2025.0,4
2025-04-23 22:00:00,11495,23.79,87.33,22.19,100.0,41.23,2025.0,4
2025-04-23 23:00:00,11496,23.72,87.8,22.2,100.0,58.78,2025.0,4
2025-04-24 00:00:00,11497,23.85,86.71,22.29,100.0,62.12,2025.0,4
2025-04-24 01:00:00,11498,23.58,85.13,21.75,100.0,41.03,2025.0,4
2025-04-24 02:00:00,11499,23.13,86.23,21.43,100.0,38.59,2025.0,4
2025-04-24 03:00:00,11500,22.76,89.33,21.35,100.0,52.73,2025.0,4
2025-04-24 04:00:00,11501,22.32,88.6,20.84,100.0,51.01,2025.0,4
2025-04-24 05:00:00,11502,22.08,88.37,20.7,100.0,41.34,2025.0,4
2025-04-24 06:00:00,11503,23.29,86.87,22.03,100.0,55.92,2025.0,4
2025-04-24 07:00:00,11504,25.48,80.6,23.5,100.0,69.73,2025.0,4
2025-04-24 08:00:00,11505,29.73,68.73,26.91,98.73,82.97,2025.0,4
2025-04-24 09:00:00,11506,32.12,59.43,30.58,71.73,50.5,2025.0,4
2025-04-24 10:00:00,11507,35.01,53.73,34.87,56.87,53.07,2025.0,4
2025-04-24 11:00:00,11508,39.16,44.63,36.51,51.23,43.07,2025.0,4
2025-04-24 12:00:00,11509,33.89,53.14,29.76,69.68,46.07,2025.0,4
2025-04-24 13:00:00,11510,22.69,82.67,20.44,100.0,23.8,2025.0,4
2025-04-24 14:00:00,11511,24.78,82.5,22.87,100.0,29.52,2025.0,4
2025-04-24 15:00:00,11512,25.39,81.33,22.87,100.0,25.53,2025.0,4
2025-04-24 16:00:00,11513,24.61,81.03,22.37,100.0,25.8,2025.0,4
2025-04-24 17:00:00,11514,23.9,82.07,22.05,100.0,27.94,2025.0,4
2025-04-24 18:00:00,11515,23.73,84.13,22.15,100.0,32.81,2025.0,4
2025-04-24 19:00:00,11516,23.72,85.8,22.22,100.0,38.93,2025.0,4
2025-04-24 20:00:00,11517,23.72,86.43,22.37,100.0,52.89,2025.0,4
2025-04-24 21:00:00,11518,23.77,86.0,22.32,100.0,58.07,2025.0,4
2025-04-24 22:00:00,11519,23.66,86.77,22.21,100.0,57.11,2025.0,4
2025-04-24 23:00:00,11520,23.57,89.6,22.26,100.0,62.38,2025.0,4
2025-04-25 00:00:00,11521,23.42,90.82,22.07,100.0,69.03,2025.0,4
2025-04-25 01:00:00,11522,22.84,91.57,21.45,100.0,58.58,2025.0,4
2025-04-25 02:00:00,11523,22.57,92.07,21.27,100.0,51.12,2025.0,4
2025-04-25 03:00:00,11524,22.33,92.8,21.08,100.0,48.17,2025.0,4
2025-04-25 04:00:00,11525,22.48,93.0,21.34,100.0,61.57,2025.0,4
2025-04-25 05:00:00,11526,22.62,92.23,21.29,100.0,59.99,2025.0,4
2025-04-25 06:00:00,11527,22.63,91.37,21.36,100.0,55.68,2025.0,4
2025-04-25 07:00:00,11528,24.47,83.93,23.67,100.0,53.85,2025.0,4
2025-04-25 08:00:00,11529,31.47,65.5,27.86,99.1,82.7,2025.0,4
2025-04-25 09:00:00,11530,34.74,54.77,34.01,65.6,58.4,2025.0,4
2025-04-25 10:00:00,11531,36.57,48.9,36.3,51.07,41.9,2025.0,4
2025-04-25 11:00:00,11532,38.56,43.27,36.34,48.27,34.07,2025.0,4
2025-04-25 12:00:00,11533,38.85,41.57,34.76,50.68,35.25,2025.0,4
2025-04-25 13:00:00,11534,36.6,48.33,33.91,58.8,56.77,2025.0,4
2025-04-25 14:00:00,11535,33.64,54.57,31.58,65.17,54.67,2025.0,4
2025-04-25 15:00:00,11536,28.36,70.67,25.78,87.9,45.12,2025.0,4
2025-04-25 16:00:00,11537,27.35,77.07,25.59,94.93,58.4,2025.0,4
2025-04-25 17:00:00,11538,26.01,80.57,24.34,94.57,45.05,2025.0,4
2025-04-25 18:00:00,11539,24.49,86.77,22.77,100.0,38.99,2025.0,4
2025-04-25 19:00:00,11540,24.15,86.6,22.34,100.0,41.88,2025.0,4
2025-04-25 20:00:00,11541,24.06,86.77,22.24,100.0,51.63,2025.0,4
2025-04-25 21:00:00,11542,24.31,87.47,22.65,100.0,57.82,2025.0,4
2025-04-25 22:00:00,11543,24.11,85.97,22.27,100.0,35.71,2025.0,4
2025-04-25 23:00:00,11544,23.91,86.2,22.3,100.0,32.67,2025.0,4
2025-04-26 00:00:00,11545,24.08,86.5,22.56,100.0,40.18,2025.0,4
2025-04-26 01:00:00,11546,24.14,87.0,22.63,100.0,46.7,2025.0,4
2025-04-26 02:00:00,11547,24.22,87.0,22.72,100.0,50.92,2025.0,4
2025-04-26 03:00:00,11548,24.13,87.1,22.64,100.0,47.75,2025.0,4
2025-04-26 04:00:00,11549,23.89,88.77,22.68,100.0,54.16,2025.0,4
2025-04-26 05:00:00,11550,23.79,89.4,22.35,100.0,56.37,2025.0,4
2025-04-26 06:00:00,11551,23.72,90.23,22.43,100.0,65.93,2025.0,4
2025-04-26 07:00:00,11552,24.8,86.1,23.33,100.0,61.98,2025.0,4
2025-04-26 08:00:00,11553,26.16,81.1,24.53,99.97,76.67,2025.0,4
2025-04-26 09:00:00,11554,31.22,66.63,28.82,95.8,68.83,2025.0,4
2025-04-26 10:00:00,11555,36.1,52.0,35.17,56.37,45.53,2025.0,4
2025-04-26 11:00:00,11556,37.76,47.2,35.09,54.73,49.03,2025.0,4
2025-04-26 12:00:00,11557,36.24,49.25,33.11,59.93,67.46,2025.0,4
2025-04-26 13:00:00,11558,35.06,52.0,32.8,61.83,74.13,2025.0,4
2025-04-26 14:00:00,11559,34.85,52.07,32.56,62.33,55.9,2025.0,4
2025-04-26 15:00:00,11560,30.05,63.53,28.04,75.8,52.13,2025.0,4
2025-04-26 16:00:00,11561,27.96,72.8,26.48,84.0,67.47,2025.0,4
2025-04-26 17:00:00,11562,25.21,81.5,23.37,97.63,39.48,2025.0,4
2025-04-26 18:00:00,11563,24.63,86.43,22.94,100.0,39.93,2025.0,4
2025-04-26 19:00:00,11564,24.16,87.27,22.53,100.0,38.55,2025.0,4
2025-04-26 20:00:00,11565,24.16,85.63,22.64,100.0,35.64,2025.0,4
2025-04-26 21:00:00,11566,24.07,84.57,22.44,100.0,27.83,2025.0,4
2025-04-26 22:00:00,11567,23.67,85.8,22.14,100.0,26.89,2025.0,4
2025-04-26 23:00:00,11568,23.55,86.73,22.08,100.0,32.34,2025.0,4
2025-04-27 00:00:00,11569,23.5,87.52,22.04,100.0,37.2,2025.0,4
2025-04-27 01:00:00,11570,23.39,87.1,21.82,100.0,39.42,2025.0,4
2025-04-27 02:00:00,11571,23.03,90.27,21.64,100.0,42.01,2025.0,4
2025-04-27 03:00:00,11572,22.6,91.5,21.26,100.0,43.68,2025.0,4
2025-04-27 04:00:00,11573,22.18,92.0,20.86,100.0,40.74,2025.0,4
2025-04-27 05:00:00,11574,21.72,92.27,20.41,100.0,47.15,2025.0,4
2025-04-27 06:00:00,11575,22.27,91.7,21.35,100.0,55.57,2025.0,4
2025-04-27 07:00:00,11576,26.47,79.03,24.41,100.0,65.02,2025.0,4
2025-04-27 08:00:00,11577,30.02,68.53,28.42,84.2,64.6,2025.0,4
2025-04-27 09:00:00,11578,34.1,56.83,33.48,60.6,57.93,2025.0,4
2025-04-27 10:00:00,11579,36.43,48.2,36.54,49.53,44.1,2025.0,4
2025-04-27 11:00:00,11580,36.31,46.6,34.06,53.4,34.4,2025.0,4
2025-04-27 12:00:00,11581,37.2,44.85,33.47,54.67,29.04,2025.0,4
2025-04-27 13:00:00,11582,36.22,48.03,34.31,56.07,45.97,2025.0,4
2025-04-27 14:00:00,11583,35.75,48.5,34.48,55.73,44.73,2025.0,4
2025-04-27 15:00:00,11584,35.75,48.4,33.16,58.5,48.13,2025.0,4
2025-04-27 16:00:00,11585,32.73,55.37,29.98,68.0,56.83,2025.0,4
2025-04-27 17:00:00,11586,29.04,65.87,27.35,77.1,57.0,2025.0,4
2025-04-27 18:00:00,11587,27.95,72.1,26.62,82.53,75.7,2025.0,4
2025-04-27 19:00:00,11588,27.41,75.7,25.94,87.43,52.5,2025.0,4
2025-04-27 20:00:00,11589,26.72,77.77,25.65,88.73,54.37,2025.0,4
2025-04-27 21:00:00,11590,26.22,80.0,24.69,93.87,46.34,2025.0,4
2025-04-27 22:00:00,11591,25.47,82.73,23.98,95.87,44.33,2025.0,4
2025-04-27 23:00:00,11592,24.99,79.4,23.9,88.9,40.14,2025.0,4
2025-04-28 00:00:00,11593,24.05,78.21,22.68,88.31,35.0,2025.0,4
2025-04-28 01:00:00,11594,23.14,82.0,21.86,91.83,23.27,2025.0,4
2025-04-28 02:00:00,11595,22.45,84.73,20.95,96.53,27.72,2025.0,4
2025-04-28 03:00:00,11596,22.09,85.83,20.83,97.17,29.35,2025.0,4
2025-04-28 04:00:00,11597,21.8,85.43,20.41,96.7,29.99,2025.0,4
2025-04-28 05:00:00,11598,21.31,89.23,19.95,100.0,55.01,2025.0,4
2025-04-28 06:00:00,11599,24.54,78.03,24.61,82.13,45.08,2025.0,4
2025-04-28 07:00:00,11600,31.25,58.17,29.58,63.83,56.57,2025.0,4
2025-04-28 08:00:00,11601,34.34,47.13,32.16,52.13,35.87,2025.0,4
2025-04-28 09:00:00,11602,33.82,46.37,33.36,48.53,25.43,2025.0,4
2025-04-28 10:00:00,11603,33.12,46.1,33.83,46.6,13.67,2025.0,4
2025-04-28 11:00:00,11604,34.5,41.3,33.74,43.43,8.53,2025.0,4
2025-04-28 12:00:00,11605,35.29,40.57,32.76,46.68,15.39,2025.0,4
2025-04-28 13:00:00,11606,36.66,39.2,35.11,43.4,19.73,2025.0,4
2025-04-28 14:00:00,11607,36.02,42.73,34.63,49.2,33.97,2025.0,4
2025-04-28 15:00:00,11608,34.95,47.47,32.43,57.93,47.77,2025.0,4
2025-04-28 16:00:00,11609,34.31,46.8,31.29,58.03,37.33,2025.0,4
2025-04-28 17:00:00,11610,30.88,55.37,28.31,68.27,41.87,2025.0,4
2025-04-28 18:00:00,11611,28.51,63.37,26.75,74.57,45.1,2025.0,4
2025-04-28 19:00:00,11612,27.03,67.93,25.59,78.83,50.13,2025.0,4
2025-04-28 20:00:00,11613,25.89,71.57,24.37,81.67,58.73,2025.0,4
2025-04-28 21:00:00,11614,24.9,73.27,23.43,83.43,58.7,2025.0,4
2025-04-28 22:00:00,11615,23.77,75.57,22.24,85.7,62.03,2025.0,4
2025-04-28 23:00:00,11616,23.12,77.0,21.74,85.8,50.43,2025.0,4
2025-04-29 00:00:00,11617,23.2,74.56,21.99,82.26,53.52,2025.0,4
2025-04-29 01:00:00,11618,22.72,72.4,21.07,81.0,50.7,2025.0,4
2025-04-29 02:00:00,11619,21.57,74.47,19.9,84.3,58.93,2025.0,4
2025-04-29 03:00:00,11620,21.05,76.03,19.6,85.23,56.77,2025.0,4
2025-04-29 04:00:00,11621,20.48,80.8,18.87,90.97,56.92,2025.0,4
2025-04-29 05:00:00,11622,19.85,83.17,18.32,94.27,58.38,2025.0,4
2025-04-29 06:00:00,11623,22.18,78.97,22.14,83.27,87.56,2025.0,4
2025-04-29 07:00:00,11624,29.25,57.7,27.63,63.4,88.73,2025.0,4
2025-04-29 08:00:00,11625,33.31,47.37,31.93,51.03,68.27,2025.0,4
2025-04-29 09:00:00,11626,34.11,44.33,32.52,48.87,57.93,2025.0,4
2025-04-29 10:00:00,11627,32.26,46.73,33.08,47.8,33.9,2025.0,4
2025-04-29 11:00:00,11628,33.41,45.8,32.87,49.27,23.73,2025.0,4
2025-04-29 12:00:00,11629,33.47,46.5,31.64,53.54,16.86,2025.0,4
2025-04-29 13:00:00,11630,32.99,47.97,32.33,53.13,29.47,2025.0,4
2025-04-29 14:00:00,11631,33.76,45.73,33.61,49.07,27.33,2025.0,4
2025-04-29 15:00:00,11632,31.74,49.6,30.24,56.77,28.13,2025.0,4
2025-04-29 16:00:00,11633,30.12,55.47,28.54,64.37,42.43,2025.0,4
2025-04-29 17:00:00,11634,28.3,60.03,26.99,68.73,44.57,2025.0,4
2025-04-29 18:00:00,11635,27.51,61.9,26.38,70.53,39.3,2025.0,4
2025-04-29 19:00:00,11636,26.74,67.9,25.64,77.27,47.17,2025.0,4
2025-04-29 20:00:00,11637,25.59,75.2,24.33,84.83,50.67,2025.0,4
2025-04-29 21:00:00,11638,24.54,75.4,23.41,84.47,44.57,2025.0,4
2025-04-29 22:00:00,11639,23.67,75.33,22.53,83.9,35.83,2025.0,4
2025-04-29 23:00:00,11640,23.05,75.63,21.82,83.63,36.03,2025.0,4
2025-04-30 00:00:00,11641,22.35,77.59,21.11,85.93,47.9,2025.0,4
2025-04-30 01:00:00,11642,21.79,78.17,20.55,86.8,50.13,2025.0,4
2025-04-30 02:00:00,11643,21.2,78.9,19.75,88.8,51.18,2025.0,4
2025-04-30 03:00:00,11644,20.62,82.13,19.27,91.67,44.71,2025.0,4
2025-04-30 04:00:00,11645,20.25,84.83,18.88,95.43,45.43,2025.0,4
2025-04-30 05:00:00,11646,20.04,88.0,18.73,99.7,59.43,2025.0,4
2025-04-30 06:00:00,11647,22.1,83.33,22.09,88.4,85.93,2025.0,4
2025-04-30 07:00:00,11648,,,29.64,61.03,84.87,2025.0,4
2025-04-30 08:00:00,11649,,,30.78,58.17,69.03,2025.0,4
2025-04-30 09:00:00,11650,,,31.08,56.73,50.3,2025.0,4
2025-04-30 10:00:00,11651,,,32.66,50.3,25.17,2025.0,4
2025-04-30 11:00:00,11652,,,32.18,49.27,23.67,2025.0,4
2025-04-30 12:00:00,11653,,,31.93,47.5,24.04,2025.0,4
2025-04-30 13:00:00,11654,35.63,39.88,34.62,43.6,29.33,2025.0,4
2025-04-30 14:00:00,11655,36.97,41.17,35.27,46.8,35.33,2025.0,4
2025-04-30 15:00:00,11656,33.23,47.3,30.08,59.0,28.7,2025.0,4
2025-04-30 16:00:00,11657,27.01,68.43,23.66,89.27,32.8,2025.0,4
2025-04-30 17:00:00,11658,25.09,79.43,22.37,100.0,44.65,2025.0,4
2025-04-30 18:00:00,11659,24.96,81.2,22.91,100.0,36.4,2025.0,4
2025-04-30 19:00:00,11660,25.2,82.07,23.43,100.0,37.74,2025.0,4
2025-04-30 20:00:00,11661,25.16,81.73,23.39,100.0,57.66,2025.0,4
2025-04-30 21:00:00,11662,24.65,80.9,22.81,100.0,51.84,2025.0,4
2025-04-30 22:00:00,11663,24.11,81.13,22.31,100.0,40.94,2025.0,4
2025-04-30 23:00:00,11664,23.83,80.4,21.9,100.0,42.01,2025.0,4
2025-05-01 00:00:00,11665,23.55,82.25,21.79,100.0,44.44,2025.0,5
2025-05-01 01:00:00,11666,23.57,81.2,21.89,99.9,39.04,2025.0,5
2025-05-01 02:00:00,11667,23.04,83.07,21.75,95.4,42.34,2025.0,5
2025-05-01 03:00:00,11668,22.55,84.03,21.35,95.53,52.53,2025.0,5
2025-05-01 04:00:00,11669,22.17,84.67,21.0,95.9,57.33,2025.0,5
2025-05-01 05:00:00,11670,21.95,85.1,20.82,96.57,62.02,2025.0,5
2025-05-01 06:00:00,11671,23.23,85.1,23.08,92.5,79.22,2025.0,5
2025-05-01 07:00:00,11672,30.27,65.7,29.46,70.53,69.93,2025.0,5
2025-05-01 08:00:00,11673,35.63,50.87,33.51,57.47,59.2,2025.0,5
2025-05-01 09:00:00,11674,34.26,50.43,33.59,54.9,61.1,2025.0,5
2025-05-01 10:00:00,11675,35.16,45.8,35.11,48.37,49.23,2025.0,5
2025-05-01 11:00:00,11676,36.02,43.43,34.54,47.83,46.3,2025.0,5
2025-05-01 12:00:00,11677,38.37,38.48,34.43,46.48,41.07,2025.0,5
2025-05-01 13:00:00,11678,37.36,40.27,34.54,47.9,46.2,2025.0,5
2025-05-01 14:00:00,11679,35.62,48.5,33.25,59.7,67.4,2025.0,5
2025-05-01 15:00:00,11680,30.4,62.53,26.67,82.03,61.61,2025.0,5
2025-05-01 16:00:00,11681,24.28,83.1,22.43,100.0,41.79,2025.0,5
2025-05-01 17:00:00,11682,24.44,82.4,22.28,100.0,36.67,2025.0,5
2025-05-01 18:00:00,11683,23.07,88.47,21.69,100.0,27.02,2025.0,5
2025-05-01 19:00:00,11684,23.44,88.13,21.74,100.0,30.71,2025.0,5
2025-05-01 20:00:00,11685,23.73,88.37,22.2,100.0,43.42,2025.0,5
2025-05-01 21:00:00,11686,23.81,87.6,22.27,100.0,50.99,2025.0,5
2025-05-01 22:00:00,11687,23.59,88.37,22.03,100.0,62.8,2025.0,5
2025-05-01 23:00:00,11688,23.16,87.17,21.41,100.0,51.7,2025.0,5
2025-05-02 00:00:00,11689,22.81,82.73,20.96,100.0,34.17,2025.0,5
2025-05-02 01:00:00,11690,22.27,85.43,20.63,100.0,35.76,2025.0,5
2025-05-02 02:00:00,11691,21.84,86.1,20.18,100.0,35.26,2025.0,5
2025-05-02 03:00:00,11692,21.33,88.53,19.83,100.0,50.92,2025.0,5
2025-05-02 04:00:00,11693,20.96,90.03,19.57,100.0,45.45,2025.0,5
2025-05-02 05:00:00,11694,20.85,88.13,19.34,100.0,50.61,2025.0,5
2025-05-02 06:00:00,11695,22.65,83.07,21.45,100.0,60.24,2025.0,5
2025-05-02 07:00:00,11696,29.68,64.3,26.23,99.67,79.37,2025.0,5
2025-05-02 08:00:00,11697,34.61,51.53,30.3,82.53,76.0,2025.0,5
2025-05-02 09:00:00,11698,35.54,48.1,34.61,52.67,71.6,2025.0,5
2025-05-02 10:00:00,11699,36.37,45.4,36.15,47.9,71.93,2025.0,5
2025-05-02 11:00:00,11700,36.01,44.53,34.38,49.87,60.57,2025.0,5
2025-05-02 12:00:00,11701,38.51,40.07,34.9,47.41,49.41,2025.0,5
2025-05-02 13:00:00,11702,36.43,44.27,34.67,51.6,47.27,2025.0,5
2025-05-02 14:00:00,11703,35.66,44.3,34.32,50.77,40.47,2025.0,5
2025-05-02 15:00:00,11704,36.19,44.43,34.19,52.37,37.93,2025.0,5
2025-05-02 16:00:00,11705,34.37,50.33,31.53,62.5,43.97,2025.0,5
2025-05-02 17:00:00,11706,29.84,61.97,28.03,74.0,47.13,2025.0,5
2025-05-02 18:00:00,11707,26.14,72.37,24.52,84.33,29.5,2025.0,5
2025-05-02 19:00:00,11708,25.0,76.73,23.87,87.0,38.2,2025.0,5
2025-05-02 20:00:00,11709,24.41,79.3,22.54,96.4,41.02,2025.0,5
2025-05-02 21:00:00,11710,24.15,79.77,22.78,93.73,34.67,2025.0,5
2025-05-02 22:00:00,11711,24.02,81.07,22.78,93.57,34.97,2025.0,5
2025-05-02 23:00:00,11712,23.75,83.33,22.59,95.27,33.66,2025.0,5
2025-05-03 00:00:00,11713,23.27,86.57,21.96,98.5,53.04,2025.0,5
2025-05-03 01:00:00,11714,22.86,87.3,21.71,98.9,46.21,2025.0,5
2025-05-03 02:00:00,11715,22.73,87.87,21.5,99.4,47.79,2025.0,5
2025-05-03 03:00:00,11716,22.62,87.9,21.37,99.57,51.5,2025.0,5
2025-05-03 04:00:00,11717,22.21,89.43,20.98,100.0,51.59,2025.0,5
2025-05-03 05:00:00,11718,22.1,89.8,20.9,100.0,49.33,2025.0,5
2025-05-03 06:00:00,11719,22.6,88.7,21.78,98.3,56.12,2025.0,5
2025-05-03 07:00:00,11720,25.16,80.5,24.92,86.57,65.76,2025.0,5
2025-05-03 08:00:00,11721,33.51,58.2,33.06,60.47,63.07,2025.0,5
2025-05-03 09:00:00,11722,34.14,52.07,33.54,55.33,46.2,2025.0,5
2025-05-03 10:00:00,11723,35.35,47.73,35.63,49.2,33.47,2025.0,5
2025-05-03 11:00:00,11724,36.97,43.5,34.8,49.17,35.87,2025.0,5
2025-05-03 12:00:00,11725,36.49,43.29,33.62,51.61,41.5,2025.0,5
2025-05-03 13:00:00,11726,33.59,51.6,32.68,58.6,52.73,2025.0,5
2025-05-03 14:00:00,11727,30.38,59.1,28.8,69.27,46.93,2025.0,5
2025-05-03 15:00:00,11728,29.79,61.87,28.28,72.4,56.37,2025.0,5
2025-05-03 16:00:00,11729,28.26,68.2,26.39,79.93,74.77,2025.0,5
2025-05-03 17:00:00,11730,27.24,71.58,25.17,84.35,58.12,2025.0,5
2025-05-03 18:00:00,11731,27.52,71.93,24.92,86.2,53.03,2025.0,5
2025-05-03 19:00:00,11732,27.12,72.67,24.76,86.5,50.63,2025.0,5
2025-05-03 20:00:00,11733,27.07,73.7,24.49,88.37,68.1,2025.0,5
2025-05-03 21:00:00,11734,26.72,75.33,24.18,90.47,68.0,2025.0,5
2025-05-03 22:00:00,11735,26.2,78.57,23.99,92.87,60.08,2025.0,5
2025-05-03 23:00:00,11736,26.04,80.0,23.87,94.0,41.79,2025.0,5
2025-05-04 00:00:00,11737,25.76,80.5,23.69,94.53,39.31,2025.0,5
2025-05-04 01:00:00,11738,25.71,81.3,23.69,95.53,40.67,2025.0,5
2025-05-04 02:00:00,11739,25.09,81.7,23.22,95.73,35.17,2025.0,5
2025-05-04 03:00:00,11740,24.69,82.8,22.94,96.5,28.32,2025.0,5
2025-05-04 04:00:00,11741,24.42,83.27,22.34,99.33,26.69,2025.0,5
2025-05-04 05:00:00,11742,23.81,84.0,22.29,97.57,15.68,2025.0,5
2025-05-04 06:00:00,11743,24.63,82.6,22.89,95.97,29.61,2025.0,5
2025-05-04 07:00:00,11744,26.7,76.7,24.88,88.0,36.46,2025.0,5
2025-05-04 08:00:00,11745,28.69,71.23,26.84,81.33,47.37,2025.0,5
2025-05-04 09:00:00,11746,32.79,59.87,30.84,68.23,45.5,2025.0,5
2025-05-04 10:00:00,11747,34.41,54.07,30.95,66.37,43.83,2025.0,5
2025-05-04 11:00:00,11748,35.17,51.07,32.59,60.33,37.6,2025.0,5
2025-05-04 12:00:00,11749,34.41,52.24,30.65,66.07,35.86,2025.0,5
2025-05-04 13:00:00,11750,29.85,64.3,28.08,75.9,36.77,2025.0,5
2025-05-04 14:00:00,11751,33.44,56.6,30.53,68.87,41.9,2025.0,5
2025-05-04 15:00:00,11752,31.33,60.23,28.7,72.93,37.07,2025.0,5
2025-05-04 16:00:00,11753,30.91,60.43,27.65,75.2,41.97,2025.0,5
2025-05-04 17:00:00,11754,26.5,74.17,24.14,88.97,29.63,2025.0,5
2025-05-04 18:00:00,11755,24.32,81.57,21.89,99.73,22.84,2025.0,5
2025-05-04 19:00:00,11756,24.52,83.73,21.99,100.0,31.67,2025.0,5
2025-05-04 20:00:00,11757,25.19,82.93,22.12,100.0,33.95,2025.0,5
2025-05-04 21:00:00,11758,25.23,82.1,22.0,100.0,41.7,2025.0,5
2025-05-04 22:00:00,11759,24.99,82.9,21.81,100.0,42.68,2025.0,5
2025-05-04 23:00:00,11760,24.41,83.93,21.51,100.0,39.13,2025.0,5
2025-05-05 00:00:00,11761,24.22,84.5,21.41,100.0,40.74,2025.0,5
2025-05-05 01:00:00,11762,24.16,84.63,21.46,100.0,46.99,2025.0,5
2025-05-05 02:00:00,11763,23.92,85.17,21.34,100.0,49.0,2025.0,5
2025-05-05 03:00:00,11764,23.61,87.1,21.31,100.0,44.42,2025.0,5
2025-05-05 04:00:00,11765,23.86,85.37,21.29,100.0,44.77,2025.0,5
2025-05-05 09:00:00,11770,36.87,47.67,33.86,60.52,46.67,2025.0,5
2025-05-05 13:00:00,11774,35.66,45.37,34.87,50.5,29.73,2025.0,5
2025-05-05 14:00:00,11775,36.73,46.7,34.5,56.17,40.7,2025.0,5
2025-05-05 15:00:00,11776,35.89,48.67,32.9,60.43,47.8,2025.0,5
2025-05-05 16:00:00,11777,35.47,49.13,31.31,64.17,46.5,2025.0,5
2025-05-05 17:00:00,11778,30.87,59.37,27.63,75.23,45.53,2025.0,5
2025-05-05 18:00:00,11779,28.94,66.03,26.74,79.27,49.93,2025.0,5
2025-05-05 19:00:00,11780,27.03,70.87,24.61,86.2,45.1,2025.0,5
2025-05-05 20:00:00,11781,25.91,79.6,22.85,100.0,42.16,2025.0,5
2025-05-05 21:00:00,11782,25.79,80.23,22.89,100.0,46.26,2025.0,5
2025-05-05 22:00:00,11783,25.74,78.67,22.79,100.0,70.6,2025.0,5
2025-05-05 23:00:00,11784,25.58,79.67,22.86,100.0,73.52,2025.0,5
2025-05-06 00:00:00,11785,25.6,80.03,23.06,100.0,54.76,2025.0,5
2025-05-06 01:00:00,11786,26.02,79.83,23.28,100.0,53.89,2025.0,5
2025-05-06 02:00:00,11787,26.07,80.17,23.22,100.0,48.96,2025.0,5
2025-05-06 03:00:00,11788,25.65,81.47,22.71,100.0,54.96,2025.0,5
2025-05-06 04:00:00,11789,25.25,80.7,22.6,99.9,46.02,2025.0,5
2025-05-06 05:00:00,11790,24.89,81.67,22.69,98.6,47.97,2025.0,5
2025-05-06 06:00:00,11791,25.06,82.67,23.48,96.77,61.74,2025.0,5
2025-05-06 07:00:00,11792,30.0,69.73,28.52,78.47,,2025.0,5
2025-05-06 08:00:00,11793,33.28,59.77,31.75,67.57,,2025.0,5
2025-05-06 09:00:00,11794,35.38,52.17,34.41,58.0,59.87,2025.0,5
2025-05-06 10:00:00,11795,36.77,46.23,36.41,49.47,35.87,2025.0,5
2025-05-06 11:00:00,11796,35.23,48.87,34.13,55.47,40.23,2025.0,5
2025-05-06 12:00:00,11797,34.71,48.37,32.9,56.37,32.11,2025.0,5
2025-05-06 13:00:00,11798,34.94,49.23,33.53,56.93,35.47,2025.0,5
2025-05-06 14:00:00,11799,31.33,59.03,28.48,72.87,44.73,2025.0,5
2025-05-06 15:00:00,11800,26.93,68.47,24.71,81.93,32.73,2025.0,5
2025-05-06 16:00:00,11801,26.42,71.97,24.4,84.9,44.93,2025.0,5
2025-05-06 17:00:00,11802,26.71,71.6,24.15,86.7,73.87,2025.0,5
2025-05-06 18:00:00,11803,26.03,75.77,23.51,91.2,,2025.0,5
2025-05-06 19:00:00,11804,24.75,79.63,22.84,94.03,45.5,2025.0,5
2025-05-06 20:00:00,11805,25.16,78.93,22.99,93.73,,2025.0,5
2025-05-06 21:00:00,11806,25.29,79.63,23.06,94.6,,2025.0,5
2025-05-06 22:00:00,11807,24.43,80.53,22.08,96.8,55.36,2025.0,5
2025-05-06 23:00:00,11808,24.22,80.0,21.96,95.6,53.26,2025.0,5
2025-05-07 00:00:00,11809,24.21,80.0,21.94,94.96,56.82,2025.0,5
2025-05-07 01:00:00,11810,23.89,80.0,21.63,95.1,48.53,2025.0,5
2025-05-07 02:00:00,11811,23.94,80.0,21.66,95.2,45.74,2025.0,5
2025-05-07 03:00:00,11812,24.0,80.67,21.65,96.43,47.41,2025.0,5
2025-05-07 04:00:00,11813,23.75,81.63,21.17,98.27,44.47,2025.0,5
2025-05-07 05:00:00,11814,23.54,81.7,21.17,96.9,36.2,2025.0,5
2025-05-07 06:00:00,11815,24.52,79.43,22.28,93.8,58.45,2025.0,5
2025-05-07 07:00:00,11816,28.83,68.27,27.26,76.97,,2025.0,5
2025-05-07 08:00:00,11817,29.71,66.57,26.51,80.87,,2025.0,5
2025-05-07 09:00:00,11818,31.81,61.43,30.32,69.5,66.67,2025.0,5
2025-05-07 10:00:00,11819,32.45,59.9,32.74,63.4,61.4,2025.0,5
2025-05-07 11:00:00,11820,33.79,55.57,33.07,61.07,38.8,2025.0,5
2025-05-07 12:00:00,11821,33.3,55.0,32.06,62.24,30.1,2025.0,5
2025-05-07 13:00:00,11822,32.84,56.93,30.32,68.57,33.6,2025.0,5
2025-05-07 14:00:00,11823,30.12,66.0,27.27,83.13,22.73,2025.0,5
2025-05-07 15:00:00,11824,30.65,64.83,28.13,77.87,44.0,2025.0,5
2025-05-07 16:00:00,11825,26.75,78.77,23.23,99.07,34.5,2025.0,5
2025-05-07 17:00:00,11826,25.12,84.0,22.7,100.0,31.82,2025.0,5
2025-05-07 18:00:00,11827,24.71,85.7,22.58,100.0,31.0,2025.0,5
2025-05-07 19:00:00,11828,24.95,85.73,22.54,100.0,33.77,2025.0,5
2025-05-07 20:00:00,11829,24.91,85.77,22.44,100.0,40.31,2025.0,5
2025-05-07 21:00:00,11830,24.48,86.17,22.22,100.0,42.23,2025.0,5
2025-05-07 22:00:00,11831,24.73,86.17,22.25,100.0,36.67,2025.0,5
2025-05-07 23:00:00,11832,24.73,86.27,22.15,100.0,45.74,2025.0,5
2025-05-08 00:00:00,11833,24.48,86.38,21.98,100.0,55.47,2025.0,5
2025-05-08 01:00:00,11834,24.17,87.0,21.83,100.0,67.85,2025.0,5
2025-05-08 02:00:00,11835,23.84,87.13,21.49,100.0,49.54,2025.0,5
2025-05-08 03:00:00,11836,23.63,87.7,21.43,100.0,49.02,2025.0,5
2025-05-08 04:00:00,11837,23.54,87.83,21.15,100.0,40.94,2025.0,5
2025-05-08 05:00:00,11838,23.74,86.47,21.37,100.0,45.49,2025.0,5
2025-05-08 06:00:00,11839,24.28,85.83,21.97,100.0,53.09,2025.0,5
2025-05-08 07:00:00,11840,27.63,77.17,25.35,99.97,60.84,2025.0,5
2025-05-08 08:00:00,11841,34.17,59.53,29.18,98.53,58.47,2025.0,5
2025-05-08 09:00:00,11842,36.68,52.0,31.72,87.4,50.9,2025.0,5
2025-05-08 10:00:00,11843,36.39,50.77,34.36,59.07,51.5,2025.0,5
2025-05-08 11:00:00,11844,34.75,51.17,31.91,62.17,37.77,2025.0,5
2025-05-08 12:00:00,11845,34.66,52.71,31.53,65.75,43.29,2025.0,5
2025-05-08 13:00:00,11846,33.65,55.8,31.16,67.33,49.23,2025.0,5
2025-05-08 14:00:00,11847,33.51,53.87,31.24,64.17,38.07,2025.0,5
2025-05-08 15:00:00,11848,34.54,52.43,31.6,64.53,42.63,2025.0,5
2025-05-08 16:00:00,11849,31.84,59.7,28.38,75.43,42.17,2025.0,5
2025-05-08 17:00:00,11850,29.32,66.3,26.46,81.63,46.57,2025.0,5
2025-05-08 18:00:00,11851,27.3,75.7,24.33,93.67,48.67,2025.0,5
2025-05-08 19:00:00,11852,24.65,82.53,22.08,100.0,26.22,2025.0,5
2025-05-08 20:00:00,11853,24.67,84.7,22.45,100.0,33.28,2025.0,5
2025-05-08 21:00:00,11854,25.23,83.83,22.53,100.0,34.73,2025.0,5
2025-05-08 22:00:00,11855,25.55,83.73,22.78,100.0,41.45,2025.0,5
2025-05-08 23:00:00,11856,24.43,85.53,22.18,100.0,37.39,2025.0,5
2025-05-09 00:00:00,11857,23.71,86.48,21.52,100.0,27.89,2025.0,5
2025-05-09 01:00:00,11858,23.91,85.8,21.53,100.0,28.97,2025.0,5
2025-05-09 02:00:00,11859,23.86,86.03,21.45,100.0,31.45,2025.0,5
2025-05-09 03:00:00,11860,23.82,86.13,21.29,100.0,33.34,2025.0,5
2025-05-09 04:00:00,11861,23.55,87.8,21.18,100.0,32.18,2025.0,5
2025-05-09 05:00:00,11862,23.5,87.97,21.04,100.0,35.76,2025.0,5
2025-05-09 06:00:00,11863,24.01,86.4,21.62,100.0,44.98,2025.0,5
2025-05-09 07:00:00,11864,27.06,78.37,23.94,100.0,63.05,2025.0,5
2025-05-09 08:00:00,11865,32.02,65.77,28.16,99.33,72.0,2025.0,5
2025-05-09 09:00:00,11866,32.98,61.07,27.94,98.5,77.73,2025.0,5
2025-05-09 10:00:00,11867,35.76,53.4,32.58,77.63,61.77,2025.0,5
2025-05-09 11:00:00,11868,38.86,46.27,35.2,56.2,48.5,2025.0,5
2025-05-09 12:00:00,11869,37.9,44.89,33.43,57.7,35.37,2025.0,5
2025-05-09 13:00:00,11870,34.95,51.63,31.93,64.1,41.5,2025.0,5
2025-05-09 14:00:00,11871,33.6,53.57,31.06,65.4,42.93,2025.0,5
2025-05-09 15:00:00,11872,30.33,63.27,28.26,75.83,51.57,2025.0,5
2025-05-09 16:00:00,11873,30.03,64.57,28.1,76.53,51.93,2025.0,5
2025-05-09 17:00:00,11874,29.12,66.1,26.8,79.13,55.03,2025.0,5
2025-05-09 18:00:00,11875,27.4,68.83,25.62,80.33,57.57,2025.0,5
2025-05-09 19:00:00,11876,26.69,72.07,25.14,83.4,68.53,2025.0,5
2025-05-09 20:00:00,11877,26.08,77.03,24.68,87.4,74.93,2025.0,5
2025-05-09 21:00:00,11878,25.94,78.0,24.3,89.43,75.23,2025.0,5
2025-05-09 22:00:00,11879,25.85,77.9,23.96,90.17,,2025.0,5
2025-05-09 23:00:00,11880,25.82,78.07,24.01,90.03,67.17,2025.0,5
2025-05-10 00:00:00,11881,26.0,77.65,24.05,89.5,79.96,2025.0,5
2025-05-10 01:00:00,11882,25.59,78.7,23.31,92.67,74.1,2025.0,5
2025-05-10 02:00:00,11883,25.26,80.4,22.95,95.67,69.56,2025.0,5
2025-05-10 03:00:00,11884,25.09,81.3,22.46,98.23,78.28,2025.0,5
2025-05-10 04:00:00,11885,24.66,82.73,22.28,99.3,80.24,2025.0,5
2025-05-10 05:00:00,11886,24.28,83.3,22.15,99.3,62.0,2025.0,5
2025-05-10 06:00:00,11887,24.62,83.0,22.87,96.8,58.78,2025.0,5
2025-05-10 07:00:00,11888,28.47,72.27,27.48,79.47,73.59,2025.0,5
2025-05-10 08:00:00,11889,34.15,57.37,32.23,65.2,,2025.0,5
2025-05-10 09:00:00,11890,38.16,47.93,35.9,54.63,78.6,2025.0,5
2025-05-10 10:00:00,11891,39.94,43.5,37.78,50.07,,2025.0,5
2025-05-10 11:00:00,11892,40.71,41.6,36.48,52.5,,2025.0,5
2025-05-10 12:00:00,11893,35.53,49.7,30.44,69.15,,2025.0,5
2025-05-10 13:00:00,11894,27.95,68.4,22.64,100.0,76.73,2025.0,5
2025-05-10 14:00:00,11895,25.58,77.03,22.25,100.0,46.89,2025.0,5
2025-05-10 15:00:00,11896,25.41,79.77,22.32,100.0,47.34,2025.0,5
2025-05-10 16:00:00,11897,26.3,78.67,22.81,100.0,63.2,2025.0,5
2025-05-10 17:00:00,11898,25.97,80.03,22.86,100.0,51.33,2025.0,5
2025-05-10 18:00:00,11899,25.38,81.67,22.86,100.0,45.98,2025.0,5
2025-05-10 19:00:00,11900,25.55,81.67,23.0,100.0,53.06,2025.0,5
2025-05-10 20:00:00,11901,25.6,82.13,22.92,100.0,44.91,2025.0,5
2025-05-10 21:00:00,11902,25.68,82.5,23.03,100.0,43.46,2025.0,5
2025-05-10 22:00:00,11903,25.8,82.17,22.95,100.0,44.62,2025.0,5
2025-05-10 23:00:00,11904,25.59,83.1,22.95,100.0,65.79,2025.0,5
2025-05-11 00:00:00,11905,25.19,83.71,22.82,100.0,49.58,2025.0,5
2025-05-11 01:00:00,11906,24.98,84.97,22.75,100.0,45.27,2025.0,5
2025-05-11 02:00:00,11907,25.1,84.97,22.54,100.0,50.47,2025.0,5
2025-05-11 03:00:00,11908,25.0,85.0,22.45,100.0,47.03,2025.0,5
2025-05-11 04:00:00,11909,24.95,85.4,22.36,100.0,56.73,2025.0,5
2025-05-11 05:00:00,11910,24.46,86.0,22.25,100.0,58.07,2025.0,5
2025-05-11 06:00:00,11911,24.97,85.17,22.59,100.0,66.8,2025.0,5
2025-05-11 07:00:00,11912,28.45,76.0,26.03,100.0,,2025.0,5
2025-05-11 08:00:00,11913,33.39,61.57,28.38,98.9,,2025.0,5
2025-05-11 09:00:00,11914,35.14,54.43,32.45,69.13,68.37,2025.0,5
2025-05-11 10:00:00,11915,38.54,47.23,37.22,51.67,57.6,2025.0,5
2025-05-11 11:00:00,11916,38.3,43.57,34.35,53.43,39.1,2025.0,5
2025-05-11 12:00:00,11917,36.0,47.21,31.98,60.11,29.82,2025.0,5
2025-05-11 13:00:00,11918,28.83,66.0,26.03,83.5,33.0,2025.0,5
2025-05-11 14:00:00,11919,28.64,69.87,26.04,97.17,28.5,2025.0,5
2025-05-11 15:00:00,11920,33.42,56.3,30.71,73.9,34.6,2025.0,5
2025-05-11 16:00:00,11921,31.66,58.33,28.72,71.8,33.43,2025.0,5
2025-05-11 17:00:00,11922,29.04,65.37,26.36,79.9,34.83,2025.0,5
2025-05-11 18:00:00,11923,27.38,69.3,25.0,83.1,33.93,2025.0,5
2025-05-11 19:00:00,11924,26.54,73.8,24.4,87.63,48.17,2025.0,5
2025-05-11 20:00:00,11925,26.3,77.9,24.06,92.8,65.23,2025.0,5
2025-05-11 21:00:00,11926,26.28,78.3,23.9,93.77,64.99,2025.0,5
2025-05-11 22:00:00,11927,25.61,80.8,23.54,95.73,43.97,2025.0,5
2025-05-11 23:00:00,11928,25.17,81.7,22.83,98.0,50.63,2025.0,5
2025-05-12 00:00:00,11929,24.67,81.58,22.03,99.23,50.77,2025.0,5
2025-05-12 01:00:00,11930,24.54,81.27,22.15,98.13,47.64,2025.0,5
2025-05-12 02:00:00,11931,24.52,81.7,22.09,98.53,55.07,2025.0,5
2025-05-12 03:00:00,11932,24.09,82.1,21.67,99.13,43.28,2025.0,5
2025-05-12 04:00:00,11933,23.8,83.0,21.38,100.0,48.18,2025.0,5
2025-05-12 10:00:00,11939,38.41,44.52,37.61,47.0,39.0,2025.0,5
2025-05-12 11:00:00,11940,40.59,40.33,36.96,47.87,42.4,2025.0,5
2025-05-12 12:00:00,11941,38.69,41.18,34.11,52.07,24.54,2025.0,5
2025-05-12 13:00:00,11942,36.48,45.07,34.17,54.1,18.3,2025.0,5
2025-05-12 14:00:00,11943,33.84,51.67,31.51,62.8,22.57,2025.0,5
2025-05-12 15:00:00,11944,32.79,54.63,30.41,66.43,24.83,2025.0,5
2025-05-12 16:00:00,11945,30.68,60.37,28.39,72.77,30.77,2025.0,5
2025-05-12 17:00:00,11946,29.43,64.47,27.05,78.43,34.43,2025.0,5
2025-05-12 18:00:00,11947,27.88,72.73,25.75,86.6,59.83,2025.0,5
2025-05-12 19:00:00,11948,26.42,76.57,24.87,88.87,57.67,2025.0,5
2025-05-12 20:00:00,11949,26.08,77.63,24.5,89.07,48.87,2025.0,5
2025-05-12 21:00:00,11950,26.06,77.97,24.44,89.83,56.67,2025.0,5
2025-05-12 22:00:00,11951,26.07,77.9,24.29,89.97,54.63,2025.0,5
2025-05-12 23:00:00,11952,26.27,77.57,24.18,90.7,60.07,2025.0,5
2025-05-13 00:00:00,11953,26.03,78.0,24.17,90.42,56.81,2025.0,5
2025-05-13 01:00:00,11954,26.12,79.23,23.64,94.47,48.95,2025.0,5
2025-05-13 02:00:00,11955,24.74,83.93,22.24,100.0,30.55,2025.0,5
2025-05-13 03:00:00,11956,23.52,87.47,21.48,100.0,20.19,2025.0,5
2025-05-13 04:00:00,11957,23.92,85.57,21.41,100.0,22.76,2025.0,5
2025-05-13 05:00:00,11958,24.0,85.1,21.5,100.0,43.33,2025.0,5
2025-05-13 11:00:00,11964,32.73,59.07,29.96,71.33,51.1,2025.0,5
2025-05-13 12:00:00,11965,29.11,72.83,25.15,97.97,57.2,2025.0,5
2025-05-13 13:00:00,11966,32.22,64.6,26.84,99.53,49.53,2025.0,5
2025-05-13 14:00:00,11967,33.02,61.57,28.93,89.87,46.1,2025.0,5
2025-05-13 15:00:00,11968,28.47,69.1,25.58,85.23,39.07,2025.0,5
2025-05-13 16:00:00,11969,27.66,75.1,24.91,91.73,49.23,2025.0,5
2025-05-13 17:00:00,11970,27.39,75.63,24.46,93.23,50.3,2025.0,5
2025-05-13 18:00:00,11971,26.17,78.0,24.11,92.27,60.44,2025.0,5
2025-05-13 19:00:00,11972,25.89,80.0,23.75,94.67,34.82,2025.0,5
2025-05-13 20:00:00,11973,25.9,80.2,23.62,95.73,56.68,2025.0,5
2025-05-13 21:00:00,11974,25.65,80.63,23.27,96.2,57.55,2025.0,5
2025-05-13 22:00:00,11975,25.49,81.8,23.24,97.93,68.63,2025.0,5
2025-05-13 23:00:00,11976,25.25,82.37,23.27,97.37,69.59,2025.0,5
2025-05-14 00:00:00,11977,24.88,82.36,22.99,97.07,39.03,2025.0,5
2025-05-14 01:00:00,11978,24.77,82.97,22.4,99.4,41.52,2025.0,5
2025-05-14 11:00:00,11988,39.02,43.5,35.4,52.5,59.07,2025.0,5
2025-05-14 12:00:00,11989,34.85,50.48,30.06,66.97,64.86,2025.0,5
2025-05-14 13:00:00,11990,26.99,73.77,23.26,95.5,52.53,2025.0,5
2025-05-14 14:00:00,11991,23.68,85.8,21.91,100.0,25.06,2025.0,5
2025-05-14 15:00:00,11992,24.53,86.03,22.52,100.0,36.38,2025.0,5
2025-05-14 16:00:00,11993,25.95,80.87,23.0,100.0,38.57,2025.0,5
2025-05-14 17:00:00,11994,25.86,81.3,22.75,100.0,36.14,2025.0,5
2025-05-14 18:00:00,11995,24.07,86.0,21.79,100.0,26.26,2025.0,5
2025-05-14 19:00:00,11996,23.0,92.87,21.43,100.0,23.76,2025.0,5
2025-05-14 20:00:00,11997,22.83,98.73,21.59,100.0,28.79,2025.0,5
2025-05-14 21:00:00,11998,22.74,99.0,21.46,100.0,24.63,2025.0,5
2025-05-15 11:00:00,12012,36.17,50.3,33.35,59.47,44.23,2025.0,5
2025-05-15 12:00:00,12013,35.31,50.97,32.19,62.34,42.59,2025.0,5
2025-05-15 13:00:00,12014,35.75,49.67,33.7,58.13,34.6,2025.0,5
2025-05-15 14:00:00,12015,36.5,49.1,33.4,60.03,35.33,2025.0,5
2025-05-15 15:00:00,12016,31.26,60.9,28.66,73.53,35.5,2025.0,5
2025-05-15 16:00:00,12017,28.78,67.57,26.94,78.93,41.5,2025.0,5
2025-05-15 17:00:00,12018,27.67,72.5,26.0,83.67,42.77,2025.0,5
2025-05-15 18:00:00,12019,27.38,75.43,25.38,88.13,49.97,2025.0,5
2025-05-15 19:00:00,12020,26.62,77.17,24.94,89.63,52.87,2025.0,5
2025-05-15 20:00:00,12021,26.66,77.87,24.71,91.27,55.47,2025.0,5
2025-05-15 21:00:00,12022,26.69,78.23,24.55,92.77,,2025.0,5
2025-05-15 22:00:00,12023,25.73,82.83,23.79,96.83,50.23,2025.0,5
2025-05-15 23:00:00,12024,25.31,85.13,23.1,100.0,53.18,2025.0,5
2025-05-16 00:00:00,12025,25.49,84.55,22.99,100.0,43.18,2025.0,5
2025-05-16 01:00:00,12026,24.12,88.47,22.06,100.0,36.81,2025.0,5
2025-05-16 02:00:00,12027,23.82,90.43,21.9,100.0,35.55,2025.0,5
2025-05-16 03:00:00,12028,24.04,88.07,21.85,100.0,30.31,2025.0,5
2025-05-16 11:00:00,12036,38.17,48.17,34.58,58.39,44.26,2025.0,5
2025-05-16 12:00:00,12037,37.46,47.67,33.12,60.07,49.77,2025.0,5
2025-05-16 13:00:00,12038,34.18,54.47,29.97,70.87,38.23,2025.0,5
2025-05-16 14:00:00,12039,26.57,77.83,23.3,100.0,28.53,2025.0,5
2025-05-16 15:00:00,12040,27.72,75.23,24.22,100.0,36.37,2025.0,5
2025-05-16 16:00:00,12041,25.89,78.27,22.72,100.0,27.43,2025.0,5
2025-05-16 17:00:00,12042,23.23,89.7,21.68,100.0,18.78,2025.0,5
2025-05-16 18:00:00,12043,23.4,89.87,21.57,100.0,21.95,2025.0,5
2025-05-16 19:00:00,12044,23.85,87.37,21.57,100.0,23.36,2025.0,5
2025-05-16 20:00:00,12045,24.14,86.73,21.6,100.0,21.28,2025.0,5
2025-05-16 21:00:00,12046,23.79,87.67,21.6,100.0,27.51,2025.0,5
2025-05-16 22:00:00,12047,23.59,89.33,21.52,100.0,22.22,2025.0,5
2025-05-16 23:00:00,12048,23.97,87.23,21.5,100.0,20.35,2025.0,5
2025-05-17 11:00:00,12060,36.94,48.93,34.8,54.8,35.57,2025.0,5
2025-05-17 12:00:00,12061,33.99,54.1,30.31,67.14,41.48,2025.0,5
2025-05-17 13:00:00,12062,28.03,71.2,26.38,82.73,38.1,2025.0,5
2025-05-17 14:00:00,12063,29.76,66.4,28.52,75.1,29.9,2025.0,5
2025-05-17 15:00:00,12064,29.23,68.47,27.02,80.73,34.13,2025.0,5
2025-05-17 16:00:00,12065,26.69,75.43,24.29,89.3,28.5,2025.0,5
2025-05-17 17:00:00,12066,26.14,77.4,24.07,89.53,43.6,2025.0,5
2025-05-17 18:00:00,12067,25.82,79.0,23.57,92.5,53.23,2025.0,5
2025-05-17 19:00:00,12068,25.51,79.7,23.46,92.97,42.51,2025.0,5
2025-05-17 20:00:00,12069,25.52,80.23,23.28,94.27,44.35,2025.0,5
2025-05-17 21:00:00,12070,25.05,82.0,22.81,96.87,39.49,2025.0,5
2025-05-17 22:00:00,12071,24.92,83.07,22.68,98.3,56.97,2025.0,5
2025-05-17 23:00:00,12072,24.72,84.0,22.5,99.7,46.34,2025.0,5
2025-05-18 00:00:00,12073,24.59,84.41,22.12,100.0,55.21,2025.0,5
2025-05-18 01:00:00,12074,24.12,85.0,21.67,100.0,51.06,2025.0,5
2025-05-18 11:00:00,12084,39.15,43.07,35.8,49.97,40.07,2025.0,5
2025-05-18 12:00:00,12085,38.25,42.21,34.01,52.38,20.52,2025.0,5
2025-05-18 13:00:00,12086,38.74,41.77,35.92,49.4,17.83,2025.0,5
2025-05-18 14:00:00,12087,37.82,43.8,34.76,53.37,23.53,2025.0,5
2025-05-18 15:00:00,12088,36.64,47.13,33.27,59.7,33.43,2025.0,5
2025-05-18 16:00:00,12089,32.76,56.33,29.18,72.27,45.17,2025.0,5
2025-05-18 17:00:00,12090,28.47,70.03,25.46,87.77,39.23,2025.0,5
2025-05-18 18:00:00,12091,24.71,82.1,22.57,97.2,28.85,2025.0,5
2025-05-18 19:00:00,12092,23.21,88.33,21.38,100.0,18.31,2025.0,5
2025-05-18 20:00:00,12093,23.8,86.23,21.6,100.0,15.57,2025.0,5
2025-05-18 21:00:00,12094,24.09,86.0,21.76,100.0,28.18,2025.0,5
2025-05-18 22:00:00,12095,24.05,86.07,21.79,100.0,38.99,2025.0,5
2025-05-18 23:00:00,12096,24.2,85.47,21.55,100.0,39.71,2025.0,5
2025-05-19 00:00:00,12097,24.41,85.41,21.79,100.0,31.86,2025.0,5
2025-05-19 01:00:00,12098,24.4,85.47,21.89,100.0,29.68,2025.0,5
2025-05-19 02:00:00,12099,24.38,85.43,21.78,100.0,32.25,2025.0,5
2025-05-19 03:00:00,12100,24.18,85.5,21.54,100.0,39.11,2025.0,5
2025-05-19 11:00:00,12108,37.83,46.63,34.59,54.97,43.77,2025.0,5
2025-05-19 12:00:00,12109,34.48,51.69,30.94,63.83,24.62,2025.0,5
2025-05-19 13:00:00,12110,29.97,64.07,28.84,72.53,30.0,2025.0,5
2025-05-19 14:00:00,12111,30.05,62.3,28.45,72.0,21.33,2025.0,5
2025-05-19 15:00:00,12112,30.1,61.57,28.12,72.3,20.1,2025.0,5
2025-05-19 16:00:00,12113,27.37,75.67,24.22,93.97,50.63,2025.0,5
2025-05-19 17:00:00,12114,25.54,81.37,22.5,100.0,28.56,2025.0,5
2025-05-19 18:00:00,12115,25.6,82.27,22.6,100.0,40.04,2025.0,5
2025-05-19 19:00:00,12116,25.26,82.77,22.56,100.0,54.09,2025.0,5
2025-05-19 20:00:00,12117,24.97,83.6,22.57,100.0,34.91,2025.0,5
2025-05-19 21:00:00,12118,24.77,84.93,22.5,100.0,36.18,2025.0,5
2025-05-19 22:00:00,12119,24.89,85.0,22.24,100.0,45.58,2025.0,5
2025-05-19 23:00:00,12120,24.45,85.2,22.21,100.0,35.35,2025.0,5
2025-05-20 00:00:00,12121,24.53,85.0,22.06,100.0,39.07,2025.0,5
2025-05-20 11:00:00,12132,32.38,49.1,31.62,51.67,21.03,2025.0,5
2025-05-20 12:00:00,12133,33.22,48.52,31.8,53.17,23.66,2025.0,5
2025-05-20 13:00:00,12134,32.56,52.13,31.86,56.87,25.73,2025.0,5
2025-05-20 14:00:00,12135,33.45,52.57,33.27,56.6,28.67,2025.0,5
2025-05-20 15:00:00,12136,34.85,50.23,31.61,61.33,29.2,2025.0,5
2025-05-20 16:00:00,12137,32.85,54.37,29.71,66.8,30.13,2025.0,5
2025-05-20 17:00:00,12138,30.3,63.0,27.46,76.7,35.0,2025.0,5
2025-05-20 18:00:00,12139,28.08,70.13,26.04,82.43,40.5,2025.0,5
2025-05-20 19:00:00,12140,27.19,73.7,25.08,86.77,46.17,2025.0,5
2025-05-20 20:00:00,12141,26.85,75.5,24.69,89.1,76.97,2025.0,5
2025-05-20 21:00:00,12142,26.21,77.7,24.14,91.13,,2025.0,5
2025-05-20 22:00:00,12143,25.6,78.93,23.8,91.23,59.14,2025.0,5
2025-05-20 23:00:00,12144,25.48,78.53,23.47,91.4,53.45,2025.0,5
2025-05-21 00:00:00,12145,25.2,80.57,22.74,96.11,49.63,2025.0,5
2025-05-21 01:00:00,12146,25.09,81.27,22.83,96.7,59.03,2025.0,5
2025-05-21 02:00:00,12147,25.37,80.9,22.96,95.93,59.5,2025.0,5
2025-05-21 03:00:00,12148,25.45,80.8,23.09,95.77,63.14,2025.0,5
2025-05-22 13:00:00,12182,34.2,55.97,31.25,66.2,37.8,2025.0,5
2025-05-22 14:00:00,12183,33.1,58.1,29.2,72.6,44.97,2025.0,5
2025-05-22 15:00:00,12184,32.01,61.03,28.57,75.67,51.6,2025.0,5
2025-05-22 16:00:00,12185,28.16,70.83,25.03,87.0,27.33,2025.0,5
2025-05-22 17:00:00,12186,24.46,82.3,22.21,98.2,18.6,2025.0,5
2025-05-22 18:00:00,12187,23.48,86.93,21.45,100.0,19.94,2025.0,5
2025-05-22 19:00:00,12188,23.86,85.73,21.65,100.0,23.12,2025.0,5
2025-05-22 20:00:00,12189,24.22,85.17,21.71,100.0,25.01,2025.0,5
2025-05-22 21:00:00,12190,23.9,85.23,21.49,100.0,24.95,2025.0,5
2025-05-22 22:00:00,12191,23.89,86.0,21.49,100.0,23.49,2025.0,5
2025-05-22 23:00:00,12192,24.22,85.17,21.65,100.0,32.38,2025.0,5
2025-05-23 10:00:00,12203,33.79,57.69,32.73,62.67,37.74,2025.0,5
2025-05-23 11:00:00,12204,33.33,57.93,29.73,71.0,46.33,2025.0,5
2025-05-23 12:00:00,12205,26.16,80.25,23.04,99.5,42.09,2025.0,5
2025-05-23 13:00:00,12206,25.59,82.6,22.72,100.0,20.84,2025.0,5
2025-05-23 14:00:00,12207,24.62,84.23,22.06,100.0,9.8,2025.0,5
2025-05-23 15:00:00,12208,24.37,84.97,21.98,100.0,15.28,2025.0,5
2025-05-23 16:00:00,12209,24.54,85.17,22.12,100.0,31.96,2025.0,5
2025-05-23 17:00:00,12210,24.16,86.7,21.93,100.0,32.14,2025.0,5
2025-05-23 18:00:00,12211,24.51,86.2,21.89,100.0,34.1,2025.0,5
2025-05-23 19:00:00,12212,24.4,86.57,21.88,100.0,40.07,2025.0,5
2025-05-23 20:00:00,12213,24.35,86.97,21.8,100.0,40.6,2025.0,5
2025-05-23 21:00:00,12214,23.76,88.21,21.77,100.0,37.44,2025.0,5
2025-05-24 12:00:00,12229,36.89,50.03,32.37,63.31,51.0,2025.0,5
2025-05-24 13:00:00,12230,34.95,53.03,30.99,66.9,37.4,2025.0,5
2025-05-24 14:00:00,12231,33.56,55.7,31.12,66.57,15.17,2025.0,5
2025-05-24 15:00:00,12232,31.39,60.1,29.04,71.07,13.93,2025.0,5
2025-05-24 16:00:00,12233,29.53,68.3,26.47,84.03,30.07,2025.0,5
2025-05-24 17:00:00,12234,27.47,74.03,25.07,89.3,42.43,2025.0,5
2025-05-24 18:00:00,12235,25.67,81.1,23.18,98.9,35.83,2025.0,5
2025-05-24 19:00:00,12236,25.22,83.33,22.89,100.0,33.48,2025.0,5
2025-05-24 20:00:00,12237,25.07,85.33,23.16,100.0,35.4,2025.0,5
2025-05-24 21:00:00,12238,25.17,85.4,23.14,100.0,48.6,2025.0,5
2025-05-24 22:00:00,12239,24.69,86.73,22.88,100.0,33.9,2025.0,5
2025-05-24 23:00:00,12240,24.84,85.5,22.85,100.0,37.56,2025.0,5
2025-05-25 00:00:00,12241,25.01,85.0,22.73,100.0,36.26,2025.0,5
2025-05-25 01:00:00,12242,24.89,85.43,22.59,100.0,50.09,2025.0,5
2025-05-25 02:00:00,12243,24.71,85.1,22.27,100.0,53.51,2025.0,5
2025-05-25 11:00:00,12252,34.45,55.03,30.66,67.7,57.0,2025.0,5
2025-05-25 12:00:00,12253,33.82,55.31,30.88,66.45,28.52,2025.0,5
2025-05-25 13:00:00,12254,33.13,57.27,31.21,66.87,31.37,2025.0,5
2025-05-25 14:00:00,12255,35.72,52.43,34.42,59.33,38.47,2025.0,5
2025-05-25 15:00:00,12256,36.11,50.8,32.16,64.33,34.93,2025.0,5
2025-05-25 16:00:00,12257,32.24,58.5,28.92,73.17,36.6,2025.0,5
2025-05-25 17:00:00,12258,28.73,69.23,26.16,83.83,53.27,2025.0,5
2025-05-25 18:00:00,12259,26.78,74.53,25.03,86.93,57.37,2025.0,5
2025-05-25 19:00:00,12260,26.35,77.17,24.44,90.43,76.7,2025.0,5
2025-05-25 20:00:00,12261,25.78,79.8,23.89,93.07,60.58,2025.0,5
2025-05-25 21:00:00,12262,25.65,81.03,23.9,94.57,56.99,2025.0,5
2025-05-25 22:00:00,12263,25.75,81.33,23.72,95.33,58.07,2025.0,5
2025-05-25 23:00:00,12264,25.14,83.23,23.42,97.07,61.75,2025.0,5
2025-05-26 00:00:00,12265,25.23,83.29,23.51,96.61,46.01,2025.0,5
2025-05-26 01:00:00,12266,25.64,82.07,23.35,97.47,43.68,2025.0,5
2025-05-26 02:00:00,12267,25.3,82.77,23.25,97.33,40.96,2025.0,5
2025-05-26 11:00:00,12276,,,29.11,73.78,41.17,2025.0,5
2025-05-26 12:00:00,12277,29.72,66.83,28.06,77.3,44.37,2025.0,5
2025-05-26 13:00:00,12278,27.45,74.57,25.27,88.13,41.97,2025.0,5
2025-05-26 14:00:00,12279,25.92,79.9,24.53,92.1,25.88,2025.0,5
2025-05-26 15:00:00,12280,25.86,80.0,24.6,90.7,38.64,2025.0,5
2025-05-26 16:00:00,12281,26.07,80.1,24.64,91.03,39.05,2025.0,5
2025-05-26 17:00:00,12282,25.99,79.9,24.32,91.53,35.14,2025.0,5
2025-05-26 18:00:00,12283,25.69,80.43,24.12,91.87,35.24,2025.0,5
2025-05-26 19:00:00,12284,25.45,80.93,23.72,93.63,35.98,2025.0,5
2025-05-26 20:00:00,12285,25.3,80.63,23.67,92.4,39.93,2025.0,5
2025-05-26 21:00:00,12286,24.93,81.8,23.14,94.8,45.16,2025.0,5
2025-05-26 22:00:00,12287,24.61,81.67,22.62,95.37,46.23,2025.0,5
2025-05-27 12:00:00,12301,33.82,48.39,31.16,57.48,,2025.0,5
2025-05-27 13:00:00,12302,34.47,46.23,33.28,51.83,,2025.0,5
2025-05-27 14:00:00,12303,35.86,43.2,34.81,47.83,,2025.0,5
2025-05-27 15:00:00,12304,39.35,40.07,36.04,48.13,17.4,2025.0,5
2025-05-27 16:00:00,12305,36.51,45.07,31.73,60.0,26.27,2025.0,5
2025-05-27 17:00:00,12306,32.52,54.63,28.74,70.7,34.93,2025.0,5
2025-05-27 18:00:00,12307,28.86,66.4,26.63,80.03,42.47,2025.0,5
2025-05-27 19:00:00,12308,27.98,69.73,25.77,83.33,46.43,2025.0,5
2025-05-27 20:00:00,12309,27.46,70.33,25.26,83.5,46.27,2025.0,5
2025-05-27 21:00:00,12310,26.93,72.03,24.77,85.6,58.83,2025.0,5
2025-05-27 22:00:00,12311,25.96,77.2,23.76,91.3,,2025.0,5
2025-05-27 23:00:00,12312,25.51,79.0,23.15,94.07,,2025.0,5
2025-05-28 00:00:00,12313,25.22,80.0,22.86,95.37,79.89,2025.0,5
2025-05-28 13:00:00,12326,38.71,40.93,35.91,47.87,35.17,2025.0,5
2025-05-28 14:00:00,12327,39.88,37.27,38.21,41.13,28.67,2025.0,5
2025-05-28 15:00:00,12328,40.49,36.97,36.04,46.63,34.03,2025.0,5
2025-05-28 16:00:00,12329,38.48,41.17,33.08,55.87,39.6,2025.0,5
2025-05-28 17:00:00,12330,32.19,54.53,28.62,70.97,56.53,2025.0,5
2025-05-28 18:00:00,12331,29.41,64.87,27.12,79.7,75.33,2025.0,5
2025-05-28 19:00:00,12332,28.4,71.8,26.31,85.77,78.53,2025.0,5
2025-05-28 20:00:00,12333,28.19,72.7,26.17,86.4,,2025.0,5
2025-05-28 21:00:00,12334,26.89,73.5,24.84,86.87,56.77,2025.0,5
2025-05-28 22:00:00,12335,26.0,76.17,24.08,88.4,65.97,2025.0,5
2025-05-28 23:00:00,12336,25.78,78.57,23.89,91.6,55.37,2025.0,5
2025-05-29 13:00:00,12350,37.67,44.53,34.62,54.43,53.93,2025.0,5
2025-05-29 14:00:00,12351,36.13,47.63,32.97,60.6,50.73,2025.0,5
2025-05-29 15:00:00,12352,32.66,60.37,28.07,85.93,65.83,2025.0,5
2025-05-29 16:00:00,12353,32.29,61.79,29.24,77.39,67.43,2025.0,5
2025-05-30 14:00:00,12375,33.6,54.13,29.75,71.43,47.43,2025.0,5
2025-05-30 15:00:00,12376,28.94,72.7,24.41,100.0,61.07,2025.0,5
2025-05-30 16:00:00,12377,29.42,72.67,25.36,100.0,77.77,2025.0,5
2025-05-30 17:00:00,12378,28.15,75.63,24.91,100.0,71.57,2025.0,5
2025-05-30 18:00:00,12379,25.43,83.27,23.47,100.0,48.58,2025.0,5
2025-05-30 19:00:00,12380,25.48,82.37,23.52,100.0,46.27,2025.0,5
2025-05-30 20:00:00,12381,25.91,81.1,23.72,98.27,47.17,2025.0,5
2025-05-30 21:00:00,12382,26.17,80.07,24.17,94.27,54.37,2025.0,5
2025-05-30 22:00:00,12383,26.07,80.5,23.98,95.2,62.24,2025.0,5
2025-05-30 23:00:00,12384,25.89,82.07,23.76,97.53,59.34,2025.0,5
2025-05-31 00:00:00,12385,25.6,83.3,23.56,99.0,68.71,2025.0,5
2025-05-31 01:00:00,12386,25.45,83.67,23.55,98.17,54.9,2025.0,5
2025-05-31 02:00:00,12387,25.32,81.4,22.7,98.0,50.07,2025.0,5
2025-05-31 03:00:00,12388,24.25,80.6,21.62,97.4,47.1,2025.0,5
2025-05-31 04:00:00,12389,23.64,82.0,21.33,97.6,45.16,2025.0,5
2025-05-31 05:00:00,12390,23.81,78.83,21.61,92.53,50.86,2025.0,5
2025-05-31 06:00:00,12391,24.45,76.93,22.62,88.13,68.27,2025.0,5
2025-05-31 07:00:00,12392,30.12,63.97,28.96,69.8,,2025.0,5
2025-05-31 08:00:00,12393,35.4,53.37,32.94,61.37,,2025.0,5
2025-05-31 09:00:00,12394,37.81,47.87,35.51,55.4,,2025.0,5
2025-05-31 10:00:00,12395,39.27,42.57,37.52,47.3,65.33,2025.0,5
2025-05-31 11:00:00,12396,37.35,39.8,34.22,46.87,37.23,2025.0,5
2025-05-31 12:00:00,12397,37.48,40.82,33.08,51.89,40.86,2025.0,5
2025-05-31 13:00:00,12398,37.87,40.5,35.08,48.5,38.43,2025.0,5
2025-05-31 14:00:00,12399,38.66,40.63,35.61,49.47,38.5,2025.0,5
2025-05-31 15:00:00,12400,32.17,53.8,28.71,70.2,45.27,2025.0,5
2025-05-31 16:00:00,12401,27.12,71.37,23.29,99.97,48.33,2025.0,5
2025-05-31 17:00:00,12402,25.63,77.03,22.4,100.0,37.99,2025.0,5
2025-05-31 18:00:00,12403,24.26,81.03,21.31,100.0,22.06,2025.0,5
2025-05-31 19:00:00,12404,24.27,80.73,21.32,100.0,22.94,2025.0,5
2025-05-31 20:00:00,12405,24.5,81.17,21.91,100.0,47.7,2025.0,5
2025-05-31 21:00:00,12406,24.67,81.73,22.12,100.0,39.37,2025.0,5
2025-05-31 22:00:00,12407,24.5,82.0,22.02,100.0,32.58,2025.0,5
2025-05-31 23:00:00,12408,24.49,82.87,21.79,100.0,36.65,2025.0,5
2025-06-01 00:00:00,12409,24.37,83.68,21.63,100.0,52.21,2025.0,6
2025-06-01 12:00:00,12421,34.88,48.1,31.32,58.87,49.33,2025.0,6
2025-06-01 13:00:00,12422,36.44,45.6,32.86,55.27,48.17,2025.0,6
2025-06-01 14:00:00,12423,35.41,48.17,31.27,61.6,48.13,2025.0,6
2025-06-01 15:00:00,12424,30.45,60.03,27.52,74.07,46.27,2025.0,6
2025-06-01 16:00:00,12425,27.6,68.57,25.56,81.17,50.8,2025.0,6
2025-06-01 17:00:00,12426,26.21,71.63,24.52,82.53,53.77,2025.0,6
2025-06-01 18:00:00,12427,25.84,75.6,24.08,87.13,76.1,2025.0,6
2025-06-01 19:00:00,12428,25.85,76.7,23.93,88.77,76.73,2025.0,6
2025-06-01 20:00:00,12429,25.97,75.87,23.96,87.73,89.87,2025.0,6
2025-06-01 21:00:00,12430,25.74,76.9,23.27,91.0,121.17,2025.0,6
2025-06-01 22:00:00,12431,25.4,78.37,22.95,93.1,101.87,2025.0,6
2025-06-01 23:00:00,12432,24.6,81.3,22.54,96.53,72.11,2025.0,6
2025-06-02 00:00:00,12433,24.06,82.83,22.21,97.62,69.84,2025.0,6
2025-06-02 01:00:00,12434,23.56,83.77,21.26,99.13,74.86,2025.0,6
2025-06-02 02:00:00,12435,23.35,82.13,21.08,96.0,62.0,2025.0,6
2025-06-02 09:00:00,12442,30.47,63.9,29.85,68.47,101.33,2025.0,6
2025-06-02 10:00:00,12443,32.09,57.5,30.72,63.63,77.83,2025.0,6
2025-06-02 11:00:00,12444,31.78,56.07,30.85,61.03,52.4,2025.0,6
2025-06-02 12:00:00,12445,33.67,48.96,31.76,55.21,30.79,2025.0,6
2025-06-02 13:00:00,12446,37.2,41.43,35.58,45.63,28.33,2025.0,6
2025-06-02 14:00:00,12447,,35.17,39.39,38.47,33.17,2025.0,6
2025-06-02 15:00:00,12448,39.08,41.4,34.17,54.13,52.3,2025.0,6
2025-06-02 16:00:00,12449,35.16,46.1,30.92,60.9,45.53,2025.0,6
2025-06-02 17:00:00,12450,30.63,58.0,27.61,73.03,48.07,2025.0,6
2025-06-02 18:00:00,12451,28.28,69.1,26.09,83.3,62.03,2025.0,6
2025-06-02 19:00:00,12452,27.3,73.1,25.29,87.27,59.13,2025.0,6
2025-06-02 20:00:00,12453,26.74,75.67,24.86,89.67,64.03,2025.0,6
2025-06-02 21:00:00,12454,26.39,77.7,24.4,92.3,92.1,2025.0,6
2025-06-02 22:00:00,12455,26.34,78.4,24.09,93.77,85.53,2025.0,6
2025-06-02 23:00:00,12456,25.95,79.57,23.5,95.03,92.81,2025.0,6
2025-06-03 00:00:00,12457,25.29,79.28,22.58,95.72,107.78,2025.0,6
2025-06-03 01:00:00,12458,24.5,78.43,22.15,92.9,86.53,2025.0,6
2025-06-03 02:00:00,12459,24.05,75.77,21.55,89.5,63.3,2025.0,6
2025-07-05 09:00:00,13234,30.21,63.57,,,46.23,2025.0,7
2025-07-05 10:00:00,13235,32.52,57.1,,,45.27,2025.0,7
2025-07-05 11:00:00,13236,37.99,45.57,,,39.1,2025.0,7
2025-07-05 12:00:00,13237,37.33,45.33,,,40.57,2025.0,7
2025-07-05 13:00:00,13238,31.52,57.13,,,46.07,2025.0,7
2025-07-05 14:00:00,13239,27.03,72.57,,,54.8,2025.0,7
2025-07-05 15:00:00,13240,26.44,72.57,,,41.87,2025.0,7
2025-07-05 16:00:00,13241,28.67,66.57,,,43.07,2025.0,7
2025-07-05 17:00:00,13242,26.99,71.27,,,43.9,2025.0,7
2025-07-05 18:00:00,13243,25.49,77.5,,,51.18,2025.0,7
2025-07-05 19:00:00,13244,24.11,80.97,,,26.93,2025.0,7
2025-07-05 20:00:00,13245,23.96,82.57,,,28.45,2025.0,7
2025-07-05 21:00:00,13246,24.02,82.53,,,31.6,2025.0,7
2025-07-05 22:00:00,13247,23.87,83.57,,,36.34,2025.0,7
2025-07-05 23:00:00,13248,23.52,87.03,,,47.97,2025.0,7
2025-07-06 00:00:00,13249,23.4,86.2,,,32.72,2025.0,7
2025-07-06 01:00:00,13250,23.16,87.53,,,42.5,2025.0,7
2025-07-06 02:00:00,13251,23.22,88.4,,,61.3,2025.0,7
2025-07-06 03:00:00,13252,23.38,88.07,,,52.86,2025.0,7
2025-07-06 04:00:00,13253,23.1,88.27,,,45.0,2025.0,7
2025-07-06 05:00:00,13254,22.99,89.43,,,50.99,2025.0,7
2025-07-06 06:00:00,13255,22.93,90.27,,,47.3,2025.0,7
2025-07-06 07:00:00,13256,23.45,88.07,,,48.53,2025.0,7
2025-07-06 08:00:00,13257,30.99,68.03,,,54.77,2025.0,7
2025-07-06 09:00:00,13258,37.38,50.63,,,44.73,2025.0,7
2025-07-06 10:00:00,13259,36.46,49.37,,,46.07,2025.0,7
2025-07-06 11:00:00,13260,39.14,41.6,,,32.33,2025.0,7
2025-07-06 12:00:00,13261,34.43,49.17,,,38.0,2025.0,7
2025-07-06 13:00:00,13262,28.84,66.7,,,42.1,2025.0,7
2025-07-06 14:00:00,13263,29.24,67.43,,,42.77,2025.0,7
2025-07-06 15:00:00,13264,26.75,73.6,,,40.57,2025.0,7
2025-07-06 16:00:00,13265,25.5,78.47,,,42.63,2025.0,7
2025-07-06 17:00:00,13266,24.98,80.7,,,39.53,2025.0,7
2025-07-06 18:00:00,13267,24.14,82.7,,,37.1,2025.0,7
2025-07-06 19:00:00,13268,23.7,84.87,,,38.46,2025.0,7
2025-07-06 20:00:00,13269,23.66,83.97,,,34.3,2025.0,7
2025-07-06 21:00:00,13270,23.5,84.73,,,37.3,2025.0,7
2025-07-06 22:00:00,13271,22.93,86.83,,,45.56,2025.0,7
2025-07-06 23:00:00,13272,22.97,86.8,,,48.06,2025.0,7
2025-07-07 00:00:00,13273,23.09,86.73,,,51.26,2025.0,7
2025-07-07 01:00:00,13274,23.27,83.17,,,35.87,2025.0,7
2025-07-07 02:00:00,13275,23.32,84.83,,,39.04,2025.0,7
2025-07-07 03:00:00,13276,22.98,86.73,,,42.5,2025.0,7
2025-07-07 04:00:00,13277,22.62,87.77,,,47.06,2025.0,7
2025-07-07 05:00:00,13278,22.33,89.9,,,66.53,2025.0,7
2025-07-07 06:00:00,13279,22.75,88.43,,,50.32,2025.0,7
2025-07-07 07:00:00,13280,26.42,77.13,,,85.75,2025.0,7
2025-07-07 08:00:00,13281,27.81,72.3,,,63.43,2025.0,7
2025-07-07 09:00:00,13282,29.17,67.87,,,52.33,2025.0,7
2025-07-07 10:00:00,13283,32.35,57.77,,,34.7,2025.0,7
2025-07-07 11:00:00,13284,33.22,54.87,,,33.07,2025.0,7
2025-07-07 12:00:00,13285,34.45,50.9,,,32.77,2025.0,7
2025-07-07 13:00:00,13286,33.87,50.47,,,26.23,2025.0,7
2025-07-07 14:00:00,13287,29.14,66.9,,,51.77,2025.0,7
2025-07-07 15:00:00,13288,28.44,69.23,,,53.03,2025.0,7
2025-07-07 16:00:00,13289,26.85,74.73,,,51.34,2025.0,7
2025-07-07 17:00:00,13290,23.13,88.4,,,33.77,2025.0,7
2025-07-07 18:00:00,13291,23.26,89.27,,,32.36,2025.0,7
2025-07-07 19:00:00,13292,23.57,88.27,,,36.11,2025.0,7
2025-07-07 20:00:00,13293,23.59,87.63,,,39.86,2025.0,7
2025-07-07 21:00:00,13294,23.86,86.2,,,39.73,2025.0,7
2025-07-07 22:00:00,13295,23.84,87.0,,,51.32,2025.0,7
2025-07-07 23:00:00,13296,23.76,87.8,,,73.57,2025.0,7
2025-07-08 00:00:00,13297,23.53,88.3,,,51.5,2025.0,7
2025-07-08 01:00:00,13298,22.72,90.83,,,29.95,2025.0,7
2025-07-08 02:00:00,13299,23.03,89.8,,,28.52,2025.0,7
2025-07-08 03:00:00,13300,23.23,88.7,,,27.63,2025.0,7
2025-07-08 04:00:00,13301,22.95,89.53,,,35.8,2025.0,7
2025-07-08 05:00:00,13302,22.89,90.13,,,35.13,2025.0,7
2025-07-08 06:00:00,13303,23.23,89.6,,,43.53,2025.0,7
2025-07-08 07:00:00,13304,26.86,78.2,,,55.66,2025.0,7
2025-07-08 08:00:00,13305,30.18,67.67,,,50.27,2025.0,7
2025-07-08 09:00:00,13306,29.97,64.8,,,38.43,2025.0,7
2025-07-08 10:00:00,13307,30.78,61.33,,,32.2,2025.0,7
2025-07-08 11:00:00,13308,31.89,57.67,,,26.93,2025.0,7
2025-07-08 12:00:00,13309,31.82,56.67,,,23.87,2025.0,7
2025-07-08 13:00:00,13310,33.35,53.37,,,23.47,2025.0,7
2025-07-08 14:00:00,13311,34.08,52.63,,,29.93,2025.0,7
2025-07-08 15:00:00,13312,31.2,63.13,,,42.33,2025.0,7
2025-07-08 16:00:00,13313,29.01,68.83,,,42.93,2025.0,7
2025-07-08 17:00:00,13314,27.43,74.1,,,48.37,2025.0,7
2025-07-08 18:00:00,13315,26.59,76.43,,,55.2,2025.0,7
2025-07-08 19:00:00,13316,25.69,80.87,,,41.86,2025.0,7
2025-07-08 20:00:00,13317,25.44,81.9,,,38.23,2025.0,7
2025-07-08 21:00:00,13318,25.43,81.77,,,45.65,2025.0,7
2025-07-08 22:00:00,13319,25.31,79.3,,,46.2,2025.0,7
2025-07-08 23:00:00,13320,24.76,80.1,,,34.38,2025.0,7
2025-07-09 00:00:00,13321,24.4,81.0,,,28.65,2025.0,7
2025-07-09 01:00:00,13322,23.95,81.57,,,25.97,2025.0,7
2025-07-09 02:00:00,13323,23.05,82.8,,,22.42,2025.0,7
2025-07-09 03:00:00,13324,22.41,81.5,,,19.94,2025.0,7
2025-07-09 04:00:00,13325,22.13,79.57,,,21.65,2025.0,7
2025-07-09 05:00:00,13326,21.98,78.03,,,24.53,2025.0,7
2025-07-09 06:00:00,13327,22.97,75.63,,,31.17,2025.0,7
2025-07-09 07:00:00,13328,26.75,65.23,,,33.33,2025.0,7
2025-07-09 08:00:00,13329,28.22,57.0,,,24.93,2025.0,7
2025-07-09 09:00:00,13330,29.21,52.23,,,20.3,2025.0,7
2025-07-09 10:00:00,13331,29.61,48.77,,,13.23,2025.0,7
2025-07-09 11:00:00,13332,30.99,47.0,,,16.5,2025.0,7
2025-07-09 12:00:00,13333,31.91,44.3,,,14.67,2025.0,7
2025-07-09 13:00:00,13334,32.49,43.2,,,18.73,2025.0,7
2025-07-09 14:00:00,13335,33.2,42.2,,,19.07,2025.0,7
2025-07-09 15:00:00,13336,35.16,38.5,,,21.4,2025.0,7
2025-07-09 16:00:00,13337,32.88,46.1,,,27.93,2025.0,7
2025-07-09 17:00:00,13338,28.09,58.47,,,40.73,2025.0,7
2025-07-09 18:00:00,13339,26.46,63.4,,,44.63,2025.0,7
2025-07-09 19:00:00,13340,25.19,68.1,,,41.87,2025.0,7
2025-07-09 20:00:00,13341,24.34,71.53,,,40.63,2025.0,7
2025-07-09 21:00:00,13342,23.65,74.9,,,43.23,2025.0,7
2025-07-09 22:00:00,13343,23.28,77.5,,,54.43,2025.0,7
2025-07-09 23:00:00,13344,22.66,79.03,,,50.53,2025.0,7
2025-07-10 00:00:00,13345,21.9,80.07,,,36.57,2025.0,7
2025-07-10 01:00:00,13346,21.33,78.27,,,35.87,2025.0,7
2025-07-10 02:00:00,13347,21.11,78.0,,,35.2,2025.0,7
2025-07-10 03:00:00,13348,20.53,80.3,,,30.81,2025.0,7
2025-07-10 04:00:00,13349,20.02,80.27,,,35.29,2025.0,7
2025-07-10 05:00:00,13350,19.83,79.53,,,46.6,2025.0,7
2025-07-10 06:00:00,13351,20.86,79.8,,,71.49,2025.0,7
2025-07-10 07:00:00,13352,28.19,59.23,,,59.97,2025.0,7
2025-07-10 08:00:00,13353,30.62,49.27,,,45.63,2025.0,7
2025-07-10 09:00:00,13354,30.29,48.6,,,44.1,2025.0,7
2025-07-10 10:00:00,13355,32.06,44.1,,,33.9,2025.0,7
2025-07-10 11:00:00,13356,36.63,37.67,,,38.2,2025.0,7
2025-07-10 12:00:00,13357,37.32,34.5,,,37.03,2025.0,7
2025-07-10 13:00:00,13358,36.7,35.4,,,41.07,2025.0,7
2025-07-10 14:00:00,13359,34.51,45.67,,,52.77,2025.0,7
2025-07-10 15:00:00,13360,32.06,49.37,,,48.9,2025.0,7
2025-07-10 16:00:00,13361,31.67,48.4,,,43.93,2025.0,7
2025-07-10 17:00:00,13362,28.47,58.43,,,58.73,2025.0,7
2025-07-10 18:00:00,13363,26.87,63.6,,,52.4,2025.0,7
2025-07-10 19:00:00,13364,26.2,68.6,,,53.6,2025.0,7
2025-07-10 20:00:00,13365,25.25,72.43,,,58.97,2025.0,7
2025-07-10 21:00:00,13366,23.95,76.43,,,54.97,2025.0,7
2025-07-10 22:00:00,13367,23.31,79.17,,,61.2,2025.0,7
2025-07-10 23:00:00,13368,22.61,81.2,,,41.74,2025.0,7
2025-07-11 00:00:00,13369,22.19,81.97,,,36.31,2025.0,7
2025-07-11 01:00:00,13370,22.04,80.4,,,30.82,2025.0,7
2025-07-11 02:00:00,13371,21.95,78.6,,,38.33,2025.0,7
2025-07-11 03:00:00,13372,21.36,81.47,,,37.23,2025.0,7
2025-07-11 04:00:00,13373,21.5,81.27,,,30.33,2025.0,7
2025-07-11 05:00:00,13374,21.4,80.27,,,22.53,2025.0,7
2025-07-11 06:00:00,13375,21.94,79.43,,,32.62,2025.0,7
2025-07-11 07:00:00,13376,24.96,72.67,,,62.13,2025.0,7
2025-07-11 08:00:00,13377,31.64,55.87,,,70.9,2025.0,7
2025-07-11 09:00:00,13378,31.31,56.0,,,72.57,2025.0,7
2025-07-11 10:00:00,13379,32.77,52.33,,,63.7,2025.0,7
2025-07-11 11:00:00,13380,35.22,46.43,,,61.7,2025.0,7
2025-07-11 12:00:00,13381,32.53,51.43,,,70.43,2025.0,7
2025-07-11 13:00:00,13382,30.41,57.53,,,63.7,2025.0,7
2025-07-11 14:00:00,13383,32.69,52.63,,,55.67,2025.0,7
2025-07-11 15:00:00,13384,31.88,55.6,,,62.97,2025.0,7
2025-07-11 16:00:00,13385,29.26,62.3,,,63.37,2025.0,7
2025-07-11 17:00:00,13386,28.04,66.27,,,65.03,2025.0,7
2025-07-11 18:00:00,13387,26.06,72.93,,,69.63,2025.0,7
2025-07-11 19:00:00,13388,24.92,76.83,,,76.57,2025.0,7
2025-07-11 20:00:00,13389,24.18,78.87,,,74.8,2025.0,7
2025-07-11 21:00:00,13390,24.0,79.47,,,69.72,2025.0,7
2025-07-11 22:00:00,13391,23.96,79.23,,,80.33,2025.0,7
2025-07-11 23:00:00,13392,23.84,79.73,,,74.94,2025.0,7
2025-07-12 00:00:00,13393,23.59,81.1,,,95.11,2025.0,7
2025-07-12 01:00:00,13394,22.78,85.07,,,81.49,2025.0,7
2025-07-12 02:00:00,13395,22.24,85.33,,,84.93,2025.0,7
2025-07-12 03:00:00,13396,21.84,86.17,,,89.11,2025.0,7
2025-07-12 04:00:00,13397,21.46,86.4,,,88.57,2025.0,7
2025-07-12 05:00:00,13398,21.35,86.63,,,88.51,2025.0,7
2025-07-12 06:00:00,13399,21.66,85.67,,,90.14,2025.0,7
2025-07-12 07:00:00,13400,26.36,72.17,,,,2025.0,7
2025-07-12 08:00:00,13401,33.58,54.77,,,,2025.0,7
2025-07-12 09:00:00,13402,34.01,51.67,,,93.57,2025.0,7
2025-07-12 10:00:00,13403,33.14,52.4,,,83.77,2025.0,7
2025-07-12 11:00:00,13404,33.86,50.13,,,65.63,2025.0,7
2025-07-12 12:00:00,13405,33.89,49.37,,,57.23,2025.0,7
2025-07-12 13:00:00,13406,34.14,46.5,,,47.43,2025.0,7
2025-07-12 14:00:00,13407,33.95,41.37,,,37.87,2025.0,7
2025-07-12 15:00:00,13408,32.89,40.5,,,33.03,2025.0,7
2025-07-12 16:00:00,13409,31.45,50.27,,,46.73,2025.0,7
2025-07-12 17:00:00,13410,28.38,61.17,,,56.77,2025.0,7
2025-07-12 18:00:00,13411,26.17,69.23,,,78.1,2025.0,7
2025-07-12 19:00:00,13412,25.41,72.33,,,76.87,2025.0,7
2025-07-12 20:00:00,13413,24.38,77.73,,,88.3,2025.0,7
2025-07-12 21:00:00,13414,23.56,80.27,,,72.31,2025.0,7
2025-07-12 22:00:00,13415,23.5,80.63,,,76.24,2025.0,7
2025-07-12 23:00:00,13416,23.75,79.8,,,73.56,2025.0,7
2025-07-13 00:00:00,13417,23.44,81.8,,,79.46,2025.0,7
2025-07-13 01:00:00,13418,23.42,82.8,,,87.08,2025.0,7
2025-07-13 02:00:00,13419,23.41,82.2,,,80.53,2025.0,7
2025-07-13 03:00:00,13420,23.11,82.6,,,83.62,2025.0,7
2025-07-13 04:00:00,13421,22.63,84.77,,,83.12,2025.0,7
2025-07-13 05:00:00,13422,22.66,83.86,,,74.74,2025.0,7
2025-07-13 06:00:00,13423,23.83,80.8,,,88.94,2025.0,7
2025-07-13 07:00:00,13424,30.34,62.63,,,,2025.0,7
2025-07-13 08:00:00,13425,30.4,60.87,,,59.03,2025.0,7
2025-07-13 09:00:00,13426,30.29,60.13,,,39.43,2025.0,7
2025-07-13 10:00:00,13427,32.22,54.43,,,30.47,2025.0,7
2025-07-13 11:00:00,13428,31.98,54.4,,,33.4,2025.0,7
2025-07-13 12:00:00,13429,32.89,52.5,,,33.07,2025.0,7
2025-07-13 13:00:00,13430,31.93,54.93,,,37.23,2025.0,7
2025-07-13 14:00:00,13431,31.73,54.87,,,34.37,2025.0,7
2025-07-13 15:00:00,13432,29.82,62.03,,,61.8,2025.0,7
2025-07-13 16:00:00,13433,26.87,73.07,,,57.07,2025.0,7
2025-07-13 17:00:00,13434,26.37,76.59,,,54.31,2025.0,7
2025-07-13 18:00:00,13435,25.6,80.07,,,44.52,2025.0,7
2025-07-13 19:00:00,13436,24.03,85.57,,,30.17,2025.0,7
2025-07-13 20:00:00,13437,24.14,85.5,,,27.76,2025.0,7
2025-07-13 21:00:00,13438,23.98,86.6,,,38.7,2025.0,7
2025-07-13 22:00:00,13439,23.89,85.23,,,42.86,2025.0,7
2025-07-13 23:00:00,13440,23.8,86.1,,,54.14,2025.0,7
2025-07-14 00:00:00,13441,23.84,87.07,,,53.11,2025.0,7
2025-07-14 01:00:00,13442,23.86,85.0,,,36.58,2025.0,7
2025-07-14 02:00:00,13443,23.65,85.13,,,33.19,2025.0,7
2025-07-14 03:00:00,13444,23.32,85.57,,,27.05,2025.0,7
2025-07-14 04:00:00,13445,23.47,85.0,,,27.67,2025.0,7
2025-07-14 05:00:00,13446,23.61,84.17,,,36.18,2025.0,7
2025-07-14 06:00:00,13447,23.12,85.5,,,30.51,2025.0,7
2025-07-14 07:00:00,13448,22.25,90.63,,,26.46,2025.0,7
2025-07-14 08:00:00,13449,24.36,84.17,,,28.08,2025.0,7
2025-07-14 09:00:00,13450,28.35,72.97,,,35.93,2025.0,7
2025-07-14 10:00:00,13451,29.4,68.0,,,37.43,2025.0,7
2025-07-14 11:00:00,13452,29.6,64.63,,,38.57,2025.0,7
2025-07-14 12:00:00,13453,31.48,59.2,,,37.13,2025.0,7
2025-07-14 13:00:00,13454,31.56,57.45,,,35.9,2025.0,7
2025-07-14 14:00:00,13455,30.7,58.83,,,36.47,2025.0,7
2025-07-14 15:00:00,13456,29.42,61.87,,,39.03,2025.0,7
2025-07-14 16:00:00,13457,29.06,63.79,,,41.52,2025.0,7
2025-07-14 17:00:00,13458,27.18,69.03,,,43.83,2025.0,7
2025-07-14 18:00:00,13459,25.67,73.1,,,44.7,2025.0,7
2025-07-14 19:00:00,13460,25.02,75.53,,,43.97,2025.0,7
2025-07-14 20:00:00,13461,24.55,77.2,,,44.8,2025.0,7
2025-07-14 21:00:00,13462,24.06,78.07,,,43.6,2025.0,7
2025-07-14 22:00:00,13463,23.6,77.93,,,45.1,2025.0,7
2025-07-14 23:00:00,13464,23.25,78.13,,,48.1,2025.0,7
2025-07-15 00:00:00,13465,22.93,79.03,,,56.19,2025.0,7
2025-07-15 01:00:00,13466,22.41,79.8,,,48.81,2025.0,7
2025-07-15 02:00:00,13467,22.0,78.67,,,44.19,2025.0,7
2025-07-15 03:00:00,13468,21.22,79.27,,,40.62,2025.0,7
2025-07-15 04:00:00,13469,20.56,80.8,,,28.81,2025.0,7
2025-07-15 05:00:00,13470,20.23,81.6,,,29.68,2025.0,7
2025-07-15 06:00:00,13471,21.47,77.97,,,59.3,2025.0,7
2025-07-15 07:00:00,13472,28.76,62.0,,,65.3,2025.0,7
2025-07-15 08:00:00,13473,34.57,46.93,,,51.83,2025.0,7
2025-07-15 09:00:00,13474,37.26,40.2,,,36.43,2025.0,7
2025-07-15 10:00:00,13475,35.88,40.0,,,24.5,2025.0,7
2025-07-15 11:00:00,13476,35.94,39.47,,,25.43,2025.0,7
2025-07-15 12:00:00,13477,34.13,42.0,,,27.4,2025.0,7
2025-07-15 13:00:00,13478,35.84,40.47,,,27.03,2025.0,7
2025-07-15 14:00:00,13479,37.2,38.8,,,30.37,2025.0,7
2025-07-15 15:00:00,13480,32.06,50.6,,,38.77,2025.0,7
2025-07-15 16:00:00,13481,30.2,55.73,,,38.77,2025.0,7
2025-07-15 17:00:00,13482,28.93,60.47,,,39.23,2025.0,7
2025-07-15 18:00:00,13483,27.92,63.27,,,41.8,2025.0,7
2025-07-15 19:00:00,13484,27.43,64.47,,,55.2,2025.0,7
2025-07-15 20:00:00,13485,26.62,67.17,,,73.1,2025.0,7
2025-07-15 21:00:00,13486,25.58,71.47,,,73.53,2025.0,7
2025-07-15 22:00:00,13487,24.72,75.1,,,48.67,2025.0,7
2025-07-15 23:00:00,13488,24.0,77.93,,,47.16,2025.0,7
2025-07-16 00:00:00,13489,23.23,81.53,,,29.2,2025.0,7
2025-07-16 01:00:00,13490,23.01,82.37,,,33.46,2025.0,7
2025-07-16 02:00:00,13491,22.7,83.0,,,61.75,2025.0,7
2025-07-16 03:00:00,13492,22.51,83.1,,,61.86,2025.0,7
2025-07-16 04:00:00,13493,22.13,85.13,,,65.46,2025.0,7
2025-07-16 05:00:00,13494,21.7,86.0,,,65.12,2025.0,7
2025-07-16 06:00:00,13495,22.33,84.27,,,73.96,2025.0,7
2025-07-16 07:00:00,13496,27.87,69.1,,,,2025.0,7
2025-07-16 08:00:00,13497,33.5,53.47,,,63.5,2025.0,7
2025-07-16 09:00:00,13498,33.56,50.77,,,46.37,2025.0,7
2025-07-16 10:00:00,13499,34.83,48.5,,,42.1,2025.0,7
2025-07-16 11:00:00,13500,33.6,49.0,,,31.67,2025.0,7
2025-07-16 12:00:00,13501,35.41,44.3,,,26.13,2025.0,7
2025-07-16 13:00:00,13502,35.87,44.17,,,31.9,2025.0,7
2025-07-16 14:00:00,13503,33.4,49.4,,,33.2,2025.0,7
2025-07-16 15:00:00,13504,30.93,57.83,,,57.9,2025.0,7
2025-07-16 16:00:00,13505,29.73,63.37,,,74.07,2025.0,7
2025-07-16 17:00:00,13506,28.4,68.0,,,78.2,2025.0,7
2025-07-16 18:00:00,13507,27.39,73.83,,,92.66,2025.0,7
2025-07-16 19:00:00,13508,25.53,77.7,,,49.89,2025.0,7
2025-07-16 20:00:00,13509,24.78,76.23,,,35.1,2025.0,7
2025-07-16 21:00:00,13510,24.46,76.67,,,32.03,2025.0,7
2025-07-16 22:00:00,13511,24.49,76.07,,,28.07,2025.0,7
2025-07-16 23:00:00,13512,24.02,77.2,,,24.8,2025.0,7
2025-07-17 00:00:00,13513,23.24,80.17,,,19.54,2025.0,7
2025-07-17 01:00:00,13514,22.67,81.17,,,19.9,2025.0,7
2025-07-17 02:00:00,13515,22.35,82.0,,,21.84,2025.0,7
2025-07-17 03:00:00,13516,22.01,82.53,,,21.06,2025.0,7
2025-07-17 04:00:00,13517,21.6,83.07,,,22.4,2025.0,7
2025-07-17 05:00:00,13518,21.29,84.7,,,31.71,2025.0,7
2025-07-17 06:00:00,13519,22.2,83.97,,,68.37,2025.0,7
2025-07-17 07:00:00,13520,28.37,66.23,,,59.03,2025.0,7
2025-07-17 08:00:00,13521,33.86,51.77,,,49.07,2025.0,7
2025-07-17 09:00:00,13522,32.65,51.53,,,33.67,2025.0,7
2025-07-17 10:00:00,13523,31.02,54.87,,,30.67,2025.0,7
2025-07-17 11:00:00,13524,33.04,50.0,,,30.27,2025.0,7
2025-07-17 12:00:00,13525,35.43,43.13,,,18.9,2025.0,7
2025-07-17 13:00:00,13526,34.68,43.03,,,16.43,2025.0,7
2025-07-17 14:00:00,13527,35.54,38.13,,,16.43,2025.0,7
2025-07-17 15:00:00,13528,35.89,38.03,,,21.17,2025.0,7
2025-07-17 16:00:00,13529,34.53,44.47,,,35.27,2025.0,7
2025-07-17 17:00:00,13530,30.55,58.17,,,52.77,2025.0,7
2025-07-17 18:00:00,13531,28.19,65.4,,,64.5,2025.0,7
2025-07-17 19:00:00,13532,26.62,64.53,,,52.27,2025.0,7
2025-07-17 20:00:00,13533,25.43,65.9,,,51.97,2025.0,7
2025-07-17 21:00:00,13534,24.43,70.6,,,55.07,2025.0,7
2025-07-17 22:00:00,13535,23.79,74.13,,,58.1,2025.0,7
2025-07-17 23:00:00,13536,23.61,75.03,,,65.43,2025.0,7
2025-07-18 00:00:00,13537,23.0,77.33,,,74.77,2025.0,7
2025-07-18 01:00:00,13538,22.67,77.93,,,57.37,2025.0,7
2025-07-18 02:00:00,13539,22.15,79.23,,,46.24,2025.0,7
2025-07-18 03:00:00,13540,21.99,78.97,,,48.97,2025.0,7
2025-07-18 04:00:00,13541,21.4,79.2,,,45.63,2025.0,7
2025-07-18 05:00:00,13542,21.27,79.7,,,34.02,2025.0,7
2025-07-18 06:00:00,13543,22.08,78.03,,,50.7,2025.0,7
2025-07-18 07:00:00,13544,24.87,69.07,,,66.27,2025.0,7
2025-07-18 08:00:00,13545,28.55,58.4,,,80.73,2025.0,7
2025-07-18 09:00:00,13546,31.79,50.33,,,55.3,2025.0,7
2025-07-18 10:00:00,13547,33.94,47.93,,,51.67,2025.0,7
2025-07-18 11:00:00,13548,36.04,43.07,,,50.63,2025.0,7
2025-07-18 12:00:00,13549,38.12,38.13,,,48.27,2025.0,7
2025-07-18 13:00:00,13550,35.41,41.5,,,49.7,2025.0,7
2025-07-18 14:00:00,13551,34.51,43.07,,,49.47,2025.0,7
2025-07-18 15:00:00,13552,34.62,43.97,,,62.63,2025.0,7
2025-07-18 16:00:00,13553,30.86,51.2,,,68.67,2025.0,7
2025-07-18 17:00:00,13554,29.33,56.27,,,55.23,2025.0,7
2025-07-18 18:00:00,13555,27.77,61.8,,,54.8,2025.0,7
2025-07-18 19:00:00,13556,26.28,67.37,,,67.77,2025.0,7
2025-07-18 20:00:00,13557,25.85,69.27,,,70.3,2025.0,7
2025-07-18 21:00:00,13558,25.82,70.9,,,75.83,2025.0,7
2025-07-18 22:00:00,13559,24.87,78.6,,,95.61,2025.0,7
2025-07-18 23:00:00,13560,24.52,79.9,,,67.02,2025.0,7
2025-07-19 00:00:00,13561,24.36,75.3,,,59.87,2025.0,7
2025-07-19 01:00:00,13562,23.46,76.87,,,52.47,2025.0,7
2025-07-19 02:00:00,13563,23.23,78.47,,,62.96,2025.0,7
2025-07-19 03:00:00,13564,22.34,80.17,,,53.67,2025.0,7
2025-07-19 04:00:00,13565,21.45,79.93,,,52.62,2025.0,7
2025-07-19 05:00:00,13566,20.89,80.3,,,45.38,2025.0,7
2025-07-19 06:00:00,13567,21.37,80.1,,,66.59,2025.0,7
2025-07-19 07:00:00,13568,29.6,58.6,,,84.5,2025.0,7
2025-07-19 08:00:00,13569,33.62,48.37,,,69.77,2025.0,7
2025-07-19 09:00:00,13570,33.57,45.6,,,45.17,2025.0,7
2025-07-19 10:00:00,13571,32.02,46.57,,,33.8,2025.0,7
2025-07-19 11:00:00,13572,33.08,43.53,,,25.37,2025.0,7
2025-07-19 12:00:00,13573,34.74,40.27,,,21.43,2025.0,7
2025-07-19 13:00:00,13574,35.35,39.73,,,29.7,2025.0,7
2025-07-19 14:00:00,13575,35.58,40.03,,,29.38,2025.0,7
2025-07-19 15:00:00,13576,34.47,41.86,,,32.39,2025.0,7
2025-07-19 16:00:00,13577,32.04,46.87,,,28.57,2025.0,7
2025-07-19 17:00:00,13578,29.42,54.87,,,32.27,2025.0,7
2025-07-19 18:00:00,13579,27.54,60.57,,,38.23,2025.0,7
2025-07-19 19:00:00,13580,26.45,64.67,,,42.83,2025.0,7
2025-07-19 20:00:00,13581,25.72,70.3,,,55.1,2025.0,7
2025-07-19 21:00:00,13582,24.97,70.07,,,45.0,2025.0,7
2025-07-19 22:00:00,13583,24.48,67.63,,,38.87,2025.0,7
2025-07-19 23:00:00,13584,23.75,69.03,,,28.6,2025.0,7
2025-07-20 00:00:00,13585,23.04,73.73,,,41.77,2025.0,7
2025-07-20 01:00:00,13586,22.27,76.2,,,37.53,2025.0,7
2025-07-20 02:00:00,13587,21.52,78.67,,,42.63,2025.0,7
2025-07-20 03:00:00,13588,20.99,81.47,,,48.86,2025.0,7
2025-07-20 04:00:00,13589,20.47,83.27,,,50.38,2025.0,7
2025-07-20 05:00:00,13590,20.19,83.67,,,52.44,2025.0,7
2025-07-20 06:00:00,13591,21.48,80.07,,,78.85,2025.0,7
2025-07-20 07:00:00,13592,30.04,57.1,,,84.53,2025.0,7
2025-07-20 08:00:00,13593,34.83,45.77,,,51.07,2025.0,7
2025-07-20 09:00:00,13594,32.85,46.23,,,36.17,2025.0,7
2025-07-20 10:00:00,13595,33.71,42.9,,,11.67,2025.0,7
2025-07-20 11:00:00,13596,35.68,38.93,,,14.03,2025.0,7
2025-07-20 12:00:00,13597,35.79,38.73,,,23.7,2025.0,7
2025-07-20 13:00:00,13598,36.14,38.4,,,29.2,2025.0,7
2025-07-20 14:00:00,13599,34.39,41.37,,,37.23,2025.0,7
2025-07-20 15:00:00,13600,33.57,43.17,,,35.6,2025.0,7
2025-07-20 16:00:00,13601,31.35,47.53,,,31.7,2025.0,7
2025-07-20 17:00:00,13602,28.73,55.83,,,33.03,2025.0,7
2025-07-20 18:00:00,13603,27.51,59.07,,,36.8,2025.0,7
2025-07-20 19:00:00,13604,26.37,65.33,,,44.4,2025.0,7
2025-07-20 20:00:00,13605,25.27,71.67,,,47.9,2025.0,7
2025-07-20 21:00:00,13606,24.63,69.57,,,41.7,2025.0,7
2025-07-20 22:00:00,13607,24.08,69.73,,,32.67,2025.0,7
2025-07-20 23:00:00,13608,23.47,72.67,,,31.1,2025.0,7
2025-07-21 00:00:00,13609,22.68,75.6,,,37.93,2025.0,7
2025-07-21 01:00:00,13610,22.07,77.73,,,32.83,2025.0,7
2025-07-21 02:00:00,13611,21.64,78.47,,,30.3,2025.0,7
2025-07-21 03:00:00,13612,21.44,78.1,,,26.23,2025.0,7
2025-07-21 04:00:00,13613,21.01,80.4,,,28.65,2025.0,7
2025-07-21 05:00:00,13614,20.63,81.3,,,27.78,2025.0,7
2025-07-21 06:00:00,13615,21.17,80.83,,,48.31,2025.0,7
2025-07-21 07:00:00,13616,28.05,61.0,,,86.97,2025.0,7
2025-07-21 08:00:00,13617,32.22,49.73,,,50.23,2025.0,7
2025-07-21 09:00:00,13618,33.6,45.67,,,33.27,2025.0,7
2025-07-21 10:00:00,13619,32.8,45.8,,,31.87,2025.0,7
2025-07-21 11:00:00,13620,34.26,42.43,,,25.37,2025.0,7
2025-07-21 12:00:00,13621,36.28,38.57,,,27.33,2025.0,7
2025-07-21 13:00:00,13622,34.92,40.27,,,35.0,2025.0,7
2025-07-21 14:00:00,13623,33.09,43.53,,,39.17,2025.0,7
2025-07-21 15:00:00,13624,32.76,47.03,,,48.43,2025.0,7
2025-07-21 16:00:00,13625,31.84,49.47,,,42.87,2025.0,7
2025-07-21 17:00:00,13626,28.38,57.87,,,39.83,2025.0,7
2025-07-21 18:00:00,13627,25.77,67.3,,,56.77,2025.0,7
2025-07-21 19:00:00,13628,24.46,72.23,,,56.0,2025.0,7
2025-07-21 20:00:00,13629,23.71,75.97,,,56.2,2025.0,7
2025-07-21 21:00:00,13630,23.04,77.93,,,59.93,2025.0,7
2025-07-21 22:00:00,13631,22.38,78.0,,,49.87,2025.0,7
2025-07-21 23:00:00,13632,22.43,77.7,,,51.7,2025.0,7
2025-07-22 00:00:00,13633,22.51,78.17,,,66.83,2025.0,7
2025-07-22 01:00:00,13634,21.59,80.37,,,54.67,2025.0,7
2025-07-22 02:00:00,13635,20.82,82.63,,,53.35,2025.0,7
2025-07-22 03:00:00,13636,20.28,82.53,,,39.44,2025.0,7
2025-07-22 04:00:00,13637,19.75,82.9,,,40.8,2025.0,7
2025-07-22 05:00:00,13638,19.38,84.8,,,48.64,2025.0,7
2025-07-22 06:00:00,13639,20.42,81.1,,,64.85,2025.0,7
2025-07-22 07:00:00,13640,27.62,60.4,,,76.8,2025.0,7
2025-07-22 08:00:00,13641,33.35,47.93,,,66.47,2025.0,7
2025-07-22 09:00:00,13642,30.39,50.9,,,63.73,2025.0,7
2025-07-22 10:00:00,13643,31.02,45.83,,,36.97,2025.0,7
2025-07-22 11:00:00,13644,32.04,45.23,,,41.9,2025.0,7
2025-07-22 12:00:00,13645,34.08,42.27,,,40.73,2025.0,7
2025-07-22 13:00:00,13646,34.52,41.97,,,40.87,2025.0,7
2025-07-22 14:00:00,13647,32.9,44.63,,,39.23,2025.0,7
2025-07-22 15:00:00,13648,31.54,47.1,,,39.0,2025.0,7
2025-07-22 16:00:00,13649,29.77,52.03,,,43.9,2025.0,7
2025-07-22 17:00:00,13650,28.29,58.27,,,48.43,2025.0,7
2025-07-22 18:00:00,13651,26.41,64.47,,,65.57,2025.0,7
2025-07-22 19:00:00,13652,25.22,70.23,,,75.6,2025.0,7
2025-07-22 20:00:00,13653,23.92,75.93,,,78.77,2025.0,7
2025-07-22 21:00:00,13654,23.33,79.23,,,81.02,2025.0,7
2025-07-22 22:00:00,13655,23.02,79.83,,,64.59,2025.0,7
2025-07-22 23:00:00,13656,22.93,79.1,,,89.11,2025.0,7
2025-07-23 00:00:00,13657,22.58,79.87,,,62.97,2025.0,7
2025-07-23 01:00:00,13658,22.06,81.53,,,56.93,2025.0,7
2025-07-23 02:00:00,13659,21.73,82.7,,,69.03,2025.0,7
2025-07-23 03:00:00,13660,21.33,83.8,,,78.75,2025.0,7
2025-07-23 04:00:00,13661,20.94,85.63,,,81.34,2025.0,7
2025-07-23 05:00:00,13662,20.57,87.0,,,82.32,2025.0,7
2025-07-23 06:00:00,13663,20.96,85.17,,,87.88,2025.0,7
2025-07-23 07:00:00,13664,25.93,70.7,,,,2025.0,7
2025-07-23 08:00:00,13665,33.91,52.1,,,,2025.0,7
2025-07-23 09:00:00,13666,36.27,44.47,,,67.97,2025.0,7
2025-07-23 10:00:00,13667,34.29,45.3,,,45.2,2025.0,7
2025-07-23 11:00:00,13668,34.43,45.07,,,45.03,2025.0,7
2025-07-23 12:00:00,13669,34.76,43.83,,,41.43,2025.0,7
2025-07-23 13:00:00,13670,33.05,45.9,,,37.83,2025.0,7
2025-07-23 14:00:00,13671,33.23,46.0,,,38.6,2025.0,7
2025-07-23 15:00:00,13672,31.21,53.37,,,57.47,2025.0,7
2025-07-23 16:00:00,13673,30.28,55.1,,,45.23,2025.0,7
2025-07-23 17:00:00,13674,28.15,60.63,,,52.1,2025.0,7
2025-07-23 18:00:00,13675,27.52,63.8,,,53.77,2025.0,7
2025-07-23 19:00:00,13676,27.01,66.63,,,61.13,2025.0,7
2025-07-23 20:00:00,13677,25.27,74.43,,,63.77,2025.0,7
2025-07-23 21:00:00,13678,24.4,76.97,,,61.2,2025.0,7
2025-07-23 22:00:00,13679,23.89,79.23,,,60.86,2025.0,7
2025-07-23 23:00:00,13680,23.36,81.97,,,59.9,2025.0,7
2025-07-24 00:00:00,13681,22.98,82.5,,,67.09,2025.0,7
2025-07-24 01:00:00,13682,22.52,83.87,,,74.39,2025.0,7
2025-07-24 02:00:00,13683,22.05,84.17,,,81.36,2025.0,7
2025-07-24 03:00:00,13684,21.64,85.1,,,84.38,2025.0,7
2025-07-24 04:00:00,13685,21.35,85.57,,,84.04,2025.0,7
2025-07-24 05:00:00,13686,21.0,85.27,,,74.82,2025.0,7
2025-07-24 06:00:00,13687,21.68,83.03,,,82.77,2025.0,7
2025-07-24 07:00:00,13688,27.73,66.3,,,,2025.0,7
2025-07-24 08:00:00,13689,32.92,53.13,,,83.53,2025.0,7
2025-07-24 09:00:00,13690,34.43,47.97,,,63.23,2025.0,7
2025-07-24 10:00:00,13691,33.49,46.77,,,42.97,2025.0,7
2025-07-24 11:00:00,13692,33.78,45.33,,,44.17,2025.0,7
2025-07-24 12:00:00,13693,35.16,39.17,,,35.5,2025.0,7
2025-07-24 13:00:00,13694,36.95,35.4,,,34.43,2025.0,7
2025-07-24 14:00:00,13695,34.07,42.27,,,41.7,2025.0,7
2025-07-24 15:00:00,13696,31.77,48.23,,,39.17,2025.0,7
2025-07-24 16:00:00,13697,30.19,52.97,,,39.1,2025.0,7
2025-07-24 17:00:00,13698,28.76,58.9,,,44.83,2025.0,7
2025-07-24 18:00:00,13699,27.25,67.13,,,55.17,2025.0,7
2025-07-24 19:00:00,13700,26.03,74.3,,,62.17,2025.0,7
2025-07-24 20:00:00,13701,25.51,76.73,,,68.9,2025.0,7
2025-07-24 21:00:00,13702,25.31,76.93,,,70.3,2025.0,7
2025-07-24 22:00:00,13703,25.17,76.33,,,62.2,2025.0,7
2025-07-24 23:00:00,13704,24.27,77.9,,,47.27,2025.0,7
2025-07-25 00:00:00,13705,23.53,80.9,,,35.02,2025.0,7
2025-07-25 01:00:00,13706,22.89,82.67,,,30.95,2025.0,7
2025-07-25 02:00:00,13707,22.45,83.27,,,34.97,2025.0,7
2025-07-25 03:00:00,13708,22.08,83.03,,,34.73,2025.0,7
2025-07-25 04:00:00,13709,21.75,83.27,,,34.48,2025.0,7
2025-07-25 05:00:00,13710,21.52,84.5,,,41.14,2025.0,7
2025-07-25 06:00:00,13711,22.76,82.43,,,76.87,2025.0,7
2025-07-25 07:00:00,13712,29.23,64.33,,,80.3,2025.0,7
2025-07-25 08:00:00,13713,31.91,55.37,,,58.97,2025.0,7
2025-07-25 09:00:00,13714,32.46,52.93,,,51.47,2025.0,7
2025-07-25 10:00:00,13715,32.24,51.77,,,38.67,2025.0,7
2025-07-25 11:00:00,13716,32.92,50.47,,,41.17,2025.0,7
2025-07-25 12:00:00,13717,31.24,54.8,,,42.17,2025.0,7
2025-07-25 13:00:00,13718,29.89,57.53,,,39.73,2025.0,7
2025-07-25 14:00:00,13719,29.51,59.73,,,42.37,2025.0,7
2025-07-25 15:00:00,13720,29.2,62.34,,,47.24,2025.0,7
2025-07-25 16:00:00,13721,28.75,63.67,,,49.4,2025.0,7
2025-07-25 17:00:00,13722,27.96,65.77,,,47.33,2025.0,7
2025-07-25 18:00:00,13723,26.35,73.27,,,57.07,2025.0,7
2025-07-25 19:00:00,13724,25.2,78.57,,,62.2,2025.0,7
2025-07-25 20:00:00,13725,25.09,77.4,,,61.53,2025.0,7
2025-07-25 21:00:00,13726,24.37,80.6,,,57.12,2025.0,7
2025-07-25 22:00:00,13727,23.74,82.87,,,71.73,2025.0,7
2025-07-25 23:00:00,13728,23.32,85.0,,,73.36,2025.0,7
2025-07-26 00:00:00,13729,23.06,85.0,,,67.65,2025.0,7
2025-07-26 01:00:00,13730,22.73,85.17,,,72.61,2025.0,7
2025-07-26 02:00:00,13731,22.14,86.33,,,85.69,2025.0,7
2025-07-26 03:00:00,13732,21.57,87.37,,,93.0,2025.0,7
2025-07-26 04:00:00,13733,21.25,86.93,,,86.43,2025.0,7
2025-07-26 05:00:00,13734,20.71,87.03,,,67.42,2025.0,7
2025-07-26 06:00:00,13735,21.91,82.77,,,76.13,2025.0,7
2025-07-26 07:00:00,13736,30.04,61.73,,,,2025.0,7
2025-07-26 08:00:00,13737,32.48,54.4,,,66.73,2025.0,7
2025-07-26 09:00:00,13738,34.86,47.37,,,53.47,2025.0,7
2025-07-26 10:00:00,13739,34.53,46.83,,,45.87,2025.0,7
2025-07-26 11:00:00,13740,35.78,44.67,,,47.17,2025.0,7
2025-07-26 12:00:00,13741,34.95,45.3,,,40.3,2025.0,7
2025-07-26 13:00:00,13742,33.41,47.6,,,38.67,2025.0,7
2025-07-26 14:00:00,13743,32.7,50.67,,,40.3,2025.0,7
2025-07-26 15:00:00,13744,31.68,53.72,,,41.62,2025.0,7
2025-07-26 16:00:00,13745,31.51,54.77,,,45.27,2025.0,7
2025-07-26 17:00:00,13746,31.24,56.97,,,61.23,2025.0,7
2025-07-26 18:00:00,13747,28.68,64.7,,,66.87,2025.0,7
2025-07-26 19:00:00,13748,27.35,71.1,,,66.27,2025.0,7
2025-07-26 20:00:00,13749,26.27,76.93,,,73.0,2025.0,7
2025-07-26 21:00:00,13750,25.66,78.83,,,66.15,2025.0,7
2025-07-26 22:00:00,13751,25.48,79.23,,,70.58,2025.0,7
2025-07-26 23:00:00,13752,25.0,80.63,,,66.73,2025.0,7
2025-07-27 00:00:00,13753,24.35,82.97,,,80.2,2025.0,7
2025-07-27 01:00:00,13754,23.91,81.8,,,76.42,2025.0,7
2025-07-27 02:00:00,13755,23.63,83.23,,,73.86,2025.0,7
2025-07-27 03:00:00,13756,23.32,85.47,,,79.37,2025.0,7
2025-07-27 04:00:00,13757,22.87,85.13,,,75.6,2025.0,7
2025-07-27 05:00:00,13758,22.43,85.37,,,76.6,2025.0,7
2025-07-27 06:00:00,13759,23.09,83.8,,,,2025.0,7
2025-07-27 07:00:00,13760,28.4,69.77,,,,2025.0,7
2025-07-27 08:00:00,13761,33.97,55.23,,,97.07,2025.0,7
2025-07-27 09:00:00,13762,36.73,47.73,,,69.03,2025.0,7
2025-07-27 10:00:00,13763,38.85,42.73,,,59.23,2025.0,7
2025-07-27 11:00:00,13764,39.25,39.97,,,48.0,2025.0,7
2025-07-27 12:00:00,13765,33.76,48.53,,,51.1,2025.0,7
2025-07-27 13:00:00,13766,33.33,49.47,,,52.93,2025.0,7
2025-07-27 14:00:00,13767,33.31,50.77,,,53.57,2025.0,7
2025-07-27 15:00:00,13768,31.23,54.9,,,55.28,2025.0,7
2025-07-27 16:00:00,13769,30.12,58.8,,,60.3,2025.0,7
2025-07-27 17:00:00,13770,28.7,64.17,,,64.47,2025.0,7
2025-07-27 18:00:00,13771,27.63,69.6,,,62.83,2025.0,7
2025-07-27 19:00:00,13772,25.88,77.73,,,52.02,2025.0,7
2025-07-27 20:00:00,13773,24.24,85.2,,,39.24,2025.0,7
2025-07-27 21:00:00,13774,24.16,85.37,,,37.68,2025.0,7
2025-07-27 22:00:00,13775,23.68,86.13,,,39.11,2025.0,7
2025-07-27 23:00:00,13776,23.64,84.82,,,38.88,2025.0,7
2025-07-28 00:00:00,13777,23.05,84.73,,,39.13,2025.0,7
2025-07-28 01:00:00,13778,23.19,83.73,,,33.77,2025.0,7
2025-07-28 02:00:00,13779,22.89,82.07,,,30.55,2025.0,7
2025-07-28 03:00:00,13780,22.57,85.3,,,56.41,2025.0,7
2025-07-28 04:00:00,13781,22.13,85.8,,,40.98,2025.0,7
2025-07-28 05:00:00,13782,21.81,86.07,,,40.27,2025.0,7
2025-07-28 06:00:00,13783,22.9,84.83,,,76.56,2025.0,7
2025-07-28 07:00:00,13784,28.61,68.8,,,64.03,2025.0,7
2025-07-28 08:00:00,13785,31.3,59.07,,,45.9,2025.0,7
2025-07-28 09:00:00,13786,35.61,48.5,,,35.13,2025.0,7
2025-07-28 10:00:00,13787,35.37,47.43,,,32.47,2025.0,7
2025-07-28 11:00:00,13788,35.77,46.2,,,31.73,2025.0,7
2025-07-28 12:00:00,13789,36.83,42.93,,,23.17,2025.0,7
2025-07-28 13:00:00,13790,32.43,52.63,,,34.2,2025.0,7
2025-07-28 14:00:00,13791,28.55,64.87,,,41.63,2025.0,7
2025-07-28 15:00:00,13792,29.81,64.0,,,57.17,2025.0,7
2025-07-28 16:00:00,13793,29.08,66.2,,,63.1,2025.0,7
2025-07-28 17:00:00,13794,26.45,73.57,,,33.73,2025.0,7
2025-07-28 18:00:00,13795,25.17,77.57,,,38.63,2025.0,7
2025-07-28 19:00:00,13796,23.69,81.07,,,23.57,2025.0,7
2025-07-28 20:00:00,13797,23.86,80.3,,,28.65,2025.0,7
2025-07-28 21:00:00,13798,23.78,80.43,,,29.88,2025.0,7
2025-07-28 22:00:00,13799,23.45,83.5,,,34.01,2025.0,7
2025-07-28 23:00:00,13800,23.15,85.27,,,53.31,2025.0,7
2025-07-29 00:00:00,13801,22.88,86.57,,,70.44,2025.0,7
2025-07-29 01:00:00,13802,22.68,87.07,,,54.09,2025.0,7
2025-07-29 02:00:00,13803,22.46,87.17,,,48.31,2025.0,7
2025-07-29 03:00:00,13804,22.24,87.33,,,51.08,2025.0,7
2025-07-29 04:00:00,13805,21.83,88.0,,,44.06,2025.0,7
2025-07-29 05:00:00,13806,21.82,87.97,,,42.39,2025.0,7
2025-07-29 06:00:00,13807,22.53,86.37,,,43.33,2025.0,7
2025-07-29 07:00:00,13808,27.47,73.8,,,52.95,2025.0,7
2025-07-29 08:00:00,13809,28.67,68.37,,,15.97,2025.0,7
2025-07-29 09:00:00,13810,30.25,63.83,,,11.67,2025.0,7
2025-07-29 10:00:00,13811,29.62,65.0,,,16.1,2025.0,7
2025-07-29 11:00:00,13812,30.75,61.0,,,8.2,2025.0,7
2025-07-29 12:00:00,13813,31.86,58.1,,,19.83,2025.0,7
2025-07-29 13:00:00,13814,31.29,59.87,,,14.73,2025.0,7
2025-07-29 14:00:00,13815,31.27,60.1,,,8.0,2025.0,7
2025-07-29 15:00:00,13816,31.83,58.23,,,12.33,2025.0,7
2025-07-29 16:00:00,13817,30.8,60.13,,,19.87,2025.0,7
2025-07-29 17:00:00,13818,27.77,67.27,,,28.67,2025.0,7
2025-07-29 18:00:00,13819,25.62,74.6,,,32.5,2025.0,7
2025-07-29 19:00:00,13820,24.77,77.7,,,34.0,2025.0,7
2025-07-29 20:00:00,13821,24.39,78.5,,,33.13,2025.0,7
2025-07-29 21:00:00,13822,24.08,79.0,,,26.73,2025.0,7
2025-07-29 22:00:00,13823,23.85,79.67,,,21.03,2025.0,7
2025-07-29 23:00:00,13824,23.48,82.4,,,21.08,2025.0,7
2025-07-30 00:00:00,13825,23.22,83.59,,,25.71,2025.0,7
2025-07-30 01:00:00,13826,23.0,84.13,,,26.31,2025.0,7
2025-07-30 02:00:00,13827,23.25,84.17,,,32.07,2025.0,7
2025-07-30 03:00:00,13828,22.6,85.9,,,39.73,2025.0,7
2025-07-30 04:00:00,13829,22.38,86.0,,,43.13,2025.0,7
2025-07-30 05:00:00,13830,22.06,85.23,,,42.66,2025.0,7
2025-07-30 06:00:00,13831,22.31,85.6,,,56.01,2025.0,7
2025-07-30 07:00:00,13832,26.35,74.77,,,83.42,2025.0,7
2025-07-30 08:00:00,13833,27.8,70.6,,,48.17,2025.0,7
2025-07-30 09:00:00,13834,31.01,62.6,,,38.77,2025.0,7
2025-07-30 10:00:00,13835,30.44,62.87,,,31.73,2025.0,7
2025-07-30 11:00:00,13836,31.66,58.33,,,24.6,2025.0,7
2025-07-30 12:00:00,13837,31.57,58.37,,,20.9,2025.0,7
2025-07-30 13:00:00,13838,31.45,58.67,,,28.83,2025.0,7
2025-07-30 14:00:00,13839,31.87,57.47,,,28.53,2025.0,7
2025-07-30 15:00:00,13840,32.54,55.37,,,19.7,2025.0,7
2025-07-30 16:00:00,13841,30.32,61.23,,,15.47,2025.0,7
2025-07-30 17:00:00,13842,27.03,69.17,,,16.9,2025.0,7
2025-07-30 18:00:00,13843,25.56,73.07,,,19.57,2025.0,7
2025-07-30 19:00:00,13844,24.91,75.27,,,22.17,2025.0,7
2025-07-30 20:00:00,13845,24.38,77.0,,,20.57,2025.0,7
2025-07-30 21:00:00,13846,24.1,77.53,,,13.83,2025.0,7
2025-07-30 22:00:00,13847,24.05,77.73,,,11.03,2025.0,7
2025-07-30 23:00:00,13848,23.7,79.03,,,9.31,2025.0,7
2025-07-31 00:00:00,13849,23.26,81.73,,,20.37,2025.0,7
2025-07-31 01:00:00,13850,23.31,81.57,,,23.45,2025.0,7
2025-07-31 02:00:00,13851,22.66,83.1,,,17.64,2025.0,7
2025-07-31 03:00:00,13852,22.23,84.27,,,26.04,2025.0,7
2025-07-31 04:00:00,13853,22.05,85.63,,,39.46,2025.0,7
2025-07-31 05:00:00,13854,21.97,86.0,,,35.84,2025.0,7
2025-07-31 06:00:00,13855,23.18,83.07,,,39.25,2025.0,7
2025-07-31 07:00:00,13856,30.23,62.77,,,45.73,2025.0,7
2025-07-31 08:00:00,13857,30.94,59.13,,,38.93,2025.0,7
2025-07-31 09:00:00,13858,31.8,55.07,,,28.87,2025.0,7
2025-07-31 10:00:00,13859,31.97,53.87,,,25.7,2025.0,7
2025-07-31 11:00:00,13860,33.09,50.6,,,28.53,2025.0,7
2025-07-31 12:00:00,13861,33.47,49.77,,,31.3,2025.0,7
2025-07-31 13:00:00,13862,32.69,50.07,,,29.3,2025.0,7
2025-07-31 14:00:00,13863,30.46,58.03,,,34.7,2025.0,7
2025-07-31 15:00:00,13864,28.92,64.1,,,45.4,2025.0,7
2025-07-31 16:00:00,13865,30.46,59.6,,,44.23,2025.0,7
2025-07-31 17:00:00,13866,27.97,66.23,,,46.67,2025.0,7
2025-07-31 18:00:00,13867,26.21,73.93,,,49.13,2025.0,7
2025-07-31 19:00:00,13868,25.48,76.6,,,49.27,2025.0,7
2025-07-31 20:00:00,13869,25.11,77.03,,,51.3,2025.0,7
2025-07-31 21:00:00,13870,24.65,78.87,,,64.9,2025.0,7
2025-07-31 22:00:00,13871,24.06,80.1,,,46.0,2025.0,7
2025-07-31 23:00:00,13872,23.51,82.23,,,41.34,2025.0,7
2025-08-01 00:00:00,13873,23.04,83.57,,,35.67,2025.0,8
2025-08-01 01:00:00,13874,22.75,84.67,,,42.19,2025.0,8
2025-08-01 02:00:00,13875,22.49,85.3,,,73.59,2025.0,8
2025-08-01 03:00:00,13876,21.88,85.97,,,80.11,2025.0,8
2025-08-01 04:00:00,13877,21.5,86.97,,,74.77,2025.0,8
2025-08-01 05:00:00,13878,21.35,87.27,,,60.7,2025.0,8
2025-08-01 06:00:00,13879,22.59,84.9,,,84.57,2025.0,8
2025-08-01 07:00:00,13880,29.71,64.43,,,,2025.0,8
2025-08-01 08:00:00,13881,31.19,57.27,,,52.67,2025.0,8
2025-08-01 09:00:00,13882,32.97,51.33,,,41.43,2025.0,8
2025-08-01 10:00:00,13883,31.88,53.87,,,44.7,2025.0,8
2025-08-01 11:00:00,13884,32.6,51.3,,,42.53,2025.0,8
2025-08-01 12:00:00,13885,32.87,50.83,,,40.97,2025.0,8
2025-08-01 13:00:00,13886,32.26,52.03,,,40.53,2025.0,8
2025-08-01 14:00:00,13887,31.66,55.7,,,48.43,2025.0,8
2025-08-01 15:00:00,13888,31.19,57.73,,,64.4,2025.0,8
2025-08-01 16:00:00,13889,30.93,58.03,,,49.4,2025.0,8
2025-08-01 17:00:00,13890,28.45,64.73,,,53.43,2025.0,8
2025-08-01 18:00:00,13891,26.41,71.5,,,53.93,2025.0,8
2025-08-01 19:00:00,13892,25.83,74.03,,,51.3,2025.0,8
2025-08-01 20:00:00,13893,24.62,75.97,,,48.1,2025.0,8
2025-08-01 21:00:00,13894,24.13,77.0,,,48.43,2025.0,8
2025-08-01 22:00:00,13895,23.73,79.0,,,54.19,2025.0,8
2025-08-01 23:00:00,13896,23.3,80.73,,,47.82,2025.0,8
2025-08-02 00:00:00,13897,23.02,81.97,,,57.4,2025.0,8
2025-08-02 01:00:00,13898,22.59,83.53,,,76.31,2025.0,8
2025-08-02 02:00:00,13899,22.0,83.93,,,66.67,2025.0,8
2025-08-02 03:00:00,13900,21.43,85.93,,,77.43,2025.0,8
2025-08-02 04:00:00,13901,20.92,85.33,,,66.58,2025.0,8
2025-08-02 05:00:00,13902,20.34,85.53,,,60.93,2025.0,8
2025-08-02 06:00:00,13903,21.91,80.1,,,74.94,2025.0,8
2025-08-02 07:00:00,13904,28.63,61.43,,,77.9,2025.0,8
2025-08-02 08:00:00,13905,35.23,47.63,,,85.53,2025.0,8
2025-08-02 09:00:00,13906,33.24,49.6,,,70.37,2025.0,8
2025-08-02 10:00:00,13907,32.08,49.27,,,52.63,2025.0,8
2025-08-02 11:00:00,13908,33.64,44.87,,,40.63,2025.0,8
2025-08-02 12:00:00,13909,35.33,41.37,,,35.63,2025.0,8
2025-08-02 13:00:00,13910,36.26,40.37,,,37.57,2025.0,8
2025-08-02 14:00:00,13911,33.54,48.07,,,47.77,2025.0,8
2025-08-02 15:00:00,13912,25.69,74.67,,,64.92,2025.0,8
2025-08-02 16:00:00,13913,27.93,71.59,,,85.28,2025.0,8
2025-08-02 17:00:00,13914,28.23,68.2,,,75.93,2025.0,8
2025-08-02 18:00:00,13915,26.71,71.77,,,67.3,2025.0,8
2025-08-02 19:00:00,13916,25.91,74.23,,,55.3,2025.0,8
2025-08-02 20:00:00,13917,25.21,75.07,,,47.57,2025.0,8
2025-08-02 21:00:00,13918,24.87,75.07,,,50.97,2025.0,8
2025-08-02 22:00:00,13919,24.34,77.43,,,59.03,2025.0,8
2025-08-02 23:00:00,13920,23.23,83.3,,,37.56,2025.0,8
2025-08-03 00:00:00,13921,22.93,83.53,,,54.47,2025.0,8
2025-08-03 01:00:00,13922,22.86,84.03,,,50.07,2025.0,8
2025-08-03 02:00:00,13923,22.34,85.47,,,57.71,2025.0,8
2025-08-03 03:00:00,13924,21.63,85.63,,,54.67,2025.0,8
2025-08-03 04:00:00,13925,21.35,86.73,,,61.73,2025.0,8
2025-08-03 05:00:00,13926,21.39,86.9,,,69.12,2025.0,8
2025-08-03 06:00:00,13927,22.31,83.13,,,72.0,2025.0,8
2025-08-03 07:00:00,13928,29.11,64.93,,,,2025.0,8
2025-08-03 08:00:00,13929,31.53,58.53,,,,2025.0,8
2025-08-03 09:00:00,13930,34.95,50.2,,,68.87,2025.0,8
2025-08-03 10:00:00,13931,34.04,48.67,,,46.9,2025.0,8
2025-08-03 11:00:00,13932,34.05,48.4,,,47.37,2025.0,8
2025-08-03 12:00:00,13933,34.7,45.97,,,41.23,2025.0,8
2025-08-03 13:00:00,13934,34.34,46.87,,,39.83,2025.0,8
2025-08-03 14:00:00,13935,30.41,60.13,,,46.47,2025.0,8
2025-08-03 15:00:00,13936,26.92,70.33,,,40.74,2025.0,8
2025-08-03 16:00:00,13937,23.92,84.07,,,34.57,2025.0,8
2025-08-03 17:00:00,13938,24.47,81.73,,,43.91,2025.0,8
2025-08-03 18:00:00,13939,24.64,82.48,,,50.77,2025.0,8
2025-08-03 19:00:00,13940,24.48,82.07,,,47.79,2025.0,8
2025-08-03 20:00:00,13941,24.62,82.3,,,59.88,2025.0,8
2025-08-03 21:00:00,13942,24.58,82.63,,,49.8,2025.0,8
2025-08-03 22:00:00,13943,24.05,84.17,,,46.79,2025.0,8
2025-08-03 23:00:00,13944,24.26,82.73,,,43.19,2025.0,8
2025-08-04 00:00:00,13945,24.0,84.43,,,72.18,2025.0,8
2025-08-04 01:00:00,13946,23.73,85.8,,,69.9,2025.0,8
2025-08-04 02:00:00,13947,23.25,89.0,,,75.67,2025.0,8
2025-08-04 03:00:00,13948,23.02,89.4,,,77.81,2025.0,8
2025-08-04 04:00:00,13949,22.7,90.0,,,73.59,2025.0,8
2025-08-04 05:00:00,13950,22.34,90.07,,,73.59,2025.0,8
2025-08-04 06:00:00,13951,22.5,89.67,,,85.18,2025.0,8
2025-08-04 07:00:00,13952,27.26,75.5,,,,2025.0,8
2025-08-04 08:00:00,13953,28.86,68.4,,,70.93,2025.0,8
2025-08-04 09:00:00,13954,29.97,63.43,,,55.6,2025.0,8
2025-08-04 10:00:00,13955,33.15,54.73,,,43.97,2025.0,8
2025-08-04 11:00:00,13956,34.64,49.0,,,32.27,2025.0,8
2025-08-04 12:00:00,13957,35.71,45.87,,,33.13,2025.0,8
2025-08-04 13:00:00,13958,30.36,57.93,,,36.63,2025.0,8
2025-08-04 14:00:00,13959,26.48,67.93,,,39.6,2025.0,8
2025-08-04 15:00:00,13960,29.23,62.63,,,44.97,2025.0,8
2025-08-04 16:00:00,13961,29.35,61.8,,,47.13,2025.0,8
2025-08-04 17:00:00,13962,27.25,69.17,,,49.0,2025.0,8
2025-08-04 18:00:00,13963,24.99,78.87,,,52.34,2025.0,8
2025-08-04 19:00:00,13964,24.55,80.5,,,39.28,2025.0,8
2025-08-04 20:00:00,13965,24.42,81.0,,,41.7,2025.0,8
2025-08-04 21:00:00,13966,24.63,80.83,,,50.07,2025.0,8
2025-08-04 22:00:00,13967,24.42,81.17,,,62.35,2025.0,8
2025-08-04 23:00:00,13968,24.02,82.7,,,66.55,2025.0,8
2025-08-07 11:00:00,14028,35.94,46.03,,,48.63,2025.0,8
2025-08-07 12:00:00,14029,37.6,40.33,,,45.27,2025.0,8
2025-08-07 13:00:00,14030,37.79,39.0,,,45.57,2025.0,8
2025-08-07 14:00:00,14031,35.55,46.63,,,52.5,2025.0,8
2025-08-07 15:00:00,14032,35.3,46.9,,,59.8,2025.0,8
2025-08-07 16:00:00,14033,33.59,51.47,,,53.43,2025.0,8
2025-08-07 17:00:00,14034,29.61,62.73,,,63.6,2025.0,8
2025-08-07 18:00:00,14035,27.96,68.7,,,67.2,2025.0,8
2025-08-07 19:00:00,14036,25.96,80.13,,,66.84,2025.0,8
2025-08-07 20:00:00,14037,24.79,84.7,,,63.72,2025.0,8
2025-08-07 21:00:00,14038,25.1,85.83,,,71.29,2025.0,8
2025-08-07 22:00:00,14039,25.4,85.2,,,71.78,2025.0,8
2025-08-07 23:00:00,14040,24.91,84.7,,,48.04,2025.0,8
2025-08-08 00:00:00,14041,24.29,84.93,,,36.22,2025.0,8
2025-08-08 01:00:00,14042,24.04,85.13,,,39.2,2025.0,8
2025-08-08 02:00:00,14043,23.95,84.4,,,34.95,2025.0,8
2025-08-08 03:00:00,14044,23.93,83.3,,,33.05,2025.0,8
2025-08-08 04:00:00,14045,23.5,84.97,,,34.93,2025.0,8
2025-08-08 05:00:00,14046,23.5,84.67,,,31.49,2025.0,8
2025-08-08 06:00:00,14047,23.59,84.53,,,35.69,2025.0,8
2025-08-08 07:00:00,14048,25.11,79.67,,,56.22,2025.0,8
2025-08-08 08:00:00,14049,29.55,67.23,,,65.13,2025.0,8
2025-08-08 09:00:00,14050,31.62,60.7,,,60.83,2025.0,8
2025-08-08 10:00:00,14051,33.64,54.4,,,53.6,2025.0,8
2025-08-08 11:00:00,14052,33.97,52.03,,,43.37,2025.0,8
2025-08-08 12:00:00,14053,34.28,51.33,,,42.2,2025.0,8
2025-08-08 13:00:00,14054,33.86,53.57,,,52.37,2025.0,8
2025-08-08 14:00:00,14055,33.26,55.27,,,54.93,2025.0,8
2025-08-08 15:00:00,14056,29.08,65.53,,,50.3,2025.0,8
2025-08-08 16:00:00,14057,28.75,69.0,,,58.5,2025.0,8
2025-08-08 17:00:00,14058,28.55,70.33,,,64.6,2025.0,8
2025-08-08 18:00:00,14059,26.58,74.7,,,65.53,2025.0,8
2025-08-08 19:00:00,14060,25.75,76.03,,,67.13,2025.0,8
2025-08-08 20:00:00,14061,25.18,78.4,,,72.6,2025.0,8
2025-08-08 21:00:00,14062,24.5,81.13,,,63.45,2025.0,8
2025-08-08 22:00:00,14063,24.3,81.97,,,71.09,2025.0,8
2025-08-08 23:00:00,14064,24.29,83.87,,,,2025.0,8
2025-08-09 00:00:00,14065,24.54,82.9,,,81.47,2025.0,8
2025-08-09 01:00:00,14066,24.46,83.7,,,69.59,2025.0,8
2025-08-09 02:00:00,14067,23.95,84.03,,,81.47,2025.0,8
2025-08-09 03:00:00,14068,23.39,86.2,,,75.04,2025.0,8
2025-08-09 04:00:00,14069,23.52,85.63,,,81.76,2025.0,8
2025-08-09 05:00:00,14070,22.79,88.67,,,83.68,2025.0,8
2025-08-09 06:00:00,14071,23.29,85.63,,,77.14,2025.0,8
2025-08-09 07:00:00,14072,27.56,74.8,,,,2025.0,8
2025-08-09 08:00:00,14073,33.18,58.13,,,80.57,2025.0,8
2025-08-09 09:00:00,14074,31.19,59.9,,,51.53,2025.0,8
2025-08-09 10:00:00,14075,31.77,56.6,,,41.8,2025.0,8
2025-08-09 11:00:00,14076,33.72,52.43,,,43.4,2025.0,8
2025-08-09 12:00:00,14077,34.85,47.63,,,39.53,2025.0,8
2025-08-09 13:00:00,14078,34.62,48.0,,,43.27,2025.0,8
2025-08-09 14:00:00,14079,32.88,55.77,,,57.6,2025.0,8
2025-08-09 15:00:00,14080,32.25,57.57,,,60.17,2025.0,8
2025-08-09 16:00:00,14081,27.86,67.2,,,51.67,2025.0,8
2025-08-09 17:00:00,14082,25.02,74.63,,,41.23,2025.0,8
2025-08-09 18:00:00,14083,24.78,75.4,,,54.57,2025.0,8
2025-08-09 19:00:00,14084,25.13,77.4,,,69.1,2025.0,8
2025-08-09 20:00:00,14085,25.21,77.7,,,61.85,2025.0,8
2025-08-09 21:00:00,14086,23.35,84.83,,,28.45,2025.0,8
2025-08-09 22:00:00,14087,22.96,86.5,,,28.52,2025.0,8
2025-08-09 23:00:00,14088,22.93,87.17,,,30.95,2025.0,8
2025-08-10 00:00:00,14089,22.63,88.07,,,35.44,2025.0,8
2025-08-10 01:00:00,14090,22.45,88.37,,,63.81,2025.0,8
2025-08-10 02:00:00,14091,21.97,88.93,,,50.25,2025.0,8
2025-08-10 03:00:00,14092,21.58,89.8,,,41.63,2025.0,8
2025-08-10 04:00:00,14093,21.4,90.33,,,49.71,2025.0,8
2025-08-10 05:00:00,14094,20.95,91.28,,,61.06,2025.0,8
2025-08-10 06:00:00,14095,21.94,89.27,,,67.51,2025.0,8
2025-08-10 07:00:00,14096,28.36,70.87,,,82.95,2025.0,8
2025-08-10 08:00:00,14097,32.95,56.2,,,56.97,2025.0,8
2025-08-10 09:00:00,14098,32.56,54.37,,,46.37,2025.0,8
2025-08-10 10:00:00,14099,31.73,53.47,,,42.53,2025.0,8
2025-08-10 11:00:00,14100,32.73,49.97,,,41.17,2025.0,8
2025-08-10 12:00:00,14101,34.18,44.8,,,36.23,2025.0,8
2025-08-10 13:00:00,14102,34.69,42.57,,,35.53,2025.0,8
2025-08-10 14:00:00,14103,35.15,43.57,,,37.87,2025.0,8
2025-08-10 15:00:00,14104,31.4,51.9,,,39.76,2025.0,8
2025-08-10 16:00:00,14105,29.26,58.27,,,44.2,2025.0,8
2025-08-10 17:00:00,14106,27.92,65.63,,,51.87,2025.0,8
2025-08-10 18:00:00,14107,26.89,69.33,,,56.13,2025.0,8
2025-08-10 19:00:00,14108,26.16,73.8,,,66.33,2025.0,8
2025-08-10 20:00:00,14109,25.43,77.67,,,73.23,2025.0,8
2025-08-10 21:00:00,14110,24.25,79.83,,,58.32,2025.0,8
2025-08-10 22:00:00,14111,23.91,81.93,,,45.78,2025.0,8
2025-08-10 23:00:00,14112,24.16,82.03,,,45.05,2025.0,8
2025-08-11 00:00:00,14113,24.29,82.0,,,45.16,2025.0,8
2025-08-11 01:00:00,14114,24.05,82.7,,,46.9,2025.0,8
2025-08-11 02:00:00,14115,23.48,85.2,,,62.38,2025.0,8
2025-08-11 03:00:00,14116,22.92,86.57,,,69.39,2025.0,8
2025-08-11 04:00:00,14117,22.61,86.27,,,59.29,2025.0,8
2025-08-11 05:00:00,14118,22.34,86.5,,,57.53,2025.0,8
2025-08-11 06:00:00,14119,22.41,87.27,,,75.22,2025.0,8
2025-08-11 07:00:00,14120,26.03,75.6,,,79.74,2025.0,8
2025-08-11 08:00:00,14121,30.34,62.97,,,75.1,2025.0,8
2025-08-11 09:00:00,14122,32.05,56.83,,,57.17,2025.0,8
2025-08-11 10:00:00,14123,33.27,52.67,,,43.33,2025.0,8
2025-08-11 11:00:00,14124,35.1,47.63,,,39.7,2025.0,8
2025-08-11 12:00:00,14125,36.07,46.57,,,48.63,2025.0,8
2025-08-11 13:00:00,14126,25.4,77.37,,,53.33,2025.0,8
2025-08-11 14:00:00,14127,27.36,72.43,,,54.87,2025.0,8
2025-08-11 15:00:00,14128,30.11,63.57,,,56.27,2025.0,8
2025-08-11 16:00:00,14129,26.32,75.4,,,50.93,2025.0,8
2025-08-11 17:00:00,14130,25.13,79.17,,,50.22,2025.0,8
2025-08-11 18:00:00,14131,25.27,79.07,,,55.38,2025.0,8
2025-08-11 19:00:00,14132,24.77,81.13,,,41.41,2025.0,8
2025-08-11 20:00:00,14133,24.14,82.7,,,46.3,2025.0,8
2025-08-11 21:00:00,14134,23.92,84.33,,,44.78,2025.0,8
2025-08-11 22:00:00,14135,23.39,89.87,,,50.12,2025.0,8
2025-08-11 23:00:00,14136,21.41,90.63,,,14.2,2025.0,8
2025-08-12 00:00:00,14137,20.91,92.53,,,7.75,2025.0,8
2025-08-12 01:00:00,14138,21.0,92.3,,,4.56,2025.0,8
2025-08-12 02:00:00,14139,21.27,93.0,,,13.11,2025.0,8
2025-08-12 03:00:00,14140,21.5,93.0,,,18.29,2025.0,8
2025-08-12 04:00:00,14141,21.76,93.0,,,26.84,2025.0,8
2025-08-12 05:00:00,14142,21.8,93.0,,,28.21,2025.0,8
2025-08-12 06:00:00,14143,22.22,92.6,,,31.53,2025.0,8
2025-08-12 07:00:00,14144,23.8,88.67,,,34.19,2025.0,8
2025-08-12 08:00:00,14145,26.18,80.53,,,50.7,2025.0,8
2025-08-12 09:00:00,14146,26.55,76.7,,,49.5,2025.0,8
2025-08-12 10:00:00,14147,28.02,72.67,,,45.37,2025.0,8
2025-08-12 11:00:00,14148,28.17,69.87,,,36.47,2025.0,8
2025-08-12 12:00:00,14149,28.05,68.93,,,31.23,2025.0,8
2025-08-12 13:00:00,14150,26.83,71.27,,,15.13,2025.0,8
2025-08-12 14:00:00,14151,27.76,67.47,,,7.67,2025.0,8
2025-08-12 15:00:00,14152,28.24,66.7,,,25.27,2025.0,8
2025-08-12 16:00:00,14153,26.63,72.23,,,36.83,2025.0,8
2025-08-12 17:00:00,14154,24.17,79.87,,,38.54,2025.0,8
2025-08-12 18:00:00,14155,23.42,84.33,,,45.14,2025.0,8
2025-08-12 19:00:00,14156,23.2,84.73,,,37.3,2025.0,8
2025-08-12 20:00:00,14157,22.96,85.83,,,44.6,2025.0,8
2025-08-12 21:00:00,14158,23.07,85.93,,,64.05,2025.0,8
2025-08-12 22:00:00,14159,22.78,87.23,,,78.95,2025.0,8
2025-08-12 23:00:00,14160,22.67,87.73,,,84.51,2025.0,8
2025-08-13 00:00:00,14161,22.33,88.63,,,72.11,2025.0,8
2025-08-13 01:00:00,14162,21.97,89.67,,,65.37,2025.0,8
2025-08-13 02:00:00,14163,21.76,90.0,,,60.68,2025.0,8
2025-08-13 03:00:00,14164,21.63,90.5,,,62.58,2025.0,8
2025-08-13 04:00:00,14165,21.39,90.47,,,54.43,2025.0,8
2025-08-13 05:00:00,14166,21.43,89.93,,,49.69,2025.0,8
2025-08-13 06:00:00,14167,21.79,89.13,,,77.74,2025.0,8
2025-08-13 07:00:00,14168,26.85,75.07,,,87.41,2025.0,8
2025-08-13 08:00:00,14169,31.71,60.67,,,57.27,2025.0,8
2025-08-13 09:00:00,14170,31.63,56.53,,,39.1,2025.0,8
2025-08-13 10:00:00,14171,31.14,56.48,,,38.79,2025.0,8
2025-08-13 11:00:00,14172,34.2,48.07,,,32.63,2025.0,8
2025-08-13 12:00:00,14173,31.83,52.87,,,31.7,2025.0,8
2025-08-13 13:00:00,14174,31.1,57.73,,,42.73,2025.0,8
2025-08-13 14:00:00,14175,32.52,54.83,,,43.57,2025.0,8
2025-08-13 15:00:00,14176,27.1,67.2,,,39.4,2025.0,8
2025-08-13 16:00:00,14177,25.58,76.1,,,51.47,2025.0,8
2025-08-13 17:00:00,14178,24.32,79.9,,,50.38,2025.0,8
2025-08-13 18:00:00,14179,23.93,80.2,,,58.2,2025.0,8
2025-08-13 19:00:00,14180,23.73,80.87,,,38.3,2025.0,8
2025-08-13 20:00:00,14181,23.87,80.43,,,45.98,2025.0,8
2025-08-13 21:00:00,14182,23.98,75.83,,,48.18,2025.0,8
2025-08-13 22:00:00,14183,22.58,81.73,,,28.94,2025.0,8
2025-08-13 23:00:00,14184,21.78,85.63,,,29.79,2025.0,8
2025-08-14 00:00:00,14185,21.8,86.73,,,32.16,2025.0,8
2025-08-14 01:00:00,14186,21.72,86.5,,,31.6,2025.0,8
2025-08-14 02:00:00,14187,21.25,87.4,,,27.34,2025.0,8
2025-08-14 03:00:00,14188,20.99,89.0,,,28.3,2025.0,8
2025-08-14 04:00:00,14189,20.32,88.33,,,22.78,2025.0,8
2025-08-14 05:00:00,14190,20.32,89.0,,,28.61,2025.0,8
2025-08-14 06:00:00,14191,20.67,88.0,,,31.4,2025.0,8
2025-08-14 07:00:00,14192,20.84,86.6,,,35.2,2025.0,8
2025-08-14 08:00:00,14193,23.17,80.9,,,44.54,2025.0,8
2025-08-14 09:00:00,14194,24.16,77.13,,,48.18,2025.0,8
2025-08-14 10:00:00,14195,23.06,83.47,,,45.85,2025.0,8
2025-08-14 11:00:00,14196,23.92,80.1,,,39.98,2025.0,8
2025-08-14 12:00:00,14197,25.16,73.5,,,36.83,2025.0,8
2025-08-14 13:00:00,14198,26.42,67.27,,,32.17,2025.0,8
2025-08-14 14:00:00,14199,25.59,67.7,,,24.37,2025.0,8
2025-08-14 15:00:00,14200,24.74,67.17,,,14.4,2025.0,8
2025-08-14 16:00:00,14201,25.12,67.73,,,27.47,2025.0,8
2025-08-14 17:00:00,14202,23.66,69.63,,,27.1,2025.0,8
2025-08-14 18:00:00,14203,22.87,68.33,,,24.47,2025.0,8
2025-08-14 19:00:00,14204,22.59,64.23,,,16.97,2025.0,8
2025-08-14 20:00:00,14205,22.04,61.1,,,10.37,2025.0,8
2025-08-14 21:00:00,14206,21.38,66.63,,,19.03,2025.0,8
2025-08-14 22:00:00,14207,20.86,69.53,,,20.67,2025.0,8
2025-08-14 23:00:00,14208,20.19,74.27,,,29.23,2025.0,8
2025-08-15 00:00:00,14209,19.48,76.67,,,44.37,2025.0,8
2025-08-15 01:00:00,14210,18.97,78.7,,,51.76,2025.0,8
2025-08-15 02:00:00,14211,18.66,81.07,,,51.92,2025.0,8
2025-08-15 03:00:00,14212,18.16,84.87,,,67.6,2025.0,8
2025-08-15 04:00:00,14213,17.92,85.5,,,44.38,2025.0,8
2025-08-15 05:00:00,14214,17.64,87.0,,,63.32,2025.0,8
2025-08-15 06:00:00,14215,20.12,79.63,,,74.88,2025.0,8
2025-08-15 07:00:00,14216,27.7,59.5,,,84.2,2025.0,8
2025-08-15 08:00:00,14217,29.38,52.97,,,33.5,2025.0,8
2025-08-15 09:00:00,14218,29.32,48.97,,,19.53,2025.0,8
2025-08-15 10:00:00,14219,30.35,46.67,,,21.6,2025.0,8
2025-08-15 11:00:00,14220,32.09,44.47,,,18.33,2025.0,8
2025-08-15 12:00:00,14221,33.51,40.9,,,15.07,2025.0,8
2025-08-15 13:00:00,14222,33.52,42.0,,,21.97,2025.0,8
2025-08-15 14:00:00,14223,32.4,45.3,,,27.33,2025.0,8
2025-08-15 15:00:00,14224,29.96,52.57,,,40.87,2025.0,8
2025-08-15 16:00:00,14225,27.18,60.57,,,37.63,2025.0,8
2025-08-15 17:00:00,14226,25.42,66.6,,,44.4,2025.0,8
2025-08-15 18:00:00,14227,23.85,70.52,,,38.93,2025.0,8
2025-08-15 19:00:00,14228,23.02,71.0,,,31.07,2025.0,8
2025-08-15 20:00:00,14229,22.63,72.7,,,29.13,2025.0,8
2025-08-15 21:00:00,14230,21.94,76.57,,,31.03,2025.0,8
2025-08-15 22:00:00,14231,21.44,78.4,,,39.73,2025.0,8
2025-08-15 23:00:00,14232,21.11,79.43,,,38.35,2025.0,8
2025-08-16 00:00:00,14233,20.97,80.9,,,53.66,2025.0,8
2025-08-16 01:00:00,14234,20.49,83.4,,,76.16,2025.0,8
2025-08-16 02:00:00,14235,20.11,84.67,,,70.42,2025.0,8
2025-08-16 03:00:00,14236,19.63,86.2,,,74.66,2025.0,8
2025-08-16 04:00:00,14237,19.34,87.27,,,67.89,2025.0,8
2025-08-16 05:00:00,14238,19.02,88.43,,,64.7,2025.0,8
2025-08-16 06:00:00,14239,20.63,84.1,,,,2025.0,8
2025-08-16 07:00:00,14240,27.91,63.93,,,,2025.0,8
2025-08-16 08:00:00,14241,32.65,51.73,,,62.37,2025.0,8
2025-08-16 09:00:00,14242,31.69,53.9,,,55.47,2025.0,8
2025-08-16 10:00:00,14243,31.1,55.77,,,46.87,2025.0,8
2025-08-16 11:00:00,14244,31.65,53.8,,,34.87,2025.0,8
2025-08-16 12:00:00,14245,32.23,53.1,,,38.43,2025.0,8
2025-08-16 13:00:00,14246,30.93,55.0,,,33.27,2025.0,8
2025-08-16 14:00:00,14247,28.09,66.47,,,79.57,2025.0,8
2025-08-16 15:00:00,14248,26.29,72.57,,,74.7,2025.0,8
2025-08-16 16:00:00,14249,30.68,61.73,,,60.7,2025.0,8
2025-08-16 17:00:00,14250,28.17,66.83,,,60.5,2025.0,8
2025-08-16 18:00:00,14251,26.44,73.0,,,77.43,2025.0,8
2025-08-16 19:00:00,14252,24.94,78.13,,,59.8,2025.0,8
2025-08-16 20:00:00,14253,24.02,78.53,,,57.97,2025.0,8
2025-08-16 21:00:00,14254,23.51,80.17,,,51.41,2025.0,8
2025-08-16 22:00:00,14255,22.77,82.7,,,47.06,2025.0,8
2025-08-16 23:00:00,14256,22.28,84.13,,,51.14,2025.0,8
2025-08-17 00:00:00,14257,22.17,85.73,,,60.05,2025.0,8
2025-08-17 01:00:00,14258,22.0,85.97,,,57.13,2025.0,8
2025-08-17 02:00:00,14259,21.67,87.03,,,67.89,2025.0,8
2025-08-17 03:00:00,14260,21.07,88.5,,,72.23,2025.0,8
2025-08-17 04:00:00,14261,20.63,90.0,,,80.89,2025.0,8
2025-08-17 05:00:00,14262,20.32,90.8,,,80.91,2025.0,8
2025-08-17 06:00:00,14263,22.05,83.87,,,73.0,2025.0,8
2025-08-17 07:00:00,14264,28.51,67.2,,,,2025.0,8
2025-08-17 08:00:00,14265,29.74,61.73,,,70.73,2025.0,8
2025-08-17 09:00:00,14266,30.11,59.07,,,49.47,2025.0,8
2025-08-17 10:00:00,14267,30.63,57.67,,,48.33,2025.0,8
2025-08-17 11:00:00,14268,31.12,53.5,,,44.0,2025.0,8
2025-08-17 12:00:00,14269,32.02,50.57,,,41.53,2025.0,8
2025-08-17 13:00:00,14270,32.52,47.27,,,35.97,2025.0,8
2025-08-17 14:00:00,14271,33.31,46.87,,,33.5,2025.0,8
2025-08-17 15:00:00,14272,32.7,46.77,,,27.83,2025.0,8
2025-08-17 16:00:00,14273,28.93,53.53,,,27.27,2025.0,8
2025-08-17 17:00:00,14274,27.52,55.1,,,29.83,2025.0,8
2025-08-17 18:00:00,14275,25.89,64.27,,,38.63,2025.0,8
2025-08-17 19:00:00,14276,25.17,66.63,,,41.37,2025.0,8
2025-08-17 20:00:00,14277,24.86,64.23,,,24.63,2025.0,8
2025-08-17 21:00:00,14278,23.91,70.5,,,39.63,2025.0,8
2025-08-17 22:00:00,14279,23.38,74.77,,,50.5,2025.0,8
2025-08-17 23:00:00,14280,22.71,80.5,,,59.55,2025.0,8
2025-08-18 00:00:00,14281,22.42,80.9,,,48.28,2025.0,8
2025-08-18 01:00:00,14282,21.9,81.6,,,51.61,2025.0,8
2025-08-18 02:00:00,14283,21.46,83.33,,,63.98,2025.0,8
2025-08-18 03:00:00,14284,20.97,85.53,,,63.38,2025.0,8
2025-08-18 04:00:00,14285,21.24,84.97,,,68.54,2025.0,8
2025-08-18 05:00:00,14286,21.1,84.4,,,52.71,2025.0,8
2025-08-18 06:00:00,14287,21.63,83.27,,,67.71,2025.0,8
2025-08-18 07:00:00,14288,25.96,71.4,,,,2025.0,8
2025-08-18 08:00:00,14289,29.0,62.07,,,76.33,2025.0,8
2025-08-18 09:00:00,14290,31.47,57.03,,,72.73,2025.0,8
2025-08-18 10:00:00,14291,30.85,57.23,,,47.77,2025.0,8
2025-08-18 11:00:00,14292,30.59,58.0,,,47.47,2025.0,8
2025-08-18 12:00:00,14293,31.73,56.03,,,47.4,2025.0,8
2025-08-18 13:00:00,14294,33.5,52.33,,,47.37,2025.0,8
2025-08-18 14:00:00,14295,34.2,50.27,,,57.33,2025.0,8
2025-08-18 15:00:00,14296,30.87,55.7,,,43.93,2025.0,8
2025-08-18 16:00:00,14297,27.05,68.67,,,40.33,2025.0,8
2025-08-18 17:00:00,14298,25.32,76.97,,,54.37,2025.0,8
2025-08-18 18:00:00,14299,24.61,77.47,,,67.33,2025.0,8
2025-08-18 19:00:00,14300,24.63,75.9,,,54.1,2025.0,8
2025-08-18 20:00:00,14301,24.43,76.63,,,40.3,2025.0,8
2025-08-18 21:00:00,14302,24.3,77.97,,,42.27,2025.0,8
2025-08-18 22:00:00,14303,23.99,79.2,,,46.4,2025.0,8
2025-08-18 23:00:00,14304,23.95,80.3,,,54.4,2025.0,8
2025-08-19 00:00:00,14305,23.13,86.5,,,56.01,2025.0,8
2025-08-19 01:00:00,14306,22.65,87.87,,,59.67,2025.0,8
2025-08-19 02:00:00,14307,22.46,89.33,,,57.44,2025.0,8
2025-08-19 03:00:00,14308,22.44,89.13,,,58.89,2025.0,8
2025-08-19 04:00:00,14309,22.22,89.21,,,54.66,2025.0,8
2025-08-19 05:00:00,14310,22.23,89.1,,,56.15,2025.0,8
2025-08-19 06:00:00,14311,22.47,88.6,,,52.48,2025.0,8
2025-08-19 07:00:00,14312,22.91,87.1,,,57.11,2025.0,8
2025-08-19 08:00:00,14313,23.76,85.33,,,59.88,2025.0,8
2025-08-19 09:00:00,14314,24.23,82.67,,,45.72,2025.0,8
2025-08-19 10:00:00,14315,23.06,87.3,,,20.59,2025.0,8
2025-08-19 11:00:00,14316,26.09,77.53,,,13.53,2025.0,8
2025-08-19 12:00:00,14317,28.93,67.73,,,12.4,2025.0,8
2025-08-19 13:00:00,14318,30.85,62.8,,,19.57,2025.0,8
2025-08-19 14:00:00,14319,29.65,66.0,,,10.17,2025.0,8
2025-08-19 15:00:00,14320,28.29,68.9,,,22.1,2025.0,8
2025-08-19 16:00:00,14321,27.17,73.33,,,24.3,2025.0,8
2025-08-19 17:00:00,14322,25.7,79.0,,,28.78,2025.0,8
2025-08-19 18:00:00,14323,24.35,81.93,,,29.59,2025.0,8
2025-08-19 19:00:00,14324,23.85,83.77,,,30.31,2025.0,8
2025-08-19 20:00:00,14325,23.65,84.3,,,32.18,2025.0,8
2025-08-19 21:00:00,14326,23.41,86.2,,,36.52,2025.0,8
2025-08-19 22:00:00,14327,23.21,87.83,,,45.87,2025.0,8
2025-08-19 23:00:00,14328,23.18,87.9,,,52.64,2025.0,8
2025-08-20 00:00:00,14329,23.02,88.3,,,48.91,2025.0,8
2025-08-20 01:00:00,14330,22.84,89.63,,,57.04,2025.0,8
2025-08-20 02:00:00,14331,22.96,89.67,,,54.45,2025.0,8
2025-08-20 03:00:00,14332,22.78,89.87,,,56.75,2025.0,8
2025-08-20 04:00:00,14333,22.49,89.67,,,50.81,2025.0,8
2025-08-20 05:00:00,14334,22.21,89.53,,,53.38,2025.0,8
2025-08-20 06:00:00,14335,22.5,88.53,,,66.11,2025.0,8
2025-08-20 07:00:00,14336,26.03,78.57,,,74.85,2025.0,8
2025-08-20 08:00:00,14337,29.34,69.0,,,78.03,2025.0,8
2025-08-20 09:00:00,14338,33.04,58.1,,,70.07,2025.0,8
2025-08-20 10:00:00,14339,30.15,61.5,,,55.6,2025.0,8
2025-08-20 11:00:00,14340,32.97,55.67,,,46.03,2025.0,8
2025-08-20 12:00:00,14341,35.96,45.97,,,28.97,2025.0,8
2025-08-20 13:00:00,14342,32.48,53.76,,,41.0,2025.0,8
2025-08-20 14:00:00,14343,32.15,55.17,,,36.2,2025.0,8
2025-08-20 15:00:00,14344,32.63,56.37,,,39.8,2025.0,8
2025-08-20 16:00:00,14345,28.21,64.07,,,33.37,2025.0,8
2025-08-20 17:00:00,14346,24.73,78.47,,,37.8,2025.0,8
2025-08-20 18:00:00,14347,23.42,84.1,,,29.55,2025.0,8
2025-08-20 19:00:00,14348,22.76,87.37,,,29.73,2025.0,8
2025-08-20 20:00:00,14349,22.59,88.97,,,29.61,2025.0,8
2025-08-20 21:00:00,14350,22.74,89.0,,,30.84,2025.0,8
2025-08-20 22:00:00,14351,22.8,89.2,,,33.99,2025.0,8
2025-08-20 23:00:00,14352,22.8,89.63,,,38.68,2025.0,8
2025-08-21 00:00:00,14353,22.84,89.3,,,38.7,2025.0,8
2025-08-21 01:00:00,14354,22.82,89.93,,,42.19,2025.0,8
2025-08-21 02:00:00,14355,22.75,90.47,,,40.98,2025.0,8
2025-08-21 03:00:00,14356,22.51,89.67,,,36.6,2025.0,8
2025-08-21 04:00:00,14357,22.22,89.9,,,34.59,2025.0,8
2025-08-21 05:00:00,14358,21.97,90.83,,,33.99,2025.0,8
2025-08-21 06:00:00,14359,22.58,88.6,,,36.83,2025.0,8
2025-08-21 07:00:00,14360,24.76,81.1,,,36.57,2025.0,8
2025-08-21 08:00:00,14361,28.25,71.37,,,38.23,2025.0,8
2025-08-21 09:00:00,14362,32.21,58.17,,,29.17,2025.0,8
2025-08-21 10:00:00,14363,35.03,50.57,,,26.87,2025.0,8
2025-08-21 11:00:00,14364,35.76,47.0,,,32.2,2025.0,8
2025-08-21 12:00:00,14365,35.09,46.43,,,39.9,2025.0,8
2025-08-21 13:00:00,14366,32.93,49.73,,,37.0,2025.0,8
2025-08-21 14:00:00,14367,32.78,50.8,,,35.7,2025.0,8
2025-08-21 15:00:00,14368,34.98,46.4,,,32.07,2025.0,8
2025-08-21 16:00:00,14369,31.56,53.27,,,33.23,2025.0,8
2025-08-21 17:00:00,14370,28.04,66.0,,,42.5,2025.0,8
2025-08-21 18:00:00,14371,25.92,75.2,,,49.33,2025.0,8
2025-08-21 19:00:00,14372,25.1,78.97,,,38.73,2025.0,8
2025-08-21 20:00:00,14373,24.94,80.1,,,31.91,2025.0,8
2025-08-21 21:00:00,14374,24.56,80.87,,,28.88,2025.0,8
2025-08-21 22:00:00,14375,24.39,81.13,,,28.36,2025.0,8
2025-08-21 23:00:00,14376,24.36,81.53,,,31.4,2025.0,8
2025-08-22 00:00:00,14377,23.75,85.23,,,29.32,2025.0,8
2025-08-22 01:00:00,14378,23.18,87.2,,,29.37,2025.0,8
2025-08-22 02:00:00,14379,22.89,88.07,,,30.51,2025.0,8
2025-08-22 03:00:00,14380,23.01,87.9,,,30.89,2025.0,8
2025-08-22 04:00:00,14381,22.98,88.17,,,31.87,2025.0,8
2025-08-22 05:00:00,14382,22.8,88.73,,,33.34,2025.0,8
2025-08-22 06:00:00,14383,23.19,87.97,,,40.71,2025.0,8
2025-08-22 07:00:00,14384,27.2,76.53,,,50.4,2025.0,8
2025-08-22 08:00:00,14385,30.75,64.73,,,47.73,2025.0,8
2025-08-22 09:00:00,14386,32.63,56.5,,,41.53,2025.0,8
2025-08-22 10:00:00,14387,32.32,54.1,,,31.33,2025.0,8
2025-08-22 11:00:00,14388,34.06,50.0,,,28.7,2025.0,8
2025-08-22 12:00:00,14389,35.62,44.7,,,25.4,2025.0,8
2025-08-22 13:00:00,14390,33.85,51.03,,,42.63,2025.0,8
2025-08-22 14:00:00,14391,29.5,64.43,,,52.7,2025.0,8
2025-08-22 15:00:00,14392,31.79,60.93,,,42.87,2025.0,8
2025-08-22 16:00:00,14393,33.16,55.6,,,43.63,2025.0,8
2025-08-22 17:00:00,14394,28.83,67.73,,,48.57,2025.0,8
2025-08-22 18:00:00,14395,27.11,73.7,,,50.0,2025.0,8
2025-08-22 19:00:00,14396,25.99,77.07,,,52.67,2025.0,8
2025-08-22 20:00:00,14397,25.52,78.6,,,52.02,2025.0,8
2025-08-22 21:00:00,14398,24.93,80.67,,,36.34,2025.0,8
2025-08-22 22:00:00,14399,24.27,82.97,,,40.49,2025.0,8
2025-08-22 23:00:00,14400,23.72,84.27,,,42.19,2025.0,8
2025-08-23 00:00:00,14401,23.45,86.0,,,46.14,2025.0,8
2025-08-23 01:00:00,14402,23.34,86.6,,,55.45,2025.0,8
2025-08-23 02:00:00,14403,22.85,87.37,,,50.38,2025.0,8
2025-08-23 03:00:00,14404,22.23,88.0,,,42.54,2025.0,8
2025-08-23 04:00:00,14405,21.87,88.37,,,45.07,2025.0,8
2025-08-23 05:00:00,14406,22.12,88.2,,,46.65,2025.0,8
2025-08-23 06:00:00,14407,22.95,84.77,,,45.4,2025.0,8
2025-08-23 07:00:00,14408,28.46,69.33,,,65.8,2025.0,8
2025-08-23 08:00:00,14409,33.4,56.27,,,64.27,2025.0,8
2025-08-23 09:00:00,14410,33.08,54.4,,,48.6,2025.0,8
2025-08-23 10:00:00,14411,33.06,52.4,,,46.83,2025.0,8
2025-08-23 11:00:00,14412,36.7,45.0,,,43.17,2025.0,8
2025-08-23 12:00:00,14413,37.28,42.8,,,49.13,2025.0,8
2025-08-23 13:00:00,14414,33.74,48.97,,,53.8,2025.0,8
2025-08-23 14:00:00,14415,30.18,59.27,,,46.2,2025.0,8
2025-08-23 15:00:00,14416,31.44,57.8,,,37.63,2025.0,8
2025-08-23 16:00:00,14417,33.61,50.23,,,38.27,2025.0,8
2025-08-23 17:00:00,14418,30.31,58.33,,,45.17,2025.0,8
2025-08-23 18:00:00,14419,27.67,69.37,,,53.43,2025.0,8
2025-08-23 19:00:00,14420,26.7,75.17,,,75.2,2025.0,8
2025-08-23 20:00:00,14421,26.03,78.13,,,73.47,2025.0,8
2025-08-23 21:00:00,14422,25.51,80.57,,,49.7,2025.0,8
2025-08-23 22:00:00,14423,24.98,81.27,,,36.11,2025.0,8
2025-08-23 23:00:00,14424,24.75,80.9,,,35.73,2025.0,8
2025-08-24 00:00:00,14425,24.84,80.17,,,33.97,2025.0,8
2025-08-24 01:00:00,14426,23.9,84.53,,,37.32,2025.0,8
2025-08-24 02:00:00,14427,22.98,88.77,,,36.11,2025.0,8
2025-08-24 03:00:00,14428,22.84,87.57,,,33.79,2025.0,8
2025-08-24 04:00:00,14429,22.81,88.23,,,35.85,2025.0,8
2025-08-24 05:00:00,14430,22.62,89.03,,,39.46,2025.0,8
2025-08-24 06:00:00,14431,23.38,86.83,,,48.82,2025.0,8
2025-08-24 07:00:00,14432,25.55,79.8,,,53.54,2025.0,8
2025-08-24 08:00:00,14433,32.1,62.4,,,57.4,2025.0,8
2025-08-24 09:00:00,14434,34.45,54.47,,,50.5,2025.0,8
2025-08-24 10:00:00,14435,34.91,49.97,,,45.73,2025.0,8
2025-08-24 11:00:00,14436,34.26,47.3,,,35.8,2025.0,8
2025-08-24 12:00:00,14437,36.13,43.87,,,39.47,2025.0,8
2025-08-24 13:00:00,14438,31.39,55.6,,,49.6,2025.0,8
2025-08-24 14:00:00,14439,32.32,53.47,,,45.83,2025.0,8
2025-08-24 15:00:00,14440,30.1,58.23,,,42.23,2025.0,8
2025-08-24 16:00:00,14441,28.61,61.73,,,52.27,2025.0,8
2025-08-24 17:00:00,14442,25.02,78.33,,,56.0,2025.0,8
2025-08-24 18:00:00,14443,24.43,80.47,,,38.95,2025.0,8
2025-08-24 19:00:00,14444,24.21,81.07,,,37.27,2025.0,8
2025-08-24 20:00:00,14445,24.39,80.9,,,44.29,2025.0,8
2025-08-24 21:00:00,14446,23.93,83.9,,,50.21,2025.0,8
2025-08-24 22:00:00,14447,23.56,86.47,,,58.02,2025.0,8
2025-08-24 23:00:00,14448,23.29,86.77,,,61.3,2025.0,8
2025-08-25 00:00:00,14449,22.76,88.13,,,58.78,2025.0,8
2025-08-25 01:00:00,14450,22.72,86.67,,,52.8,2025.0,8
2025-08-25 02:00:00,14451,22.99,86.0,,,49.2,2025.0,8
2025-08-25 03:00:00,14452,22.89,87.0,,,56.37,2025.0,8
2025-08-25 04:00:00,14453,22.6,89.0,,,72.16,2025.0,8
2025-08-25 05:00:00,14454,22.1,85.83,,,48.49,2025.0,8
2025-08-25 06:00:00,14455,22.64,85.3,,,52.57,2025.0,8
2025-08-25 07:00:00,14456,27.2,72.67,,,71.31,2025.0,8
2025-08-25 08:00:00,14457,31.51,59.47,,,57.53,2025.0,8
2025-08-25 09:00:00,14458,28.49,65.93,,,61.6,2025.0,8
2025-08-25 10:00:00,14459,32.55,54.47,,,48.47,2025.0,8
2025-08-25 11:00:00,14460,34.14,48.0,,,39.97,2025.0,8
2025-08-25 12:00:00,14461,34.68,44.73,,,33.93,2025.0,8
2025-08-25 13:00:00,14462,34.63,44.1,,,39.37,2025.0,8
2025-08-25 14:00:00,14463,34.88,45.6,,,49.4,2025.0,8
2025-08-25 15:00:00,14464,29.53,61.47,,,68.4,2025.0,8
2025-08-25 16:00:00,14465,27.49,70.57,,,78.63,2025.0,8
2025-08-25 17:00:00,14466,25.1,80.3,,,72.59,2025.0,8
2025-08-25 18:00:00,14467,24.82,81.03,,,62.85,2025.0,8
2025-08-25 19:00:00,14468,24.64,80.97,,,70.89,2025.0,8
2025-08-25 20:00:00,14469,24.32,82.47,,,85.51,2025.0,8
2025-08-25 21:00:00,14470,23.74,83.67,,,72.58,2025.0,8
2025-08-25 22:00:00,14471,23.05,82.77,,,38.39,2025.0,8
2025-08-25 23:00:00,14472,22.35,82.6,,,34.91,2025.0,8
2025-08-26 00:00:00,14473,21.5,83.5,,,40.27,2025.0,8
2025-08-26 01:00:00,14474,21.09,85.63,,,56.93,2025.0,8
2025-08-26 02:00:00,14475,20.29,85.9,,,49.94,2025.0,8
2025-08-26 03:00:00,14476,19.58,87.03,,,52.6,2025.0,8
2025-08-26 04:00:00,14477,19.17,84.93,,,40.0,2025.0,8
2025-08-26 05:00:00,14478,18.82,87.5,,,48.69,2025.0,8
2025-08-26 06:00:00,14479,20.19,84.03,,,61.54,2025.0,8
2025-08-26 07:00:00,14480,29.16,61.3,,,,2025.0,8
2025-08-26 08:00:00,14481,31.3,53.33,,,49.63,2025.0,8
2025-08-26 09:00:00,14482,30.37,52.4,,,35.5,2025.0,8
2025-08-26 10:00:00,14483,30.72,50.77,,,30.7,2025.0,8
2025-08-26 11:00:00,14484,31.73,49.03,,,31.8,2025.0,8
2025-08-26 12:00:00,14485,32.99,46.07,,,31.0,2025.0,8
2025-08-26 13:00:00,14486,32.53,45.23,,,33.4,2025.0,8
2025-08-26 14:00:00,14487,33.55,42.6,,,31.23,2025.0,8
2025-08-26 15:00:00,14488,33.66,42.97,,,31.8,2025.0,8
2025-08-26 16:00:00,14489,33.33,42.63,,,28.97,2025.0,8
2025-08-26 17:00:00,14490,29.15,48.9,,,30.9,2025.0,8
2025-08-26 18:00:00,14491,25.48,58.43,,,37.17,2025.0,8
2025-08-26 19:00:00,14492,23.93,65.9,,,43.7,2025.0,8
2025-08-26 20:00:00,14493,23.03,68.0,,,39.47,2025.0,8
2025-08-26 21:00:00,14494,22.08,69.73,,,38.63,2025.0,8
2025-08-26 22:00:00,14495,21.37,70.83,,,44.13,2025.0,8
2025-08-26 23:00:00,14496,20.93,70.3,,,50.97,2025.0,8
2025-08-27 00:00:00,14497,20.32,74.87,,,,2025.0,8
2025-08-27 01:00:00,14498,19.35,79.63,,,,2025.0,8
2025-08-27 02:00:00,14499,18.57,82.07,,,72.74,2025.0,8
2025-08-27 03:00:00,14500,18.19,83.1,,,63.0,2025.0,8
2025-08-27 04:00:00,14501,17.88,83.93,,,59.7,2025.0,8
2025-08-27 05:00:00,14502,17.43,84.3,,,59.32,2025.0,8
2025-08-27 06:00:00,14503,20.34,76.47,,,67.48,2025.0,8
2025-08-27 07:00:00,14504,29.23,54.07,,,,2025.0,8
2025-08-27 08:00:00,14505,34.35,43.4,,,89.67,2025.0,8
2025-08-27 09:00:00,14506,33.87,44.13,,,46.7,2025.0,8
2025-08-27 10:00:00,14507,30.85,51.33,,,21.37,2025.0,8
2025-08-27 11:00:00,14508,31.48,50.5,,,6.57,2025.0,8
2025-08-27 12:00:00,14509,32.73,47.67,,,6.93,2025.0,8
2025-08-27 13:00:00,14510,34.06,45.7,,,8.03,2025.0,8
2025-08-27 14:00:00,14511,33.77,47.13,,,7.57,2025.0,8
2025-08-27 15:00:00,14512,30.58,55.93,,,18.8,2025.0,8
2025-08-27 16:00:00,14513,29.54,62.83,,,21.05,2025.0,8
2025-08-27 17:00:00,14514,24.29,81.23,,,13.21,2025.0,8
2025-08-27 18:00:00,14515,24.23,81.53,,,21.13,2025.0,8
2025-08-27 19:00:00,14516,23.69,83.76,,,18.44,2025.0,8
2025-08-27 20:00:00,14517,23.81,81.4,,,14.07,2025.0,8
2025-08-27 21:00:00,14518,23.74,79.6,,,12.0,2025.0,8
2025-08-27 22:00:00,14519,23.27,81.4,,,11.64,2025.0,8
2025-08-27 23:00:00,14520,22.96,81.6,,,4.94,2025.0,8
2025-08-28 00:00:00,14521,22.58,82.63,,,13.56,2025.0,8
2025-08-28 01:00:00,14522,22.19,83.87,,,27.02,2025.0,8
2025-08-28 02:00:00,14523,21.89,85.7,,,32.23,2025.0,8
2025-08-28 03:00:00,14524,21.73,86.77,,,26.02,2025.0,8
2025-08-28 04:00:00,14525,21.31,87.45,,,32.48,2025.0,8
2025-08-28 05:00:00,14526,21.15,86.6,,,34.35,2025.0,8
2025-08-28 06:00:00,14527,22.14,85.27,,,31.94,2025.0,8
2025-08-28 07:00:00,14528,24.8,78.4,,,68.04,2025.0,8
2025-08-28 08:00:00,14529,28.0,68.13,,,43.3,2025.0,8
2025-08-28 09:00:00,14530,32.85,55.6,,,39.1,2025.0,8
2025-08-28 10:00:00,14531,32.84,53.37,,,13.37,2025.0,8
2025-08-28 11:00:00,14532,32.43,52.93,,,10.93,2025.0,8
2025-08-28 12:00:00,14533,31.29,54.77,,,8.17,2025.0,8
2025-08-28 13:00:00,14534,31.64,54.3,,,12.6,2025.0,8
2025-08-28 14:00:00,14535,33.57,49.57,,,5.2,2025.0,8
2025-08-28 15:00:00,14536,33.97,49.23,,,6.67,2025.0,8
2025-08-28 16:00:00,14537,28.26,62.37,,,8.97,2025.0,8
2025-08-28 17:00:00,14538,26.23,68.7,,,20.77,2025.0,8
2025-08-28 18:00:00,14539,24.83,72.33,,,22.4,2025.0,8
2025-08-28 19:00:00,14540,23.85,74.9,,,12.03,2025.0,8
2025-08-28 20:00:00,14541,23.4,77.47,,,18.33,2025.0,8
2025-08-28 21:00:00,14542,22.96,78.93,,,13.89,2025.0,8
2025-08-28 22:00:00,14543,22.48,80.0,,,8.24,2025.0,8
2025-08-28 23:00:00,14544,22.19,80.83,,,13.85,2025.0,8
2025-08-29 00:00:00,14545,22.05,81.0,,,17.35,2025.0,8
2025-08-29 01:00:00,14546,22.36,80.37,,,16.15,2025.0,8
2025-08-29 02:00:00,14547,22.34,80.0,,,19.54,2025.0,8
2025-08-29 03:00:00,14548,22.43,80.83,,,23.14,2025.0,8
2025-08-29 04:00:00,14549,21.98,83.37,,,43.55,2025.0,8
2025-08-29 05:00:00,14550,21.29,84.23,,,33.12,2025.0,8
2025-08-29 06:00:00,14551,22.8,80.17,,,62.68,2025.0,8
2025-08-29 07:00:00,14552,27.74,63.9,,,54.27,2025.0,8
2025-08-29 08:00:00,14553,30.12,58.7,,,56.2,2025.0,8
2025-08-29 09:00:00,14554,31.48,55.57,,,35.13,2025.0,8
2025-08-29 10:00:00,14555,31.92,55.2,,,33.47,2025.0,8
2025-08-29 11:00:00,14556,32.55,53.1,,,29.43,2025.0,8
2025-08-29 12:00:00,14557,32.53,53.63,,,23.7,2025.0,8
2025-08-29 13:00:00,14558,31.59,56.07,,,9.33,2025.0,8
2025-08-29 14:00:00,14559,30.2,61.13,,,31.07,2025.0,8
2025-08-29 15:00:00,14560,28.16,66.67,,,42.1,2025.0,8
2025-08-29 16:00:00,14561,26.73,70.67,,,43.1,2025.0,8
2025-08-29 17:00:00,14562,25.79,72.57,,,26.97,2025.0,8
2025-08-29 18:00:00,14563,24.54,75.19,,,20.58,2025.0,8
2025-08-29 19:00:00,14564,24.39,75.47,,,30.0,2025.0,8
2025-08-29 20:00:00,14565,23.96,76.97,,,31.67,2025.0,8
2025-08-29 21:00:00,14566,23.9,75.97,,,25.87,2025.0,8
2025-08-29 22:00:00,14567,23.73,75.8,,,19.3,2025.0,8
2025-08-29 23:00:00,14568,23.58,77.6,,,34.2,2025.0,8
2025-08-30 00:00:00,14569,23.49,78.8,,,35.9,2025.0,8
2025-08-30 01:00:00,14570,23.46,78.0,,,20.83,2025.0,8
2025-08-30 02:00:00,14571,23.24,79.3,,,12.17,2025.0,8
2025-08-30 03:00:00,14572,23.05,80.0,,,7.53,2025.0,8
2025-08-30 04:00:00,14573,23.08,79.33,,,2.98,2025.0,8
2025-08-30 05:00:00,14574,22.74,80.37,,,2.4,2025.0,8
2025-08-30 06:00:00,14575,22.78,80.9,,,3.47,2025.0,8
2025-08-30 07:00:00,14576,25.14,74.37,,,20.17,2025.0,8
2025-08-30 08:00:00,14577,29.61,61.6,,,13.47,2025.0,8
2025-08-30 09:00:00,14578,30.32,59.13,,,19.5,2025.0,8
2025-08-30 10:00:00,14579,30.85,57.1,,,9.77,2025.0,8
2025-08-30 11:00:00,14580,31.47,55.63,,,21.77,2025.0,8
2025-08-30 12:00:00,14581,31.93,54.13,,,25.67,2025.0,8
2025-08-30 13:00:00,14582,32.18,52.43,,,23.97,2025.0,8
2025-08-30 14:00:00,14583,32.35,53.8,,,30.23,2025.0,8
2025-08-30 15:00:00,14584,29.3,63.57,,,40.9,2025.0,8
2025-08-30 16:00:00,14585,28.93,64.93,,,41.9,2025.0,8
2025-08-30 17:00:00,14586,27.97,69.1,,,53.53,2025.0,8
2025-08-30 18:00:00,14587,24.78,81.63,,,35.44,2025.0,8
2025-08-30 19:00:00,14588,23.89,84.83,,,29.73,2025.0,8
2025-08-30 20:00:00,14589,24.04,83.43,,,36.45,2025.0,8
2025-08-30 21:00:00,14590,24.31,83.23,,,39.02,2025.0,8
2025-08-30 22:00:00,14591,23.91,85.27,,,41.99,2025.0,8
2025-08-30 23:00:00,14592,23.42,88.07,,,35.8,2025.0,8
2025-08-31 00:00:00,14593,23.38,89.0,,,35.96,2025.0,8
2025-08-31 01:00:00,14594,23.6,88.03,,,38.15,2025.0,8
2025-08-31 02:00:00,14595,23.62,87.37,,,34.64,2025.0,8
2025-08-31 03:00:00,14596,23.81,85.73,,,30.22,2025.0,8
2025-08-31 04:00:00,14597,22.72,88.73,,,24.1,2025.0,8
2025-08-31 05:00:00,14598,22.14,91.07,,,13.13,2025.0,8
2025-08-31 06:00:00,14599,22.38,90.67,,,15.66,2025.0,8
2025-08-31 07:00:00,14600,23.18,88.73,,,23.32,2025.0,8
2025-08-31 08:00:00,14601,23.92,86.07,,,17.82,2025.0,8
2025-08-31 09:00:00,14602,26.33,78.77,,,30.66,2025.0,8
2025-08-31 10:00:00,14603,28.91,69.37,,,31.3,2025.0,8
2025-08-31 11:00:00,14604,29.79,63.2,,,35.07,2025.0,8
2025-08-31 12:00:00,14605,31.23,57.4,,,33.93,2025.0,8
2025-08-31 13:00:00,14606,31.38,57.07,,,34.83,2025.0,8
2025-08-31 14:00:00,14607,31.45,55.3,,,34.47,2025.0,8
2025-08-31 15:00:00,14608,31.23,55.43,,,35.53,2025.0,8
2025-08-31 16:00:00,14609,30.14,57.67,,,40.0,2025.0,8
2025-08-31 17:00:00,14610,27.61,64.67,,,43.77,2025.0,8
2025-08-31 18:00:00,14611,25.71,70.93,,,45.27,2025.0,8
2025-08-31 19:00:00,14612,25.34,73.0,,,44.7,2025.0,8
2025-08-31 20:00:00,14613,25.03,74.3,,,44.1,2025.0,8
2025-08-31 21:00:00,14614,24.51,76.53,,,48.33,2025.0,8
2025-08-31 22:00:00,14615,24.0,78.77,,,49.77,2025.0,8
2025-08-31 23:00:00,14616,23.25,85.17,,,34.42,2025.0,8
2025-09-01 00:00:00,14617,23.3,86.13,,,37.59,2025.0,9
2025-09-01 01:00:00,14618,23.53,85.37,,,34.82,2025.0,9
2025-09-01 02:00:00,14619,23.4,84.97,,,31.24,2025.0,9
2025-09-01 03:00:00,14620,23.41,82.3,,,28.61,2025.0,9
2025-09-01 04:00:00,14621,22.95,82.67,,,26.35,2025.0,9
2025-09-01 05:00:00,14622,22.62,85.73,,,37.21,2025.0,9
2025-09-01 06:00:00,14623,23.9,81.97,,,50.21,2025.0,9
2025-09-01 07:00:00,14624,26.66,72.67,,,53.27,2025.0,9
2025-09-01 08:00:00,14625,31.07,60.37,,,45.13,2025.0,9
2025-09-01 09:00:00,14626,31.39,57.0,,,45.33,2025.0,9
2025-09-01 10:00:00,14627,31.99,54.93,,,41.87,2025.0,9
2025-09-01 11:00:00,14628,32.45,53.03,,,37.5,2025.0,9
2025-09-01 12:00:00,14629,32.83,53.0,,,39.1,2025.0,9
2025-09-01 13:00:00,14630,33.74,50.23,,,40.67,2025.0,9
2025-09-01 14:00:00,14631,32.7,52.0,,,39.43,2025.0,9
2025-09-01 15:00:00,14632,32.11,53.27,,,41.6,2025.0,9
2025-09-01 16:00:00,14633,30.35,57.37,,,45.4,2025.0,9
2025-09-01 17:00:00,14634,28.03,64.17,,,48.27,2025.0,9
2025-09-01 18:00:00,14635,26.1,68.73,,,47.1,2025.0,9
2025-09-01 19:00:00,14636,25.14,71.87,,,45.37,2025.0,9
2025-09-01 20:00:00,14637,24.36,75.8,,,51.83,2025.0,9
2025-09-01 21:00:00,14638,23.9,77.87,,,60.86,2025.0,9
2025-09-01 22:00:00,14639,23.49,81.0,,,49.65,2025.0,9
2025-09-01 23:00:00,14640,23.35,81.53,,,51.1,2025.0,9
2025-09-02 00:00:00,14641,23.06,83.4,,,62.71,2025.0,9
2025-09-02 01:00:00,14642,23.28,82.67,,,59.38,2025.0,9
2025-09-02 02:00:00,14643,23.16,83.03,,,61.77,2025.0,9
2025-09-02 03:00:00,14644,22.65,84.33,,,77.16,2025.0,9
2025-09-02 04:00:00,14645,22.45,85.37,,,64.9,2025.0,9
2025-09-02 05:00:00,14646,22.41,85.67,,,62.29,2025.0,9
2025-09-02 06:00:00,14647,23.66,82.27,,,75.25,2025.0,9
2025-09-02 07:00:00,14648,27.52,70.43,,,86.27,2025.0,9
2025-09-02 08:00:00,14649,30.11,61.97,,,57.1,2025.0,9
2025-09-02 09:00:00,14650,30.78,57.77,,,49.73,2025.0,9
2025-09-02 10:00:00,14651,32.05,50.9,,,40.03,2025.0,9
2025-09-02 11:00:00,14652,32.35,50.73,,,41.37,2025.0,9
2025-09-02 12:00:00,14653,32.34,46.67,,,30.97,2025.0,9
2025-09-02 13:00:00,14654,31.51,44.53,,,18.17,2025.0,9
2025-09-02 14:00:00,14655,32.69,41.9,,,21.83,2025.0,9
2025-09-02 15:00:00,14656,32.61,41.87,,,19.0,2025.0,9
2025-09-02 16:00:00,14657,33.15,43.3,,,22.77,2025.0,9
2025-09-02 17:00:00,14658,29.12,52.63,,,25.03,2025.0,9
2025-09-02 18:00:00,14659,26.41,61.57,,,36.63,2025.0,9
2025-09-02 19:00:00,14660,25.4,68.3,,,45.6,2025.0,9
2025-09-02 20:00:00,14661,24.69,71.37,,,43.13,2025.0,9
2025-09-02 21:00:00,14662,23.73,76.57,,,63.23,2025.0,9
2025-09-02 22:00:00,14663,23.4,79.03,,,80.01,2025.0,9
2025-09-02 23:00:00,14664,23.37,79.33,,,75.82,2025.0,9
2025-09-03 00:00:00,14665,22.92,79.13,,,64.76,2025.0,9
2025-09-03 01:00:00,14666,22.51,79.97,,,74.84,2025.0,9
2025-09-03 02:00:00,14667,22.73,79.63,,,80.59,2025.0,9
2025-09-03 03:00:00,14668,22.36,80.77,,,67.67,2025.0,9
2025-09-03 04:00:00,14669,22.13,82.1,,,72.72,2025.0,9
2025-09-03 05:00:00,14670,22.13,82.93,,,73.45,2025.0,9
2025-09-03 06:00:00,14671,25.04,76.27,,,89.29,2025.0,9
2025-09-03 07:00:00,14672,32.59,56.33,,,71.4,2025.0,9
2025-09-03 08:00:00,14673,30.33,56.4,,,45.3,2025.0,9
2025-09-03 09:00:00,14674,31.12,51.27,,,33.73,2025.0,9
2025-09-03 10:00:00,14675,32.55,45.73,,,31.03,2025.0,9
2025-09-03 11:00:00,14676,33.53,44.33,,,32.57,2025.0,9
2025-09-03 12:00:00,14677,34.7,42.83,,,30.53,2025.0,9
2025-09-03 13:00:00,14678,34.59,42.1,,,25.07,2025.0,9
2025-09-03 14:00:00,14679,35.79,41.47,,,25.5,2025.0,9
2025-09-03 15:00:00,14680,36.99,39.67,,,24.83,2025.0,9
2025-09-03 16:00:00,14681,32.43,47.3,,,32.03,2025.0,9
2025-09-03 17:00:00,14682,31.06,52.27,,,40.23,2025.0,9
2025-09-03 18:00:00,14683,28.17,62.03,,,47.73,2025.0,9
2025-09-03 19:00:00,14684,26.59,69.52,,,50.9,2025.0,9
2025-09-03 20:00:00,14685,26.18,72.83,,,56.73,2025.0,9
2025-09-03 21:00:00,14686,25.6,74.77,,,68.53,2025.0,9
2025-09-03 22:00:00,14687,24.52,77.7,,,69.67,2025.0,9
2025-09-03 23:00:00,14688,24.11,80.23,,,43.7,2025.0,9
2025-09-04 00:00:00,14689,23.94,81.0,,,34.37,2025.0,9
2025-09-04 01:00:00,14690,23.7,81.53,,,45.27,2025.0,9
2025-09-04 02:00:00,14691,23.18,84.1,,,57.35,2025.0,9
2025-09-04 03:00:00,14692,22.83,84.8,,,47.35,2025.0,9
2025-09-04 04:00:00,14693,22.43,86.0,,,59.09,2025.0,9
2025-09-04 05:00:00,14694,21.99,87.0,,,76.4,2025.0,9
2025-09-04 06:00:00,14695,24.54,79.93,,,,2025.0,9
2025-09-04 07:00:00,14696,31.49,59.87,,,75.57,2025.0,9
2025-09-04 08:00:00,14697,32.77,54.23,,,51.8,2025.0,9
2025-09-04 09:00:00,14698,31.9,53.07,,,45.73,2025.0,9
2025-09-04 10:00:00,14699,32.81,49.2,,,38.37,2025.0,9
2025-09-04 11:00:00,14700,33.85,46.17,,,33.03,2025.0,9
2025-09-04 12:00:00,14701,34.18,46.4,,,36.27,2025.0,9
2025-09-04 13:00:00,14702,33.92,47.5,,,38.9,2025.0,9
2025-09-04 14:00:00,14703,34.68,45.7,,,38.7,2025.0,9
2025-09-04 15:00:00,14704,33.1,48.6,,,40.83,2025.0,9
2025-09-04 16:00:00,14705,31.49,52.5,,,44.5,2025.0,9
2025-09-04 17:00:00,14706,31.04,55.23,,,56.5,2025.0,9
2025-09-04 18:00:00,14707,27.91,63.8,,,64.0,2025.0,9
2025-09-04 19:00:00,14708,26.94,69.43,,,57.7,2025.0,9
2025-09-04 20:00:00,14709,26.19,74.63,,,61.97,2025.0,9
2025-09-04 21:00:00,14710,24.26,83.17,,,40.49,2025.0,9
2025-09-04 22:00:00,14711,23.49,86.9,,,32.92,2025.0,9
2025-09-04 23:00:00,14712,23.87,85.0,,,35.64,2025.0,9
2025-09-05 00:00:00,14713,23.56,86.83,,,40.24,2025.0,9
2025-09-05 01:00:00,14714,22.97,85.77,,,34.33,2025.0,9
2025-09-05 02:00:00,14715,22.38,86.77,,,33.66,2025.0,9
2025-09-05 03:00:00,14716,22.07,87.66,,,39.65,2025.0,9
2025-09-05 04:00:00,14717,21.8,89.33,,,46.92,2025.0,9
2025-09-05 05:00:00,14718,21.81,87.97,,,43.37,2025.0,9
2025-09-05 06:00:00,14719,22.96,84.5,,,53.57,2025.0,9
2025-09-05 07:00:00,14720,28.72,69.8,,,79.57,2025.0,9
2025-09-05 08:00:00,14721,34.23,53.33,,,55.63,2025.0,9
2025-09-05 09:00:00,14722,34.28,51.07,,,45.87,2025.0,9
2025-09-05 10:00:00,14723,34.53,49.9,,,46.73,2025.0,9
2025-09-05 11:00:00,14724,33.89,51.27,,,49.67,2025.0,9
2025-09-05 12:00:00,14725,34.33,50.7,,,47.83,2025.0,9
2025-09-05 13:00:00,14726,32.19,55.17,,,45.53,2025.0,9
2025-09-05 14:00:00,14727,26.58,73.73,,,46.07,2025.0,9
2025-09-05 15:00:00,14728,31.46,61.53,,,41.47,2025.0,9
2025-09-05 16:00:00,14729,31.28,60.57,,,48.83,2025.0,9
2025-09-05 17:00:00,14730,26.94,75.93,,,69.43,2025.0,9
2025-09-06 18:00:00,14755,25.73,59.54,,,34.23,2025.0,9
2025-09-06 19:00:00,14756,25.01,60.2,,,33.77,2025.0,9
2025-09-06 20:00:00,14757,24.41,61.27,,,35.13,2025.0,9
2025-09-06 21:00:00,14758,23.6,62.87,,,33.03,2025.0,9
2025-09-06 22:00:00,14759,22.78,66.33,,,33.53,2025.0,9
2025-09-06 23:00:00,14760,22.16,69.13,,,43.2,2025.0,9
2025-09-10 18:00:00,14851,25.29,79.83,,,33.27,2025.0,9
2025-09-10 19:00:00,14852,25.08,81.8,,,37.77,2025.0,9
2025-09-10 20:00:00,14853,24.21,87.3,,,36.09,2025.0,9
2025-09-10 21:00:00,14854,23.79,87.1,,,35.89,2025.0,9
2025-09-10 22:00:00,14855,23.78,86.73,,,33.66,2025.0,9
2025-09-10 23:00:00,14856,23.97,87.13,,,46.77,2025.0,9
2025-09-11 00:00:00,14857,23.9,87.57,,,47.17,2025.0,9
2025-09-11 01:00:00,14858,23.77,87.17,,,44.26,2025.0,9
2025-09-11 02:00:00,14859,23.72,87.0,,,48.84,2025.0,9
2025-09-11 03:00:00,14860,23.54,88.4,,,39.84,2025.0,9
2025-09-11 04:00:00,14861,23.55,88.03,,,39.86,2025.0,9
2025-09-11 05:00:00,14862,23.63,88.17,,,44.6,2025.0,9
2025-09-11 06:00:00,14863,23.56,88.37,,,49.56,2025.0,9
2025-09-11 07:00:00,14864,23.02,89.6,,,16.24,2025.0,9
2025-09-11 08:00:00,14865,24.61,83.27,,,15.96,2025.0,9
2025-09-11 09:00:00,14866,29.8,69.97,,,33.57,2025.0,9
2025-09-11 10:00:00,14867,30.86,65.57,,,42.47,2025.0,9
2025-09-11 11:00:00,14868,31.87,60.07,,,22.03,2025.0,9
2025-09-11 12:00:00,14869,32.29,58.57,,,28.17,2025.0,9
2025-09-11 13:00:00,14870,31.92,60.21,,,24.38,2025.0,9
2025-09-11 14:00:00,14871,35.23,50.7,,,24.07,2025.0,9
2025-09-11 15:00:00,14872,30.65,60.9,,,21.3,2025.0,9
2025-09-11 16:00:00,14873,24.77,81.07,,,21.81,2025.0,9
2025-09-11 17:00:00,14874,24.73,82.8,,,26.04,2025.0,9
2025-09-11 18:00:00,14875,24.2,84.63,,,36.74,2025.0,9
2025-09-11 19:00:00,14876,24.07,84.77,,,41.74,2025.0,9
2025-09-11 20:00:00,14877,23.93,86.17,,,44.18,2025.0,9
2025-09-11 21:00:00,14878,23.74,87.43,,,44.69,2025.0,9
2025-09-11 22:00:00,14879,23.71,87.0,,,44.98,2025.0,9
2025-09-11 23:00:00,14880,23.53,88.9,,,68.85,2025.0,9
2025-09-12 00:00:00,14881,23.58,88.23,,,59.03,2025.0,9
2025-09-12 01:00:00,14882,23.11,89.0,,,49.94,2025.0,9
2025-09-12 02:00:00,14883,22.94,89.83,,,57.24,2025.0,9
2025-09-12 03:00:00,14884,22.82,89.5,,,58.29,2025.0,9
2025-09-12 04:00:00,14885,22.76,90.13,,,49.92,2025.0,9
2025-09-12 05:00:00,14886,22.67,90.3,,,47.97,2025.0,9
2025-09-12 06:00:00,14887,23.32,88.83,,,53.51,2025.0,9
2025-09-12 07:00:00,14888,26.25,79.03,,,69.34,2025.0,9
2025-09-12 08:00:00,14889,31.67,64.1,,,58.17,2025.0,9
2025-09-12 09:00:00,14890,33.52,55.87,,,36.7,2025.0,9
2025-09-12 10:00:00,14891,32.6,56.5,,,31.83,2025.0,9
2025-09-12 11:00:00,14892,33.74,52.43,,,20.13,2025.0,9
2025-09-12 12:00:00,14893,35.25,48.1,,,20.0,2025.0,9
2025-09-12 13:00:00,14894,34.49,48.93,,,20.43,2025.0,9
2025-09-12 14:00:00,14895,31.95,58.23,,,36.5,2025.0,9
2025-09-12 15:00:00,14896,30.11,62.83,,,35.5,2025.0,9
2025-09-12 16:00:00,14897,29.23,66.7,,,40.4,2025.0,9
2025-09-12 17:00:00,14898,25.04,81.8,,,29.25,2025.0,9
2025-09-12 18:00:00,14899,23.87,86.0,,,29.5,2025.0,9
2025-09-12 19:00:00,14900,23.77,87.9,,,27.58,2025.0,9
2025-09-12 20:00:00,14901,23.33,91.1,,,21.13,2025.0,9
2025-09-12 21:00:00,14902,23.36,91.0,,,32.41,2025.0,9
2025-09-12 22:00:00,14903,23.51,91.0,,,33.95,2025.0,9
2025-09-12 23:00:00,14904,23.41,91.0,,,32.21,2025.0,9
2025-09-13 00:00:00,14905,22.99,91.87,,,34.1,2025.0,9
2025-09-13 01:00:00,14906,22.65,92.1,,,54.09,2025.0,9
2025-09-13 02:00:00,14907,22.21,92.27,,,37.56,2025.0,9
2025-09-13 03:00:00,14908,21.98,92.53,,,40.13,2025.0,9
2025-09-13 04:00:00,14909,21.7,91.97,,,48.73,2025.0,9
2025-09-13 05:00:00,14910,21.31,90.3,,,36.74,2025.0,9
2025-09-13 06:00:00,14911,22.02,87.03,,,43.13,2025.0,9
2025-09-13 07:00:00,14912,27.57,74.9,,,62.8,2025.0,9
2025-09-13 08:00:00,14913,32.12,60.33,,,55.23,2025.0,9
2025-09-13 09:00:00,14914,31.06,59.67,,,51.73,2025.0,9
2025-09-13 10:00:00,14915,31.26,54.13,,,30.57,2025.0,9
2025-09-13 11:00:00,14916,32.65,49.77,,,28.6,2025.0,9
2025-09-13 12:00:00,14917,33.4,48.0,,,30.23,2025.0,9
2025-09-13 13:00:00,14918,34.8,43.6,,,28.97,2025.0,9
2025-09-13 14:00:00,14919,35.76,40.93,,,28.6,2025.0,9
2025-09-13 15:00:00,14920,33.46,46.2,,,29.43,2025.0,9
2025-09-13 16:00:00,14921,31.08,54.4,,,36.47,2025.0,9
2025-09-13 17:00:00,14922,28.96,60.07,,,41.17,2025.0,9
2025-09-13 18:00:00,14923,28.19,64.2,,,61.17,2025.0,9
2025-09-13 19:00:00,14924,26.52,72.77,,,61.8,2025.0,9
2025-09-13 20:00:00,14925,25.19,78.47,,,68.43,2025.0,9
2025-09-13 21:00:00,14926,24.48,80.77,,,45.54,2025.0,9
2025-09-13 22:00:00,14927,24.1,81.33,,,44.42,2025.0,9
2025-09-13 23:00:00,14928,23.64,82.6,,,51.52,2025.0,9
2025-09-14 00:00:00,14929,23.25,84.27,,,63.43,2025.0,9
2025-09-14 01:00:00,14930,22.84,85.47,,,70.19,2025.0,9
2025-09-14 02:00:00,14931,23.23,82.87,,,54.11,2025.0,9
2025-09-14 03:00:00,14932,22.87,83.87,,,45.0,2025.0,9
2025-09-14 04:00:00,14933,22.41,85.0,,,54.34,2025.0,9
2025-09-14 05:00:00,14934,21.63,86.6,,,68.45,2025.0,9
2025-09-14 06:00:00,14935,23.79,81.03,,,70.34,2025.0,9
2025-09-14 07:00:00,14936,28.3,67.1,,,75.2,2025.0,9
2025-09-14 08:00:00,14937,30.49,59.0,,,51.6,2025.0,9
2025-09-14 09:00:00,14938,30.67,55.83,,,43.7,2025.0,9
2025-09-14 10:00:00,14939,30.56,52.37,,,30.8,2025.0,9
2025-09-14 11:00:00,14940,32.45,47.7,,,26.7,2025.0,9
2025-09-14 12:00:00,14941,33.82,44.43,,,23.9,2025.0,9
2025-09-14 13:00:00,14942,33.98,43.87,,,21.13,2025.0,9
2025-09-14 14:00:00,14943,33.46,45.3,,,23.83,2025.0,9
2025-09-14 15:00:00,14944,30.54,52.1,,,24.6,2025.0,9
2025-09-14 16:00:00,14945,28.85,55.0,,,30.17,2025.0,9
2025-09-14 17:00:00,14946,27.03,54.3,,,30.07,2025.0,9
2025-09-14 18:00:00,14947,25.89,57.4,,,39.43,2025.0,9
2025-09-14 19:00:00,14948,24.92,64.7,,,39.23,2025.0,9
2025-09-14 20:00:00,14949,24.09,68.47,,,29.17,2025.0,9
2025-09-14 21:00:00,14950,24.01,68.17,,,25.07,2025.0,9
2025-09-14 22:00:00,14951,23.74,69.47,,,23.2,2025.0,9
2025-09-14 23:00:00,14952,23.78,70.33,,,26.73,2025.0,9
2025-09-15 00:00:00,14953,22.87,74.77,,,25.7,2025.0,9
2025-09-15 01:00:00,14954,22.41,76.9,,,26.77,2025.0,9
2025-09-15 02:00:00,14955,22.09,77.07,,,33.87,2025.0,9
2025-09-15 03:00:00,14956,21.74,77.83,,,37.23,2025.0,9
2025-09-15 04:00:00,14957,21.91,78.9,,,31.03,2025.0,9
2025-09-15 05:00:00,14958,21.92,78.97,,,47.53,2025.0,9
2025-09-15 06:00:00,14959,23.97,73.43,,,77.3,2025.0,9
2025-09-15 07:00:00,14960,31.29,53.7,,,39.77,2025.0,9
2025-09-15 08:00:00,14961,32.0,49.0,,,24.9,2025.0,9
2025-09-15 09:00:00,14962,33.13,44.97,,,20.53,2025.0,9
2025-09-15 10:00:00,14963,32.74,45.14,,,25.5,2025.0,9
2025-09-15 11:00:00,14964,33.71,43.53,,,24.23,2025.0,9
2025-09-15 12:00:00,14965,34.58,41.23,,,26.6,2025.0,9
2025-09-15 13:00:00,14966,33.34,45.63,,,31.0,2025.0,9
2025-09-15 14:00:00,14967,32.84,48.53,,,37.0,2025.0,9
2025-09-15 15:00:00,14968,31.32,52.33,,,37.27,2025.0,9
2025-09-15 16:00:00,14969,33.4,49.17,,,45.67,2025.0,9
2025-09-15 17:00:00,14970,30.08,56.87,,,55.13,2025.0,9
2025-09-15 18:00:00,14971,28.17,62.97,,,54.37,2025.0,9
2025-09-15 19:00:00,14972,25.94,69.53,,,48.47,2025.0,9
2025-09-15 20:00:00,14973,24.74,74.53,,,43.33,2025.0,9
2025-09-15 21:00:00,14974,24.22,76.83,,,42.2,2025.0,9
2025-09-15 22:00:00,14975,24.06,77.3,,,43.43,2025.0,9
2025-09-15 23:00:00,14976,23.86,78.17,,,46.5,2025.0,9
2025-09-16 00:00:00,14977,23.49,80.23,,,30.66,2025.0,9
2025-09-16 01:00:00,14978,23.12,81.63,,,38.28,2025.0,9
2025-09-16 02:00:00,14979,23.05,81.3,,,32.03,2025.0,9
2025-09-16 03:00:00,14980,23.03,81.5,,,36.16,2025.0,9
2025-09-16 04:00:00,14981,22.51,83.33,,,48.4,2025.0,9
2025-09-16 05:00:00,14982,22.09,85.47,,,61.44,2025.0,9
2025-09-16 06:00:00,14983,25.85,74.57,,,65.45,2025.0,9
2025-09-16 07:00:00,14984,30.94,59.7,,,73.0,2025.0,9
2025-09-16 08:00:00,14985,33.87,50.9,,,44.97,2025.0,9
2025-09-16 09:00:00,14986,33.6,50.67,,,45.23,2025.0,9
2025-09-16 10:00:00,14987,32.62,52.6,,,37.03,2025.0,9
2025-09-16 11:00:00,14988,33.5,49.93,,,33.37,2025.0,9
2025-09-16 12:00:00,14989,34.0,49.07,,,40.23,2025.0,9
2025-09-16 13:00:00,14990,29.4,62.37,,,53.83,2025.0,9
2025-09-16 14:00:00,14991,25.74,77.8,,,72.17,2025.0,9
2025-09-16 15:00:00,14992,28.25,71.57,,,67.1,2025.0,9
2025-09-16 16:00:00,14993,28.07,67.8,,,61.73,2025.0,9
2025-09-16 17:00:00,14994,26.61,72.83,,,81.0,2025.0,9
2025-09-16 18:00:00,14995,25.56,77.03,,,85.43,2025.0,9
2025-09-16 19:00:00,14996,24.73,79.0,,,57.53,2025.0,9
2025-09-16 20:00:00,14997,24.31,78.77,,,49.1,2025.0,9
2025-09-16 21:00:00,14998,24.26,78.77,,,49.4,2025.0,9
2025-09-16 22:00:00,14999,23.89,79.13,,,40.75,2025.0,9
2025-09-16 23:00:00,15000,23.65,80.47,,,37.72,2025.0,9
2025-09-17 00:00:00,15001,23.26,85.1,,,48.51,2025.0,9
2025-09-17 01:00:00,15002,23.26,84.13,,,45.74,2025.0,9
2025-09-17 02:00:00,15003,22.62,84.57,,,45.25,2025.0,9
2025-09-17 03:00:00,15004,22.25,85.17,,,48.6,2025.0,9
2025-09-17 04:00:00,15005,22.17,85.38,,,47.13,2025.0,9
2025-09-17 05:00:00,15006,22.18,86.17,,,52.04,2025.0,9
2025-09-17 06:00:00,15007,24.52,79.87,,,59.27,2025.0,9
2025-09-17 07:00:00,15008,28.73,67.0,,,75.03,2025.0,9
2025-09-17 08:00:00,15009,30.53,61.17,,,53.0,2025.0,9
2025-09-17 09:00:00,15010,32.24,56.53,,,35.87,2025.0,9
2025-09-17 10:00:00,15011,34.77,50.33,,,31.97,2025.0,9
2025-09-17 11:00:00,15012,35.18,47.8,,,28.57,2025.0,9
2025-09-17 12:00:00,15013,34.21,48.73,,,28.3,2025.0,9
2025-09-17 13:00:00,15014,33.99,50.47,,,32.53,2025.0,9
2025-09-17 14:00:00,15015,31.99,55.57,,,40.37,2025.0,9
2025-09-17 15:00:00,15016,27.87,67.8,,,47.6,2025.0,9
2025-09-17 16:00:00,15017,25.79,77.2,,,46.36,2025.0,9
2025-09-17 17:00:00,15018,23.96,81.9,,,27.07,2025.0,9
2025-09-17 18:00:00,15019,23.67,84.83,,,28.85,2025.0,9
2025-09-17 19:00:00,15020,23.17,85.97,,,26.71,2025.0,9
2025-09-17 20:00:00,15021,22.74,90.47,,,31.0,2025.0,9
2025-09-17 21:00:00,15022,22.64,90.87,,,29.64,2025.0,9
2025-09-17 22:00:00,15023,22.68,90.93,,,31.94,2025.0,9
2025-09-17 23:00:00,15024,22.62,91.0,,,32.92,2025.0,9
2025-09-18 00:00:00,15025,22.59,90.93,,,29.99,2025.0,9
2025-09-18 01:00:00,15026,22.77,91.0,,,34.33,2025.0,9
2025-09-18 02:00:00,15027,22.88,91.0,,,43.08,2025.0,9
2025-09-18 03:00:00,15028,22.76,91.0,,,43.93,2025.0,9
2025-09-18 04:00:00,15029,22.74,91.0,,,42.1,2025.0,9
2025-09-18 05:00:00,15030,22.83,90.63,,,43.13,2025.0,9
2025-09-18 06:00:00,15031,24.66,84.8,,,42.52,2025.0,9
2025-09-18 07:00:00,15032,25.45,79.63,,,41.74,2025.0,9
2025-09-18 08:00:00,15033,27.69,73.13,,,55.61,2025.0,9
2025-09-18 09:00:00,15034,34.61,54.9,,,44.73,2025.0,9
2025-09-18 10:00:00,15035,37.35,46.7,,,42.3,2025.0,9
2025-09-18 11:00:00,15036,37.11,43.97,,,25.4,2025.0,9
2025-09-18 12:00:00,15037,33.25,51.17,,,27.9,2025.0,9
2025-09-18 13:00:00,15038,31.25,56.97,,,32.83,2025.0,9
2025-09-18 14:00:00,15039,30.84,56.73,,,33.03,2025.0,9
2025-09-18 15:00:00,15040,30.02,60.73,,,42.03,2025.0,9
2025-09-18 16:00:00,15041,27.86,68.3,,,47.03,2025.0,9
2025-09-18 17:00:00,15042,26.53,72.63,,,48.67,2025.0,9
2025-09-18 18:00:00,15043,25.72,74.9,,,47.7,2025.0,9
2025-09-18 19:00:00,15044,25.16,76.1,,,46.63,2025.0,9
2025-09-18 20:00:00,15045,24.54,77.5,,,36.63,2025.0,9
2025-09-18 21:00:00,15046,23.87,79.4,,,29.41,2025.0,9
2025-09-18 22:00:00,15047,23.31,81.93,,,20.64,2025.0,9
2025-09-18 23:00:00,15048,23.06,82.17,,,25.91,2025.0,9
2025-09-19 00:00:00,15049,22.82,84.57,,,49.98,2025.0,9
2025-09-19 01:00:00,15050,22.61,86.24,,,50.16,2025.0,9
2025-09-19 02:00:00,15051,22.39,86.47,,,53.42,2025.0,9
2025-09-19 03:00:00,15052,21.97,87.93,,,65.08,2025.0,9
2025-09-19 04:00:00,15053,21.94,87.87,,,59.38,2025.0,9
2025-09-19 05:00:00,15054,21.76,87.67,,,58.11,2025.0,9
2025-09-19 06:00:00,15055,23.34,83.97,,,68.08,2025.0,9
2025-09-19 07:00:00,15056,29.98,65.57,,,,2025.0,9
2025-09-19 08:00:00,15057,31.92,58.5,,,46.43,2025.0,9
2025-09-19 09:00:00,15058,31.6,57.97,,,33.8,2025.0,9
2025-09-19 10:00:00,15059,33.04,53.43,,,34.2,2025.0,9
2025-09-19 11:00:00,15060,35.54,48.7,,,34.57,2025.0,9
2025-09-19 12:00:00,15061,33.77,50.03,,,26.0,2025.0,9
2025-09-19 13:00:00,15062,32.2,54.6,,,35.13,2025.0,9
2025-09-19 14:00:00,15063,31.15,61.97,,,52.6,2025.0,9
2025-09-19 15:00:00,15064,28.47,71.38,,,47.72,2025.0,9
2025-09-19 16:00:00,15065,24.31,86.5,,,39.6,2025.0,9
2025-09-19 17:00:00,15066,24.77,85.37,,,46.5,2025.0,9
2025-09-19 18:00:00,15067,24.39,86.5,,,50.43,2025.0,9
2025-09-19 19:00:00,15068,24.47,85.97,,,55.68,2025.0,9
2025-09-19 20:00:00,15069,23.8,85.17,,,37.92,2025.0,9
2025-09-19 21:00:00,15070,24.09,82.6,,,35.55,2025.0,9
2025-09-19 22:00:00,15071,24.12,82.87,,,33.05,2025.0,9
2025-09-19 23:00:00,15072,23.57,85.03,,,36.16,2025.0,9
2025-09-20 00:00:00,15073,22.8,88.5,,,46.03,2025.0,9
2025-09-20 01:00:00,15074,22.6,87.63,,,39.28,2025.0,9
2025-09-20 02:00:00,15075,22.34,87.57,,,42.48,2025.0,9
2025-09-20 03:00:00,15076,22.45,87.03,,,35.4,2025.0,9
2025-09-20 04:00:00,15077,22.23,87.37,,,35.33,2025.0,9
2025-09-20 05:00:00,15078,22.05,87.17,,,29.17,2025.0,9
2025-09-20 06:00:00,15079,24.5,81.53,,,44.77,2025.0,9
2025-09-20 07:00:00,15080,29.77,67.27,,,61.8,2025.0,9
2025-09-20 08:00:00,15081,33.29,56.53,,,55.43,2025.0,9
2025-09-20 09:00:00,15082,31.08,59.03,,,42.4,2025.0,9
2025-09-20 10:00:00,15083,30.37,59.4,,,40.57,2025.0,9
2025-09-20 11:00:00,15084,29.58,60.47,,,33.37,2025.0,9
2025-09-20 12:00:00,15085,28.93,63.6,,,38.87,2025.0,9
2025-09-20 13:00:00,15086,28.69,61.97,,,37.33,2025.0,9
2025-09-20 14:00:00,15087,29.37,60.8,,,38.1,2025.0,9
2025-09-20 15:00:00,15088,27.02,68.63,,,39.43,2025.0,9
2025-09-20 16:00:00,15089,27.1,65.6,,,36.97,2025.0,9
2025-09-20 17:00:00,15090,26.44,69.43,,,41.97,2025.0,9
2025-09-20 18:00:00,15091,25.54,73.47,,,45.93,2025.0,9
2025-09-20 19:00:00,15092,24.74,75.87,,,56.23,2025.0,9
2025-09-20 20:00:00,15093,24.0,79.53,,,52.37,2025.0,9
2025-09-20 21:00:00,15094,23.55,82.7,,,60.48,2025.0,9
2025-09-20 22:00:00,15095,23.2,84.0,,,67.51,2025.0,9
2025-09-20 23:00:00,15096,22.94,84.4,,,61.44,2025.0,9
2025-09-21 00:00:00,15097,22.65,85.3,,,63.92,2025.0,9
2025-09-21 01:00:00,15098,22.52,86.5,,,72.81,2025.0,9
2025-09-21 02:00:00,15099,22.24,86.8,,,77.61,2025.0,9
2025-09-21 03:00:00,15100,21.77,87.0,,,82.68,2025.0,9
2025-09-21 04:00:00,15101,21.4,88.07,,,76.0,2025.0,9
2025-09-21 05:00:00,15102,21.32,87.8,,,67.74,2025.0,9
2025-09-21 06:00:00,15103,25.88,75.17,,,71.57,2025.0,9
2025-09-21 07:00:00,15104,32.47,56.4,,,52.23,2025.0,9
2025-09-21 08:00:00,15105,32.48,55.8,,,44.47,2025.0,9
2025-09-21 09:00:00,15106,32.88,52.23,,,32.63,2025.0,9
2025-09-21 10:00:00,15107,33.2,50.33,,,30.17,2025.0,9
2025-09-21 11:00:00,15108,34.01,48.77,,,30.23,2025.0,9
2025-09-21 12:00:00,15109,33.39,51.13,,,35.63,2025.0,9
2025-09-21 13:00:00,15110,33.47,52.63,,,37.73,2025.0,9
2025-09-21 14:00:00,15111,35.92,46.97,,,30.7,2025.0,9
2025-09-21 15:00:00,15112,35.24,49.47,,,37.93,2025.0,9
2025-09-21 16:00:00,15113,33.19,54.13,,,42.43,2025.0,9
2025-09-21 17:00:00,15114,30.46,61.67,,,48.13,2025.0,9
2025-09-21 18:00:00,15115,27.75,70.47,,,52.8,2025.0,9
2025-09-21 19:00:00,15116,26.93,74.97,,,56.63,2025.0,9
2025-09-21 20:00:00,15117,26.7,76.8,,,64.9,2025.0,9
2025-09-21 21:00:00,15118,25.69,80.93,,,51.25,2025.0,9
2025-09-21 22:00:00,15119,25.44,82.33,,,49.45,2025.0,9
2025-09-21 23:00:00,15120,25.22,82.73,,,55.25,2025.0,9
2025-09-22 00:00:00,15121,24.97,83.3,,,59.52,2025.0,9
2025-09-22 01:00:00,15122,24.7,82.73,,,59.52,2025.0,9
2025-09-22 02:00:00,15123,24.14,85.0,,,54.14,2025.0,9
2025-09-22 03:00:00,15124,24.05,84.83,,,57.15,2025.0,9
2025-09-22 04:00:00,15125,23.68,83.77,,,43.62,2025.0,9
2025-09-22 05:00:00,15126,23.46,83.27,,,28.41,2025.0,9
2025-09-22 06:00:00,15127,26.86,73.53,,,44.4,2025.0,9
2025-09-22 07:00:00,15128,29.4,65.67,,,33.77,2025.0,9
2025-09-22 08:00:00,15129,30.01,62.67,,,27.07,2025.0,9
2025-09-22 09:00:00,15130,31.89,56.73,,,29.2,2025.0,9
2025-09-22 10:00:00,15131,32.37,55.1,,,31.17,2025.0,9
2025-09-22 11:00:00,15132,33.21,52.03,,,33.33,2025.0,9
2025-09-22 12:00:00,15133,34.27,49.0,,,32.67,2025.0,9
2025-09-22 13:00:00,15134,35.2,45.63,,,32.67,2025.0,9
2025-09-22 14:00:00,15135,37.34,40.03,,,29.5,2025.0,9
2025-09-22 15:00:00,15136,36.84,44.13,,,37.13,2025.0,9
2025-09-22 16:00:00,15137,33.64,50.5,,,36.8,2025.0,9
2025-09-22 17:00:00,15138,29.6,56.93,,,36.27,2025.0,9
2025-09-22 18:00:00,15139,28.29,62.7,,,54.07,2025.0,9
2025-09-22 19:00:00,15140,27.15,66.37,,,,2025.0,9
2025-09-22 20:00:00,15141,26.06,72.57,,,,2025.0,9
2025-09-22 21:00:00,15142,25.31,77.0,,,,2025.0,9
2025-09-22 22:00:00,15143,24.95,76.97,,,83.13,2025.0,9
2025-09-22 23:00:00,15144,24.37,76.37,,,58.3,2025.0,9
2025-09-23 00:00:00,15145,23.99,78.7,,,,2025.0,9
2025-09-23 01:00:00,15146,23.29,76.1,,,85.67,2025.0,9
2025-09-23 02:00:00,15147,22.52,77.1,,,86.53,2025.0,9
2025-09-23 03:00:00,15148,22.13,77.93,,,79.07,2025.0,9
2025-09-23 04:00:00,15149,21.94,78.77,,,71.59,2025.0,9
2025-09-23 05:00:00,15150,21.55,78.2,,,68.79,2025.0,9
2025-09-23 06:00:00,15151,23.92,73.53,,,70.5,2025.0,9
2025-09-23 07:00:00,15152,30.65,57.63,,,66.9,2025.0,9
2025-09-23 08:00:00,15153,34.71,49.67,,,70.6,2025.0,9
2025-09-23 09:00:00,15154,33.15,51.37,,,45.43,2025.0,9
2025-09-23 10:00:00,15155,33.18,49.0,,,46.67,2025.0,9
2025-09-23 11:00:00,15156,34.23,41.73,,,35.37,2025.0,9
2025-09-23 12:00:00,15157,35.12,33.97,,,16.17,2025.0,9
2025-09-23 13:00:00,15158,35.57,34.8,,,21.97,2025.0,9
2025-09-23 14:00:00,15159,36.54,36.13,,,28.43,2025.0,9
2025-09-23 15:00:00,15160,36.21,38.2,,,33.93,2025.0,9
2025-09-23 16:00:00,15161,34.12,42.67,,,40.73,2025.0,9
2025-09-23 17:00:00,15162,31.25,56.27,,,63.13,2025.0,9
2025-09-23 18:00:00,15163,28.04,67.56,,,59.0,2025.0,9
2025-09-23 19:00:00,15164,26.31,67.97,,,44.53,2025.0,9
2025-09-23 20:00:00,15165,25.91,75.83,,,60.47,2025.0,9
2025-09-23 21:00:00,15166,25.63,77.23,,,66.0,2025.0,9
2025-09-23 22:00:00,15167,24.78,78.57,,,61.37,2025.0,9
2025-09-23 23:00:00,15168,24.5,79.33,,,62.98,2025.0,9
2025-09-24 00:00:00,15169,23.97,81.4,,,52.33,2025.0,9
2025-09-24 01:00:00,15170,23.43,84.47,,,65.41,2025.0,9
2025-09-24 02:00:00,15171,23.21,85.97,,,80.56,2025.0,9
2025-09-24 03:00:00,15172,22.87,86.0,,,76.78,2025.0,9
2025-09-24 04:00:00,15173,22.26,83.1,,,70.82,2025.0,9
2025-09-24 05:00:00,15174,21.96,80.93,,,49.58,2025.0,9
2025-09-24 06:00:00,15175,24.29,74.93,,,85.1,2025.0,9
2025-09-24 07:00:00,15176,31.02,56.2,,,58.03,2025.0,9
2025-09-24 08:00:00,15177,33.84,50.53,,,57.27,2025.0,9
2025-09-24 09:00:00,15178,34.17,49.73,,,59.1,2025.0,9
2025-09-24 10:00:00,15179,36.56,44.57,,,56.83,2025.0,9
2025-09-24 11:00:00,15180,39.32,35.67,,,43.7,2025.0,9
2025-09-24 12:00:00,15181,39.32,31.6,,,32.4,2025.0,9
2025-09-24 13:00:00,15182,38.18,34.83,,,40.93,2025.0,9
2025-09-24 14:00:00,15183,30.6,53.5,,,42.37,2025.0,9
2025-09-24 15:00:00,15184,25.42,67.9,,,41.23,2025.0,9
2025-09-24 16:00:00,15185,27.23,68.43,,,67.87,2025.0,9
2025-09-24 17:00:00,15186,25.75,74.73,,,71.27,2025.0,9
2025-09-24 18:00:00,15187,24.77,71.73,,,56.6,2025.0,9
2025-09-24 19:00:00,15188,24.16,78.27,,,61.02,2025.0,9
2025-09-24 20:00:00,15189,24.14,79.73,,,56.07,2025.0,9
2025-09-24 21:00:00,15190,24.39,78.57,,,70.53,2025.0,9
2025-09-24 22:00:00,15191,24.2,79.0,,,74.3,2025.0,9
2025-09-24 23:00:00,15192,24.03,79.9,,,70.86,2025.0,9
2025-09-25 00:00:00,15193,23.56,82.5,,,63.11,2025.0,9
2025-09-25 01:00:00,15194,23.22,84.07,,,56.37,2025.0,9
2025-09-25 02:00:00,15195,22.89,85.77,,,78.43,2025.0,9
2025-09-25 03:00:00,15196,22.56,86.93,,,78.21,2025.0,9
2025-09-25 04:00:00,15197,22.24,87.0,,,75.75,2025.0,9
2025-09-25 05:00:00,15198,21.94,87.7,,,70.77,2025.0,9
2025-09-25 06:00:00,15199,24.27,81.87,,,,2025.0,9
2025-09-25 07:00:00,15200,30.11,64.47,,,,2025.0,9
2025-09-25 08:00:00,15201,34.46,53.33,,,76.2,2025.0,9
2025-09-25 09:00:00,15202,34.12,53.23,,,69.03,2025.0,9
2025-09-25 10:00:00,15203,35.75,49.13,,,71.0,2025.0,9
2025-09-25 11:00:00,15204,35.61,45.77,,,63.67,2025.0,9
2025-09-25 12:00:00,15205,35.12,45.87,,,58.43,2025.0,9
2025-09-25 13:00:00,15206,27.82,69.17,,,65.88,2025.0,9
2025-09-25 14:00:00,15207,27.87,72.37,,,56.43,2025.0,9
2025-09-25 15:00:00,15208,30.21,63.2,,,60.27,2025.0,9
2025-09-25 16:00:00,15209,32.89,56.4,,,61.3,2025.0,9
2025-09-25 17:00:00,15210,28.3,66.63,,,61.3,2025.0,9
2025-09-25 18:00:00,15211,26.1,73.9,,,64.9,2025.0,9
2025-09-25 19:00:00,15212,25.57,76.97,,,75.0,2025.0,9
2025-09-25 20:00:00,15213,25.37,78.53,,,68.4,2025.0,9
2025-09-25 21:00:00,15214,24.82,81.63,,,54.83,2025.0,9
2025-09-25 22:00:00,15215,23.51,84.9,,,45.94,2025.0,9
2025-09-25 23:00:00,15216,21.2,90.47,,,32.85,2025.0,9
2025-09-26 00:00:00,15217,21.33,91.53,,,31.18,2025.0,9
2025-09-26 01:00:00,15218,21.33,91.2,,,29.26,2025.0,9
2025-09-26 02:00:00,15219,21.42,91.13,,,28.3,2025.0,9
2025-09-26 03:00:00,15220,21.42,89.73,,,21.8,2025.0,9
2025-09-26 04:00:00,15221,21.56,90.6,,,28.81,2025.0,9
2025-09-26 05:00:00,15222,21.63,90.63,,,35.06,2025.0,9
2025-09-26 06:00:00,15223,23.15,87.37,,,41.9,2025.0,9
2025-09-26 07:00:00,15224,30.19,67.83,,,67.83,2025.0,9
2025-09-26 08:00:00,15225,32.34,60.4,,,57.83,2025.0,9
2025-09-26 09:00:00,15226,34.72,50.9,,,43.47,2025.0,9
2025-09-26 10:00:00,15227,37.61,44.03,,,39.3,2025.0,9
2025-09-26 11:00:00,15228,36.7,42.13,,,36.63,2025.0,9
2025-09-26 12:00:00,15229,36.12,44.13,,,43.43,2025.0,9
2025-09-26 13:00:00,15230,35.31,45.07,,,43.73,2025.0,9
2025-09-26 14:00:00,15231,33.37,49.33,,,47.8,2025.0,9
2025-09-26 15:00:00,15232,29.59,60.9,,,49.77,2025.0,9
2025-09-26 16:00:00,15233,27.5,70.43,,,56.93,2025.0,9
2025-09-26 17:00:00,15234,24.95,81.13,,,43.3,2025.0,9
2025-09-26 18:00:00,15235,25.19,80.2,,,46.22,2025.0,9
2025-09-26 19:00:00,15236,25.05,82.43,,,58.94,2025.0,9
2025-09-26 20:00:00,15237,24.85,82.23,,,70.08,2025.0,9
2025-09-26 21:00:00,15238,24.82,83.1,,,77.25,2025.0,9
2025-09-26 22:00:00,15239,24.61,84.73,,,62.24,2025.0,9
2025-09-26 23:00:00,15240,24.42,85.47,,,62.56,2025.0,9
2025-09-27 00:00:00,15241,24.18,85.63,,,59.25,2025.0,9
2025-09-27 01:00:00,15242,23.89,86.67,,,64.5,2025.0,9
2025-09-27 02:00:00,15243,23.96,86.1,,,72.47,2025.0,9
2025-09-27 03:00:00,15244,23.5,86.33,,,69.55,2025.0,9
2025-09-27 04:00:00,15245,22.73,86.63,,,55.79,2025.0,9
2025-09-27 05:00:00,15246,22.14,88.37,,,67.54,2025.0,9
2025-09-27 06:00:00,15247,24.27,81.13,,,75.77,2025.0,9
2025-09-27 07:00:00,15248,28.14,68.6,,,61.27,2025.0,9
2025-09-27 08:00:00,15249,32.61,56.7,,,47.4,2025.0,9
2025-09-27 09:00:00,15250,32.08,54.6,,,42.23,2025.0,9
2025-09-27 10:00:00,15251,32.57,54.3,,,45.7,2025.0,9
2025-09-27 11:00:00,15252,32.93,54.2,,,48.53,2025.0,9
2025-09-27 12:00:00,15253,33.97,51.83,,,44.33,2025.0,9
2025-09-27 13:00:00,15254,33.07,53.5,,,41.97,2025.0,9
2025-09-27 14:00:00,15255,33.99,52.9,,,47.93,2025.0,9
2025-09-27 15:00:00,15256,36.08,48.33,,,46.37,2025.0,9
2025-09-27 16:00:00,15257,32.96,55.17,,,48.67,2025.0,9
2025-09-27 17:00:00,15258,29.16,66.55,,,61.3,2025.0,9
2025-09-27 18:00:00,15259,26.45,75.97,,,45.81,2025.0,9
2025-09-27 19:00:00,15260,25.36,79.2,,,42.51,2025.0,9
2025-09-27 20:00:00,15261,25.14,77.13,,,42.63,2025.0,9
2025-09-27 21:00:00,15262,25.34,74.57,,,36.33,2025.0,9
2025-09-27 22:00:00,15263,25.32,77.6,,,55.97,2025.0,9
2025-09-27 23:00:00,15264,24.84,74.3,,,28.27,2025.0,9
2025-09-28 00:00:00,15265,23.92,80.67,,,28.93,2025.0,9
2025-09-28 01:00:00,15266,23.8,80.77,,,25.97,2025.0,9
2025-09-28 02:00:00,15267,23.5,83.77,,,35.8,2025.0,9
2025-09-28 03:00:00,15268,23.34,85.63,,,44.04,2025.0,9
2025-09-28 04:00:00,15269,23.14,86.5,,,56.79,2025.0,9
2025-09-28 05:00:00,15270,22.93,86.57,,,57.49,2025.0,9
2025-09-28 06:00:00,15271,24.31,82.17,,,62.88,2025.0,9
2025-09-28 07:00:00,15272,26.44,76.3,,,90.03,2025.0,9
2025-09-28 08:00:00,15273,29.88,64.43,,,47.07,2025.0,9
2025-09-28 09:00:00,15274,32.36,56.53,,,36.3,2025.0,9
2025-09-28 10:00:00,15275,33.52,53.37,,,37.8,2025.0,9
2025-09-28 11:00:00,15276,33.67,52.03,,,37.37,2025.0,9
2025-09-28 12:00:00,15277,33.83,51.13,,,34.07,2025.0,9
2025-09-28 13:00:00,15278,33.99,48.77,,,26.63,2025.0,9
2025-09-28 14:00:00,15279,34.68,46.6,,,28.0,2025.0,9
2025-09-28 15:00:00,15280,34.85,45.97,,,26.8,2025.0,9
2025-09-28 16:00:00,15281,32.52,49.57,,,26.83,2025.0,9
2025-09-28 17:00:00,15282,29.37,56.53,,,29.63,2025.0,9
2025-09-28 18:00:00,15283,27.98,59.9,,,35.7,2025.0,9
2025-09-28 19:00:00,15284,26.84,64.33,,,64.53,2025.0,9
2025-09-28 20:00:00,15285,25.99,67.83,,,47.73,2025.0,9
2025-09-28 21:00:00,15286,25.13,72.8,,,60.63,2025.0,9
2025-09-28 22:00:00,15287,24.65,74.8,,,,2025.0,9
2025-09-28 23:00:00,15288,24.51,76.38,,,91.93,2025.0,9
2025-09-29 00:00:00,15289,23.81,78.83,,,84.91,2025.0,9
2025-09-29 01:00:00,15290,23.47,80.7,,,49.89,2025.0,9
2025-09-29 02:00:00,15291,23.07,82.57,,,55.99,2025.0,9
2025-09-29 03:00:00,15292,22.59,83.83,,,65.01,2025.0,9
2025-09-29 04:00:00,15293,22.37,84.1,,,66.55,2025.0,9
2025-09-29 05:00:00,15294,22.11,84.77,,,52.95,2025.0,9
2025-09-29 06:00:00,15295,25.18,76.33,,,72.89,2025.0,9
2025-09-29 07:00:00,15296,31.87,58.77,,,74.37,2025.0,9
2025-09-29 08:00:00,15297,36.01,49.27,,,60.93,2025.0,9
2025-09-29 09:00:00,15298,37.03,45.8,,,43.33,2025.0,9
2025-09-29 10:00:00,15299,35.88,44.8,,,31.93,2025.0,9
2025-09-29 11:00:00,15300,35.16,44.57,,,36.43,2025.0,9
2025-09-29 12:00:00,15301,35.62,45.07,,,39.17,2025.0,9
2025-09-29 13:00:00,15302,32.09,52.8,,,41.03,2025.0,9
2025-09-29 14:00:00,15303,28.89,59.1,,,41.97,2025.0,9
2025-09-29 15:00:00,15304,28.36,64.83,,,61.0,2025.0,9
2025-09-29 16:00:00,15305,27.58,68.27,,,55.57,2025.0,9
2025-09-29 17:00:00,15306,26.76,70.63,,,62.03,2025.0,9
2025-09-29 18:00:00,15307,25.2,77.8,,,54.93,2025.0,9
2025-09-29 19:00:00,15308,25.0,78.2,,,58.97,2025.0,9
2025-09-29 20:00:00,15309,23.07,84.7,,,29.27,2025.0,9
2025-09-29 21:00:00,15310,22.31,90.13,,,29.26,2025.0,9
2025-09-29 22:00:00,15311,22.75,88.8,,,30.37,2025.0,9
2025-09-29 23:00:00,15312,22.8,88.87,,,39.2,2025.0,9
2025-09-30 00:00:00,15313,22.86,87.57,,,34.55,2025.0,9
2025-09-30 01:00:00,15314,22.89,86.47,,,30.06,2025.0,9
2025-09-30 02:00:00,15315,22.95,87.97,,,42.28,2025.0,9
2025-09-30 03:00:00,15316,22.9,87.27,,,38.19,2025.0,9
2025-09-30 04:00:00,15317,22.75,87.53,,,38.97,2025.0,9
2025-09-30 05:00:00,15318,22.66,88.03,,,42.39,2025.0,9
2025-09-30 06:00:00,15319,24.18,82.7,,,39.7,2025.0,9
2025-09-30 07:00:00,15320,30.97,63.53,,,43.43,2025.0,9
2025-09-30 08:00:00,15321,31.6,58.5,,,39.3,2025.0,9
2025-09-30 09:00:00,15322,29.39,64.1,,,36.8,2025.0,9
2025-09-30 10:00:00,15323,32.38,55.9,,,30.5,2025.0,9
2025-09-30 11:00:00,15324,33.84,50.93,,,27.73,2025.0,9
2025-09-30 12:00:00,15325,34.92,46.32,,,24.28,2025.0,9
2025-09-30 13:00:00,15326,34.9,47.45,,,28.28,2025.0,9
2025-09-30 14:00:00,15327,31.46,57.68,,,41.79,2025.0,9
2025-09-30 15:00:00,15328,24.59,78.69,,,35.24,2025.0,9
2025-09-30 16:00:00,15329,22.67,88.53,,,27.36,2025.0,9
2025-09-30 17:00:00,15330,23.04,89.6,,,31.45,2025.0,9
2025-09-30 18:00:00,15331,22.99,89.9,,,32.87,2025.0,9
2025-09-30 19:00:00,15332,22.83,89.97,,,34.42,2025.0,9
2025-09-30 20:00:00,15333,22.63,90.87,,,36.81,2025.0,9
2025-09-30 21:00:00,15334,22.72,90.97,,,46.14,2025.0,9
2025-09-30 22:00:00,15335,22.55,90.3,,,41.38,2025.0,9
2025-09-30 23:00:00,15336,22.19,90.4,,,35.38,2025.0,9
2025-10-01 00:00:00,15337,22.05,90.67,,,36.89,2025.0,10
2025-10-01 01:00:00,15338,21.81,90.27,,,41.45,2025.0,10
2025-10-01 02:00:00,15339,21.48,88.63,,,32.38,2025.0,10
2025-10-01 03:00:00,15340,21.05,88.83,,,39.98,2025.0,10
2025-10-01 04:00:00,15341,21.1,89.13,,,35.73,2025.0,10
2025-10-01 05:00:00,15342,21.11,90.57,,,39.28,2025.0,10
2025-10-01 06:00:00,15343,22.77,87.17,,,49.71,2025.0,10
2025-10-01 07:00:00,15344,30.14,67.17,,,65.43,2025.0,10
2025-10-01 08:00:00,15345,34.56,54.4,,,52.97,2025.0,10
2025-10-01 09:00:00,15346,30.97,58.57,,,23.73,2025.0,10
2025-10-01 10:00:00,15347,31.17,57.37,,,11.8,2025.0,10
2025-10-01 11:00:00,15348,32.09,55.7,,,17.53,2025.0,10
2025-10-01 12:00:00,15349,32.02,56.13,,,30.07,2025.0,10
2025-10-01 13:00:00,15350,31.97,55.63,,,20.8,2025.0,10
2025-10-01 14:00:00,15351,30.72,58.63,,,26.8,2025.0,10
2025-10-01 15:00:00,15352,32.69,57.97,,,48.7,2025.0,10
2025-10-01 16:00:00,15353,31.42,60.37,,,46.23,2025.0,10
2025-10-01 17:00:00,15354,27.83,70.27,,,48.5,2025.0,10
2025-10-01 18:00:00,15355,26.76,76.17,,,50.33,2025.0,10
2025-10-01 19:00:00,15356,26.09,77.1,,,40.7,2025.0,10
2025-10-01 20:00:00,15357,24.74,78.27,,,37.29,2025.0,10
2025-10-01 21:00:00,15358,24.23,79.33,,,39.99,2025.0,10
2025-10-01 22:00:00,15359,23.61,81.77,,,34.53,2025.0,10
2025-10-01 23:00:00,15360,23.07,84.7,,,37.23,2025.0,10
2025-10-02 00:00:00,15361,22.91,84.87,,,37.5,2025.0,10
2025-10-02 01:00:00,15362,22.67,85.47,,,35.69,2025.0,10
2025-10-02 02:00:00,15363,22.57,86.07,,,41.32,2025.0,10
2025-10-02 03:00:00,15364,22.31,86.4,,,36.11,2025.0,10
2025-10-02 04:00:00,15365,22.3,86.63,,,54.58,2025.0,10
2025-10-02 05:00:00,15366,22.05,87.93,,,47.12,2025.0,10
2025-10-02 06:00:00,15367,24.75,81.03,,,,2025.0,10
2025-10-02 07:00:00,15368,33.05,58.33,,,67.9,2025.0,10
2025-10-02 08:00:00,15369,31.92,58.8,,,27.7,2025.0,10
2025-10-02 09:00:00,15370,30.26,61.77,,,16.33,2025.0,10
2025-10-02 10:00:00,15371,31.02,59.27,,,28.43,2025.0,10
2025-10-02 11:00:00,15372,30.03,61.9,,,19.6,2025.0,10
2025-10-02 12:00:00,15373,29.21,66.53,,,34.8,2025.0,10
2025-10-02 13:00:00,15374,24.89,80.18,,,32.2,2025.0,10
2025-10-02 14:00:00,15375,23.2,88.8,,,23.56,2025.0,10
2025-10-02 15:00:00,15376,23.85,85.77,,,25.64,2025.0,10
2025-10-02 16:00:00,15377,23.78,85.93,,,27.31,2025.0,10
2025-10-02 17:00:00,15378,23.65,85.83,,,21.57,2025.0,10
2025-10-02 18:00:00,15379,23.23,87.27,,,27.6,2025.0,10
2025-10-02 19:00:00,15380,23.06,88.4,,,35.09,2025.0,10
2025-10-02 20:00:00,15381,23.01,89.47,,,44.91,2025.0,10
2025-10-02 21:00:00,15382,22.68,90.63,,,51.08,2025.0,10
2025-10-02 22:00:00,15383,22.58,90.77,,,67.36,2025.0,10
2025-10-02 23:00:00,15384,22.57,90.77,,,54.6,2025.0,10
2025-10-03 00:00:00,15385,22.54,90.0,,,44.58,2025.0,10
2025-10-03 01:00:00,15386,22.34,90.53,,,49.31,2025.0,10
2025-10-03 02:00:00,15387,22.37,91.0,,,48.91,2025.0,10
2025-10-03 03:00:00,15388,22.48,90.0,,,47.73,2025.0,10
2025-10-03 04:00:00,15389,22.23,89.93,,,42.03,2025.0,10
2025-10-03 05:00:00,15390,21.84,90.4,,,43.24,2025.0,10
2025-10-03 06:00:00,15391,21.93,90.2,,,55.5,2025.0,10
2025-10-03 07:00:00,15392,23.58,85.27,,,66.7,2025.0,10
2025-10-03 08:00:00,15393,27.65,73.77,,,90.47,2025.0,10
2025-10-03 15:00:00,15400,35.67,40.13,,,34.77,2025.0,10
2025-10-03 19:00:00,15404,26.14,76.6,,,,2025.0,10
2025-10-03 20:00:00,15405,25.12,78.1,,,,2025.0,10
2025-10-03 21:00:00,15406,24.49,77.8,,,,2025.0,10
2025-10-03 22:00:00,15407,23.93,81.57,,,,2025.0,10
2025-10-03 23:00:00,15408,23.43,84.27,,,,2025.0,10
2025-10-04 00:00:00,15409,22.88,86.17,,,,2025.0,10
2025-10-04 01:00:00,15410,22.49,85.2,,,,2025.0,10
2025-10-04 02:00:00,15411,22.03,86.9,,,,2025.0,10
2025-10-04 03:00:00,15412,21.57,87.47,,,87.59,2025.0,10
2025-10-04 04:00:00,15413,21.24,88.77,,,86.99,2025.0,10
2025-10-04 05:00:00,15414,20.94,90.0,,,91.75,2025.0,10
2025-10-04 06:00:00,15415,24.57,80.4,,,,2025.0,10
2025-10-04 07:00:00,15416,32.76,57.1,,,92.7,2025.0,10
2025-10-04 08:00:00,15417,33.03,53.5,,,63.27,2025.0,10
2025-10-04 09:00:00,15418,33.84,50.28,,,56.0,2025.0,10
2025-10-04 10:00:00,15419,34.83,45.77,,,43.8,2025.0,10
2025-10-04 11:00:00,15420,35.67,42.57,,,40.73,2025.0,10
2025-10-04 12:00:00,15421,37.47,37.3,,,37.8,2025.0,10
2025-10-04 13:00:00,15422,39.64,32.7,,,31.0,2025.0,10
2025-10-04 14:00:00,15423,40.92,34.03,,,38.57,2025.0,10
2025-10-04 15:00:00,15424,35.06,46.03,,,54.1,2025.0,10
2025-10-04 16:00:00,15425,35.52,44.77,,,55.13,2025.0,10
2025-10-04 17:00:00,15426,31.28,54.13,,,67.13,2025.0,10
2025-10-04 18:00:00,15427,28.99,62.17,,,82.3,2025.0,10
2025-10-04 19:00:00,15428,27.09,69.87,,,74.57,2025.0,10
2025-10-04 20:00:00,15429,25.94,73.6,,,81.37,2025.0,10
2025-10-04 21:00:00,15430,25.45,75.4,,,88.47,2025.0,10
2025-10-04 22:00:00,15431,24.74,77.83,,,,2025.0,10
2025-10-04 23:00:00,15432,23.99,79.1,,,,2025.0,10
2025-10-05 00:00:00,15433,23.48,77.67,,,,2025.0,10
2025-10-05 01:00:00,15434,22.91,79.43,,,,2025.0,10
2025-10-05 02:00:00,15435,22.5,81.07,,,,2025.0,10
2025-10-05 03:00:00,15436,21.96,78.4,,,88.79,2025.0,10
2025-10-05 04:00:00,15437,21.41,79.37,,,71.95,2025.0,10
2025-10-05 05:00:00,15438,21.02,83.27,,,75.29,2025.0,10
2025-10-05 06:00:00,15439,24.2,75.47,,,,2025.0,10
2025-10-05 07:00:00,15440,29.96,59.03,,,,2025.0,10
2025-10-05 08:00:00,15441,34.16,50.73,,,,2025.0,10
2025-10-05 09:00:00,15442,34.86,46.77,,,61.97,2025.0,10
2025-10-05 10:00:00,15443,34.77,44.83,,,45.73,2025.0,10
2025-10-05 11:00:00,15444,35.07,43.13,,,41.6,2025.0,10
2025-10-05 12:00:00,15445,37.51,37.4,,,36.9,2025.0,10
2025-10-05 13:00:00,15446,36.88,41.27,,,49.83,2025.0,10
2025-10-05 14:00:00,15447,32.16,53.57,,,57.2,2025.0,10
2025-10-05 15:00:00,15448,31.76,55.43,,,57.87,2025.0,10
2025-10-05 16:00:00,15449,30.46,57.03,,,59.3,2025.0,10
2025-10-05 17:00:00,15450,27.83,63.57,,,48.8,2025.0,10
2025-10-05 18:00:00,15451,25.85,69.63,,,57.17,2025.0,10
2025-10-05 19:00:00,15452,25.41,71.77,,,61.93,2025.0,10
2025-10-05 20:00:00,15453,24.94,75.07,,,74.6,2025.0,10
2025-10-05 21:00:00,15454,25.14,76.73,,,91.5,2025.0,10
2025-10-05 22:00:00,15455,24.72,75.67,,,,2025.0,10
2025-10-05 23:00:00,15456,23.97,77.13,,,,2025.0,10
2025-10-06 00:00:00,15457,23.38,80.9,,,73.44,2025.0,10
2025-10-06 01:00:00,15458,22.75,83.67,,,72.74,2025.0,10
2025-10-06 02:00:00,15459,22.44,84.23,,,84.78,2025.0,10
2025-10-06 03:00:00,15460,22.14,85.47,,,84.0,2025.0,10
2025-10-06 04:00:00,15461,21.66,86.23,,,67.83,2025.0,10
2025-10-06 05:00:00,15462,21.47,86.3,,,67.18,2025.0,10
2025-10-06 06:00:00,15463,23.79,80.37,,,,2025.0,10
2025-10-06 07:00:00,15464,28.4,67.8,,,,2025.0,10
2025-10-06 08:00:00,15465,31.35,58.7,,,75.63,2025.0,10
2025-10-06 09:00:00,15466,31.26,54.7,,,41.87,2025.0,10
2025-10-06 10:00:00,15467,32.16,51.37,,,42.13,2025.0,10
2025-10-06 11:00:00,15468,31.75,51.77,,,41.63,2025.0,10
2025-10-06 12:00:00,15469,33.2,48.77,,,41.4,2025.0,10
2025-10-06 13:00:00,15470,34.45,46.0,,,37.3,2025.0,10
2025-10-06 14:00:00,15471,36.17,42.37,,,33.97,2025.0,10
2025-10-06 15:00:00,15472,33.49,47.73,,,39.23,2025.0,10
2025-10-06 16:00:00,15473,33.06,49.67,,,42.5,2025.0,10
2025-10-06 17:00:00,15474,29.61,58.17,,,45.73,2025.0,10
2025-10-06 18:00:00,15475,27.11,66.7,,,50.83,2025.0,10
2025-10-06 19:00:00,15476,26.13,69.0,,,47.97,2025.0,10
2025-10-06 20:00:00,15477,25.48,74.03,,,58.37,2025.0,10
2025-10-06 21:00:00,15478,24.52,78.47,,,80.3,2025.0,10
2025-10-06 22:00:00,15479,24.15,80.0,,,61.98,2025.0,10
2025-10-06 23:00:00,15480,23.93,80.0,,,61.75,2025.0,10
2025-10-07 00:00:00,15481,24.1,79.73,,,67.23,2025.0,10
2025-10-07 01:00:00,15482,23.85,80.73,,,61.72,2025.0,10
2025-10-07 02:00:00,15483,23.34,82.93,,,54.11,2025.0,10
2025-10-07 03:00:00,15484,22.93,83.9,,,65.62,2025.0,10
2025-10-07 04:00:00,15485,22.62,85.0,,,76.18,2025.0,10
2025-10-07 05:00:00,15486,22.33,85.3,,,72.49,2025.0,10
2025-10-07 06:00:00,15487,24.61,79.37,,,,2025.0,10
2025-10-07 07:00:00,15488,32.49,58.37,,,,2025.0,10
2025-10-07 08:00:00,15489,34.2,51.97,,,61.87,2025.0,10
2025-10-07 09:00:00,15490,32.33,53.57,,,54.3,2025.0,10
2025-10-07 10:00:00,15491,34.29,45.5,,,40.9,2025.0,10
2025-10-07 11:00:00,15492,34.92,43.57,,,39.27,2025.0,10
2025-10-07 12:00:00,15493,35.3,42.6,,,41.13,2025.0,10
2025-10-07 13:00:00,15494,36.53,39.6,,,36.07,2025.0,10
2025-10-07 14:00:00,15495,35.46,41.73,,,40.37,2025.0,10
2025-10-07 15:00:00,15496,34.51,43.2,,,42.17,2025.0,10
2025-10-07 16:00:00,15497,31.77,49.1,,,45.7,2025.0,10
2025-10-07 17:00:00,15498,28.03,65.0,,,70.47,2025.0,10
2025-10-07 18:00:00,15499,26.17,68.37,,,82.63,2025.0,10
2025-10-07 19:00:00,15500,25.5,71.14,,,67.34,2025.0,10
2025-10-07 20:00:00,15501,25.32,72.73,,,71.57,2025.0,10
2025-10-07 21:00:00,15502,25.43,73.87,,,,2025.0,10
2025-10-07 22:00:00,15503,24.63,77.37,,,,2025.0,10
2025-10-07 23:00:00,15504,24.3,78.37,,,,2025.0,10
2025-10-08 00:00:00,15505,24.23,79.37,,,,2025.0,10
2025-10-08 01:00:00,15506,24.02,80.0,,,,2025.0,10
2025-10-08 02:00:00,15507,23.43,82.1,,,86.1,2025.0,10
2025-10-08 03:00:00,15508,22.85,83.53,,,84.02,2025.0,10
2025-10-08 04:00:00,15509,22.52,84.8,,,83.3,2025.0,10
2025-10-08 05:00:00,15510,22.17,85.97,,,86.45,2025.0,10
2025-10-08 06:00:00,15511,26.45,72.0,,,81.59,2025.0,10
2025-10-08 07:00:00,15512,32.74,55.87,,,68.53,2025.0,10
2025-10-08 08:00:00,15513,31.46,57.27,,,58.8,2025.0,10
2025-10-08 09:00:00,15514,33.67,49.4,,,42.93,2025.0,10
2025-10-08 10:00:00,15515,33.87,47.8,,,39.23,2025.0,10
2025-10-08 11:00:00,15516,34.16,46.57,,,36.13,2025.0,10
2025-10-08 12:00:00,15517,34.73,44.13,,,40.17,2025.0,10
2025-10-08 13:00:00,15518,34.11,44.43,,,41.57,2025.0,10
2025-10-08 14:00:00,15519,33.47,45.73,,,42.5,2025.0,10
2025-10-08 15:00:00,15520,32.5,51.5,,,43.17,2025.0,10
2025-10-08 16:00:00,15521,30.06,57.6,,,50.47,2025.0,10
2025-10-08 17:00:00,15522,27.03,67.77,,,63.97,2025.0,10
2025-10-08 18:00:00,15523,26.78,69.63,,,83.67,2025.0,10
2025-10-08 19:00:00,15524,26.3,72.5,,,74.3,2025.0,10
2025-10-08 20:00:00,15525,26.11,72.57,,,80.93,2025.0,10
2025-10-08 21:00:00,15526,25.0,71.3,,,58.67,2025.0,10
2025-10-08 22:00:00,15527,24.17,73.17,,,58.6,2025.0,10
2025-10-08 23:00:00,15528,23.04,80.8,,,60.98,2025.0,10
2025-10-09 00:00:00,15529,22.48,80.33,,,56.94,2025.0,10
2025-10-09 01:00:00,15530,21.96,81.63,,,63.25,2025.0,10
2025-10-09 02:00:00,15531,21.11,80.63,,,45.78,2025.0,10
2025-10-09 03:00:00,15532,20.74,80.53,,,40.06,2025.0,10
2025-10-09 04:00:00,15533,20.27,84.67,,,46.12,2025.0,10
2025-10-09 05:00:00,15534,19.97,84.6,,,60.21,2025.0,10
2025-10-09 06:00:00,15535,22.95,75.23,,,66.33,2025.0,10
2025-10-09 07:00:00,15536,31.93,53.57,,,64.67,2025.0,10
2025-10-09 08:00:00,15537,31.18,54.0,,,44.97,2025.0,10
2025-10-09 09:00:00,15538,31.79,51.37,,,38.73,2025.0,10
2025-10-09 10:00:00,15539,32.16,47.03,,,31.0,2025.0,10
2025-10-09 11:00:00,15540,34.79,42.73,,,37.87,2025.0,10
2025-10-09 12:00:00,15541,37.93,38.23,,,39.5,2025.0,10
2025-10-09 13:00:00,15542,35.56,45.5,,,47.03,2025.0,10
2025-10-09 14:00:00,15543,34.63,48.33,,,43.4,2025.0,10
2025-10-09 15:00:00,15544,25.26,72.63,,,33.5,2025.0,10
2025-10-09 16:00:00,15545,24.68,75.6,,,56.47,2025.0,10
2025-10-09 17:00:00,15546,24.64,77.57,,,63.6,2025.0,10
2025-10-09 18:00:00,15547,24.49,77.83,,,62.67,2025.0,10
2025-10-09 19:00:00,15548,24.43,78.9,,,,2025.0,10
2025-10-09 20:00:00,15549,23.68,80.87,,,44.71,2025.0,10
2025-10-09 21:00:00,15550,22.57,82.57,,,34.44,2025.0,10
2025-10-09 22:00:00,15551,22.58,84.17,,,39.49,2025.0,10
2025-10-09 23:00:00,15552,22.17,86.97,,,48.55,2025.0,10
2025-10-10 00:00:00,15553,21.92,88.33,,,43.33,2025.0,10
2025-10-10 01:00:00,15554,21.94,88.47,,,57.78,2025.0,10
2025-10-10 02:00:00,15555,21.86,88.8,,,66.73,2025.0,10
2025-10-10 03:00:00,15556,21.42,88.87,,,53.13,2025.0,10
2025-10-10 04:00:00,15557,21.11,89.13,,,54.96,2025.0,10
2025-10-10 05:00:00,15558,21.09,89.0,,,65.64,2025.0,10
2025-10-10 06:00:00,15559,25.93,75.57,,,59.79,2025.0,10
2025-10-10 07:00:00,15560,29.43,63.03,,,57.2,2025.0,10
2025-10-10 08:00:00,15561,31.63,56.2,,,46.53,2025.0,10
2025-10-10 09:00:00,15562,33.95,50.6,,,48.97,2025.0,10
2025-10-10 10:00:00,15563,33.87,48.13,,,42.53,2025.0,10
2025-10-10 11:00:00,15564,35.25,45.2,,,46.07,2025.0,10
2025-10-10 12:00:00,15565,34.86,44.87,,,45.57,2025.0,10
2025-10-10 13:00:00,15566,30.72,56.0,,,48.47,2025.0,10
2025-10-10 14:00:00,15567,28.79,62.3,,,53.93,2025.0,10
2025-10-10 15:00:00,15568,32.28,56.07,,,56.7,2025.0,10
2025-10-10 16:00:00,15569,30.28,59.37,,,52.7,2025.0,10
2025-10-10 17:00:00,15570,26.37,69.83,,,48.5,2025.0,10
2025-10-10 18:00:00,15571,25.22,76.69,,,64.41,2025.0,10
2025-10-10 19:00:00,15572,25.09,78.87,,,75.84,2025.0,10
2025-10-10 20:00:00,15573,24.63,81.07,,,64.3,2025.0,10
2025-10-10 21:00:00,15574,23.16,89.53,,,48.46,2025.0,10
2025-10-10 22:00:00,15575,23.33,88.67,,,37.45,2025.0,10
2025-10-10 23:00:00,15576,23.04,88.33,,,39.49,2025.0,10
2025-10-14 10:00:00,15659,34.12,50.34,,,31.79,2025.0,10
2025-10-14 11:00:00,15660,35.43,47.8,,,38.2,2025.0,10
2025-10-14 12:00:00,15661,35.3,48.33,,,32.2,2025.0,10
2025-10-14 13:00:00,15662,36.24,46.17,,,31.03,2025.0,10
2025-10-14 14:00:00,15663,38.01,42.87,,,31.7,2025.0,10
2025-10-14 15:00:00,15664,38.32,41.53,,,32.23,2025.0,10
2025-10-14 16:00:00,15665,35.33,46.77,,,36.07,2025.0,10
2025-10-14 17:00:00,15666,30.02,60.0,,,40.4,2025.0,10
2025-10-14 18:00:00,15667,27.68,65.27,,,89.87,2025.0,10
2025-10-14 19:00:00,15668,26.94,70.97,,,,2025.0,10
2025-10-14 20:00:00,15669,26.51,74.67,,,67.77,2025.0,10
2025-10-14 21:00:00,15670,26.06,76.3,,,84.53,2025.0,10
2025-10-14 22:00:00,15671,25.76,75.87,,,71.0,2025.0,10
2025-10-14 23:00:00,15672,25.34,76.5,,,65.87,2025.0,10
2025-10-15 00:00:00,15673,24.88,78.47,,,67.87,2025.0,10
2025-10-15 01:00:00,15674,24.4,79.47,,,58.79,2025.0,10
2025-10-15 02:00:00,15675,24.13,80.27,,,53.67,2025.0,10
2025-10-15 03:00:00,15676,23.65,81.73,,,54.87,2025.0,10
2025-10-15 04:00:00,15677,23.27,84.5,,,61.22,2025.0,10
2025-10-15 05:00:00,15678,23.15,84.53,,,56.91,2025.0,10
2025-10-15 06:00:00,15679,25.48,78.0,,,,2025.0,10
2025-10-15 07:00:00,15680,31.87,61.6,,,77.43,2025.0,10
2025-10-15 08:00:00,15681,34.49,53.63,,,55.87,2025.0,10
2025-10-15 09:00:00,15682,33.89,52.45,,,43.0,2025.0,10
2025-10-15 10:00:00,15683,34.35,49.17,,,42.13,2025.0,10
2025-10-15 11:00:00,15684,35.55,46.3,,,44.5,2025.0,10
2025-10-15 12:00:00,15685,37.59,42.97,,,44.97,2025.0,10
2025-10-15 13:00:00,15686,38.16,41.33,,,41.27,2025.0,10
2025-10-15 14:00:00,15687,38.75,40.4,,,40.97,2025.0,10
2025-10-15 15:00:00,15688,37.58,42.3,,,41.5,2025.0,10
2025-10-15 16:00:00,15689,35.34,47.5,,,45.0,2025.0,10
2025-10-15 17:00:00,15690,29.67,57.53,,,43.87,2025.0,10
2025-10-15 18:00:00,15691,27.81,64.17,,,47.37,2025.0,10
2025-10-15 19:00:00,15692,26.41,71.03,,,56.8,2025.0,10
2025-10-15 20:00:00,15693,26.16,73.03,,,52.27,2025.0,10
2025-10-15 21:00:00,15694,26.09,74.03,,,74.1,2025.0,10
2025-10-15 22:00:00,15695,25.91,75.27,,,81.5,2025.0,10
2025-10-15 23:00:00,15696,25.68,76.2,,,71.77,2025.0,10
2025-10-16 00:00:00,15697,25.17,78.77,,,50.62,2025.0,10
2025-10-16 01:00:00,15698,25.13,79.6,,,43.64,2025.0,10
2025-10-16 02:00:00,15699,25.17,78.87,,,57.12,2025.0,10
2025-10-16 03:00:00,15700,25.16,78.03,,,57.67,2025.0,10
2025-10-16 04:00:00,15701,24.91,77.5,,,30.63,2025.0,10
2025-10-16 05:00:00,15702,24.18,78.97,,,26.99,2025.0,10
2025-10-16 06:00:00,15703,24.64,78.03,,,33.09,2025.0,10
2025-10-16 07:00:00,15704,30.86,61.6,,,38.27,2025.0,10
2025-10-16 08:00:00,15705,33.24,54.97,,,28.13,2025.0,10
2025-10-16 09:00:00,15706,33.0,55.33,,,47.73,2025.0,10
2025-10-16 10:00:00,15707,33.03,54.17,,,45.57,2025.0,10
2025-10-16 11:00:00,15708,33.41,52.67,,,42.5,2025.0,10
2025-10-16 12:00:00,15709,35.14,49.27,,,40.9,2025.0,10
2025-10-16 13:00:00,15710,31.62,59.37,,,37.43,2025.0,10
2025-10-16 14:00:00,15711,27.83,71.8,,,36.57,2025.0,10
2025-10-16 15:00:00,15712,31.5,60.47,,,41.8,2025.0,10
2025-10-16 16:00:00,15713,28.7,64.4,,,41.23,2025.0,10
2025-10-16 17:00:00,15714,27.85,66.53,,,43.33,2025.0,10
2025-10-16 18:00:00,15715,27.11,69.03,,,43.6,2025.0,10
2025-10-16 19:00:00,15716,26.41,72.43,,,58.1,2025.0,10
2025-10-16 20:00:00,15717,25.77,75.5,,,,2025.0,10
2025-10-16 21:00:00,15718,25.27,76.3,,,61.77,2025.0,10
2025-10-16 22:00:00,15719,24.62,77.97,,,81.23,2025.0,10
2025-10-16 23:00:00,15720,24.22,79.13,,,,2025.0,10
2025-10-17 00:00:00,15721,24.02,80.07,,,74.4,2025.0,10
2025-10-17 01:00:00,15722,23.77,81.45,,,76.98,2025.0,10
2025-10-17 02:00:00,15723,23.92,80.03,,,61.08,2025.0,10
2025-10-17 03:00:00,15724,23.5,81.13,,,49.24,2025.0,10
2025-10-17 04:00:00,15725,23.39,81.77,,,51.5,2025.0,10
2025-10-17 05:00:00,15726,23.3,81.4,,,46.67,2025.0,10
2025-10-17 06:00:00,15727,27.25,72.1,,,74.7,2025.0,10
2025-10-17 07:00:00,15728,33.15,57.27,,,54.9,2025.0,10
2025-10-17 08:00:00,15729,31.53,59.4,,,43.03,2025.0,10
2025-10-17 09:00:00,15730,31.42,59.87,,,43.3,2025.0,10
2025-10-17 10:00:00,15731,33.62,53.93,,,39.87,2025.0,10
2025-10-17 11:00:00,15732,35.4,47.97,,,34.13,2025.0,10
2025-10-17 12:00:00,15733,36.93,43.97,,,32.33,2025.0,10
2025-10-17 13:00:00,15734,37.12,43.23,,,31.7,2025.0,10
2025-10-17 14:00:00,15735,38.91,40.9,,,27.57,2025.0,10
2025-10-17 15:00:00,15736,36.56,44.5,,,32.17,2025.0,10
2025-10-17 16:00:00,15737,30.62,60.47,,,49.1,2025.0,10
2025-10-17 17:00:00,15738,26.81,75.5,,,42.83,2025.0,10
2025-10-17 18:00:00,15739,24.84,84.33,,,34.46,2025.0,10
2025-10-17 19:00:00,15740,23.63,86.2,,,25.57,2025.0,10
2025-10-17 20:00:00,15741,23.6,87.27,,,28.7,2025.0,10
2025-10-17 21:00:00,15742,23.53,88.53,,,31.58,2025.0,10
2025-10-17 22:00:00,15743,23.61,87.3,,,35.17,2025.0,10
2025-10-17 23:00:00,15744,23.76,86.8,,,42.48,2025.0,10
2025-10-18 00:00:00,15745,23.8,86.7,,,45.6,2025.0,10
2025-10-18 01:00:00,15746,23.43,89.03,,,47.19,2025.0,10
2025-10-18 02:00:00,15747,23.31,90.0,,,57.6,2025.0,10
2025-10-18 03:00:00,15748,23.2,89.63,,,58.89,2025.0,10
2025-10-18 04:00:00,15749,22.95,89.93,,,55.3,2025.0,10
2025-10-18 05:00:00,15750,23.13,90.07,,,52.35,2025.0,10
2025-10-18 06:00:00,15751,24.91,82.8,,,53.76,2025.0,10
2025-10-18 07:00:00,15752,33.17,61.43,,,68.63,2025.0,10
2025-10-18 08:00:00,15753,36.28,51.47,,,46.57,2025.0,10
2025-10-18 09:00:00,15754,36.12,49.4,,,43.07,2025.0,10
2025-10-18 10:00:00,15755,35.53,48.07,,,42.9,2025.0,10
2025-10-18 11:00:00,15756,35.38,46.6,,,41.13,2025.0,10
2025-10-18 12:00:00,15757,35.95,45.73,,,35.17,2025.0,10
2025-10-18 13:00:00,15758,36.5,46.87,,,46.7,2025.0,10
2025-10-18 14:00:00,15759,33.5,52.53,,,47.83,2025.0,10
2025-10-18 15:00:00,15760,35.28,48.8,,,44.23,2025.0,10
2025-10-18 16:00:00,15761,31.06,60.93,,,49.27,2025.0,10
2025-10-18 17:00:00,15762,28.87,69.1,,,53.3,2025.0,10
2025-10-18 18:00:00,15763,28.04,73.27,,,58.67,2025.0,10
2025-10-18 19:00:00,15764,25.91,79.57,,,43.23,2025.0,10
2025-10-18 20:00:00,15765,23.45,84.23,,,25.33,2025.0,10
2025-10-18 21:00:00,15766,24.11,85.13,,,39.51,2025.0,10
2025-10-18 22:00:00,15767,24.67,84.4,,,45.49,2025.0,10
2025-10-18 23:00:00,15768,24.67,84.17,,,49.42,2025.0,10
2025-10-19 00:00:00,15769,24.08,85.8,,,44.85,2025.0,10
2025-10-19 01:00:00,15770,24.04,86.6,,,41.85,2025.0,10
2025-10-19 02:00:00,15771,23.86,86.77,,,33.21,2025.0,10
2025-10-19 03:00:00,15772,23.61,89.03,,,39.55,2025.0,10
2025-10-19 04:00:00,15773,23.6,89.1,,,39.73,2025.0,10
2025-10-19 05:00:00,15774,23.48,88.03,,,37.56,2025.0,10
2025-10-19 06:00:00,15775,26.3,78.5,,,51.82,2025.0,10
2025-10-19 07:00:00,15776,31.76,64.03,,,67.6,2025.0,10
2025-10-19 08:00:00,15777,36.02,53.43,,,62.73,2025.0,10
2025-10-19 09:00:00,15778,39.6,45.17,,,51.53,2025.0,10
2025-10-19 10:00:00,15779,38.28,44.8,,,48.13,2025.0,10
2025-10-19 11:00:00,15780,37.58,46.3,,,54.77,2025.0,10
2025-10-19 12:00:00,15781,29.88,65.87,,,50.37,2025.0,10
2025-10-19 13:00:00,15782,30.13,64.27,,,44.4,2025.0,10
2025-10-19 14:00:00,15783,33.41,58.8,,,46.37,2025.0,10
2025-10-19 15:00:00,15784,29.57,65.53,,,45.23,2025.0,10
2025-10-19 16:00:00,15785,29.14,65.9,,,45.87,2025.0,10
2025-10-19 17:00:00,15786,28.14,70.17,,,54.7,2025.0,10
2025-10-19 18:00:00,15787,26.81,72.37,,,56.23,2025.0,10
2025-10-19 19:00:00,15788,26.34,75.37,,,61.77,2025.0,10
2025-10-19 20:00:00,15789,26.24,75.97,,,74.8,2025.0,10
2025-10-19 21:00:00,15790,26.05,76.2,,,84.3,2025.0,10
2025-10-19 22:00:00,15791,25.81,77.3,,,77.43,2025.0,10
2025-10-19 23:00:00,15792,25.28,78.9,,,75.3,2025.0,10
2025-10-20 00:00:00,15793,24.83,79.37,,,79.13,2025.0,10
2025-10-20 01:00:00,15794,24.35,80.87,,,65.82,2025.0,10
2025-10-20 02:00:00,15795,23.87,82.57,,,86.83,2025.0,10
2025-10-20 03:00:00,15796,23.76,83.33,,,78.14,2025.0,10
2025-10-20 04:00:00,15797,23.83,84.53,,,63.4,2025.0,10
2025-10-20 05:00:00,15798,23.6,86.37,,,59.72,2025.0,10
2025-10-20 06:00:00,15799,25.04,81.57,,,82.07,2025.0,10
2025-10-20 07:00:00,15800,29.71,67.77,,,,2025.0,10
2025-10-20 08:00:00,15801,36.5,51.17,,,69.33,2025.0,10
2025-10-20 09:00:00,15802,38.83,44.23,,,51.1,2025.0,10
2025-10-20 10:00:00,15803,35.28,47.4,,,49.93,2025.0,10
2025-10-20 11:00:00,15804,34.26,49.4,,,44.37,2025.0,10
2025-10-20 12:00:00,15805,33.52,52.07,,,48.3,2025.0,10
2025-10-20 13:00:00,15806,28.53,67.93,,,48.53,2025.0,10
2025-10-20 14:00:00,15807,31.93,59.5,,,49.47,2025.0,10
2025-10-20 15:00:00,15808,28.6,68.13,,,54.93,2025.0,10
2025-10-20 16:00:00,15809,27.39,68.7,,,54.77,2025.0,10
2025-10-20 17:00:00,15810,26.89,69.67,,,56.7,2025.0,10
2025-10-20 18:00:00,15811,26.3,72.07,,,56.5,2025.0,10
2025-10-20 19:00:00,15812,26.24,73.34,,,81.79,2025.0,10
2025-10-20 20:00:00,15813,25.61,77.0,,,,2025.0,10
2025-10-20 21:00:00,15814,25.19,79.34,,,82.9,2025.0,10
2025-10-20 22:00:00,15815,25.25,80.43,,,70.89,2025.0,10
2025-10-20 23:00:00,15816,24.85,82.9,,,70.58,2025.0,10
2025-10-21 00:00:00,15817,24.72,84.37,,,80.87,2025.0,10
2025-10-21 01:00:00,15818,24.68,85.1,,,,2025.0,10
2025-10-21 02:00:00,15819,24.54,85.57,,,,2025.0,10
2025-10-21 03:00:00,15820,24.22,86.03,,,,2025.0,10
2025-10-21 04:00:00,15821,24.26,85.34,,,91.26,2025.0,10
2025-10-21 05:00:00,15822,23.85,86.43,,,,2025.0,10
2025-10-21 06:00:00,15823,25.5,82.0,,,,2025.0,10
2025-10-21 07:00:00,15824,28.96,71.3,,,,2025.0,10
2025-10-21 08:00:00,15825,36.48,52.47,,,,2025.0,10
2025-10-21 09:00:00,15826,38.24,47.17,,,,2025.0,10
2025-10-21 10:00:00,15827,38.7,43.1,,,74.83,2025.0,10
2025-10-21 11:00:00,15828,39.89,40.69,,,67.14,2025.0,10
2025-10-21 12:00:00,15829,37.61,44.13,,,55.6,2025.0,10
2025-10-21 13:00:00,15830,33.57,51.4,,,51.0,2025.0,10
2025-10-21 14:00:00,15831,32.86,50.93,,,44.07,2025.0,10
2025-10-21 15:00:00,15832,33.47,53.8,,,59.37,2025.0,10
2025-10-21 16:00:00,15833,27.03,71.2,,,62.47,2025.0,10
2025-10-21 17:00:00,15834,25.54,74.77,,,62.84,2025.0,10
2025-10-21 18:00:00,15835,23.45,84.13,,,34.62,2025.0,10
2025-10-21 19:00:00,15836,22.92,88.47,,,45.22,2025.0,10
2025-10-21 20:00:00,15837,22.91,89.9,,,44.09,2025.0,10
2025-10-21 21:00:00,15838,23.09,90.4,,,45.98,2025.0,10
2025-10-21 22:00:00,15839,22.74,89.53,,,43.39,2025.0,10
2025-10-21 23:00:00,15840,22.6,90.03,,,47.48,2025.0,10
2025-10-22 00:00:00,15841,22.58,90.93,,,40.4,2025.0,10
2025-10-22 01:00:00,15842,22.7,91.0,,,48.42,2025.0,10
2025-10-22 02:00:00,15843,22.63,91.23,,,54.63,2025.0,10
2025-10-22 03:00:00,15844,22.68,91.03,,,51.1,2025.0,10
2025-10-22 04:00:00,15845,22.81,90.13,,,55.48,2025.0,10
2025-10-22 05:00:00,15846,22.82,89.9,,,50.21,2025.0,10
2025-10-22 06:00:00,15847,26.78,77.8,,,44.53,2025.0,10
2025-10-22 07:00:00,15848,28.06,72.13,,,65.23,2025.0,10
2025-10-22 08:00:00,15849,30.15,67.67,,,75.23,2025.0,10
2025-10-22 09:00:00,15850,34.63,56.1,,,76.43,2025.0,10
2025-10-22 10:00:00,15851,38.61,47.03,,,61.5,2025.0,10
2025-10-22 11:00:00,15852,39.78,42.63,,,47.53,2025.0,10
2025-10-22 12:00:00,15853,32.17,57.5,,,46.77,2025.0,10
2025-10-22 13:00:00,15854,25.42,78.73,,,34.21,2025.0,10
2025-10-22 14:00:00,15855,25.6,78.7,,,38.01,2025.0,10
2025-10-22 15:00:00,15856,27.33,75.3,,,45.59,2025.0,10
2025-10-22 16:00:00,15857,25.64,81.5,,,38.86,2025.0,10
2025-10-22 17:00:00,15858,24.05,85.83,,,43.24,2025.0,10
2025-10-22 18:00:00,15859,23.56,86.74,,,35.53,2025.0,10
2025-10-22 19:00:00,15860,23.86,86.2,,,46.45,2025.0,10
2025-10-22 20:00:00,15861,23.83,86.07,,,58.47,2025.0,10
2025-10-22 21:00:00,15862,23.8,86.6,,,47.86,2025.0,10
2025-10-22 22:00:00,15863,23.6,87.33,,,44.18,2025.0,10
2025-10-22 23:00:00,15864,23.3,88.9,,,47.32,2025.0,10
2025-10-23 00:00:00,15865,23.29,88.4,,,44.82,2025.0,10
2025-10-23 01:00:00,15866,23.14,88.3,,,35.98,2025.0,10
2025-10-23 02:00:00,15867,22.98,89.0,,,44.04,2025.0,10
2025-10-23 03:00:00,15868,22.74,89.3,,,41.25,2025.0,10
2025-10-23 04:00:00,15869,22.84,89.13,,,45.05,2025.0,10
2025-10-23 05:00:00,15870,22.81,90.33,,,44.85,2025.0,10
2025-10-23 06:00:00,15871,26.78,78.37,,,54.4,2025.0,10
2025-10-23 07:00:00,15872,30.63,66.6,,,61.53,2025.0,10
2025-10-23 08:00:00,15873,30.85,65.3,,,61.1,2025.0,10
2025-10-23 09:00:00,15874,35.03,53.83,,,48.23,2025.0,10
2025-10-23 10:00:00,15875,38.27,44.37,,,29.27,2025.0,10
2025-10-23 11:00:00,15876,38.86,43.7,,,32.3,2025.0,10
2025-10-23 12:00:00,15877,34.08,53.3,,,29.77,2025.0,10
2025-10-23 13:00:00,15878,25.36,80.57,,,26.81,2025.0,10
2025-10-23 14:00:00,15879,24.05,83.3,,,24.86,2025.0,10
2025-10-23 15:00:00,15880,23.81,85.83,,,21.57,2025.0,10
2025-10-23 16:00:00,15881,23.32,89.23,,,26.93,2025.0,10
2025-10-23 17:00:00,15882,23.0,90.0,,,21.46,2025.0,10
2025-10-23 18:00:00,15883,22.91,90.13,,,26.4,2025.0,10
2025-10-23 19:00:00,15884,22.91,90.63,,,37.63,2025.0,10
2025-10-23 20:00:00,15885,22.95,90.87,,,31.69,2025.0,10
2025-10-23 21:00:00,15886,22.99,91.5,,,30.93,2025.0,10
2025-10-23 22:00:00,15887,22.93,92.0,,,30.42,2025.0,10
2025-10-23 23:00:00,15888,22.88,92.0,,,37.54,2025.0,10
2025-10-24 00:00:00,15889,23.03,92.03,,,38.28,2025.0,10
2025-10-24 01:00:00,15890,22.97,91.3,,,39.82,2025.0,10
2025-10-24 02:00:00,15891,22.89,91.73,,,38.21,2025.0,10
2025-10-24 03:00:00,15892,22.95,91.0,,,31.18,2025.0,10
2025-10-24 04:00:00,15893,22.9,91.0,,,39.53,2025.0,10
2025-10-24 05:00:00,15894,22.82,91.77,,,35.42,2025.0,10
2025-10-24 06:00:00,15895,23.35,89.73,,,36.67,2025.0,10
2025-10-24 07:00:00,15896,25.77,82.0,,,48.73,2025.0,10
2025-10-24 08:00:00,15897,31.2,67.0,,,54.0,2025.0,10
2025-10-24 09:00:00,15898,36.53,52.4,,,37.57,2025.0,10
2025-10-24 10:00:00,15899,37.91,46.87,,,29.23,2025.0,10
2025-10-24 11:00:00,15900,34.93,51.6,,,36.1,2025.0,10
2025-10-24 12:00:00,15901,31.72,59.73,,,22.63,2025.0,10
2025-10-24 13:00:00,15902,24.07,83.27,,,10.05,2025.0,10
2025-10-24 14:00:00,15903,23.56,86.1,,,12.86,2025.0,10
2025-10-24 15:00:00,15904,23.66,86.2,,,18.51,2025.0,10
2025-10-24 16:00:00,15905,23.52,87.8,,,24.08,2025.0,10
2025-10-24 17:00:00,15906,23.51,89.4,,,37.9,2025.0,10
2025-10-24 18:00:00,15907,23.15,88.1,,,28.21,2025.0,10
2025-10-24 19:00:00,15908,23.03,88.2,,,30.35,2025.0,10
2025-10-24 20:00:00,15909,23.2,88.03,,,41.32,2025.0,10
2025-10-24 21:00:00,15910,23.11,86.9,,,35.51,2025.0,10
2025-10-24 22:00:00,15911,23.22,85.5,,,38.32,2025.0,10
2025-10-24 23:00:00,15912,23.05,88.87,,,55.65,2025.0,10
2025-10-25 00:00:00,15913,22.85,89.97,,,79.6,2025.0,10
2025-10-25 01:00:00,15914,22.7,89.2,,,81.52,2025.0,10
2025-10-25 02:00:00,15915,22.52,90.17,,,61.82,2025.0,10
2025-10-25 03:00:00,15916,22.39,90.45,,,46.65,2025.0,10
2025-10-25 04:00:00,15917,22.51,89.73,,,56.17,2025.0,10
2025-10-25 05:00:00,15918,22.3,90.37,,,52.19,2025.0,10
2025-10-25 06:00:00,15919,23.89,86.53,,,46.39,2025.0,10
2025-10-25 07:00:00,15920,29.17,71.0,,,78.63,2025.0,10
2025-10-25 08:00:00,15921,32.59,60.0,,,62.6,2025.0,10
2025-10-25 09:00:00,15922,34.32,54.97,,,55.07,2025.0,10
2025-10-25 10:00:00,15923,36.39,48.93,,,40.87,2025.0,10
2025-10-25 11:00:00,15924,37.45,45.23,,,22.4,2025.0,10
2025-10-25 12:00:00,15925,36.68,46.17,,,21.5,2025.0,10
2025-10-25 13:00:00,15926,35.81,47.33,,,22.07,2025.0,10
2025-10-25 14:00:00,15927,27.59,67.4,,,26.07,2025.0,10
2025-10-25 15:00:00,15928,23.99,79.07,,,10.79,2025.0,10
2025-10-25 16:00:00,15929,24.28,79.4,,,23.62,2025.0,10
2025-10-25 17:00:00,15930,24.59,80.57,,,31.02,2025.0,10
2025-10-25 18:00:00,15931,23.85,82.63,,,31.15,2025.0,10
2025-10-25 19:00:00,15932,23.79,83.93,,,52.22,2025.0,10
2025-10-25 20:00:00,15933,23.72,84.53,,,55.57,2025.0,10
2025-10-25 21:00:00,15934,23.2,86.8,,,51.72,2025.0,10
2025-10-25 22:00:00,15935,23.0,88.37,,,79.24,2025.0,10
2025-10-25 23:00:00,15936,22.71,89.9,,,82.37,2025.0,10
2025-10-26 00:00:00,15937,22.36,90.2,,,92.42,2025.0,10
2025-10-26 01:00:00,15938,22.11,89.7,,,84.55,2025.0,10
2025-10-26 02:00:00,15939,22.2,88.97,,,88.4,2025.0,10
2025-10-26 03:00:00,15940,22.04,90.23,,,,2025.0,10
2025-10-26 04:00:00,15941,21.66,91.93,,,81.87,2025.0,10
2025-10-26 05:00:00,15942,21.68,92.03,,,75.82,2025.0,10
2025-10-26 06:00:00,15943,22.97,88.8,,,78.17,2025.0,10
2025-10-26 07:00:00,15944,26.89,76.3,,,85.39,2025.0,10
2025-10-26 08:00:00,15945,33.5,57.3,,,62.8,2025.0,10
2025-10-26 09:00:00,15946,34.34,53.17,,,39.73,2025.0,10
2025-10-26 10:00:00,15947,35.69,47.1,,,6.47,2025.0,10
2025-10-26 11:00:00,15948,35.64,46.1,,,12.53,2025.0,10
2025-10-26 12:00:00,15949,37.24,43.53,,,16.13,2025.0,10
2025-10-26 13:00:00,15950,34.05,52.53,,,32.87,2025.0,10
2025-10-26 14:00:00,15951,32.78,55.23,,,31.6,2025.0,10
2025-10-26 15:00:00,15952,29.17,62.57,,,39.67,2025.0,10
2025-10-26 16:00:00,15953,27.17,70.3,,,41.53,2025.0,10
2025-10-26 17:00:00,15954,25.79,77.53,,,38.64,2025.0,10
2025-10-26 18:00:00,15955,24.47,81.1,,,24.99,2025.0,10
2025-10-26 19:00:00,15956,24.33,80.33,,,17.99,2025.0,10
2025-10-26 20:00:00,15957,24.39,80.07,,,13.04,2025.0,10
2025-10-26 21:00:00,15958,24.63,79.57,,,26.6,2025.0,10
2025-10-26 22:00:00,15959,24.44,81.37,,,38.15,2025.0,10
2025-10-26 23:00:00,15960,23.75,85.1,,,53.22,2025.0,10
2025-10-27 00:00:00,15961,23.45,87.1,,,53.06,2025.0,10
2025-10-27 01:00:00,15962,23.43,87.1,,,49.38,2025.0,10
2025-10-27 02:00:00,15963,23.42,87.63,,,54.54,2025.0,10
2025-10-27 03:00:00,15964,23.21,88.97,,,53.2,2025.0,10
2025-10-27 04:00:00,15965,23.17,88.3,,,50.38,2025.0,10
2025-10-27 05:00:00,15966,23.07,88.57,,,52.86,2025.0,10
2025-10-27 06:00:00,15967,26.91,76.8,,,48.51,2025.0,10
2025-10-27 07:00:00,15968,34.98,54.83,,,51.3,2025.0,10
2025-10-27 08:00:00,15969,35.68,50.73,,,45.1,2025.0,10
2025-10-27 09:00:00,15970,35.59,48.33,,,34.53,2025.0,10
2025-10-27 10:00:00,15971,36.82,45.03,,,26.57,2025.0,10
2025-10-27 11:00:00,15972,40.07,40.5,,,28.23,2025.0,10
2025-10-27 12:00:00,15973,38.9,42.93,,,42.7,2025.0,10
2025-10-27 13:00:00,15974,26.07,75.7,,,37.1,2025.0,10
2025-10-27 14:00:00,15975,25.34,76.6,,,26.93,2025.0,10
2025-10-27 15:00:00,15976,26.22,73.0,,,45.33,2025.0,10
2025-10-27 16:00:00,15977,25.38,77.17,,,43.7,2025.0,10
2025-10-27 17:00:00,15978,23.85,85.3,,,30.04,2025.0,10
2025-10-27 18:00:00,15979,23.79,86.0,,,40.67,2025.0,10
2025-10-27 19:00:00,15980,24.0,85.87,,,44.11,2025.0,10
2025-10-27 20:00:00,15981,23.6,86.47,,,34.44,2025.0,10
2025-10-27 21:00:00,15982,23.58,86.6,,,40.89,2025.0,10
2025-10-27 22:00:00,15983,23.48,87.67,,,41.36,2025.0,10
2025-10-27 23:00:00,15984,23.6,86.37,,,43.44,2025.0,10
2025-10-28 00:00:00,15985,23.18,88.67,,,48.73,2025.0,10
2025-10-28 01:00:00,15986,22.96,90.7,,,61.04,2025.0,10
2025-10-28 02:00:00,15987,22.98,90.33,,,54.29,2025.0,10
2025-10-28 03:00:00,15988,22.99,89.17,,,48.73,2025.0,10
2025-10-28 04:00:00,15989,22.8,90.73,,,71.36,2025.0,10
2025-10-28 05:00:00,15990,22.94,90.4,,,62.4,2025.0,10
2025-10-28 06:00:00,15991,23.62,87.63,,,53.44,2025.0,10
2025-10-28 07:00:00,15992,25.16,82.37,,,67.18,2025.0,10
2025-10-28 08:00:00,15993,28.68,73.4,,,91.7,2025.0,10
2025-10-28 09:00:00,15994,32.35,63.07,,,88.83,2025.0,10
2025-10-28 10:00:00,15995,31.19,62.37,,,66.57,2025.0,10
2025-10-28 11:00:00,15996,28.82,69.5,,,57.4,2025.0,10
2025-10-28 12:00:00,15997,27.29,73.53,,,48.0,2025.0,10
2025-10-28 13:00:00,15998,25.47,80.73,,,42.83,2025.0,10
2025-10-28 14:00:00,15999,24.71,83.9,,,35.33,2025.0,10
2025-10-28 15:00:00,16000,24.86,82.63,,,32.74,2025.0,10
2025-10-28 16:00:00,16001,25.64,80.93,,,35.42,2025.0,10
2025-10-28 17:00:00,16002,24.66,83.9,,,57.82,2025.0,10
2025-10-28 18:00:00,16003,23.81,87.2,,,68.01,2025.0,10
2025-10-28 19:00:00,16004,23.42,88.97,,,51.26,2025.0,10
2025-10-28 20:00:00,16005,23.28,89.7,,,58.62,2025.0,10
2025-10-28 21:00:00,16006,23.38,89.5,,,60.66,2025.0,10
2025-10-28 22:00:00,16007,23.31,89.73,,,63.78,2025.0,10
2025-10-28 23:00:00,16008,23.11,89.87,,,62.33,2025.0,10
2025-10-29 00:00:00,16009,23.04,89.5,,,60.64,2025.0,10
2025-10-29 01:00:00,16010,22.98,90.07,,,71.33,2025.0,10
2025-10-29 02:00:00,16011,22.65,90.07,,,54.94,2025.0,10
2025-10-29 03:00:00,16012,22.37,89.67,,,42.72,2025.0,10
2025-10-29 04:00:00,16013,22.11,90.5,,,52.22,2025.0,10
2025-10-29 05:00:00,16014,22.22,91.77,,,55.88,2025.0,10
2025-10-29 06:00:00,16015,24.39,86.07,,,56.8,2025.0,10
2025-10-29 07:00:00,16016,28.1,73.53,,,89.2,2025.0,10
2025-10-29 08:00:00,16017,30.68,64.83,,,70.83,2025.0,10
2025-10-29 09:00:00,16018,31.2,62.77,,,69.67,2025.0,10
2025-10-29 10:00:00,16019,32.54,57.53,,,44.8,2025.0,10
2025-10-29 11:00:00,16020,34.23,52.57,,,33.7,2025.0,10
2025-10-29 12:00:00,16021,34.81,50.0,,,29.73,2025.0,10
2025-10-29 13:00:00,16022,33.49,54.93,,,48.53,2025.0,10
2025-10-29 14:00:00,16023,29.03,67.83,,,49.53,2025.0,10
2025-10-29 15:00:00,16024,32.13,59.87,,,43.93,2025.0,10
2025-10-29 16:00:00,16025,29.56,66.27,,,60.93,2025.0,10
2025-10-29 17:00:00,16026,27.64,74.37,,,70.3,2025.0,10
2025-10-29 18:00:00,16027,25.84,78.97,,,54.37,2025.0,10
2025-10-29 19:00:00,16028,23.61,84.93,,,20.17,2025.0,10
2025-10-29 20:00:00,16029,23.51,86.8,,,22.29,2025.0,10
2025-10-29 21:00:00,16030,23.74,85.3,,,28.01,2025.0,10
2025-10-29 22:00:00,16031,23.77,85.13,,,44.56,2025.0,10
2025-10-29 23:00:00,16032,23.7,85.53,,,32.63,2025.0,10
2025-10-30 00:00:00,16033,23.1,88.3,,,35.17,2025.0,10
2025-10-30 01:00:00,16034,22.95,89.23,,,39.51,2025.0,10
2025-10-30 02:00:00,16035,22.83,89.9,,,46.99,2025.0,10
2025-10-30 03:00:00,16036,22.69,90.93,,,59.09,2025.0,10
2025-10-30 04:00:00,16037,22.66,91.83,,,56.39,2025.0,10
2025-10-30 05:00:00,16038,22.95,90.57,,,51.41,2025.0,10
2025-10-30 06:00:00,16039,23.92,86.93,,,56.79,2025.0,10
2025-10-30 07:00:00,16040,29.86,70.77,,,86.06,2025.0,10
2025-10-30 08:00:00,16041,36.1,53.9,,,71.93,2025.0,10
2025-10-30 09:00:00,16042,37.68,48.63,,,50.1,2025.0,10
2025-10-30 10:00:00,16043,38.39,45.4,,,45.03,2025.0,10
2025-10-30 11:00:00,16044,33.92,53.07,,,47.1,2025.0,10
2025-10-30 12:00:00,16045,29.76,65.57,,,52.47,2025.0,10
2025-10-30 13:00:00,16046,25.84,76.0,,,34.01,2025.0,10
2025-10-30 14:00:00,16047,24.0,84.6,,,31.6,2025.0,10
2025-10-30 15:00:00,16048,23.32,87.63,,,27.11,2025.0,10
2025-10-30 16:00:00,16049,23.35,89.77,,,30.19,2025.0,10
2025-10-30 17:00:00,16050,23.63,89.07,,,33.5,2025.0,10
2025-10-30 18:00:00,16051,23.44,89.83,,,52.15,2025.0,10
2025-10-30 19:00:00,16052,23.02,90.8,,,49.94,2025.0,10
2025-10-30 20:00:00,16053,22.86,90.97,,,59.38,2025.0,10
2025-10-30 21:00:00,16054,22.65,90.87,,,53.93,2025.0,10
2025-10-30 22:00:00,16055,22.33,91.47,,,70.48,2025.0,10
2025-10-30 23:00:00,16056,22.02,89.47,,,44.47,2025.0,10
2025-10-31 00:00:00,16057,21.68,90.5,,,50.43,2025.0,10
2025-10-31 01:00:00,16058,21.46,91.13,,,51.61,2025.0,10
2025-10-31 02:00:00,16059,21.15,90.92,,,53.45,2025.0,10
2025-10-31 03:00:00,16060,21.02,91.4,,,58.49,2025.0,10
2025-10-31 04:00:00,16061,21.07,92.47,,,71.51,2025.0,10
2025-10-31 05:00:00,16062,21.32,92.1,,,71.65,2025.0,10
2025-10-31 06:00:00,16063,23.95,84.63,,,59.1,2025.0,10
2025-10-31 07:00:00,16064,30.02,67.5,,,69.27,2025.0,10
2025-10-31 08:00:00,16065,33.84,56.9,,,62.73,2025.0,10
2025-10-31 09:00:00,16066,36.39,49.9,,,40.57,2025.0,10
2025-10-31 10:00:00,16067,37.64,45.1,,,21.3,2025.0,10
2025-10-31 11:00:00,16068,36.89,43.8,,,7.0,2025.0,10
2025-10-31 12:00:00,16069,37.42,43.3,,,12.07,2025.0,10
2025-10-31 13:00:00,16070,32.37,59.77,,,48.83,2025.0,10
2025-10-31 14:00:00,16071,27.92,73.07,,,49.67,2025.0,10
2025-10-31 15:00:00,16072,22.87,86.4,,,19.32,2025.0,10
2025-10-31 16:00:00,16073,21.93,89.9,,,14.67,2025.0,10
2025-10-31 17:00:00,16074,22.28,89.9,,,14.34,2025.0,10
2025-10-31 18:00:00,16075,22.07,90.2,,,18.05,2025.0,10
2025-10-31 19:00:00,16076,22.23,90.7,,,19.88,2025.0,10
2025-10-31 20:00:00,16077,22.45,91.13,,,28.3,2025.0,10
2025-10-31 21:00:00,16078,22.31,91.37,,,30.04,2025.0,10
2025-10-31 22:00:00,16079,22.3,91.6,,,28.94,2025.0,10
2025-10-31 23:00:00,16080,22.54,91.73,,,41.05,2025.0,10
2025-11-01 00:00:00,16081,22.38,91.67,,,49.85,2025.0,11
2025-11-01 01:00:00,16082,22.05,91.6,,,46.39,2025.0,11
2025-11-01 02:00:00,16083,22.04,92.0,,,57.04,2025.0,11
2025-11-01 03:00:00,16084,21.98,92.0,,,40.31,2025.0,11
2025-11-01 04:00:00,16085,22.18,90.77,,,37.3,2025.0,11
2025-11-01 05:00:00,16086,22.5,90.33,,,53.87,2025.0,11
2025-11-01 06:00:00,16087,24.41,83.17,,,40.8,2025.0,11
2025-11-01 07:00:00,16088,28.29,74.17,,,55.77,2025.0,11
2025-11-01 08:00:00,16089,34.41,57.2,,,50.23,2025.0,11
2025-11-01 09:00:00,16090,36.22,50.8,,,38.33,2025.0,11
2025-11-01 10:00:00,16091,37.16,48.4,,,39.13,2025.0,11
2025-11-01 11:00:00,16092,36.26,49.57,,,42.97,2025.0,11
2025-11-01 12:00:00,16093,35.61,50.13,,,43.6,2025.0,11
2025-11-01 13:00:00,16094,27.65,73.13,,,37.98,2025.0,11
2025-11-01 14:00:00,16095,27.79,77.23,,,44.45,2025.0,11
2025-11-01 15:00:00,16096,28.33,73.3,,,47.43,2025.0,11
2025-11-01 16:00:00,16097,25.22,80.6,,,32.42,2025.0,11
2025-11-01 17:00:00,16098,24.04,85.23,,,29.7,2025.0,11
2025-11-01 18:00:00,16099,24.34,85.43,,,29.1,2025.0,11
2025-11-01 19:00:00,16100,24.01,86.14,,,29.91,2025.0,11
2025-11-01 20:00:00,16101,23.18,90.3,,,26.13,2025.0,11
2025-11-01 21:00:00,16102,23.04,91.3,,,22.62,2025.0,11
2025-11-01 22:00:00,16103,23.1,91.27,,,28.32,2025.0,11
2025-11-01 23:00:00,16104,23.01,92.03,,,35.22,2025.0,11
2025-11-02 00:00:00,16105,22.79,92.9,,,39.44,2025.0,11
2025-11-02 01:00:00,16106,22.84,93.0,,,45.49,2025.0,11
2025-11-02 02:00:00,16107,22.85,92.73,,,53.02,2025.0,11
2025-11-02 03:00:00,16108,22.8,92.93,,,45.52,2025.0,11
2025-11-02 04:00:00,16109,22.88,92.77,,,50.29,2025.0,11
2025-11-02 05:00:00,16110,22.84,92.03,,,46.61,2025.0,11
2025-11-02 06:00:00,16111,24.06,86.03,,,45.96,2025.0,11
2025-11-02 07:00:00,16112,27.69,75.5,,,65.16,2025.0,11
2025-11-02 08:00:00,16113,34.87,57.57,,,64.53,2025.0,11
2025-11-02 09:00:00,16114,37.5,49.4,,,49.33,2025.0,11
2025-11-02 10:00:00,16115,37.99,46.4,,,40.23,2025.0,11
2025-11-02 11:00:00,16116,36.24,49.83,,,38.07,2025.0,11
2025-11-02 12:00:00,16117,27.03,72.7,,,25.69,2025.0,11
2025-11-02 13:00:00,16118,27.68,75.0,,,31.63,2025.0,11
2025-11-02 14:00:00,16119,32.68,60.5,,,30.7,2025.0,11
2025-11-02 15:00:00,16120,35.29,51.63,,,25.8,2025.0,11
2025-11-02 16:00:00,16121,34.61,51.8,,,26.2,2025.0,11
2025-11-02 17:00:00,16122,28.14,71.93,,,43.43,2025.0,11
2025-11-02 18:00:00,16123,26.29,77.97,,,42.25,2025.0,11
2025-11-02 19:00:00,16124,23.1,83.27,,,12.51,2025.0,11
2025-11-02 20:00:00,16125,21.88,91.13,,,13.69,2025.0,11
2025-11-02 21:00:00,16126,22.04,91.13,,,16.06,2025.0,11
2025-11-02 22:00:00,16127,22.25,91.2,,,22.82,2025.0,11
2025-11-02 23:00:00,16128,22.28,91.07,,,27.47,2025.0,11
2025-11-03 00:00:00,16129,22.47,91.17,,,30.04,2025.0,11
2025-11-03 01:00:00,16130,22.14,91.9,,,34.19,2025.0,11
2025-11-03 02:00:00,16131,22.05,92.4,,,33.72,2025.0,11
2025-11-03 03:00:00,16132,22.41,91.17,,,33.14,2025.0,11
2025-11-03 04:00:00,16133,22.24,91.0,,,34.3,2025.0,11
2025-11-03 05:00:00,16134,22.1,91.1,,,38.9,2025.0,11
2025-11-03 06:00:00,16135,23.39,87.93,,,41.65,2025.0,11
2025-11-03 07:00:00,16136,26.19,78.73,,,52.66,2025.0,11
2025-11-03 08:00:00,16137,28.76,72.13,,,55.1,2025.0,11
2025-11-03 09:00:00,16138,34.16,57.6,,,47.53,2025.0,11
2025-11-03 10:00:00,16139,36.63,50.73,,,43.17,2025.0,11
2025-11-03 11:00:00,16140,34.57,52.87,,,46.13,2025.0,11
2025-11-03 12:00:00,16141,30.3,61.27,,,35.93,2025.0,11
2025-11-03 13:00:00,16142,32.91,55.53,,,30.8,2025.0,11
2025-11-03 14:00:00,16143,35.6,50.6,,,22.97,2025.0,11
2025-11-03 15:00:00,16144,30.73,61.47,,,32.3,2025.0,11
2025-11-03 16:00:00,16145,27.34,70.57,,,39.57,2025.0,11
2025-11-03 17:00:00,16146,26.2,75.83,,,46.0,2025.0,11
2025-11-03 18:00:00,16147,25.47,80.87,,,42.42,2025.0,11
2025-11-03 19:00:00,16148,24.33,84.2,,,29.66,2025.0,11
2025-11-03 20:00:00,16149,24.05,85.5,,,33.86,2025.0,11
2025-11-03 21:00:00,16150,24.07,85.43,,,30.91,2025.0,11
2025-11-03 22:00:00,16151,23.83,86.2,,,38.23,2025.0,11
2025-11-03 23:00:00,16152,23.33,88.17,,,36.09,2025.0,11
2025-11-04 00:00:00,16153,23.02,89.87,,,52.42,2025.0,11
2025-11-04 01:00:00,16154,22.68,89.17,,,45.72,2025.0,11
2025-11-04 02:00:00,16155,22.49,90.27,,,41.12,2025.0,11
2025-11-04 03:00:00,16156,22.31,91.37,,,56.01,2025.0,11
2025-11-04 04:00:00,16157,22.2,91.93,,,52.35,2025.0,11
2025-11-04 05:00:00,16158,22.49,91.03,,,51.28,2025.0,11
2025-11-04 06:00:00,16159,24.93,83.1,,,68.16,2025.0,11
2025-11-04 07:00:00,16160,31.25,66.2,,,66.33,2025.0,11
2025-11-04 08:00:00,16161,35.88,52.93,,,46.93,2025.0,11
2025-11-04 09:00:00,16162,37.18,48.73,,,45.1,2025.0,11
2025-11-04 10:00:00,16163,38.49,44.17,,,40.8,2025.0,11
2025-11-04 11:00:00,16164,39.96,41.07,,,38.93,2025.0,11
2025-11-04 12:00:00,16165,37.16,45.67,,,25.7,2025.0,11
2025-11-04 13:00:00,16166,34.86,48.4,,,12.1,2025.0,11
2025-11-04 14:00:00,16167,33.47,51.97,,,20.43,2025.0,11
2025-11-04 15:00:00,16168,30.54,60.8,,,35.87,2025.0,11
2025-11-04 16:00:00,16169,27.1,73.63,,,38.93,2025.0,11
2025-11-04 17:00:00,16170,25.65,77.5,,,32.05,2025.0,11
2025-11-04 18:00:00,16171,23.86,82.07,,,16.19,2025.0,11
2025-11-04 19:00:00,16172,23.93,81.93,,,18.85,2025.0,11
2025-11-04 20:00:00,16173,24.05,81.93,,,24.46,2025.0,11
2025-11-04 21:00:00,16174,24.27,82.23,,,30.8,2025.0,11
2025-11-04 22:00:00,16175,24.26,83.2,,,49.22,2025.0,11
2025-11-04 23:00:00,16176,24.07,84.67,,,53.29,2025.0,11
2025-11-05 00:00:00,16177,23.89,85.5,,,60.19,2025.0,11
2025-11-05 01:00:00,16178,23.71,87.17,,,,2025.0,11
2025-11-05 02:00:00,16179,23.33,88.03,,,50.56,2025.0,11
2025-11-05 03:00:00,16180,23.3,88.0,,,63.34,2025.0,11
2025-11-05 04:00:00,16181,23.33,87.23,,,51.3,2025.0,11
2025-11-05 05:00:00,16182,23.31,88.4,,,54.78,2025.0,11
2025-11-05 06:00:00,16183,25.35,80.63,,,61.83,2025.0,11
2025-11-05 07:00:00,16184,29.7,67.2,,,65.07,2025.0,11
2025-11-05 08:00:00,16185,30.35,65.37,,,68.9,2025.0,11
2025-11-05 09:00:00,16186,32.47,59.93,,,,2025.0,11
2025-11-05 10:00:00,16187,36.85,49.97,,,62.47,2025.0,11
2025-11-05 11:00:00,16188,35.87,46.8,,,33.17,2025.0,11
2025-11-05 12:00:00,16189,36.83,46.13,,,25.73,2025.0,11
2025-11-05 13:00:00,16190,35.17,50.33,,,30.17,2025.0,11
2025-11-05 14:00:00,16191,33.58,53.1,,,29.37,2025.0,11
2025-11-05 15:00:00,16192,30.96,56.4,,,32.07,2025.0,11
2025-11-05 16:00:00,16193,29.07,59.77,,,30.1,2025.0,11
2025-11-05 17:00:00,16194,28.04,64.03,,,35.83,2025.0,11
2025-11-05 18:00:00,16195,26.92,67.27,,,39.83,2025.0,11
2025-11-05 19:00:00,16196,26.44,75.3,,,58.8,2025.0,11
2025-11-05 20:00:00,16197,25.62,76.27,,,50.97,2025.0,11
2025-11-05 21:00:00,16198,25.18,77.0,,,48.7,2025.0,11
2025-11-05 22:00:00,16199,25.09,77.6,,,52.97,2025.0,11
2025-11-05 23:00:00,16200,24.99,77.13,,,43.8,2025.0,11
2025-11-06 00:00:00,16201,24.73,79.4,,,63.42,2025.0,11
2025-11-06 01:00:00,16202,24.27,81.1,,,50.9,2025.0,11
2025-11-06 02:00:00,16203,23.93,83.2,,,,2025.0,11
2025-11-06 03:00:00,16204,23.92,82.87,,,62.22,2025.0,11
2025-11-06 04:00:00,16205,23.72,83.37,,,55.81,2025.0,11
2025-11-06 05:00:00,16206,23.39,85.8,,,56.24,2025.0,11
2025-11-06 06:00:00,16207,25.03,80.97,,,,2025.0,11
2025-11-06 07:00:00,16208,27.47,73.87,,,,2025.0,11
2025-11-06 08:00:00,16209,30.83,63.07,,,,2025.0,11
2025-11-06 09:00:00,16210,34.26,52.83,,,65.13,2025.0,11
2025-11-06 10:00:00,16211,34.7,49.33,,,22.8,2025.0,11
2025-11-06 11:00:00,16212,34.59,49.37,,,19.97,2025.0,11
2025-11-06 12:00:00,16213,34.78,48.4,,,12.5,2025.0,11
2025-11-06 13:00:00,16214,33.07,53.0,,,15.53,2025.0,11
2025-11-06 14:00:00,16215,27.58,67.0,,,31.0,2025.0,11
2025-11-06 15:00:00,16216,28.51,62.93,,,30.9,2025.0,11
2025-11-06 16:00:00,16217,28.09,63.73,,,31.73,2025.0,11
2025-11-06 17:00:00,16218,26.06,75.97,,,48.61,2025.0,11
2025-11-06 18:00:00,16219,25.07,80.47,,,38.98,2025.0,11
2025-11-06 19:00:00,16220,24.15,82.03,,,32.38,2025.0,11
2025-11-06 20:00:00,16221,23.41,84.63,,,37.18,2025.0,11
2025-11-06 21:00:00,16222,23.56,84.5,,,34.21,2025.0,11
2025-11-06 22:00:00,16223,23.39,84.77,,,28.85,2025.0,11
2025-11-06 23:00:00,16224,23.04,86.4,,,31.89,2025.0,11
2025-11-07 00:00:00,16225,22.69,85.8,,,30.95,2025.0,11
2025-11-07 01:00:00,16226,22.47,86.47,,,33.79,2025.0,11
2025-11-07 02:00:00,16227,22.45,86.67,,,41.12,2025.0,11
2025-11-07 03:00:00,16228,22.04,87.43,,,36.14,2025.0,11
2025-11-07 04:00:00,16229,21.83,88.43,,,37.05,2025.0,11
2025-11-07 05:00:00,16230,21.94,88.33,,,54.9,2025.0,11
2025-11-07 06:00:00,16231,24.44,81.97,,,,2025.0,11
2025-11-07 07:00:00,16232,32.51,60.1,,,61.93,2025.0,11
2025-11-07 08:00:00,16233,37.45,49.07,,,49.67,2025.0,11
2025-11-07 09:00:00,16234,37.7,45.47,,,37.97,2025.0,11
2025-11-07 10:00:00,16235,36.82,45.07,,,22.37,2025.0,11
2025-11-07 11:00:00,16236,35.85,46.83,,,14.3,2025.0,11
2025-11-07 12:00:00,16237,36.71,45.8,,,10.87,2025.0,11
2025-11-07 13:00:00,16238,36.35,45.53,,,14.07,2025.0,11
2025-11-07 14:00:00,16239,35.69,46.47,,,21.9,2025.0,11
2025-11-07 15:00:00,16240,32.7,53.3,,,27.4,2025.0,11
2025-11-07 16:00:00,16241,29.62,61.5,,,30.87,2025.0,11
2025-11-07 17:00:00,16242,26.48,67.17,,,26.23,2025.0,11
2025-11-07 18:00:00,16243,25.46,77.3,,,25.84,2025.0,11
2025-11-07 19:00:00,16244,23.99,84.73,,,22.8,2025.0,11
2025-11-07 20:00:00,16245,23.43,88.1,,,22.24,2025.0,11
2025-11-07 21:00:00,16246,23.35,88.67,,,25.39,2025.0,11
2025-11-07 22:00:00,16247,23.42,88.47,,,29.79,2025.0,11
2025-11-07 23:00:00,16248,23.43,88.57,,,30.93,2025.0,11
2025-11-08 00:00:00,16249,23.5,87.83,,,29.95,2025.0,11
2025-11-08 01:00:00,16250,23.61,88.27,,,38.79,2025.0,11
2025-11-08 02:00:00,16251,23.31,88.93,,,30.17,2025.0,11
2025-11-08 03:00:00,16252,22.77,90.73,,,37.63,2025.0,11
2025-11-08 04:00:00,16253,22.82,90.5,,,38.77,2025.0,11
2025-11-08 05:00:00,16254,22.9,90.43,,,41.54,2025.0,11
2025-11-08 06:00:00,16255,25.03,83.23,,,39.44,2025.0,11
2025-11-08 07:00:00,16256,31.56,65.97,,,53.33,2025.0,11
2025-11-08 08:00:00,16257,32.11,61.57,,,48.2,2025.0,11
2025-11-08 09:00:00,16258,33.59,56.83,,,34.33,2025.0,11
2025-11-08 10:00:00,16259,32.23,57.52,,,14.67,2025.0,11
2025-11-08 11:00:00,16260,31.96,58.13,,,8.83,2025.0,11
2025-11-08 12:00:00,16261,31.42,60.0,,,9.0,2025.0,11
2025-11-08 13:00:00,16262,26.47,75.97,,,19.45,2025.0,11
2025-11-08 14:00:00,16263,25.46,77.67,,,27.07,2025.0,11
2025-11-08 15:00:00,16264,24.85,78.37,,,17.52,2025.0,11
2025-11-08 16:00:00,16265,24.69,79.2,,,22.88,2025.0,11
2025-11-08 17:00:00,16266,24.53,79.27,,,26.5,2025.0,11
2025-11-08 18:00:00,16267,24.43,78.63,,,33.09,2025.0,11
2025-11-08 19:00:00,16268,24.26,80.73,,,43.94,2025.0,11
2025-11-08 20:00:00,16269,24.07,81.83,,,42.1,2025.0,11
2025-11-08 21:00:00,16270,24.07,81.0,,,42.63,2025.0,11
2025-11-08 22:00:00,16271,23.98,81.63,,,60.86,2025.0,11
2025-11-08 23:00:00,16272,23.73,83.57,,,67.67,2025.0,11
2025-11-09 00:00:00,16273,23.3,86.9,,,,2025.0,11
2025-11-09 01:00:00,16274,23.05,88.43,,,,2025.0,11
2025-11-09 02:00:00,16275,22.83,88.0,,,54.45,2025.0,11
2025-11-09 03:00:00,16276,22.67,88.27,,,49.33,2025.0,11
2025-11-09 04:00:00,16277,22.64,88.07,,,45.34,2025.0,11
2025-11-09 05:00:00,16278,22.42,89.13,,,51.9,2025.0,11
2025-11-09 06:00:00,16279,26.03,77.83,,,51.14,2025.0,11
2025-11-09 07:00:00,16280,33.86,57.77,,,47.47,2025.0,11
2025-11-09 08:00:00,16281,37.87,47.8,,,38.97,2025.0,11
2025-11-09 09:00:00,16282,35.94,47.93,,,6.63,2025.0,11
2025-11-09 10:00:00,16283,36.0,47.17,,,3.53,2025.0,11
2025-11-09 11:00:00,16284,36.77,44.93,,,,2025.0,11
2025-11-09 12:00:00,16285,36.17,46.37,,,5.9,2025.0,11
2025-11-09 13:00:00,16286,35.59,47.6,,,5.43,2025.0,11
2025-11-09 14:00:00,16287,33.55,49.93,,,,2025.0,11
2025-11-09 15:00:00,16288,31.31,51.87,,,,2025.0,11
2025-11-09 16:00:00,16289,29.58,54.8,,,8.43,2025.0,11
2025-11-09 17:00:00,16290,28.59,59.77,,,24.53,2025.0,11
2025-11-09 18:00:00,16291,27.81,63.6,,,45.6,2025.0,11
2025-11-09 19:00:00,16292,27.15,66.43,,,43.2,2025.0,11
2025-11-09 20:00:00,16293,26.71,68.87,,,36.27,2025.0,11
2025-11-09 21:00:00,16294,26.02,73.23,,,26.8,2025.0,11
2025-11-09 22:00:00,16295,24.93,76.67,,,13.43,2025.0,11
2025-11-09 23:00:00,16296,24.72,77.4,,,7.93,2025.0,11
2025-11-10 00:00:00,16297,24.71,78.13,,,29.29,2025.0,11
2025-11-10 01:00:00,16298,24.17,81.23,,,31.46,2025.0,11
2025-11-10 02:00:00,16299,23.87,82.9,,,29.82,2025.0,11
2025-11-10 03:00:00,16300,23.62,84.23,,,31.15,2025.0,11
2025-11-10 04:00:00,16301,23.45,85.1,,,31.33,2025.0,11
2025-11-10 05:00:00,16302,23.28,85.87,,,31.45,2025.0,11
2025-11-10 06:00:00,16303,26.51,75.93,,,41.51,2025.0,11
2025-11-10 07:00:00,16304,35.54,52.37,,,38.83,2025.0,11
2025-11-10 08:00:00,16305,39.54,43.13,,,31.37,2025.0,11
2025-11-10 09:00:00,16306,38.0,42.57,,,21.33,2025.0,11
2025-11-10 10:00:00,16307,35.94,45.07,,,14.83,2025.0,11
2025-11-10 11:00:00,16308,36.87,44.1,,,7.43,2025.0,11
2025-11-10 12:00:00,16309,36.05,45.33,,,5.97,2025.0,11
2025-11-10 13:00:00,16310,35.82,45.67,,,14.33,2025.0,11
2025-11-10 14:00:00,16311,34.12,49.93,,,25.13,2025.0,11
2025-11-10 15:00:00,16312,29.4,64.53,,,36.33,2025.0,11
2025-11-10 16:00:00,16313,25.11,79.23,,,31.97,2025.0,11
2025-11-10 17:00:00,16314,25.21,80.4,,,31.94,2025.0,11
2025-11-10 18:00:00,16315,25.22,81.8,,,43.35,2025.0,11
2025-11-10 19:00:00,16316,25.33,81.17,,,40.76,2025.0,11
2025-11-10 20:00:00,16317,25.19,82.5,,,44.18,2025.0,11
2025-11-10 21:00:00,16318,24.97,83.03,,,46.97,2025.0,11
2025-11-10 22:00:00,16319,24.74,83.0,,,39.24,2025.0,11
2025-11-10 23:00:00,16320,24.6,84.33,,,49.2,2025.0,11
2025-11-11 00:00:00,16321,24.61,84.4,,,42.61,2025.0,11
2025-11-11 01:00:00,16322,24.24,84.97,,,41.41,2025.0,11
2025-11-11 02:00:00,16323,23.93,85.0,,,32.41,2025.0,11
2025-11-11 03:00:00,16324,24.01,84.83,,,35.2,2025.0,11
2025-11-11 04:00:00,16325,24.05,84.9,,,32.38,2025.0,11
2025-11-11 05:00:00,16326,23.72,85.83,,,33.7,2025.0,11
2025-11-11 06:00:00,16327,24.44,84.07,,,35.13,2025.0,11
2025-11-11 07:00:00,16328,27.83,74.37,,,50.16,2025.0,11
2025-11-11 08:00:00,16329,32.38,60.53,,,42.27,2025.0,11
2025-11-11 09:00:00,16330,35.03,53.37,,,44.0,2025.0,11
2025-11-11 10:00:00,16331,36.29,48.37,,,26.6,2025.0,11
2025-11-11 11:00:00,16332,33.73,52.0,,,13.57,2025.0,11
2025-11-11 12:00:00,16333,33.64,53.03,,,10.83,2025.0,11
2025-11-11 13:00:00,16334,30.33,62.33,,,18.7,2025.0,11
2025-11-11 14:00:00,16335,29.18,64.6,,,18.43,2025.0,11
2025-11-11 15:00:00,16336,25.9,77.93,,,24.04,2025.0,11
2025-11-11 16:00:00,16337,24.25,83.63,,,15.52,2025.0,11
2025-11-11 17:00:00,16338,24.08,85.1,,,26.04,2025.0,11
2025-11-11 18:00:00,16339,24.18,86.3,,,27.47,2025.0,11
2025-11-11 19:00:00,16340,23.89,86.3,,,29.64,2025.0,11
2025-11-11 20:00:00,16341,23.57,87.5,,,38.17,2025.0,11
2025-11-11 21:00:00,16342,23.56,87.07,,,24.59,2025.0,11
2025-11-11 22:00:00,16343,23.76,86.03,,,33.92,2025.0,11
2025-11-11 23:00:00,16344,23.6,87.73,,,35.29,2025.0,11
2025-11-12 00:00:00,16345,23.35,89.03,,,31.71,2025.0,11
2025-11-12 01:00:00,16346,23.33,89.7,,,33.05,2025.0,11
2025-11-12 02:00:00,16347,23.18,89.77,,,34.04,2025.0,11
2025-11-12 03:00:00,16348,22.99,89.63,,,33.08,2025.0,11
2025-11-12 04:00:00,16349,22.95,89.07,,,29.3,2025.0,11
2025-11-12 05:00:00,16350,22.83,88.6,,,23.47,2025.0,11
2025-11-12 06:00:00,16351,24.66,83.1,,,30.19,2025.0,11
2025-11-12 07:00:00,16352,28.23,73.53,,,40.2,2025.0,11
2025-11-12 08:00:00,16353,30.54,65.7,,,38.3,2025.0,11
2025-11-12 09:00:00,16354,34.11,56.3,,,33.6,2025.0,11
2025-11-12 10:00:00,16355,32.97,57.57,,,29.67,2025.0,11
2025-11-12 11:00:00,16356,25.58,80.03,,,18.81,2025.0,11
2025-11-12 12:00:00,16357,26.74,76.37,,,26.53,2025.0,11
2025-11-12 13:00:00,16358,26.34,78.23,,,39.1,2025.0,11
2025-11-12 14:00:00,16359,24.69,82.37,,,26.76,2025.0,11
2025-11-12 15:00:00,16360,24.12,85.27,,,31.45,2025.0,11
2025-11-12 16:00:00,16361,24.0,85.47,,,29.88,2025.0,11
2025-11-12 17:00:00,16362,23.92,85.23,,,24.1,2025.0,11
2025-11-12 18:00:00,16363,23.61,86.8,,,33.68,2025.0,11
2025-11-12 19:00:00,16364,23.58,88.3,,,36.05,2025.0,11
2025-11-12 20:00:00,16365,23.57,88.33,,,31.33,2025.0,11
2025-11-12 21:00:00,16366,23.55,87.37,,,36.94,2025.0,11
2025-11-12 22:00:00,16367,23.23,87.13,,,31.15,2025.0,11
2025-11-12 23:00:00,16368,23.09,87.43,,,52.84,2025.0,11
2025-11-13 00:00:00,16369,22.99,88.73,,,53.91,2025.0,11
2025-11-13 01:00:00,16370,22.74,89.57,,,42.23,2025.0,11
2025-11-13 02:00:00,16371,22.6,89.23,,,35.26,2025.0,11
2025-11-13 03:00:00,16372,22.47,89.13,,,37.41,2025.0,11
2025-11-13 04:00:00,16373,22.47,90.03,,,44.87,2025.0,11
2025-11-13 05:00:00,16374,22.58,90.83,,,52.75,2025.0,11
2025-11-13 06:00:00,16375,24.0,86.07,,,50.54,2025.0,11
2025-11-13 07:00:00,16376,28.72,71.03,,,60.95,2025.0,11
2025-11-13 08:00:00,16377,32.8,59.17,,,53.07,2025.0,11
2025-11-13 09:00:00,16378,37.37,47.93,,,40.73,2025.0,11
2025-11-13 10:00:00,16379,36.15,46.8,,,18.0,2025.0,11
2025-11-13 11:00:00,16380,34.12,51.53,,,6.77,2025.0,11
2025-11-13 12:00:00,16381,33.79,52.53,,,10.33,2025.0,11
2025-11-13 13:00:00,16382,31.91,55.83,,,17.8,2025.0,11
2025-11-13 14:00:00,16383,30.18,60.63,,,25.17,2025.0,11
2025-11-13 15:00:00,16384,29.18,63.0,,,13.33,2025.0,11
2025-11-13 16:00:00,16385,28.35,67.37,,,35.13,2025.0,11
2025-11-13 17:00:00,16386,26.7,71.93,,,40.87,2025.0,11
2025-11-13 18:00:00,16387,25.81,75.93,,,42.63,2025.0,11
2025-11-13 19:00:00,16388,25.69,76.33,,,41.93,2025.0,11
2025-11-13 20:00:00,16389,25.13,77.7,,,41.97,2025.0,11
2025-11-13 21:00:00,16390,24.9,80.13,,,60.36,2025.0,11
2025-11-13 22:00:00,16391,24.61,82.1,,,67.2,2025.0,11
2025-11-13 23:00:00,16392,24.02,84.07,,,66.11,2025.0,11
2025-11-17 12:00:00,16477,35.17,48.39,,,29.96,2025.0,11
2025-11-17 13:00:00,16478,34.12,49.2,,,21.97,2025.0,11
2025-11-17 14:00:00,16479,32.94,51.93,,,22.83,2025.0,11
2025-11-17 15:00:00,16480,29.54,61.6,,,29.77,2025.0,11
2025-11-17 16:00:00,16481,26.89,68.43,,,31.13,2025.0,11
2025-11-17 17:00:00,16482,26.78,71.03,,,45.1,2025.0,11
2025-11-17 18:00:00,16483,24.91,79.8,,,28.66,2025.0,11
2025-11-17 19:00:00,16484,24.13,81.57,,,22.04,2025.0,11
2025-11-17 20:00:00,16485,23.99,82.7,,,30.37,2025.0,11
2025-11-17 21:00:00,16486,24.24,83.67,,,32.36,2025.0,11
2025-11-17 22:00:00,16487,24.23,83.63,,,36.27,2025.0,11
2025-11-17 23:00:00,16488,24.05,84.1,,,44.58,2025.0,11
2025-11-18 00:00:00,16489,23.92,84.23,,,44.02,2025.0,11
2025-11-18 01:00:00,16490,23.77,84.53,,,44.33,2025.0,11
2025-11-18 02:00:00,16491,23.45,86.4,,,47.1,2025.0,11
2025-11-18 03:00:00,16492,23.02,87.5,,,43.17,2025.0,11
2025-11-18 04:00:00,16493,22.51,87.97,,,45.36,2025.0,11
2025-11-18 05:00:00,16494,22.65,87.8,,,46.57,2025.0,11
2025-11-18 06:00:00,16495,27.48,73.43,,,51.69,2025.0,11
2025-11-18 07:00:00,16496,31.17,62.43,,,57.5,2025.0,11
2025-11-18 08:00:00,16497,31.59,60.53,,,58.63,2025.0,11
2025-11-18 09:00:00,16498,34.22,52.5,,,46.1,2025.0,11
2025-11-18 10:00:00,16499,31.69,57.47,,,38.73,2025.0,11
2025-11-18 11:00:00,16500,31.45,59.43,,,43.5,2025.0,11
2025-11-18 12:00:00,16501,33.9,55.33,,,40.33,2025.0,11
2025-11-18 13:00:00,16502,32.75,58.47,,,37.8,2025.0,11
2025-11-18 14:00:00,16503,24.5,78.17,,,17.0,2025.0,11
2025-11-18 15:00:00,16504,23.18,84.3,,,19.63,2025.0,11
2025-11-18 16:00:00,16505,22.78,85.2,,,22.24,2025.0,11
2025-11-18 17:00:00,16506,23.05,85.73,,,24.54,2025.0,11
2025-11-18 18:00:00,16507,22.94,86.0,,,48.04,2025.0,11
2025-11-18 19:00:00,16508,23.0,86.0,,,35.38,2025.0,11
2025-11-18 20:00:00,16509,23.12,86.53,,,37.16,2025.0,11
2025-11-18 21:00:00,16510,22.94,86.97,,,40.8,2025.0,11
2025-11-18 22:00:00,16511,22.79,87.8,,,46.1,2025.0,11
2025-11-18 23:00:00,16512,22.79,88.0,,,44.6,2025.0,11
2025-11-19 00:00:00,16513,22.6,88.1,,,41.81,2025.0,11
2025-11-19 01:00:00,16514,22.31,88.63,,,58.2,2025.0,11
2025-11-19 02:00:00,16515,22.05,89.8,,,60.81,2025.0,11
2025-11-19 03:00:00,16516,22.16,89.5,,,54.45,2025.0,11
2025-11-19 04:00:00,16517,22.2,89.0,,,54.31,2025.0,11
2025-11-19 05:00:00,16518,22.29,89.03,,,57.22,2025.0,11
2025-11-19 06:00:00,16519,23.5,85.37,,,62.87,2025.0,11
2025-11-19 07:00:00,16520,28.59,71.6,,,,2025.0,11
2025-11-19 08:00:00,16521,35.9,52.83,,,66.4,2025.0,11
2025-11-19 09:00:00,16522,34.53,52.6,,,48.0,2025.0,11
2025-11-19 10:00:00,16523,34.35,52.1,,,25.47,2025.0,11
2025-11-19 11:00:00,16524,33.66,53.33,,,15.6,2025.0,11
2025-11-19 12:00:00,16525,34.0,52.2,,,13.27,2025.0,11
2025-11-19 13:00:00,16526,32.4,57.17,,,30.1,2025.0,11
2025-11-19 14:00:00,16527,28.84,66.87,,,29.5,2025.0,11
2025-11-19 15:00:00,16528,27.3,72.1,,,37.07,2025.0,11
2025-11-19 16:00:00,16529,26.47,74.87,,,43.65,2025.0,11
2025-11-19 17:00:00,16530,23.57,82.93,,,17.95,2025.0,11
2025-11-19 18:00:00,16531,23.25,87.13,,,20.41,2025.0,11
2025-11-19 19:00:00,16532,23.61,86.53,,,20.5,2025.0,11
2025-11-19 20:00:00,16533,23.62,87.13,,,37.83,2025.0,11
2025-11-19 21:00:00,16534,23.36,88.77,,,42.37,2025.0,11
2025-11-19 22:00:00,16535,23.19,89.0,,,41.83,2025.0,11
2025-11-19 23:00:00,16536,23.19,89.0,,,33.21,2025.0,11
2025-11-20 00:00:00,16537,23.27,89.0,,,40.11,2025.0,11
2025-11-20 01:00:00,16538,23.38,89.0,,,43.06,2025.0,11
2025-11-20 02:00:00,16539,23.13,88.63,,,43.62,2025.0,11
2025-11-20 03:00:00,16540,22.71,89.17,,,37.81,2025.0,11
2025-11-20 04:00:00,16541,22.52,88.43,,,36.98,2025.0,11
2025-11-20 05:00:00,16542,22.77,89.43,,,43.57,2025.0,11
2025-11-20 06:00:00,16543,25.32,81.33,,,,2025.0,11
2025-11-20 07:00:00,16544,30.97,65.4,,,,2025.0,11
2025-11-20 08:00:00,16545,33.39,58.13,,,60.03,2025.0,11
2025-11-20 09:00:00,16546,34.81,53.27,,,41.43,2025.0,11
2025-11-20 10:00:00,16547,34.11,54.77,,,31.47,2025.0,11
2025-11-20 11:00:00,16548,33.84,55.27,,,28.33,2025.0,11
2025-11-20 12:00:00,16549,35.75,50.53,,,20.1,2025.0,11
2025-11-20 13:00:00,16550,33.78,53.5,,,13.7,2025.0,11
2025-11-20 14:00:00,16551,31.67,58.67,,,13.7,2025.0,11
2025-11-20 15:00:00,16552,29.69,63.77,,,20.9,2025.0,11
2025-11-20 16:00:00,16553,27.97,69.23,,,34.33,2025.0,11
2025-11-20 17:00:00,16554,25.36,78.23,,,24.8,2025.0,11
2025-11-20 18:00:00,16555,24.61,82.3,,,20.03,2025.0,11
2025-11-20 19:00:00,16556,24.71,83.77,,,26.22,2025.0,11
2025-11-20 20:00:00,16557,24.68,83.57,,,30.57,2025.0,11
2025-11-20 21:00:00,16558,24.3,84.3,,,31.27,2025.0,11
2025-11-20 22:00:00,16559,24.5,81.97,,,28.56,2025.0,11
2025-11-20 23:00:00,16560,24.48,83.33,,,35.17,2025.0,11
2025-11-21 00:00:00,16561,24.29,80.73,,,27.39,2025.0,11
2025-11-21 01:00:00,16562,24.37,80.63,,,29.52,2025.0,11
2025-11-21 02:00:00,16563,24.31,80.5,,,31.8,2025.0,11
2025-11-21 03:00:00,16564,23.98,80.87,,,35.51,2025.0,11
2025-11-21 04:00:00,16565,23.79,82.3,,,36.05,2025.0,11
2025-11-21 05:00:00,16566,23.65,81.7,,,33.01,2025.0,11
2025-11-21 06:00:00,16567,24.96,79.73,,,42.64,2025.0,11
2025-11-21 07:00:00,16568,33.9,57.2,,,47.07,2025.0,11
2025-11-21 08:00:00,16569,37.99,46.7,,,36.13,2025.0,11
2025-11-21 09:00:00,16570,34.42,49.0,,,,2025.0,11
2025-11-21 10:00:00,16571,34.38,47.63,,,,2025.0,11
2025-11-21 11:00:00,16572,37.29,42.7,,,,2025.0,11
2025-11-21 12:00:00,16573,38.41,42.27,,,4.5,2025.0,11
2025-11-21 13:00:00,16574,36.6,45.27,,,7.77,2025.0,11
2025-11-21 14:00:00,16575,33.45,50.73,,,11.63,2025.0,11
2025-11-21 15:00:00,16576,28.97,60.47,,,15.9,2025.0,11
2025-11-21 16:00:00,16577,27.76,67.43,,,30.0,2025.0,11
2025-11-21 17:00:00,16578,27.15,72.5,,,48.1,2025.0,11
2025-11-21 18:00:00,16579,26.63,73.4,,,40.93,2025.0,11
2025-11-21 19:00:00,16580,25.95,78.67,,,43.98,2025.0,11
2025-11-21 20:00:00,16581,25.41,79.53,,,35.57,2025.0,11
2025-11-21 21:00:00,16582,25.2,80.47,,,28.9,2025.0,11
2025-11-21 22:00:00,16583,25.23,81.0,,,30.82,2025.0,11
2025-11-21 23:00:00,16584,24.87,80.9,,,31.38,2025.0,11
2025-11-22 00:00:00,16585,24.5,82.07,,,34.24,2025.0,11
2025-11-22 01:00:00,16586,24.3,82.6,,,29.39,2025.0,11
2025-11-22 02:00:00,16587,24.12,81.57,,,56.77,2025.0,11
2025-11-22 03:00:00,16588,23.89,81.87,,,48.98,2025.0,11
2025-11-22 04:00:00,16589,23.7,81.4,,,43.82,2025.0,11
2025-11-22 05:00:00,16590,23.75,82.83,,,41.12,2025.0,11
2025-11-22 06:00:00,16591,26.31,74.97,,,46.85,2025.0,11
2025-11-22 07:00:00,16592,28.35,68.57,,,45.93,2025.0,11
2025-11-22 08:00:00,16593,30.31,62.0,,,40.37,2025.0,11
2025-11-22 09:00:00,16594,33.76,54.73,,,43.27,2025.0,11
2025-11-22 10:00:00,16595,36.62,48.03,,,39.07,2025.0,11
2025-11-22 11:00:00,16596,28.22,69.9,,,45.51,2025.0,11
2025-11-22 12:00:00,16597,23.68,84.03,,,25.21,2025.0,11
2025-11-22 13:00:00,16598,25.13,81.23,,,32.81,2025.0,11
2025-11-22 14:00:00,16599,26.82,76.4,,,52.57,2025.0,11
2025-11-22 15:00:00,16600,26.94,75.03,,,52.5,2025.0,11
2025-11-22 16:00:00,16601,26.16,76.63,,,38.29,2025.0,11
2025-11-22 17:00:00,16602,23.88,85.03,,,24.32,2025.0,11
2025-11-22 18:00:00,16603,23.65,87.43,,,30.02,2025.0,11
2025-11-22 19:00:00,16604,23.61,88.2,,,34.97,2025.0,11
2025-11-22 20:00:00,16605,23.65,88.37,,,42.5,2025.0,11
2025-11-22 21:00:00,16606,23.64,88.33,,,65.01,2025.0,11
2025-11-22 22:00:00,16607,23.51,90.0,,,48.06,2025.0,11
2025-11-22 23:00:00,16608,23.49,90.0,,,42.52,2025.0,11
2025-11-23 00:00:00,16609,23.43,89.73,,,49.49,2025.0,11
2025-11-23 01:00:00,16610,22.96,89.9,,,50.16,2025.0,11
2025-11-23 02:00:00,16611,22.95,89.53,,,47.77,2025.0,11
2025-11-23 03:00:00,16612,23.08,89.53,,,47.84,2025.0,11
2025-11-23 04:00:00,16613,23.28,89.2,,,49.0,2025.0,11
2025-11-23 05:00:00,16614,23.24,89.77,,,49.49,2025.0,11
2025-11-23 06:00:00,16615,25.59,82.73,,,59.72,2025.0,11
2025-11-23 07:00:00,16616,28.85,72.2,,,65.1,2025.0,11
2025-11-23 08:00:00,16617,30.92,66.0,,,63.1,2025.0,11
2025-11-23 09:00:00,16618,35.81,52.93,,,45.8,2025.0,11
2025-11-23 10:00:00,16619,37.36,49.03,,,45.23,2025.0,11
2025-11-23 11:00:00,16620,33.91,53.13,,,40.57,2025.0,11
2025-11-23 12:00:00,16621,34.64,53.83,,,45.77,2025.0,11
2025-11-23 13:00:00,16622,36.08,50.27,,,38.1,2025.0,11
2025-11-23 14:00:00,16623,31.05,61.43,,,41.0,2025.0,11
2025-11-23 15:00:00,16624,26.93,72.23,,,25.6,2025.0,11
2025-11-23 16:00:00,16625,25.98,76.03,,,29.63,2025.0,11
2025-11-23 17:00:00,16626,25.65,78.8,,,27.82,2025.0,11
2025-11-23 18:00:00,16627,24.89,81.27,,,22.76,2025.0,11
2025-11-23 19:00:00,16628,24.63,82.43,,,25.59,2025.0,11
2025-11-23 20:00:00,16629,24.33,83.63,,,24.75,2025.0,11
2025-11-23 21:00:00,16630,24.43,84.07,,,28.83,2025.0,11
2025-11-23 22:00:00,16631,24.48,82.63,,,33.4,2025.0,11
2025-11-23 23:00:00,16632,24.06,77.37,,,41.67,2025.0,11
2025-11-24 00:00:00,16633,23.71,79.53,,,43.73,2025.0,11
2025-11-24 01:00:00,16634,23.04,78.33,,,44.59,2025.0,11
2025-11-24 02:00:00,16635,22.54,79.07,,,40.06,2025.0,11
2025-11-24 03:00:00,16636,22.37,81.53,,,35.2,2025.0,11
2025-11-24 04:00:00,16637,22.47,82.5,,,37.7,2025.0,11
2025-11-24 05:00:00,16638,22.58,83.23,,,41.67,2025.0,11
2025-11-24 06:00:00,16639,24.9,77.37,,,69.63,2025.0,11
2025-11-24 07:00:00,16640,30.44,63.2,,,69.73,2025.0,11
2025-11-24 08:00:00,16641,34.13,51.87,,,56.0,2025.0,11
2025-11-24 09:00:00,16642,34.71,48.23,,,57.0,2025.0,11
2025-11-24 10:00:00,16643,38.41,40.77,,,48.17,2025.0,11
2025-11-24 11:00:00,16644,37.84,39.63,,,30.27,2025.0,11
2025-11-24 12:00:00,16645,37.22,41.03,,,13.5,2025.0,11
2025-11-24 13:00:00,16646,36.7,42.17,,,8.97,2025.0,11
2025-11-24 14:00:00,16647,35.27,42.73,,,6.67,2025.0,11
2025-11-24 15:00:00,16648,34.46,44.07,,,11.93,2025.0,11
2025-11-24 16:00:00,16649,32.72,49.23,,,15.03,2025.0,11
2025-11-24 17:00:00,16650,30.07,56.47,,,27.77,2025.0,11
2025-11-24 18:00:00,16651,28.02,64.3,,,40.33,2025.0,11
2025-11-24 19:00:00,16652,26.96,69.8,,,57.47,2025.0,11
2025-11-24 20:00:00,16653,25.88,75.07,,,58.2,2025.0,11
2025-11-24 21:00:00,16654,25.26,76.83,,,63.7,2025.0,11
2025-11-24 22:00:00,16655,24.33,75.23,,,,2025.0,11
2025-11-24 23:00:00,16656,23.75,74.97,,,60.7,2025.0,11
2025-11-25 00:00:00,16657,22.99,77.4,,,58.83,2025.0,11
2025-11-25 01:00:00,16658,22.4,77.1,,,49.07,2025.0,11
2025-11-25 02:00:00,16659,21.97,78.78,,,50.06,2025.0,11
2025-11-25 03:00:00,16660,22.15,79.37,,,49.01,2025.0,11
2025-11-25 04:00:00,16661,22.05,81.0,,,43.17,2025.0,11
2025-11-25 05:00:00,16662,21.88,79.73,,,56.94,2025.0,11
2025-11-25 06:00:00,16663,25.39,70.97,,,,2025.0,11
2025-11-25 07:00:00,16664,32.55,54.0,,,61.9,2025.0,11
2025-11-25 08:00:00,16665,35.24,46.72,,,46.76,2025.0,11
2025-11-25 09:00:00,16666,36.76,43.27,,,48.67,2025.0,11
2025-11-25 10:00:00,16667,37.02,38.4,,,34.33,2025.0,11
2025-11-25 11:00:00,16668,38.21,37.13,,,28.3,2025.0,11
2025-11-25 12:00:00,16669,39.47,36.73,,,29.7,2025.0,11
2025-11-25 13:00:00,16670,39.17,38.43,,,33.17,2025.0,11
2025-11-25 14:00:00,16671,37.73,42.2,,,28.63,2025.0,11
2025-11-25 15:00:00,16672,35.3,46.43,,,17.7,2025.0,11
2025-11-25 16:00:00,16673,32.57,49.97,,,21.33,2025.0,11
2025-11-25 17:00:00,16674,30.85,52.23,,,30.07,2025.0,11
2025-11-25 18:00:00,16675,28.28,60.77,,,40.63,2025.0,11
2025-11-25 19:00:00,16676,27.19,67.93,,,55.63,2025.0,11
2025-11-25 20:00:00,16677,26.46,72.83,,,63.63,2025.0,11
2025-11-25 21:00:00,16678,26.13,76.0,,,58.23,2025.0,11
2025-11-25 22:00:00,16679,25.64,78.8,,,61.81,2025.0,11
2025-11-25 23:00:00,16680,24.99,80.63,,,40.49,2025.0,11
2025-11-26 00:00:00,16681,24.82,81.1,,,40.0,2025.0,11
2025-11-26 01:00:00,16682,24.24,80.67,,,38.49,2025.0,11
2025-11-26 02:00:00,16683,23.68,80.53,,,39.93,2025.0,11
2025-11-26 03:00:00,16684,23.31,82.43,,,36.85,2025.0,11
2025-11-26 04:00:00,16685,22.7,82.57,,,36.81,2025.0,11
2025-11-26 05:00:00,16686,22.58,82.87,,,38.99,2025.0,11
2025-11-26 06:00:00,16687,25.78,75.4,,,,2025.0,11
2025-11-26 07:00:00,16688,31.29,61.93,,,,2025.0,11
2025-11-26 08:00:00,16689,34.71,53.37,,,,2025.0,11
2025-11-26 09:00:00,16690,36.79,46.4,,,45.53,2025.0,11
2025-11-26 10:00:00,16691,38.75,40.47,,,38.03,2025.0,11
2025-11-26 11:00:00,16692,40.2,38.03,,,52.27,2025.0,11
2025-11-26 12:00:00,16693,39.15,38.27,,,49.43,2025.0,11
2025-11-26 13:00:00,16694,37.13,41.37,,,46.57,2025.0,11
2025-11-26 14:00:00,16695,35.93,44.97,,,43.83,2025.0,11
2025-11-26 15:00:00,16696,31.53,55.83,,,46.2,2025.0,11
2025-11-26 16:00:00,16697,28.38,66.47,,,52.37,2025.0,11
2025-11-26 17:00:00,16698,24.46,82.47,,,49.67,2025.0,11
2025-11-26 18:00:00,16699,23.6,87.0,,,50.07,2025.0,11
2025-11-26 19:00:00,16700,23.7,87.5,,,45.74,2025.0,11
2025-11-26 20:00:00,16701,23.88,87.47,,,45.45,2025.0,11
2025-11-26 21:00:00,16702,24.0,86.8,,,55.14,2025.0,11
2025-11-26 22:00:00,16703,24.19,85.87,,,60.93,2025.0,11
2025-11-26 23:00:00,16704,24.36,84.83,,,53.22,2025.0,11
2025-11-27 00:00:00,16705,24.38,84.93,,,45.47,2025.0,11
2025-11-27 01:00:00,16706,24.4,84.93,,,45.11,2025.0,11
2025-11-27 02:00:00,16707,24.19,83.87,,,24.46,2025.0,11
2025-11-27 03:00:00,16708,23.92,84.07,,,15.95,2025.0,11
2025-11-27 04:00:00,16709,23.63,85.87,,,28.52,2025.0,11
2025-11-27 05:00:00,16710,23.43,88.17,,,43.53,2025.0,11
2025-11-27 06:00:00,16711,29.49,71.83,,,50.79,2025.0,11
2025-11-27 07:00:00,16712,33.31,58.47,,,33.3,2025.0,11
2025-11-27 08:00:00,16713,34.49,54.7,,,39.33,2025.0,11
2025-11-27 09:00:00,16714,34.59,52.8,,,30.13,2025.0,11
2025-11-27 10:00:00,16715,35.65,49.37,,,31.27,2025.0,11
2025-11-27 11:00:00,16716,34.87,50.47,,,33.13,2025.0,11
2025-11-27 12:00:00,16717,26.8,75.3,,,38.93,2025.0,11
2025-11-27 13:00:00,16718,23.61,85.33,,,24.14,2025.0,11
2025-11-27 14:00:00,16719,24.58,83.8,,,28.03,2025.0,11
2025-11-27 15:00:00,16720,26.3,80.63,,,36.41,2025.0,11
2025-11-27 16:00:00,16721,26.85,77.8,,,69.6,2025.0,11
2025-11-27 17:00:00,16722,25.89,80.37,,,,2025.0,11
2025-11-27 18:00:00,16723,25.21,82.77,,,49.4,2025.0,11
2025-11-27 19:00:00,16724,25.16,82.96,,,45.39,2025.0,11
2025-11-27 20:00:00,16725,25.01,84.63,,,,2025.0,11
2025-11-27 21:00:00,16726,24.86,85.07,,,,2025.0,11
2025-11-27 22:00:00,16727,24.47,84.93,,,60.61,2025.0,11
2025-11-27 23:00:00,16728,24.12,81.03,,,21.19,2025.0,11
2025-11-28 00:00:00,16729,23.71,82.53,,,20.17,2025.0,11
2025-11-28 01:00:00,16730,23.32,85.57,,,26.11,2025.0,11
2025-11-28 02:00:00,16731,23.33,84.24,,,20.31,2025.0,11
2025-11-28 03:00:00,16732,22.69,85.11,,,18.66,2025.0,11
2025-11-28 04:00:00,16733,22.16,86.9,,,29.78,2025.0,11
2025-11-28 05:00:00,16734,21.77,86.57,,,28.59,2025.0,11
2025-11-28 06:00:00,16735,24.86,77.77,,,52.63,2025.0,11
2025-11-28 07:00:00,16736,30.75,61.8,,,59.6,2025.0,11
2025-11-28 08:00:00,16737,31.16,59.0,,,28.87,2025.0,11
2025-11-28 09:00:00,16738,32.52,54.87,,,29.27,2025.0,11
2025-11-28 10:00:00,16739,34.68,50.07,,,29.2,2025.0,11
2025-11-28 11:00:00,16740,35.54,47.8,,,26.23,2025.0,11
2025-11-28 12:00:00,16741,37.74,44.47,,,21.73,2025.0,11
2025-11-28 13:00:00,16742,35.99,47.7,,,31.53,2025.0,11
2025-11-28 14:00:00,16743,33.27,52.07,,,25.63,2025.0,11
2025-11-28 15:00:00,16744,32.3,53.23,,,14.93,2025.0,11
2025-11-28 16:00:00,16745,30.69,55.4,,,12.07,2025.0,11
2025-11-28 17:00:00,16746,29.09,61.97,,,41.5,2025.0,11
2025-11-28 18:00:00,16747,26.82,73.2,,,50.53,2025.0,11
2025-11-28 19:00:00,16748,26.44,72.0,,,46.37,2025.0,11
2025-11-28 20:00:00,16749,25.97,72.97,,,35.73,2025.0,11
2025-11-28 21:00:00,16750,25.08,75.93,,,35.37,2025.0,11
2025-11-28 22:00:00,16751,24.49,78.2,,,44.9,2025.0,11
2025-11-28 23:00:00,16752,24.06,79.11,,,41.73,2025.0,11
2025-11-29 00:00:00,16753,23.56,81.2,,,27.63,2025.0,11
2025-11-29 01:00:00,16754,23.06,83.24,,,25.64,2025.0,11
2025-11-29 02:00:00,16755,22.7,84.31,,,53.83,2025.0,11
2025-11-29 03:00:00,16756,22.69,83.3,,,40.49,2025.0,11
2025-11-29 04:00:00,16757,22.62,82.73,,,30.64,2025.0,11
2025-11-29 05:00:00,16758,22.63,83.03,,,25.82,2025.0,11
2025-11-29 06:00:00,16759,26.73,71.13,,,59.8,2025.0,11
2025-11-29 07:00:00,16760,31.58,57.37,,,42.73,2025.0,11
2025-11-29 08:00:00,16761,33.38,52.53,,,39.23,2025.0,11
2025-11-29 09:00:00,16762,37.52,43.53,,,30.57,2025.0,11
2025-11-29 10:00:00,16763,37.67,41.03,,,26.27,2025.0,11
2025-11-29 11:00:00,16764,38.9,39.63,,,26.83,2025.0,11
2025-11-29 12:00:00,16765,36.7,43.6,,,35.5,2025.0,11
2025-11-29 13:00:00,16766,34.56,47.03,,,40.5,2025.0,11
2025-11-29 14:00:00,16767,32.32,53.93,,,40.5,2025.0,11
2025-11-29 15:00:00,16768,30.65,60.03,,,41.4,2025.0,11
2025-11-29 16:00:00,16769,27.66,69.87,,,37.73,2025.0,11
2025-11-29 17:00:00,16770,25.37,78.5,,,30.31,2025.0,11
2025-11-29 18:00:00,16771,24.87,81.17,,,31.8,2025.0,11
2025-11-29 19:00:00,16772,25.28,81.1,,,42.57,2025.0,11
2025-11-29 20:00:00,16773,25.14,82.03,,,33.57,2025.0,11
2025-11-29 21:00:00,16774,25.01,84.03,,,36.2,2025.0,11
2025-11-29 22:00:00,16775,24.88,84.17,,,37.5,2025.0,11
2025-11-29 23:00:00,16776,25.02,83.2,,,34.55,2025.0,11
2025-11-30 00:00:00,16777,24.78,80.27,,,19.54,2025.0,11
2025-11-30 01:00:00,16778,24.34,81.07,,,16.37,2025.0,11
2025-11-30 02:00:00,16779,23.96,82.34,,,18.81,2025.0,11
2025-11-30 03:00:00,16780,23.59,84.9,,,24.88,2025.0,11
2025-11-30 04:00:00,16781,23.59,85.53,,,31.09,2025.0,11
2025-11-30 05:00:00,16782,23.91,84.33,,,36.6,2025.0,11
2025-11-30 06:00:00,16783,24.36,81.17,,,29.1,2025.0,11
2025-11-30 07:00:00,16784,27.44,74.0,,,45.57,2025.0,11
2025-11-30 08:00:00,16785,34.57,55.53,,,41.63,2025.0,11
2025-11-30 09:00:00,16786,36.22,49.5,,,34.57,2025.0,11
2025-11-30 10:00:00,16787,36.74,45.8,,,34.87,2025.0,11
2025-11-30 11:00:00,16788,37.27,44.67,,,38.5,2025.0,11
2025-11-30 12:00:00,16789,38.1,43.3,,,40.93,2025.0,11
2025-12-01 01:00:00,16802,22.86,91.6,,,41.67,2025.0,12
2025-12-01 02:00:00,16803,22.46,91.27,,,37.92,2025.0,12
2025-12-01 03:00:00,16804,22.62,91.47,,,37.9,2025.0,12
2025-12-01 04:00:00,16805,22.85,89.87,,,40.62,2025.0,12
2025-12-01 05:00:00,16806,22.71,89.93,,,43.86,2025.0,12
2025-12-01 06:00:00,16807,24.69,83.93,,,46.19,2025.0,12
2025-12-01 07:00:00,16808,31.16,66.37,,,53.4,2025.0,12
2025-12-01 08:00:00,16809,33.08,59.1,,,49.1,2025.0,12
2025-12-01 09:00:00,16810,33.23,58.0,,,42.13,2025.0,12
2025-12-01 10:00:00,16811,34.73,52.97,,,35.83,2025.0,12
2025-12-01 11:00:00,16812,37.02,47.27,,,32.13,2025.0,12
2025-12-01 12:00:00,16813,37.99,44.53,,,30.57,2025.0,12
2025-12-01 13:00:00,16814,36.18,47.67,,,33.4,2025.0,12
2025-12-01 14:00:00,16815,30.3,60.63,,,39.4,2025.0,12
2025-12-01 15:00:00,16816,23.73,82.87,,,34.4,2025.0,12
2025-12-01 16:00:00,16817,22.91,89.77,,,32.81,2025.0,12
2025-12-01 17:00:00,16818,22.42,88.57,,,27.29,2025.0,12
2025-12-01 18:00:00,16819,22.51,89.67,,,36.83,2025.0,12
2025-12-01 19:00:00,16820,22.63,89.8,,,30.84,2025.0,12
2025-12-01 20:00:00,16821,22.78,89.97,,,31.76,2025.0,12
2025-12-01 21:00:00,16822,22.89,89.67,,,40.07,2025.0,12
2025-12-01 22:00:00,16823,22.9,90.0,,,40.13,2025.0,12
2025-12-01 23:00:00,16824,23.13,89.4,,,52.57,2025.0,12
2025-12-02 00:00:00,16825,23.1,90.83,,,53.58,2025.0,12
2025-12-02 01:00:00,16826,23.08,90.77,,,50.72,2025.0,12
2025-12-02 02:00:00,16827,22.98,90.6,,,51.32,2025.0,12
2025-12-02 03:00:00,16828,22.83,90.67,,,52.35,2025.0,12
2025-12-02 04:00:00,16829,22.62,91.3,,,47.55,2025.0,12
2025-12-02 05:00:00,16830,22.66,90.77,,,52.89,2025.0,12
2025-12-02 06:00:00,16831,24.4,85.27,,,53.78,2025.0,12
2025-12-02 07:00:00,16832,29.48,71.2,,,65.68,2025.0,12
2025-12-02 08:00:00,16833,32.42,61.8,,,53.47,2025.0,12
2025-12-02 09:00:00,16834,34.46,54.8,,,47.47,2025.0,12
2025-12-02 10:00:00,16835,38.71,43.67,,,21.5,2025.0,12
2025-12-02 11:00:00,16836,37.46,42.87,,,13.53,2025.0,12
2025-12-02 12:00:00,16837,37.36,43.7,,,19.97,2025.0,12
2025-12-02 13:00:00,16838,32.88,53.93,,,40.07,2025.0,12
2025-12-02 14:00:00,16839,33.8,52.77,,,43.47,2025.0,12
2025-12-02 15:00:00,16840,33.06,53.87,,,46.73,2025.0,12
2025-12-02 16:00:00,16841,29.77,62.03,,,48.17,2025.0,12
2025-12-02 17:00:00,16842,24.46,81.27,,,30.58,2025.0,12
2025-12-02 18:00:00,16843,24.21,85.07,,,47.06,2025.0,12
2025-12-02 19:00:00,16844,24.29,84.27,,,28.25,2025.0,12
2025-12-02 20:00:00,16845,24.12,85.33,,,34.1,2025.0,12
2025-12-02 21:00:00,16846,23.94,84.9,,,31.89,2025.0,12
2025-12-02 22:00:00,16847,23.75,84.87,,,27.89,2025.0,12
2025-12-02 23:00:00,16848,23.67,85.07,,,33.48,2025.0,12
2025-12-03 00:00:00,16849,23.67,84.97,,,46.72,2025.0,12
2025-12-03 01:00:00,16850,23.69,86.5,,,62.56,2025.0,12
2025-12-03 02:00:00,16851,23.47,88.33,,,48.62,2025.0,12
2025-12-03 03:00:00,16852,23.15,90.47,,,63.45,2025.0,12
2025-12-03 04:00:00,16853,23.24,90.13,,,73.99,2025.0,12
2025-12-03 05:00:00,16854,23.42,89.73,,,51.59,2025.0,12
2025-12-03 06:00:00,16855,24.26,86.23,,,66.4,2025.0,12
2025-12-03 07:00:00,16856,27.31,77.7,,,76.82,2025.0,12
2025-12-03 08:00:00,16857,28.93,70.83,,,67.37,2025.0,12
2025-12-03 09:00:00,16858,31.03,63.4,,,55.37,2025.0,12
2025-12-03 10:00:00,16859,32.83,57.56,,,39.07,2025.0,12
2025-12-03 11:00:00,16860,33.18,55.1,,,35.87,2025.0,12
2025-12-03 12:00:00,16861,33.87,53.87,,,32.87,2025.0,12
2025-12-03 13:00:00,16862,34.71,50.5,,,27.87,2025.0,12
2025-12-03 14:00:00,16863,34.24,51.97,,,32.2,2025.0,12
2025-12-03 15:00:00,16864,29.4,65.8,,,39.7,2025.0,12
2025-12-03 16:00:00,16865,28.51,69.87,,,48.17,2025.0,12
2025-12-03 17:00:00,16866,26.01,76.03,,,34.47,2025.0,12
2025-12-03 18:00:00,16867,23.14,88.63,,,19.3,2025.0,12
2025-12-03 19:00:00,16868,23.09,89.03,,,20.35,2025.0,12
2025-12-03 20:00:00,16869,23.33,89.1,,,28.39,2025.0,12
2025-12-03 21:00:00,16870,22.94,89.5,,,23.78,2025.0,12
2025-12-03 22:00:00,16871,22.76,89.0,,,18.18,2025.0,12
2025-12-03 23:00:00,16872,23.0,88.43,,,21.8,2025.0,12
2025-12-04 00:00:00,16873,23.19,88.9,,,31.24,2025.0,12
2025-12-04 01:00:00,16874,23.13,88.63,,,32.9,2025.0,12
2025-12-04 02:00:00,16875,22.99,88.87,,,30.46,2025.0,12
2025-12-04 03:00:00,16876,22.91,89.2,,,29.39,2025.0,12
2025-12-04 04:00:00,16877,22.98,89.4,,,30.84,2025.0,12
2025-12-04 05:00:00,16878,23.12,88.67,,,33.79,2025.0,12
2025-12-04 06:00:00,16879,24.7,84.7,,,45.37,2025.0,12
2025-12-04 07:00:00,16880,30.85,68.1,,,57.0,2025.0,12
2025-12-04 08:00:00,16881,34.3,56.87,,,41.97,2025.0,12
2025-12-04 09:00:00,16882,34.8,53.17,,,29.03,2025.0,12
2025-12-04 10:00:00,16883,36.66,48.48,,,34.03,2025.0,12
2025-12-04 11:00:00,16884,36.53,46.43,,,27.9,2025.0,12
2025-12-04 12:00:00,16885,32.24,56.07,,,31.03,2025.0,12
2025-12-04 13:00:00,16886,25.87,76.2,,,24.76,2025.0,12
2025-12-04 14:00:00,16887,22.55,87.73,,,13.98,2025.0,12
2025-12-04 15:00:00,16888,22.73,87.03,,,24.03,2025.0,12
2025-12-04 16:00:00,16889,22.62,89.0,,,25.46,2025.0,12
2025-12-04 17:00:00,16890,22.66,89.67,,,26.17,2025.0,12
2025-12-04 18:00:00,16891,22.52,90.4,,,30.55,2025.0,12
2025-12-04 19:00:00,16892,22.48,91.0,,,31.2,2025.0,12
2025-12-04 20:00:00,16893,22.54,91.0,,,33.05,2025.0,12
2025-12-04 21:00:00,16894,22.55,91.1,,,37.65,2025.0,12
2025-12-04 22:00:00,16895,22.13,91.53,,,43.57,2025.0,12
2025-12-04 23:00:00,16896,21.95,91.67,,,40.13,2025.0,12
2025-12-05 00:00:00,16897,22.05,91.6,,,45.11,2025.0,12
2025-12-05 01:00:00,16898,21.95,90.03,,,34.3,2025.0,12
2025-12-05 02:00:00,16899,21.75,90.57,,,34.71,2025.0,12
2025-12-05 03:00:00,16900,21.83,90.2,,,37.92,2025.0,12
2025-12-05 04:00:00,16901,22.29,89.63,,,46.5,2025.0,12
2025-12-05 05:00:00,16902,22.24,89.63,,,45.25,2025.0,12
2025-12-05 06:00:00,16903,24.09,84.97,,,44.11,2025.0,12
2025-12-05 07:00:00,16904,29.25,70.9,,,66.87,2025.0,12
2025-12-05 08:00:00,16905,35.57,53.97,,,53.17,2025.0,12
2025-12-05 09:00:00,16906,35.64,48.43,,,26.37,2025.0,12
2025-12-05 10:00:00,16907,35.87,44.8,,,12.13,2025.0,12
2025-12-05 11:00:00,16908,37.79,42.77,,,14.53,2025.0,12
2025-12-05 12:00:00,16909,36.74,43.53,,,16.6,2025.0,12
2025-12-05 13:00:00,16910,27.85,69.67,,,27.61,2025.0,12
2025-12-05 14:00:00,16911,23.24,84.2,,,18.25,2025.0,12
2025-12-05 15:00:00,16912,23.09,89.3,,,29.46,2025.0,12
2025-12-05 16:00:00,16913,23.26,89.4,,,32.36,2025.0,12
2025-12-05 17:00:00,16914,23.19,89.83,,,29.52,2025.0,12
2025-12-05 18:00:00,16915,23.12,90.6,,,34.06,2025.0,12
2025-12-05 19:00:00,16916,23.02,91.0,,,41.38,2025.0,12
2025-12-05 20:00:00,16917,22.77,91.0,,,30.75,2025.0,12
2025-12-05 21:00:00,16918,22.83,91.63,,,31.85,2025.0,12
2025-12-05 22:00:00,16919,22.85,91.5,,,34.8,2025.0,12
2025-12-05 23:00:00,16920,22.71,92.0,,,48.8,2025.0,12
2025-12-06 00:00:00,16921,22.67,92.0,,,69.64,2025.0,12
2025-12-06 01:00:00,16922,22.67,92.03,,,49.0,2025.0,12
2025-12-06 02:00:00,16923,22.69,91.83,,,48.26,2025.0,12
2025-12-06 03:00:00,16924,22.52,91.83,,,52.01,2025.0,12
2025-12-06 04:00:00,16925,22.06,92.63,,,57.22,2025.0,12
2025-12-06 05:00:00,16926,22.01,92.48,,,46.02,2025.0,12
2025-12-06 06:00:00,16927,24.41,85.7,,,43.93,2025.0,12
2025-12-06 07:00:00,16928,29.46,69.67,,,49.1,2025.0,12
2025-12-06 08:00:00,16929,29.9,66.1,,,37.47,2025.0,12
2025-12-06 09:00:00,16930,32.0,58.9,,,30.2,2025.0,12
2025-12-06 10:00:00,16931,36.02,49.6,,,19.57,2025.0,12
2025-12-06 11:00:00,16932,38.72,44.0,,,19.53,2025.0,12
2025-12-06 12:00:00,16933,33.21,54.73,,,39.2,2025.0,12
2025-12-06 13:00:00,16934,30.11,62.73,,,34.47,2025.0,12
2025-12-06 14:00:00,16935,26.32,73.2,,,26.97,2025.0,12
2025-12-06 15:00:00,16936,26.64,73.17,,,31.37,2025.0,12
2025-12-06 16:00:00,16937,26.6,71.8,,,31.97,2025.0,12
2025-12-06 17:00:00,16938,26.55,72.87,,,39.27,2025.0,12
2025-12-06 18:00:00,16939,25.87,76.6,,,43.2,2025.0,12
2025-12-06 19:00:00,16940,25.61,79.37,,,63.76,2025.0,12
2025-12-06 20:00:00,16941,25.25,81.3,,,75.84,2025.0,12
2025-12-06 21:00:00,16942,24.88,81.93,,,58.94,2025.0,12
2025-12-06 22:00:00,16943,24.5,83.33,,,55.34,2025.0,12
2025-12-06 23:00:00,16944,24.11,84.4,,,56.86,2025.0,12
2025-12-07 00:00:00,16945,24.1,84.8,,,57.98,2025.0,12
2025-12-07 01:00:00,16946,24.0,84.83,,,52.75,2025.0,12
2025-12-07 02:00:00,16947,23.85,85.13,,,52.51,2025.0,12
2025-12-07 03:00:00,16948,23.85,85.2,,,50.21,2025.0,12
2025-12-07 04:00:00,16949,23.66,86.7,,,42.3,2025.0,12
2025-12-07 05:00:00,16950,23.72,86.7,,,43.22,2025.0,12
2025-12-07 06:00:00,16951,24.14,85.07,,,41.85,2025.0,12
2025-12-07 07:00:00,16952,26.02,80.6,,,43.23,2025.0,12
2025-12-07 08:00:00,16953,29.49,67.43,,,33.73,2025.0,12
2025-12-07 09:00:00,16954,33.31,57.83,,,36.6,2025.0,12
2025-12-07 10:00:00,16955,37.77,48.17,,,42.2,2025.0,12
2025-12-07 11:00:00,16956,37.87,46.87,,,42.47,2025.0,12
2025-12-07 12:00:00,16957,36.65,47.63,,,41.03,2025.0,12
2025-12-07 13:00:00,16958,37.11,47.17,,,41.4,2025.0,12
2025-12-07 14:00:00,16959,33.74,53.53,,,43.0,2025.0,12
2025-12-07 15:00:00,16960,28.76,67.07,,,42.4,2025.0,12
2025-12-07 16:00:00,16961,25.79,78.23,,,33.62,2025.0,12
2025-12-07 17:00:00,16962,24.61,83.6,,,22.69,2025.0,12
2025-12-07 18:00:00,16963,24.23,85.0,,,27.27,2025.0,12
2025-12-07 19:00:00,16964,24.32,84.77,,,31.0,2025.0,12
2025-12-07 20:00:00,16965,24.38,85.1,,,32.83,2025.0,12
2025-12-07 21:00:00,16966,24.61,84.33,,,32.85,2025.0,12
2025-12-07 22:00:00,16967,24.67,84.7,,,40.6,2025.0,12
2025-12-07 23:00:00,16968,24.65,83.57,,,33.95,2025.0,12
2025-12-08 00:00:00,16969,24.36,83.87,,,30.69,2025.0,12
2025-12-08 01:00:00,16970,24.16,84.53,,,32.16,2025.0,12
2025-12-08 02:00:00,16971,23.71,86.6,,,34.88,2025.0,12
2025-12-08 03:00:00,16972,23.25,88.8,,,41.32,2025.0,12
2025-12-08 04:00:00,16973,23.23,87.83,,,35.04,2025.0,12
2025-12-08 05:00:00,16974,22.93,88.1,,,36.56,2025.0,12
2025-12-08 06:00:00,16975,24.21,84.4,,,47.03,2025.0,12
2025-12-08 07:00:00,16976,28.58,71.3,,,66.46,2025.0,12
2025-12-08 08:00:00,16977,31.36,63.67,,,54.2,2025.0,12
2025-12-08 09:00:00,16978,34.64,55.53,,,55.83,2025.0,12
2025-12-08 10:00:00,16979,36.58,49.52,,,50.9,2025.0,12
2025-12-08 11:00:00,16980,34.1,53.0,,,46.2,2025.0,12
2025-12-08 12:00:00,16981,33.27,54.17,,,30.13,2025.0,12
2025-12-08 13:00:00,16982,27.43,74.77,,,42.33,2025.0,12
2025-12-08 14:00:00,16983,27.99,74.0,,,35.9,2025.0,12
2025-12-08 15:00:00,16984,27.54,74.07,,,38.37,2025.0,12
2025-12-08 16:00:00,16985,27.56,73.73,,,35.37,2025.0,12
2025-12-08 17:00:00,16986,26.3,77.4,,,41.22,2025.0,12
2025-12-08 18:00:00,16987,24.7,80.47,,,14.63,2025.0,12
2025-12-08 19:00:00,16988,23.9,84.27,,,16.77,2025.0,12
2025-12-08 20:00:00,16989,23.65,85.53,,,24.19,2025.0,12
2025-12-08 21:00:00,16990,23.9,84.0,,,33.5,2025.0,12
2025-12-08 22:00:00,16991,23.85,84.4,,,26.4,2025.0,12
2025-12-08 23:00:00,16992,23.49,87.5,,,24.1,2025.0,12
2025-12-09 00:00:00,16993,23.18,89.67,,,34.59,2025.0,12
2025-12-09 01:00:00,16994,22.97,89.17,,,50.56,2025.0,12
2025-12-09 02:00:00,16995,22.94,89.0,,,44.73,2025.0,12
2025-12-09 03:00:00,16996,23.03,89.67,,,40.53,2025.0,12
2025-12-09 04:00:00,16997,22.83,89.77,,,36.6,2025.0,12
2025-12-09 05:00:00,16998,22.47,89.1,,,36.2,2025.0,12
2025-12-09 06:00:00,16999,23.58,85.97,,,43.37,2025.0,12
2025-12-09 07:00:00,17000,27.21,75.57,,,53.7,2025.0,12
2025-12-09 08:00:00,17001,32.13,61.23,,,45.07,2025.0,12
2025-12-09 09:00:00,17002,32.96,57.13,,,37.87,2025.0,12
2025-12-09 10:00:00,17003,34.04,53.97,,,46.87,2025.0,12
2025-12-09 11:00:00,17004,39.0,44.1,,,45.86,2025.0,12
2025-12-09 12:00:00,17005,38.36,43.47,,,46.27,2025.0,12
2025-12-09 13:00:00,17006,35.3,45.13,,,33.83,2025.0,12
2025-12-09 14:00:00,17007,34.77,44.87,,,22.73,2025.0,12
2025-12-09 15:00:00,17008,29.35,64.77,,,46.97,2025.0,12
2025-12-09 16:00:00,17009,26.54,72.13,,,45.9,2025.0,12
2025-12-09 17:00:00,17010,25.77,75.73,,,46.27,2025.0,12
2025-12-09 18:00:00,17011,25.13,78.2,,,47.37,2025.0,12
2025-12-09 19:00:00,17012,24.95,79.07,,,44.75,2025.0,12
2025-12-09 20:00:00,17013,24.81,80.07,,,41.73,2025.0,12
2025-12-09 21:00:00,17014,24.63,80.8,,,44.33,2025.0,12
2025-12-09 22:00:00,17015,24.46,80.9,,,47.3,2025.0,12
2025-12-09 23:00:00,17016,24.21,81.6,,,40.02,2025.0,12
2025-12-10 00:00:00,17017,23.98,82.03,,,40.78,2025.0,12
2025-12-10 01:00:00,17018,23.7,83.63,,,43.44,2025.0,12
2025-12-10 02:00:00,17019,23.46,85.77,,,44.26,2025.0,12
2025-12-10 03:00:00,17020,23.28,86.53,,,48.06,2025.0,12
2025-12-10 04:00:00,17021,23.41,86.23,,,50.27,2025.0,12
2025-12-10 05:00:00,17022,23.19,86.0,,,45.34,2025.0,12
2025-12-10 06:00:00,17023,23.85,83.27,,,44.26,2025.0,12
2025-12-10 07:00:00,17024,27.74,73.17,,,66.15,2025.0,12
2025-12-10 08:00:00,17025,31.74,62.17,,,,2025.0,12
2025-12-10 09:00:00,17026,33.43,56.5,,,60.43,2025.0,12
2025-12-10 10:00:00,17027,34.67,51.47,,,41.27,2025.0,12
2025-12-10 11:00:00,17028,36.47,46.07,,,27.93,2025.0,12
2025-12-10 12:00:00,17029,37.11,47.47,,,53.63,2025.0,12
2025-12-10 13:00:00,17030,34.58,52.83,,,55.07,2025.0,12
2025-12-10 14:00:00,17031,26.14,74.24,,,38.68,2025.0,12
2025-12-10 15:00:00,17032,23.49,84.8,,,32.81,2025.0,12
2025-12-10 16:00:00,17033,23.08,87.53,,,25.55,2025.0,12
2025-12-10 17:00:00,17034,23.53,87.0,,,21.24,2025.0,12
2025-12-10 18:00:00,17035,23.63,86.6,,,31.0,2025.0,12
2025-12-10 19:00:00,17036,23.7,86.63,,,41.5,2025.0,12
2025-12-10 20:00:00,17037,23.69,86.93,,,49.37,2025.0,12
2025-12-10 21:00:00,17038,23.53,88.4,,,62.11,2025.0,12
2025-12-10 22:00:00,17039,23.64,88.27,,,72.34,2025.0,12
2025-12-10 23:00:00,17040,23.66,87.53,,,66.26,2025.0,12
2025-12-11 00:00:00,17041,23.68,87.73,,,72.11,2025.0,12
2025-12-11 01:00:00,17042,23.35,89.5,,,71.06,2025.0,12
2025-12-11 02:00:00,17043,23.0,90.0,,,56.79,2025.0,12
2025-12-11 03:00:00,17044,23.03,89.97,,,63.29,2025.0,12
2025-12-11 04:00:00,17045,22.91,90.1,,,58.2,2025.0,12
2025-12-11 05:00:00,17046,22.79,89.1,,,49.4,2025.0,12
2025-12-11 06:00:00,17047,24.59,84.8,,,61.01,2025.0,12
2025-12-11 07:00:00,17048,28.42,73.2,,,,2025.0,12
2025-12-11 08:00:00,17049,33.25,60.2,,,,2025.0,12
2025-12-11 09:00:00,17050,35.61,54.57,,,78.87,2025.0,12
2025-12-11 10:00:00,17051,35.7,50.47,,,52.43,2025.0,12
2025-12-11 11:00:00,17052,36.57,43.87,,,23.13,2025.0,12
2025-12-11 12:00:00,17053,37.32,41.63,,,23.5,2025.0,12
2025-12-11 13:00:00,17054,38.31,44.33,,,39.9,2025.0,12
2025-12-11 14:00:00,17055,26.16,73.03,,,34.44,2025.0,12
2025-12-11 15:00:00,17056,21.84,86.7,,,22.65,2025.0,12
2025-12-11 16:00:00,17057,21.91,88.1,,,27.29,2025.0,12
2025-12-11 17:00:00,17058,22.08,90.3,,,39.26,2025.0,12
2025-12-11 18:00:00,17059,22.13,90.47,,,34.66,2025.0,12
2025-12-11 19:00:00,17060,22.68,89.78,,,60.45,2025.0,12
2025-12-11 20:00:00,17061,22.71,90.3,,,53.33,2025.0,12
2025-12-11 21:00:00,17062,22.54,91.32,,,54.15,2025.0,12
2025-12-11 22:00:00,17063,22.41,91.97,,,54.96,2025.0,12
2025-12-11 23:00:00,17064,22.27,92.0,,,65.79,2025.0,12
2025-12-12 00:00:00,17065,22.12,92.4,,,55.7,2025.0,12
2025-12-12 01:00:00,17066,22.02,92.7,,,55.77,2025.0,12
2025-12-12 02:00:00,17067,21.89,92.0,,,48.82,2025.0,12
2025-12-12 03:00:00,17068,21.74,92.27,,,52.06,2025.0,12
2025-12-12 04:00:00,17069,22.23,91.4,,,56.88,2025.0,12
2025-12-12 05:00:00,17070,21.99,91.83,,,60.99,2025.0,12
2025-12-12 06:00:00,17071,23.26,87.97,,,59.11,2025.0,12
2025-12-12 07:00:00,17072,31.85,63.27,,,73.5,2025.0,12
2025-12-12 08:00:00,17073,36.53,51.47,,,59.8,2025.0,12
2025-12-12 09:00:00,17074,37.81,44.13,,,38.73,2025.0,12
2025-12-12 10:00:00,17075,37.98,42.63,,,42.47,2025.0,12
2025-12-12 11:00:00,17076,39.34,38.87,,,30.97,2025.0,12
2025-12-12 12:00:00,17077,39.01,39.8,,,22.83,2025.0,12
2025-12-12 13:00:00,17078,38.53,40.67,,,21.2,2025.0,12
2025-12-12 14:00:00,17079,36.74,43.87,,,21.03,2025.0,12
2025-12-12 15:00:00,17080,32.43,55.73,,,27.73,2025.0,12
2025-12-12 16:00:00,17081,29.54,63.7,,,31.67,2025.0,12
2025-12-12 17:00:00,17082,27.57,71.23,,,41.33,2025.0,12
2025-12-12 18:00:00,17083,26.13,76.3,,,47.47,2025.0,12
2025-12-12 19:00:00,17084,26.15,76.07,,,47.23,2025.0,12
2025-12-12 20:00:00,17085,26.01,78.2,,,44.03,2025.0,12
2025-12-12 21:00:00,17086,25.92,78.83,,,43.84,2025.0,12
2025-12-12 22:00:00,17087,25.25,80.47,,,32.49,2025.0,12
2025-12-12 23:00:00,17088,24.86,81.8,,,32.03,2025.0,12
2025-12-13 00:00:00,17089,24.57,83.13,,,34.73,2025.0,12
2025-12-13 01:00:00,17090,24.36,84.57,,,42.7,2025.0,12
2025-12-13 02:00:00,17091,24.14,85.07,,,51.88,2025.0,12
2025-12-13 03:00:00,17092,23.74,86.2,,,74.97,2025.0,12
2025-12-13 04:00:00,17093,23.42,86.1,,,51.92,2025.0,12
2025-12-13 05:00:00,17094,23.03,84.27,,,31.38,2025.0,12
2025-12-13 06:00:00,17095,23.93,82.1,,,40.49,2025.0,12
2025-12-13 07:00:00,17096,26.04,76.83,,,77.93,2025.0,12
2025-12-13 08:00:00,17097,31.19,63.27,,,67.4,2025.0,12
2025-12-13 09:00:00,17098,34.1,54.73,,,60.27,2025.0,12
2025-12-13 10:00:00,17099,36.34,47.37,,,47.4,2025.0,12
2025-12-13 11:00:00,17100,34.76,44.67,,,23.63,2025.0,12
2025-12-13 12:00:00,17101,34.43,47.53,,,24.47,2025.0,12
2025-12-13 13:00:00,17102,35.86,45.07,,,12.83,2025.0,12
2025-12-13 14:00:00,17103,35.62,47.83,,,22.17,2025.0,12
2025-12-13 15:00:00,17104,34.83,49.47,,,28.9,2025.0,12
2025-12-13 16:00:00,17105,32.01,55.4,,,32.07,2025.0,12
2025-12-13 17:00:00,17106,29.24,63.97,,,44.07,2025.0,12
2025-12-13 18:00:00,17107,27.42,70.3,,,46.3,2025.0,12
2025-12-13 19:00:00,17108,26.37,73.93,,,39.3,2025.0,12
2025-12-13 20:00:00,17109,25.98,76.47,,,42.07,2025.0,12
2025-12-25 13:00:00,17390,33.3,57.43,,,31.86,2025.0,12
2025-12-25 14:00:00,17391,29.13,69.15,,,31.03,2025.0,12
2025-12-25 15:00:00,17392,26.37,77.17,,,32.44,2025.0,12
2025-12-25 16:00:00,17393,25.7,82.52,,,28.58,2025.0,12
2025-12-25 17:00:00,17394,24.97,85.92,,,36.21,2025.0,12
2025-12-25 18:00:00,17395,24.68,86.93,,,37.65,2025.0,12
2025-12-25 19:00:00,17396,24.68,85.83,,,39.66,2025.0,12
2025-12-25 20:00:00,17397,24.78,85.24,,,37.94,2025.0,12
2025-12-25 21:00:00,17398,24.5,87.37,,,42.6,2025.0,12
2025-12-25 22:00:00,17399,24.59,87.17,,,41.56,2025.0,12
2025-12-25 23:00:00,17400,24.32,89.1,,,45.9,2025.0,12
2025-12-26 00:00:00,17401,24.05,88.73,,,41.03,2025.0,12
2025-12-26 01:00:00,17402,23.77,89.35,,,42.68,2025.0,12
2025-12-26 02:00:00,17403,23.8,89.14,,,45.36,2025.0,12
2025-12-26 03:00:00,17404,23.89,89.1,,,43.88,2025.0,12
2025-12-26 04:00:00,17405,23.47,89.44,,,26.11,2025.0,12
2025-12-26 05:00:00,17406,22.97,91.67,,,29.67,2025.0,12
2025-12-26 06:00:00,17407,25.64,83.93,,,38.51,2025.0,12
2025-12-26 07:00:00,17408,33.32,63.2,,,45.37,2025.0,12
2025-12-26 08:00:00,17409,36.02,55.67,,,53.83,2025.0,12
2025-12-26 09:00:00,17410,35.93,52.57,,,37.07,2025.0,12
2025-12-26 10:00:00,17411,34.29,55.2,,,22.77,2025.0,12
2025-12-26 11:00:00,17412,32.77,58.48,,,16.47,2025.0,12
2025-12-26 12:00:00,17413,30.21,63.52,,,8.8,2025.0,12
2025-12-26 13:00:00,17414,27.42,75.89,,,13.0,2025.0,12
2025-12-26 14:00:00,17415,26.4,79.76,,,29.02,2025.0,12
2025-12-26 15:00:00,17416,25.91,82.0,,,28.29,2025.0,12
2025-12-26 16:00:00,17417,25.85,83.13,,,34.37,2025.0,12
2025-12-26 17:00:00,17418,25.53,83.73,,,39.28,2025.0,12
2025-12-26 18:00:00,17419,25.13,85.72,,,36.3,2025.0,12
2025-12-26 19:00:00,17420,24.93,84.97,,,30.73,2025.0,12
2025-12-26 20:00:00,17421,24.62,86.4,,,47.07,2025.0,12
2025-12-26 21:00:00,17422,24.53,88.57,,,75.82,2025.0,12
2025-12-26 22:00:00,17423,24.23,89.41,,,77.36,2025.0,12
2025-12-26 23:00:00,17424,24.14,89.31,,,,2025.0,12
2025-12-27 00:00:00,17425,23.84,88.89,,,61.73,2025.0,12
2025-12-27 01:00:00,17426,23.51,90.45,,,57.33,2025.0,12
2025-12-27 02:00:00,17427,22.92,92.21,,,52.88,2025.0,12
2025-12-27 03:00:00,17428,22.5,92.0,,,42.9,2025.0,12
2025-12-27 04:00:00,17429,22.3,91.6,,,42.68,2025.0,12
2025-12-27 05:00:00,17430,22.14,92.61,,,53.69,2025.0,12
2025-12-27 06:00:00,17431,24.27,85.96,,,66.9,2025.0,12
2025-12-27 07:00:00,17432,30.79,66.41,,,54.6,2025.0,12
2025-12-27 08:00:00,17433,33.04,58.61,,,41.03,2025.0,12
2025-12-27 09:00:00,17434,35.55,52.86,,,44.17,2025.0,12
2025-12-27 10:00:00,17435,34.76,53.59,,,25.47,2025.0,12
2025-12-27 11:00:00,17436,33.62,55.53,,,11.83,2025.0,12
2025-12-27 12:00:00,17437,34.09,54.33,,,11.89,2025.0,12
2025-12-27 15:00:00,17440,29.61,62.43,0.0,0.0,16.66,2025.0,12
2025-12-27 16:00:00,17441,29.17,63.88,0.0,0.0,22.97,2025.0,12
2025-12-27 17:00:00,17442,28.16,67.45,0.0,0.0,37.33,2025.0,12
2025-12-27 18:00:00,17443,27.67,68.34,0.0,0.0,40.5,2025.0,12
2025-12-27 19:00:00,17444,27.24,69.62,0.0,0.0,49.6,2025.0,12
2025-12-27 20:00:00,17445,26.65,70.69,0.0,0.0,42.67,2025.0,12
2025-12-27 21:00:00,17446,26.34,71.86,0.0,0.0,42.83,2025.0,12
2025-12-27 22:00:00,17447,25.97,74.08,0.0,0.0,41.03,2025.0,12
2025-12-27 23:00:00,17448,25.53,75.68,0.0,0.0,44.63,2025.0,12
2025-12-28 00:00:00,17449,25.2,77.86,0.0,0.0,70.03,2025.0,12
2025-12-28 01:00:00,17450,24.84,78.82,0.0,0.0,75.57,2025.0,12
2025-12-28 02:00:00,17451,24.26,79.74,0.0,0.0,50.29,2025.0,12
2025-12-28 03:00:00,17452,23.94,81.04,0.0,0.0,46.12,2025.0,12
2025-12-28 04:00:00,17453,23.43,84.35,0.0,0.0,55.06,2025.0,12
2025-12-28 05:00:00,17454,23.05,85.26,0.0,0.0,45.37,2025.0,12
2025-12-28 06:00:00,17455,26.65,75.5,0.0,0.0,63.16,2025.0,12
2025-12-28 07:00:00,17456,34.48,55.77,0.0,0.0,49.7,2025.0,12
2025-12-28 08:00:00,17457,36.53,50.74,0.0,0.0,63.47,2025.0,12
2025-12-28 09:00:00,17458,36.47,48.62,0.0,0.0,52.77,2025.0,12
2025-12-28 10:00:00,17459,37.79,44.46,0.0,0.0,28.3,2025.0,12
2025-12-28 11:00:00,17460,39.17,41.5,0.0,0.0,23.17,2025.0,12
2025-12-28 12:00:00,17461,38.14,42.44,0.0,0.0,18.5,2025.0,12
2025-12-28 13:00:00,17462,33.66,56.32,0.0,0.0,30.7,2025.0,12
2025-12-28 14:00:00,17463,33.15,58.38,0.0,0.0,25.03,2025.0,12
2025-12-28 15:00:00,17464,24.13,82.28,0.0,0.0,9.18,2025.0,12
2025-12-28 16:00:00,17465,24.5,83.96,0.0,0.0,26.28,2025.0,12
2025-12-28 17:00:00,17466,23.91,83.15,0.0,0.0,7.32,2025.0,12
2025-12-28 18:00:00,17467,24.03,83.08,0.0,0.0,4.85,2025.0,12
2025-12-28 19:00:00,17468,23.98,84.0,0.0,0.0,25.98,2025.0,12
2025-12-28 20:00:00,17469,23.88,84.44,0.0,0.0,28.0,2025.0,12
2025-12-28 21:00:00,17470,23.93,85.07,0.0,0.0,29.19,2025.0,12
2025-12-28 22:00:00,17471,23.91,85.4,0.0,0.0,33.36,2025.0,12
2025-12-28 23:00:00,17472,23.69,86.03,0.0,0.0,33.08,2025.0,12
2025-12-29 00:00:00,17473,23.26,88.8,0.0,0.0,68.14,2025.0,12
2025-12-29 01:00:00,17474,23.06,89.63,0.0,0.0,56.88,2025.0,12
2025-12-29 02:00:00,17475,22.89,89.28,0.0,0.0,50.0,2025.0,12
2025-12-29 03:00:00,17476,23.14,89.0,0.0,0.0,47.61,2025.0,12
2025-12-29 04:00:00,17477,23.18,89.59,0.0,0.0,53.71,2025.0,12
2025-12-29 05:00:00,17478,22.97,88.86,0.0,0.0,59.57,2025.0,12
2025-12-29 06:00:00,17479,25.9,79.89,0.0,0.0,62.77,2025.0,12
2025-12-29 07:00:00,17480,31.03,66.71,0.0,0.0,,2025.0,12
2025-12-29 08:00:00,17481,31.65,63.11,0.0,0.0,,2025.0,12
2025-12-29 09:00:00,17482,34.17,54.37,0.0,0.0,53.2,2025.0,12
2025-12-29 10:00:00,17483,35.73,49.26,0.0,0.0,37.73,2025.0,12
2025-12-29 11:00:00,17484,36.11,46.56,0.0,0.0,28.03,2025.0,12
2025-12-29 12:00:00,17485,36.12,45.59,0.0,0.0,18.37,2025.0,12
2025-12-29 13:00:00,17486,34.73,48.17,0.0,0.0,14.67,2025.0,12
2025-12-29 14:00:00,17487,30.72,64.92,0.0,0.0,39.93,2025.0,12
2025-12-29 15:00:00,17488,25.81,79.34,0.0,0.0,38.09,2025.0,12
2025-12-29 16:00:00,17489,23.73,84.07,0.0,0.0,25.81,2025.0,12
2025-12-29 17:00:00,17490,23.4,84.64,0.0,0.0,25.23,2025.0,12
2025-12-29 18:00:00,17491,23.9,82.41,0.0,0.0,30.92,2025.0,12
2025-12-29 19:00:00,17492,24.01,82.9,0.0,0.0,34.33,2025.0,12
2025-12-29 20:00:00,17493,24.14,82.85,0.0,0.0,50.38,2025.0,12
2025-12-29 21:00:00,17494,24.29,83.57,0.0,0.0,55.89,2025.0,12
2025-12-29 22:00:00,17495,23.84,85.41,0.0,0.0,58.25,2025.0,12
2025-12-29 23:00:00,17496,23.63,87.82,0.0,0.0,66.26,2025.0,12
2025-12-30 00:00:00,17497,23.62,86.92,0.0,0.0,60.89,2025.0,12
2025-12-30 01:00:00,17498,23.76,85.79,0.0,0.0,54.67,2025.0,12
2025-12-30 02:00:00,17499,23.37,88.74,0.0,0.0,50.29,2025.0,12
2025-12-30 03:00:00,17500,23.02,89.93,0.0,0.0,59.74,2025.0,12
2025-12-30 04:00:00,17501,22.84,90.27,0.0,0.0,70.51,2025.0,12
2025-12-30 05:00:00,17502,22.9,90.79,0.0,0.0,66.47,2025.0,12
2025-12-30 06:00:00,17503,26.77,79.41,0.0,0.0,,2025.0,12
2025-12-30 07:00:00,17504,33.07,62.35,0.0,0.0,,2025.0,12
2025-12-30 08:00:00,17505,35.84,54.0,0.0,0.0,67.67,2025.0,12
2025-12-30 09:00:00,17506,36.68,50.2,0.0,0.0,51.27,2025.0,12
2025-12-30 10:00:00,17507,36.34,48.7,0.0,0.0,42.4,2025.0,12
2025-12-30 11:00:00,17508,36.83,47.1,0.0,0.0,37.33,2025.0,12
2025-12-30 12:00:00,17509,34.97,49.64,0.0,0.0,23.87,2025.0,12
2025-12-30 13:00:00,17510,30.16,63.0,0.0,0.0,29.97,2025.0,12
2025-12-30 14:00:00,17511,29.6,64.32,0.0,0.0,19.33,2025.0,12
2025-12-30 15:00:00,17512,27.43,73.26,0.0,0.0,35.24,2025.0,12
2025-12-30 16:00:00,17513,25.77,79.61,0.0,0.0,36.72,2025.0,12
2025-12-30 17:00:00,17514,25.55,80.63,0.0,0.0,31.76,2025.0,12
2025-12-30 18:00:00,17515,25.63,81.08,0.0,0.0,38.75,2025.0,12
2025-12-30 19:00:00,17516,25.21,82.62,0.0,0.0,38.42,2025.0,12
2025-12-30 20:00:00,17517,25.02,84.15,0.0,0.0,41.04,2025.0,12
2025-12-30 21:00:00,17518,24.96,84.73,0.0,0.0,52.99,2025.0,12
2025-12-30 22:00:00,17519,24.72,84.39,0.0,0.0,53.26,2025.0,12
2025-12-30 23:00:00,17520,24.38,84.07,0.0,0.0,40.98,2025.0,12
