created_at,id,temperature,humidity,sht31_temp,sht31_hum,pm25,year,month
2024-01-01 00:00:00,1,21.78,99.9,,1.83,,2024.0,1
2024-01-01 01:00:00,2,21.59,99.9,,1.83,,2024.0,1
2024-01-01 02:00:00,3,21.44,99.9,,1.82,132.09,2024.0,1
2024-01-01 03:00:00,4,21.25,99.9,,1.81,117.92,2024.0,1
2024-01-01 04:00:00,5,21.12,99.9,,1.81,114.37,2024.0,1
2024-01-01 05:00:00,6,21.25,99.9,,1.81,95.11,2024.0,1
2024-01-01 06:00:00,7,23.03,99.9,,1.82,125.77,2024.0,1
2024-01-01 07:00:00,8,26.99,91.52,,1.82,129.95,2024.0,1
2024-01-01 08:00:00,9,32.47,71.83,,1.81,140.5,2024.0,1
2024-01-01 09:00:00,10,33.7,64.13,,1.79,129.0,2024.0,1
2024-01-01 10:00:00,11,34.04,58.4,,1.78,35.7,2024.0,1
2024-01-01 11:00:00,12,32.55,61.67,,1.78,29.72,2024.0,1
2024-01-01 12:00:00,13,34.58,56.4,,1.78,30.0,2024.0,1
2024-01-01 13:00:00,14,,,,1.78,28.02,2024.0,1
2024-01-01 14:00:00,15,34.64,57.02,,1.78,26.62,2024.0,1
2024-01-01 15:00:00,16,30.04,74.48,,1.79,46.87,2024.0,1
2024-01-01 16:00:00,17,27.1,86.62,,1.8,51.28,2024.0,1
2024-01-01 17:00:00,18,25.28,93.0,,1.8,72.56,2024.0,1
2024-01-01 18:00:00,19,23.06,99.9,,1.81,52.7,2024.0,1
2024-01-01 19:00:00,20,23.08,99.9,,1.81,49.55,2024.0,1
2024-01-01 20:00:00,21,23.2,99.9,,1.82,74.04,2024.0,1
2024-01-01 21:00:00,22,23.39,99.9,,1.82,80.4,2024.0,1
2024-01-01 22:00:00,23,23.4,99.9,,1.81,80.4,2024.0,1
2024-01-01 23:00:00,24,23.09,99.9,,1.81,83.65,2024.0,1
2024-01-02 00:00:00,25,23.29,99.9,,1.82,86.77,2024.0,1
2024-01-02 01:00:00,26,23.42,99.9,,1.82,79.06,2024.0,1
2024-01-02 02:00:00,27,23.21,99.9,,1.81,80.71,2024.0,1
2024-01-02 03:00:00,28,22.96,99.9,,1.81,81.67,2024.0,1
2024-01-02 04:00:00,29,23.04,99.9,,1.81,94.89,2024.0,1
2024-01-02 05:00:00,30,22.84,99.9,,1.82,116.6,2024.0,1
2024-01-02 06:00:00,31,23.5,99.9,,1.82,109.88,2024.0,1
2024-01-02 07:00:00,32,24.79,99.9,,1.82,98.51,2024.0,1
2024-01-02 08:00:00,33,25.76,97.34,,1.82,90.45,2024.0,1
2024-01-02 09:00:00,34,29.1,83.34,,1.81,76.54,2024.0,1
2024-01-02 10:00:00,35,30.55,76.94,,1.81,77.67,2024.0,1
2024-01-02 11:00:00,36,34.06,63.89,,1.8,62.08,2024.0,1
2024-01-02 12:00:00,37,34.36,59.88,,1.8,43.88,2024.0,1
2024-01-02 13:00:00,38,34.6,57.37,,1.79,49.26,2024.0,1
2024-01-02 14:00:00,39,32.26,65.66,,1.8,45.6,2024.0,1
2024-01-02 15:00:00,40,31.69,69.1,,1.8,42.1,2024.0,1
2024-01-02 16:00:00,41,29.92,75.22,,1.8,44.2,2024.0,1
2024-01-02 17:00:00,42,27.89,80.61,,1.81,53.93,2024.0,1
2024-01-02 18:00:00,43,25.98,91.96,,1.81,88.81,2024.0,1
2024-01-02 19:00:00,44,25.36,98.76,,1.81,114.03,2024.0,1
2024-01-02 20:00:00,45,25.01,97.76,,1.81,112.69,2024.0,1
2024-01-02 21:00:00,46,24.68,99.02,,1.81,110.55,2024.0,1
2024-01-02 22:00:00,47,24.46,99.15,,1.81,110.55,2024.0,1
2024-01-02 23:00:00,48,24.25,97.76,,1.8,110.55,2024.0,1
2024-01-03 00:00:00,49,23.46,99.9,,1.8,110.55,2024.0,1
2024-01-03 01:00:00,50,23.21,99.86,,1.79,109.04,2024.0,1
2024-01-03 02:00:00,51,23.22,99.71,,1.8,46.46,2024.0,1
2024-01-03 03:00:00,52,23.13,98.75,,1.8,37.97,2024.0,1
2024-01-03 04:00:00,53,23.27,99.71,,1.8,52.76,2024.0,1
2024-01-03 05:00:00,54,23.03,99.9,,1.81,57.62,2024.0,1
2024-01-03 06:00:00,55,22.99,99.9,,1.81,60.8,2024.0,1
2024-01-03 07:00:00,56,24.6,99.38,,1.82,79.43,2024.0,1
2024-01-03 08:00:00,57,25.79,92.41,,1.81,83.08,2024.0,1
2024-01-03 09:00:00,58,26.28,88.36,,1.8,78.96,2024.0,1
2024-01-03 10:00:00,59,28.12,81.33,,1.8,34.22,2024.0,1
2024-01-03 11:00:00,60,28.96,78.7,,1.8,51.33,2024.0,1
2024-01-03 12:00:00,61,29.18,76.41,,1.79,45.86,2024.0,1
2024-01-03 13:00:00,62,29.29,76.74,,1.79,43.5,2024.0,1
2024-01-03 14:00:00,63,27.62,82.1,,1.8,38.67,2024.0,1
2024-01-03 15:00:00,64,26.56,88.0,,1.8,40.57,2024.0,1
2024-01-03 16:00:00,65,26.62,86.95,,1.8,45.36,2024.0,1
2024-01-03 17:00:00,66,26.12,88.42,,1.81,50.48,2024.0,1
2024-01-03 18:00:00,67,25.6,91.38,,1.81,59.26,2024.0,1
2024-01-03 19:00:00,68,25.14,96.0,,1.83,56.95,2024.0,1
2024-01-03 20:00:00,69,25.13,95.65,,1.82,78.27,2024.0,1
2024-01-03 21:00:00,70,24.7,99.32,,1.84,101.32,2024.0,1
2024-01-03 22:00:00,71,24.52,99.9,,1.83,126.63,2024.0,1
2024-01-03 23:00:00,72,24.19,98.93,,1.81,110.62,2024.0,1
2024-01-04 00:00:00,73,24.08,99.4,,1.82,121.66,2024.0,1
2024-01-04 01:00:00,74,23.63,99.9,,1.82,136.68,2024.0,1
2024-01-04 02:00:00,75,23.24,99.9,,1.82,136.68,2024.0,1
2024-01-04 03:00:00,76,23.12,99.9,,1.82,152.65,2024.0,1
2024-01-04 04:00:00,77,23.01,99.9,,1.81,116.22,2024.0,1
2024-01-04 05:00:00,78,22.9,99.9,,1.81,104.62,2024.0,1
2024-01-04 06:00:00,79,23.73,98.85,,1.82,141.12,2024.0,1
2024-01-04 07:00:00,80,26.9,87.72,,1.82,140.72,2024.0,1
2024-01-04 08:00:00,81,28.53,81.61,,1.81,87.12,2024.0,1
2024-01-04 09:00:00,82,30.9,74.98,,1.82,144.9,2024.0,1
2024-01-04 10:00:00,83,34.32,61.86,,1.81,128.35,2024.0,1
2024-01-04 11:00:00,84,30.4,71.03,,1.81,119.55,2024.0,1
2024-01-04 12:00:00,85,26.16,82.66,,1.8,75.44,2024.0,1
2024-01-04 13:00:00,86,23.52,98.92,,1.81,65.19,2024.0,1
2024-01-04 14:00:00,87,22.6,99.9,,1.81,60.5,2024.0,1
2024-01-04 15:00:00,88,22.42,99.9,,1.81,68.68,2024.0,1
2024-01-04 16:00:00,89,22.02,99.9,,1.81,60.87,2024.0,1
2024-01-04 17:00:00,90,21.99,99.9,,1.81,45.06,2024.0,1
2024-01-04 18:00:00,91,21.88,99.9,,1.82,53.67,2024.0,1
2024-01-04 19:00:00,92,21.97,99.9,,1.82,65.66,2024.0,1
2024-01-04 20:00:00,93,22.01,99.9,,1.82,65.66,2024.0,1
2024-01-04 21:00:00,94,22.1,99.9,,1.81,65.66,2024.0,1
2024-01-04 22:00:00,95,22.04,99.9,,1.81,65.66,2024.0,1
2024-01-04 23:00:00,96,21.87,99.9,,1.81,66.63,2024.0,1
2024-01-05 00:00:00,97,21.46,99.9,,1.82,66.03,2024.0,1
2024-01-05 01:00:00,98,21.26,99.9,,1.82,81.47,2024.0,1
2024-01-05 02:00:00,99,21.07,99.9,,1.81,71.25,2024.0,1
2024-01-05 03:00:00,100,21.2,99.9,,1.81,68.54,2024.0,1
2024-01-05 04:00:00,101,21.32,99.9,,1.81,80.95,2024.0,1
2024-01-05 05:00:00,102,21.12,99.9,,1.81,83.08,2024.0,1
2024-01-05 06:00:00,103,21.68,99.9,,1.81,77.18,2024.0,1
2024-01-05 07:00:00,104,25.54,93.14,,1.82,99.29,2024.0,1
2024-01-05 08:00:00,105,31.04,74.3,,1.8,82.98,2024.0,1
2024-01-05 09:00:00,106,32.97,65.58,,1.79,58.95,2024.0,1
2024-01-05 10:00:00,107,33.97,57.53,,1.78,44.1,2024.0,1
2024-01-05 11:00:00,108,32.82,57.9,,1.79,33.85,2024.0,1
2024-01-05 12:00:00,109,27.47,78.64,,1.8,35.63,2024.0,1
2024-01-05 13:00:00,110,28.74,76.6,,1.8,27.03,2024.0,1
2024-01-05 14:00:00,111,33.39,60.5,,1.79,30.0,2024.0,1
2024-01-05 15:00:00,112,29.56,69.98,,1.78,30.67,2024.0,1
2024-01-05 16:00:00,113,26.05,84.08,,1.79,23.77,2024.0,1
2024-01-05 17:00:00,114,23.23,99.28,,1.8,20.1,2024.0,1
2024-01-05 18:00:00,115,22.22,99.9,,1.8,25.12,2024.0,1
2024-01-05 19:00:00,116,22.44,99.9,,1.81,25.63,2024.0,1
2024-01-05 20:00:00,117,22.27,99.9,,1.82,34.74,2024.0,1
2024-01-05 21:00:00,118,22.3,99.9,,1.81,32.28,2024.0,1
2024-01-05 22:00:00,119,22.27,99.9,,1.8,25.83,2024.0,1
2024-01-05 23:00:00,120,22.38,99.9,,1.8,33.32,2024.0,1
2024-01-06 00:00:00,121,22.34,99.9,,1.8,25.64,2024.0,1
2024-01-06 01:00:00,122,22.13,99.9,,1.81,48.02,2024.0,1
2024-01-06 02:00:00,123,22.06,99.9,,1.8,46.28,2024.0,1
2024-01-06 03:00:00,124,21.94,99.9,,1.8,68.47,2024.0,1
2024-01-06 04:00:00,125,21.94,99.9,,1.81,70.53,2024.0,1
2024-01-06 05:00:00,126,21.92,99.9,,1.82,59.66,2024.0,1
2024-01-06 06:00:00,127,22.94,99.9,,1.81,58.66,2024.0,1
2024-01-06 07:00:00,128,24.84,97.62,,1.81,77.69,2024.0,1
2024-01-06 08:00:00,129,28.56,84.39,,1.81,98.14,2024.0,1
2024-01-06 09:00:00,130,31.28,73.23,,1.8,127.45,2024.0,1
2024-01-06 10:00:00,131,30.73,74.32,,1.8,98.05,2024.0,1
2024-01-06 11:00:00,132,31.73,66.75,,1.79,91.0,2024.0,1
2024-01-06 12:00:00,133,32.43,60.25,,1.78,91.0,2024.0,1
2024-01-06 13:00:00,134,33.76,58.02,,1.79,91.0,2024.0,1
2024-01-06 14:00:00,135,28.34,75.92,,1.79,54.08,2024.0,1
2024-01-06 15:00:00,136,24.21,90.16,,1.8,52.26,2024.0,1
2024-01-06 16:00:00,137,25.41,89.0,,1.81,58.36,2024.0,1
2024-01-06 17:00:00,138,24.74,96.4,,1.81,69.28,2024.0,1
2024-01-06 18:00:00,139,23.36,99.89,,1.8,111.22,2024.0,1
2024-01-06 19:00:00,140,22.54,99.9,,1.79,56.93,2024.0,1
2024-01-06 20:00:00,141,22.48,99.9,,1.8,32.23,2024.0,1
2024-01-06 21:00:00,142,22.51,99.9,,1.8,30.15,2024.0,1
2024-01-06 22:00:00,143,22.44,99.9,,1.8,30.15,2024.0,1
2024-01-06 23:00:00,144,22.14,99.9,,1.8,62.96,2024.0,1
2024-01-07 00:00:00,145,22.26,99.9,,1.8,60.3,2024.0,1
2024-01-07 01:00:00,146,22.31,99.9,,1.81,68.61,2024.0,1
2024-01-07 02:00:00,147,22.02,99.9,,1.81,77.25,2024.0,1
2024-01-07 03:00:00,148,22.12,99.9,,1.81,82.28,2024.0,1
2024-01-07 04:00:00,149,22.2,99.9,,1.81,81.07,2024.0,1
2024-01-07 05:00:00,150,22.11,99.9,,1.81,81.07,2024.0,1
2024-01-07 06:00:00,151,22.68,99.9,,1.81,81.07,2024.0,1
2024-01-07 07:00:00,152,25.88,94.98,,1.81,79.8,2024.0,1
2024-01-07 08:00:00,153,29.06,81.92,,1.8,74.41,2024.0,1
2024-01-07 09:00:00,154,32.04,72.13,,1.79,90.95,2024.0,1
2024-01-07 10:00:00,155,32.74,65.75,,1.78,89.0,2024.0,1
2024-01-07 11:00:00,156,31.36,69.94,,1.79,62.21,2024.0,1
2024-01-07 12:00:00,157,29.8,74.49,,1.79,68.89,2024.0,1
2024-01-07 13:00:00,158,30.02,74.78,,1.79,49.08,2024.0,1
2024-01-07 14:00:00,159,28.32,80.4,,1.79,35.15,2024.0,1
2024-01-07 15:00:00,160,25.32,88.72,,1.79,31.84,2024.0,1
2024-01-07 16:00:00,161,23.43,97.88,,1.8,25.39,2024.0,1
2024-01-07 17:00:00,162,22.23,99.9,,1.8,22.81,2024.0,1
2024-01-07 18:00:00,163,22.31,99.9,,1.8,29.04,2024.0,1
2024-01-07 19:00:00,164,22.48,99.9,,1.81,30.82,2024.0,1
2024-01-07 20:00:00,165,22.32,99.9,,1.81,30.82,2024.0,1
2024-01-07 21:00:00,166,22.16,99.9,,1.8,26.57,2024.0,1
2024-01-07 22:00:00,167,22.12,99.9,,1.8,29.95,2024.0,1
2024-01-07 23:00:00,168,21.99,99.9,,1.8,37.22,2024.0,1
2024-01-08 00:00:00,169,22.0,99.9,,1.8,49.75,2024.0,1
2024-01-08 01:00:00,170,21.9,99.9,,1.79,50.55,2024.0,1
2024-01-08 02:00:00,171,21.7,99.9,,1.79,54.6,2024.0,1
2024-01-08 03:00:00,172,21.6,99.9,,1.8,75.11,2024.0,1
2024-01-08 04:00:00,173,21.52,99.9,,1.8,63.15,2024.0,1
2024-01-08 05:00:00,174,21.72,99.9,,1.81,64.32,2024.0,1
2024-01-08 06:00:00,175,22.39,99.9,,1.81,78.99,2024.0,1
2024-01-08 07:00:00,176,25.56,95.3,,1.81,69.1,2024.0,1
2024-01-08 08:00:00,177,29.9,78.96,,1.79,72.27,2024.0,1
2024-01-08 09:00:00,178,33.26,65.28,,1.78,48.4,2024.0,1
2024-01-08 10:00:00,179,34.8,58.77,,1.78,39.98,2024.0,1
2024-01-08 11:00:00,180,,52.6,,1.78,35.0,2024.0,1
2024-01-08 12:00:00,181,28.08,77.32,,1.8,27.99,2024.0,1
2024-01-08 13:00:00,182,26.36,86.04,,1.8,30.27,2024.0,1
2024-01-08 14:00:00,183,27.93,83.1,,1.8,34.45,2024.0,1
2024-01-08 15:00:00,184,29.56,75.55,,1.79,43.0,2024.0,1
2024-01-08 16:00:00,185,26.96,82.33,,1.8,34.55,2024.0,1
2024-01-08 17:00:00,186,24.48,92.39,,1.8,52.6,2024.0,1
2024-01-08 18:00:00,187,22.81,99.9,,1.8,48.88,2024.0,1
2024-01-08 19:00:00,188,22.98,99.9,,1.81,59.16,2024.0,1
2024-01-08 20:00:00,189,23.09,99.9,,1.82,77.05,2024.0,1
2024-01-08 21:00:00,190,23.12,99.9,,1.82,80.57,2024.0,1
2024-01-08 22:00:00,191,23.04,99.9,,1.82,93.97,2024.0,1
2024-01-08 23:00:00,192,22.64,99.9,,1.82,124.52,2024.0,1
2024-01-09 00:00:00,193,22.46,99.9,,1.82,136.91,2024.0,1
2024-01-09 01:00:00,194,22.31,99.9,,1.82,140.03,2024.0,1
2024-01-09 02:00:00,195,22.52,99.9,,1.81,126.83,2024.0,1
2024-01-09 03:00:00,196,22.34,99.9,,1.81,96.85,2024.0,1
2024-01-09 04:00:00,197,22.39,99.9,,1.8,73.2,2024.0,1
2024-01-09 05:00:00,198,22.36,99.9,,1.8,90.3,2024.0,1
2024-01-09 06:00:00,199,22.7,99.9,,1.82,110.13,2024.0,1
2024-01-09 07:00:00,200,24.16,99.62,,1.83,100.35,2024.0,1
2024-01-09 08:00:00,201,28.51,86.56,,1.83,93.26,2024.0,1
2024-01-09 09:00:00,202,34.26,64.72,,1.79,51.52,2024.0,1
2024-01-09 10:00:00,203,34.22,60.83,,1.78,39.15,2024.0,1
2024-01-09 11:00:00,204,34.85,56.29,,1.77,28.0,2024.0,1
2024-01-09 12:00:00,205,,,,1.77,28.0,2024.0,1
2024-01-09 13:00:00,206,31.23,69.48,,1.79,24.07,2024.0,1
2024-01-09 14:00:00,207,24.66,95.35,,1.81,36.92,2024.0,1
2024-01-09 15:00:00,208,24.97,95.88,,1.8,71.19,2024.0,1
2024-01-09 16:00:00,209,24.18,96.97,,1.8,26.87,2024.0,1
2024-01-09 17:00:00,210,23.6,98.34,,1.81,32.3,2024.0,1
2024-01-09 18:00:00,211,22.96,99.78,,1.81,35.81,2024.0,1
2024-01-09 19:00:00,212,22.7,99.9,,1.81,37.82,2024.0,1
2024-01-09 20:00:00,213,22.58,99.9,,1.81,57.22,2024.0,1
2024-01-09 21:00:00,214,22.52,99.9,,1.81,68.21,2024.0,1
2024-01-09 22:00:00,215,22.55,99.9,,1.81,51.69,2024.0,1
2024-01-09 23:00:00,216,22.6,99.9,,1.82,50.92,2024.0,1
2024-01-10 00:00:00,217,22.64,99.9,,1.81,54.34,2024.0,1
2024-01-10 01:00:00,218,22.64,99.9,,1.8,79.76,2024.0,1
2024-01-10 02:00:00,219,22.46,99.9,,1.81,79.29,2024.0,1
2024-01-10 03:00:00,220,22.41,99.9,,1.81,101.35,2024.0,1
2024-01-10 04:00:00,221,22.33,99.9,,1.82,105.88,2024.0,1
2024-01-10 05:00:00,222,22.3,99.9,,1.82,108.42,2024.0,1
2024-01-10 06:00:00,223,22.62,99.9,,1.82,107.38,2024.0,1
2024-01-10 07:00:00,224,25.34,97.3,,1.83,107.65,2024.0,1
2024-01-10 08:00:00,225,30.79,78.69,,1.81,,2024.0,1
2024-01-10 09:00:00,226,33.46,67.87,,1.8,92.72,2024.0,1
2024-01-10 10:00:00,227,,56.69,,1.78,58.0,2024.0,1
2024-01-10 11:00:00,228,33.11,62.46,,1.79,67.85,2024.0,1
2024-01-10 12:00:00,229,27.86,81.88,,1.8,85.91,2024.0,1
2024-01-10 13:00:00,230,23.76,98.55,,1.8,34.3,2024.0,1
2024-01-10 14:00:00,231,25.9,92.87,,1.81,40.2,2024.0,1
2024-01-10 15:00:00,232,26.55,87.62,,1.8,40.64,2024.0,1
2024-01-10 16:00:00,233,25.08,95.84,,1.81,66.56,2024.0,1
2024-01-10 17:00:00,234,23.06,99.9,,1.81,93.43,2024.0,1
2024-01-10 18:00:00,235,23.14,99.9,,1.82,104.55,2024.0,1
2024-01-10 19:00:00,236,23.48,99.9,,1.84,122.14,2024.0,1
2024-01-10 20:00:00,237,23.4,99.9,,1.84,144.85,2024.0,1
2024-01-10 21:00:00,238,23.16,99.9,,1.84,135.82,2024.0,1
2024-01-10 22:00:00,239,22.93,99.9,,1.83,130.18,2024.0,1
2024-01-10 23:00:00,240,22.83,99.9,,1.83,128.3,2024.0,1
2024-01-11 00:00:00,241,22.71,99.9,,1.83,139.53,2024.0,1
2024-01-11 01:00:00,242,22.54,99.9,,1.83,150.97,2024.0,1
2024-01-11 02:00:00,243,22.45,99.9,,1.83,150.75,2024.0,1
2024-01-11 03:00:00,244,22.3,99.9,,1.83,144.38,2024.0,1
2024-01-11 04:00:00,245,22.38,99.9,,1.83,151.15,2024.0,1
2024-01-11 05:00:00,246,22.26,99.9,,1.83,153.66,2024.0,1
2024-01-11 06:00:00,247,22.18,99.9,,1.83,137.35,2024.0,1
2024-01-11 07:00:00,248,23.22,99.9,,1.83,156.11,2024.0,1
2024-01-11 08:00:00,249,26.92,91.63,,1.83,156.11,2024.0,1
2024-01-11 09:00:00,250,29.66,80.36,,1.81,96.74,2024.0,1
2024-01-11 10:00:00,251,32.32,71.0,,1.81,101.8,2024.0,1
2024-01-11 11:00:00,252,,57.48,,1.8,103.8,2024.0,1
2024-01-11 12:00:00,253,34.45,59.5,,1.8,96.2,2024.0,1
2024-01-11 13:00:00,254,30.98,68.48,,1.79,65.35,2024.0,1
2024-01-11 14:00:00,255,27.02,80.68,,1.78,31.37,2024.0,1
2024-01-11 15:00:00,256,24.24,97.08,,1.8,35.51,2024.0,1
2024-01-11 16:00:00,257,23.34,99.85,,1.81,40.5,2024.0,1
2024-01-11 17:00:00,258,22.07,99.9,,1.81,51.05,2024.0,1
2024-01-11 18:00:00,259,22.08,99.9,,1.81,28.44,2024.0,1
2024-01-11 19:00:00,260,22.1,99.9,,1.81,18.02,2024.0,1
2024-01-11 20:00:00,261,22.11,99.9,,1.8,19.74,2024.0,1
2024-01-11 21:00:00,262,21.99,99.9,,1.8,18.69,2024.0,1
2024-01-11 22:00:00,263,21.97,99.9,,1.8,19.88,2024.0,1
2024-01-11 23:00:00,264,21.94,99.9,,1.8,49.26,2024.0,1
2024-01-12 00:00:00,265,21.94,99.9,,1.82,80.65,2024.0,1
2024-01-12 01:00:00,266,21.78,99.9,,1.81,81.87,2024.0,1
2024-01-12 02:00:00,267,21.91,99.9,,1.82,69.98,2024.0,1
2024-01-12 03:00:00,268,21.75,99.9,,1.81,60.82,2024.0,1
2024-01-12 04:00:00,269,21.61,99.9,,1.8,59.63,2024.0,1
2024-01-12 05:00:00,270,21.2,99.9,,1.8,60.97,2024.0,1
2024-01-12 06:00:00,271,22.15,99.9,,1.81,71.07,2024.0,1
2024-01-12 07:00:00,272,25.88,93.17,,1.82,77.34,2024.0,1
2024-01-12 08:00:00,273,28.9,81.86,,1.8,82.01,2024.0,1
2024-01-12 09:00:00,274,28.25,78.88,,1.79,67.42,2024.0,1
2024-01-12 10:00:00,275,30.16,69.77,,1.77,37.45,2024.0,1
2024-01-12 11:00:00,276,33.61,54.76,,1.76,19.75,2024.0,1
2024-01-12 12:00:00,277,,,,1.77,20.05,2024.0,1
2024-01-12 13:00:00,278,,,,1.76,16.65,2024.0,1
2024-01-12 14:00:00,279,,,,1.77,22.1,2024.0,1
2024-01-12 15:00:00,280,30.13,64.51,,1.78,38.2,2024.0,1
2024-01-12 16:00:00,281,28.96,72.47,,1.79,39.4,2024.0,1
2024-01-12 17:00:00,282,27.3,75.93,,1.78,38.15,2024.0,1
2024-01-12 18:00:00,283,25.72,81.08,,1.8,35.76,2024.0,1
2024-01-12 19:00:00,284,25.42,83.41,,1.8,29.78,2024.0,1
2024-01-12 20:00:00,285,25.36,84.28,,1.82,34.17,2024.0,1
2024-01-12 21:00:00,286,24.81,86.15,,1.81,24.29,2024.0,1
2024-01-12 22:00:00,287,24.38,86.81,,1.8,21.84,2024.0,1
2024-01-12 23:00:00,288,23.94,86.27,,1.81,36.4,2024.0,1
2024-01-13 00:00:00,289,23.09,91.98,,1.81,80.5,2024.0,1
2024-01-13 01:00:00,290,22.4,97.75,,1.81,119.13,2024.0,1
2024-01-13 02:00:00,291,22.35,98.74,,1.82,84.3,2024.0,1
2024-01-13 03:00:00,292,21.92,98.37,,1.81,59.61,2024.0,1
2024-01-13 04:00:00,293,21.52,99.9,,1.81,71.81,2024.0,1
2024-01-13 05:00:00,294,21.05,99.9,,1.81,73.7,2024.0,1
2024-01-13 06:00:00,295,22.1,99.48,,1.82,99.33,2024.0,1
2024-01-13 07:00:00,296,25.1,87.88,,1.82,114.88,2024.0,1
2024-01-13 08:00:00,297,30.49,70.31,,1.81,117.2,2024.0,1
2024-01-13 09:00:00,298,31.86,64.68,,1.8,122.0,2024.0,1
2024-01-13 10:00:00,299,33.08,59.08,,1.78,74.1,2024.0,1
2024-01-13 11:00:00,300,,51.58,,1.78,30.0,2024.0,1
2024-01-13 12:00:00,301,34.64,,,1.77,11.5,2024.0,1
2024-01-13 13:00:00,302,,,,1.77,16.7,2024.0,1
2024-01-13 14:00:00,303,29.49,67.64,,1.78,17.11,2024.0,1
2024-01-13 15:00:00,304,22.65,98.38,,1.79,19.77,2024.0,1
2024-01-13 16:00:00,305,22.27,99.9,,1.79,26.41,2024.0,1
2024-01-13 17:00:00,306,22.55,99.9,,1.81,41.54,2024.0,1
2024-01-13 18:00:00,307,23.06,99.9,,1.82,41.54,2024.0,1
2024-01-13 19:00:00,308,23.46,99.9,,1.82,41.54,2024.0,1
2024-01-13 20:00:00,309,23.35,99.9,,1.84,41.54,2024.0,1
2024-01-13 21:00:00,310,23.18,99.9,,1.85,73.73,2024.0,1
2024-01-13 22:00:00,311,23.17,99.9,,1.85,120.99,2024.0,1
2024-01-13 23:00:00,312,22.89,99.9,,1.85,119.98,2024.0,1
2024-01-14 00:00:00,313,22.37,99.9,,1.85,141.09,2024.0,1
2024-01-14 01:00:00,314,22.09,99.9,,1.84,154.77,2024.0,1
2024-01-14 02:00:00,315,22.11,99.9,,1.84,144.18,2024.0,1
2024-01-14 03:00:00,316,21.88,99.9,,1.84,142.04,2024.0,1
2024-01-14 04:00:00,317,21.45,99.9,,1.83,142.04,2024.0,1
2024-01-14 05:00:00,318,20.9,99.9,,1.83,142.04,2024.0,1
2024-01-14 06:00:00,319,21.9,99.9,,1.82,100.1,2024.0,1
2024-01-14 07:00:00,320,24.65,92.72,,1.83,65.76,2024.0,1
2024-01-14 08:00:00,321,30.71,74.1,,1.82,91.3,2024.0,1
2024-01-14 09:00:00,322,31.85,63.17,,1.79,36.15,2024.0,1
2024-01-14 10:00:00,323,34.11,54.21,,1.78,28.6,2024.0,1
2024-01-14 11:00:00,324,34.84,,,1.78,17.75,2024.0,1
2024-01-14 12:00:00,325,,,,1.77,13.23,2024.0,1
2024-01-14 13:00:00,326,31.18,60.64,,1.79,49.8,2024.0,1
2024-01-14 14:00:00,327,31.32,59.7,,1.79,38.55,2024.0,1
2024-01-14 15:00:00,328,27.16,75.05,,1.79,30.19,2024.0,1
2024-01-14 16:00:00,329,23.64,92.58,,1.8,37.4,2024.0,1
2024-01-14 17:00:00,330,24.86,83.62,,1.8,24.21,2024.0,1
2024-01-14 18:00:00,331,24.37,92.31,,1.82,57.9,2024.0,1
2024-01-14 19:00:00,332,24.37,95.11,,1.82,111.95,2024.0,1
2024-01-14 20:00:00,333,24.12,99.9,,1.82,123.15,2024.0,1
2024-01-14 21:00:00,334,24.13,99.79,,1.81,108.87,2024.0,1
2024-01-14 22:00:00,335,23.73,99.9,,1.81,104.54,2024.0,1
2024-01-14 23:00:00,336,23.6,99.9,,1.81,110.12,2024.0,1
2024-01-15 00:00:00,337,23.62,99.9,,1.81,109.58,2024.0,1
2024-01-15 01:00:00,338,23.52,99.9,,1.8,95.07,2024.0,1
2024-01-15 02:00:00,339,23.34,99.9,,1.81,94.7,2024.0,1
2024-01-15 03:00:00,340,22.77,99.9,,1.81,111.49,2024.0,1
2024-01-15 04:00:00,341,22.63,99.9,,1.81,105.06,2024.0,1
2024-01-15 05:00:00,342,22.25,99.9,,1.82,109.08,2024.0,1
2024-01-15 06:00:00,343,22.94,99.9,,1.83,145.29,2024.0,1
2024-01-15 07:00:00,344,26.64,90.96,,1.83,151.98,2024.0,1
2024-01-15 08:00:00,345,30.48,76.52,,1.82,155.74,2024.0,1
2024-01-15 09:00:00,346,32.57,68.84,,1.81,,2024.0,1
2024-01-15 10:00:00,347,34.12,61.5,,1.8,,2024.0,1
2024-01-15 11:00:00,348,33.7,57.26,,1.79,94.38,2024.0,1
2024-01-15 12:00:00,349,32.4,59.56,,1.78,58.48,2024.0,1
2024-01-15 13:00:00,350,33.31,56.34,,1.78,30.78,2024.0,1
2024-01-15 14:00:00,351,31.91,60.36,,1.78,24.35,2024.0,1
2024-01-15 15:00:00,352,27.84,76.92,,1.79,36.97,2024.0,1
2024-01-15 16:00:00,353,24.71,92.7,,1.8,49.38,2024.0,1
2024-01-15 17:00:00,354,24.2,95.96,,1.81,79.56,2024.0,1
2024-01-15 18:00:00,355,23.74,99.54,,1.81,59.68,2024.0,1
2024-01-15 19:00:00,356,24.04,99.9,,1.82,84.76,2024.0,1
2024-01-15 20:00:00,357,23.82,99.9,,1.82,80.95,2024.0,1
2024-01-15 21:00:00,358,23.96,99.9,,1.83,81.07,2024.0,1
2024-01-15 22:00:00,359,23.84,99.9,,1.83,81.07,2024.0,1
2024-01-15 23:00:00,360,23.4,99.9,,1.82,92.83,2024.0,1
2024-01-16 00:00:00,361,22.7,99.9,,1.83,150.75,2024.0,1
2024-01-16 01:00:00,362,22.43,99.9,,1.81,152.09,2024.0,1
2024-01-16 02:00:00,363,21.92,99.9,,1.81,152.09,2024.0,1
2024-01-16 03:00:00,364,21.36,99.9,,1.82,152.09,2024.0,1
2024-01-16 04:00:00,365,21.3,99.9,,1.81,152.09,2024.0,1
2024-01-16 05:00:00,366,20.94,99.9,,1.83,150.89,2024.0,1
2024-01-16 06:00:00,367,22.86,94.91,,1.84,94.74,2024.0,1
2024-01-16 07:00:00,368,29.57,72.68,,1.82,75.41,2024.0,1
2024-01-16 08:00:00,369,30.16,69.95,,1.82,71.0,2024.0,1
2024-01-16 09:00:00,370,32.86,63.32,,1.81,70.81,2024.0,1
2024-01-17 11:00:00,396,28.61,75.91,,1.77,,2024.0,1
2024-01-17 12:00:00,397,29.02,74.46,,1.78,,2024.0,1
2024-01-17 15:00:00,400,27.57,76.81,,1.78,,2024.0,1
2024-01-17 16:00:00,401,26.83,77.24,,1.78,,2024.0,1
2024-01-17 17:00:00,402,26.17,79.67,,1.79,,2024.0,1
2024-01-17 18:00:00,403,24.98,87.33,,1.8,,2024.0,1
2024-01-17 19:00:00,404,24.58,88.83,,1.79,,2024.0,1
2024-01-17 20:00:00,405,24.54,89.32,,1.79,,2024.0,1
2024-01-17 21:00:00,406,23.17,96.48,,1.79,,2024.0,1
2024-01-17 22:00:00,407,22.01,99.9,,1.79,,2024.0,1
2024-01-17 23:00:00,408,21.99,99.9,,1.8,,2024.0,1
2024-01-18 00:00:00,409,22.32,99.9,,1.8,,2024.0,1
2024-01-18 01:00:00,410,22.14,99.9,,1.8,,2024.0,1
2024-01-18 02:00:00,411,21.93,99.9,,1.8,,2024.0,1
2024-01-18 03:00:00,412,22.14,99.9,,1.8,,2024.0,1
2024-01-18 04:00:00,413,22.46,99.9,,1.81,,2024.0,1
2024-01-18 05:00:00,414,22.03,99.9,,1.8,,2024.0,1
2024-01-18 06:00:00,415,22.47,99.9,,1.81,,2024.0,1
2024-01-18 07:00:00,416,23.99,97.37,,1.83,,2024.0,1
2024-01-18 08:00:00,417,27.22,81.48,,1.8,,2024.0,1
2024-01-18 10:00:00,419,25.18,94.82,,1.8,,2024.0,1
2024-01-18 11:00:00,420,27.8,83.14,,1.8,,2024.0,1
2024-01-18 12:00:00,421,28.41,77.87,,1.8,,2024.0,1
2024-01-18 13:00:00,422,28.57,76.98,,1.78,,2024.0,1
2024-01-18 14:00:00,423,29.21,71.85,,1.76,12.84,2024.0,1
2024-01-18 15:00:00,424,27.86,75.61,,1.77,18.7,2024.0,1
2024-01-18 16:00:00,425,27.02,79.07,,1.77,23.75,2024.0,1
2024-01-18 17:00:00,426,26.82,80.26,,1.77,19.25,2024.0,1
2024-01-18 18:00:00,427,25.79,85.35,,1.78,20.5,2024.0,1
2024-01-18 19:00:00,428,25.12,87.85,,1.78,27.8,2024.0,1
2024-01-18 20:00:00,429,24.43,91.71,,1.79,35.03,2024.0,1
2024-01-18 21:00:00,430,24.12,92.85,,1.79,35.51,2024.0,1
2024-01-18 22:00:00,431,23.32,98.54,,1.78,14.94,2024.0,1
2024-01-18 23:00:00,432,22.38,99.9,,1.77,13.4,2024.0,1
2024-01-19 00:00:00,433,21.91,99.9,,1.77,15.2,2024.0,1
2024-01-19 01:00:00,434,21.92,99.9,,1.77,24.66,2024.0,1
2024-01-19 02:00:00,435,21.69,99.9,,1.77,15.51,2024.0,1
2024-01-19 03:00:00,436,21.45,99.9,,1.76,14.62,2024.0,1
2024-01-19 04:00:00,437,21.21,99.9,,1.77,20.92,2024.0,1
2024-01-19 05:00:00,438,21.16,99.9,,1.77,20.88,2024.0,1
2024-01-19 06:00:00,439,21.33,99.9,,1.79,40.13,2024.0,1
2024-01-19 07:00:00,440,22.02,99.9,,1.81,44.22,2024.0,1
2024-01-19 08:00:00,441,23.07,99.9,,1.81,44.22,2024.0,1
2024-01-19 09:00:00,442,25.14,92.34,,1.79,44.22,2024.0,1
2024-01-19 10:00:00,443,26.62,85.2,,1.78,20.66,2024.0,1
2024-01-19 11:00:00,444,27.82,80.39,,1.77,8.29,2024.0,1
2024-01-19 12:00:00,445,29.2,74.35,,1.76,7.38,2024.0,1
2024-01-19 13:00:00,446,27.86,76.64,,1.76,6.92,2024.0,1
2024-01-19 14:00:00,447,25.98,85.08,,1.77,6.61,2024.0,1
2024-01-19 15:00:00,448,25.11,89.02,,1.77,9.42,2024.0,1
2024-01-19 16:00:00,449,23.84,97.2,,1.78,12.13,2024.0,1
2024-01-19 17:00:00,450,22.08,99.9,,1.78,7.91,2024.0,1
2024-01-19 18:00:00,451,22.77,96.74,,1.78,13.63,2024.0,1
2024-01-19 19:00:00,452,22.92,94.26,,1.77,12.03,2024.0,1
2024-01-19 20:00:00,453,22.64,96.01,,1.79,10.72,2024.0,1
2024-01-19 21:00:00,454,22.92,93.54,,1.78,10.72,2024.0,1
2024-01-19 22:00:00,455,23.04,92.28,,1.77,10.92,2024.0,1
2024-01-19 23:00:00,456,22.85,93.44,,1.77,8.88,2024.0,1
2024-01-20 00:00:00,457,22.91,92.03,,1.77,20.67,2024.0,1
2024-01-20 01:00:00,458,22.85,88.64,,1.77,23.3,2024.0,1
2024-01-20 02:00:00,459,22.65,88.15,,1.77,27.77,2024.0,1
2024-01-20 03:00:00,460,22.73,89.8,,1.77,27.24,2024.0,1
2024-01-20 04:00:00,461,22.76,88.42,,1.76,29.48,2024.0,1
2024-01-20 05:00:00,462,23.04,85.56,,1.76,29.2,2024.0,1
2024-01-20 06:00:00,463,24.3,80.29,,1.77,20.96,2024.0,1
2024-01-20 07:00:00,464,26.44,76.43,,1.78,33.5,2024.0,1
2024-01-20 08:00:00,465,26.51,75.52,,1.77,31.82,2024.0,1
2024-01-20 09:00:00,466,27.57,71.55,,1.76,26.85,2024.0,1
2024-01-20 10:00:00,467,25.9,77.71,,1.76,18.63,2024.0,1
2024-01-20 11:00:00,468,26.88,77.72,,1.77,17.43,2024.0,1
2024-01-20 12:00:00,469,28.78,72.21,,1.77,19.0,2024.0,1
2024-01-20 13:00:00,470,30.62,66.6,,1.81,14.25,2024.0,1
2024-01-20 14:00:00,471,30.36,63.74,,1.81,6.0,2024.0,1
2024-01-20 15:00:00,472,31.18,58.93,,1.81,6.0,2024.0,1
2024-01-20 16:00:00,473,32.13,55.75,,1.81,6.0,2024.0,1
2024-01-20 17:00:00,474,29.6,58.89,,1.81,6.0,2024.0,1
2024-01-20 18:00:00,475,25.58,71.39,,1.81,6.0,2024.0,1
2024-01-20 19:00:00,476,24.56,76.13,,1.82,6.0,2024.0,1
2024-01-20 20:00:00,477,23.99,79.58,,1.83,5.6,2024.0,1
2024-01-20 21:00:00,478,23.62,80.58,,1.83,4.63,2024.0,1
2024-01-20 22:00:00,479,23.81,78.38,,1.83,5.51,2024.0,1
2024-01-20 23:00:00,480,23.17,84.02,,1.83,4.02,2024.0,1
2024-01-21 00:00:00,481,22.97,83.88,,1.83,4.87,2024.0,1
2024-01-21 01:00:00,482,22.89,82.93,,1.82,20.27,2024.0,1
2024-01-21 02:00:00,483,22.62,85.18,,1.82,20.42,2024.0,1
2024-01-21 03:00:00,484,22.6,86.18,,1.82,10.18,2024.0,1
2024-01-21 04:00:00,485,22.52,87.62,,1.82,14.14,2024.0,1
2024-01-21 05:00:00,486,22.46,89.42,,1.82,10.84,2024.0,1
2024-01-21 06:00:00,487,23.46,86.88,,1.82,10.55,2024.0,1
2024-01-21 07:00:00,488,24.77,84.85,,1.82,13.39,2024.0,1
2024-01-21 08:00:00,489,28.14,75.08,,1.81,18.51,2024.0,1
2024-01-21 09:00:00,490,28.53,73.85,,1.81,17.78,2024.0,1
2024-01-21 10:00:00,491,23.98,94.79,,1.81,14.94,2024.0,1
2024-01-21 11:00:00,492,25.87,88.21,,1.81,11.51,2024.0,1
2024-01-21 12:00:00,493,28.94,79.04,,1.81,16.49,2024.0,1
2024-01-21 13:00:00,494,33.76,62.18,,1.82,19.0,2024.0,1
2024-01-21 14:00:00,495,30.25,70.35,,1.83,18.04,2024.0,1
2024-01-21 15:00:00,496,33.88,62.85,,1.81,19.0,2024.0,1
2024-01-21 16:00:00,497,30.96,67.02,,1.81,19.0,2024.0,1
2024-01-21 17:00:00,498,26.53,80.26,,1.79,13.93,2024.0,1
2024-01-21 18:00:00,499,24.51,88.79,,1.78,9.48,2024.0,1
2024-01-21 19:00:00,500,24.13,90.16,,1.78,12.09,2024.0,1
2024-01-21 20:00:00,501,24.08,90.0,,1.79,12.43,2024.0,1
2024-01-21 21:00:00,502,23.84,91.16,,1.79,14.4,2024.0,1
2024-01-21 22:00:00,503,23.52,92.25,,1.78,9.4,2024.0,1
2024-01-21 23:00:00,504,23.39,90.89,,1.78,11.69,2024.0,1
2024-01-22 00:00:00,505,23.33,89.96,,1.78,14.64,2024.0,1
2024-01-22 01:00:00,506,22.97,93.12,,1.78,14.07,2024.0,1
2024-01-22 02:00:00,507,22.69,97.34,,1.78,14.07,2024.0,1
2024-01-22 03:00:00,508,22.76,97.96,,1.78,15.28,2024.0,1
2024-01-22 04:00:00,509,23.15,95.58,,1.78,10.62,2024.0,1
2024-01-22 05:00:00,510,22.63,98.53,,1.78,13.45,2024.0,1
2024-01-22 06:00:00,511,22.42,99.9,,1.79,16.95,2024.0,1
2024-01-22 07:00:00,512,23.18,99.7,,1.8,12.6,2024.0,1
2024-01-22 08:00:00,513,23.02,99.9,,1.79,16.25,2024.0,1
2024-01-22 09:00:00,514,25.54,92.4,,1.81,20.67,2024.0,1
2024-01-22 10:00:00,515,28.34,81.11,,1.81,20.12,2024.0,1
2024-01-22 11:00:00,516,30.21,74.08,,1.81,12.5,2024.0,1
2024-01-22 12:00:00,517,29.82,72.08,,1.81,12.0,2024.0,1
2024-01-22 13:00:00,518,29.39,72.81,,1.81,10.75,2024.0,1
2024-01-22 14:00:00,519,28.36,73.95,,1.82,15.85,2024.0,1
2024-01-22 15:00:00,520,28.99,69.96,,1.81,16.0,2024.0,1
2024-01-22 16:00:00,521,27.22,74.21,,1.81,16.0,2024.0,1
2024-01-22 17:00:00,522,26.38,75.77,,1.81,16.0,2024.0,1
2024-01-22 18:00:00,523,25.31,78.65,,1.82,15.08,2024.0,1
2024-01-22 19:00:00,524,24.84,81.27,,1.83,10.72,2024.0,1
2024-01-22 20:00:00,525,24.42,83.88,,1.83,14.42,2024.0,1
2024-01-22 21:00:00,526,24.15,84.9,,1.83,31.69,2024.0,1
2024-01-22 22:00:00,527,23.82,86.62,,1.83,21.59,2024.0,1
2024-01-22 23:00:00,528,23.49,88.25,,1.83,22.03,2024.0,1
2024-01-23 00:00:00,529,23.33,88.21,,1.82,20.62,2024.0,1
2024-01-23 01:00:00,530,23.4,89.71,,1.82,22.46,2024.0,1
2024-01-23 02:00:00,531,23.2,93.1,,1.83,12.04,2024.0,1
2024-01-23 03:00:00,532,23.02,95.26,,1.83,12.16,2024.0,1
2024-01-23 04:00:00,533,22.9,96.04,,1.83,14.87,2024.0,1
2024-01-23 05:00:00,534,22.53,98.14,,1.83,24.19,2024.0,1
2024-01-23 06:00:00,535,23.1,96.66,,1.83,33.33,2024.0,1
2024-01-23 07:00:00,536,24.2,94.12,,1.83,40.87,2024.0,1
2024-01-23 08:00:00,537,23.18,99.28,,1.82,40.87,2024.0,1
2024-01-23 09:00:00,538,27.56,86.29,,1.83,40.87,2024.0,1
2024-01-23 10:00:00,539,30.18,77.05,,1.82,37.07,2024.0,1
2024-01-23 11:00:00,540,27.02,86.96,,1.82,18.78,2024.0,1
2024-01-23 12:00:00,541,31.18,74.88,,1.82,21.13,2024.0,1
2024-01-23 13:00:00,542,32.51,66.73,,1.82,14.97,2024.0,1
2024-01-23 14:00:00,543,28.94,74.2,,1.82,14.0,2024.0,1
2024-01-23 15:00:00,544,28.66,73.41,,1.82,14.0,2024.0,1
2024-01-23 16:00:00,545,28.73,71.78,,1.82,17.0,2024.0,1
2024-01-23 17:00:00,546,27.27,75.57,,1.82,25.72,2024.0,1
2024-01-23 18:00:00,547,26.07,82.25,,1.82,23.31,2024.0,1
2024-01-23 19:00:00,548,25.35,83.56,,1.82,59.96,2024.0,1
2024-01-23 20:00:00,549,24.86,84.29,,1.83,50.18,2024.0,1
2024-01-23 21:00:00,550,24.43,87.37,,1.83,14.07,2024.0,1
2024-01-23 22:00:00,551,23.81,92.26,,1.84,14.07,2024.0,1
2024-01-23 23:00:00,552,23.45,92.01,,1.83,14.07,2024.0,1
2024-01-24 00:00:00,553,22.76,95.27,,1.83,21.84,2024.0,1
2024-01-24 01:00:00,554,22.78,94.52,,1.83,23.18,2024.0,1
2024-01-24 02:00:00,555,22.22,97.3,,1.83,20.0,2024.0,1
2024-01-24 03:00:00,556,21.47,99.9,,1.83,20.54,2024.0,1
2024-01-24 04:00:00,557,21.5,99.9,,1.83,29.08,2024.0,1
2024-01-24 05:00:00,558,21.44,99.9,,1.83,20.77,2024.0,1
2024-01-24 06:00:00,559,22.13,99.31,,1.84,20.77,2024.0,1
2024-01-24 07:00:00,560,23.86,93.47,,1.84,20.77,2024.0,1
2024-01-24 08:00:00,561,27.18,82.12,,1.83,35.32,2024.0,1
2024-01-24 09:00:00,562,30.8,72.7,,1.84,91.4,2024.0,1
2024-01-24 10:00:00,563,26.34,85.19,,1.82,36.85,2024.0,1
2024-01-24 11:00:00,564,27.96,80.83,,1.82,41.39,2024.0,1
2024-01-24 12:00:00,565,27.33,82.46,,1.82,42.75,2024.0,1
2024-01-24 13:00:00,566,29.18,75.71,,1.82,55.0,2024.0,1
2024-01-24 14:00:00,567,29.51,75.38,,1.82,55.0,2024.0,1
2024-01-24 15:00:00,568,27.92,79.94,,1.82,46.38,2024.0,1
2024-01-24 16:00:00,569,27.84,79.69,,1.82,26.71,2024.0,1
2024-01-24 17:00:00,570,26.8,78.96,,1.83,15.38,2024.0,1
2024-01-24 18:00:00,571,25.3,82.69,,1.83,19.87,2024.0,1
2024-01-24 19:00:00,572,24.73,86.0,,1.83,26.72,2024.0,1
2024-01-24 20:00:00,573,24.46,84.97,,1.83,22.38,2024.0,1
2024-01-24 21:00:00,574,23.91,87.93,,1.84,35.94,2024.0,1
2024-01-24 22:00:00,575,23.51,94.0,,1.84,32.83,2024.0,1
2024-01-24 23:00:00,576,23.02,97.52,,1.85,43.48,2024.0,1
2024-01-25 00:00:00,577,22.52,95.67,,1.84,60.84,2024.0,1
2024-01-25 01:00:00,578,22.12,97.02,,1.84,60.67,2024.0,1
2024-01-25 02:00:00,579,21.54,98.71,,1.84,82.38,2024.0,1
2024-01-25 03:00:00,580,20.98,99.9,,1.83,55.61,2024.0,1
2024-01-25 04:00:00,581,20.94,99.28,,1.83,51.99,2024.0,1
2024-01-25 05:00:00,582,20.92,99.42,,1.82,70.82,2024.0,1
2024-01-25 06:00:00,583,23.12,94.12,,1.84,80.6,2024.0,1
2024-01-25 07:00:00,584,26.78,82.42,,1.84,96.49,2024.0,1
2024-01-25 08:00:00,585,31.51,69.6,,1.82,111.26,2024.0,1
2024-01-25 09:00:00,586,34.24,58.87,,1.81,101.0,2024.0,1
2024-01-25 10:00:00,587,34.89,51.97,,1.81,74.15,2024.0,1
2024-01-25 11:00:00,588,32.28,55.72,,1.81,19.6,2024.0,1
2024-01-25 12:00:00,589,32.35,57.99,,1.81,13.38,2024.0,1
2024-01-25 13:00:00,590,32.57,57.36,,1.81,12.58,2024.0,1
2024-01-25 14:00:00,591,29.16,70.23,,1.81,16.1,2024.0,1
2024-01-25 15:00:00,592,27.59,78.14,,1.82,31.67,2024.0,1
2024-01-25 16:00:00,593,27.96,77.5,,1.82,45.27,2024.0,1
2024-01-25 17:00:00,594,26.86,79.98,,1.82,53.72,2024.0,1
2024-01-25 18:00:00,595,26.02,85.08,,1.82,43.86,2024.0,1
2024-01-25 19:00:00,596,25.38,90.46,,1.82,55.61,2024.0,1
2024-01-25 20:00:00,597,24.99,91.26,,1.82,55.61,2024.0,1
2024-01-25 21:00:00,598,24.78,91.08,,1.82,48.98,2024.0,1
2024-01-25 22:00:00,599,24.48,93.42,,1.82,33.5,2024.0,1
2024-01-25 23:00:00,600,23.98,96.28,,1.82,33.5,2024.0,1
2024-01-26 00:00:00,601,22.98,95.05,,1.82,33.5,2024.0,1
2024-01-26 01:00:00,602,22.34,90.44,,1.82,33.53,2024.0,1
2024-01-26 02:00:00,603,21.65,93.48,,1.82,57.18,2024.0,1
2024-01-26 03:00:00,604,21.14,99.51,,1.82,74.04,2024.0,1
2024-01-26 04:00:00,605,20.79,96.93,,1.83,42.75,2024.0,1
2024-01-26 05:00:00,606,20.52,99.44,,1.83,47.86,2024.0,1
2024-01-26 06:00:00,607,22.18,92.41,,1.82,74.55,2024.0,1
2024-01-26 07:00:00,608,28.58,74.48,,1.83,124.19,2024.0,1
2024-01-26 08:00:00,609,32.07,65.89,,1.82,69.1,2024.0,1
2024-01-26 09:00:00,610,32.29,63.72,,1.81,69.5,2024.0,1
2024-01-26 10:00:00,611,31.12,64.07,,1.82,35.67,2024.0,1
2024-01-26 11:00:00,612,30.41,66.02,,1.81,35.08,2024.0,1
2024-01-26 12:00:00,613,31.17,63.93,,1.81,23.18,2024.0,1
2024-01-26 13:00:00,614,31.2,66.06,,1.81,20.2,2024.0,1
2024-01-26 14:00:00,615,31.26,64.45,,1.81,23.54,2024.0,1
2024-01-26 15:00:00,616,28.53,75.12,,1.82,58.56,2024.0,1
2024-01-26 16:00:00,617,27.41,80.47,,1.82,50.16,2024.0,1
2024-01-26 17:00:00,618,24.74,86.3,,1.82,40.87,2024.0,1
2024-01-26 18:00:00,619,24.11,89.18,,1.82,47.84,2024.0,1
2024-01-26 19:00:00,620,23.96,94.79,,1.82,67.6,2024.0,1
2024-01-26 20:00:00,621,23.66,96.86,,1.82,49.48,2024.0,1
2024-01-26 21:00:00,622,23.56,99.89,,1.8,52.5,2024.0,1
2024-01-26 22:00:00,623,23.65,99.89,,1.81,50.63,2024.0,1
2024-01-26 23:00:00,624,23.66,99.9,,1.83,58.73,2024.0,1
2024-01-27 00:00:00,625,23.52,99.9,,1.8,60.3,2024.0,1
2024-01-27 01:00:00,626,23.37,99.9,,1.82,64.05,2024.0,1
2024-01-27 02:00:00,627,23.09,99.9,,1.81,59.77,2024.0,1
2024-01-27 03:00:00,628,22.57,99.9,,1.8,61.87,2024.0,1
2024-01-27 04:00:00,629,22.34,99.9,,1.81,59.11,2024.0,1
2024-01-27 05:00:00,630,22.25,99.9,,1.81,56.03,2024.0,1
2024-01-27 06:00:00,631,22.97,99.8,,1.82,74.0,2024.0,1
2024-01-27 07:00:00,632,24.66,96.46,,1.82,57.07,2024.0,1
2024-01-27 08:00:00,633,28.47,81.84,,1.82,64.88,2024.0,1
2024-01-27 09:00:00,634,29.28,76.41,,1.81,49.14,2024.0,1
2024-01-27 10:00:00,635,27.8,79.98,,1.81,33.22,2024.0,1
2024-01-27 11:00:00,636,29.89,73.74,,1.81,41.0,2024.0,1
2024-01-27 12:00:00,637,29.61,73.69,,1.81,46.5,2024.0,1
2024-01-27 13:00:00,638,28.69,77.56,,1.81,60.19,2024.0,1
2024-01-27 14:00:00,639,28.11,78.15,,1.82,51.73,2024.0,1
2024-01-27 15:00:00,640,26.97,81.21,,1.82,31.52,2024.0,1
2024-01-27 16:00:00,641,26.6,81.18,,1.81,17.25,2024.0,1
2024-01-27 17:00:00,642,25.88,83.34,,1.82,13.33,2024.0,1
2024-01-27 18:00:00,643,24.92,87.8,,1.82,21.14,2024.0,1
2024-01-27 19:00:00,644,24.32,91.51,,1.82,26.93,2024.0,1
2024-01-27 20:00:00,645,23.97,94.49,,1.82,60.74,2024.0,1
2024-01-27 21:00:00,646,23.86,94.33,,1.82,51.19,2024.0,1
2024-01-27 22:00:00,647,23.81,95.0,,1.82,29.25,2024.0,1
2024-01-27 23:00:00,648,23.75,95.31,,1.83,31.35,2024.0,1
2024-01-28 00:00:00,649,23.74,95.09,,1.82,31.99,2024.0,1
2024-01-28 01:00:00,650,23.59,96.3,,1.82,35.86,2024.0,1
2024-01-28 02:00:00,651,23.51,96.76,,1.82,25.78,2024.0,1
2024-01-28 03:00:00,652,23.39,97.32,,1.82,20.2,2024.0,1
2024-01-28 04:00:00,653,23.29,98.89,,1.81,20.59,2024.0,1
2024-01-28 05:00:00,654,23.26,99.26,,1.82,20.52,2024.0,1
2024-01-28 06:00:00,655,23.45,97.92,,1.82,20.77,2024.0,1
2024-01-28 07:00:00,656,24.28,93.3,,1.82,20.85,2024.0,1
2024-01-28 08:00:00,657,25.03,89.81,,1.82,19.11,2024.0,1
2024-01-28 09:00:00,658,27.66,81.22,,1.81,18.7,2024.0,1
2024-01-28 10:00:00,659,27.52,80.83,,1.81,17.36,2024.0,1
2024-01-28 11:00:00,660,27.57,79.4,,1.81,19.96,2024.0,1
2024-01-28 12:00:00,661,28.5,76.62,,1.81,28.5,2024.0,1
2024-01-28 13:00:00,662,28.04,77.73,,1.81,32.46,2024.0,1
2024-01-28 14:00:00,663,27.28,81.11,,1.82,25.38,2024.0,1
2024-01-28 15:00:00,664,27.66,81.74,,1.82,23.74,2024.0,1
2024-01-28 16:00:00,665,27.71,80.45,,1.81,29.08,2024.0,1
2024-01-28 17:00:00,666,26.64,82.65,,1.82,32.36,2024.0,1
2024-01-28 18:00:00,667,25.08,89.16,,1.82,28.81,2024.0,1
2024-01-28 19:00:00,668,24.44,92.84,,1.82,30.02,2024.0,1
2024-01-28 20:00:00,669,24.11,95.08,,1.83,49.98,2024.0,1
2024-01-28 21:00:00,670,23.85,96.61,,1.82,45.56,2024.0,1
2024-01-28 22:00:00,671,23.76,97.75,,1.81,33.33,2024.0,1
2024-01-28 23:00:00,672,23.39,99.9,,1.81,35.46,2024.0,1
2024-01-29 00:00:00,673,23.17,99.9,,1.81,46.4,2024.0,1
2024-01-29 01:00:00,674,23.06,99.9,,1.79,48.24,2024.0,1
2024-01-29 02:00:00,675,22.97,99.9,,1.79,54.55,2024.0,1
2024-01-29 03:00:00,676,22.52,99.9,,1.81,54.94,2024.0,1
2024-01-29 04:00:00,677,22.28,99.9,,1.8,54.94,2024.0,1
2024-01-29 05:00:00,678,21.8,99.9,,1.82,42.85,2024.0,1
2024-01-29 06:00:00,679,22.58,99.37,,1.81,43.72,2024.0,1
2024-01-29 07:00:00,680,26.79,88.31,,1.83,70.16,2024.0,1
2024-01-29 08:00:00,681,29.56,76.04,,1.82,49.1,2024.0,1
2024-01-29 09:00:00,682,26.9,81.4,,1.81,19.14,2024.0,1
2024-01-29 10:00:00,683,27.56,79.02,,1.81,41.05,2024.0,1
2024-01-29 11:00:00,684,26.7,83.55,,1.82,55.63,2024.0,1
2024-01-29 12:00:00,685,26.16,84.12,,1.81,44.16,2024.0,1
2024-01-29 13:00:00,686,26.44,84.8,,1.81,26.8,2024.0,1
2024-01-29 14:00:00,687,27.26,82.04,,1.81,27.46,2024.0,1
2024-01-29 15:00:00,688,26.71,83.24,,1.82,26.8,2024.0,1
2024-01-29 16:00:00,689,25.83,85.44,,1.82,27.2,2024.0,1
2024-01-29 17:00:00,690,24.97,89.7,,1.82,43.45,2024.0,1
2024-01-29 18:00:00,691,24.28,94.71,,1.82,56.42,2024.0,1
2024-01-29 19:00:00,692,24.08,95.3,,1.82,54.82,2024.0,1
2024-01-29 20:00:00,693,24.1,94.61,,1.83,42.9,2024.0,1
2024-01-29 21:00:00,694,23.88,95.94,,1.82,41.54,2024.0,1
2024-01-29 22:00:00,695,23.62,97.94,,1.82,48.47,2024.0,1
2024-01-29 23:00:00,696,23.41,99.9,,1.83,56.69,2024.0,1
2024-01-30 00:00:00,697,23.39,99.9,,1.82,88.8,2024.0,1
2024-01-30 01:00:00,698,23.24,99.7,,1.83,100.85,2024.0,1
2024-01-30 02:00:00,699,22.71,99.9,,1.82,109.21,2024.0,1
2024-01-30 03:00:00,700,22.35,99.9,,1.82,109.21,2024.0,1
2024-01-30 04:00:00,701,22.34,99.9,,1.82,109.21,2024.0,1
2024-01-30 05:00:00,702,21.99,99.9,,1.82,97.08,2024.0,1
2024-01-30 06:00:00,703,22.7,99.81,,1.83,98.49,2024.0,1
2024-01-30 07:00:00,704,27.36,86.14,,1.82,105.77,2024.0,1
2024-01-30 08:00:00,705,27.3,83.48,,1.82,77.45,2024.0,1
2024-01-30 09:00:00,706,27.34,82.48,,1.81,52.05,2024.0,1
2024-01-30 10:00:00,707,25.4,90.26,,1.81,52.03,2024.0,1
2024-01-30 11:00:00,708,26.27,86.79,,1.82,46.9,2024.0,1
2024-01-30 12:00:00,709,28.07,80.76,,1.81,51.55,2024.0,1
2024-01-30 13:00:00,710,28.42,79.72,,1.81,25.14,2024.0,1
2024-01-30 14:00:00,711,28.23,79.26,,1.81,23.13,2024.0,1
2024-01-30 15:00:00,712,26.51,84.34,,1.82,26.73,2024.0,1
2024-01-30 16:00:00,713,25.24,89.48,,1.82,31.62,2024.0,1
2024-01-30 17:00:00,714,24.3,94.6,,1.82,41.84,2024.0,1
2024-01-30 18:00:00,715,23.62,99.3,,1.82,57.27,2024.0,1
2024-01-30 19:00:00,716,23.32,99.9,,1.82,70.17,2024.0,1
2024-01-30 20:00:00,717,23.14,99.9,,1.81,82.22,2024.0,1
2024-01-30 21:00:00,718,23.18,99.9,,1.81,91.67,2024.0,1
2024-01-30 22:00:00,719,23.29,99.9,,1.83,82.39,2024.0,1
2024-01-30 23:00:00,720,23.39,99.9,,1.81,88.86,2024.0,1
2024-01-31 00:00:00,721,23.34,99.9,,1.83,91.27,2024.0,1
2024-01-31 01:00:00,722,23.22,99.9,,1.8,73.1,2024.0,1
2024-01-31 02:00:00,723,23.35,99.9,,1.82,70.61,2024.0,1
2024-01-31 03:00:00,724,22.86,99.9,,1.81,78.39,2024.0,1
2024-01-31 04:00:00,725,22.33,99.9,,1.8,44.09,2024.0,1
2024-01-31 05:00:00,726,22.47,99.9,,1.8,25.53,2024.0,1
2024-01-31 06:00:00,727,22.51,99.9,,1.8,24.79,2024.0,1
2024-01-31 07:00:00,728,24.12,96.96,,1.82,24.79,2024.0,1
2024-01-31 08:00:00,729,25.31,91.44,,1.81,23.99,2024.0,1
2024-01-31 09:00:00,730,27.74,82.98,,1.81,24.6,2024.0,1
2024-01-31 10:00:00,731,30.76,72.43,,1.8,33.2,2024.0,1
2024-01-31 11:00:00,732,30.18,73.1,,1.81,48.9,2024.0,1
2024-01-31 12:00:00,733,28.08,77.79,,1.8,21.86,2024.0,1
2024-01-31 13:00:00,734,25.07,90.61,,1.81,11.39,2024.0,1
2024-01-31 14:00:00,735,25.32,92.44,,1.81,25.48,2024.0,1
2024-01-31 15:00:00,736,24.14,94.19,,1.81,20.67,2024.0,1
2024-01-31 16:00:00,737,22.99,99.08,,1.82,17.02,2024.0,1
2024-01-31 17:00:00,738,22.4,99.9,,1.81,15.95,2024.0,1
2024-01-31 18:00:00,739,22.27,99.9,,1.83,31.52,2024.0,1
2024-01-31 19:00:00,740,22.28,99.9,,1.82,42.34,2024.0,1
2024-01-31 20:00:00,741,22.44,99.9,,1.83,48.81,2024.0,1
2024-01-31 21:00:00,742,22.31,99.9,,1.82,50.13,2024.0,1
2024-01-31 22:00:00,743,22.23,99.9,,1.82,61.2,2024.0,1
2024-01-31 23:00:00,744,22.27,99.9,,1.82,62.54,2024.0,1
2024-02-01 00:00:00,745,22.41,99.9,,1.82,59.5,2024.0,2
2024-02-01 01:00:00,746,22.23,99.9,,1.82,57.64,2024.0,2
2024-02-01 02:00:00,747,21.71,99.9,,1.82,59.31,2024.0,2
2024-02-01 03:00:00,748,21.48,99.9,,1.82,74.5,2024.0,2
2024-02-01 04:00:00,749,21.43,99.9,,1.82,72.29,2024.0,2
2024-02-01 05:00:00,750,21.21,99.9,,1.82,71.69,2024.0,2
2024-02-01 06:00:00,751,21.81,99.9,,1.82,71.69,2024.0,2
2024-02-01 07:00:00,752,25.45,94.31,,1.82,71.69,2024.0,2
2024-02-01 08:00:00,753,30.19,79.72,,1.83,95.71,2024.0,2
2024-02-01 09:00:00,754,33.59,67.41,,1.82,,2024.0,2
2024-02-01 10:00:00,755,32.42,66.68,,1.8,61.94,2024.0,2
2024-02-01 11:00:00,756,30.31,71.94,,1.81,28.22,2024.0,2
2024-02-01 12:00:00,757,30.85,71.46,,1.81,21.0,2024.0,2
2024-02-01 13:00:00,758,30.67,71.91,,1.81,21.0,2024.0,2
2024-02-01 14:00:00,759,27.13,82.83,,1.81,17.19,2024.0,2
2024-02-01 15:00:00,760,23.3,97.34,,1.77,30.45,2024.0,2
2024-02-01 16:00:00,761,22.93,99.9,,1.78,29.34,2024.0,2
2024-02-01 17:00:00,762,22.82,99.9,,1.78,28.81,2024.0,2
2024-02-01 18:00:00,763,22.69,99.9,,1.78,28.81,2024.0,2
2024-02-01 19:00:00,764,22.42,99.9,,1.78,28.81,2024.0,2
2024-02-01 20:00:00,765,22.31,99.9,,1.79,28.81,2024.0,2
2024-02-01 21:00:00,766,22.51,99.9,,1.8,28.81,2024.0,2
2024-02-01 22:00:00,767,22.29,99.9,,1.79,28.81,2024.0,2
2024-02-01 23:00:00,768,22.23,99.9,,1.78,37.33,2024.0,2
2024-02-02 00:00:00,769,22.25,99.9,,1.78,65.49,2024.0,2
2024-02-02 01:00:00,770,22.1,99.9,,1.79,76.55,2024.0,2
2024-02-02 02:00:00,771,21.88,99.9,,1.78,79.73,2024.0,2
2024-02-02 03:00:00,772,21.58,99.9,,1.78,79.73,2024.0,2
2024-02-02 04:00:00,773,21.46,99.9,,1.78,79.73,2024.0,2
2024-02-02 05:00:00,774,21.22,99.9,,1.78,58.96,2024.0,2
2024-02-02 06:00:00,775,21.42,99.9,,1.78,58.96,2024.0,2
2024-02-02 07:00:00,776,25.04,95.24,,1.8,58.96,2024.0,2
2024-02-02 08:00:00,777,28.24,85.75,,1.79,65.49,2024.0,2
2024-02-02 09:00:00,778,33.49,68.1,,1.8,101.5,2024.0,2
2024-02-02 10:00:00,779,35.53,58.81,,1.78,74.6,2024.0,2
2024-02-02 11:00:00,780,35.39,55.64,,1.76,33.9,2024.0,2
2024-02-02 12:00:00,781,33.45,56.4,,1.75,,2024.0,2
2024-02-02 13:00:00,782,32.82,55.62,,1.75,,2024.0,2
2024-02-02 14:00:00,783,30.13,70.64,,1.76,26.75,2024.0,2
2024-02-02 15:00:00,784,27.82,78.82,,1.77,19.93,2024.0,2
2024-02-02 16:00:00,785,25.16,91.73,,1.77,,2024.0,2
2024-02-02 17:00:00,786,23.78,99.62,,1.77,,2024.0,2
2024-02-02 18:00:00,787,23.97,99.31,,1.78,29.8,2024.0,2
2024-02-02 19:00:00,788,23.96,99.9,,1.79,45.32,2024.0,2
2024-02-02 20:00:00,789,23.9,99.9,,1.79,40.18,2024.0,2
2024-02-02 21:00:00,790,23.76,99.9,,1.77,25.86,2024.0,2
2024-02-02 22:00:00,791,23.41,99.9,,1.77,22.58,2024.0,2
2024-02-02 23:00:00,792,23.22,99.9,,1.77,27.34,2024.0,2
2024-02-03 00:00:00,793,22.87,99.9,,1.77,52.49,2024.0,2
2024-02-03 01:00:00,794,22.54,99.9,,1.77,46.67,2024.0,2
2024-02-03 02:00:00,795,22.42,99.9,,1.77,41.61,2024.0,2
2024-02-03 03:00:00,796,22.22,99.9,,1.77,51.29,2024.0,2
2024-02-03 04:00:00,797,21.84,99.9,,1.78,48.96,2024.0,2
2024-02-03 05:00:00,798,21.62,99.9,,1.77,51.05,2024.0,2
2024-02-03 06:00:00,799,22.49,99.75,,1.78,63.5,2024.0,2
2024-02-03 07:00:00,800,26.5,91.15,,1.8,74.76,2024.0,2
2024-02-03 08:00:00,801,31.16,75.41,,1.78,99.11,2024.0,2
2024-02-03 09:00:00,802,33.87,63.63,,1.76,96.0,2024.0,2
2024-02-03 10:00:00,803,34.39,58.34,,1.76,96.0,2024.0,2
2024-02-03 11:00:00,804,34.72,55.79,,1.77,66.8,2024.0,2
2024-02-03 12:00:00,805,32.2,60.07,,1.76,44.87,2024.0,2
2024-02-03 13:00:00,806,29.22,72.47,,1.76,37.5,2024.0,2
2024-02-03 14:00:00,807,26.27,84.4,,1.76,28.14,2024.0,2
2024-02-03 15:00:00,808,24.83,88.21,,1.76,20.96,2024.0,2
2024-02-03 16:00:00,809,24.31,91.61,,1.77,,2024.0,2
2024-02-03 17:00:00,810,24.45,91.5,,1.78,16.25,2024.0,2
2024-02-03 18:00:00,811,24.22,90.89,,1.78,28.81,2024.0,2
2024-02-03 19:00:00,812,23.85,95.49,,1.78,31.42,2024.0,2
2024-02-03 20:00:00,813,23.46,99.72,,1.79,53.6,2024.0,2
2024-02-03 21:00:00,814,23.25,99.9,,1.81,107.47,2024.0,2
2024-02-03 22:00:00,815,23.01,99.9,,1.8,71.49,2024.0,2
2024-02-03 23:00:00,816,22.95,99.9,,1.79,52.13,2024.0,2
2024-02-04 00:00:00,817,22.47,99.9,,1.79,77.32,2024.0,2
2024-02-04 01:00:00,818,22.0,99.9,,1.79,74.51,2024.0,2
2024-02-04 02:00:00,819,21.83,99.9,,1.78,64.54,2024.0,2
2024-02-04 03:00:00,820,21.6,99.9,,1.78,53.78,2024.0,2
2024-02-04 04:00:00,821,21.46,99.9,,1.77,69.93,2024.0,2
2024-02-04 05:00:00,822,21.06,99.9,,1.78,69.95,2024.0,2
2024-02-04 06:00:00,823,22.34,99.3,,1.78,57.2,2024.0,2
2024-02-04 07:00:00,824,29.51,77.04,,1.77,39.31,2024.0,2
2024-02-04 08:00:00,825,30.98,70.61,,1.77,36.67,2024.0,2
2024-02-04 09:00:00,826,28.39,76.73,,1.75,20.74,2024.0,2
2024-02-04 10:00:00,827,29.16,74.85,,1.75,14.65,2024.0,2
2024-02-04 11:00:00,828,27.74,79.77,,1.75,,2024.0,2
2024-02-04 12:00:00,829,26.8,82.17,,1.75,,2024.0,2
2024-02-04 13:00:00,830,27.75,78.58,,1.75,18.92,2024.0,2
2024-02-04 14:00:00,831,27.49,80.57,,1.75,16.84,2024.0,2
2024-02-04 15:00:00,832,24.88,89.91,,1.76,,2024.0,2
2024-02-04 16:00:00,833,24.46,92.86,,1.77,15.74,2024.0,2
2024-02-04 17:00:00,834,23.98,96.5,,1.77,20.54,2024.0,2
2024-02-04 18:00:00,835,23.6,99.1,,1.78,34.97,2024.0,2
2024-02-04 19:00:00,836,23.54,99.9,,1.78,56.41,2024.0,2
2024-02-04 20:00:00,837,23.67,99.9,,1.8,82.74,2024.0,2
2024-02-04 21:00:00,838,23.55,99.9,,1.8,90.62,2024.0,2
2024-02-04 22:00:00,839,23.44,98.02,,1.78,46.16,2024.0,2
2024-02-04 23:00:00,840,23.04,99.15,,1.78,33.29,2024.0,2
2024-02-05 00:00:00,841,22.36,99.9,,1.78,59.75,2024.0,2
2024-02-05 01:00:00,842,22.33,99.9,,1.78,60.69,2024.0,2
2024-02-05 02:00:00,843,22.01,99.9,,1.78,82.91,2024.0,2
2024-02-05 03:00:00,844,21.75,99.9,,1.79,100.85,2024.0,2
2024-02-05 04:00:00,845,21.75,99.9,,1.79,105.98,2024.0,2
2024-02-05 05:00:00,846,21.26,99.9,,1.78,68.89,2024.0,2
2024-02-05 06:00:00,847,21.28,99.9,,1.79,84.17,2024.0,2
2024-02-05 07:00:00,848,23.18,98.97,,1.81,105.98,2024.0,2
2024-02-05 08:00:00,849,29.3,80.1,,1.8,,2024.0,2
2024-02-05 09:00:00,850,30.5,73.62,,1.78,79.21,2024.0,2
2024-02-05 10:00:00,851,30.36,70.02,,1.76,66.0,2024.0,2
2024-02-05 11:00:00,852,30.7,66.72,,1.75,45.5,2024.0,2
2024-02-05 12:00:00,853,30.6,66.13,,1.75,22.0,2024.0,2
2024-02-05 13:00:00,854,30.7,65.82,,1.75,20.4,2024.0,2
2024-02-05 14:00:00,855,28.68,74.06,,1.76,36.8,2024.0,2
2024-02-05 15:00:00,856,26.96,81.16,,1.76,39.17,2024.0,2
2024-02-05 16:00:00,857,23.08,99.57,,1.77,15.21,2024.0,2
2024-02-05 17:00:00,858,22.84,99.9,,1.78,36.99,2024.0,2
2024-02-05 18:00:00,859,23.44,98.34,,1.79,67.0,2024.0,2
2024-02-05 19:00:00,860,23.68,96.84,,1.79,56.95,2024.0,2
2024-02-05 20:00:00,861,23.61,97.89,,1.78,62.13,2024.0,2
2024-02-05 21:00:00,862,23.57,97.34,,1.77,35.96,2024.0,2
2024-02-05 22:00:00,863,23.38,99.86,,1.77,44.22,2024.0,2
2024-02-05 23:00:00,864,23.25,99.9,,1.77,44.22,2024.0,2
2024-02-06 00:00:00,865,23.17,99.9,,1.78,70.55,2024.0,2
2024-02-06 01:00:00,866,22.82,99.9,,1.78,74.0,2024.0,2
2024-02-06 02:00:00,867,22.51,99.9,,1.78,97.4,2024.0,2
2024-02-06 03:00:00,868,22.36,99.9,,1.77,58.81,2024.0,2
2024-02-06 04:00:00,869,22.08,99.9,,1.77,52.71,2024.0,2
2024-02-06 05:00:00,870,21.88,99.9,,1.77,62.7,2024.0,2
2024-02-06 06:00:00,871,23.16,98.58,,1.78,52.86,2024.0,2
2024-02-06 07:00:00,872,24.64,94.29,,1.79,51.81,2024.0,2
2024-02-06 08:00:00,873,25.6,89.61,,1.78,45.56,2024.0,2
2024-02-06 09:00:00,874,27.46,80.32,,1.76,37.53,2024.0,2
2024-02-06 10:00:00,875,25.82,86.56,,1.76,21.67,2024.0,2
2024-02-06 11:00:00,876,29.71,75.78,,1.76,27.91,2024.0,2
2024-02-06 12:00:00,877,30.88,69.41,,1.75,39.85,2024.0,2
2024-02-06 13:00:00,878,24.43,87.92,,1.76,30.18,2024.0,2
2024-02-06 14:00:00,879,25.92,83.86,,1.76,50.69,2024.0,2
2024-02-06 15:00:00,880,25.79,80.19,,1.76,,2024.0,2
2024-02-06 16:00:00,881,25.04,83.1,,1.76,104.92,2024.0,2
2024-02-06 17:00:00,882,24.49,83.95,,1.77,27.88,2024.0,2
2024-02-06 18:00:00,883,24.35,83.74,,1.78,25.53,2024.0,2
2024-02-06 19:00:00,884,24.12,86.74,,1.79,38.88,2024.0,2
2024-02-06 20:00:00,885,23.76,92.1,,1.79,47.1,2024.0,2
2024-02-06 21:00:00,886,23.17,95.37,,1.81,79.62,2024.0,2
2024-02-06 22:00:00,887,22.73,94.87,,1.8,93.3,2024.0,2
2024-02-06 23:00:00,888,22.16,95.74,,1.78,53.95,2024.0,2
2024-02-07 00:00:00,889,21.92,96.13,,1.78,56.3,2024.0,2
2024-02-07 01:00:00,890,21.93,94.49,,1.76,37.2,2024.0,2
2024-02-07 02:00:00,891,21.51,98.8,,1.77,59.4,2024.0,2
2024-02-07 03:00:00,892,21.46,99.9,,1.77,80.21,2024.0,2
2024-02-07 04:00:00,893,21.66,99.9,,1.78,87.58,2024.0,2
2024-02-07 05:00:00,894,21.61,99.9,,1.77,68.34,2024.0,2
2024-02-07 06:00:00,895,21.66,99.9,,1.78,84.72,2024.0,2
2024-02-07 07:00:00,896,23.54,94.64,,1.79,89.44,2024.0,2
2024-02-07 08:00:00,897,27.48,81.4,,1.8,,2024.0,2
2024-02-07 09:00:00,898,29.09,73.22,,1.78,,2024.0,2
2024-02-07 10:00:00,899,28.58,73.71,,1.75,,2024.0,2
2024-02-07 11:00:00,900,31.49,63.22,,1.75,,2024.0,2
2024-02-07 12:00:00,901,31.89,61.74,,1.75,,2024.0,2
2024-02-07 13:00:00,902,27.04,79.61,,1.76,,2024.0,2
2024-02-07 14:00:00,903,23.59,93.68,,1.76,63.14,2024.0,2
2024-02-07 15:00:00,904,23.27,95.49,,1.76,41.82,2024.0,2
2024-02-07 16:00:00,905,22.01,99.9,,1.76,76.75,2024.0,2
2024-02-07 17:00:00,906,22.56,99.89,,1.8,55.22,2024.0,2
2024-02-07 18:00:00,907,22.6,99.78,,1.8,36.13,2024.0,2
2024-02-07 19:00:00,908,22.39,99.9,,1.79,,2024.0,2
2024-02-07 20:00:00,909,22.36,99.9,,1.79,,2024.0,2
2024-02-07 21:00:00,910,22.19,99.9,,1.8,74.44,2024.0,2
2024-02-07 22:00:00,911,22.13,99.9,,1.79,77.05,2024.0,2
2024-02-07 23:00:00,912,21.99,99.9,,1.8,75.17,2024.0,2
2024-02-08 00:00:00,913,21.93,99.9,,1.8,77.42,2024.0,2
2024-02-08 01:00:00,914,21.74,99.9,,1.79,83.23,2024.0,2
2024-02-08 02:00:00,915,21.49,99.9,,1.78,78.13,2024.0,2
2024-02-08 03:00:00,916,21.44,99.9,,1.78,61.91,2024.0,2
2024-02-08 04:00:00,917,21.68,99.9,,1.79,73.26,2024.0,2
2024-02-08 05:00:00,918,21.58,99.9,,1.79,72.36,2024.0,2
2024-02-08 06:00:00,919,22.24,99.1,,1.78,72.36,2024.0,2
2024-02-08 07:00:00,920,28.21,82.62,,1.78,106.1,2024.0,2
2024-02-08 08:00:00,921,30.57,73.32,,1.78,,2024.0,2
2024-02-08 09:00:00,922,33.48,61.52,,1.77,,2024.0,2
2024-02-08 10:00:00,923,33.74,59.49,,1.77,107.62,2024.0,2
2024-02-08 11:00:00,924,34.05,53.34,,1.76,,2024.0,2
2024-02-08 12:00:00,925,31.76,58.1,,1.75,,2024.0,2
2024-02-08 13:00:00,926,30.83,60.51,,1.75,,2024.0,2
2024-02-08 14:00:00,927,30.38,64.23,,1.75,,2024.0,2
2024-02-08 15:00:00,928,29.78,70.4,,1.76,,2024.0,2
2024-02-08 16:00:00,929,25.83,84.69,,1.76,,2024.0,2
2024-02-08 17:00:00,930,24.11,93.62,,1.76,,2024.0,2
2024-02-08 18:00:00,931,24.28,97.04,,1.77,,2024.0,2
2024-02-08 19:00:00,932,23.68,99.61,,1.78,,2024.0,2
2024-02-08 20:00:00,933,24.11,98.64,,1.78,,2024.0,2
2024-02-08 21:00:00,934,24.3,99.19,,1.78,,2024.0,2
2024-02-08 22:00:00,935,23.6,99.9,,1.79,,2024.0,2
2024-02-08 23:00:00,936,23.08,99.9,,1.8,,2024.0,2
2024-02-09 00:00:00,937,22.6,99.9,,1.78,,2024.0,2
2024-02-09 01:00:00,938,22.18,99.9,,1.78,,2024.0,2
2024-02-09 02:00:00,939,21.94,99.9,,1.77,,2024.0,2
2024-02-09 03:00:00,940,22.57,99.9,,1.78,,2024.0,2
2024-02-09 04:00:00,941,22.08,99.9,,1.77,81.07,2024.0,2
2024-02-09 05:00:00,942,22.22,99.9,,1.77,89.98,2024.0,2
2024-02-09 06:00:00,943,22.62,99.9,,1.78,93.13,2024.0,2
2024-02-09 07:00:00,944,26.45,88.22,,1.78,102.3,2024.0,2
2024-02-09 08:00:00,945,31.75,70.88,,1.76,,2024.0,2
2024-02-09 09:00:00,946,32.52,65.23,,1.76,,2024.0,2
2024-02-09 10:00:00,947,34.07,56.47,,1.74,,2024.0,2
2024-02-09 11:00:00,948,36.46,,,1.74,,2024.0,2
2024-02-09 12:00:00,949,36.18,,,1.74,72.8,2024.0,2
2024-02-09 13:00:00,950,31.99,60.19,,1.76,110.96,2024.0,2
2024-02-09 14:00:00,951,27.49,77.98,,1.76,50.91,2024.0,2
2024-02-09 15:00:00,952,30.82,68.78,,1.76,55.82,2024.0,2
2024-02-09 16:00:00,953,28.23,76.1,,1.76,44.52,2024.0,2
2024-02-09 17:00:00,954,27.21,81.24,,1.76,39.95,2024.0,2
2024-02-09 18:00:00,955,26.07,90.22,,1.77,74.76,2024.0,2
2024-02-09 19:00:00,956,23.84,99.23,,1.76,76.28,2024.0,2
2024-02-09 20:00:00,957,22.97,99.9,,1.76,43.05,2024.0,2
2024-02-09 21:00:00,958,23.29,99.9,,1.77,40.47,2024.0,2
2024-02-09 22:00:00,959,23.18,99.9,,1.76,62.41,2024.0,2
2024-02-09 23:00:00,960,22.2,99.9,,1.76,42.91,2024.0,2
2024-02-10 00:00:00,961,21.95,99.9,,1.76,32.76,2024.0,2
2024-02-10 01:00:00,962,22.35,99.9,,1.76,28.14,2024.0,2
2024-02-10 02:00:00,963,22.57,99.9,,1.76,29.75,2024.0,2
2024-02-10 03:00:00,964,22.71,99.9,,1.77,47.27,2024.0,2
2024-02-10 04:00:00,965,22.79,99.9,,1.76,46.5,2024.0,2
2024-02-10 05:00:00,966,22.84,99.9,,1.77,55.17,2024.0,2
2024-02-10 06:00:00,967,22.68,99.9,,1.77,60.97,2024.0,2
2024-02-10 07:00:00,968,23.89,99.9,,1.78,60.97,2024.0,2
2024-02-10 08:00:00,969,27.26,91.02,,1.77,60.97,2024.0,2
2024-02-10 09:00:00,970,30.35,78.63,,1.77,95.59,2024.0,2
2024-02-10 10:00:00,971,30.8,74.68,,1.77,,2024.0,2
2024-02-10 11:00:00,972,32.77,65.26,,1.76,81.0,2024.0,2
2024-02-10 12:00:00,973,32.0,66.61,,1.76,80.0,2024.0,2
2024-02-10 13:00:00,974,29.51,74.77,,1.76,55.12,2024.0,2
2024-02-10 14:00:00,975,29.43,77.52,,1.76,46.22,2024.0,2
2024-02-10 15:00:00,976,24.98,87.22,,1.76,32.65,2024.0,2
2024-02-10 16:00:00,977,22.22,99.79,,1.76,32.14,2024.0,2
2024-02-10 17:00:00,978,21.89,99.9,,1.76,,2024.0,2
2024-02-10 18:00:00,979,22.26,99.9,,1.78,,2024.0,2
2024-02-10 19:00:00,980,22.12,99.9,,1.78,,2024.0,2
2024-02-10 20:00:00,981,22.12,99.9,,1.78,,2024.0,2
2024-02-10 21:00:00,982,22.22,99.9,,1.78,,2024.0,2
2024-02-10 22:00:00,983,22.36,99.9,,1.8,62.24,2024.0,2
2024-02-10 23:00:00,984,22.24,99.9,,1.8,73.7,2024.0,2
2024-02-11 00:00:00,985,22.2,99.9,,1.8,73.7,2024.0,2
2024-02-11 01:00:00,986,21.79,99.9,,1.79,80.33,2024.0,2
2024-02-11 02:00:00,987,21.69,99.9,,1.79,81.74,2024.0,2
2024-02-11 03:00:00,988,21.62,99.9,,1.79,81.74,2024.0,2
2024-02-11 04:00:00,989,21.55,99.9,,1.78,81.74,2024.0,2
2024-02-11 05:00:00,990,21.18,99.9,,1.77,81.74,2024.0,2
2024-02-11 06:00:00,991,21.31,99.9,,1.77,81.74,2024.0,2
2024-02-11 07:00:00,992,24.68,95.74,,1.77,81.74,2024.0,2
2024-02-11 08:00:00,993,30.15,78.6,,1.77,,2024.0,2
2024-02-11 09:00:00,994,30.91,71.61,,1.76,,2024.0,2
2024-02-11 10:00:00,995,28.42,74.91,,1.75,,2024.0,2
2024-02-11 11:00:00,996,29.0,73.44,,1.75,,2024.0,2
2024-02-11 12:00:00,997,29.63,72.41,,1.75,,2024.0,2
2024-02-11 13:00:00,998,28.42,77.24,,1.75,,2024.0,2
2024-02-11 14:00:00,999,28.18,79.08,,1.75,93.54,2024.0,2
2024-02-11 15:00:00,1000,27.74,80.95,,1.76,93.11,2024.0,2
2024-02-11 16:00:00,1001,22.96,99.66,,1.76,59.03,2024.0,2
2024-02-11 17:00:00,1002,24.21,95.4,,1.77,46.23,2024.0,2
2024-02-11 18:00:00,1003,24.4,94.6,,1.77,62.95,2024.0,2
2024-02-11 19:00:00,1004,23.82,99.69,,1.78,80.6,2024.0,2
2024-02-11 20:00:00,1005,23.3,99.9,,1.77,115.24,2024.0,2
2024-02-11 21:00:00,1006,23.11,99.9,,1.77,97.59,2024.0,2
2024-02-11 22:00:00,1007,22.99,99.9,,1.79,93.23,2024.0,2
2024-02-11 23:00:00,1008,22.98,99.9,,1.78,100.47,2024.0,2
2024-02-12 00:00:00,1009,23.06,99.9,,1.78,103.21,2024.0,2
2024-02-12 01:00:00,1010,22.56,99.9,,1.78,86.95,2024.0,2
2024-02-12 02:00:00,1011,22.06,99.9,,1.77,98.39,2024.0,2
2024-02-12 03:00:00,1012,21.51,99.9,,1.76,76.56,2024.0,2
2024-02-12 04:00:00,1013,21.08,99.9,,1.76,99.29,2024.0,2
2024-02-12 05:00:00,1014,21.01,99.9,,1.76,70.13,2024.0,2
2024-02-12 06:00:00,1015,22.3,99.43,,1.78,94.0,2024.0,2
2024-02-12 07:00:00,1016,27.4,85.63,,1.79,96.76,2024.0,2
2024-02-12 08:00:00,1017,28.9,76.86,,1.77,,2024.0,2
2024-02-12 09:00:00,1018,26.91,80.9,,1.75,102.61,2024.0,2
2024-02-12 10:00:00,1019,27.86,77.06,,1.75,107.85,2024.0,2
2024-02-12 11:00:00,1020,28.22,75.57,,1.75,,2024.0,2
2024-02-12 12:00:00,1021,28.59,74.73,,1.75,100.59,2024.0,2
2024-02-12 13:00:00,1022,28.75,73.35,,1.75,,2024.0,2
2024-02-12 14:00:00,1023,29.97,70.34,,1.75,,2024.0,2
2024-02-12 15:00:00,1024,29.96,70.72,,1.75,,2024.0,2
2024-02-12 16:00:00,1025,28.6,75.48,,1.76,,2024.0,2
2024-02-12 17:00:00,1026,26.48,82.66,,1.76,,2024.0,2
2024-02-12 18:00:00,1027,25.46,88.73,,1.77,,2024.0,2
2024-02-12 19:00:00,1028,24.46,95.56,,1.77,,2024.0,2
2024-02-12 20:00:00,1029,22.63,99.9,,1.76,,2024.0,2
2024-02-12 21:00:00,1030,23.32,99.9,,1.77,,2024.0,2
2024-02-12 22:00:00,1031,23.21,99.9,,1.78,,2024.0,2
2024-02-12 23:00:00,1032,23.11,99.9,,1.78,,2024.0,2
2024-02-13 00:00:00,1033,22.65,99.9,,1.77,,2024.0,2
2024-02-13 01:00:00,1034,22.22,99.9,,1.76,,2024.0,2
2024-02-13 02:00:00,1035,21.77,99.9,,1.76,109.81,2024.0,2
2024-02-13 03:00:00,1036,22.02,99.9,,1.77,,2024.0,2
2024-02-13 04:00:00,1037,21.3,99.88,,1.76,,2024.0,2
2024-02-13 05:00:00,1038,21.2,99.79,,1.76,106.01,2024.0,2
2024-02-13 06:00:00,1039,21.88,98.35,,1.77,,2024.0,2
2024-02-13 07:00:00,1040,25.38,87.2,,1.78,,2024.0,2
2024-02-13 08:00:00,1041,29.49,76.7,,1.77,,2024.0,2
2024-02-13 09:00:00,1042,33.38,63.12,,1.76,,2024.0,2
2024-02-13 10:00:00,1043,30.86,68.16,,1.76,,2024.0,2
2024-02-13 11:00:00,1044,29.6,73.1,,1.76,117.06,2024.0,2
2024-02-13 12:00:00,1045,31.32,67.16,,1.75,102.79,2024.0,2
2024-02-13 13:00:00,1046,30.64,69.3,,1.76,,2024.0,2
2024-02-13 14:00:00,1047,30.84,69.62,,1.76,,2024.0,2
2024-02-13 15:00:00,1048,30.46,70.45,,1.76,,2024.0,2
2024-02-13 16:00:00,1049,28.66,78.32,,1.76,,2024.0,2
2024-02-13 17:00:00,1050,26.68,83.61,,1.77,102.51,2024.0,2
2024-02-13 18:00:00,1051,25.54,88.95,,1.77,102.51,2024.0,2
2024-02-13 19:00:00,1052,24.96,92.55,,1.77,96.8,2024.0,2
2024-02-13 20:00:00,1053,24.75,95.68,,1.77,84.7,2024.0,2
2024-02-13 21:00:00,1054,24.88,94.9,,1.77,87.77,2024.0,2
2024-02-13 22:00:00,1055,24.88,94.53,,1.77,92.16,2024.0,2
2024-02-13 23:00:00,1056,24.77,95.65,,1.77,104.65,2024.0,2
2024-02-14 00:00:00,1057,24.54,97.82,,1.77,,2024.0,2
2024-02-14 01:00:00,1058,24.23,99.89,,1.78,,2024.0,2
2024-02-14 02:00:00,1059,24.36,99.9,,1.78,,2024.0,2
2024-02-14 03:00:00,1060,23.92,99.9,,1.78,,2024.0,2
2024-02-14 04:00:00,1061,23.7,99.9,,1.77,112.58,2024.0,2
2024-02-14 05:00:00,1062,23.54,99.9,,1.77,70.35,2024.0,2
2024-02-14 06:00:00,1063,24.42,98.84,,1.77,103.75,2024.0,2
2024-02-14 07:00:00,1064,25.48,95.62,,1.78,,2024.0,2
2024-02-14 08:00:00,1065,24.01,99.9,,1.78,,2024.0,2
2024-02-14 09:00:00,1066,24.4,99.9,,1.78,,2024.0,2
2024-02-14 10:00:00,1067,25.28,98.11,,1.78,,2024.0,2
2024-02-14 11:00:00,1068,26.64,89.99,,1.77,82.13,2024.0,2
2024-02-14 12:00:00,1069,27.61,83.94,,1.76,75.75,2024.0,2
2024-02-14 13:00:00,1070,28.67,79.53,,1.75,85.7,2024.0,2
2024-02-14 14:00:00,1071,29.77,76.53,,1.75,103.69,2024.0,2
2024-02-14 15:00:00,1072,27.76,82.52,,1.75,74.48,2024.0,2
2024-02-14 16:00:00,1073,27.04,83.47,,1.76,86.33,2024.0,2
2024-02-14 17:00:00,1074,26.19,87.54,,1.76,64.99,2024.0,2
2024-02-14 18:00:00,1075,25.57,91.28,,1.77,64.99,2024.0,2
2024-02-14 19:00:00,1076,25.26,93.03,,1.77,64.99,2024.0,2
2024-02-14 20:00:00,1077,24.48,95.24,,1.78,64.99,2024.0,2
2024-02-14 21:00:00,1078,23.91,95.75,,1.79,106.36,2024.0,2
2024-02-14 22:00:00,1079,23.85,96.45,,1.78,78.0,2024.0,2
2024-02-14 23:00:00,1080,23.36,99.63,,1.79,105.6,2024.0,2
2024-02-15 00:00:00,1081,23.16,99.9,,1.78,98.78,2024.0,2
2024-02-15 01:00:00,1082,22.88,99.9,,1.77,97.96,2024.0,2
2024-02-15 02:00:00,1083,22.57,99.9,,1.77,97.8,2024.0,2
2024-02-15 03:00:00,1084,22.59,99.9,,1.77,,2024.0,2
2024-02-15 04:00:00,1085,22.73,99.9,,1.78,110.19,2024.0,2
2024-02-15 05:00:00,1086,22.53,99.9,,1.78,108.49,2024.0,2
2024-02-15 06:00:00,1087,23.05,99.88,,1.78,101.44,2024.0,2
2024-02-15 07:00:00,1088,27.66,87.96,,1.79,107.2,2024.0,2
2024-02-15 08:00:00,1089,31.08,76.7,,1.78,,2024.0,2
2024-02-15 09:00:00,1090,34.92,63.36,,1.77,,2024.0,2
2024-02-15 10:00:00,1091,35.28,60.8,,1.77,,2024.0,2
2024-02-15 11:00:00,1092,35.77,55.56,,1.75,81.56,2024.0,2
2024-02-15 12:00:00,1093,30.01,75.24,,1.77,62.62,2024.0,2
2024-02-15 13:00:00,1094,23.85,95.95,,1.76,41.4,2024.0,2
2024-02-15 14:00:00,1095,23.16,99.9,,1.77,61.56,2024.0,2
2024-02-15 15:00:00,1096,24.41,99.9,,1.78,76.65,2024.0,2
2024-02-15 16:00:00,1097,24.69,99.9,,1.79,78.39,2024.0,2
2024-02-15 17:00:00,1098,24.47,99.9,,1.79,78.39,2024.0,2
2024-02-15 18:00:00,1099,24.1,99.9,,1.81,78.39,2024.0,2
2024-02-15 19:00:00,1100,23.99,99.9,,1.83,78.39,2024.0,2
2024-02-15 20:00:00,1101,23.96,99.9,,1.79,108.82,2024.0,2
2024-02-15 21:00:00,1102,23.76,99.9,,1.78,117.79,2024.0,2
2024-02-15 22:00:00,1103,23.6,99.9,,1.78,117.31,2024.0,2
2024-02-15 23:00:00,1104,23.38,99.9,,1.79,,2024.0,2
2024-02-16 00:00:00,1105,23.37,99.9,,1.8,,2024.0,2
2024-02-16 01:00:00,1106,23.04,99.9,,1.81,,2024.0,2
2024-02-16 02:00:00,1107,23.11,99.9,,1.8,,2024.0,2
2024-02-16 03:00:00,1108,23.16,99.9,,1.78,,2024.0,2
2024-02-16 04:00:00,1109,23.02,99.9,,1.78,,2024.0,2
2024-02-16 05:00:00,1110,22.99,99.9,,1.77,,2024.0,2
2024-02-16 06:00:00,1111,23.26,99.9,,1.78,100.77,2024.0,2
2024-02-16 07:00:00,1112,26.55,93.5,,1.79,99.83,2024.0,2
2024-02-16 08:00:00,1113,28.6,85.25,,1.78,99.83,2024.0,2
2024-02-16 09:00:00,1114,30.25,78.47,,1.77,,2024.0,2
2024-02-16 10:00:00,1115,34.67,64.32,,1.77,,2024.0,2
2024-02-16 11:00:00,1116,36.19,55.79,,1.76,,2024.0,2
2024-02-16 12:00:00,1117,35.21,57.47,,1.76,,2024.0,2
2024-02-16 13:00:00,1118,29.5,76.06,,1.77,,2024.0,2
2024-02-16 14:00:00,1119,25.6,90.33,,1.76,58.48,2024.0,2
2024-02-16 15:00:00,1120,22.92,99.9,,1.77,26.83,2024.0,2
2024-02-16 16:00:00,1121,23.15,99.9,,1.77,26.6,2024.0,2
2024-02-16 17:00:00,1122,23.23,99.9,,1.79,36.08,2024.0,2
2024-02-16 18:00:00,1123,22.72,99.9,,1.78,28.91,2024.0,2
2024-02-16 19:00:00,1124,22.76,99.9,,1.79,40.57,2024.0,2
2024-02-16 20:00:00,1125,22.78,99.9,,1.8,48.24,2024.0,2
2024-02-16 21:00:00,1126,22.81,99.9,,1.81,52.38,2024.0,2
2024-02-16 22:00:00,1127,22.68,99.9,,1.8,67.37,2024.0,2
2024-02-16 23:00:00,1128,22.58,99.9,,1.79,69.93,2024.0,2
2024-02-17 00:00:00,1129,22.7,99.9,,1.79,66.15,2024.0,2
2024-02-17 01:00:00,1130,22.65,99.9,,1.8,64.77,2024.0,2
2024-02-17 02:00:00,1131,22.22,99.9,,1.79,78.57,2024.0,2
2024-02-17 03:00:00,1132,21.92,99.9,,1.78,100.63,2024.0,2
2024-02-17 04:00:00,1133,21.8,99.9,,1.78,93.13,2024.0,2
2024-02-17 05:00:00,1134,21.74,99.9,,1.78,93.13,2024.0,2
2024-02-17 06:00:00,1135,22.1,99.9,,1.79,93.13,2024.0,2
2024-02-17 07:00:00,1136,25.04,97.57,,1.79,95.24,2024.0,2
2024-02-17 08:00:00,1137,29.46,82.95,,1.79,,2024.0,2
2024-02-17 09:00:00,1138,32.86,70.78,,1.78,,2024.0,2
2024-02-17 10:00:00,1139,34.43,63.44,,1.78,99.5,2024.0,2
2024-02-17 18:00:00,1147,23.1,99.9,,1.78,,2024.0,2
2024-02-17 19:00:00,1148,23.34,99.9,,1.78,,2024.0,2
2024-02-17 20:00:00,1149,23.26,99.9,,1.79,,2024.0,2
2024-02-17 21:00:00,1150,23.27,99.9,,1.82,,2024.0,2
2024-02-17 22:00:00,1151,23.24,99.9,,1.81,,2024.0,2
2024-02-17 23:00:00,1152,22.91,99.9,,1.8,,2024.0,2
2024-02-18 00:00:00,1153,22.72,99.9,,1.8,,2024.0,2
2024-02-18 01:00:00,1154,22.76,99.9,,1.79,,2024.0,2
2024-02-18 02:00:00,1155,22.72,99.9,,1.8,,2024.0,2
2024-02-18 03:00:00,1156,22.52,99.9,,1.81,,2024.0,2
2024-02-18 04:00:00,1157,22.18,99.9,,1.79,,2024.0,2
2024-02-18 05:00:00,1158,21.95,99.9,,1.79,,2024.0,2
2024-02-18 06:00:00,1159,22.31,99.9,,1.79,,2024.0,2
2024-02-18 07:00:00,1160,27.02,90.66,,1.79,,2024.0,2
2024-02-18 08:00:00,1161,31.41,76.34,,1.78,,2024.0,2
2024-02-18 09:00:00,1162,32.48,69.76,,1.76,,2024.0,2
2024-02-18 10:00:00,1163,33.46,62.55,,1.75,,2024.0,2
2024-02-18 11:00:00,1164,34.8,54.55,,1.74,,2024.0,2
2024-02-18 12:00:00,1165,35.12,53.36,,1.75,,2024.0,2
2024-02-18 13:00:00,1166,28.51,78.86,,1.76,,2024.0,2
2024-02-18 14:00:00,1167,22.47,98.98,,1.75,,2024.0,2
2024-02-18 15:00:00,1168,23.14,99.9,,1.76,,2024.0,2
2024-02-18 16:00:00,1169,24.33,99.15,,1.78,,2024.0,2
2024-02-18 17:00:00,1170,23.3,99.9,,1.76,,2024.0,2
2024-02-18 18:00:00,1171,23.02,99.9,,1.77,,2024.0,2
2024-02-18 19:00:00,1172,22.99,99.9,,1.77,,2024.0,2
2024-02-18 20:00:00,1173,22.85,99.9,,1.79,,2024.0,2
2024-02-18 21:00:00,1174,22.56,99.9,,1.79,,2024.0,2
2024-02-18 22:00:00,1175,22.38,99.9,,1.78,,2024.0,2
2024-02-18 23:00:00,1176,22.03,99.9,,1.79,,2024.0,2
2024-02-19 00:00:00,1177,21.94,99.9,,1.79,,2024.0,2
2024-02-19 01:00:00,1178,21.84,99.9,,1.79,,2024.0,2
2024-02-19 02:00:00,1179,21.92,99.9,,1.8,,2024.0,2
2024-02-19 03:00:00,1180,21.89,99.9,,1.79,,2024.0,2
2024-02-19 04:00:00,1181,21.6,99.9,,1.77,,2024.0,2
2024-02-19 05:00:00,1182,21.43,99.9,,1.77,,2024.0,2
2024-02-19 06:00:00,1183,21.99,99.9,,1.79,,2024.0,2
2024-02-19 07:00:00,1184,24.14,99.11,,1.8,,2024.0,2
2024-02-19 08:00:00,1185,26.94,90.47,,1.79,,2024.0,2
2024-02-19 09:00:00,1186,31.83,74.01,,1.78,,2024.0,2
2024-02-19 10:00:00,1187,33.67,63.46,,1.77,,2024.0,2
2024-02-19 11:00:00,1188,36.32,52.82,,1.76,,2024.0,2
2024-02-19 12:00:00,1189,33.49,58.98,,1.76,,2024.0,2
2024-02-19 13:00:00,1190,30.49,67.6,,1.76,,2024.0,2
2024-02-19 14:00:00,1191,28.96,74.56,,1.76,,2024.0,2
2024-02-19 15:00:00,1192,28.22,80.54,,1.77,,2024.0,2
2024-02-19 16:00:00,1193,30.56,73.55,,1.77,,2024.0,2
2024-02-19 17:00:00,1194,27.01,85.94,,1.77,,2024.0,2
2024-02-19 18:00:00,1195,25.53,91.73,,1.78,,2024.0,2
2024-02-19 19:00:00,1196,23.83,99.65,,1.78,,2024.0,2
2024-02-19 20:00:00,1197,23.71,99.9,,1.77,,2024.0,2
2024-02-19 21:00:00,1198,23.73,99.9,,1.77,,2024.0,2
2024-02-19 22:00:00,1199,23.42,99.9,,1.77,,2024.0,2
2024-02-19 23:00:00,1200,23.72,99.9,,1.77,,2024.0,2
2024-02-20 00:00:00,1201,23.67,99.9,,1.79,,2024.0,2
2024-02-20 01:00:00,1202,23.38,99.9,,1.8,,2024.0,2
2024-02-20 02:00:00,1203,23.37,99.9,,1.78,,2024.0,2
2024-02-20 03:00:00,1204,23.04,99.9,,1.78,,2024.0,2
2024-02-20 04:00:00,1205,23.13,99.9,,1.78,,2024.0,2
2024-02-20 05:00:00,1206,22.93,99.9,,1.77,,2024.0,2
2024-02-20 06:00:00,1207,23.6,99.9,,1.78,,2024.0,2
2024-02-20 07:00:00,1208,26.65,93.44,,1.79,,2024.0,2
2024-02-20 08:00:00,1209,28.88,84.95,,1.79,,2024.0,2
2024-02-20 09:00:00,1210,33.36,69.72,,1.78,,2024.0,2
2024-02-20 10:00:00,1211,34.32,63.47,,1.77,,2024.0,2
2024-02-20 11:00:00,1212,36.14,55.57,,1.76,,2024.0,2
2024-02-20 12:00:00,1213,36.18,52.18,,1.76,,2024.0,2
2024-02-20 13:00:00,1214,31.15,71.39,,1.77,,2024.0,2
2024-02-20 14:00:00,1215,28.97,79.1,,1.77,,2024.0,2
2024-02-20 15:00:00,1216,24.27,96.57,,1.76,,2024.0,2
2024-02-20 16:00:00,1217,23.0,99.46,,1.76,,2024.0,2
2024-02-20 17:00:00,1218,23.18,99.9,,1.78,,2024.0,2
2024-02-20 18:00:00,1219,23.42,99.9,,1.8,,2024.0,2
2024-02-20 19:00:00,1220,23.57,99.9,,1.81,,2024.0,2
2024-02-20 20:00:00,1221,23.36,99.9,,1.81,,2024.0,2
2024-02-20 21:00:00,1222,23.5,99.9,,1.8,,2024.0,2
2024-02-20 22:00:00,1223,23.96,99.9,,1.81,,2024.0,2
2024-02-20 23:00:00,1224,23.9,99.9,,1.8,,2024.0,2
2024-02-21 00:00:00,1225,23.66,99.9,,1.78,,2024.0,2
2024-02-21 01:00:00,1226,23.06,99.9,,1.77,,2024.0,2
2024-02-21 02:00:00,1227,22.84,99.9,,1.76,,2024.0,2
2024-02-21 03:00:00,1228,22.9,99.9,,1.76,,2024.0,2
2024-02-21 04:00:00,1229,22.89,99.9,,1.77,,2024.0,2
2024-02-21 05:00:00,1230,23.01,99.9,,1.77,,2024.0,2
2024-02-21 06:00:00,1231,23.09,99.9,,1.79,,2024.0,2
2024-02-21 07:00:00,1232,23.46,99.9,,1.81,,2024.0,2
2024-02-21 08:00:00,1233,24.39,99.9,,1.81,,2024.0,2
2024-02-21 09:00:00,1234,25.95,94.3,,1.78,,2024.0,2
2024-02-21 10:00:00,1235,28.77,82.85,,1.76,,2024.0,2
2024-02-21 11:00:00,1236,32.7,72.2,,1.77,,2024.0,2
2024-02-21 12:00:00,1237,34.38,64.04,,1.76,,2024.0,2
2024-02-21 13:00:00,1238,36.77,55.48,,1.76,,2024.0,2
2024-02-21 14:00:00,1239,31.91,69.15,,1.76,,2024.0,2
2024-02-21 15:00:00,1240,28.75,76.07,,1.76,,2024.0,2
2024-02-21 16:00:00,1241,26.27,83.96,,1.76,,2024.0,2
2024-02-21 17:00:00,1242,25.3,93.45,,1.79,,2024.0,2
2024-02-21 18:00:00,1243,24.18,99.23,,1.78,,2024.0,2
2024-02-21 19:00:00,1244,24.28,97.26,,1.78,,2024.0,2
2024-02-21 20:00:00,1245,24.02,93.52,,1.77,,2024.0,2
2024-02-21 21:00:00,1246,23.56,97.53,,1.76,,2024.0,2
2024-02-21 22:00:00,1247,23.4,98.04,,1.76,,2024.0,2
2024-02-21 23:00:00,1248,23.34,97.76,,1.77,,2024.0,2
2024-02-22 00:00:00,1249,23.06,99.9,,1.78,,2024.0,2
2024-02-22 01:00:00,1250,22.82,99.9,,1.78,,2024.0,2
2024-02-22 02:00:00,1251,22.36,99.9,,1.77,,2024.0,2
2024-02-22 03:00:00,1252,22.31,99.9,,1.78,,2024.0,2
2024-02-22 04:00:00,1253,22.04,99.9,,1.77,,2024.0,2
2024-02-22 05:00:00,1254,21.8,99.9,,1.77,,2024.0,2
2024-02-22 06:00:00,1255,22.08,99.9,,1.78,,2024.0,2
2024-02-22 07:00:00,1256,24.83,96.09,,1.8,,2024.0,2
2024-02-22 08:00:00,1257,30.3,78.83,,1.79,,2024.0,2
2024-02-22 09:00:00,1258,32.56,69.57,,1.78,,2024.0,2
2024-02-22 10:00:00,1259,34.88,58.77,,1.76,,2024.0,2
2024-02-22 11:00:00,1260,33.66,62.3,,1.76,,2024.0,2
2024-02-22 12:00:00,1261,34.76,56.5,,1.76,,2024.0,2
2024-02-22 13:00:00,1262,35.9,,,1.75,,2024.0,2
2024-02-22 14:00:00,1263,33.53,60.37,,1.76,,2024.0,2
2024-02-22 15:00:00,1264,31.22,68.63,,1.76,,2024.0,2
2024-02-22 16:00:00,1265,29.51,72.54,,1.77,,2024.0,2
2024-02-22 17:00:00,1266,24.47,84.97,,1.76,56.98,2024.0,2
2024-02-22 18:00:00,1267,23.32,90.53,,1.76,53.6,2024.0,2
2024-02-22 19:00:00,1268,23.63,91.04,,1.77,53.6,2024.0,2
2024-02-22 20:00:00,1269,23.71,92.3,,1.77,53.6,2024.0,2
2024-02-22 21:00:00,1270,23.01,97.72,,1.78,53.6,2024.0,2
2024-02-22 22:00:00,1271,22.37,99.9,,1.79,53.6,2024.0,2
2024-02-22 23:00:00,1272,22.29,99.9,,1.79,53.6,2024.0,2
2024-02-23 00:00:00,1273,22.64,99.9,,1.8,53.6,2024.0,2
2024-02-23 01:00:00,1274,22.56,99.9,,1.8,53.6,2024.0,2
2024-02-23 02:00:00,1275,22.31,99.9,,1.79,53.6,2024.0,2
2024-02-23 03:00:00,1276,22.02,99.9,,1.79,53.6,2024.0,2
2024-02-23 04:00:00,1277,21.78,99.9,,1.79,53.6,2024.0,2
2024-02-23 05:00:00,1278,21.85,99.9,,1.79,53.6,2024.0,2
2024-02-23 06:00:00,1279,21.85,99.9,,1.8,53.6,2024.0,2
2024-02-23 07:00:00,1280,26.95,89.64,,1.8,54.26,2024.0,2
2024-02-23 08:00:00,1281,31.4,75.95,,1.8,80.0,2024.0,2
2024-02-23 09:00:00,1282,32.8,69.77,,1.8,80.0,2024.0,2
2024-02-23 10:00:00,1283,33.7,62.36,,1.78,80.0,2024.0,2
2024-02-23 11:00:00,1284,33.69,52.47,,1.75,80.0,2024.0,2
2024-02-23 12:00:00,1285,35.19,,,1.75,80.0,2024.0,2
2024-02-23 13:00:00,1286,33.53,55.78,,1.75,80.0,2024.0,2
2024-02-23 14:00:00,1287,30.44,68.04,,1.76,80.0,2024.0,2
2024-02-23 15:00:00,1288,29.34,72.66,,1.76,80.0,2024.0,2
2024-02-23 16:00:00,1289,28.84,77.1,,1.77,80.0,2024.0,2
2024-02-23 17:00:00,1290,27.69,80.56,,1.77,64.43,2024.0,2
2024-02-23 18:00:00,1291,26.59,84.14,,1.78,53.6,2024.0,2
2024-02-23 19:00:00,1292,25.59,89.6,,1.78,53.6,2024.0,2
2024-02-23 20:00:00,1293,24.62,95.15,,1.78,53.6,2024.0,2
2024-02-23 21:00:00,1294,23.47,99.9,,1.78,53.6,2024.0,2
2024-02-23 22:00:00,1295,22.95,99.9,,1.77,53.6,2024.0,2
2024-02-23 23:00:00,1296,22.77,99.9,,1.78,53.6,2024.0,2
2024-02-24 00:00:00,1297,22.66,99.9,,1.78,53.6,2024.0,2
2024-02-24 01:00:00,1298,22.48,99.9,,1.78,53.6,2024.0,2
2024-02-24 02:00:00,1299,22.46,99.9,,1.78,53.6,2024.0,2
2024-02-24 03:00:00,1300,22.51,99.9,,1.78,53.6,2024.0,2
2024-02-24 04:00:00,1301,22.35,99.9,,1.78,53.6,2024.0,2
2024-02-24 05:00:00,1302,22.74,99.9,,1.78,53.6,2024.0,2
2024-02-24 06:00:00,1303,22.96,99.9,,1.78,53.6,2024.0,2
2024-02-24 07:00:00,1304,25.58,96.56,,1.79,53.6,2024.0,2
2024-02-24 08:00:00,1305,28.76,84.97,,1.79,53.6,2024.0,2
2024-02-24 09:00:00,1306,30.58,77.35,,1.78,75.38,2024.0,2
2024-02-24 10:00:00,1307,32.07,69.77,,1.77,80.0,2024.0,2
2024-02-24 11:00:00,1308,31.93,67.23,,1.77,80.0,2024.0,2
2024-02-24 12:00:00,1309,31.08,68.57,,1.76,80.0,2024.0,2
2024-02-24 13:00:00,1310,29.35,73.08,,1.77,74.72,2024.0,2
2024-02-24 14:00:00,1311,29.02,77.05,,1.77,80.0,2024.0,2
2024-02-24 15:00:00,1312,28.51,79.24,,1.77,69.44,2024.0,2
2024-02-24 16:00:00,1313,26.94,86.34,,1.78,53.6,2024.0,2
2024-02-24 17:00:00,1314,25.81,91.62,,1.78,53.6,2024.0,2
2024-02-24 18:00:00,1315,25.24,90.04,,1.78,53.6,2024.0,2
2024-02-24 19:00:00,1316,24.56,94.88,,1.78,53.6,2024.0,2
2024-02-24 20:00:00,1317,24.28,96.39,,1.78,53.6,2024.0,2
2024-02-24 21:00:00,1318,24.22,96.3,,1.78,53.6,2024.0,2
2024-02-24 22:00:00,1319,23.67,99.31,,1.78,53.6,2024.0,2
2024-02-24 23:00:00,1320,22.95,99.9,,1.78,53.6,2024.0,2
2024-02-25 00:00:00,1321,23.06,99.9,,1.78,53.6,2024.0,2
2024-02-25 01:00:00,1322,22.86,99.9,,1.78,53.6,2024.0,2
2024-02-25 02:00:00,1323,22.88,99.9,,1.78,53.6,2024.0,2
2024-02-25 03:00:00,1324,22.69,99.9,,1.78,53.6,2024.0,2
2024-02-25 04:00:00,1325,22.69,99.9,,1.78,53.6,2024.0,2
2024-02-25 05:00:00,1326,22.85,99.9,,1.78,53.6,2024.0,2
2024-02-25 06:00:00,1327,23.32,99.9,,1.78,53.6,2024.0,2
2024-02-25 07:00:00,1328,26.54,94.98,,1.78,53.6,2024.0,2
2024-02-25 08:00:00,1329,27.24,90.34,,1.78,53.6,2024.0,2
2024-02-25 09:00:00,1330,29.18,81.52,,1.76,64.43,2024.0,2
2024-02-25 10:00:00,1331,29.99,78.52,,1.77,75.47,2024.0,2
2024-02-25 11:00:00,1332,28.13,82.39,,1.77,56.9,2024.0,2
2024-02-25 12:00:00,1333,28.79,78.73,,1.76,73.4,2024.0,2
2024-02-25 13:00:00,1334,27.59,81.96,,1.76,60.2,2024.0,2
2024-02-25 14:00:00,1335,28.08,78.16,,1.76,77.15,2024.0,2
2024-02-25 15:00:00,1336,26.43,81.69,,1.76,62.14,2024.0,2
2024-02-25 16:00:00,1337,26.26,86.19,,1.76,53.6,2024.0,2
2024-02-25 17:00:00,1338,23.51,95.11,,1.77,53.6,2024.0,2
2024-02-25 18:00:00,1339,21.72,99.9,,1.77,53.6,2024.0,2
2024-02-25 19:00:00,1340,21.86,99.9,,1.78,53.6,2024.0,2
2024-02-25 20:00:00,1341,22.31,99.9,,1.78,53.6,2024.0,2
2024-02-25 21:00:00,1342,22.16,99.9,,1.77,53.6,2024.0,2
2024-02-25 22:00:00,1343,22.06,99.9,,1.77,53.6,2024.0,2
2024-02-25 23:00:00,1344,21.93,99.9,,1.78,53.6,2024.0,2
2024-02-26 00:00:00,1345,21.97,99.9,,1.79,53.6,2024.0,2
2024-02-26 01:00:00,1346,21.93,99.9,,1.79,53.6,2024.0,2
2024-02-26 02:00:00,1347,21.97,99.9,,1.78,53.6,2024.0,2
2024-02-26 03:00:00,1348,22.01,99.9,,1.76,53.6,2024.0,2
2024-02-26 04:00:00,1349,21.92,99.9,,1.77,53.6,2024.0,2
2024-02-26 05:00:00,1350,21.94,99.9,,1.77,53.6,2024.0,2
2024-02-26 06:00:00,1351,22.82,99.85,,1.79,53.6,2024.0,2
2024-02-26 07:00:00,1352,28.88,85.44,,1.79,60.37,2024.0,2
2024-02-26 08:00:00,1353,31.36,76.2,,1.78,78.68,2024.0,2
2024-02-26 09:00:00,1354,31.65,72.76,,1.77,80.0,2024.0,2
2024-02-26 10:00:00,1355,34.11,63.01,,1.77,80.0,2024.0,2
2024-02-26 11:00:00,1356,33.52,61.77,,1.76,80.0,2024.0,2
2024-02-26 12:00:00,1357,28.97,74.59,,1.76,80.0,2024.0,2
2024-02-26 13:00:00,1358,28.21,76.65,,1.76,80.0,2024.0,2
2024-02-26 14:00:00,1359,28.8,74.28,,1.76,80.0,2024.0,2
2024-02-26 15:00:00,1360,27.57,79.97,,1.76,67.82,2024.0,2
2024-02-26 16:00:00,1361,25.5,91.66,,1.78,53.6,2024.0,2
2024-02-26 17:00:00,1362,24.7,95.97,,1.78,53.6,2024.0,2
2024-02-26 18:00:00,1363,24.45,94.47,,1.78,53.6,2024.0,2
2024-02-26 19:00:00,1364,24.24,96.72,,1.79,53.6,2024.0,2
2024-02-26 20:00:00,1365,24.22,98.79,,1.79,53.6,2024.0,2
2024-02-26 21:00:00,1366,24.19,99.9,,1.8,53.6,2024.0,2
2024-02-26 22:00:00,1367,24.17,99.9,,1.8,53.6,2024.0,2
2024-02-26 23:00:00,1368,23.95,99.9,,1.79,53.6,2024.0,2
2024-02-27 00:00:00,1369,23.89,99.9,,1.78,53.6,2024.0,2
2024-02-27 01:00:00,1370,23.9,99.58,,1.77,53.6,2024.0,2
2024-02-27 02:00:00,1371,23.6,99.83,,1.77,53.6,2024.0,2
2024-02-27 03:00:00,1372,23.41,99.88,,1.77,53.6,2024.0,2
2024-02-27 04:00:00,1373,23.26,99.9,,1.77,53.6,2024.0,2
2024-02-27 05:00:00,1374,23.07,99.9,,1.78,53.6,2024.0,2
2024-02-27 06:00:00,1375,23.98,99.37,,1.8,53.6,2024.0,2
2024-02-27 07:00:00,1376,29.36,83.9,,1.79,62.84,2024.0,2
2024-02-27 08:00:00,1377,32.49,72.14,,1.78,80.0,2024.0,2
2024-02-27 09:00:00,1378,33.36,65.08,,1.78,80.0,2024.0,2
2024-02-27 10:00:00,1379,32.92,64.32,,1.78,80.0,2024.0,2
2024-02-27 11:00:00,1380,32.39,65.64,,1.77,80.0,2024.0,2
2024-02-27 12:00:00,1381,31.19,69.58,,1.76,80.0,2024.0,2
2024-02-27 13:00:00,1382,30.44,72.96,,1.76,80.0,2024.0,2
2024-02-27 14:00:00,1383,30.28,72.39,,1.76,75.94,2024.0,2
2024-02-27 15:00:00,1384,23.58,96.33,,1.76,53.6,2024.0,2
2024-02-27 16:00:00,1385,24.39,95.65,,1.77,53.6,2024.0,2
2024-02-27 17:00:00,1386,23.95,98.55,,1.79,53.6,2024.0,2
2024-02-27 18:00:00,1387,23.57,99.16,,1.79,53.6,2024.0,2
2024-02-27 19:00:00,1388,23.08,99.9,,1.78,53.6,2024.0,2
2024-02-27 20:00:00,1389,22.85,99.9,,1.78,53.6,2024.0,2
2024-02-27 21:00:00,1390,22.88,99.9,,1.78,53.6,2024.0,2
2024-02-27 22:00:00,1391,23.09,99.9,,1.79,53.6,2024.0,2
2024-02-27 23:00:00,1392,22.85,99.9,,1.78,53.6,2024.0,2
2024-02-28 00:00:00,1393,22.88,99.9,,1.78,53.6,2024.0,2
2024-02-28 01:00:00,1394,22.75,99.9,,1.78,53.6,2024.0,2
2024-02-28 02:00:00,1395,22.84,99.9,,1.77,53.6,2024.0,2
2024-02-28 03:00:00,1396,22.58,99.9,,1.78,53.6,2024.0,2
2024-02-28 04:00:00,1397,22.51,99.9,,1.78,53.6,2024.0,2
2024-02-28 05:00:00,1398,22.37,99.9,,1.78,53.6,2024.0,2
2024-02-28 06:00:00,1399,22.79,99.9,,1.78,53.6,2024.0,2
2024-02-28 07:00:00,1400,25.71,96.11,,1.78,53.6,2024.0,2
2024-02-28 08:00:00,1401,28.42,85.19,,1.78,53.6,2024.0,2
2024-02-28 09:00:00,1402,31.21,77.36,,1.79,,2024.0,2
2024-02-28 10:00:00,1403,36.78,59.7,,1.78,,2024.0,2
2024-02-28 11:00:00,1404,32.09,70.22,,1.78,,2024.0,2
2024-02-28 12:00:00,1405,31.43,72.19,,1.78,,2024.0,2
2024-02-28 13:00:00,1406,33.27,66.05,,1.78,,2024.0,2
2024-02-28 14:00:00,1407,25.55,89.99,,1.77,,2024.0,2
2024-02-28 15:00:00,1408,23.58,98.84,,1.78,,2024.0,2
2024-02-28 16:00:00,1409,24.57,99.07,,1.78,,2024.0,2
2024-02-28 17:00:00,1410,24.98,94.57,,1.78,,2024.0,2
2024-02-28 18:00:00,1411,25.17,95.36,,1.78,,2024.0,2
2024-02-28 19:00:00,1412,24.87,98.63,,1.79,,2024.0,2
2024-02-28 20:00:00,1413,24.06,99.9,,1.81,,2024.0,2
2024-02-28 21:00:00,1414,24.03,99.9,,1.81,,2024.0,2
2024-02-28 22:00:00,1415,24.04,99.78,,1.78,,2024.0,2
2024-02-28 23:00:00,1416,23.91,99.9,,1.77,,2024.0,2
2024-02-29 00:00:00,1417,23.8,99.9,,1.78,,2024.0,2
2024-02-29 01:00:00,1418,24.06,99.9,,1.79,,2024.0,2
2024-02-29 02:00:00,1419,23.78,99.9,,1.79,,2024.0,2
2024-02-29 03:00:00,1420,23.4,99.9,,1.78,,2024.0,2
2024-02-29 04:00:00,1421,23.38,99.9,,1.78,,2024.0,2
2024-02-29 05:00:00,1422,23.01,99.9,,1.77,,2024.0,2
2024-02-29 06:00:00,1423,23.62,99.9,,1.81,,2024.0,2
2024-02-29 07:00:00,1424,24.85,99.24,,1.81,,2024.0,2
2024-02-29 08:00:00,1425,26.63,92.54,,1.79,,2024.0,2
2024-02-29 09:00:00,1426,31.77,75.38,,1.77,,2024.0,2
2024-02-29 11:00:00,1428,33.63,66.71,,1.75,,2024.0,2
2024-02-29 12:00:00,1429,34.27,63.3,,1.76,,2024.0,2
2024-02-29 13:00:00,1430,30.69,74.47,,1.76,,2024.0,2
2024-02-29 14:00:00,1431,30.52,75.59,,1.76,,2024.0,2
2024-02-29 15:00:00,1432,27.16,84.12,,1.76,,2024.0,2
2024-02-29 16:00:00,1433,25.68,89.47,,1.76,,2024.0,2
2024-02-29 17:00:00,1434,25.08,92.81,,1.76,,2024.0,2
2024-02-29 18:00:00,1435,24.67,96.12,,1.75,,2024.0,2
2024-02-29 19:00:00,1436,25.06,91.92,,1.76,,2024.0,2
2024-02-29 20:00:00,1437,25.28,91.47,,1.77,,2024.0,2
2024-02-29 21:00:00,1438,25.72,92.47,,1.78,,2024.0,2
2024-02-29 22:00:00,1439,25.05,97.07,,1.78,,2024.0,2
2024-02-29 23:00:00,1440,24.86,96.68,,1.77,,2024.0,2
2024-03-01 00:00:00,1441,24.64,98.53,,1.77,,2024.0,3
2024-03-01 01:00:00,1442,24.22,99.7,,1.78,,2024.0,3
2024-03-01 02:00:00,1443,24.17,99.9,,1.77,,2024.0,3
2024-03-01 03:00:00,1444,23.99,99.9,,1.77,,2024.0,3
2024-03-01 04:00:00,1445,23.6,99.9,,1.77,,2024.0,3
2024-03-01 05:00:00,1446,23.58,99.9,,1.77,,2024.0,3
2024-03-01 06:00:00,1447,24.54,98.49,,1.78,,2024.0,3
2024-03-01 07:00:00,1448,,82.62,,1.78,,2024.0,3
2024-03-01 08:00:00,1449,,75.41,,1.77,,2024.0,3
2024-03-01 09:00:00,1450,,63.26,,1.77,,2024.0,3
2024-03-01 10:00:00,1451,,63.14,,1.75,,2024.0,3
2024-03-01 11:00:00,1452,,64.28,,1.74,,2024.0,3
2024-03-01 12:00:00,1453,,72.03,,1.75,,2024.0,3
2024-03-01 13:00:00,1454,28.85,78.69,,1.75,,2024.0,3
2024-03-01 14:00:00,1455,,75.06,,1.75,,2024.0,3
2024-03-01 15:00:00,1456,25.36,91.33,,1.76,,2024.0,3
2024-03-01 16:00:00,1457,22.94,99.9,,1.76,,2024.0,3
2024-03-01 17:00:00,1458,23.44,99.9,,1.78,,2024.0,3
2024-03-01 18:00:00,1459,23.86,99.9,,1.79,,2024.0,3
2024-03-01 19:00:00,1460,23.86,99.9,,1.78,,2024.0,3
2024-03-01 20:00:00,1461,24.06,99.9,,1.78,,2024.0,3
2024-03-01 21:00:00,1462,23.95,99.9,,1.78,,2024.0,3
2024-03-01 22:00:00,1463,23.43,99.9,,1.77,,2024.0,3
2024-03-01 23:00:00,1464,23.86,99.9,,1.78,,2024.0,3
2024-03-02 00:00:00,1465,23.4,99.9,,1.78,,2024.0,3
2024-03-02 01:00:00,1466,23.77,99.9,,1.77,,2024.0,3
2024-03-02 02:00:00,1467,22.91,99.9,,1.77,,2024.0,3
2024-03-02 03:00:00,1468,22.62,99.9,,1.77,,2024.0,3
2024-03-02 04:00:00,1469,22.67,99.9,,1.77,,2024.0,3
2024-03-02 05:00:00,1470,23.0,99.9,,1.76,,2024.0,3
2024-03-02 06:00:00,1471,23.03,99.9,,1.77,,2024.0,3
2024-03-02 07:00:00,1472,27.75,88.21,,1.77,,2024.0,3
2024-03-02 08:00:00,1473,,73.95,,1.77,,2024.0,3
2024-03-02 09:00:00,1474,,62.53,,1.77,,2024.0,3
2024-03-02 10:00:00,1475,,58.88,,1.75,,2024.0,3
2024-03-02 11:00:00,1476,,62.2,,1.74,,2024.0,3
2024-03-02 12:00:00,1477,,67.15,,1.74,,2024.0,3
2024-03-02 13:00:00,1478,,73.03,,1.75,,2024.0,3
2024-03-02 14:00:00,1479,27.91,81.81,,1.76,,2024.0,3
2024-03-02 15:00:00,1480,23.85,96.54,,1.76,,2024.0,3
2024-03-02 16:00:00,1481,22.81,99.9,,1.76,,2024.0,3
2024-03-02 17:00:00,1482,22.85,99.9,,1.76,,2024.0,3
2024-03-02 18:00:00,1483,22.71,99.9,,1.77,,2024.0,3
2024-03-02 19:00:00,1484,22.72,99.9,,1.77,,2024.0,3
2024-03-02 20:00:00,1485,22.84,99.9,,1.79,,2024.0,3
2024-03-02 21:00:00,1486,22.75,99.9,,1.78,,2024.0,3
2024-03-02 22:00:00,1487,23.56,99.9,,1.78,,2024.0,3
2024-03-02 23:00:00,1488,23.73,99.9,,1.78,,2024.0,3
2024-03-03 00:00:00,1489,23.52,99.9,,1.78,,2024.0,3
2024-03-03 01:00:00,1490,22.94,99.9,,1.78,,2024.0,3
2024-03-03 02:00:00,1491,22.82,99.9,,1.78,,2024.0,3
2024-03-03 03:00:00,1492,22.68,99.9,,1.77,,2024.0,3
2024-03-03 04:00:00,1493,22.5,99.9,,1.77,,2024.0,3
2024-03-03 05:00:00,1494,22.98,99.84,,1.77,,2024.0,3
2024-03-03 06:00:00,1495,23.68,99.86,,1.77,,2024.0,3
2024-03-03 07:00:00,1496,25.35,96.58,,1.78,,2024.0,3
2024-03-03 08:00:00,1497,26.49,91.36,,1.77,,2024.0,3
2024-03-03 09:00:00,1498,,81.73,,1.78,,2024.0,3
2024-03-03 10:00:00,1499,,81.27,,1.77,,2024.0,3
2024-03-03 11:00:00,1500,27.96,82.22,,1.75,,2024.0,3
2024-03-03 12:00:00,1501,,77.87,,1.75,,2024.0,3
2024-03-03 13:00:00,1502,,75.59,,1.75,,2024.0,3
2024-03-03 14:00:00,1503,,75.96,,1.75,,2024.0,3
2024-03-03 15:00:00,1504,27.56,83.26,,1.75,,2024.0,3
2024-03-03 16:00:00,1505,25.16,93.91,,1.76,,2024.0,3
2024-03-03 17:00:00,1506,24.02,99.41,,1.76,,2024.0,3
2024-03-03 18:00:00,1507,23.92,99.75,,1.76,,2024.0,3
2024-03-03 19:00:00,1508,23.58,99.9,,1.77,,2024.0,3
2024-03-03 20:00:00,1509,24.06,99.9,,1.77,,2024.0,3
2024-03-03 21:00:00,1510,23.95,99.9,,1.79,,2024.0,3
2024-03-03 22:00:00,1511,23.34,99.9,,1.77,,2024.0,3
2024-03-03 23:00:00,1512,23.46,99.9,,1.77,,2024.0,3
2024-03-04 00:00:00,1513,23.1,99.9,,1.78,,2024.0,3
2024-03-04 01:00:00,1514,22.94,99.9,,1.77,,2024.0,3
2024-03-04 02:00:00,1515,22.81,99.9,,1.76,,2024.0,3
2024-03-04 03:00:00,1516,22.47,99.9,,1.76,,2024.0,3
2024-03-04 04:00:00,1517,22.49,99.9,,1.76,,2024.0,3
2024-03-04 05:00:00,1518,22.08,99.9,,1.77,,2024.0,3
2024-03-04 06:00:00,1519,23.02,99.37,,1.77,,2024.0,3
2024-03-04 07:00:00,1520,28.16,85.65,,1.79,,2024.0,3
2024-03-04 08:00:00,1521,,72.88,,1.78,,2024.0,3
2024-03-04 09:00:00,1522,,70.99,,1.77,,2024.0,3
2024-03-04 10:00:00,1523,,61.7,,1.78,,2024.0,3
2024-03-04 11:00:00,1524,,72.48,,1.76,,2024.0,3
2024-03-04 12:00:00,1525,,76.36,,1.75,,2024.0,3
2024-03-04 13:00:00,1526,27.44,82.64,,1.75,,2024.0,3
2024-03-04 14:00:00,1527,,80.22,,1.77,,2024.0,3
2024-03-04 15:00:00,1528,28.75,78.33,,1.76,,2024.0,3
2024-03-04 16:00:00,1529,27.52,85.44,,1.77,,2024.0,3
2024-03-04 17:00:00,1530,26.07,94.46,,1.78,,2024.0,3
2024-03-04 18:00:00,1531,25.48,97.06,,1.78,,2024.0,3
2024-03-04 19:00:00,1532,24.66,99.89,,1.78,,2024.0,3
2024-03-04 20:00:00,1533,24.74,99.9,,1.78,,2024.0,3
2024-03-04 21:00:00,1534,25.02,99.38,,1.78,,2024.0,3
2024-03-04 22:00:00,1535,24.72,99.83,,1.78,,2024.0,3
2024-03-04 23:00:00,1536,24.64,99.9,,1.77,,2024.0,3
2024-03-05 00:00:00,1537,24.19,99.81,,1.78,,2024.0,3
2024-03-05 01:00:00,1538,23.58,99.76,,1.77,,2024.0,3
2024-03-05 02:00:00,1539,23.56,99.9,,1.76,,2024.0,3
2024-03-05 03:00:00,1540,23.13,99.9,,1.77,,2024.0,3
2024-03-05 04:00:00,1541,23.47,99.9,,1.78,,2024.0,3
2024-03-05 05:00:00,1542,23.39,99.9,,1.78,,2024.0,3
2024-03-05 06:00:00,1543,23.86,99.9,,1.79,,2024.0,3
2024-03-05 07:00:00,1544,25.04,97.09,,1.8,,2024.0,3
2024-03-05 08:00:00,1545,,83.19,,1.8,,2024.0,3
2024-03-05 09:00:00,1546,,73.42,,1.8,,2024.0,3
2024-03-05 10:00:00,1547,,63.84,,1.79,,2024.0,3
2024-03-06 15:00:00,1576,,,,57.69,27.43,2024.0,3
2024-03-06 16:00:00,1577,24.66,54.48,,55.49,23.33,2024.0,3
2024-03-06 17:00:00,1578,,,,47.7,,2024.0,3
2024-03-06 20:00:00,1581,24.44,51.01,,39.1,41.0,2024.0,3
2024-03-06 21:00:00,1582,24.25,50.6,,54.28,41.68,2024.0,3
2024-03-06 22:00:00,1583,24.42,49.78,,53.78,41.32,2024.0,3
2024-03-06 23:00:00,1584,25.38,59.03,,60.64,44.41,2024.0,3
2024-03-07 00:00:00,1585,25.52,71.46,,69.37,54.17,2024.0,3
2024-03-07 01:00:00,1586,25.67,74.54,,74.8,58.29,2024.0,3
2024-03-07 02:00:00,1587,25.7,75.67,,75.68,57.38,2024.0,3
2024-03-07 11:00:00,1596,,,,55.28,,2024.0,3
2024-03-07 12:00:00,1597,25.08,58.56,,62.56,51.56,2024.0,3
2024-03-07 14:00:00,1599,24.76,55.09,,59.16,40.5,2024.0,3
2024-03-07 15:00:00,1600,24.88,55.47,,59.76,36.0,2024.0,3
2024-03-07 18:00:00,1603,25.4,88.9,,89.32,47.05,2024.0,3
2024-03-07 20:00:00,1605,24.36,96.37,,94.28,66.85,2024.0,3
2024-03-07 21:00:00,1606,24.13,98.56,,96.07,65.6,2024.0,3
2024-03-07 22:00:00,1607,23.99,99.39,,97.29,77.54,2024.0,3
2024-03-07 23:00:00,1608,23.74,99.96,,98.38,90.56,2024.0,3
2024-03-08 00:00:00,1609,23.5,100.0,,99.65,105.57,2024.0,3
2024-03-08 01:00:00,1610,23.0,99.95,,98.26,112.73,2024.0,3
2024-03-08 03:00:00,1612,23.07,98.39,,95.37,71.31,2024.0,3
2024-03-08 04:00:00,1613,23.1,99.41,,97.2,71.98,2024.0,3
2024-03-08 06:00:00,1615,23.58,95.8,,91.96,81.07,2024.0,3
2024-03-08 11:00:00,1620,,56.72,,57.33,16.04,2024.0,3
2024-03-08 14:00:00,1623,28.97,66.49,,62.94,29.37,2024.0,3
2024-03-08 15:00:00,1624,27.45,72.8,,70.61,24.26,2024.0,3
2024-03-08 16:00:00,1625,26.1,77.31,,77.8,25.46,2024.0,3
2024-03-08 17:00:00,1626,25.7,78.57,,77.85,26.13,2024.0,3
2024-03-08 18:00:00,1627,25.45,81.23,,80.17,25.14,2024.0,3
2024-03-08 20:00:00,1629,23.69,93.32,,96.32,14.98,2024.0,3
2024-03-08 21:00:00,1630,23.38,97.12,,99.37,12.54,2024.0,3
2024-03-08 22:00:00,1631,23.6,96.44,,99.26,27.03,2024.0,3
2024-03-08 23:00:00,1632,23.11,98.55,,100.0,39.53,2024.0,3
2024-03-09 01:00:00,1634,22.83,99.41,,100.0,27.11,2024.0,3
2024-03-09 02:00:00,1635,22.26,100.0,,100.0,23.9,2024.0,3
2024-03-09 05:00:00,1638,23.1,90.96,,99.96,6.27,2024.0,3
2024-03-09 07:00:00,1640,24.25,85.28,,88.27,14.17,2024.0,3
2024-03-09 11:00:00,1644,24.67,78.16,,76.72,,2024.0,3
2024-03-09 13:00:00,1646,24.17,83.4,,85.33,10.54,2024.0,3
2024-03-09 16:00:00,1649,24.4,80.55,,80.51,14.51,2024.0,3
2024-03-09 20:00:00,1653,23.25,87.05,,87.05,58.46,2024.0,3
2024-03-09 21:00:00,1654,22.95,91.25,,90.35,73.18,2024.0,3
2024-03-09 23:00:00,1656,22.42,96.19,,94.6,97.31,2024.0,3
2024-03-10 03:00:00,1660,21.8,99.58,,97.35,102.01,2024.0,3
2024-03-10 04:00:00,1661,22.15,97.16,,94.79,80.51,2024.0,3
2024-03-10 05:00:00,1662,22.16,95.73,,94.52,86.46,2024.0,3
2024-03-10 06:00:00,1663,22.2,96.36,,93.82,103.8,2024.0,3
2024-03-10 07:00:00,1664,23.59,91.83,,89.59,94.85,2024.0,3
2024-03-10 08:00:00,1665,28.02,74.56,,75.07,98.99,2024.0,3
2024-03-10 09:00:00,1666,,60.76,,63.16,85.67,2024.0,3
2024-03-10 10:00:00,1667,,56.88,,57.11,15.71,2024.0,3
2024-03-10 12:00:00,1669,,65.59,,57.49,22.42,2024.0,3
2024-03-10 13:00:00,1670,,64.07,,61.91,25.92,2024.0,3
2024-03-10 15:00:00,1672,26.46,83.8,,84.06,43.37,2024.0,3
2024-03-10 16:00:00,1673,26.35,80.65,,79.11,41.07,2024.0,3
2024-03-10 18:00:00,1675,25.02,88.38,,87.46,61.05,2024.0,3
2024-03-10 23:00:00,1680,23.27,95.76,,93.66,58.85,2024.0,3
2024-03-11 01:00:00,1682,23.12,97.44,,95.46,69.51,2024.0,3
2024-03-11 04:00:00,1685,23.24,94.35,,92.38,48.04,2024.0,3
2024-03-11 05:00:00,1686,23.09,94.53,,93.02,59.65,2024.0,3
2024-03-11 06:00:00,1687,23.33,93.63,,91.82,73.01,2024.0,3
2024-03-11 07:00:00,1688,24.15,90.8,,87.67,53.28,2024.0,3
2024-03-11 08:00:00,1689,24.48,89.08,,86.58,17.36,2024.0,3
2024-03-11 09:00:00,1690,26.38,83.42,,79.88,27.82,2024.0,3
2024-03-11 11:00:00,1692,26.15,81.88,,78.46,36.01,2024.0,3
2024-03-11 12:00:00,1693,26.68,81.74,,76.18,41.27,2024.0,3
2024-03-11 13:00:00,1694,26.88,78.39,,74.12,46.66,2024.0,3
2024-03-11 14:00:00,1695,26.47,80.28,,76.6,37.9,2024.0,3
2024-03-11 15:00:00,1696,26.08,82.16,,78.23,29.57,2024.0,3
2024-03-11 16:00:00,1697,25.38,85.49,,85.48,28.09,2024.0,3
2024-03-11 17:00:00,1698,24.37,92.04,,91.7,31.54,2024.0,3
2024-03-11 18:00:00,1699,24.09,92.47,,90.51,30.15,2024.0,3
2024-03-11 19:00:00,1700,23.96,93.21,,91.47,33.69,2024.0,3
2024-03-11 20:00:00,1701,23.93,92.64,,90.94,34.29,2024.0,3
2024-03-11 21:00:00,1702,23.71,94.23,,92.35,41.51,2024.0,3
2024-03-11 22:00:00,1703,23.65,95.33,,94.64,46.67,2024.0,3
2024-03-11 23:00:00,1704,22.81,99.63,,99.99,28.06,2024.0,3
2024-03-12 00:00:00,1705,22.53,98.12,,100.0,23.04,2024.0,3
2024-03-12 01:00:00,1706,22.81,96.64,,99.98,27.1,2024.0,3
2024-03-12 02:00:00,1707,22.74,96.14,,98.86,32.85,2024.0,3
2024-03-12 03:00:00,1708,22.65,93.78,,93.17,32.16,2024.0,3
2024-03-12 04:00:00,1709,22.67,93.69,,92.02,35.06,2024.0,3
2024-03-12 06:00:00,1711,22.51,93.82,,91.47,39.46,2024.0,3
2024-03-12 07:00:00,1712,24.45,85.48,,81.94,42.36,2024.0,3
2024-03-12 08:00:00,1713,26.93,75.5,,74.81,56.5,2024.0,3
2024-03-12 09:00:00,1714,26.56,73.81,,70.24,38.21,2024.0,3
2024-03-12 10:00:00,1715,26.46,70.95,,65.5,43.11,2024.0,3
2024-03-12 11:00:00,1716,26.09,69.89,,64.18,50.5,2024.0,3
2024-03-12 13:00:00,1718,27.65,66.09,,62.72,60.75,2024.0,3
2024-03-12 14:00:00,1719,26.57,70.46,,67.21,58.33,2024.0,3
2024-03-12 16:00:00,1721,25.62,73.16,,70.66,52.08,2024.0,3
2024-03-12 17:00:00,1722,25.08,75.77,,76.36,47.77,2024.0,3
2024-03-12 18:00:00,1723,24.42,78.03,,78.73,47.1,2024.0,3
2024-03-12 19:00:00,1724,24.32,77.72,,77.98,49.93,2024.0,3
2024-03-12 20:00:00,1725,24.12,78.92,,79.6,55.74,2024.0,3
2024-03-12 22:00:00,1727,23.91,81.7,,81.52,38.39,2024.0,3
2024-03-12 23:00:00,1728,23.83,83.62,,83.49,53.45,2024.0,3
2024-03-13 00:00:00,1729,23.5,86.54,,86.36,56.42,2024.0,3
2024-03-13 01:00:00,1730,22.9,90.55,,89.29,67.95,2024.0,3
2024-03-13 02:00:00,1731,,,,88.91,48.24,2024.0,3
2024-03-13 03:00:00,1732,22.82,92.2,,91.67,62.31,2024.0,3
2024-03-13 04:00:00,1733,22.86,94.89,,92.95,43.83,2024.0,3
2024-03-13 05:00:00,1734,23.13,95.38,,92.68,42.42,2024.0,3
2024-03-13 06:00:00,1735,23.26,95.35,,92.29,44.65,2024.0,3
2024-03-13 08:00:00,1737,24.68,88.61,,83.82,39.0,2024.0,3
2024-03-13 09:00:00,1738,25.41,84.88,,80.56,38.74,2024.0,3
2024-03-13 10:00:00,1739,25.43,83.67,,78.21,45.59,2024.0,3
2024-03-13 11:00:00,1740,25.44,82.96,,78.18,44.22,2024.0,3
2024-03-13 12:00:00,1741,26.0,79.88,,74.52,58.15,2024.0,3
2024-03-13 13:00:00,1742,25.73,81.53,,78.2,53.06,2024.0,3
2024-03-13 14:00:00,1743,24.07,90.78,,88.79,40.96,2024.0,3
2024-03-13 15:00:00,1744,24.69,90.09,,89.24,48.18,2024.0,3
2024-03-13 17:00:00,1746,23.59,97.62,,99.44,53.01,2024.0,3
2024-03-13 18:00:00,1747,23.57,96.97,,99.21,57.42,2024.0,3
2024-03-13 19:00:00,1748,23.3,97.57,,99.99,58.21,2024.0,3
2024-03-13 22:00:00,1751,23.5,96.29,,94.56,75.78,2024.0,3
2024-03-13 23:00:00,1752,23.37,97.65,,96.16,55.53,2024.0,3
2024-03-14 00:00:00,1753,23.06,98.7,,99.06,56.64,2024.0,3
2024-03-14 01:00:00,1754,23.08,97.72,,96.9,52.57,2024.0,3
2024-03-14 02:00:00,1755,22.88,98.48,,98.24,57.7,2024.0,3
2024-03-14 03:00:00,1756,22.98,97.7,,95.47,58.8,2024.0,3
2024-03-14 04:00:00,1757,22.83,98.06,,98.28,44.13,2024.0,3
2024-03-14 05:00:00,1758,22.46,100.0,,100.0,27.64,2024.0,3
2024-03-14 06:00:00,1759,22.51,100.0,,100.0,44.5,2024.0,3
2024-03-14 09:00:00,1762,23.88,96.21,,98.12,43.98,2024.0,3
2024-03-14 10:00:00,1763,23.81,95.24,,95.97,50.65,2024.0,3
2024-03-14 11:00:00,1764,22.86,99.76,,99.81,,2024.0,3
2024-03-14 12:00:00,1765,23.93,94.77,,95.8,,2024.0,3
2024-03-14 13:00:00,1766,24.25,92.38,,95.47,34.0,2024.0,3
2024-03-14 14:00:00,1767,22.6,99.06,,99.15,33.04,2024.0,3
2024-03-14 15:00:00,1768,21.79,99.89,,99.99,15.84,2024.0,3
2024-03-14 16:00:00,1769,23.1,94.94,,99.88,24.7,2024.0,3
2024-03-14 17:00:00,1770,23.32,90.83,,100.0,33.15,2024.0,3
2024-03-14 18:00:00,1771,23.07,91.04,,99.53,30.27,2024.0,3
2024-03-14 19:00:00,1772,22.67,92.48,,95.31,29.51,2024.0,3
2024-03-14 20:00:00,1773,22.44,94.24,,93.58,35.15,2024.0,3
2024-03-14 21:00:00,1774,22.47,93.12,,92.34,57.64,2024.0,3
2024-03-14 22:00:00,1775,22.8,90.7,,90.62,62.28,2024.0,3
2024-03-14 23:00:00,1776,23.01,84.45,,84.93,23.59,2024.0,3
2024-03-15 01:00:00,1778,22.82,86.53,,86.73,21.49,2024.0,3
2024-03-15 02:00:00,1779,22.36,92.48,,95.74,51.67,2024.0,3
2024-03-15 04:00:00,1781,21.26,100.0,,100.0,37.27,2024.0,3
2024-03-15 05:00:00,1782,21.49,100.0,,100.0,18.96,2024.0,3
2024-03-15 06:00:00,1783,21.7,99.95,,100.0,32.68,2024.0,3
2024-03-15 07:00:00,1784,23.1,93.25,,96.97,20.97,2024.0,3
2024-03-15 08:00:00,1785,24.66,83.37,,90.36,17.92,2024.0,3
2024-03-15 10:00:00,1787,26.11,74.03,,72.6,17.21,2024.0,3
2024-03-15 11:00:00,1788,26.2,76.22,,71.93,21.28,2024.0,3
2024-03-15 12:00:00,1789,26.77,73.66,,66.62,12.48,2024.0,3
2024-03-15 14:00:00,1791,27.58,66.92,,64.08,8.16,2024.0,3
2024-03-15 15:00:00,1792,26.89,70.08,,66.87,15.38,2024.0,3
2024-03-15 18:00:00,1795,23.0,94.09,,92.04,26.02,2024.0,3
2024-03-15 19:00:00,1796,24.11,81.9,,80.42,19.71,2024.0,3
2024-03-15 20:00:00,1797,23.91,82.08,,82.12,20.22,2024.0,3
2024-03-15 21:00:00,1798,23.47,86.18,,85.5,26.21,2024.0,3
2024-03-15 22:00:00,1799,23.49,84.75,,84.15,27.35,2024.0,3
2024-03-15 23:00:00,1800,23.74,82.96,,82.26,21.42,2024.0,3
2024-03-16 00:00:00,1801,23.57,85.41,,88.04,20.46,2024.0,3
2024-03-16 01:00:00,1802,23.28,88.37,,91.36,29.07,2024.0,3
2024-03-16 02:00:00,1803,22.38,94.36,,97.75,9.83,2024.0,3
2024-03-16 03:00:00,1804,22.13,97.74,,99.99,6.01,2024.0,3
2024-03-16 04:00:00,1805,21.79,99.86,,100.0,12.8,2024.0,3
2024-03-16 05:00:00,1806,21.28,100.0,,100.0,11.29,2024.0,3
2024-03-16 06:00:00,1807,21.71,100.0,,100.0,37.11,2024.0,3
2024-03-16 07:00:00,1808,23.43,95.57,,98.42,50.15,2024.0,3
2024-03-16 08:00:00,1809,28.6,74.42,,86.54,42.35,2024.0,3
2024-03-16 09:00:00,1810,27.91,69.71,,76.25,9.57,2024.0,3
2024-03-16 10:00:00,1811,27.92,68.46,,64.2,10.46,2024.0,3
2024-03-16 11:00:00,1812,27.91,67.85,,63.3,11.56,2024.0,3
2024-03-16 12:00:00,1813,26.46,77.6,,74.5,10.32,2024.0,3
2024-03-16 13:00:00,1814,27.77,69.68,,65.79,8.9,2024.0,3
2024-03-16 14:00:00,1815,28.81,65.56,,59.39,9.17,2024.0,3
2024-03-16 15:00:00,1816,27.0,74.24,,69.98,16.77,2024.0,3
2024-03-16 16:00:00,1817,26.98,75.38,,67.83,21.57,2024.0,3
2024-03-16 17:00:00,1818,25.56,81.69,,83.05,24.8,2024.0,3
2024-03-16 18:00:00,1819,22.76,99.21,,99.84,18.3,2024.0,3
2024-03-16 19:00:00,1820,22.91,99.4,,100.0,20.06,2024.0,3
2024-03-16 20:00:00,1821,22.79,97.52,,100.0,30.06,2024.0,3
2024-03-16 21:00:00,1822,22.69,93.44,,99.12,24.59,2024.0,3
2024-03-16 22:00:00,1823,22.48,92.02,,97.83,26.03,2024.0,3
2024-03-16 23:00:00,1824,22.54,90.84,,97.1,32.02,2024.0,3
2024-03-17 00:00:00,1825,21.71,98.45,,99.21,86.74,2024.0,3
2024-03-17 01:00:00,1826,21.52,99.91,,98.12,63.54,2024.0,3
2024-03-17 02:00:00,1827,21.82,96.62,,94.73,36.9,2024.0,3
2024-03-17 03:00:00,1828,22.62,89.62,,88.7,13.33,2024.0,3
2024-03-17 04:00:00,1829,22.67,89.42,,88.67,18.64,2024.0,3
2024-03-17 05:00:00,1830,22.61,90.24,,89.28,7.37,2024.0,3
2024-03-17 06:00:00,1831,23.06,90.64,,89.18,30.37,2024.0,3
2024-03-17 07:00:00,1832,23.78,87.91,,85.99,17.29,2024.0,3
2024-03-17 08:00:00,1833,23.65,91.22,,85.71,12.23,2024.0,3
2024-03-17 09:00:00,1834,25.96,80.72,,77.24,15.38,2024.0,3
2024-03-17 10:00:00,1835,26.53,76.7,,70.38,8.3,2024.0,3
2024-03-17 11:00:00,1836,24.43,88.86,,82.33,6.77,2024.0,3
2024-03-17 12:00:00,1837,25.88,81.12,,73.16,4.55,2024.0,3
2024-03-17 13:00:00,1838,27.35,72.33,,63.97,11.19,2024.0,3
2024-03-17 14:00:00,1839,26.33,78.81,,72.96,15.18,2024.0,3
2024-03-17 15:00:00,1840,24.91,85.42,,79.85,14.53,2024.0,3
2024-03-17 16:00:00,1841,23.55,93.3,,94.21,12.5,2024.0,3
2024-03-17 17:00:00,1842,23.81,88.71,,92.95,14.95,2024.0,3
2024-03-17 18:00:00,1843,23.95,86.29,,87.11,15.01,2024.0,3
2024-03-17 19:00:00,1844,24.03,83.09,,82.25,20.45,2024.0,3
2024-03-17 20:00:00,1845,24.12,79.38,,79.82,18.91,2024.0,3
2024-03-17 22:00:00,1847,23.55,82.19,,82.43,19.17,2024.0,3
2024-03-17 23:00:00,1848,23.4,83.02,,82.92,12.83,2024.0,3
2024-03-18 00:00:00,1849,23.21,83.85,,83.82,10.42,2024.0,3
2024-03-18 01:00:00,1850,23.12,83.98,,83.83,5.18,2024.0,3
2024-03-18 02:00:00,1851,22.85,85.31,,85.4,11.28,2024.0,3
2024-03-18 03:00:00,1852,22.48,86.93,,87.33,18.81,2024.0,3
2024-03-18 04:00:00,1853,22.88,84.85,,84.35,12.36,2024.0,3
2024-03-18 05:00:00,1854,22.45,87.43,,87.47,32.44,2024.0,3
2024-03-18 06:00:00,1855,22.83,85.48,,81.92,18.55,2024.0,3
2024-03-18 07:00:00,1856,25.63,76.17,,76.67,62.69,2024.0,3
2024-03-18 08:00:00,1857,25.84,71.97,,65.76,26.44,2024.0,3
2024-03-18 09:00:00,1858,26.89,69.64,,62.93,24.33,2024.0,3
2024-03-18 10:00:00,1859,28.06,65.5,,60.13,20.96,2024.0,3
2024-03-18 11:00:00,1860,28.58,63.47,,58.55,17.85,2024.0,3
2024-03-18 12:00:00,1861,28.51,66.39,,58.9,24.1,2024.0,3
2024-03-18 13:00:00,1862,,63.45,,56.39,23.66,2024.0,3
2024-03-18 14:00:00,1863,,58.24,,53.24,18.0,2024.0,3
2024-03-18 15:00:00,1864,,59.3,,53.26,22.88,2024.0,3
2024-03-18 16:00:00,1865,,62.2,,56.23,25.93,2024.0,3
2024-03-18 17:00:00,1866,28.11,68.85,,65.49,38.73,2024.0,3
2024-03-18 18:00:00,1867,26.08,78.4,,78.38,54.31,2024.0,3
2024-03-18 19:00:00,1868,25.43,79.33,,79.43,44.75,2024.0,3
2024-03-18 20:00:00,1869,24.8,79.58,,79.78,34.7,2024.0,3
2024-03-18 21:00:00,1870,24.43,80.86,,81.37,39.35,2024.0,3
2024-03-18 22:00:00,1871,23.99,80.92,,81.61,22.35,2024.0,3
2024-03-18 23:00:00,1872,23.49,82.94,,83.7,28.09,2024.0,3
2024-03-19 00:00:00,1873,22.68,87.8,,87.98,69.45,2024.0,3
2024-03-19 01:00:00,1874,21.59,92.39,,90.73,81.22,2024.0,3
2024-03-19 02:00:00,1875,21.35,91.47,,90.14,80.32,2024.0,3
2024-03-19 03:00:00,1876,21.11,91.53,,90.08,70.48,2024.0,3
2024-03-19 04:00:00,1877,20.49,95.12,,94.05,81.81,2024.0,3
2024-03-19 05:00:00,1878,19.91,96.18,,93.94,71.93,2024.0,3
2024-03-19 06:00:00,1879,21.1,88.04,,81.87,76.99,2024.0,3
2024-03-19 07:00:00,1880,26.63,68.31,,68.11,133.46,2024.0,3
2024-03-19 08:00:00,1881,,52.35,,55.82,72.39,2024.0,3
2024-03-19 09:00:00,1882,,48.1,,52.11,34.48,2024.0,3
2024-03-19 10:00:00,1883,,51.97,,51.05,20.93,2024.0,3
2024-03-19 11:00:00,1884,,49.52,,48.85,7.93,2024.0,3
2024-03-19 12:00:00,1885,,47.75,,46.27,8.04,2024.0,3
2024-03-19 13:00:00,1886,,48.81,,45.86,12.58,2024.0,3
2024-03-19 14:00:00,1887,,49.69,,46.52,13.17,2024.0,3
2024-03-19 15:00:00,1888,,52.36,,48.87,12.24,2024.0,3
2024-03-19 16:00:00,1889,,53.68,,50.09,16.39,2024.0,3
2024-03-19 17:00:00,1890,,55.37,,54.55,30.59,2024.0,3
2024-03-19 18:00:00,1891,27.42,62.38,,64.91,51.24,2024.0,3
2024-03-19 19:00:00,1892,26.26,66.85,,69.45,41.83,2024.0,3
2024-03-19 22:00:00,1895,23.5,75.16,,76.78,117.35,2024.0,3
2024-03-20 00:00:00,1897,21.37,79.47,,81.02,92.31,2024.0,3
2024-03-20 01:00:00,1898,21.0,79.44,,79.8,100.45,2024.0,3
2024-03-20 02:00:00,1899,20.34,82.7,,83.58,82.16,2024.0,3
2024-03-20 03:00:00,1900,19.88,89.58,,89.57,83.29,2024.0,3
2024-03-20 04:00:00,1901,,95.34,,94.14,104.94,2024.0,3
2024-03-20 05:00:00,1902,,94.44,,92.39,87.7,2024.0,3
2024-03-20 06:00:00,1903,20.87,88.35,,83.91,136.07,2024.0,3
2024-03-20 07:00:00,1904,25.59,69.15,,70.87,,2024.0,3
2024-03-20 08:00:00,1905,,54.91,,65.81,,2024.0,3
2024-03-20 09:00:00,1906,,45.59,,58.65,88.89,2024.0,3
2024-03-20 10:00:00,1907,,39.86,,47.61,76.59,2024.0,3
2024-03-20 11:00:00,1908,,38.56,,43.22,45.53,2024.0,3
2024-03-20 12:00:00,1909,,41.05,,43.69,16.47,2024.0,3
2024-03-20 13:00:00,1910,,47.24,,47.38,19.32,2024.0,3
2024-03-20 14:00:00,1911,,50.93,,48.35,26.83,2024.0,3
2024-03-20 15:00:00,1912,,54.09,,49.35,32.86,2024.0,3
2024-03-20 16:00:00,1913,,58.14,,55.03,30.47,2024.0,3
2024-03-20 17:00:00,1914,28.93,61.21,,60.69,29.38,2024.0,3
2024-03-20 18:00:00,1915,27.62,64.08,,66.37,33.83,2024.0,3
2024-03-20 19:00:00,1916,26.46,67.58,,69.69,36.3,2024.0,3
2024-03-20 21:00:00,1918,25.38,68.89,,71.65,47.33,2024.0,3
2024-03-20 22:00:00,1919,24.62,73.24,,75.89,90.37,2024.0,3
2024-03-20 23:00:00,1920,23.59,80.32,,80.88,82.51,2024.0,3
2024-03-21 00:00:00,1921,22.94,80.17,,80.65,91.36,2024.0,3
2024-03-21 01:00:00,1922,22.16,82.57,,83.0,61.79,2024.0,3
2024-03-21 02:00:00,1923,21.3,86.22,,86.11,79.68,2024.0,3
2024-03-21 03:00:00,1924,20.83,85.4,,85.01,58.34,2024.0,3
2024-03-21 04:00:00,1925,20.36,87.75,,87.92,58.94,2024.0,3
2024-03-21 05:00:00,1926,20.01,90.67,,89.08,75.3,2024.0,3
2024-03-21 06:00:00,1927,19.95,89.23,,87.43,91.2,2024.0,3
2024-03-21 07:00:00,1928,22.0,75.36,,75.66,134.99,2024.0,3
2024-03-21 08:00:00,1929,28.93,60.24,,70.53,,2024.0,3
2024-03-21 09:00:00,1930,,53.34,,62.84,86.3,2024.0,3
2024-03-21 10:00:00,1931,28.29,58.29,,56.56,18.33,2024.0,3
2024-03-21 11:00:00,1932,,55.97,,53.1,24.88,2024.0,3
2024-03-21 12:00:00,1933,,53.59,,51.31,22.82,2024.0,3
2024-03-21 13:00:00,1934,,53.45,,49.94,26.48,2024.0,3
2024-03-21 14:00:00,1935,,49.57,,47.68,25.53,2024.0,3
2024-03-21 15:00:00,1936,,50.37,,49.63,30.86,2024.0,3
2024-03-21 16:00:00,1937,,56.89,,55.86,52.93,2024.0,3
2024-03-21 17:00:00,1938,28.51,67.54,,66.75,77.32,2024.0,3
2024-03-21 18:00:00,1939,26.24,80.85,,80.72,73.35,2024.0,3
2024-03-21 19:00:00,1940,25.14,88.53,,87.65,63.49,2024.0,3
2024-03-21 20:00:00,1941,24.59,90.46,,88.87,59.32,2024.0,3
2024-03-21 21:00:00,1942,24.5,91.47,,89.61,62.29,2024.0,3
2024-03-21 22:00:00,1943,24.41,91.84,,89.56,67.65,2024.0,3
2024-03-21 23:00:00,1944,24.38,92.0,,90.47,70.38,2024.0,3
2024-03-22 00:00:00,1945,23.86,95.27,,93.25,67.8,2024.0,3
2024-03-22 01:00:00,1946,23.4,97.71,,95.37,74.2,2024.0,3
2024-03-22 02:00:00,1947,23.31,97.29,,94.61,77.5,2024.0,3
2024-03-22 03:00:00,1948,23.27,97.19,,95.59,80.29,2024.0,3
2024-03-22 04:00:00,1949,23.03,96.71,,94.66,100.86,2024.0,3
2024-03-22 05:00:00,1950,22.71,95.69,,94.56,110.14,2024.0,3
2024-03-22 06:00:00,1951,22.78,93.99,,91.9,128.1,2024.0,3
2024-03-22 07:00:00,1952,25.38,84.24,,83.9,124.17,2024.0,3
2024-03-22 10:00:00,1955,,50.76,,55.8,96.71,2024.0,3
2024-03-22 11:00:00,1956,,51.1,,53.29,101.66,2024.0,3
2024-03-22 12:00:00,1957,,59.44,,63.52,83.92,2024.0,3
2024-03-22 13:00:00,1958,,64.01,,66.49,71.37,2024.0,3
2024-03-22 14:00:00,1959,27.61,74.6,,75.14,96.7,2024.0,3
2024-03-22 15:00:00,1960,27.21,77.48,,74.41,100.71,2024.0,3
2024-03-22 16:00:00,1961,27.42,77.47,,75.54,98.47,2024.0,3
2024-03-22 17:00:00,1962,25.36,85.16,,83.57,69.75,2024.0,3
2024-03-22 18:00:00,1963,24.97,86.29,,84.98,61.56,2024.0,3
2024-03-22 19:00:00,1964,24.99,85.15,,84.1,63.06,2024.0,3
2024-03-22 20:00:00,1965,24.85,85.48,,84.41,58.07,2024.0,3
2024-03-22 21:00:00,1966,25.02,83.66,,83.54,51.84,2024.0,3
2024-03-22 22:00:00,1967,24.86,86.57,,86.51,61.57,2024.0,3
2024-03-22 23:00:00,1968,24.21,92.64,,92.06,69.94,2024.0,3
2024-03-23 00:00:00,1969,23.44,95.13,,94.76,47.64,2024.0,3
2024-03-23 01:00:00,1970,22.96,98.72,,99.76,48.81,2024.0,3
2024-03-23 02:00:00,1971,23.22,98.44,,99.04,59.37,2024.0,3
2024-03-23 03:00:00,1972,23.13,99.58,,99.12,72.82,2024.0,3
2024-03-23 04:00:00,1973,22.94,100.0,,99.51,81.42,2024.0,3
2024-03-23 05:00:00,1974,22.98,100.0,,97.68,92.24,2024.0,3
2024-03-23 06:00:00,1975,23.88,96.63,,92.79,108.59,2024.0,3
2024-03-23 07:00:00,1976,28.84,75.71,,74.27,108.4,2024.0,3
2024-03-23 08:00:00,1977,,59.7,,70.09,73.42,2024.0,3
2024-03-23 09:00:00,1978,,54.81,,66.96,42.63,2024.0,3
2024-03-23 10:00:00,1979,,59.93,,63.41,45.41,2024.0,3
2024-03-23 11:00:00,1980,,54.75,,56.42,32.86,2024.0,3
2024-03-23 12:00:00,1981,,49.7,,51.42,30.52,2024.0,3
2024-03-23 13:00:00,1982,,49.35,,50.68,32.92,2024.0,3
2024-03-23 22:00:00,1991,24.8,92.96,,91.73,50.54,2024.0,3
2024-03-23 23:00:00,1992,24.26,96.17,,94.93,76.32,2024.0,3
2024-03-24 00:00:00,1993,23.89,97.93,,96.39,98.68,2024.0,3
2024-03-24 01:00:00,1994,23.7,99.18,,96.84,89.58,2024.0,3
2024-03-24 02:00:00,1995,23.39,96.57,,94.59,52.47,2024.0,3
2024-03-24 03:00:00,1996,23.03,97.25,,95.03,56.7,2024.0,3
2024-03-24 04:00:00,1997,22.75,98.06,,96.19,64.59,2024.0,3
2024-03-24 05:00:00,1998,22.42,99.96,,98.36,80.21,2024.0,3
2024-03-24 06:00:00,1999,22.92,98.7,,94.61,99.46,2024.0,3
2024-03-24 07:00:00,2000,27.49,80.96,,79.9,101.97,2024.0,3
2024-03-24 08:00:00,2001,,62.3,,72.91,83.44,2024.0,3
2024-03-24 09:00:00,2002,,57.69,,70.46,64.59,2024.0,3
2024-03-24 10:00:00,2003,,53.83,,59.42,40.28,2024.0,3
2024-03-24 11:00:00,2004,,51.62,,53.46,23.73,2024.0,3
2024-03-24 12:00:00,2005,,50.71,,51.58,24.69,2024.0,3
2024-03-24 13:00:00,2006,,46.96,,46.66,23.38,2024.0,3
2024-03-24 14:00:00,2007,,50.43,,53.85,37.5,2024.0,3
2024-03-24 15:00:00,2008,,64.37,,66.64,44.86,2024.0,3
2024-03-24 16:00:00,2009,26.34,84.05,,85.24,39.46,2024.0,3
2024-03-24 17:00:00,2010,25.58,84.71,,83.91,51.0,2024.0,3
2024-03-24 18:00:00,2011,25.27,87.16,,86.25,43.73,2024.0,3
2024-03-24 19:00:00,2012,25.3,86.54,,85.36,47.75,2024.0,3
2024-03-24 20:00:00,2013,25.17,88.64,,87.95,50.25,2024.0,3
2024-03-24 21:00:00,2014,24.63,91.3,,89.88,52.84,2024.0,3
2024-03-24 22:00:00,2015,25.1,90.22,,89.93,53.3,2024.0,3
2024-03-24 23:00:00,2016,24.05,94.74,,99.94,26.8,2024.0,3
2024-03-25 00:00:00,2017,23.88,95.34,,99.76,27.12,2024.0,3
2024-03-25 01:00:00,2018,23.7,95.93,,99.34,31.93,2024.0,3
2024-03-25 02:00:00,2019,23.57,96.9,,99.07,38.7,2024.0,3
2024-03-25 03:00:00,2020,23.18,98.67,,97.41,49.86,2024.0,3
2024-03-25 04:00:00,2021,22.88,99.8,,97.97,49.27,2024.0,3
2024-03-25 05:00:00,2022,22.67,100.0,,99.75,55.78,2024.0,3
2024-03-25 06:00:00,2023,23.33,99.04,,95.46,64.06,2024.0,3
2024-03-25 07:00:00,2024,25.25,90.39,,86.68,62.13,2024.0,3
2024-03-25 08:00:00,2025,,66.11,,75.6,78.75,2024.0,3
2024-03-25 09:00:00,2026,,57.14,,69.17,56.68,2024.0,3
2024-03-25 11:00:00,2028,,55.51,,55.23,48.5,2024.0,3
2024-03-25 12:00:00,2029,,59.43,,62.0,86.38,2024.0,3
2024-03-25 13:00:00,2030,27.0,78.9,,78.18,,2024.0,3
2024-03-25 14:00:00,2031,26.43,77.07,,74.28,55.07,2024.0,3
2024-03-25 15:00:00,2032,27.57,76.26,,76.05,97.97,2024.0,3
2024-03-25 16:00:00,2033,27.33,81.23,,81.83,67.57,2024.0,3
2024-03-25 18:00:00,2035,24.76,89.82,,97.34,58.48,2024.0,3
2024-03-25 19:00:00,2036,24.99,88.69,,95.39,59.54,2024.0,3
2024-03-25 20:00:00,2037,24.82,89.8,,90.27,52.1,2024.0,3
2024-03-25 21:00:00,2038,24.36,91.92,,92.1,54.77,2024.0,3
2024-03-25 22:00:00,2039,23.7,95.6,,94.38,57.74,2024.0,3
2024-03-25 23:00:00,2040,23.65,96.89,,95.99,79.88,2024.0,3
2024-03-26 00:00:00,2041,23.38,97.12,,95.64,55.32,2024.0,3
2024-03-26 01:00:00,2042,23.14,98.33,,96.83,68.4,2024.0,3
2024-03-26 02:00:00,2043,23.18,99.71,,97.54,78.31,2024.0,3
2024-03-26 03:00:00,2044,23.26,99.22,,97.39,,2024.0,3
2024-03-26 04:00:00,2045,23.0,99.83,,98.36,,2024.0,3
2024-03-26 05:00:00,2046,22.87,100.0,,98.91,84.32,2024.0,3
2024-03-26 06:00:00,2047,23.16,98.49,,94.5,96.53,2024.0,3
2024-03-26 07:00:00,2048,27.46,79.55,,80.73,89.86,2024.0,3
2024-03-26 08:00:00,2049,,64.44,,74.1,83.48,2024.0,3
2024-03-26 09:00:00,2050,,54.79,,66.4,44.52,2024.0,3
2024-03-26 10:00:00,2051,,52.41,,57.15,38.66,2024.0,3
2024-03-26 11:00:00,2052,,56.05,,60.49,43.28,2024.0,3
2024-03-26 12:00:00,2053,,59.03,,60.08,50.92,2024.0,3
2024-03-26 13:00:00,2054,,59.74,,63.15,59.85,2024.0,3
2024-03-26 14:00:00,2055,27.57,72.35,,71.32,95.75,2024.0,3
2024-03-26 15:00:00,2056,,61.72,,62.44,92.48,2024.0,3
2024-03-26 16:00:00,2057,,59.85,,63.97,76.42,2024.0,3
2024-03-26 17:00:00,2058,28.66,72.79,,75.74,,2024.0,3
2024-03-26 18:00:00,2059,26.55,81.02,,81.52,,2024.0,3
2024-03-26 19:00:00,2060,25.86,85.66,,84.69,,2024.0,3
2024-03-26 20:00:00,2061,25.18,89.84,,87.21,,2024.0,3
2024-03-26 21:00:00,2062,24.78,91.8,,90.98,,2024.0,3
2024-03-26 22:00:00,2063,24.72,90.9,,89.43,,2024.0,3
2024-03-26 23:00:00,2064,24.5,91.26,,90.3,,2024.0,3
2024-03-27 00:00:00,2065,24.36,86.99,,86.66,,2024.0,3
2024-03-27 01:00:00,2066,24.21,87.81,,87.5,,2024.0,3
2024-03-27 02:00:00,2067,23.4,91.9,,91.07,,2024.0,3
2024-03-27 03:00:00,2068,22.5,97.97,,95.84,,2024.0,3
2024-03-27 04:00:00,2069,22.6,97.68,,96.35,31.97,2024.0,3
2024-03-27 05:00:00,2070,22.69,97.11,,95.39,39.16,2024.0,3
2024-03-27 06:00:00,2071,23.55,90.94,,89.44,37.1,2024.0,3
2024-03-27 07:00:00,2072,26.3,77.5,,78.85,43.65,2024.0,3
2024-03-27 08:00:00,2073,,58.92,,65.66,39.92,2024.0,3
2024-03-27 09:00:00,2074,,56.47,,65.7,40.4,2024.0,3
2024-03-27 10:00:00,2075,,56.06,,61.31,24.4,2024.0,3
2024-03-27 11:00:00,2076,,55.51,,59.35,19.14,2024.0,3
2024-03-27 12:00:00,2077,28.1,71.37,,69.84,39.18,2024.0,3
2024-03-27 13:00:00,2078,,68.5,,62.86,43.81,2024.0,3
2024-03-27 14:00:00,2079,,61.77,,65.05,41.0,2024.0,3
2024-03-27 15:00:00,2080,24.58,88.64,,95.21,17.47,2024.0,3
2024-03-27 16:00:00,2081,23.67,93.1,,96.49,38.06,2024.0,3
2024-03-27 17:00:00,2082,24.12,91.63,,99.93,53.53,2024.0,3
2024-03-27 18:00:00,2083,23.84,94.38,,99.69,57.96,2024.0,3
2024-03-27 19:00:00,2084,23.78,94.68,,99.53,63.41,2024.0,3
2024-03-27 20:00:00,2085,23.51,95.3,,99.51,63.35,2024.0,3
2024-03-27 21:00:00,2086,23.79,96.45,,100.0,75.01,2024.0,3
2024-03-27 22:00:00,2087,24.05,95.8,,98.82,70.84,2024.0,3
2024-03-27 23:00:00,2088,24.04,95.92,,97.06,84.74,2024.0,3
2024-03-28 00:00:00,2089,23.46,97.75,,97.67,83.89,2024.0,3
2024-03-28 01:00:00,2090,23.1,98.66,,98.19,96.36,2024.0,3
2024-03-28 02:00:00,2091,22.79,99.1,,98.48,87.12,2024.0,3
2024-03-28 03:00:00,2092,22.36,100.0,,99.8,84.97,2024.0,3
2024-03-28 04:00:00,2093,22.35,100.0,,99.7,94.85,2024.0,3
2024-03-28 05:00:00,2094,22.35,100.0,,99.59,102.41,2024.0,3
2024-03-28 06:00:00,2095,22.76,99.57,,96.95,101.55,2024.0,3
2024-03-28 07:00:00,2096,26.08,85.86,,85.61,116.21,2024.0,3
2024-03-28 08:00:00,2097,,66.59,,73.38,,2024.0,3
2024-03-28 09:00:00,2098,,58.9,,67.88,114.2,2024.0,3
2024-03-28 10:00:00,2099,,51.45,,57.9,77.7,2024.0,3
2024-03-28 11:00:00,2100,,48.72,,51.78,58.54,2024.0,3
2024-03-28 12:00:00,2101,,59.54,,64.59,64.5,2024.0,3
2024-03-28 13:00:00,2102,24.69,89.78,,98.32,41.98,2024.0,3
2024-03-28 14:00:00,2103,26.36,82.23,,94.62,41.74,2024.0,3
2024-03-28 15:00:00,2104,28.92,73.71,,88.47,45.57,2024.0,3
2024-03-28 16:00:00,2105,26.19,81.63,,88.64,35.3,2024.0,3
2024-03-28 17:00:00,2106,23.76,91.25,,98.5,36.5,2024.0,3
2024-03-28 18:00:00,2107,24.0,87.69,,91.55,54.03,2024.0,3
2024-03-28 19:00:00,2108,23.54,92.48,,94.79,78.41,2024.0,3
2024-03-28 20:00:00,2109,23.28,94.17,,99.17,70.9,2024.0,3
2024-03-28 21:00:00,2110,23.26,97.4,,99.46,69.84,2024.0,3
2024-03-28 22:00:00,2111,22.97,99.5,,99.26,78.42,2024.0,3
2024-03-28 23:00:00,2112,22.72,99.97,,99.12,104.49,2024.0,3
2024-03-29 00:00:00,2113,22.55,99.98,,99.31,98.75,2024.0,3
2024-03-29 01:00:00,2114,22.32,100.0,,99.72,99.28,2024.0,3
2024-03-29 02:00:00,2115,22.27,100.0,,99.95,104.21,2024.0,3
2024-03-29 03:00:00,2116,22.23,100.0,,99.91,113.64,2024.0,3
2024-03-29 04:00:00,2117,21.85,100.0,,100.0,99.26,2024.0,3
2024-03-29 05:00:00,2118,21.47,100.0,,100.0,102.46,2024.0,3
2024-03-29 06:00:00,2119,22.22,99.07,,95.22,99.46,2024.0,3
2024-03-29 07:00:00,2120,26.54,81.65,,84.06,95.62,2024.0,3
2024-03-29 08:00:00,2121,,68.67,,79.88,91.15,2024.0,3
2024-03-29 09:00:00,2122,,62.7,,74.61,45.19,2024.0,3
2024-03-29 10:00:00,2123,,59.1,,64.58,25.38,2024.0,3
2024-03-29 12:00:00,2125,,58.04,,58.8,34.14,2024.0,3
2024-03-29 13:00:00,2126,26.11,80.72,,76.16,50.52,2024.0,3
2024-03-29 14:00:00,2127,27.17,79.02,,74.53,44.22,2024.0,3
2024-03-29 15:00:00,2128,28.56,70.52,,69.59,20.66,2024.0,3
2024-03-29 16:00:00,2129,28.59,70.57,,75.1,37.46,2024.0,3
2024-03-29 17:00:00,2130,26.05,83.11,,84.47,32.29,2024.0,3
2024-03-29 18:00:00,2131,25.15,86.9,,87.12,32.66,2024.0,3
2024-03-29 19:00:00,2132,24.64,90.98,,90.5,55.11,2024.0,3
2024-03-29 20:00:00,2133,24.61,91.71,,91.07,64.22,2024.0,3
2024-03-29 21:00:00,2134,24.34,94.3,,93.37,69.92,2024.0,3
2024-03-29 22:00:00,2135,23.87,97.59,,96.39,95.29,2024.0,3
2024-03-29 23:00:00,2136,23.43,99.54,,97.85,124.07,2024.0,3
2024-03-30 00:00:00,2137,23.38,99.31,,96.86,111.72,2024.0,3
2024-03-30 01:00:00,2138,23.15,99.35,,97.71,100.81,2024.0,3
2024-03-30 02:00:00,2139,22.82,99.54,,97.66,103.43,2024.0,3
2024-03-30 03:00:00,2140,22.54,99.43,,97.54,104.94,2024.0,3
2024-03-30 04:00:00,2141,22.4,99.79,,97.79,94.56,2024.0,3
2024-03-30 05:00:00,2142,22.28,100.0,,99.66,94.82,2024.0,3
2024-03-30 06:00:00,2143,23.02,98.39,,95.24,110.23,2024.0,3
2024-03-30 07:00:00,2144,28.55,76.5,,79.66,117.1,2024.0,3
2024-03-30 08:00:00,2145,,63.96,,76.78,93.9,2024.0,3
2024-03-30 09:00:00,2146,,60.98,,73.36,71.37,2024.0,3
2024-03-30 10:00:00,2147,,59.75,,64.67,35.9,2024.0,3
2024-03-30 11:00:00,2148,,57.56,,58.59,31.19,2024.0,3
2024-03-30 12:00:00,2149,,55.25,,53.56,26.45,2024.0,3
2024-03-30 13:00:00,2150,,53.0,,51.34,23.96,2024.0,3
2024-03-30 14:00:00,2151,,61.53,,63.6,37.48,2024.0,3
2024-03-30 15:00:00,2152,27.83,75.91,,74.33,64.96,2024.0,3
2024-03-30 16:00:00,2153,27.47,79.03,,78.05,76.44,2024.0,3
2024-03-30 17:00:00,2154,26.83,84.45,,83.37,69.73,2024.0,3
2024-03-30 18:00:00,2155,26.07,83.31,,82.61,54.82,2024.0,3
2024-03-30 19:00:00,2156,25.36,87.46,,94.58,52.1,2024.0,3
2024-03-30 20:00:00,2157,25.14,89.89,,92.06,57.43,2024.0,3
2024-03-30 21:00:00,2158,24.76,90.34,,93.08,48.92,2024.0,3
2024-03-30 22:00:00,2159,24.45,91.95,,92.28,50.9,2024.0,3
2024-03-30 23:00:00,2160,24.18,94.3,,92.94,68.96,2024.0,3
2024-03-31 00:00:00,2161,23.96,95.41,,93.75,73.59,2024.0,3
2024-03-31 01:00:00,2162,23.64,97.99,,96.21,100.05,2024.0,3
2024-03-31 02:00:00,2163,23.42,98.84,,96.26,76.93,2024.0,3
2024-03-31 03:00:00,2164,22.88,99.49,,97.63,85.18,2024.0,3
2024-03-31 04:00:00,2165,22.4,98.96,,96.05,73.2,2024.0,3
2024-03-31 05:00:00,2166,22.21,99.8,,98.06,79.14,2024.0,3
2024-03-31 06:00:00,2167,22.89,97.41,,94.65,104.03,2024.0,3
2024-03-31 07:00:00,2168,27.11,78.55,,82.95,97.93,2024.0,3
2024-03-31 08:00:00,2169,,61.98,,73.34,84.93,2024.0,3
2024-03-31 09:00:00,2170,,58.37,,67.72,48.15,2024.0,3
2024-03-31 10:00:00,2171,,59.12,,63.49,23.11,2024.0,3
2024-03-31 11:00:00,2172,,56.08,,58.29,9.85,2024.0,3
2024-03-31 12:00:00,2173,,52.03,,50.65,8.63,2024.0,3
2024-03-31 13:00:00,2174,,45.58,,44.11,6.0,2024.0,3
2024-03-31 14:00:00,2175,,42.76,,42.94,12.52,2024.0,3
2024-03-31 15:00:00,2176,,64.4,,66.28,45.96,2024.0,3
2024-03-31 16:00:00,2177,,62.22,,64.59,41.79,2024.0,3
2024-03-31 17:00:00,2178,28.68,71.1,,75.01,44.54,2024.0,3
2024-03-31 18:00:00,2179,27.08,79.08,,80.41,46.07,2024.0,3
2024-03-31 19:00:00,2180,25.83,85.27,,85.68,53.9,2024.0,3
2024-03-31 20:00:00,2181,24.64,87.61,,86.38,59.88,2024.0,3
2024-03-31 21:00:00,2182,24.47,89.01,,86.93,46.1,2024.0,3
2024-03-31 22:00:00,2183,24.4,91.07,,89.19,53.79,2024.0,3
2024-03-31 23:00:00,2184,24.08,92.81,,91.56,60.61,2024.0,3
2024-04-01 00:00:00,2185,23.87,94.24,,93.07,77.74,2024.0,4
2024-04-01 01:00:00,2186,23.59,96.95,,94.53,105.44,2024.0,4
2024-04-01 02:00:00,2187,23.96,95.24,,93.26,89.66,2024.0,4
2024-04-01 03:00:00,2188,24.14,93.92,,92.69,87.5,2024.0,4
2024-04-01 04:00:00,2189,23.37,94.15,,93.04,83.35,2024.0,4
2024-04-01 05:00:00,2190,23.77,91.37,,90.08,72.41,2024.0,4
2024-04-01 06:00:00,2191,24.25,91.47,,90.01,91.71,2024.0,4
2024-04-01 07:00:00,2192,28.4,73.47,,76.94,80.52,2024.0,4
2024-04-01 08:00:00,2193,32.65,58.44,,70.54,68.54,2024.0,4
2024-04-01 09:00:00,2194,33.46,54.27,,65.13,48.38,2024.0,4
2024-04-01 10:00:00,2195,35.1,49.41,,56.46,33.75,2024.0,4
2024-04-01 11:00:00,2196,34.89,51.01,,53.62,36.76,2024.0,4
2024-04-01 12:00:00,2197,36.19,46.91,,46.67,30.79,2024.0,4
2024-04-01 13:00:00,2198,35.95,50.02,,51.93,57.85,2024.0,4
2024-04-01 14:00:00,2199,28.57,69.53,,68.96,94.41,2024.0,4
2024-04-01 15:00:00,2200,28.48,69.93,,66.63,79.33,2024.0,4
2024-04-01 16:00:00,2201,26.37,81.86,,90.75,35.3,2024.0,4
2024-04-01 17:00:00,2202,24.11,92.16,,95.46,55.08,2024.0,4
2024-04-01 18:00:00,2203,23.02,94.36,,99.1,45.78,2024.0,4
2024-04-01 19:00:00,2204,22.97,94.64,,99.88,59.13,2024.0,4
2024-04-01 20:00:00,2205,23.26,99.13,,100.0,57.57,2024.0,4
2024-04-01 21:00:00,2206,23.37,98.4,,100.0,54.4,2024.0,4
2024-04-01 22:00:00,2207,23.37,99.16,,100.0,58.84,2024.0,4
2024-04-01 23:00:00,2208,23.11,99.93,,100.0,74.92,2024.0,4
2024-04-02 00:00:00,2209,23.01,99.84,,100.0,98.26,2024.0,4
2024-04-02 01:00:00,2210,22.96,100.0,,100.0,97.74,2024.0,4
2024-04-02 02:00:00,2211,22.99,99.98,,100.0,83.08,2024.0,4
2024-04-02 03:00:00,2212,22.88,100.0,,99.47,,2024.0,4
2024-04-02 04:00:00,2213,22.79,100.0,,99.06,,2024.0,4
2024-04-02 05:00:00,2214,21.95,100.0,,97.97,,2024.0,4
2024-04-02 06:00:00,2215,22.59,98.19,,93.89,,2024.0,4
2024-04-02 07:00:00,2216,26.26,84.45,,84.59,64.36,2024.0,4
2024-04-02 08:00:00,2217,32.09,64.31,,76.39,76.93,2024.0,4
2024-04-02 09:00:00,2218,32.9,61.15,,73.54,62.58,2024.0,4
2024-04-02 10:00:00,2219,35.54,52.85,,61.71,40.0,2024.0,4
2024-04-02 11:00:00,2220,35.68,50.42,,53.53,29.71,2024.0,4
2024-04-02 12:00:00,2221,35.53,51.5,,51.38,35.92,2024.0,4
2024-04-02 13:00:00,2222,36.22,51.19,,50.15,35.31,2024.0,4
2024-04-02 14:00:00,2223,36.71,49.77,,49.23,27.41,2024.0,4
2024-04-02 15:00:00,2224,32.31,63.25,,59.41,78.86,2024.0,4
2024-04-02 16:00:00,2225,30.04,67.97,,62.9,75.45,2024.0,4
2024-04-02 17:00:00,2226,26.25,86.86,,93.01,64.26,2024.0,4
2024-04-02 18:00:00,2227,24.1,92.04,,95.0,29.87,2024.0,4
2024-04-02 19:00:00,2228,23.46,92.72,,91.42,23.92,2024.0,4
2024-04-02 20:00:00,2229,23.9,93.12,,90.85,43.58,2024.0,4
2024-04-02 21:00:00,2230,24.71,88.87,,86.9,34.12,2024.0,4
2024-04-02 22:00:00,2231,24.78,88.42,,87.97,44.53,2024.0,4
2024-04-02 23:00:00,2232,24.27,94.13,,92.46,64.3,2024.0,4
2024-04-03 00:00:00,2233,23.93,97.68,,96.57,,2024.0,4
2024-04-03 01:00:00,2234,23.82,99.35,,98.26,93.13,2024.0,4
2024-04-03 02:00:00,2235,23.82,99.99,,97.81,98.2,2024.0,4
2024-04-03 03:00:00,2236,24.03,99.1,,95.87,82.66,2024.0,4
2024-04-03 04:00:00,2237,24.32,98.13,,95.61,83.2,2024.0,4
2024-04-03 05:00:00,2238,24.04,99.23,,96.87,83.18,2024.0,4
2024-04-03 06:00:00,2239,24.04,99.57,,96.1,92.07,2024.0,4
2024-04-03 07:00:00,2240,28.28,80.5,,80.13,72.33,2024.0,4
2024-04-03 08:00:00,2241,30.24,71.36,,76.07,81.61,2024.0,4
2024-04-03 09:00:00,2242,29.75,73.21,,72.84,71.5,2024.0,4
2024-04-03 10:00:00,2243,32.45,63.15,,66.04,30.12,2024.0,4
2024-04-03 11:00:00,2244,33.97,58.27,,61.03,29.58,2024.0,4
2024-04-03 12:00:00,2245,31.7,62.52,,62.87,19.61,2024.0,4
2024-04-03 13:00:00,2246,32.06,60.82,,62.04,16.55,2024.0,4
2024-04-03 14:00:00,2247,30.02,66.66,,68.08,22.18,2024.0,4
2024-04-03 15:00:00,2248,29.03,71.76,,73.54,35.08,2024.0,4
2024-04-03 16:00:00,2249,26.96,79.25,,81.95,53.16,2024.0,4
2024-04-03 17:00:00,2250,25.17,90.48,,96.2,52.98,2024.0,4
2024-04-03 18:00:00,2251,24.38,95.77,,94.53,62.08,2024.0,4
2024-04-03 19:00:00,2252,24.17,96.78,,97.74,55.8,2024.0,4
2024-04-03 21:00:00,2254,23.37,99.51,,100.0,19.75,2024.0,4
2024-04-03 22:00:00,2255,23.11,100.0,,100.0,11.97,2024.0,4
2024-04-03 23:00:00,2256,23.12,100.0,,100.0,22.13,2024.0,4
2024-04-04 00:00:00,2257,23.05,100.0,,100.0,31.61,2024.0,4
2024-04-04 01:00:00,2258,22.97,99.65,,100.0,28.86,2024.0,4
2024-04-04 02:00:00,2259,23.01,100.0,,100.0,,2024.0,4
2024-04-04 03:00:00,2260,22.99,100.0,,99.95,,2024.0,4
2024-04-04 04:00:00,2261,23.03,100.0,,100.0,,2024.0,4
2024-04-04 05:00:00,2262,23.01,100.0,,100.0,,2024.0,4
2024-04-04 06:00:00,2263,23.26,99.95,,98.76,,2024.0,4
2024-04-04 07:00:00,2264,26.66,86.36,,86.94,60.04,2024.0,4
2024-04-04 08:00:00,2265,32.31,66.36,,74.2,67.44,2024.0,4
2024-04-04 09:00:00,2266,33.9,60.02,,71.66,49.54,2024.0,4
2024-04-04 10:00:00,2267,33.3,60.51,,66.63,27.83,2024.0,4
2024-04-04 11:00:00,2268,33.12,59.44,,60.65,20.48,2024.0,4
2024-04-04 12:00:00,2269,34.7,53.04,,51.46,18.07,2024.0,4
2024-04-04 13:00:00,2270,35.65,52.55,,52.23,24.31,2024.0,4
2024-04-04 14:00:00,2271,31.36,62.08,,63.86,40.93,2024.0,4
2024-04-04 15:00:00,2272,29.52,69.94,,72.64,40.4,2024.0,4
2024-04-04 16:00:00,2273,28.48,75.05,,76.9,61.75,2024.0,4
2024-04-04 17:00:00,2274,26.75,85.29,,84.35,48.49,2024.0,4
2024-04-04 18:00:00,2275,25.57,90.48,,88.09,50.97,2024.0,4
2024-04-04 19:00:00,2276,25.09,88.26,,86.22,42.28,2024.0,4
2024-04-04 20:00:00,2277,24.81,89.94,,87.62,48.26,2024.0,4
2024-04-04 21:00:00,2278,24.86,91.22,,88.65,61.81,2024.0,4
2024-04-04 22:00:00,2279,24.94,91.59,,88.93,65.37,2024.0,4
2024-04-04 23:00:00,2280,25.0,91.57,,89.08,65.19,2024.0,4
2024-04-05 00:00:00,2281,24.83,92.94,,91.18,84.52,2024.0,4
2024-04-05 01:00:00,2282,23.94,97.17,,97.71,83.75,2024.0,4
2024-04-05 02:00:00,2283,23.63,97.62,,96.26,69.26,2024.0,4
2024-04-05 03:00:00,2284,23.5,97.99,,94.98,64.19,2024.0,4
2024-04-05 04:00:00,2285,23.31,98.64,,95.71,84.72,2024.0,4
2024-04-05 05:00:00,2286,22.86,99.68,,97.11,79.95,2024.0,4
2024-04-05 06:00:00,2287,23.04,99.35,,95.45,120.57,2024.0,4
2024-04-05 07:00:00,2288,24.85,88.68,,85.69,96.93,2024.0,4
2024-04-05 08:00:00,2289,31.33,67.36,,71.37,97.83,2024.0,4
2024-04-05 09:00:00,2290,36.12,53.49,,63.32,73.27,2024.0,4
2024-04-05 10:00:00,2291,36.28,51.39,,59.57,71.68,2024.0,4
2024-04-05 11:00:00,2292,36.33,50.28,,53.42,66.93,2024.0,4
2024-04-05 12:00:00,2293,35.3,52.08,,54.81,76.04,2024.0,4
2024-04-05 13:00:00,2294,32.14,62.24,,60.53,85.71,2024.0,4
2024-04-05 14:00:00,2295,30.76,66.9,,58.54,71.5,2024.0,4
2024-04-05 15:00:00,2296,29.03,69.29,,70.45,71.24,2024.0,4
2024-04-05 16:00:00,2297,30.63,67.77,,70.45,70.48,2024.0,4
2024-04-05 17:00:00,2298,26.67,83.24,,81.98,80.26,2024.0,4
2024-04-05 18:00:00,2299,25.25,87.27,,85.6,53.03,2024.0,4
2024-04-05 20:00:00,2301,24.49,87.3,,85.54,34.47,2024.0,4
2024-04-05 21:00:00,2302,24.41,89.31,,88.12,55.42,2024.0,4
2024-04-05 22:00:00,2303,24.12,90.58,,88.58,39.05,2024.0,4
2024-04-05 23:00:00,2304,24.52,91.1,,89.15,59.44,2024.0,4
2024-04-06 00:00:00,2305,24.32,92.87,,90.68,58.79,2024.0,4
2024-04-06 01:00:00,2306,23.73,96.18,,94.34,81.16,2024.0,4
2024-04-06 02:00:00,2307,23.01,99.27,,95.87,89.25,2024.0,4
2024-04-06 03:00:00,2308,22.91,98.91,,95.16,115.19,2024.0,4
2024-04-06 04:00:00,2309,22.5,99.85,,97.74,112.77,2024.0,4
2024-04-06 05:00:00,2310,22.57,99.82,,96.29,94.78,2024.0,4
2024-04-06 06:00:00,2311,23.66,96.24,,91.48,85.66,2024.0,4
2024-04-06 07:00:00,2312,28.79,75.76,,80.06,101.85,2024.0,4
2024-04-06 08:00:00,2313,32.09,63.21,,74.16,72.0,2024.0,4
2024-04-06 09:00:00,2314,34.53,55.17,,65.33,43.1,2024.0,4
2024-04-06 10:00:00,2315,36.58,51.2,,58.92,45.52,2024.0,4
2024-04-06 11:00:00,2316,36.25,50.42,,54.2,41.54,2024.0,4
2024-04-06 12:00:00,2317,32.18,60.53,,62.37,76.68,2024.0,4
2024-04-06 13:00:00,2318,29.59,67.77,,63.27,74.29,2024.0,4
2024-04-06 14:00:00,2319,35.56,53.06,,52.74,61.0,2024.0,4
2024-04-06 15:00:00,2320,33.24,59.12,,65.86,62.77,2024.0,4
2024-04-06 16:00:00,2321,26.88,81.73,,90.57,45.46,2024.0,4
2024-04-06 17:00:00,2322,26.43,84.77,,87.08,41.38,2024.0,4
2024-04-06 18:00:00,2323,25.92,87.82,,86.53,52.47,2024.0,4
2024-04-06 19:00:00,2324,26.06,87.32,,85.87,67.44,2024.0,4
2024-04-06 20:00:00,2325,25.86,92.07,,89.64,91.84,2024.0,4
2024-04-06 21:00:00,2326,25.22,93.55,,90.43,79.29,2024.0,4
2024-04-06 22:00:00,2327,24.82,94.17,,91.29,77.7,2024.0,4
2024-04-06 23:00:00,2328,24.47,86.87,,85.15,57.16,2024.0,4
2024-04-07 00:00:00,2329,24.69,86.7,,85.02,63.28,2024.0,4
2024-04-07 01:00:00,2330,24.53,86.72,,85.22,59.22,2024.0,4
2024-04-07 02:00:00,2331,24.13,90.18,,88.42,94.74,2024.0,4
2024-04-07 03:00:00,2332,23.89,90.3,,88.33,57.81,2024.0,4
2024-04-07 04:00:00,2333,22.75,90.29,,88.65,65.97,2024.0,4
2024-04-07 05:00:00,2334,21.73,89.19,,86.88,69.2,2024.0,4
2024-04-07 06:00:00,2335,22.06,80.94,,78.68,98.74,2024.0,4
2024-04-07 07:00:00,2336,26.4,65.67,,70.5,97.62,2024.0,4
2024-04-07 08:00:00,2337,32.43,57.07,,69.81,101.04,2024.0,4
2024-04-07 09:00:00,2338,35.13,53.22,,66.31,90.21,2024.0,4
2024-04-07 10:00:00,2339,36.14,45.93,,52.51,46.27,2024.0,4
2024-04-07 11:00:00,2340,37.34,41.46,,45.21,37.28,2024.0,4
2024-04-07 12:00:00,2341,37.31,42.35,,41.89,59.04,2024.0,4
2024-04-07 13:00:00,2342,32.57,57.9,,52.83,78.59,2024.0,4
2024-04-07 14:00:00,2343,33.87,53.77,,50.91,68.04,2024.0,4
2024-04-07 15:00:00,2344,32.49,57.46,,55.18,64.21,2024.0,4
2024-04-07 16:00:00,2345,30.81,59.53,,57.67,61.14,2024.0,4
2024-04-07 17:00:00,2346,28.91,66.71,,67.26,74.82,2024.0,4
2024-04-07 18:00:00,2347,27.6,78.87,,78.74,82.19,2024.0,4
2024-04-07 19:00:00,2348,26.87,74.38,,74.69,52.53,2024.0,4
2024-04-07 20:00:00,2349,25.93,80.77,,80.61,53.73,2024.0,4
2024-04-07 21:00:00,2350,25.09,89.35,,86.68,52.65,2024.0,4
2024-04-07 22:00:00,2351,24.74,87.72,,84.82,44.66,2024.0,4
2024-04-08 00:00:00,2353,24.01,88.88,,86.65,67.77,2024.0,4
2024-04-08 01:00:00,2354,23.4,87.5,,85.67,71.83,2024.0,4
2024-04-08 02:00:00,2355,22.67,87.31,,85.6,63.28,2024.0,4
2024-04-08 03:00:00,2356,22.36,85.79,,85.05,50.41,2024.0,4
2024-04-08 04:00:00,2357,21.74,86.4,,85.23,71.07,2024.0,4
2024-04-08 05:00:00,2358,21.32,88.48,,87.04,78.68,2024.0,4
2024-04-08 06:00:00,2359,21.83,85.79,,83.64,105.48,2024.0,4
2024-04-08 07:00:00,2360,26.81,74.18,,77.03,132.03,2024.0,4
2024-04-08 08:00:00,2361,32.36,59.62,,69.91,125.9,2024.0,4
2024-04-08 09:00:00,2362,33.8,56.86,,66.99,84.55,2024.0,4
2024-04-08 10:00:00,2363,33.82,56.59,,61.22,61.56,2024.0,4
2024-04-08 11:00:00,2364,36.81,45.82,,49.08,40.43,2024.0,4
2024-04-08 12:00:00,2365,37.23,44.28,,47.02,55.79,2024.0,4
2024-04-08 14:00:00,2367,31.37,53.61,,51.49,45.93,2024.0,4
2024-04-08 15:00:00,2368,31.09,54.18,,52.01,33.59,2024.0,4
2024-04-08 16:00:00,2369,29.37,64.23,,65.69,49.04,2024.0,4
2024-04-08 18:00:00,2371,26.84,81.16,,80.02,82.72,2024.0,4
2024-04-08 19:00:00,2372,26.47,77.36,,76.72,103.02,2024.0,4
2024-04-08 20:00:00,2373,26.26,77.47,,77.46,99.31,2024.0,4
2024-04-08 21:00:00,2374,25.87,81.13,,80.19,66.49,2024.0,4
2024-04-08 22:00:00,2375,25.49,87.22,,86.55,76.28,2024.0,4
2024-04-09 00:00:00,2377,24.72,94.6,,96.19,77.95,2024.0,4
2024-04-09 01:00:00,2378,23.98,96.92,,99.12,24.67,2024.0,4
2024-04-09 02:00:00,2379,23.68,98.2,,100.0,20.26,2024.0,4
2024-04-09 03:00:00,2380,23.87,97.52,,100.0,28.81,2024.0,4
2024-04-09 04:00:00,2381,23.62,97.72,,99.9,38.7,2024.0,4
2024-04-09 05:00:00,2382,23.7,97.03,,98.22,40.44,2024.0,4
2024-04-09 06:00:00,2383,23.8,97.15,,96.45,54.7,2024.0,4
2024-04-09 07:00:00,2384,22.93,99.47,,99.48,37.4,2024.0,4
2024-04-09 08:00:00,2385,22.66,96.9,,97.8,23.69,2024.0,4
2024-04-09 09:00:00,2386,24.13,88.5,,91.2,26.26,2024.0,4
2024-04-09 10:00:00,2387,26.38,81.32,,80.17,43.71,2024.0,4
2024-04-09 11:00:00,2388,27.11,77.32,,76.43,46.33,2024.0,4
2024-04-09 12:00:00,2389,28.93,72.0,,72.43,51.0,2024.0,4
2024-04-09 13:00:00,2390,30.12,67.47,,67.29,38.86,2024.0,4
2024-04-09 14:00:00,2391,32.24,58.12,,60.39,27.77,2024.0,4
2024-04-09 15:00:00,2392,32.01,57.47,,61.21,32.89,2024.0,4
2024-04-09 16:00:00,2393,29.25,67.04,,69.18,50.75,2024.0,4
2024-04-09 17:00:00,2394,26.37,81.0,,79.35,60.05,2024.0,4
2024-04-09 18:00:00,2395,25.28,84.76,,82.52,53.6,2024.0,4
2024-04-09 19:00:00,2396,24.9,87.87,,85.12,70.35,2024.0,4
2024-04-09 20:00:00,2397,24.51,89.53,,86.68,99.14,2024.0,4
2024-04-09 21:00:00,2398,24.7,89.57,,86.71,113.68,2024.0,4
2024-04-09 22:00:00,2399,24.4,93.91,,91.1,72.49,2024.0,4
2024-04-09 23:00:00,2400,23.97,95.92,,92.58,78.57,2024.0,4
2024-04-10 00:00:00,2401,23.78,97.46,,93.62,96.85,2024.0,4
2024-04-10 01:00:00,2402,23.39,98.74,,95.43,141.54,2024.0,4
2024-04-10 02:00:00,2403,22.71,100.0,,97.92,139.98,2024.0,4
2024-04-10 03:00:00,2404,22.63,100.0,,98.1,130.56,2024.0,4
2024-04-10 04:00:00,2405,22.58,100.0,,97.7,133.36,2024.0,4
2024-04-10 05:00:00,2406,22.42,100.0,,97.84,127.37,2024.0,4
2024-04-10 06:00:00,2407,22.75,99.23,,94.18,113.37,2024.0,4
2024-04-10 07:00:00,2408,26.2,83.16,,85.48,108.62,2024.0,4
2024-04-10 08:00:00,2409,30.76,67.46,,77.02,108.93,2024.0,4
2024-04-10 09:00:00,2410,33.94,58.68,,68.53,88.97,2024.0,4
2024-04-10 10:00:00,2411,35.6,53.91,,60.49,69.17,2024.0,4
2024-04-10 11:00:00,2412,37.0,49.82,,53.46,53.76,2024.0,4
2024-04-10 12:00:00,2413,37.12,49.16,,51.49,52.28,2024.0,4
2024-04-15 17:00:00,2538,28.73,72.86,,73.2,,2024.0,4
2024-04-15 18:00:00,2539,26.72,83.67,,75.51,,2024.0,4
2024-04-15 19:00:00,2540,25.68,88.94,,75.51,,2024.0,4
2024-04-15 20:00:00,2541,25.26,90.31,,75.51,,2024.0,4
2024-04-15 21:00:00,2542,25.11,92.01,,75.51,,2024.0,4
2024-04-15 22:00:00,2543,25.03,92.53,,85.8,,2024.0,4
2024-04-15 23:00:00,2544,25.2,92.67,,89.36,,2024.0,4
2024-04-16 00:00:00,2545,25.05,93.15,,89.36,,2024.0,4
2024-04-16 01:00:00,2546,24.7,93.99,,89.36,,2024.0,4
2024-04-16 02:00:00,2547,24.3,95.63,,41.7,,2024.0,4
2024-04-16 03:00:00,2548,24.02,97.62,,0.0,,2024.0,4
2024-04-16 04:00:00,2549,23.65,99.6,,0.0,,2024.0,4
2024-04-16 05:00:00,2550,23.54,100.0,,0.0,,2024.0,4
2024-04-16 06:00:00,2551,24.02,98.43,,0.0,,2024.0,4
2024-04-16 07:00:00,2552,28.3,79.14,,0.0,,2024.0,4
2024-04-16 08:00:00,2553,31.8,65.5,,0.0,,2024.0,4
2024-04-16 09:00:00,2554,32.47,60.56,,0.0,,2024.0,4
2024-04-16 10:00:00,2555,32.91,56.72,,24.37,,2024.0,4
2024-04-16 11:00:00,2556,34.31,52.94,,53.51,,2024.0,4
2024-04-16 12:00:00,2557,35.23,52.06,,52.13,,2024.0,4
2024-04-16 13:00:00,2558,35.29,52.14,,52.35,,2024.0,4
2024-04-16 14:00:00,2559,36.42,49.45,,52.35,,2024.0,4
2024-04-16 15:00:00,2560,35.32,53.13,,53.93,,2024.0,4
2024-04-16 16:00:00,2561,32.71,59.99,,62.37,,2024.0,4
2024-04-16 17:00:00,2562,29.85,68.59,,62.37,,2024.0,4
2024-04-16 18:00:00,2563,27.3,77.74,,62.37,,2024.0,4
2024-04-16 19:00:00,2564,26.91,82.5,,62.37,,2024.0,4
2024-04-16 20:00:00,2565,26.4,87.33,,62.37,,2024.0,4
2024-04-16 21:00:00,2566,26.06,83.11,,62.37,,2024.0,4
2024-04-16 22:00:00,2567,25.35,83.29,,62.37,,2024.0,4
2024-04-16 23:00:00,2568,24.83,81.49,,62.37,,2024.0,4
2024-04-17 00:00:00,2569,24.45,81.69,,62.37,,2024.0,4
2024-04-17 01:00:00,2570,23.99,84.51,,62.37,,2024.0,4
2024-04-17 02:00:00,2571,23.69,87.01,,62.37,,2024.0,4
2024-04-17 03:00:00,2572,23.52,88.45,,62.37,,2024.0,4
2024-04-17 04:00:00,2573,23.11,92.82,,62.37,,2024.0,4
2024-04-17 05:00:00,2574,23.18,91.35,,62.37,,2024.0,4
2024-04-17 06:00:00,2575,24.9,83.04,,62.37,,2024.0,4
2024-04-17 07:00:00,2576,28.31,69.72,,62.37,,2024.0,4
2024-04-17 08:00:00,2577,30.46,63.1,,62.37,,2024.0,4
2024-04-17 09:00:00,2578,32.19,58.61,,62.37,,2024.0,4
2024-04-17 10:00:00,2579,32.98,56.3,,62.37,,2024.0,4
2024-04-17 11:00:00,2580,33.83,54.63,,62.37,,2024.0,4
2024-04-17 12:00:00,2581,34.47,54.46,,62.37,,2024.0,4
2024-04-17 13:00:00,2582,33.71,56.44,,62.37,,2024.0,4
2024-04-17 14:00:00,2583,32.9,57.12,,62.37,,2024.0,4
2024-04-17 15:00:00,2584,31.72,61.75,,62.37,,2024.0,4
2024-04-17 16:00:00,2585,29.13,69.94,,62.37,,2024.0,4
2024-04-17 17:00:00,2586,,,,66.02,,2024.0,4
2024-04-18 06:00:00,2599,,,,89.02,138.93,2024.0,4
2024-04-18 07:00:00,2600,,,,77.27,94.67,2024.0,4
2024-04-18 08:00:00,2601,,,,71.24,27.81,2024.0,4
2024-04-18 09:00:00,2602,,,,67.99,24.41,2024.0,4
2024-04-18 10:00:00,2603,,,,60.03,20.87,2024.0,4
2024-04-18 11:00:00,2604,,,,53.79,18.83,2024.0,4
2024-04-18 12:00:00,2605,,,,49.48,24.68,2024.0,4
2024-04-18 13:00:00,2606,,,,50.87,26.81,2024.0,4
2024-04-18 14:00:00,2607,,,,53.33,31.15,2024.0,4
2024-04-18 15:00:00,2608,,,,54.33,25.11,2024.0,4
2024-04-18 16:00:00,2609,,,,62.73,24.52,2024.0,4
2024-04-18 17:00:00,2610,,,,70.3,31.86,2024.0,4
2024-04-18 18:00:00,2611,,,,75.59,59.2,2024.0,4
2024-04-18 19:00:00,2612,,,,79.19,50.0,2024.0,4
2024-04-18 20:00:00,2613,,,,80.08,42.2,2024.0,4
2024-04-18 21:00:00,2614,,,,80.52,44.86,2024.0,4
2024-04-18 22:00:00,2615,,,,83.15,58.21,2024.0,4
2024-04-18 23:00:00,2616,,,,82.75,58.22,2024.0,4
2024-04-19 00:00:00,2617,,,,83.8,60.72,2024.0,4
2024-04-19 01:00:00,2618,,,,84.27,50.61,2024.0,4
2024-04-19 02:00:00,2619,,,,85.3,56.57,2024.0,4
2024-04-19 03:00:00,2620,,,,85.31,43.23,2024.0,4
2024-04-19 04:00:00,2621,,,,87.68,64.28,2024.0,4
2024-04-19 05:00:00,2622,,,,88.31,67.57,2024.0,4
2024-04-19 06:00:00,2623,,,,87.79,142.77,2024.0,4
2024-04-19 07:00:00,2624,,,,82.42,138.32,2024.0,4
2024-04-19 08:00:00,2625,,,,71.22,106.88,2024.0,4
2024-04-19 09:00:00,2626,,,,64.43,56.22,2024.0,4
2024-04-19 10:00:00,2627,,,,60.0,47.83,2024.0,4
2024-04-19 11:00:00,2628,,,,54.72,31.76,2024.0,4
2024-04-19 12:00:00,2629,,,,55.06,33.7,2024.0,4
2024-04-19 13:00:00,2630,,,,78.26,66.29,2024.0,4
2024-04-19 14:00:00,2631,,,,98.51,61.32,2024.0,4
2024-04-19 15:00:00,2632,,,,97.95,75.03,2024.0,4
2024-04-19 16:00:00,2633,,,,98.26,115.82,2024.0,4
2024-04-19 17:00:00,2634,,,,98.08,100.39,2024.0,4
2024-04-20 00:00:00,2641,,,,93.37,108.52,2024.0,4
2024-04-20 01:00:00,2642,,,,93.77,115.38,2024.0,4
2024-04-20 02:00:00,2643,,,,97.58,,2024.0,4
2024-04-20 03:00:00,2644,,,,98.91,,2024.0,4
2024-04-20 04:00:00,2645,,,,97.08,,2024.0,4
2024-04-20 05:00:00,2646,,,,98.04,,2024.0,4
2024-04-20 06:00:00,2647,,,,96.75,,2024.0,4
2024-04-20 07:00:00,2648,,,,88.02,,2024.0,4
2024-04-20 08:00:00,2649,,,,75.57,132.69,2024.0,4
2024-04-20 09:00:00,2650,,,,69.35,108.86,2024.0,4
2024-04-20 10:00:00,2651,,,,61.67,59.08,2024.0,4
2024-04-20 11:00:00,2652,,,,56.63,28.39,2024.0,4
2024-04-20 12:00:00,2653,,,,57.24,31.46,2024.0,4
2024-04-20 13:00:00,2654,,,,64.21,24.76,2024.0,4
2024-04-20 14:00:00,2655,,,,72.63,62.72,2024.0,4
2024-04-20 15:00:00,2656,,,,75.92,66.38,2024.0,4
2024-04-20 16:00:00,2657,,,,82.31,55.04,2024.0,4
2024-04-20 17:00:00,2658,,,,65.15,,2024.0,4
2024-04-20 18:00:00,2659,25.1,95.81,,86.79,64.3,2024.0,4
2024-04-20 19:00:00,2660,25.35,94.2,,83.99,49.66,2024.0,4
2024-04-20 20:00:00,2661,24.78,96.11,,86.97,71.64,2024.0,4
2024-04-20 21:00:00,2662,24.44,99.01,,89.36,93.23,2024.0,4
2024-04-20 22:00:00,2663,24.14,99.9,,90.98,108.94,2024.0,4
2024-04-20 23:00:00,2664,24.06,99.9,,91.64,84.58,2024.0,4
2024-04-21 00:00:00,2665,24.16,99.9,,91.4,100.52,2024.0,4
2024-04-21 01:00:00,2666,23.98,99.9,,91.18,86.76,2024.0,4
2024-04-21 02:00:00,2667,23.74,99.9,,92.96,95.58,2024.0,4
2024-04-21 03:00:00,2668,23.33,99.9,,94.28,112.42,2024.0,4
2024-04-21 04:00:00,2669,23.09,99.9,,95.09,118.19,2024.0,4
2024-04-21 05:00:00,2670,22.97,99.9,,96.01,131.87,2024.0,4
2024-04-21 06:00:00,2671,24.27,99.3,,91.28,113.57,2024.0,4
2024-04-21 07:00:00,2672,28.28,88.06,,80.99,101.2,2024.0,4
2024-04-21 08:00:00,2673,29.3,80.01,,74.55,101.63,2024.0,4
2024-04-21 09:00:00,2674,32.88,63.22,,65.1,62.63,2024.0,4
2024-04-21 10:00:00,2675,32.8,62.36,,63.29,53.32,2024.0,4
2024-04-21 11:00:00,2676,34.85,56.37,,56.33,38.72,2024.0,4
2024-04-21 12:00:00,2677,36.33,49.24,,49.75,8.96,2024.0,4
2024-04-21 13:00:00,2678,34.84,51.34,,54.32,15.71,2024.0,4
2024-04-21 14:00:00,2679,29.01,75.52,,75.06,36.86,2024.0,4
2024-04-21 15:00:00,2680,24.73,98.07,,88.06,31.62,2024.0,4
2024-04-21 16:00:00,2681,24.56,99.9,,95.17,23.75,2024.0,4
2024-04-21 17:00:00,2682,23.41,99.9,,98.85,30.12,2024.0,4
2024-04-21 18:00:00,2683,23.13,99.9,,100.0,30.25,2024.0,4
2024-04-21 19:00:00,2684,23.06,99.9,,100.0,24.0,2024.0,4
2024-04-21 20:00:00,2685,23.48,99.9,,100.0,30.96,2024.0,4
2024-04-21 21:00:00,2686,23.29,99.9,,100.0,43.07,2024.0,4
2024-04-21 22:00:00,2687,23.43,99.9,,100.0,59.97,2024.0,4
2024-04-21 23:00:00,2688,23.27,99.9,,100.0,61.2,2024.0,4
2024-04-22 00:00:00,2689,23.13,99.9,,100.0,59.8,2024.0,4
2024-04-22 01:00:00,2690,22.68,99.9,,100.0,63.88,2024.0,4
2024-04-22 02:00:00,2691,22.53,99.9,,100.0,67.65,2024.0,4
2024-04-22 03:00:00,2692,22.7,99.9,,100.0,51.2,2024.0,4
2024-04-22 04:00:00,2693,22.68,99.9,,100.0,52.47,2024.0,4
2024-04-22 05:00:00,2694,22.61,99.9,,100.0,55.84,2024.0,4
2024-04-22 06:00:00,2695,23.46,99.9,,96.23,54.43,2024.0,4
2024-04-22 07:00:00,2696,27.54,92.57,,85.05,55.06,2024.0,4
2024-04-22 08:00:00,2697,33.33,66.64,,75.35,63.22,2024.0,4
2024-04-22 09:00:00,2698,32.59,66.37,,73.25,57.48,2024.0,4
2024-04-22 10:00:00,2699,33.24,63.82,,64.23,45.87,2024.0,4
2024-04-22 11:00:00,2700,34.52,57.92,,57.13,38.41,2024.0,4
2024-04-22 12:00:00,2701,30.75,74.89,,71.69,69.71,2024.0,4
2024-04-22 13:00:00,2702,28.82,88.05,,69.18,49.01,2024.0,4
2024-04-22 14:00:00,2703,28.99,82.12,,68.64,33.41,2024.0,4
2024-04-22 15:00:00,2704,29.35,79.19,,70.78,41.76,2024.0,4
2024-04-22 16:00:00,2705,29.91,78.0,,72.75,48.33,2024.0,4
2024-04-22 17:00:00,2706,27.27,94.21,,82.64,51.14,2024.0,4
2024-04-22 18:00:00,2707,26.16,96.79,,83.55,53.94,2024.0,4
2024-04-22 19:00:00,2708,26.01,99.14,,85.44,81.66,2024.0,4
2024-04-22 20:00:00,2709,25.83,99.86,,86.34,78.91,2024.0,4
2024-04-22 21:00:00,2710,25.8,99.9,,88.06,91.56,2024.0,4
2024-04-22 22:00:00,2711,25.04,99.9,,91.15,119.3,2024.0,4
2024-04-22 23:00:00,2712,24.85,99.9,,92.38,122.44,2024.0,4
2024-04-23 00:00:00,2713,24.92,99.9,,91.3,109.76,2024.0,4
2024-04-23 01:00:00,2714,24.61,99.9,,93.05,88.39,2024.0,4
2024-04-23 02:00:00,2715,24.27,99.9,,94.35,115.02,2024.0,4
2024-04-23 03:00:00,2716,24.26,99.9,,94.74,119.63,2024.0,4
2024-04-23 04:00:00,2717,23.99,99.9,,95.25,98.88,2024.0,4
2024-04-23 05:00:00,2718,23.9,99.9,,96.34,61.26,2024.0,4
2024-04-23 06:00:00,2719,23.84,99.9,,97.05,65.66,2024.0,4
2024-04-23 07:00:00,2720,28.04,95.4,,86.67,77.26,2024.0,4
2024-04-23 08:00:00,2721,33.51,69.69,,74.62,75.37,2024.0,4
2024-04-23 09:00:00,2722,36.08,58.71,,66.52,55.86,2024.0,4
2024-04-23 10:00:00,2723,36.64,54.03,,60.98,35.41,2024.0,4
2024-04-23 11:00:00,2724,28.07,85.09,,74.14,42.7,2024.0,4
2024-04-23 12:00:00,2725,31.53,70.81,,63.78,33.77,2024.0,4
2024-04-23 13:00:00,2726,29.01,84.34,,74.95,48.22,2024.0,4
2024-04-23 14:00:00,2727,27.44,89.61,,78.43,44.09,2024.0,4
2024-04-23 15:00:00,2728,27.3,89.64,,77.07,38.56,2024.0,4
2024-04-23 16:00:00,2729,28.96,79.91,,75.58,55.33,2024.0,4
2024-04-23 17:00:00,2730,27.12,91.25,,81.21,45.33,2024.0,4
2024-04-23 18:00:00,2731,25.2,99.9,,87.13,58.62,2024.0,4
2024-04-23 19:00:00,2732,24.9,99.9,,90.95,67.87,2024.0,4
2024-04-23 20:00:00,2733,24.88,99.9,,92.14,89.4,2024.0,4
2024-04-23 21:00:00,2734,24.69,99.9,,93.64,112.6,2024.0,4
2024-04-23 22:00:00,2735,24.4,99.9,,93.18,91.99,2024.0,4
2024-04-23 23:00:00,2736,24.01,99.9,,95.6,127.67,2024.0,4
2024-04-24 00:00:00,2737,23.87,99.9,,96.98,134.42,2024.0,4
2024-04-24 01:00:00,2738,23.35,99.9,,96.49,108.91,2024.0,4
2024-04-24 02:00:00,2739,23.04,99.9,,96.01,87.35,2024.0,4
2024-04-24 03:00:00,2740,23.23,99.9,,96.45,99.99,2024.0,4
2024-04-24 04:00:00,2741,23.25,99.9,,96.13,104.86,2024.0,4
2024-04-24 05:00:00,2742,23.12,99.9,,97.12,91.96,2024.0,4
2024-04-24 06:00:00,2743,23.36,99.9,,95.72,96.91,2024.0,4
2024-04-24 07:00:00,2744,26.12,98.15,,86.29,111.2,2024.0,4
2024-04-24 08:00:00,2745,30.91,79.34,,74.71,141.73,2024.0,4
2024-04-24 09:00:00,2746,33.62,66.59,,69.46,123.37,2024.0,4
2024-04-24 10:00:00,2747,36.21,56.92,,61.2,88.72,2024.0,4
2024-04-24 11:00:00,2748,36.76,52.46,,53.57,52.75,2024.0,4
2024-04-24 12:00:00,2749,34.38,57.91,,58.62,46.62,2024.0,4
2024-04-26 11:00:00,2796,34.15,62.98,,58.29,35.07,2024.0,4
2024-04-26 12:00:00,2797,30.8,71.19,,68.68,24.6,2024.0,4
2024-04-26 13:00:00,2798,27.33,93.31,,80.08,46.16,2024.0,4
2024-04-26 14:00:00,2799,27.12,98.2,,82.02,57.7,2024.0,4
2024-04-26 15:00:00,2800,27.43,97.39,,80.98,71.81,2024.0,4
2024-04-26 16:00:00,2801,26.79,99.47,,85.91,65.04,2024.0,4
2024-04-26 17:00:00,2802,25.9,99.9,,88.16,76.56,2024.0,4
2024-04-26 18:00:00,2803,25.3,99.9,,91.97,68.75,2024.0,4
2024-04-26 19:00:00,2804,25.15,99.9,,94.44,77.28,2024.0,4
2024-04-26 20:00:00,2805,25.12,99.9,,93.97,65.38,2024.0,4
2024-04-26 21:00:00,2806,24.97,99.9,,92.46,60.69,2024.0,4
2024-04-26 22:00:00,2807,24.86,99.9,,88.77,30.12,2024.0,4
2024-04-26 23:00:00,2808,24.81,98.72,,83.92,15.21,2024.0,4
2024-04-27 00:00:00,2809,24.32,99.9,,86.73,20.44,2024.0,4
2024-04-27 01:00:00,2810,23.85,99.9,,90.03,31.77,2024.0,4
2024-04-27 02:00:00,2811,23.64,99.9,,91.49,41.22,2024.0,4
2024-04-27 03:00:00,2812,23.33,99.9,,92.75,51.17,2024.0,4
2024-04-27 04:00:00,2813,23.05,99.9,,94.75,56.91,2024.0,4
2024-04-27 05:00:00,2814,22.9,99.9,,95.27,67.32,2024.0,4
2024-04-27 06:00:00,2815,23.37,99.9,,93.19,93.7,2024.0,4
2024-04-27 07:00:00,2816,27.78,92.72,,82.76,74.99,2024.0,4
2024-04-27 08:00:00,2817,29.67,82.54,,76.69,69.39,2024.0,4
2024-04-27 09:00:00,2818,31.83,68.99,,69.19,39.0,2024.0,4
2024-04-27 10:00:00,2819,31.34,69.4,,65.56,22.62,2024.0,4
2024-04-27 11:00:00,2820,30.98,69.44,,59.88,8.23,2024.0,4
2024-04-27 12:00:00,2821,33.1,61.91,,54.36,8.86,2024.0,4
2024-04-27 13:00:00,2822,29.41,79.44,,71.06,14.74,2024.0,4
2024-04-27 14:00:00,2823,27.66,92.77,,78.96,22.65,2024.0,4
2024-04-27 15:00:00,2824,27.58,92.46,,78.96,23.28,2024.0,4
2024-04-27 16:00:00,2825,27.15,93.24,,79.45,24.7,2024.0,4
2024-04-27 17:00:00,2826,26.66,92.84,,79.41,21.72,2024.0,4
2024-04-27 18:00:00,2827,26.08,97.19,,83.09,45.88,2024.0,4
2024-04-27 19:00:00,2828,25.61,99.88,,86.96,64.67,2024.0,4
2024-04-27 20:00:00,2829,25.19,99.9,,90.01,90.19,2024.0,4
2024-04-27 21:00:00,2830,24.66,99.9,,92.8,109.42,2024.0,4
2024-04-27 22:00:00,2831,24.58,99.9,,92.52,92.24,2024.0,4
2024-04-27 23:00:00,2832,23.96,99.9,,93.63,95.62,2024.0,4
2024-04-28 00:00:00,2833,23.84,99.9,,91.93,94.11,2024.0,4
2024-04-28 01:00:00,2834,23.78,99.9,,93.36,112.24,2024.0,4
2024-04-28 02:00:00,2835,23.62,99.9,,95.06,114.7,2024.0,4
2024-04-28 03:00:00,2836,23.4,99.9,,94.79,115.06,2024.0,4
2024-04-28 04:00:00,2837,23.03,99.9,,96.56,116.58,2024.0,4
2024-04-28 05:00:00,2838,22.76,99.9,,97.95,132.44,2024.0,4
2024-04-28 06:00:00,2839,23.75,99.9,,94.02,133.82,2024.0,4
2024-04-28 07:00:00,2840,29.35,89.22,,81.42,126.93,2024.0,4
2024-04-28 08:00:00,2841,34.2,67.17,,74.05,,2024.0,4
2024-04-28 09:00:00,2842,34.44,62.45,,70.2,95.2,2024.0,4
2024-04-28 10:00:00,2843,35.0,58.93,,61.79,52.86,2024.0,4
2024-04-28 11:00:00,2844,35.16,53.58,,51.46,23.64,2024.0,4
2024-04-28 12:00:00,2845,35.71,50.9,,49.78,19.78,2024.0,4
2024-04-28 13:00:00,2846,35.96,51.27,,49.31,24.07,2024.0,4
2024-04-28 14:00:00,2847,31.29,72.06,,63.45,48.02,2024.0,4
2024-04-28 15:00:00,2848,28.68,79.99,,69.19,41.18,2024.0,4
2024-04-28 16:00:00,2849,28.01,84.53,,75.02,32.67,2024.0,4
2024-04-28 17:00:00,2850,27.0,93.38,,79.16,38.66,2024.0,4
2024-04-28 18:00:00,2851,26.5,97.12,,81.99,48.22,2024.0,4
2024-04-28 19:00:00,2852,26.3,98.27,,84.29,43.23,2024.0,4
2024-04-28 20:00:00,2853,25.53,99.9,,87.16,48.74,2024.0,4
2024-04-28 21:00:00,2854,25.41,99.9,,85.69,35.56,2024.0,4
2024-04-28 22:00:00,2855,25.07,99.9,,87.76,42.88,2024.0,4
2024-04-28 23:00:00,2856,24.91,99.9,,89.17,52.53,2024.0,4
2024-04-29 00:00:00,2857,24.63,99.9,,90.19,43.16,2024.0,4
2024-04-29 01:00:00,2858,24.21,99.9,,92.25,52.17,2024.0,4
2024-04-29 02:00:00,2859,23.77,99.9,,94.08,65.29,2024.0,4
2024-04-29 03:00:00,2860,23.44,99.9,,96.24,81.89,2024.0,4
2024-04-29 04:00:00,2861,23.2,99.9,,96.1,81.05,2024.0,4
2024-04-29 05:00:00,2862,23.3,99.9,,94.05,63.53,2024.0,4
2024-04-29 06:00:00,2863,24.52,99.9,,88.52,52.84,2024.0,4
2024-04-29 07:00:00,2864,29.83,84.69,,80.76,67.07,2024.0,4
2024-04-29 08:00:00,2865,31.64,73.13,,74.71,53.76,2024.0,4
2024-04-29 09:00:00,2866,31.08,71.06,,68.38,41.32,2024.0,4
2024-04-29 10:00:00,2867,33.36,62.44,,61.24,40.43,2024.0,4
2024-04-29 11:00:00,2868,33.97,59.58,,54.72,37.08,2024.0,4
2024-04-29 12:00:00,2869,35.79,53.21,,49.92,34.71,2024.0,4
2024-04-29 13:00:00,2870,35.61,55.1,,52.1,36.15,2024.0,4
2024-04-29 14:00:00,2871,36.14,52.21,,49.67,34.33,2024.0,4
2024-04-29 15:00:00,2872,34.27,61.51,,63.74,56.33,2024.0,4
2024-04-29 16:00:00,2873,33.17,67.33,,67.11,63.54,2024.0,4
2024-04-29 17:00:00,2874,29.77,83.71,,76.39,48.31,2024.0,4
2024-04-29 18:00:00,2875,28.32,93.44,,80.42,58.59,2024.0,4
2024-04-29 19:00:00,2876,27.11,97.42,,82.4,54.53,2024.0,4
2024-04-29 20:00:00,2877,26.55,98.74,,84.35,58.94,2024.0,4
2024-04-29 21:00:00,2878,25.87,99.9,,87.57,68.24,2024.0,4
2024-04-29 22:00:00,2879,25.17,99.9,,90.61,74.11,2024.0,4
2024-04-29 23:00:00,2880,24.55,99.9,,91.7,58.52,2024.0,4
2024-04-30 00:00:00,2881,24.46,99.9,,89.55,54.56,2024.0,4
2024-04-30 01:00:00,2882,24.04,99.9,,91.22,56.23,2024.0,4
2024-04-30 02:00:00,2883,23.8,99.9,,91.61,59.58,2024.0,4
2024-04-30 03:00:00,2884,23.5,99.9,,91.66,72.71,2024.0,4
2024-04-30 04:00:00,2885,23.35,99.9,,92.29,72.31,2024.0,4
2024-04-30 05:00:00,2886,22.93,99.9,,97.11,107.34,2024.0,4
2024-04-30 06:00:00,2887,23.68,99.9,,91.56,92.09,2024.0,4
2024-04-30 07:00:00,2888,29.85,84.66,,78.34,101.18,2024.0,4
2024-04-30 08:00:00,2889,33.8,63.79,,68.64,83.72,2024.0,4
2024-04-30 09:00:00,2890,34.32,61.68,,66.26,92.9,2024.0,4
2024-04-30 10:00:00,2891,36.82,53.72,,58.95,82.5,2024.0,4
2024-04-30 11:00:00,2892,35.01,56.66,,58.59,72.86,2024.0,4
2024-04-30 12:00:00,2893,32.38,66.48,,59.75,118.48,2024.0,4
2024-04-30 13:00:00,2894,34.08,63.07,,64.02,99.45,2024.0,4
2024-04-30 14:00:00,2895,26.46,98.72,,92.42,72.29,2024.0,4
2024-04-30 15:00:00,2896,28.45,93.56,,77.22,60.23,2024.0,4
2024-04-30 16:00:00,2897,31.7,75.95,,68.28,78.3,2024.0,4
2024-04-30 17:00:00,2898,29.2,85.02,,76.48,61.54,2024.0,4
2024-04-30 18:00:00,2899,27.16,98.63,,83.94,72.43,2024.0,4
2024-04-30 19:00:00,2900,26.08,99.9,,95.02,72.67,2024.0,4
2024-04-30 20:00:00,2901,24.86,99.9,,100.0,35.79,2024.0,4
2024-04-30 21:00:00,2902,24.58,99.9,,100.0,49.92,2024.0,4
2024-04-30 22:00:00,2903,24.44,99.9,,100.0,63.72,2024.0,4
2024-04-30 23:00:00,2904,24.65,99.9,,100.0,69.44,2024.0,4
2024-05-01 00:00:00,2905,24.76,99.9,,99.73,56.7,2024.0,5
2024-05-01 01:00:00,2906,24.32,99.9,,98.45,43.75,2024.0,5
2024-05-01 02:00:00,2907,23.78,99.9,,97.7,66.84,2024.0,5
2024-05-01 03:00:00,2908,23.74,99.9,,96.72,90.73,2024.0,5
2024-05-01 04:00:00,2909,23.61,99.9,,95.25,72.43,2024.0,5
2024-05-01 05:00:00,2910,23.4,99.9,,96.0,82.6,2024.0,5
2024-05-01 06:00:00,2911,24.48,99.9,,90.19,76.17,2024.0,5
2024-05-01 07:00:00,2912,28.66,95.42,,85.46,72.34,2024.0,5
2024-05-01 08:00:00,2913,30.67,82.19,,76.26,83.99,2024.0,5
2024-05-01 09:00:00,2914,31.89,71.68,,70.14,62.97,2024.0,5
2024-05-01 10:00:00,2915,31.78,69.49,,64.04,41.83,2024.0,5
2024-05-01 11:00:00,2916,32.85,64.84,,58.34,40.24,2024.0,5
2024-05-01 12:00:00,2917,33.09,64.03,,58.85,38.93,2024.0,5
2024-05-01 13:00:00,2918,31.12,73.94,,64.12,56.11,2024.0,5
2024-05-01 14:00:00,2919,35.86,59.7,,56.26,57.97,2024.0,5
2024-05-01 15:00:00,2920,32.71,66.9,,66.08,58.57,2024.0,5
2024-05-01 16:00:00,2921,33.08,68.74,,67.84,61.09,2024.0,5
2024-05-01 17:00:00,2922,27.81,98.95,,81.64,65.01,2024.0,5
2024-05-01 18:00:00,2923,26.87,99.9,,85.13,74.69,2024.0,5
2024-05-01 19:00:00,2924,26.69,99.9,,87.69,90.1,2024.0,5
2024-05-01 20:00:00,2925,26.54,99.9,,88.0,90.58,2024.0,5
2024-05-01 21:00:00,2926,25.75,99.9,,91.92,67.44,2024.0,5
2024-05-01 22:00:00,2927,25.32,99.9,,84.3,23.58,2024.0,5
2024-05-01 23:00:00,2928,24.92,99.9,,84.81,18.81,2024.0,5
2024-05-02 00:00:00,2929,24.65,99.9,,85.65,24.12,2024.0,5
2024-05-02 01:00:00,2930,24.36,99.9,,87.32,37.73,2024.0,5
2024-05-02 02:00:00,2931,24.02,99.9,,88.34,35.14,2024.0,5
2024-05-02 03:00:00,2932,23.65,99.9,,89.69,31.84,2024.0,5
2024-05-02 04:00:00,2933,23.4,99.9,,90.31,39.49,2024.0,5
2024-05-02 05:00:00,2934,23.21,99.9,,91.04,42.07,2024.0,5
2024-05-02 06:00:00,2935,23.66,99.9,,90.45,73.99,2024.0,5
2024-05-02 07:00:00,2936,26.6,97.37,,85.8,74.58,2024.0,5
2024-05-02 08:00:00,2937,31.02,75.72,,73.96,61.56,2024.0,5
2024-05-02 09:00:00,2938,35.2,58.71,,65.23,59.04,2024.0,5
2024-05-02 10:00:00,2939,34.32,58.68,,60.55,68.07,2024.0,5
2024-05-02 11:00:00,2940,34.75,57.25,,54.68,60.28,2024.0,5
2024-05-02 12:00:00,2941,34.73,57.78,,53.8,58.36,2024.0,5
2024-05-02 13:00:00,2942,35.0,57.3,,53.72,57.71,2024.0,5
2024-05-02 14:00:00,2943,34.06,59.66,,56.91,55.43,2024.0,5
2024-05-02 15:00:00,2944,33.18,60.4,,58.61,63.83,2024.0,5
2024-05-02 16:00:00,2945,31.58,67.43,,65.83,72.88,2024.0,5
2024-05-02 17:00:00,2946,28.76,80.03,,73.6,65.71,2024.0,5
2024-05-02 18:00:00,2947,27.58,95.52,,79.38,60.8,2024.0,5
2024-05-02 19:00:00,2948,26.86,98.49,,80.69,78.55,2024.0,5
2024-05-02 20:00:00,2949,26.2,99.63,,81.91,92.18,2024.0,5
2024-05-02 21:00:00,2950,25.61,99.9,,84.03,78.68,2024.0,5
2024-05-02 22:00:00,2951,24.97,99.9,,86.79,53.85,2024.0,5
2024-05-02 23:00:00,2952,24.63,99.9,,85.32,43.92,2024.0,5
2024-05-03 00:00:00,2953,24.39,99.9,,87.45,55.68,2024.0,5
2024-05-03 01:00:00,2954,24.04,99.9,,88.63,75.25,2024.0,5
2024-05-03 02:00:00,2955,23.67,99.9,,88.87,59.4,2024.0,5
2024-05-03 03:00:00,2956,23.47,99.9,,90.45,75.56,2024.0,5
2024-05-03 04:00:00,2957,22.98,99.9,,95.1,,2024.0,5
2024-05-03 05:00:00,2958,22.73,99.9,,95.87,,2024.0,5
2024-05-03 06:00:00,2959,24.45,99.9,,88.5,,2024.0,5
2024-05-03 07:00:00,2960,29.58,84.68,,80.21,103.13,2024.0,5
2024-05-03 08:00:00,2961,32.08,68.47,,73.17,73.86,2024.0,5
2024-05-03 09:00:00,2962,33.6,61.16,,67.37,45.52,2024.0,5
2024-05-03 10:00:00,2963,34.8,57.26,,60.72,52.37,2024.0,5
2024-05-03 11:00:00,2964,34.28,55.61,,52.04,45.7,2024.0,5
2024-05-03 12:00:00,2965,35.44,53.6,,50.14,44.37,2024.0,5
2024-05-03 13:00:00,2966,35.48,54.0,,51.76,42.88,2024.0,5
2024-05-03 14:00:00,2967,32.91,60.14,,59.96,46.97,2024.0,5
2024-05-03 15:00:00,2968,31.62,62.71,,61.13,47.12,2024.0,5
2024-05-03 16:00:00,2969,29.92,70.08,,67.15,50.6,2024.0,5
2024-05-03 17:00:00,2970,28.48,81.67,,73.71,45.22,2024.0,5
2024-05-03 18:00:00,2971,27.46,90.38,,77.08,46.85,2024.0,5
2024-05-03 19:00:00,2972,26.76,96.42,,79.98,55.41,2024.0,5
2024-05-03 20:00:00,2973,26.2,99.9,,82.17,57.54,2024.0,5
2024-05-03 21:00:00,2974,25.25,99.9,,87.16,81.3,2024.0,5
2024-05-03 22:00:00,2975,24.99,99.9,,86.43,101.49,2024.0,5
2024-05-03 23:00:00,2976,24.69,99.9,,87.08,93.04,2024.0,5
2024-05-04 00:00:00,2977,24.34,99.9,,87.71,59.36,2024.0,5
2024-05-04 01:00:00,2978,24.1,99.9,,87.77,57.97,2024.0,5
2024-05-04 02:00:00,2979,23.83,99.9,,88.57,55.77,2024.0,5
2024-05-04 03:00:00,2980,23.58,99.9,,87.68,44.42,2024.0,5
2024-05-04 04:00:00,2981,23.34,99.9,,87.65,53.3,2024.0,5
2024-05-04 05:00:00,2982,23.07,99.9,,88.62,62.93,2024.0,5
2024-05-04 06:00:00,2983,24.15,99.83,,84.41,61.25,2024.0,5
2024-05-04 07:00:00,2984,27.86,86.18,,76.76,60.68,2024.0,5
2024-05-04 08:00:00,2985,31.94,67.0,,70.64,93.08,2024.0,5
2024-05-04 09:00:00,2986,34.69,55.57,,63.28,83.83,2024.0,5
2024-05-04 10:00:00,2987,36.35,49.84,,55.23,55.53,2024.0,5
2024-05-04 11:00:00,2988,37.88,45.38,,47.01,60.54,2024.0,5
2024-05-04 12:00:00,2989,37.33,45.25,,46.54,60.26,2024.0,5
2024-05-04 13:00:00,2990,35.82,46.98,,51.46,59.07,2024.0,5
2024-05-04 14:00:00,2991,28.41,79.21,,80.54,69.06,2024.0,5
2024-05-04 15:00:00,2992,22.51,99.9,,99.92,33.11,2024.0,5
2024-05-05 00:00:00,3001,23.34,99.9,,97.08,80.65,2024.0,5
2024-05-05 01:00:00,3002,22.95,99.9,,85.86,40.15,2024.0,5
2024-05-05 02:00:00,3003,22.44,99.9,,87.18,43.79,2024.0,5
2024-05-05 03:00:00,3004,22.16,99.9,,88.26,54.35,2024.0,5
2024-05-05 04:00:00,3005,21.82,99.9,,90.39,66.31,2024.0,5
2024-05-05 05:00:00,3006,21.56,99.9,,92.04,69.66,2024.0,5
2024-05-05 06:00:00,3007,22.3,99.9,,85.73,65.97,2024.0,5
2024-05-05 07:00:00,3008,26.54,90.88,,80.71,88.36,2024.0,5
2024-05-05 09:00:00,3010,34.26,52.36,,60.59,56.88,2024.0,5
2024-05-05 10:00:00,3011,35.57,46.33,,52.6,38.38,2024.0,5
2024-05-05 11:00:00,3012,36.67,46.75,,48.97,50.96,2024.0,5
2024-05-05 12:00:00,3013,37.08,46.13,,47.4,64.88,2024.0,5
2024-05-05 14:00:00,3015,33.31,52.98,,57.5,80.04,2024.0,5
2024-05-05 15:00:00,3016,28.05,77.86,,79.19,60.17,2024.0,5
2024-05-05 16:00:00,3017,28.09,85.87,,80.01,54.38,2024.0,5
2024-05-05 17:00:00,3018,27.19,95.43,,79.05,52.38,2024.0,5
2024-05-05 18:00:00,3019,26.18,99.55,,80.54,71.23,2024.0,5
2024-05-05 20:00:00,3021,25.05,99.8,,81.69,115.85,2024.0,5
2024-05-05 21:00:00,3022,24.27,99.9,,87.79,,2024.0,5
2024-05-05 22:00:00,3023,23.84,99.9,,89.07,123.39,2024.0,5
2024-05-05 23:00:00,3024,23.5,99.9,,89.87,111.33,2024.0,5
2024-05-06 00:00:00,3025,23.12,99.9,,89.0,73.6,2024.0,5
2024-05-06 01:00:00,3026,22.82,99.9,,89.33,75.45,2024.0,5
2024-05-06 04:00:00,3029,22.25,99.9,,89.05,55.04,2024.0,5
2024-05-06 05:00:00,3030,22.12,99.9,,89.24,58.08,2024.0,5
2024-05-06 06:00:00,3031,22.42,99.9,,86.34,55.51,2024.0,5
2024-05-06 07:00:00,3032,27.53,84.3,,78.63,92.87,2024.0,5
2024-05-06 08:00:00,3033,30.1,68.93,,72.58,95.46,2024.0,5
2024-05-06 09:00:00,3034,32.26,57.88,,64.19,56.36,2024.0,5
2024-05-06 10:00:00,3035,33.69,52.95,,56.33,53.37,2024.0,5
2024-05-06 11:00:00,3036,33.72,51.92,,50.55,49.48,2024.0,5
2024-05-06 12:00:00,3037,35.8,47.44,,46.92,50.04,2024.0,5
2024-05-06 13:00:00,3038,37.63,43.28,,44.17,54.0,2024.0,5
2024-05-06 14:00:00,3039,34.3,50.63,,56.19,68.85,2024.0,5
2024-05-06 15:00:00,3040,31.46,64.2,,62.21,87.69,2024.0,5
2024-05-06 16:00:00,3041,28.88,71.95,,69.16,61.88,2024.0,5
2024-05-07 00:00:00,3049,23.23,97.3,,80.31,35.31,2024.0,5
2024-05-07 01:00:00,3050,23.14,92.63,,77.37,22.29,2024.0,5
2024-05-07 02:00:00,3051,22.46,93.37,,78.19,26.8,2024.0,5
2024-05-07 03:00:00,3052,21.86,97.14,,81.12,54.6,2024.0,5
2024-05-07 04:00:00,3053,21.49,99.9,,86.1,84.53,2024.0,5
2024-05-07 05:00:00,3054,21.17,99.59,,85.17,81.31,2024.0,5
2024-05-07 06:00:00,3055,23.37,91.08,,76.03,80.83,2024.0,5
2024-05-07 07:00:00,3056,25.9,82.18,,75.45,,2024.0,5
2024-05-07 08:00:00,3057,31.46,56.03,,61.1,106.89,2024.0,5
2024-05-07 09:00:00,3058,34.16,44.66,,55.73,60.93,2024.0,5
2024-05-07 10:00:00,3059,34.08,43.01,,49.19,42.82,2024.0,5
2024-05-07 11:00:00,3060,35.89,38.56,,39.94,40.83,2024.0,5
2024-05-07 12:00:00,3061,36.01,36.67,,37.99,39.59,2024.0,5
2024-05-07 13:00:00,3062,37.11,32.44,,33.98,14.81,2024.0,5
2024-05-07 14:00:00,3063,38.68,35.18,,39.62,48.11,2024.0,5
2024-05-07 16:00:00,3065,33.2,48.76,,52.74,39.25,2024.0,5
2024-05-07 17:00:00,3066,30.34,60.08,,62.89,64.31,2024.0,5
2024-05-07 18:00:00,3067,28.16,66.96,,67.06,73.41,2024.0,5
2024-05-07 19:00:00,3068,26.26,87.52,,77.76,92.83,2024.0,5
2024-05-07 20:00:00,3069,24.97,99.46,,82.47,106.61,2024.0,5
2024-05-07 21:00:00,3070,24.62,98.17,,81.27,85.66,2024.0,5
2024-05-07 22:00:00,3071,24.3,99.59,,83.27,85.67,2024.0,5
2024-05-07 23:00:00,3072,23.64,99.9,,85.8,79.2,2024.0,5
2024-05-08 00:00:00,3073,23.11,99.9,,86.12,69.78,2024.0,5
2024-05-08 01:00:00,3074,23.04,99.9,,87.15,78.71,2024.0,5
2024-05-08 02:00:00,3075,22.73,99.9,,87.68,65.53,2024.0,5
2024-05-08 03:00:00,3076,22.66,99.9,,87.83,79.7,2024.0,5
2024-05-08 04:00:00,3077,22.36,99.9,,88.49,98.75,2024.0,5
2024-05-08 05:00:00,3078,22.07,99.9,,91.55,,2024.0,5
2024-05-08 06:00:00,3079,22.89,99.83,,85.44,110.78,2024.0,5
2024-05-08 07:00:00,3080,25.81,90.11,,77.28,105.42,2024.0,5
2024-05-08 08:00:00,3081,30.13,70.09,,67.92,120.63,2024.0,5
2024-05-08 09:00:00,3082,34.26,53.16,,61.14,93.22,2024.0,5
2024-05-08 10:00:00,3083,34.69,52.19,,56.27,98.04,2024.0,5
2024-05-08 11:00:00,3084,37.48,44.91,,46.48,83.69,2024.0,5
2024-05-08 12:00:00,3085,37.86,42.27,,45.33,88.89,2024.0,5
2024-05-08 13:00:00,3086,34.12,51.26,,55.65,112.43,2024.0,5
2024-05-08 14:00:00,3087,31.87,61.66,,57.08,115.5,2024.0,5
2024-05-08 15:00:00,3088,29.98,71.33,,69.66,95.72,2024.0,5
2024-05-08 16:00:00,3089,27.54,89.14,,77.77,68.81,2024.0,5
2024-05-08 17:00:00,3090,25.79,99.55,,91.57,72.53,2024.0,5
2024-05-08 18:00:00,3091,25.82,99.35,,84.06,84.33,2024.0,5
2024-05-08 19:00:00,3092,25.55,99.9,,87.97,120.5,2024.0,5
2024-05-08 20:00:00,3093,25.11,99.9,,89.83,,2024.0,5
2024-05-08 21:00:00,3094,24.59,99.9,,91.53,113.58,2024.0,5
2024-05-11 18:00:00,3163,26.62,89.48,,76.41,40.18,2024.0,5
2024-05-11 19:00:00,3164,25.73,99.85,,81.74,40.97,2024.0,5
2024-05-11 20:00:00,3165,25.4,99.9,,83.68,49.11,2024.0,5
2024-05-11 21:00:00,3166,25.01,99.9,,85.2,54.4,2024.0,5
2024-05-11 22:00:00,3167,24.51,99.9,,88.21,74.02,2024.0,5
2024-05-11 23:00:00,3168,24.08,99.9,,90.0,83.73,2024.0,5
2024-05-12 00:00:00,3169,23.52,99.9,,92.48,109.56,2024.0,5
2024-05-12 01:00:00,3170,23.41,99.9,,92.55,119.91,2024.0,5
2024-05-12 02:00:00,3171,23.23,99.9,,93.22,118.81,2024.0,5
2024-05-12 03:00:00,3172,23.17,99.9,,92.76,101.29,2024.0,5
2024-05-12 04:00:00,3173,22.79,99.9,,95.93,119.79,2024.0,5
2024-05-12 05:00:00,3174,22.92,99.9,,95.33,,2024.0,5
2024-05-12 06:00:00,3175,23.32,99.9,,91.85,,2024.0,5
2024-05-12 07:00:00,3176,28.56,89.89,,80.41,83.85,2024.0,5
2024-05-12 08:00:00,3177,33.08,66.3,,71.89,93.07,2024.0,5
2024-05-12 09:00:00,3178,33.52,61.37,,66.9,76.14,2024.0,5
2024-05-12 10:00:00,3179,33.71,55.64,,57.5,49.43,2024.0,5
2024-05-12 11:00:00,3180,33.69,54.44,,50.96,48.14,2024.0,5
2024-05-12 12:00:00,3181,37.43,46.16,,46.27,45.89,2024.0,5
2024-05-12 13:00:00,3182,34.49,53.4,,52.69,48.21,2024.0,5
2024-05-12 14:00:00,3183,32.73,61.25,,60.31,58.3,2024.0,5
2024-05-12 15:00:00,3184,32.03,62.21,,59.02,53.04,2024.0,5
2024-05-12 16:00:00,3185,30.01,68.89,,66.3,47.93,2024.0,5
2024-05-12 17:00:00,3186,28.36,82.21,,73.13,50.45,2024.0,5
2024-05-12 18:00:00,3187,27.34,94.31,,78.12,52.6,2024.0,5
2024-05-12 19:00:00,3188,26.61,99.31,,81.48,62.76,2024.0,5
2024-05-12 20:00:00,3189,26.28,99.9,,82.51,63.84,2024.0,5
2024-05-12 21:00:00,3190,25.96,99.9,,84.21,56.12,2024.0,5
2024-05-12 22:00:00,3191,25.15,99.9,,88.86,65.23,2024.0,5
2024-05-12 23:00:00,3192,24.75,99.9,,90.94,110.13,2024.0,5
2024-05-13 00:00:00,3193,24.49,99.9,,91.71,115.96,2024.0,5
2024-05-13 01:00:00,3194,23.97,99.9,,93.35,113.88,2024.0,5
2024-05-13 02:00:00,3195,23.4,99.9,,94.12,102.95,2024.0,5
2024-05-13 03:00:00,3196,23.32,99.9,,94.2,117.73,2024.0,5
2024-05-13 04:00:00,3197,23.29,99.9,,94.67,117.32,2024.0,5
2024-05-13 05:00:00,3198,23.07,99.9,,95.45,119.87,2024.0,5
2024-05-13 06:00:00,3199,23.95,99.9,,90.29,122.35,2024.0,5
2024-05-13 07:00:00,3200,28.44,90.29,,80.12,106.15,2024.0,5
2024-05-13 08:00:00,3201,31.97,70.5,,73.16,120.03,2024.0,5
2024-05-13 10:00:00,3203,34.1,56.08,,57.16,60.38,2024.0,5
2024-05-13 11:00:00,3204,35.13,52.7,,49.83,44.26,2024.0,5
2024-05-13 12:00:00,3205,32.8,66.68,,62.98,116.17,2024.0,5
2024-05-13 13:00:00,3206,30.43,74.7,,64.75,108.3,2024.0,5
2024-05-13 14:00:00,3207,30.6,71.67,,65.02,69.17,2024.0,5
2024-05-13 15:00:00,3208,29.66,76.37,,68.29,65.65,2024.0,5
2024-05-13 16:00:00,3209,28.98,81.76,,72.31,60.55,2024.0,5
2024-05-13 17:00:00,3210,27.55,91.64,,75.83,54.25,2024.0,5
2024-05-13 18:00:00,3211,26.98,95.18,,78.53,61.28,2024.0,5
2024-05-13 19:00:00,3212,26.16,99.87,,83.83,84.87,2024.0,5
2024-05-13 20:00:00,3213,25.76,99.9,,85.95,84.52,2024.0,5
2024-05-13 21:00:00,3214,25.81,99.9,,85.78,90.1,2024.0,5
2024-05-13 22:00:00,3215,25.38,99.9,,88.07,98.93,2024.0,5
2024-05-13 23:00:00,3216,24.9,99.9,,90.74,107.43,2024.0,5
2024-05-14 00:00:00,3217,24.51,99.9,,92.67,116.69,2024.0,5
2024-05-14 01:00:00,3218,24.41,99.9,,91.78,,2024.0,5
2024-05-14 02:00:00,3219,23.85,99.9,,91.8,113.83,2024.0,5
2024-05-14 03:00:00,3220,23.78,99.9,,90.24,88.41,2024.0,5
2024-05-14 04:00:00,3221,23.22,99.9,,90.52,54.75,2024.0,5
2024-05-14 05:00:00,3222,22.83,99.9,,88.9,48.35,2024.0,5
2024-05-14 06:00:00,3223,23.85,99.9,,84.37,78.18,2024.0,5
2024-05-14 07:00:00,3224,26.38,96.1,,78.81,78.03,2024.0,5
2024-05-14 08:00:00,3225,30.3,78.3,,70.86,96.26,2024.0,5
2024-05-14 09:00:00,3226,33.31,65.02,,64.28,113.17,2024.0,5
2024-05-14 10:00:00,3227,35.86,52.77,,56.87,91.69,2024.0,5
2024-05-14 11:00:00,3228,36.32,48.25,,48.3,68.25,2024.0,5
2024-05-14 12:00:00,3229,34.57,54.08,,55.51,74.17,2024.0,5
2024-05-14 13:00:00,3230,29.35,81.13,,66.58,97.11,2024.0,5
2024-05-14 14:00:00,3231,28.61,84.17,,70.01,63.29,2024.0,5
2024-05-14 15:00:00,3232,29.2,83.22,,71.18,58.46,2024.0,5
2024-05-14 16:00:00,3233,29.56,76.05,,69.88,68.89,2024.0,5
2024-05-14 17:00:00,3234,26.64,98.68,,84.82,102.78,2024.0,5
2024-05-14 18:00:00,3235,25.39,99.9,,88.75,116.8,2024.0,5
2024-05-14 19:00:00,3236,25.51,99.9,,85.55,104.66,2024.0,5
2024-05-14 20:00:00,3237,25.26,99.9,,85.05,93.63,2024.0,5
2024-05-14 21:00:00,3238,24.93,99.9,,87.76,114.57,2024.0,5
2024-05-14 22:00:00,3239,24.28,99.9,,88.18,115.22,2024.0,5
2024-05-14 23:00:00,3240,23.89,99.9,,90.2,120.87,2024.0,5
2024-05-15 00:00:00,3241,23.18,99.9,,87.95,,2024.0,5
2024-05-15 01:00:00,3242,22.93,99.9,,88.99,116.44,2024.0,5
2024-05-15 02:00:00,3243,22.47,99.9,,88.9,116.29,2024.0,5
2024-05-15 03:00:00,3244,22.19,99.9,,90.89,120.23,2024.0,5
2024-05-15 04:00:00,3245,22.05,99.9,,91.88,,2024.0,5
2024-05-15 05:00:00,3246,21.7,99.9,,91.4,,2024.0,5
2024-05-15 06:00:00,3247,22.63,99.9,,88.56,,2024.0,5
2024-05-19 13:00:00,3350,34.13,49.09,33.98,48.85,42.55,2024.0,5
2024-05-19 14:00:00,3351,33.73,51.12,33.5,50.94,45.24,2024.0,5
2024-05-19 15:00:00,3352,31.4,55.27,30.93,55.07,43.52,2024.0,5
2024-05-19 16:00:00,3353,29.52,59.32,28.57,59.69,42.2,2024.0,5
2024-05-19 17:00:00,3354,27.21,64.17,26.2,63.95,48.34,2024.0,5
2024-05-19 18:00:00,3355,26.1,70.1,25.42,67.21,56.24,2024.0,5
2024-05-19 19:00:00,3356,25.49,76.54,24.72,71.12,47.4,2024.0,5
2024-05-19 20:00:00,3357,24.6,88.54,23.82,76.6,31.1,2024.0,5
2024-05-19 21:00:00,3358,24.03,90.92,23.22,77.92,26.82,2024.0,5
2024-05-19 22:00:00,3359,23.18,93.66,22.35,80.19,28.49,2024.0,5
2024-05-19 23:00:00,3360,22.57,95.21,21.78,81.13,25.0,2024.0,5
2024-05-20 00:00:00,3361,22.09,98.16,21.36,82.83,24.99,2024.0,5
2024-05-20 01:00:00,3362,22.25,97.33,21.54,82.03,24.14,2024.0,5
2024-05-20 02:00:00,3363,22.04,97.59,21.26,82.58,27.79,2024.0,5
2024-05-20 03:00:00,3364,21.74,98.69,21.05,82.97,33.59,2024.0,5
2024-05-20 04:00:00,3365,21.86,99.5,21.1,85.76,50.74,2024.0,5
2024-05-20 05:00:00,3366,21.89,99.9,21.1,87.33,56.26,2024.0,5
2024-05-20 06:00:00,3367,22.52,98.33,22.02,82.82,43.16,2024.0,5
2024-05-20 07:00:00,3368,24.94,88.5,23.94,76.25,43.6,2024.0,5
2024-05-20 08:00:00,3369,28.56,69.82,26.22,68.4,54.34,2024.0,5
2024-05-20 09:00:00,3370,34.98,49.32,29.49,59.6,51.59,2024.0,5
2024-05-20 10:00:00,3371,35.47,48.64,31.88,55.71,65.24,2024.0,5
2024-05-20 11:00:00,3372,37.36,44.12,36.49,46.04,62.33,2024.0,5
2024-05-20 12:00:00,3373,37.32,43.55,36.39,46.0,63.97,2024.0,5
2024-05-20 13:00:00,3374,32.14,58.06,31.86,57.12,73.24,2024.0,5
2024-05-20 14:00:00,3375,33.22,56.16,32.35,56.74,58.97,2024.0,5
2024-05-20 15:00:00,3376,31.63,61.07,29.8,63.48,52.97,2024.0,5
2024-05-20 16:00:00,3377,28.2,75.67,27.2,71.09,53.66,2024.0,5
2024-05-20 17:00:00,3378,27.49,80.83,26.65,73.43,47.02,2024.0,5
2024-05-20 18:00:00,3379,26.64,90.44,25.76,78.14,58.96,2024.0,5
2024-05-20 19:00:00,3380,25.77,91.39,25.0,78.25,41.88,2024.0,5
2024-05-20 20:00:00,3381,25.39,93.54,24.64,80.02,47.15,2024.0,5
2024-05-20 21:00:00,3382,24.71,99.35,23.89,84.85,58.73,2024.0,5
2024-05-20 22:00:00,3383,24.61,99.9,23.86,85.03,61.89,2024.0,5
2024-05-20 23:00:00,3384,24.05,99.9,23.21,87.6,54.5,2024.0,5
2024-05-21 00:00:00,3385,23.69,99.9,22.97,88.06,54.06,2024.0,5
2024-05-21 01:00:00,3386,23.22,99.9,22.45,88.54,40.58,2024.0,5
2024-05-21 02:00:00,3387,22.68,99.9,21.88,91.12,41.08,2024.0,5
2024-05-21 03:00:00,3388,22.33,99.9,21.61,92.38,54.29,2024.0,5
2024-05-21 04:00:00,3389,22.05,99.9,21.34,92.6,55.56,2024.0,5
2024-05-21 05:00:00,3390,21.85,99.9,21.14,94.02,66.01,2024.0,5
2024-05-21 06:00:00,3391,22.84,99.9,22.35,90.37,84.42,2024.0,5
2024-05-21 07:00:00,3392,27.39,89.4,24.98,80.51,76.31,2024.0,5
2024-05-21 08:00:00,3393,31.22,69.52,27.34,72.89,121.34,2024.0,5
2024-05-21 09:00:00,3394,35.26,54.66,30.6,63.14,90.52,2024.0,5
2024-05-21 10:00:00,3395,36.78,49.96,32.82,57.36,83.97,2024.0,5
2024-05-21 11:00:00,3396,35.51,51.12,34.73,51.8,70.59,2024.0,5
2024-05-21 12:00:00,3397,35.63,50.42,34.04,53.1,72.7,2024.0,5
2024-05-21 13:00:00,3398,30.69,70.37,32.01,61.06,91.72,2024.0,5
2024-05-21 14:00:00,3399,32.82,61.89,33.48,56.88,62.14,2024.0,5
2024-05-21 15:00:00,3400,31.44,66.86,29.53,67.08,61.93,2024.0,5
2024-05-21 16:00:00,3401,28.39,81.63,27.36,73.36,62.09,2024.0,5
2024-05-21 17:00:00,3402,27.18,93.0,26.41,78.61,60.69,2024.0,5
2024-05-21 18:00:00,3403,26.73,95.6,26.08,80.11,47.85,2024.0,5
2024-05-21 19:00:00,3404,26.26,99.09,25.54,83.16,63.69,2024.0,5
2024-05-21 20:00:00,3405,25.9,99.9,25.23,84.28,71.74,2024.0,5
2024-05-21 21:00:00,3406,25.77,99.9,24.96,84.9,70.9,2024.0,5
2024-05-21 22:00:00,3407,25.26,99.9,24.49,86.95,76.84,2024.0,5
2024-05-21 23:00:00,3408,24.89,99.9,24.03,87.25,78.76,2024.0,5
2024-05-22 00:00:00,3409,24.53,99.9,23.77,88.23,85.78,2024.0,5
2024-05-22 01:00:00,3410,24.63,99.9,23.76,88.57,92.7,2024.0,5
2024-05-22 02:00:00,3411,24.27,99.9,23.34,88.74,76.96,2024.0,5
2024-05-22 03:00:00,3412,23.88,99.9,23.04,90.15,63.93,2024.0,5
2024-05-22 04:00:00,3413,23.51,99.9,22.78,89.55,49.46,2024.0,5
2024-05-22 05:00:00,3414,23.44,99.9,22.65,88.33,42.26,2024.0,5
2024-05-22 06:00:00,3415,23.54,99.9,22.88,87.25,50.58,2024.0,5
2024-05-22 07:00:00,3416,25.03,98.28,24.35,82.83,67.35,2024.0,5
2024-05-22 08:00:00,3417,30.08,76.34,27.45,73.59,98.84,2024.0,5
2024-05-22 09:00:00,3418,33.84,60.82,29.66,67.47,108.9,2024.0,5
2024-05-22 10:00:00,3419,36.21,52.42,32.65,58.69,81.69,2024.0,5
2024-05-22 11:00:00,3420,36.25,49.43,34.73,51.83,73.07,2024.0,5
2024-05-22 12:00:00,3421,36.43,48.21,33.9,53.28,64.86,2024.0,5
2024-05-22 13:00:00,3422,31.12,71.12,32.15,62.88,110.53,2024.0,5
2024-05-22 14:00:00,3423,32.25,64.84,31.42,63.12,76.48,2024.0,5
2024-05-22 15:00:00,3424,28.95,83.21,27.71,75.34,57.71,2024.0,5
2024-05-22 16:00:00,3425,28.11,88.62,27.17,76.96,53.51,2024.0,5
2024-05-22 17:00:00,3426,26.87,94.1,25.95,80.81,50.94,2024.0,5
2024-05-22 18:00:00,3427,26.15,98.91,25.28,84.67,58.94,2024.0,5
2024-05-22 19:00:00,3428,25.74,99.9,24.92,85.63,53.02,2024.0,5
2024-05-22 20:00:00,3429,25.11,99.9,24.26,88.13,54.15,2024.0,5
2024-05-22 21:00:00,3430,24.77,99.9,24.14,89.19,56.72,2024.0,5
2024-05-22 22:00:00,3431,25.16,99.9,24.5,87.62,51.59,2024.0,5
2024-05-22 23:00:00,3432,25.04,99.9,24.23,88.36,55.48,2024.0,5
2024-05-23 00:00:00,3433,24.91,99.26,24.22,83.83,33.71,2024.0,5
2024-05-23 01:00:00,3434,24.83,98.94,23.95,84.94,32.21,2024.0,5
2024-05-23 02:00:00,3435,24.43,99.9,23.58,88.57,37.8,2024.0,5
2024-05-23 03:00:00,3436,24.23,99.9,23.5,89.04,38.61,2024.0,5
2024-05-23 04:00:00,3437,23.98,99.9,23.15,90.69,43.09,2024.0,5
2024-05-23 05:00:00,3438,23.5,99.9,22.69,92.97,53.28,2024.0,5
2024-05-23 06:00:00,3439,23.89,99.9,23.35,91.31,61.32,2024.0,5
2024-05-23 07:00:00,3440,28.14,92.31,26.14,81.48,67.65,2024.0,5
2024-05-23 08:00:00,3441,32.03,72.54,28.53,74.09,91.57,2024.0,5
2024-05-23 09:00:00,3442,35.44,57.68,32.33,61.98,83.38,2024.0,5
2024-05-23 10:00:00,3443,36.15,54.01,32.58,60.29,88.52,2024.0,5
2024-05-23 11:00:00,3444,33.27,61.76,31.8,62.36,102.69,2024.0,5
2024-05-23 12:00:00,3445,33.77,59.77,32.88,59.3,94.34,2024.0,5
2024-05-23 13:00:00,3446,33.62,61.41,33.19,59.36,94.23,2024.0,5
2024-05-23 14:00:00,3447,31.67,67.78,33.21,59.24,66.45,2024.0,5
2024-05-23 15:00:00,3448,30.52,71.93,31.39,63.12,66.62,2024.0,5
2024-05-23 16:00:00,3449,27.98,89.88,27.82,75.43,56.57,2024.0,5
2024-05-23 17:00:00,3450,26.36,99.89,25.72,84.69,66.33,2024.0,5
2024-05-23 18:00:00,3451,25.42,99.9,24.84,88.83,67.54,2024.0,5
2024-05-23 19:00:00,3452,24.8,99.9,23.51,,54.04,2024.0,5
2024-05-23 20:00:00,3453,24.06,99.9,22.88,,48.38,2024.0,5
2024-05-23 21:00:00,3454,23.82,99.9,22.67,,42.41,2024.0,5
2024-05-23 22:00:00,3455,23.66,99.9,22.65,99.52,35.27,2024.0,5
2024-05-23 23:00:00,3456,23.19,99.9,22.2,,34.24,2024.0,5
2024-05-24 00:00:00,3457,23.22,99.9,22.38,,32.25,2024.0,5
2024-05-24 01:00:00,3458,23.3,99.9,22.53,,35.21,2024.0,5
2024-05-24 02:00:00,3459,23.3,99.9,22.58,,38.42,2024.0,5
2024-05-24 03:00:00,3460,23.37,99.9,22.72,99.3,35.33,2024.0,5
2024-05-24 04:00:00,3461,23.54,99.9,22.96,97.61,45.54,2024.0,5
2024-05-24 05:00:00,3462,23.4,99.9,22.8,97.38,39.53,2024.0,5
2024-05-24 06:00:00,3463,23.76,99.9,23.22,96.07,37.29,2024.0,5
2024-05-24 07:00:00,3464,25.93,99.9,24.97,90.43,38.57,2024.0,5
2024-05-24 08:00:00,3465,27.0,99.9,25.95,85.07,36.42,2024.0,5
2024-05-24 09:00:00,3466,31.77,80.14,30.44,70.54,49.78,2024.0,5
2024-05-24 10:00:00,3467,32.54,69.21,31.13,66.12,44.55,2024.0,5
2024-05-24 11:00:00,3468,35.92,58.04,34.36,57.88,39.38,2024.0,5
2024-05-24 12:00:00,3469,32.58,67.28,29.8,69.3,41.28,2024.0,5
2024-05-24 13:00:00,3470,26.6,96.67,25.18,88.56,23.52,2024.0,5
2024-05-24 14:00:00,3471,24.38,99.9,23.25,,32.34,2024.0,5
2024-05-24 15:00:00,3472,25.74,99.9,24.03,96.76,34.37,2024.0,5
2024-05-24 16:00:00,3473,26.31,99.9,24.67,94.02,38.95,2024.0,5
2024-05-24 17:00:00,3474,25.82,99.9,24.7,94.63,47.69,2024.0,5
2024-05-24 18:00:00,3475,25.36,99.9,24.63,91.96,35.64,2024.0,5
2024-05-24 19:00:00,3476,24.1,99.9,23.23,93.97,12.15,2024.0,5
2024-05-24 20:00:00,3477,22.79,99.9,21.8,,13.63,2024.0,5
2024-05-24 21:00:00,3478,22.67,99.9,21.79,,14.49,2024.0,5
2024-05-24 22:00:00,3479,22.68,99.9,21.74,100.0,16.93,2024.0,5
2024-05-24 23:00:00,3480,22.83,99.9,21.76,100.0,15.77,2024.0,5
2024-05-25 00:00:00,3481,22.84,99.9,21.82,100.0,30.98,2024.0,5
2024-05-25 01:00:00,3482,22.83,99.9,21.91,100.0,30.5,2024.0,5
2024-05-25 02:00:00,3483,22.9,99.9,21.95,100.0,30.75,2024.0,5
2024-05-25 03:00:00,3484,22.66,99.9,21.63,100.0,20.45,2024.0,5
2024-05-25 04:00:00,3485,22.69,99.9,21.67,100.0,28.14,2024.0,5
2024-05-25 05:00:00,3486,22.62,99.9,21.64,100.0,32.29,2024.0,5
2024-05-25 06:00:00,3487,22.9,99.9,22.03,100.0,34.47,2024.0,5
2024-05-25 07:00:00,3488,23.85,99.9,22.96,99.75,43.73,2024.0,5
2024-05-25 08:00:00,3489,24.52,99.9,23.43,99.01,35.0,2024.0,5
2024-05-25 09:00:00,3490,27.79,99.48,26.28,91.95,34.75,2024.0,5
2024-05-25 10:00:00,3491,29.87,91.04,29.12,75.13,38.44,2024.0,5
2024-05-25 11:00:00,3492,28.9,90.93,27.49,78.02,37.96,2024.0,5
2024-05-25 12:00:00,3493,27.84,96.3,27.95,76.71,33.04,2024.0,5
2024-05-25 13:00:00,3494,28.04,94.77,29.09,73.06,32.72,2024.0,5
2024-05-25 14:00:00,3495,28.54,92.06,29.65,71.3,31.58,2024.0,5
2024-05-25 15:00:00,3496,28.7,89.97,28.88,72.56,30.89,2024.0,5
2024-05-25 16:00:00,3497,28.06,94.03,27.12,78.77,33.63,2024.0,5
2024-05-25 17:00:00,3498,26.36,99.8,25.35,85.27,31.47,2024.0,5
2024-05-25 18:00:00,3499,25.26,99.9,24.47,90.0,34.66,2024.0,5
2024-05-25 19:00:00,3500,24.58,99.9,23.9,92.4,35.39,2024.0,5
2024-05-25 20:00:00,3501,24.42,99.9,23.75,93.24,37.36,2024.0,5
2024-05-25 21:00:00,3502,24.26,99.9,23.62,93.83,40.15,2024.0,5
2024-05-25 22:00:00,3503,24.21,99.9,23.66,93.24,36.04,2024.0,5
2024-05-25 23:00:00,3504,24.08,99.9,23.47,93.57,39.28,2024.0,5
2024-05-26 00:00:00,3505,23.77,99.9,23.12,93.62,40.07,2024.0,5
2024-05-26 01:00:00,3506,23.31,99.9,22.72,92.26,33.71,2024.0,5
2024-05-26 02:00:00,3507,23.22,99.9,22.56,90.8,26.36,2024.0,5
2024-05-26 03:00:00,3508,22.89,99.9,22.33,91.78,28.52,2024.0,5
2024-05-26 04:00:00,3509,23.07,99.9,22.63,91.25,30.1,2024.0,5
2024-05-26 05:00:00,3510,23.34,99.9,22.74,90.47,31.07,2024.0,5
2024-05-26 06:00:00,3511,23.47,99.9,22.94,89.37,31.94,2024.0,5
2024-05-26 07:00:00,3512,24.91,99.9,24.09,85.95,35.16,2024.0,5
2024-05-26 08:00:00,3513,27.63,93.2,26.53,77.92,35.55,2024.0,5
2024-05-26 09:00:00,3514,33.09,65.52,28.11,72.28,49.28,2024.0,5
2024-05-26 10:00:00,3515,34.74,56.56,30.96,63.01,41.55,2024.0,5
2024-05-26 11:00:00,3516,34.2,55.14,34.26,52.82,33.07,2024.0,5
2024-05-26 12:00:00,3517,35.14,53.67,35.64,50.92,32.45,2024.0,5
2024-05-26 13:00:00,3518,36.18,52.49,36.01,51.35,36.97,2024.0,5
2024-05-26 14:00:00,3519,35.46,54.09,34.34,55.08,37.1,2024.0,5
2024-05-26 15:00:00,3520,29.16,81.2,28.32,72.39,36.61,2024.0,5
2024-05-26 16:00:00,3521,27.21,98.37,26.51,81.31,41.89,2024.0,5
2024-05-26 17:00:00,3522,26.58,99.9,25.87,84.59,46.54,2024.0,5
2024-05-26 18:00:00,3523,26.36,99.41,25.64,81.16,36.78,2024.0,5
2024-05-26 19:00:00,3524,25.79,99.15,25.12,81.44,34.93,2024.0,5
2024-05-26 20:00:00,3525,25.44,99.9,24.73,83.51,38.17,2024.0,5
2024-05-26 21:00:00,3526,24.89,99.9,24.14,84.83,35.14,2024.0,5
2024-05-26 22:00:00,3527,24.18,99.9,23.43,85.97,32.69,2024.0,5
2024-05-26 23:00:00,3528,23.61,99.9,22.89,87.82,31.42,2024.0,5
2024-05-27 00:00:00,3529,23.18,99.9,22.52,89.23,29.09,2024.0,5
2024-05-27 01:00:00,3530,22.88,99.9,22.27,90.97,29.78,2024.0,5
2024-05-27 02:00:00,3531,22.86,99.9,22.17,90.64,31.58,2024.0,5
2024-05-27 03:00:00,3532,22.38,99.9,21.74,93.04,33.81,2024.0,5
2024-05-27 04:00:00,3533,22.35,99.9,21.76,92.59,35.88,2024.0,5
2024-05-27 05:00:00,3534,21.97,99.9,21.31,93.83,41.68,2024.0,5
2024-05-27 06:00:00,3535,23.04,99.9,22.43,93.76,63.18,2024.0,5
2024-05-27 07:00:00,3536,29.2,86.44,26.02,79.8,61.4,2024.0,5
2024-05-27 08:00:00,3537,33.8,60.76,27.69,72.21,57.83,2024.0,5
2024-05-27 09:00:00,3538,35.12,55.62,29.04,68.27,59.17,2024.0,5
2024-05-27 10:00:00,3539,35.49,54.02,32.13,60.02,47.86,2024.0,5
2024-05-27 11:00:00,3540,36.97,50.26,36.32,50.61,44.7,2024.0,5
2024-05-27 12:00:00,3541,35.75,52.54,35.21,52.42,44.31,2024.0,5
2024-05-27 13:00:00,3542,34.5,54.79,34.15,54.11,42.69,2024.0,5
2024-05-27 14:00:00,3543,31.61,62.68,30.32,62.66,42.48,2024.0,5
2024-05-27 15:00:00,3544,28.84,80.73,27.94,72.0,39.31,2024.0,5
2024-05-27 16:00:00,3545,27.11,95.95,25.69,83.76,39.28,2024.0,5
2024-05-27 17:00:00,3546,26.75,99.9,25.85,84.09,52.42,2024.0,5
2024-05-27 18:00:00,3547,25.87,99.9,25.03,86.89,68.99,2024.0,5
2024-05-27 19:00:00,3548,25.41,99.9,24.69,90.58,69.66,2024.0,5
2024-05-27 20:00:00,3549,24.98,99.9,24.32,91.92,84.19,2024.0,5
2024-05-27 21:00:00,3550,24.84,99.9,24.23,92.98,77.35,2024.0,5
2024-05-27 22:00:00,3551,24.69,99.9,23.94,94.44,76.56,2024.0,5
2024-05-27 23:00:00,3552,24.23,99.9,23.61,96.26,86.8,2024.0,5
2024-05-28 00:00:00,3553,24.09,99.9,23.4,96.73,83.91,2024.0,5
2024-05-28 01:00:00,3554,23.78,99.9,23.16,97.67,82.85,2024.0,5
2024-05-28 02:00:00,3555,23.7,99.9,23.02,97.19,88.23,2024.0,5
2024-05-28 03:00:00,3556,23.52,99.9,22.91,97.34,90.12,2024.0,5
2024-05-28 04:00:00,3557,23.46,99.9,22.71,95.77,78.23,2024.0,5
2024-05-28 05:00:00,3558,22.94,99.9,22.1,96.08,78.27,2024.0,5
2024-05-28 06:00:00,3559,23.07,99.9,22.54,89.39,99.68,2024.0,5
2024-05-28 07:00:00,3560,26.8,93.16,25.61,79.08,74.52,2024.0,5
2024-05-28 08:00:00,3561,32.71,67.77,28.92,70.97,99.59,2024.0,5
2024-05-28 09:00:00,3562,35.27,58.22,29.76,68.63,92.33,2024.0,5
2024-05-28 10:00:00,3563,35.62,53.78,31.88,60.69,57.93,2024.0,5
2024-05-28 11:00:00,3564,37.52,47.65,36.69,48.7,53.24,2024.0,5
2024-05-28 12:00:00,3565,37.64,46.57,36.2,49.46,56.55,2024.0,5
2024-05-28 13:00:00,3566,36.02,50.93,34.77,52.82,68.24,2024.0,5
2024-05-28 14:00:00,3567,32.68,60.1,33.64,55.54,68.83,2024.0,5
2024-05-28 17:00:00,3570,29.11,83.04,28.24,73.14,45.69,2024.0,5
2024-05-28 18:00:00,3571,27.64,95.11,26.93,78.81,46.21,2024.0,5
2024-05-28 19:00:00,3572,26.77,99.71,25.85,85.21,57.92,2024.0,5
2024-05-28 20:00:00,3573,25.96,99.9,25.26,86.79,55.31,2024.0,5
2024-05-28 21:00:00,3574,25.63,99.9,24.89,86.81,48.22,2024.0,5
2024-05-28 22:00:00,3575,25.15,99.9,24.44,87.91,45.74,2024.0,5
2024-05-28 23:00:00,3576,25.09,99.9,24.43,87.77,43.18,2024.0,5
2024-05-29 00:00:00,3577,24.39,99.9,23.61,91.43,38.38,2024.0,5
2024-05-29 01:00:00,3578,23.9,99.9,23.16,93.7,43.53,2024.0,5
2024-05-29 02:00:00,3579,23.77,99.9,23.21,94.22,52.91,2024.0,5
2024-05-29 03:00:00,3580,24.11,99.9,23.39,93.74,56.58,2024.0,5
2024-05-29 04:00:00,3581,23.39,99.9,22.57,96.95,63.29,2024.0,5
2024-05-29 05:00:00,3582,22.67,99.9,21.98,96.9,67.62,2024.0,5
2024-05-29 06:00:00,3583,22.69,99.9,22.28,93.14,75.87,2024.0,5
2024-05-29 07:00:00,3584,26.42,96.01,24.99,82.63,70.6,2024.0,5
2024-05-29 08:00:00,3585,32.54,65.8,28.01,71.65,75.21,2024.0,5
2024-05-29 09:00:00,3586,33.29,60.96,28.7,68.98,55.07,2024.0,5
2024-05-29 10:00:00,3587,34.72,55.21,31.97,59.5,52.14,2024.0,5
2024-05-29 11:00:00,3588,37.94,45.36,36.5,47.73,52.07,2024.0,5
2024-05-29 12:00:00,3589,37.41,45.72,35.67,49.16,56.63,2024.0,5
2024-05-29 13:00:00,3590,34.18,55.77,33.26,56.46,86.72,2024.0,5
2024-05-29 14:00:00,3591,32.28,63.24,33.53,57.03,74.24,2024.0,5
2024-05-29 15:00:00,3592,34.53,57.43,34.46,55.54,52.14,2024.0,5
2024-05-29 16:00:00,3593,32.9,64.29,31.2,64.95,49.5,2024.0,5
2024-05-29 17:00:00,3594,29.76,83.64,28.14,75.84,46.31,2024.0,5
2024-05-29 18:00:00,3595,27.53,98.42,26.68,80.95,42.95,2024.0,5
2024-05-29 19:00:00,3596,26.61,99.88,25.68,83.95,42.16,2024.0,5
2024-05-29 20:00:00,3597,25.77,99.9,24.99,86.29,44.57,2024.0,5
2024-05-29 21:00:00,3598,25.61,99.9,24.93,87.17,48.4,2024.0,5
2024-05-29 22:00:00,3599,25.18,99.9,24.39,90.43,64.18,2024.0,5
2024-05-29 23:00:00,3600,24.54,99.9,23.82,89.6,63.79,2024.0,5
2024-05-30 00:00:00,3601,23.98,99.9,23.16,88.52,56.83,2024.0,5
2024-05-30 01:00:00,3602,22.78,99.9,22.08,86.98,46.43,2024.0,5
2024-05-30 02:00:00,3603,22.6,99.9,21.94,85.95,47.92,2024.0,5
2024-05-30 03:00:00,3604,22.7,99.9,22.13,85.29,44.59,2024.0,5
2024-05-30 04:00:00,3605,22.25,99.9,21.42,90.54,54.63,2024.0,5
2024-05-30 05:00:00,3606,21.7,99.9,21.19,93.09,59.61,2024.0,5
2024-05-30 06:00:00,3607,22.44,99.9,21.76,88.76,77.97,2024.0,5
2024-05-30 07:00:00,3608,27.09,89.63,24.37,80.79,92.65,2024.0,5
2024-05-30 08:00:00,3609,31.71,67.46,26.97,74.2,91.21,2024.0,5
2024-05-30 09:00:00,3610,34.21,57.18,28.73,68.14,63.0,2024.0,5
2024-05-30 10:00:00,3611,37.0,46.71,32.91,54.56,46.52,2024.0,5
2024-05-30 11:00:00,3612,38.66,40.46,37.97,42.51,46.71,2024.0,5
2024-05-30 12:00:00,3613,37.87,40.86,37.21,43.2,48.57,2024.0,5
2024-05-30 13:00:00,3614,37.36,41.5,36.97,43.48,49.31,2024.0,5
2024-05-30 14:00:00,3615,34.82,48.66,35.34,48.34,53.48,2024.0,5
2024-05-30 15:00:00,3616,31.94,56.34,33.29,52.56,56.59,2024.0,5
2024-05-30 16:00:00,3617,31.21,62.18,31.13,60.01,62.38,2024.0,5
2024-05-30 17:00:00,3618,29.36,80.26,28.11,72.93,64.08,2024.0,5
2024-05-30 18:00:00,3619,28.11,90.59,27.24,76.69,52.43,2024.0,5
2024-05-30 19:00:00,3620,27.24,98.63,26.31,83.05,52.05,2024.0,5
2024-05-30 20:00:00,3621,26.3,99.9,25.51,87.58,54.74,2024.0,5
2024-05-30 21:00:00,3622,25.89,99.9,25.13,88.8,61.69,2024.0,5
2024-05-30 22:00:00,3623,25.18,99.9,24.43,88.48,67.76,2024.0,5
2024-05-30 23:00:00,3624,24.99,99.9,24.31,88.97,54.85,2024.0,5
2024-05-31 00:00:00,3625,24.89,99.9,24.17,89.44,44.43,2024.0,5
2024-05-31 01:00:00,3626,24.12,99.9,23.32,91.07,53.91,2024.0,5
2024-05-31 02:00:00,3627,23.92,99.9,23.25,91.11,44.31,2024.0,5
2024-05-31 03:00:00,3628,23.27,99.9,22.48,93.36,48.06,2024.0,5
2024-05-31 04:00:00,3629,22.56,99.9,21.94,94.85,65.26,2024.0,5
2024-05-31 05:00:00,3630,22.65,99.9,21.98,93.77,55.12,2024.0,5
2024-05-31 06:00:00,3631,22.92,99.9,22.48,88.88,65.87,2024.0,5
2024-05-31 07:00:00,3632,27.47,95.38,25.21,82.73,66.86,2024.0,5
2024-05-31 08:00:00,3633,31.58,75.12,27.45,77.06,73.21,2024.0,5
2024-05-31 09:00:00,3634,34.7,58.87,29.27,69.48,73.03,2024.0,5
2024-05-31 10:00:00,3635,35.31,53.86,31.76,60.64,59.9,2024.0,5
2024-05-31 11:00:00,3636,35.83,50.98,35.47,51.03,55.34,2024.0,5
2024-05-31 12:00:00,3637,36.66,47.66,36.32,48.17,53.9,2024.0,5
2024-05-31 13:00:00,3638,34.98,46.71,33.96,49.1,44.45,2024.0,5
2024-05-31 14:00:00,3639,29.44,70.06,28.89,65.54,60.5,2024.0,5
2024-05-31 15:00:00,3640,29.97,67.59,29.76,63.3,64.34,2024.0,5
2024-05-31 16:00:00,3641,30.56,67.15,28.98,67.12,61.1,2024.0,5
2024-05-31 17:00:00,3642,28.79,83.45,27.78,74.48,65.03,2024.0,5
2024-05-31 18:00:00,3643,27.48,97.08,26.61,82.4,56.23,2024.0,5
2024-05-31 19:00:00,3644,26.46,99.9,25.76,86.73,49.3,2024.0,5
2024-05-31 20:00:00,3645,26.09,99.9,25.37,87.72,54.36,2024.0,5
2024-05-31 21:00:00,3646,25.69,99.9,24.98,88.39,60.23,2024.0,5
2024-05-31 22:00:00,3647,25.03,99.9,24.26,90.74,78.64,2024.0,5
2024-05-31 23:00:00,3648,24.39,99.9,23.79,91.56,79.34,2024.0,5
2024-06-01 00:00:00,3649,24.73,99.9,24.2,91.05,78.46,2024.0,6
2024-06-01 01:00:00,3650,24.51,99.9,23.76,90.03,58.53,2024.0,6
2024-06-01 02:00:00,3651,23.91,99.9,23.12,92.86,69.54,2024.0,6
2024-06-01 03:00:00,3652,23.02,99.9,22.42,96.16,80.11,2024.0,6
2024-06-01 04:00:00,3653,22.89,99.9,22.31,95.63,77.67,2024.0,6
2024-06-01 05:00:00,3654,22.65,99.9,22.09,95.52,81.05,2024.0,6
2024-06-01 06:00:00,3655,22.8,99.9,22.37,95.86,95.35,2024.0,6
2024-06-01 07:00:00,3656,24.36,99.9,23.86,88.43,93.8,2024.0,6
2024-06-01 08:00:00,3657,29.2,87.65,27.25,76.66,78.49,2024.0,6
2024-06-01 09:00:00,3658,32.44,70.17,28.78,73.09,,2024.0,6
2024-06-01 10:00:00,3659,33.9,60.8,31.23,63.8,80.55,2024.0,6
2024-06-01 11:00:00,3660,35.18,54.91,33.73,56.28,58.72,2024.0,6
2024-06-01 12:00:00,3661,34.51,56.7,32.9,58.46,53.55,2024.0,6
2024-06-01 13:00:00,3662,30.35,79.81,30.58,67.56,72.61,2024.0,6
2024-06-01 14:00:00,3663,28.73,91.87,30.46,69.13,52.4,2024.0,6
2024-06-01 15:00:00,3664,28.85,89.87,30.07,69.46,46.53,2024.0,6
2024-06-01 16:00:00,3665,27.24,96.27,26.92,79.64,47.08,2024.0,6
2024-06-01 17:00:00,3666,25.42,99.9,23.56,98.28,56.51,2024.0,6
2024-06-01 18:00:00,3667,24.69,99.9,23.16,100.0,67.2,2024.0,6
2024-06-01 19:00:00,3668,24.67,99.9,23.39,100.0,51.04,2024.0,6
2024-06-01 20:00:00,3669,24.49,99.9,23.56,98.04,45.1,2024.0,6
2024-06-01 21:00:00,3670,24.25,99.9,23.5,95.29,46.53,2024.0,6
2024-06-01 22:00:00,3671,23.94,99.9,23.43,95.26,48.52,2024.0,6
2024-06-01 23:00:00,3672,24.19,99.9,23.46,94.61,44.38,2024.0,6
2024-06-02 00:00:00,3673,23.68,99.9,23.0,97.06,53.51,2024.0,6
2024-06-02 01:00:00,3674,23.42,99.9,22.89,97.86,62.66,2024.0,6
2024-06-02 02:00:00,3675,23.26,99.9,22.67,98.77,67.46,2024.0,6
2024-06-02 03:00:00,3676,22.95,99.9,22.36,99.79,77.51,2024.0,6
2024-06-02 04:00:00,3677,22.77,99.9,22.32,99.37,79.57,2024.0,6
2024-06-02 05:00:00,3678,23.15,99.9,22.71,96.94,74.55,2024.0,6
2024-06-02 06:00:00,3679,23.22,99.9,22.66,96.95,80.42,2024.0,6
2024-06-02 07:00:00,3680,23.88,99.9,23.2,94.55,84.37,2024.0,6
2024-06-02 08:00:00,3681,28.82,91.86,27.26,80.81,79.81,2024.0,6
2024-06-02 09:00:00,3682,34.47,65.33,29.72,71.68,84.14,2024.0,6
2024-06-02 10:00:00,3683,33.23,65.99,30.41,68.08,70.0,2024.0,6
2024-06-02 11:00:00,3684,33.58,61.34,32.65,59.35,49.34,2024.0,6
2024-06-02 12:00:00,3685,35.17,54.47,34.57,54.12,45.1,2024.0,6
2024-06-02 13:00:00,3686,38.3,45.66,36.91,48.13,41.28,2024.0,6
2024-06-02 14:00:00,3687,35.33,53.73,33.42,56.17,37.69,2024.0,6
2024-06-02 15:00:00,3688,28.43,90.06,27.44,77.92,34.71,2024.0,6
2024-06-02 16:00:00,3689,25.67,99.9,25.13,86.63,40.82,2024.0,6
2024-06-02 17:00:00,3690,25.27,99.9,24.54,87.0,41.84,2024.0,6
2024-06-02 18:00:00,3691,25.0,99.9,24.29,88.14,44.61,2024.0,6
2024-06-02 19:00:00,3692,24.99,99.9,24.33,90.14,53.51,2024.0,6
2024-06-02 20:00:00,3693,25.03,99.9,24.31,91.16,86.25,2024.0,6
2024-06-02 21:00:00,3694,24.88,99.9,24.17,92.21,94.35,2024.0,6
2024-06-02 22:00:00,3695,24.72,99.9,24.02,93.54,94.75,2024.0,6
2024-06-02 23:00:00,3696,24.5,99.9,23.83,95.04,89.11,2024.0,6
2024-06-03 00:00:00,3697,24.17,99.9,23.48,97.31,91.0,2024.0,6
2024-06-03 01:00:00,3698,24.05,99.9,23.37,97.37,84.82,2024.0,6
2024-06-03 02:00:00,3699,24.03,99.9,23.35,97.46,73.33,2024.0,6
2024-06-03 03:00:00,3700,24.03,99.9,23.44,98.25,68.27,2024.0,6
2024-06-03 04:00:00,3701,24.17,99.9,23.52,95.76,52.14,2024.0,6
2024-06-03 05:00:00,3702,23.68,99.9,23.0,96.24,49.83,2024.0,6
2024-06-03 06:00:00,3703,23.98,99.9,23.59,92.27,39.18,2024.0,6
2024-06-03 07:00:00,3704,26.71,98.87,25.79,84.02,36.23,2024.0,6
2024-06-03 08:00:00,3705,31.91,75.19,28.98,72.61,50.55,2024.0,6
2024-06-03 09:00:00,3706,36.27,56.06,32.36,61.9,50.97,2024.0,6
2024-06-03 10:00:00,3707,37.2,48.87,33.79,55.35,43.55,2024.0,6
2024-06-03 11:00:00,3708,36.09,50.78,33.78,55.41,43.93,2024.0,6
2024-06-03 12:00:00,3709,32.66,58.13,31.9,58.28,41.41,2024.0,6
2024-06-03 13:00:00,3710,32.4,62.15,31.94,60.87,43.79,2024.0,6
2024-06-03 14:00:00,3711,27.73,94.64,26.35,81.27,44.32,2024.0,6
2024-06-03 15:00:00,3712,22.96,99.9,21.73,99.99,39.14,2024.0,6
2024-06-03 16:00:00,3713,23.53,99.9,21.99,100.0,30.93,2024.0,6
2024-06-03 17:00:00,3714,23.79,99.9,22.45,100.0,36.36,2024.0,6
2024-06-03 18:00:00,3715,23.89,99.9,22.63,100.0,38.84,2024.0,6
2024-06-03 19:00:00,3716,23.73,99.9,22.69,100.0,51.1,2024.0,6
2024-06-03 20:00:00,3717,23.64,99.9,22.68,100.0,41.96,2024.0,6
2024-06-03 21:00:00,3718,23.4,99.9,22.57,99.97,56.88,2024.0,6
2024-06-03 22:00:00,3719,23.54,99.9,22.92,97.12,51.94,2024.0,6
2024-06-03 23:00:00,3720,23.23,99.9,22.54,97.98,54.62,2024.0,6
2024-06-04 00:00:00,3721,23.02,99.9,22.48,98.05,58.89,2024.0,6
2024-06-04 01:00:00,3722,23.01,99.9,22.61,94.98,38.42,2024.0,6
2024-06-04 02:00:00,3723,22.8,99.9,22.16,95.45,39.88,2024.0,6
2024-06-04 03:00:00,3724,22.18,99.9,21.63,98.62,46.0,2024.0,6
2024-06-04 04:00:00,3725,22.21,99.9,21.9,94.89,34.08,2024.0,6
2024-06-04 05:00:00,3726,22.15,99.9,21.61,94.78,32.04,2024.0,6
2024-06-04 06:00:00,3727,22.19,99.9,21.68,97.69,55.59,2024.0,6
2024-06-04 07:00:00,3728,25.9,98.47,23.37,90.32,51.13,2024.0,6
2024-06-04 08:00:00,3729,31.41,73.97,26.62,76.86,56.8,2024.0,6
2024-06-04 09:00:00,3730,34.46,53.77,28.53,66.09,42.03,2024.0,6
2024-06-04 10:00:00,3731,34.05,48.65,31.14,54.55,27.03,2024.0,6
2024-06-04 11:00:00,3732,33.64,46.39,33.84,46.15,17.34,2024.0,6
2024-06-04 12:00:00,3733,34.38,46.8,34.84,46.22,27.45,2024.0,6
2024-06-04 13:00:00,3734,35.32,46.29,35.57,46.24,23.55,2024.0,6
2024-06-04 14:00:00,3735,34.62,49.65,33.44,52.39,22.72,2024.0,6
2024-06-11 16:00:00,3905,28.75,72.79,,,59.62,2024.0,6
2024-06-11 17:00:00,3906,26.7,82.63,,,54.18,2024.0,6
2024-06-11 18:00:00,3907,26.03,86.49,,,57.71,2024.0,6
2024-06-11 19:00:00,3908,25.19,89.38,,,50.58,2024.0,6
2024-06-11 20:00:00,3909,24.67,94.92,,,57.46,2024.0,6
2024-06-11 21:00:00,3910,23.75,98.87,,,41.59,2024.0,6
2024-06-11 22:00:00,3911,23.82,97.46,,,36.67,2024.0,6
2024-06-11 23:00:00,3912,23.73,98.24,,,44.52,2024.0,6
2024-06-12 00:00:00,3913,23.59,98.4,,,51.66,2024.0,6
2024-06-12 01:00:00,3914,23.39,99.86,,,75.62,2024.0,6
2024-06-12 02:00:00,3915,23.11,100.0,,,58.89,2024.0,6
2024-06-12 03:00:00,3916,23.29,100.0,,,68.88,2024.0,6
2024-06-12 04:00:00,3917,22.83,100.0,,,65.3,2024.0,6
2024-06-12 05:00:00,3918,22.7,100.0,,,83.29,2024.0,6
2024-06-12 06:00:00,3919,22.77,100.0,,,69.59,2024.0,6
2024-06-12 07:00:00,3920,25.98,85.16,,,71.17,2024.0,6
2024-06-12 08:00:00,3921,28.78,73.25,,,75.48,2024.0,6
2024-06-12 10:00:00,3923,34.25,54.9,,,32.78,2024.0,6
2024-06-12 11:00:00,3924,34.74,52.83,,,34.9,2024.0,6
2024-06-12 12:00:00,3925,33.37,57.6,,,43.9,2024.0,6
2024-06-12 13:00:00,3926,33.22,56.96,,,56.63,2024.0,6
2024-06-12 14:00:00,3927,29.54,67.6,,,55.07,2024.0,6
2024-06-12 15:00:00,3928,29.13,70.51,,,49.1,2024.0,6
2024-06-12 16:00:00,3929,25.75,81.3,,,30.23,2024.0,6
2024-06-12 17:00:00,3930,24.92,86.44,,,26.69,2024.0,6
2024-06-12 18:00:00,3931,24.56,86.14,,,20.64,2024.0,6
2024-06-12 19:00:00,3932,24.3,88.53,,,25.19,2024.0,6
2024-06-12 20:00:00,3933,23.94,92.38,,,32.38,2024.0,6
2024-06-12 21:00:00,3934,23.72,93.82,,,40.15,2024.0,6
2024-06-12 22:00:00,3935,23.55,94.91,,,55.1,2024.0,6
2024-06-12 23:00:00,3936,23.36,96.19,,,57.4,2024.0,6
2024-06-13 00:00:00,3937,22.91,99.0,,,73.39,2024.0,6
2024-06-13 01:00:00,3938,22.82,99.92,,,76.11,2024.0,6
2024-06-13 02:00:00,3939,22.59,99.59,,,54.0,2024.0,6
2024-06-13 03:00:00,3940,22.8,98.15,,,64.32,2024.0,6
2024-06-13 04:00:00,3941,22.8,98.74,,,66.78,2024.0,6
2024-06-13 05:00:00,3942,22.53,99.9,,,68.16,2024.0,6
2024-06-13 06:00:00,3943,22.51,99.76,,,65.15,2024.0,6
2024-06-13 07:00:00,3944,25.67,86.25,,,70.12,2024.0,6
2024-06-13 08:00:00,3945,28.26,76.11,,,101.83,2024.0,6
2024-06-13 09:00:00,3946,29.84,68.71,,,66.57,2024.0,6
2024-06-13 10:00:00,3947,33.82,56.64,,,39.77,2024.0,6
2024-06-13 11:00:00,3948,32.75,57.1,,,39.48,2024.0,6
2024-06-13 12:00:00,3949,29.89,66.53,,,47.97,2024.0,6
2024-06-13 13:00:00,3950,30.23,65.97,,,53.62,2024.0,6
2024-06-13 14:00:00,3951,31.58,61.02,,,35.8,2024.0,6
2024-06-13 15:00:00,3952,30.75,64.28,,,33.9,2024.0,6
2024-06-13 16:00:00,3953,31.19,64.41,,,36.63,2024.0,6
2024-06-13 17:00:00,3954,29.1,73.63,,,41.43,2024.0,6
2024-06-13 19:00:00,3956,25.33,88.67,,,40.25,2024.0,6
2024-06-13 20:00:00,3957,24.74,92.66,,,44.15,2024.0,6
2024-06-13 21:00:00,3958,24.22,95.82,,,62.58,2024.0,6
2024-06-13 22:00:00,3959,24.0,97.18,,,74.79,2024.0,6
2024-06-13 23:00:00,3960,23.48,97.74,,,93.57,2024.0,6
2024-06-14 00:00:00,3961,22.96,93.88,,,88.28,2024.0,6
2024-06-14 01:00:00,3962,22.86,91.27,,,62.11,2024.0,6
2024-06-14 02:00:00,3963,23.03,92.6,,,81.94,2024.0,6
2024-06-14 03:00:00,3964,22.35,92.86,,,71.98,2024.0,6
2024-06-14 04:00:00,3965,21.92,93.52,,,51.08,2024.0,6
2024-06-14 05:00:00,3966,21.98,96.35,,,58.98,2024.0,6
2024-06-14 06:00:00,3967,22.13,95.3,,,82.76,2024.0,6
2024-06-14 07:00:00,3968,26.0,80.75,,,86.91,2024.0,6
2024-06-14 08:00:00,3969,30.87,65.26,,,93.6,2024.0,6
2024-06-14 09:00:00,3970,32.19,61.28,,,94.37,2024.0,6
2024-06-14 10:00:00,3971,35.37,52.82,,,54.97,2024.0,6
2024-06-14 11:00:00,3972,35.81,51.39,,,55.86,2024.0,6
2024-06-14 12:00:00,3973,34.26,53.83,,,69.6,2024.0,6
2024-06-14 13:00:00,3974,32.44,60.21,,,47.17,2024.0,6
2024-06-14 14:00:00,3975,32.24,60.66,,,34.57,2024.0,6
2024-06-14 15:00:00,3976,30.88,62.85,,,32.5,2024.0,6
2024-06-14 16:00:00,3977,30.85,62.93,,,33.8,2024.0,6
2024-06-14 17:00:00,3978,28.05,74.07,,,50.31,2024.0,6
2024-06-14 18:00:00,3979,26.73,82.86,,,37.48,2024.0,6
2024-06-14 19:00:00,3980,25.44,90.06,,,42.35,2024.0,6
2024-06-14 20:00:00,3981,24.64,90.17,,,36.55,2024.0,6
2024-06-14 21:00:00,3982,24.38,88.6,,,31.99,2024.0,6
2024-06-14 22:00:00,3983,24.65,85.97,,,34.3,2024.0,6
2024-06-14 23:00:00,3984,24.36,88.87,,,48.75,2024.0,6
2024-06-15 00:00:00,3985,24.01,91.44,,,72.03,2024.0,6
2024-06-15 01:00:00,3986,24.12,92.34,,,70.6,2024.0,6
2024-06-15 02:00:00,3987,24.1,93.08,,,79.95,2024.0,6
2024-06-15 03:00:00,3988,23.75,94.53,,,48.68,2024.0,6
2024-06-15 04:00:00,3989,23.17,97.99,,,52.28,2024.0,6
2024-06-15 05:00:00,3990,23.04,99.2,,,70.19,2024.0,6
2024-06-15 06:00:00,3991,23.35,97.26,,,76.31,2024.0,6
2024-06-15 07:00:00,3992,24.57,92.38,,,,2024.0,6
2024-06-15 08:00:00,3993,30.29,69.58,,,79.74,2024.0,6
2024-06-15 09:00:00,3994,34.15,57.57,,,60.67,2024.0,6
2024-06-15 10:00:00,3995,34.05,55.16,,,49.8,2024.0,6
2024-06-15 11:00:00,3996,32.97,55.97,,,40.73,2024.0,6
2024-06-15 12:00:00,3997,34.25,52.91,,,38.67,2024.0,6
2024-06-15 13:00:00,3998,34.21,54.59,,,41.57,2024.0,6
2024-06-15 14:00:00,3999,29.49,69.89,,,44.71,2024.0,6
2024-06-15 15:00:00,4000,27.54,77.6,,,50.84,2024.0,6
2024-06-15 16:00:00,4001,27.37,77.99,,,57.4,2024.0,6
2024-06-15 17:00:00,4002,26.66,79.9,,,83.21,2024.0,6
2024-06-15 18:00:00,4003,26.06,84.97,,,,2024.0,6
2024-06-15 19:00:00,4004,26.1,85.43,,,,2024.0,6
2024-06-15 20:00:00,4005,26.07,85.06,,,93.78,2024.0,6
2024-06-15 21:00:00,4006,25.71,89.94,,,87.01,2024.0,6
2024-06-15 22:00:00,4007,25.26,92.31,,,62.89,2024.0,6
2024-06-15 23:00:00,4008,24.88,90.37,,,80.87,2024.0,6
2024-06-16 00:00:00,4009,24.71,91.29,,,87.64,2024.0,6
2024-06-16 01:00:00,4010,24.24,93.78,,,102.76,2024.0,6
2024-06-16 02:00:00,4011,23.98,92.62,,,55.68,2024.0,6
2024-06-16 03:00:00,4012,23.67,93.26,,,63.23,2024.0,6
2024-06-16 04:00:00,4013,22.95,97.1,,,71.91,2024.0,6
2024-06-16 05:00:00,4014,22.75,96.86,,,65.75,2024.0,6
2024-06-16 06:00:00,4015,23.02,97.75,,,101.72,2024.0,6
2024-06-16 07:00:00,4016,25.3,85.97,,,81.87,2024.0,6
2024-06-16 08:00:00,4017,30.12,68.9,,,91.8,2024.0,6
2024-06-16 09:00:00,4018,32.99,60.82,,,103.97,2024.0,6
2024-06-16 10:00:00,4019,36.35,51.27,,,80.87,2024.0,6
2024-06-16 11:00:00,4020,36.88,46.11,,,40.0,2024.0,6
2024-06-16 12:00:00,4021,36.67,44.61,,,25.97,2024.0,6
2024-06-16 13:00:00,4022,36.26,46.87,,,34.73,2024.0,6
2024-06-16 14:00:00,4023,30.59,67.0,,,69.97,2024.0,6
2024-06-16 15:00:00,4024,29.32,71.36,,,65.13,2024.0,6
2024-06-16 16:00:00,4025,28.87,72.72,,,67.93,2024.0,6
2024-06-16 17:00:00,4026,27.56,73.84,,,54.21,2024.0,6
2024-06-16 18:00:00,4027,27.18,76.7,,,60.3,2024.0,6
2024-06-16 19:00:00,4028,26.69,81.41,,,47.75,2024.0,6
2024-06-16 20:00:00,4029,26.07,85.02,,,47.39,2024.0,6
2024-06-16 21:00:00,4030,25.31,88.07,,,53.71,2024.0,6
2024-06-16 22:00:00,4031,24.91,88.74,,,56.0,2024.0,6
2024-06-16 23:00:00,4032,24.37,87.08,,,34.97,2024.0,6
2024-06-17 00:00:00,4033,23.49,88.66,,,31.29,2024.0,6
2024-06-17 01:00:00,4034,22.96,91.54,,,39.02,2024.0,6
2024-06-17 02:00:00,4035,22.38,92.63,,,32.81,2024.0,6
2024-06-17 03:00:00,4036,21.98,93.73,,,45.43,2024.0,6
2024-06-17 04:00:00,4037,21.66,95.07,,,52.28,2024.0,6
2024-06-17 05:00:00,4038,21.24,92.52,,,32.72,2024.0,6
2024-06-17 06:00:00,4039,21.89,92.15,,,55.3,2024.0,6
2024-06-17 07:00:00,4040,27.8,69.52,,,69.1,2024.0,6
2024-06-17 08:00:00,4041,31.74,57.56,,,63.03,2024.0,6
2024-06-17 09:00:00,4042,32.61,51.84,,,37.14,2024.0,6
2024-06-17 10:00:00,4043,33.85,47.59,,,25.63,2024.0,6
2024-06-17 11:00:00,4044,35.42,43.56,,,20.8,2024.0,6
2024-06-17 12:00:00,4045,36.07,42.57,,,20.53,2024.0,6
2024-06-17 13:00:00,4046,34.01,48.72,,,38.97,2024.0,6
2024-06-17 14:00:00,4047,30.67,61.21,,,46.43,2024.0,6
2024-06-17 15:00:00,4048,30.68,61.53,,,42.9,2024.0,6
2024-06-17 16:00:00,4049,28.68,69.33,,,52.7,2024.0,6
2024-06-17 17:00:00,4050,27.8,72.49,,,50.63,2024.0,6
2024-06-17 18:00:00,4051,27.18,75.05,,,62.73,2024.0,6
2024-06-17 19:00:00,4052,25.85,81.8,,,56.3,2024.0,6
2024-06-17 20:00:00,4053,25.27,82.56,,,50.37,2024.0,6
2024-06-17 21:00:00,4054,24.84,83.65,,,56.82,2024.0,6
2024-06-17 22:00:00,4055,24.45,86.35,,,73.16,2024.0,6
2024-06-17 23:00:00,4056,23.98,89.27,,,75.89,2024.0,6
2024-06-18 00:00:00,4057,23.45,92.05,,,81.09,2024.0,6
2024-06-18 01:00:00,4058,22.94,94.94,,,96.48,2024.0,6
2024-06-18 02:00:00,4059,22.55,95.27,,,97.59,2024.0,6
2024-06-18 03:00:00,4060,22.54,94.41,,,81.18,2024.0,6
2024-06-18 04:00:00,4061,22.16,97.14,,,83.68,2024.0,6
2024-06-18 05:00:00,4062,22.01,97.59,,,99.65,2024.0,6
2024-06-18 06:00:00,4063,22.34,93.95,,,80.68,2024.0,6
2024-06-18 07:00:00,4064,24.27,84.78,,,78.71,2024.0,6
2024-06-18 08:00:00,4065,28.16,71.48,,,,2024.0,6
2024-06-18 09:00:00,4066,32.13,59.93,,,81.3,2024.0,6
2024-06-18 10:00:00,4067,31.4,60.49,,,69.63,2024.0,6
2024-06-18 11:00:00,4068,32.88,56.94,,,57.4,2024.0,6
2024-06-18 12:00:00,4069,33.95,53.09,,,34.3,2024.0,6
2024-06-18 13:00:00,4070,32.74,57.55,,,59.86,2024.0,6
2024-06-18 14:00:00,4071,28.04,74.4,,,81.77,2024.0,6
2024-06-18 15:00:00,4072,31.35,63.45,,,50.37,2024.0,6
2024-06-18 16:00:00,4073,29.68,68.23,,,48.97,2024.0,6
2024-06-18 17:00:00,4074,27.13,79.68,,,55.97,2024.0,6
2024-06-18 18:00:00,4075,25.81,87.95,,,50.0,2024.0,6
2024-06-18 19:00:00,4076,25.65,89.68,,,65.03,2024.0,6
2024-06-18 20:00:00,4077,25.32,89.52,,,55.5,2024.0,6
2024-06-18 21:00:00,4078,25.03,90.46,,,64.39,2024.0,6
2024-06-18 22:00:00,4079,24.73,91.76,,,75.73,2024.0,6
2024-06-18 23:00:00,4080,24.58,93.12,,,74.66,2024.0,6
2024-06-19 00:00:00,4081,24.16,93.4,,,62.49,2024.0,6
2024-06-19 01:00:00,4082,23.54,94.56,,,61.89,2024.0,6
2024-06-19 02:00:00,4083,23.18,96.06,,,72.4,2024.0,6
2024-06-19 03:00:00,4084,22.62,97.61,,,64.34,2024.0,6
2024-06-19 04:00:00,4085,22.33,98.82,,,80.8,2024.0,6
2024-06-19 05:00:00,4086,21.77,100.0,,,95.23,2024.0,6
2024-06-19 06:00:00,4087,21.5,100.0,,,101.57,2024.0,6
2024-06-19 07:00:00,4088,24.8,87.28,,,100.66,2024.0,6
2024-06-19 08:00:00,4089,28.22,70.61,,,74.0,2024.0,6
2024-06-19 09:00:00,4090,28.55,69.62,,,68.53,2024.0,6
2024-06-19 10:00:00,4091,34.45,52.34,,,46.57,2024.0,6
2024-06-19 11:00:00,4092,34.96,49.5,,,42.17,2024.0,6
2024-06-19 12:00:00,4093,35.92,47.57,,,38.67,2024.0,6
2024-06-19 13:00:00,4094,37.46,44.17,,,39.97,2024.0,6
2024-06-19 14:00:00,4095,36.39,45.44,,,38.97,2024.0,6
2024-06-19 15:00:00,4096,31.56,55.01,,,40.78,2024.0,6
2024-06-19 16:00:00,4097,29.26,63.68,,,43.72,2024.0,6
2024-06-19 17:00:00,4098,27.86,67.74,,,47.1,2024.0,6
2024-06-19 18:00:00,4099,26.5,70.99,,,53.47,2024.0,6
2024-06-19 19:00:00,4100,25.43,76.98,,,54.18,2024.0,6
2024-06-19 20:00:00,4101,24.46,85.1,,,46.79,2024.0,6
2024-06-19 21:00:00,4102,23.76,88.38,,,53.72,2024.0,6
2024-06-19 22:00:00,4103,23.44,83.34,,,31.02,2024.0,6
2024-06-19 23:00:00,4104,22.95,84.39,,,29.44,2024.0,6
2024-06-20 00:00:00,4105,22.31,87.82,,,31.24,2024.0,6
2024-06-20 01:00:00,4106,21.82,88.0,,,30.77,2024.0,6
2024-06-20 02:00:00,4107,21.58,85.58,,,27.85,2024.0,6
2024-06-20 03:00:00,4108,20.89,87.24,,,31.14,2024.0,6
2024-06-20 04:00:00,4109,19.88,92.34,,,47.32,2024.0,6
2024-06-20 05:00:00,4110,19.31,93.11,,,84.71,2024.0,6
2024-06-20 06:00:00,4111,19.84,90.49,,,103.28,2024.0,6
2024-06-20 07:00:00,4112,25.53,68.79,,,,2024.0,6
2024-06-20 08:00:00,4113,29.49,57.39,,,75.17,2024.0,6
2024-06-20 09:00:00,4114,31.8,51.46,,,50.44,2024.0,6
2024-06-20 10:00:00,4115,33.58,44.23,,,32.79,2024.0,6
2024-06-20 11:00:00,4116,33.87,44.23,,,33.2,2024.0,6
2024-06-20 12:00:00,4117,34.91,44.02,,,34.67,2024.0,6
2024-06-20 13:00:00,4118,34.59,45.62,,,36.67,2024.0,6
2024-06-20 14:00:00,4119,31.68,53.18,,,52.79,2024.0,6
2024-06-20 15:00:00,4120,32.7,54.07,,,66.53,2024.0,6
2024-06-20 16:00:00,4121,32.23,54.77,,,43.73,2024.0,6
2024-06-20 17:00:00,4122,28.11,66.19,,,49.23,2024.0,6
2024-06-20 18:00:00,4123,26.89,70.28,,,56.83,2024.0,6
2024-06-20 19:00:00,4124,26.09,71.81,,,54.86,2024.0,6
2024-06-20 20:00:00,4125,25.22,73.22,,,54.3,2024.0,6
2024-06-20 21:00:00,4126,24.86,75.19,,,69.93,2024.0,6
2024-06-20 22:00:00,4127,24.17,79.27,,,68.83,2024.0,6
2024-06-20 23:00:00,4128,23.32,83.4,,,72.99,2024.0,6
2024-06-21 00:00:00,4129,22.63,87.07,,,69.34,2024.0,6
2024-06-21 01:00:00,4130,22.34,89.8,,,73.15,2024.0,6
2024-06-21 02:00:00,4131,21.83,92.55,,,86.76,2024.0,6
2024-06-21 03:00:00,4132,21.49,94.09,,,69.84,2024.0,6
2024-06-21 04:00:00,4133,21.01,96.01,,,79.02,2024.0,6
2024-06-21 05:00:00,4134,20.73,93.86,,,81.0,2024.0,6
2024-06-21 06:00:00,4135,21.11,92.87,,,92.9,2024.0,6
2024-06-21 07:00:00,4136,26.49,72.48,,,103.52,2024.0,6
2024-06-21 08:00:00,4137,29.46,61.84,,,64.0,2024.0,6
2024-06-21 09:00:00,4138,32.86,52.96,,,55.17,2024.0,6
2024-06-21 10:00:00,4139,34.51,47.58,,,48.93,2024.0,6
2024-06-21 11:00:00,4140,35.07,43.12,,,39.43,2024.0,6
2024-06-21 12:00:00,4141,36.16,35.2,,,21.03,2024.0,6
2024-06-21 13:00:00,4142,37.23,34.99,,,21.03,2024.0,6
2024-06-21 14:00:00,4143,36.74,36.0,,,21.4,2024.0,6
2024-06-21 15:00:00,4144,32.43,54.02,,,71.6,2024.0,6
2024-06-21 16:00:00,4145,31.25,57.12,,,51.1,2024.0,6
2024-06-21 17:00:00,4146,29.09,62.06,,,39.55,2024.0,6
2024-06-21 18:00:00,4147,27.71,69.74,,,48.77,2024.0,6
2024-06-21 19:00:00,4148,26.0,80.91,,,46.02,2024.0,6
2024-06-21 20:00:00,4149,25.04,87.04,,,50.21,2024.0,6
2024-06-21 21:00:00,4150,24.92,87.42,,,57.98,2024.0,6
2024-06-21 22:00:00,4151,24.26,87.23,,,53.06,2024.0,6
2024-06-21 23:00:00,4152,23.58,85.21,,,37.75,2024.0,6
2024-06-22 00:00:00,4153,22.92,88.81,,,54.18,2024.0,6
2024-06-22 01:00:00,4154,22.66,90.94,,,71.13,2024.0,6
2024-06-22 02:00:00,4155,22.6,88.8,,,60.9,2024.0,6
2024-06-22 03:00:00,4156,21.68,91.01,,,39.98,2024.0,6
2024-06-22 04:00:00,4157,21.1,90.99,,,58.98,2024.0,6
2024-06-22 05:00:00,4158,20.49,88.35,,,58.51,2024.0,6
2024-06-22 06:00:00,4159,20.68,89.06,,,79.71,2024.0,6
2024-06-22 07:00:00,4160,25.82,70.87,,,76.74,2024.0,6
2024-06-22 08:00:00,4161,28.52,62.25,,,58.23,2024.0,6
2024-06-22 09:00:00,4162,30.86,55.86,,,53.9,2024.0,6
2024-06-22 10:00:00,4163,31.87,49.52,,,35.77,2024.0,6
2024-06-22 11:00:00,4164,32.57,45.92,,,30.87,2024.0,6
2024-06-22 12:00:00,4165,33.04,43.09,,,25.7,2024.0,6
2024-06-22 13:00:00,4166,33.87,41.46,,,26.47,2024.0,6
2024-06-22 14:00:00,4167,34.25,41.92,,,26.4,2024.0,6
2024-06-22 15:00:00,4168,33.09,43.86,,,30.76,2024.0,6
2024-06-22 16:00:00,4169,31.07,49.26,,,37.73,2024.0,6
2024-06-22 17:00:00,4170,27.97,59.62,,,45.77,2024.0,6
2024-06-22 18:00:00,4171,25.88,68.15,,,51.86,2024.0,6
2024-06-22 19:00:00,4172,24.76,72.65,,,46.63,2024.0,6
2024-06-22 20:00:00,4173,23.78,74.81,,,42.76,2024.0,6
2024-06-22 21:00:00,4174,23.11,75.72,,,41.4,2024.0,6
2024-06-22 22:00:00,4175,22.29,79.58,,,43.07,2024.0,6
2024-06-22 23:00:00,4176,21.88,80.04,,,40.63,2024.0,6
2024-06-23 00:00:00,4177,21.09,81.96,,,55.21,2024.0,6
2024-06-23 01:00:00,4178,20.14,85.96,,,92.97,2024.0,6
2024-06-23 02:00:00,4179,19.82,89.02,,,89.09,2024.0,6
2024-06-23 03:00:00,4180,19.0,91.37,,,84.82,2024.0,6
2024-06-23 04:00:00,4181,18.94,90.71,,,97.13,2024.0,6
2024-06-23 05:00:00,4182,18.28,91.3,,,87.95,2024.0,6
2024-06-23 06:00:00,4183,18.35,85.51,,,97.68,2024.0,6
2024-06-23 07:00:00,4184,23.26,67.16,,,,2024.0,6
2024-06-23 08:00:00,4185,28.13,59.5,,,95.2,2024.0,6
2024-06-23 09:00:00,4186,29.58,54.58,,,31.0,2024.0,6
2024-06-23 10:00:00,4187,30.22,53.25,,,29.87,2024.0,6
2024-06-23 11:00:00,4188,31.17,52.24,,,32.76,2024.0,6
2024-06-23 12:00:00,4189,31.22,51.26,,,31.13,2024.0,6
2024-06-23 13:00:00,4190,31.9,48.79,,,27.87,2024.0,6
2024-06-23 14:00:00,4191,32.44,47.0,,,19.27,2024.0,6
2024-06-23 15:00:00,4192,32.22,48.57,,,19.41,2024.0,6
2024-06-23 16:00:00,4193,30.98,51.76,,,20.1,2024.0,6
2024-06-23 17:00:00,4194,28.33,60.23,,,30.83,2024.0,6
2024-06-23 18:00:00,4195,26.16,70.3,,,42.21,2024.0,6
2024-06-23 19:00:00,4196,25.2,74.96,,,46.3,2024.0,6
2024-06-23 20:00:00,4197,24.69,76.87,,,48.59,2024.0,6
2024-06-23 21:00:00,4198,24.08,80.12,,,45.3,2024.0,6
2024-06-23 22:00:00,4199,23.5,83.96,,,60.64,2024.0,6
2024-06-23 23:00:00,4200,23.19,84.61,,,66.17,2024.0,6
2024-06-24 00:00:00,4201,22.85,85.56,,,55.52,2024.0,6
2024-06-24 01:00:00,4202,22.15,89.09,,,59.49,2024.0,6
2024-06-24 02:00:00,4203,21.51,89.74,,,73.59,2024.0,6
2024-06-24 03:00:00,4204,21.27,92.13,,,56.32,2024.0,6
2024-06-24 04:00:00,4205,21.03,92.19,,,68.38,2024.0,6
2024-06-24 05:00:00,4206,20.74,90.36,,,56.37,2024.0,6
2024-06-24 06:00:00,4207,21.56,88.3,,,66.78,2024.0,6
2024-06-24 07:00:00,4208,26.73,72.08,,,96.84,2024.0,6
2024-06-24 08:00:00,4209,30.33,61.46,,,55.3,2024.0,6
2024-06-24 09:00:00,4210,31.09,60.27,,,55.63,2024.0,6
2024-06-24 10:00:00,4211,31.15,61.9,,,56.1,2024.0,6
2024-06-24 11:00:00,4212,31.3,61.8,,,39.23,2024.0,6
2024-06-24 12:00:00,4213,33.06,56.38,,,34.66,2024.0,6
2024-06-24 13:00:00,4214,34.39,52.6,,,22.63,2024.0,6
2024-06-24 14:00:00,4215,32.65,57.46,,,26.73,2024.0,6
2024-06-24 15:00:00,4216,31.19,62.85,,,25.33,2024.0,6
2024-06-24 16:00:00,4217,29.94,66.15,,,31.07,2024.0,6
2024-06-24 17:00:00,4218,27.52,74.67,,,35.63,2024.0,6
2024-06-24 18:00:00,4219,26.32,80.66,,,30.3,2024.0,6
2024-06-24 19:00:00,4220,25.6,82.87,,,28.7,2024.0,6
2024-06-24 20:00:00,4221,25.02,83.65,,,21.98,2024.0,6
2024-06-24 21:00:00,4222,24.46,85.32,,,16.44,2024.0,6
2024-06-24 22:00:00,4223,24.12,86.79,,,20.63,2024.0,6
2024-06-24 23:00:00,4224,23.53,89.91,,,27.59,2024.0,6
2024-06-25 00:00:00,4225,23.25,90.78,,,33.28,2024.0,6
2024-06-25 01:00:00,4226,23.01,90.72,,,29.03,2024.0,6
2024-06-25 02:00:00,4227,22.52,92.63,,,31.29,2024.0,6
2024-06-25 03:00:00,4228,22.05,95.52,,,41.63,2024.0,6
2024-06-25 04:00:00,4229,21.68,97.41,,,56.12,2024.0,6
2024-06-25 05:00:00,4230,21.36,98.1,,,78.51,2024.0,6
2024-06-25 06:00:00,4231,21.82,96.19,,,91.86,2024.0,6
2024-06-25 07:00:00,4232,25.66,79.85,,,104.43,2024.0,6
2024-06-25 08:00:00,4233,31.12,62.18,,,68.07,2024.0,6
2024-06-25 09:00:00,4234,32.82,57.73,,,51.47,2024.0,6
2024-06-25 10:00:00,4235,35.31,50.34,,,36.14,2024.0,6
2024-06-25 11:00:00,4236,34.31,51.63,,,33.03,2024.0,6
2024-06-25 12:00:00,4237,33.43,54.26,,,36.43,2024.0,6
2024-06-25 13:00:00,4238,30.46,62.57,,,43.27,2024.0,6
2024-06-25 14:00:00,4239,28.15,72.59,,,53.33,2024.0,6
2024-06-25 15:00:00,4240,29.17,68.6,,,45.07,2024.0,6
2024-06-25 16:00:00,4241,25.69,83.39,,,33.36,2024.0,6
2024-06-25 17:00:00,4242,25.12,86.79,,,38.21,2024.0,6
2024-06-25 18:00:00,4243,25.31,85.7,,,38.44,2024.0,6
2024-06-25 19:00:00,4244,23.25,98.15,,,24.39,2024.0,6
2024-06-25 20:00:00,4245,22.78,99.53,,,21.64,2024.0,6
2024-06-25 21:00:00,4246,22.8,99.84,,,28.95,2024.0,6
2024-06-25 22:00:00,4247,22.69,99.89,,,37.07,2024.0,6
2024-06-25 23:00:00,4248,22.67,99.07,,,42.57,2024.0,6
2024-06-26 00:00:00,4249,22.47,99.73,,,48.53,2024.0,6
2024-06-26 01:00:00,4250,22.19,100.0,,,51.81,2024.0,6
2024-06-26 02:00:00,4251,22.02,100.0,,,57.46,2024.0,6
2024-06-26 03:00:00,4252,21.98,100.0,,,56.97,2024.0,6
2024-06-26 04:00:00,4253,21.71,100.0,,,62.05,2024.0,6
2024-06-26 06:00:00,4255,21.99,100.0,,,68.88,2024.0,6
2024-06-26 07:00:00,4256,26.02,84.66,,,73.09,2024.0,6
2024-06-26 08:00:00,4257,30.0,67.68,,,71.0,2024.0,6
2024-06-26 09:00:00,4258,31.13,63.48,,,41.0,2024.0,6
2024-06-26 10:00:00,4259,32.13,59.45,,,31.97,2024.0,6
2024-06-26 11:00:00,4260,33.01,56.08,,,23.29,2024.0,6
2024-06-26 12:00:00,4261,30.91,60.28,,,20.39,2024.0,6
2024-06-26 13:00:00,4262,32.88,56.96,,,23.59,2024.0,6
2024-06-26 14:00:00,4263,29.89,65.47,,,39.38,2024.0,6
2024-06-26 15:00:00,4264,25.67,78.56,,,34.75,2024.0,6
2024-06-26 17:00:00,4266,25.78,84.45,,,35.71,2024.0,6
2024-06-26 18:00:00,4267,25.06,88.29,,,34.93,2024.0,6
2024-06-26 19:00:00,4268,25.08,89.86,,,37.23,2024.0,6
2024-06-26 21:00:00,4270,24.27,94.38,,,49.44,2024.0,6
2024-06-26 22:00:00,4271,24.06,94.66,,,44.33,2024.0,6
2024-06-26 23:00:00,4272,23.89,95.45,,,55.88,2024.0,6
2024-06-27 00:00:00,4273,23.45,97.14,,,57.2,2024.0,6
2024-06-27 01:00:00,4274,23.02,95.57,,,42.34,2024.0,6
2024-06-27 02:00:00,4275,22.82,95.88,,,53.29,2024.0,6
2024-06-27 03:00:00,4276,22.36,98.0,,,53.43,2024.0,6
2024-06-27 05:00:00,4278,21.56,99.93,,,64.74,2024.0,6
2024-06-27 06:00:00,4279,22.02,97.48,,,69.14,2024.0,6
2024-06-27 07:00:00,4280,27.35,74.84,,,69.97,2024.0,6
2024-06-27 08:00:00,4281,32.01,61.3,,,76.24,2024.0,6
2024-06-27 09:00:00,4282,32.76,59.16,,,48.38,2024.0,6
2024-06-27 10:00:00,4283,33.43,55.76,,,42.78,2024.0,6
2024-06-27 11:00:00,4284,32.56,56.3,,,36.9,2024.0,6
2024-06-27 13:00:00,4286,32.25,56.03,,,48.85,2024.0,6
2024-06-27 14:00:00,4287,27.23,78.55,,,34.72,2024.0,6
2024-06-27 15:00:00,4288,26.86,81.95,,,30.31,2024.0,6
2024-06-27 16:00:00,4289,28.66,75.13,,,46.83,2024.0,6
2024-06-27 17:00:00,4290,26.86,82.3,,,35.78,2024.0,6
2024-06-27 18:00:00,4291,26.18,84.84,,,34.22,2024.0,6
2024-06-27 19:00:00,4292,25.61,87.91,,,34.19,2024.0,6
2024-06-27 20:00:00,4293,25.33,88.94,,,35.74,2024.0,6
2024-06-27 21:00:00,4294,25.12,89.94,,,35.22,2024.0,6
2024-06-27 22:00:00,4295,24.91,89.75,,,31.42,2024.0,6
2024-06-27 23:00:00,4296,24.59,91.61,,,31.66,2024.0,6
2024-06-28 01:00:00,4298,24.41,91.89,,,30.98,2024.0,6
2024-06-28 02:00:00,4299,24.33,93.61,,,31.85,2024.0,6
2024-06-28 03:00:00,4300,24.07,94.38,,,29.46,2024.0,6
2024-06-28 04:00:00,4301,23.76,96.0,,,31.24,2024.0,6
2024-06-28 05:00:00,4302,23.36,97.33,,,44.85,2024.0,6
2024-06-28 06:00:00,4303,24.0,95.88,,,42.88,2024.0,6
2024-06-28 07:00:00,4304,27.53,80.31,,,58.67,2024.0,6
2024-06-28 08:00:00,4305,30.27,69.23,,,49.77,2024.0,6
2024-06-28 09:00:00,4306,33.63,59.22,,,44.55,2024.0,6
2024-06-28 10:00:00,4307,34.85,53.53,,,27.97,2024.0,6
2024-06-28 11:00:00,4308,35.41,51.37,,,28.57,2024.0,6
2024-06-28 12:00:00,4309,34.86,52.78,,,31.24,2024.0,6
2024-06-28 13:00:00,4310,29.73,68.83,,,29.33,2024.0,6
2024-06-28 14:00:00,4311,23.59,92.77,,,23.47,2024.0,6
2024-06-28 15:00:00,4312,27.55,80.35,,,49.48,2024.0,6
2024-06-28 16:00:00,4313,28.28,76.3,,,42.03,2024.0,6
2024-06-28 18:00:00,4315,24.55,94.85,,,31.22,2024.0,6
2024-06-28 19:00:00,4316,24.75,92.78,,,42.78,2024.0,6
2024-06-28 20:00:00,4317,24.1,96.16,,,34.33,2024.0,6
2024-06-28 21:00:00,4318,23.59,97.27,,,43.86,2024.0,6
2024-06-28 22:00:00,4319,23.71,98.2,,,43.57,2024.0,6
2024-06-28 23:00:00,4320,23.5,99.12,,,42.11,2024.0,6
2024-06-29 00:00:00,4321,23.62,98.78,,,50.0,2024.0,6
2024-06-29 02:00:00,4323,22.99,100.0,,,76.56,2024.0,6
2024-06-29 03:00:00,4324,23.01,100.0,,,82.67,2024.0,6
2024-06-29 04:00:00,4325,22.84,100.0,,,58.92,2024.0,6
2024-06-29 05:00:00,4326,22.88,100.0,,,61.59,2024.0,6
2024-06-29 06:00:00,4327,23.28,100.0,,,86.22,2024.0,6
2024-06-29 07:00:00,4328,27.18,85.23,,,69.36,2024.0,6
2024-06-29 08:00:00,4329,30.43,70.37,,,66.7,2024.0,6
2024-06-29 09:00:00,4330,33.07,61.7,,,52.5,2024.0,6
2024-06-29 10:00:00,4331,33.83,57.74,,,38.2,2024.0,6
2024-06-29 12:00:00,4333,36.18,50.29,,,28.34,2024.0,6
2024-06-29 13:00:00,4334,27.98,75.32,,,50.74,2024.0,6
2024-06-29 14:00:00,4335,25.48,84.7,,,33.19,2024.0,6
2024-06-29 15:00:00,4336,25.16,86.35,,,32.62,2024.0,6
2024-06-29 16:00:00,4337,24.45,91.93,,,40.36,2024.0,6
2024-06-29 17:00:00,4338,22.96,98.75,,,21.65,2024.0,6
2024-06-29 18:00:00,4339,22.8,100.0,,,22.53,2024.0,6
2024-06-29 19:00:00,4340,22.83,100.0,,,25.17,2024.0,6
2024-06-29 20:00:00,4341,23.14,100.0,,,30.37,2024.0,6
2024-06-29 22:00:00,4343,22.69,100.0,,,22.76,2024.0,6
2024-06-29 23:00:00,4344,21.91,99.8,,,14.74,2024.0,6
2024-06-30 00:00:00,4345,21.8,99.72,,,8.71,2024.0,6
2024-06-30 01:00:00,4346,21.9,100.0,,,26.39,2024.0,6
2024-06-30 02:00:00,4347,21.98,100.0,,,24.26,2024.0,6
2024-06-30 04:00:00,4349,22.05,100.0,,,34.22,2024.0,6
2024-06-30 05:00:00,4350,21.79,99.97,,,28.27,2024.0,6
2024-06-30 06:00:00,4351,22.23,96.92,,,16.91,2024.0,6
2024-06-30 07:00:00,4352,24.28,89.23,,,29.1,2024.0,6
2024-06-30 08:00:00,4353,30.4,67.89,,,30.0,2024.0,6
2024-06-30 09:00:00,4354,31.8,61.55,,,19.54,2024.0,6
2024-06-30 11:00:00,4356,32.5,58.16,,,20.97,2024.0,6
2024-06-30 12:00:00,4357,32.83,56.66,,,20.89,2024.0,6
2024-06-30 14:00:00,4359,33.63,53.69,,,21.41,2024.0,6
2024-06-30 15:00:00,4360,30.57,65.83,,,37.77,2024.0,6
2024-06-30 18:00:00,4363,26.54,82.3,,,32.3,2024.0,6
2024-06-30 19:00:00,4364,25.85,86.79,,,37.89,2024.0,6
2024-06-30 20:00:00,4365,25.51,91.26,,,61.26,2024.0,6
2024-06-30 22:00:00,4367,24.78,85.4,,,33.14,2024.0,6
2024-06-30 23:00:00,4368,24.29,85.18,,,29.02,2024.0,6
2024-07-01 00:00:00,4369,23.79,86.43,,,26.73,2024.0,7
2024-07-01 01:00:00,4370,23.21,87.59,,,25.48,2024.0,7
2024-07-01 02:00:00,4371,23.04,87.86,,,23.56,2024.0,7
2024-07-01 03:00:00,4372,22.83,88.84,,,26.62,2024.0,7
2024-07-01 04:00:00,4373,22.62,93.52,,,46.12,2024.0,7
2024-07-01 05:00:00,4374,22.18,93.96,,,44.71,2024.0,7
2024-07-01 06:00:00,4375,22.54,91.51,,,51.52,2024.0,7
2024-07-01 07:00:00,4376,27.29,73.19,,,63.75,2024.0,7
2024-07-01 08:00:00,4377,30.54,60.98,,,45.47,2024.0,7
2024-07-01 09:00:00,4378,33.2,54.04,,,39.37,2024.0,7
2024-07-01 10:00:00,4379,35.38,47.38,,,32.53,2024.0,7
2024-07-01 11:00:00,4380,35.9,46.43,,,36.28,2024.0,7
2024-07-01 12:00:00,4381,37.73,43.53,,,35.97,2024.0,7
2024-07-01 13:00:00,4382,35.27,48.47,,,41.13,2024.0,7
2024-07-01 14:00:00,4383,30.16,64.24,,,53.48,2024.0,7
2024-07-01 15:00:00,4384,24.24,90.89,,,42.72,2024.0,7
2024-07-01 16:00:00,4385,24.87,90.96,,,42.88,2024.0,7
2024-07-01 17:00:00,4386,24.71,92.25,,,41.35,2024.0,7
2024-07-01 18:00:00,4387,24.96,90.64,,,42.88,2024.0,7
2024-07-01 19:00:00,4388,25.05,88.1,,,42.88,2024.0,7
2024-07-01 20:00:00,4389,24.59,89.11,,,42.88,2024.0,7
2024-07-01 21:00:00,4390,24.23,89.72,,,42.88,2024.0,7
2024-07-01 22:00:00,4391,23.86,91.87,,,42.88,2024.0,7
2024-07-01 23:00:00,4392,23.52,93.67,,,42.88,2024.0,7
2024-07-02 00:00:00,4393,23.56,94.04,,,42.88,2024.0,7
2024-07-02 01:00:00,4394,23.35,94.7,,,42.88,2024.0,7
2024-07-02 02:00:00,4395,23.28,94.99,,,42.88,2024.0,7
2024-07-02 03:00:00,4396,22.74,98.48,,,42.88,2024.0,7
2024-07-02 04:00:00,4397,22.7,99.21,,,42.88,2024.0,7
2024-07-02 05:00:00,4398,22.39,99.16,,,42.88,2024.0,7
2024-07-02 06:00:00,4399,22.42,97.24,,,42.88,2024.0,7
2024-07-02 07:00:00,4400,25.4,84.58,,,49.22,2024.0,7
2024-07-02 08:00:00,4401,31.03,66.07,,,64.0,2024.0,7
2024-07-02 09:00:00,4402,33.52,57.07,,,64.0,2024.0,7
2024-07-02 10:00:00,4403,34.64,51.87,,,64.0,2024.0,7
2024-07-02 11:00:00,4404,35.66,49.68,,,64.0,2024.0,7
2024-07-02 12:00:00,4405,35.33,49.86,,,64.0,2024.0,7
2024-07-02 13:00:00,4406,31.44,61.37,,,64.0,2024.0,7
2024-07-02 14:00:00,4407,25.13,84.49,,,47.25,2024.0,7
2024-07-02 15:00:00,4408,26.62,79.24,,,53.44,2024.0,7
2024-07-02 16:00:00,4409,27.92,73.09,,,64.0,2024.0,7
2024-07-02 17:00:00,4410,26.44,78.74,,,56.26,2024.0,7
2024-07-02 18:00:00,4411,25.75,80.68,,,47.1,2024.0,7
2024-07-02 19:00:00,4412,25.47,81.34,,,42.88,2024.0,7
2024-07-02 20:00:00,4413,25.17,83.61,,,42.88,2024.0,7
2024-07-02 21:00:00,4414,24.62,89.65,,,42.88,2024.0,7
2024-07-02 22:00:00,4415,23.96,93.68,,,42.88,2024.0,7
2024-07-02 23:00:00,4416,23.51,95.39,,,42.88,2024.0,7
2024-07-03 00:00:00,4417,23.4,94.81,,,42.88,2024.0,7
2024-07-03 01:00:00,4418,22.98,95.72,,,42.88,2024.0,7
2024-07-03 02:00:00,4419,22.72,98.16,,,42.88,2024.0,7
2024-07-03 03:00:00,4420,22.49,96.79,,,42.88,2024.0,7
2024-07-03 04:00:00,4421,22.34,97.26,,,42.88,2024.0,7
2024-07-03 05:00:00,4422,21.91,99.38,,,42.88,2024.0,7
2024-07-03 06:00:00,4423,22.86,95.56,,,42.88,2024.0,7
2024-07-03 07:00:00,4424,27.59,77.15,,,56.72,2024.0,7
2024-07-03 08:00:00,4425,30.78,65.29,,,64.0,2024.0,7
2024-07-03 09:00:00,4426,30.61,65.06,,,64.0,2024.0,7
2024-07-03 10:00:00,4427,31.43,61.43,,,64.0,2024.0,7
2024-07-03 11:00:00,4428,31.11,61.08,,,64.0,2024.0,7
2024-07-03 13:00:00,4430,31.7,58.5,,,24.37,2024.0,7
2024-07-03 14:00:00,4431,31.69,57.91,,,25.33,2024.0,7
2024-07-03 15:00:00,4432,33.07,54.21,,,25.73,2024.0,7
2024-07-03 16:00:00,4433,31.5,58.43,,,31.6,2024.0,7
2024-07-03 17:00:00,4434,28.18,67.13,,,36.93,2024.0,7
2024-07-03 18:00:00,4435,26.89,69.54,,,30.83,2024.0,7
2024-07-03 19:00:00,4436,26.08,71.42,,,37.43,2024.0,7
2024-07-03 20:00:00,4437,25.3,77.55,,,35.77,2024.0,7
2024-07-03 21:00:00,4438,24.82,78.98,,,21.99,2024.0,7
2024-07-03 22:00:00,4439,24.14,82.43,,,21.02,2024.0,7
2024-07-03 23:00:00,4440,23.87,83.89,,,19.82,2024.0,7
2024-07-04 00:00:00,4441,23.92,83.33,,,15.77,2024.0,7
2024-07-04 01:00:00,4442,22.81,88.97,,,38.39,2024.0,7
2024-07-04 02:00:00,4443,22.32,92.21,,,44.73,2024.0,7
2024-07-04 03:00:00,4444,21.58,95.46,,,61.71,2024.0,7
2024-07-04 04:00:00,4445,21.35,95.99,,,56.44,2024.0,7
2024-07-04 05:00:00,4446,21.62,94.29,,,57.24,2024.0,7
2024-07-04 06:00:00,4447,21.83,92.37,,,,2024.0,7
2024-07-04 07:00:00,4448,25.1,80.22,,,,2024.0,7
2024-07-04 08:00:00,4449,28.12,69.97,,,,2024.0,7
2024-07-04 09:00:00,4450,30.98,62.33,,,67.59,2024.0,7
2024-07-04 10:00:00,4451,31.29,62.41,,,38.5,2024.0,7
2024-07-04 11:00:00,4452,29.27,68.37,,,28.13,2024.0,7
2024-07-04 12:00:00,4453,28.15,74.14,,,26.43,2024.0,7
2024-07-04 13:00:00,4454,25.22,75.54,,,8.59,2024.0,7
2024-07-04 14:00:00,4455,26.07,73.32,,,16.5,2024.0,7
2024-07-04 15:00:00,4456,25.24,76.08,,,11.51,2024.0,7
2024-07-04 16:00:00,4457,24.2,81.43,,,19.18,2024.0,7
2024-07-04 17:00:00,4458,22.93,91.57,,,22.8,2024.0,7
2024-07-04 18:00:00,4459,22.74,93.52,,,25.53,2024.0,7
2024-07-04 19:00:00,4460,22.82,93.83,,,41.45,2024.0,7
2024-07-04 20:00:00,4461,22.66,93.77,,,66.49,2024.0,7
2024-07-04 21:00:00,4462,22.59,93.26,,,39.08,2024.0,7
2024-07-04 22:00:00,4463,22.53,94.74,,,44.11,2024.0,7
2024-07-04 23:00:00,4464,22.48,94.86,,,39.42,2024.0,7
2024-07-05 00:00:00,4465,22.52,95.18,,,39.83,2024.0,7
2024-07-05 01:00:00,4466,22.63,94.95,,,34.24,2024.0,7
2024-07-05 02:00:00,4467,22.53,95.89,,,25.28,2024.0,7
2024-07-05 03:00:00,4468,22.48,95.93,,,25.28,2024.0,7
2024-07-05 04:00:00,4469,21.94,96.59,,,35.67,2024.0,7
2024-07-05 05:00:00,4470,21.8,95.01,,,38.66,2024.0,7
2024-07-05 06:00:00,4471,22.51,92.06,,,31.31,2024.0,7
2024-07-05 07:00:00,4472,23.77,88.79,,,47.11,2024.0,7
2024-07-05 08:00:00,4473,25.4,83.41,,,65.84,2024.0,7
2024-07-05 09:00:00,4474,28.46,73.18,,,63.83,2024.0,7
2024-07-05 10:00:00,4475,30.31,64.53,,,36.41,2024.0,7
2024-07-05 11:00:00,4476,30.04,63.89,,,30.03,2024.0,7
2024-07-05 12:00:00,4477,30.39,62.25,,,27.97,2024.0,7
2024-07-05 13:00:00,4478,30.88,60.09,,,24.07,2024.0,7
2024-07-05 14:00:00,4479,28.93,63.99,,,13.6,2024.0,7
2024-07-05 15:00:00,4480,27.15,67.5,,,14.37,2024.0,7
2024-07-05 16:00:00,4481,25.59,77.4,,,23.44,2024.0,7
2024-07-05 17:00:00,4482,24.9,81.85,,,22.23,2024.0,7
2024-07-05 18:00:00,4483,24.53,82.0,,,20.59,2024.0,7
2024-07-05 19:00:00,4484,24.41,82.91,,,26.73,2024.0,7
2024-07-05 20:00:00,4485,24.36,85.68,,,30.93,2024.0,7
2024-07-05 21:00:00,4486,24.24,86.14,,,30.13,2024.0,7
2024-07-05 22:00:00,4487,24.34,85.08,,,29.04,2024.0,7
2024-07-05 23:00:00,4488,23.86,89.8,,,36.09,2024.0,7
2024-07-06 00:00:00,4489,22.21,98.97,,,25.48,2024.0,7
2024-07-06 01:00:00,4490,22.06,99.92,,,30.64,2024.0,7
2024-07-06 02:00:00,4491,21.85,100.0,,,37.01,2024.0,7
2024-07-06 03:00:00,4492,21.98,100.0,,,37.56,2024.0,7
2024-07-06 04:00:00,4493,22.16,99.98,,,36.63,2024.0,7
2024-07-06 05:00:00,4494,22.28,100.0,,,40.59,2024.0,7
2024-07-06 06:00:00,4495,22.17,98.95,,,21.46,2024.0,7
2024-07-06 07:00:00,4496,21.83,99.09,,,16.06,2024.0,7
2024-07-06 08:00:00,4497,22.8,96.01,,,18.6,2024.0,7
2024-07-06 09:00:00,4498,26.55,80.47,,,23.43,2024.0,7
2024-07-06 10:00:00,4499,29.67,68.29,,,19.97,2024.0,7
2024-07-06 11:00:00,4500,30.32,65.72,,,18.93,2024.0,7
2024-07-06 12:00:00,4501,31.66,61.06,,,6.0,2024.0,7
2024-07-06 13:00:00,4502,30.37,66.37,,,11.2,2024.0,7
2024-07-06 14:00:00,4503,25.81,79.88,,,6.56,2024.0,7
2024-07-06 15:00:00,4504,22.96,93.15,,,10.05,2024.0,7
2024-07-06 16:00:00,4505,23.43,89.96,,,5.24,2024.0,7
2024-07-06 17:00:00,4506,22.37,96.5,,,9.38,2024.0,7
2024-07-06 18:00:00,4507,21.66,99.27,,,9.65,2024.0,7
2024-07-06 19:00:00,4508,21.77,96.32,,,7.1,2024.0,7
2024-07-06 20:00:00,4509,21.94,94.57,,,17.62,2024.0,7
2024-07-06 21:00:00,4510,21.96,95.37,,,32.28,2024.0,7
2024-07-06 22:00:00,4511,22.02,96.59,,,34.73,2024.0,7
2024-07-06 23:00:00,4512,21.74,99.51,,,51.86,2024.0,7
2024-07-07 00:00:00,4513,21.46,100.0,,,61.17,2024.0,7
2024-07-07 01:00:00,4514,21.43,100.0,,,52.68,2024.0,7
2024-07-07 02:00:00,4515,21.2,100.0,,,45.9,2024.0,7
2024-07-07 03:00:00,4516,21.36,100.0,,,61.64,2024.0,7
2024-07-07 04:00:00,4517,21.31,100.0,,,48.33,2024.0,7
2024-07-07 05:00:00,4518,21.33,100.0,,,46.77,2024.0,7
2024-07-07 06:00:00,4519,21.38,100.0,,,69.97,2024.0,7
2024-07-07 07:00:00,4520,22.89,95.14,,,65.99,2024.0,7
2024-07-07 08:00:00,4521,27.83,75.92,,,,2024.0,7
2024-07-07 09:00:00,4522,27.73,72.56,,,58.97,2024.0,7
2024-07-07 10:00:00,4523,30.1,64.1,,,35.23,2024.0,7
2024-07-07 11:00:00,4524,32.21,60.86,,,49.0,2024.0,7
2024-07-07 12:00:00,4525,34.89,52.62,,,38.45,2024.0,7
2024-07-07 13:00:00,4526,36.39,47.59,,,30.43,2024.0,7
2024-07-07 14:00:00,4527,31.62,59.97,,,36.76,2024.0,7
2024-07-07 15:00:00,4528,25.44,80.73,,,26.12,2024.0,7
2024-07-07 16:00:00,4529,27.39,76.2,,,39.4,2024.0,7
2024-07-07 17:00:00,4530,27.04,79.78,,,38.26,2024.0,7
2024-07-07 18:00:00,4531,25.45,88.43,,,36.96,2024.0,7
2024-07-07 19:00:00,4532,25.1,90.85,,,39.21,2024.0,7
2024-07-07 20:00:00,4533,24.91,89.76,,,41.61,2024.0,7
2024-07-07 21:00:00,4534,24.69,90.42,,,48.82,2024.0,7
2024-07-07 22:00:00,4535,24.33,93.02,,,49.22,2024.0,7
2024-07-07 23:00:00,4536,23.93,95.93,,,56.15,2024.0,7
2024-07-08 00:00:00,4537,24.07,95.13,,,39.11,2024.0,7
2024-07-08 01:00:00,4538,23.75,95.55,,,35.22,2024.0,7
2024-07-08 02:00:00,4539,23.57,91.84,,,29.32,2024.0,7
2024-07-08 03:00:00,4540,23.13,91.99,,,28.94,2024.0,7
2024-07-08 04:00:00,4541,22.38,95.66,,,33.5,2024.0,7
2024-07-08 05:00:00,4542,21.97,97.11,,,32.62,2024.0,7
2024-07-08 06:00:00,4543,22.72,93.52,,,34.91,2024.0,7
2024-07-08 07:00:00,4544,27.89,71.55,,,51.59,2024.0,7
2024-07-08 08:00:00,4545,32.11,59.7,,,47.57,2024.0,7
2024-07-08 09:00:00,4546,33.91,54.58,,,41.87,2024.0,7
2024-07-08 10:00:00,4547,35.39,49.86,,,32.27,2024.0,7
2024-07-08 11:00:00,4548,36.02,45.79,,,13.72,2024.0,7
2024-07-08 12:00:00,4549,36.46,45.46,,,13.97,2024.0,7
2024-07-08 13:00:00,4550,,,,,17.87,2024.0,7
2024-07-08 14:00:00,4551,,,,,49.53,2024.0,7
2024-07-08 15:00:00,4552,,,,,42.8,2024.0,7
2024-07-08 16:00:00,4553,,,,,34.03,2024.0,7
2024-07-08 17:00:00,4554,,,,,33.57,2024.0,7
2024-07-08 18:00:00,4555,,,,,45.13,2024.0,7
2024-07-08 19:00:00,4556,,,,,50.27,2024.0,7
2024-07-08 20:00:00,4557,,,,,51.53,2024.0,7
2024-07-08 21:00:00,4558,,,,,63.72,2024.0,7
2024-07-08 22:00:00,4559,,,,,67.83,2024.0,7
2024-07-08 23:00:00,4560,,,,,63.6,2024.0,7
2024-07-09 00:00:00,4561,,,,,42.43,2024.0,7
2024-07-09 01:00:00,4562,,,,,41.07,2024.0,7
2024-07-09 02:00:00,4563,,,,,49.5,2024.0,7
2024-07-09 03:00:00,4564,,,,,49.17,2024.0,7
2024-07-09 04:00:00,4565,,,,,44.37,2024.0,7
2024-07-09 05:00:00,4566,,,,,70.4,2024.0,7
2024-07-09 06:00:00,4567,,,,,55.9,2024.0,7
2024-07-09 07:00:00,4568,,,,,,2024.0,7
2024-07-09 08:00:00,4569,,,,,66.48,2024.0,7
2024-07-09 09:00:00,4570,,,,,55.7,2024.0,7
2024-07-09 10:00:00,4571,,,,,59.93,2024.0,7
2024-07-09 11:00:00,4572,,,,,50.03,2024.0,7
2024-07-09 12:00:00,4573,,,,,51.33,2024.0,7
2024-07-09 13:00:00,4574,,,,,53.0,2024.0,7
2024-07-09 14:00:00,4575,,,,,50.63,2024.0,7
2024-07-09 15:00:00,4576,,,,,56.87,2024.0,7
2024-07-09 16:00:00,4577,,,,,,2024.0,7
2024-07-09 17:00:00,4578,,,,,,2024.0,7
2024-07-09 18:00:00,4579,,,,,,2024.0,7
2024-07-09 19:00:00,4580,,,,,63.2,2024.0,7
2024-07-09 20:00:00,4581,,,,,59.77,2024.0,7
2024-07-09 21:00:00,4582,,,,,53.7,2024.0,7
2024-07-09 22:00:00,4583,,,,,35.27,2024.0,7
2024-07-09 23:00:00,4584,,,,,44.86,2024.0,7
2024-07-10 00:00:00,4585,,,,,59.53,2024.0,7
2024-07-10 01:00:00,4586,,,,,72.32,2024.0,7
2024-07-10 03:00:00,4588,,,,,,2024.0,7
2024-07-10 04:00:00,4589,,,,,,2024.0,7
2024-07-10 05:00:00,4590,,,,,,2024.0,7
2024-07-10 06:00:00,4591,,,,,,2024.0,7
2024-07-10 07:00:00,4592,,,,,,2024.0,7
2024-07-10 08:00:00,4593,,,,,64.9,2024.0,7
2024-07-10 09:00:00,4594,,,,,49.97,2024.0,7
2024-07-10 10:00:00,4595,,,,,49.67,2024.0,7
2024-07-10 11:00:00,4596,,,,,49.23,2024.0,7
2024-07-10 12:00:00,4597,,,,,42.1,2024.0,7
2024-07-10 13:00:00,4598,,,,,44.83,2024.0,7
2024-07-10 14:00:00,4599,,,,,74.27,2024.0,7
2024-07-10 15:00:00,4600,,,,,54.3,2024.0,7
2024-07-10 16:00:00,4601,,,,,54.93,2024.0,7
2024-07-10 17:00:00,4602,,,,,60.87,2024.0,7
2024-07-10 18:00:00,4603,,,,,71.21,2024.0,7
2024-07-10 19:00:00,4604,,,,,,2024.0,7
2024-07-10 20:00:00,4605,,,,,,2024.0,7
2024-07-10 21:00:00,4606,,,,,73.07,2024.0,7
2024-07-10 22:00:00,4607,,,,,,2024.0,7
2024-07-10 23:00:00,4608,,,,,71.17,2024.0,7
2024-07-11 00:00:00,4609,,,,,49.13,2024.0,7
2024-07-11 01:00:00,4610,,,,,59.6,2024.0,7
2024-07-11 02:00:00,4611,,,,,58.47,2024.0,7
2024-07-11 03:00:00,4612,,,,,,2024.0,7
2024-07-11 04:00:00,4613,,,,,,2024.0,7
2024-07-11 05:00:00,4614,,,,,,2024.0,7
2024-07-11 06:00:00,4615,,,,,,2024.0,7
2024-07-11 07:00:00,4616,,,,,,2024.0,7
2024-07-11 08:00:00,4617,,,,,,2024.0,7
2024-07-11 09:00:00,4618,,,,,37.52,2024.0,7
2024-07-11 10:00:00,4619,,,,,34.5,2024.0,7
2024-07-11 11:00:00,4620,,,,,31.97,2024.0,7
2024-07-11 12:00:00,4621,,,,,31.97,2024.0,7
2024-07-11 13:00:00,4622,,,,,33.75,2024.0,7
2024-07-11 14:00:00,4623,,,,,34.1,2024.0,7
2024-07-11 15:00:00,4624,,,,,36.17,2024.0,7
2024-07-11 16:00:00,4625,,,,,34.33,2024.0,7
2024-07-11 17:00:00,4626,,,,,31.83,2024.0,7
2024-07-11 18:00:00,4627,,,,,30.48,2024.0,7
2024-07-11 19:00:00,4628,,,,,29.21,2024.0,7
2024-07-11 20:00:00,4629,,,,,30.87,2024.0,7
2024-07-11 21:00:00,4630,,,,,32.24,2024.0,7
2024-07-11 22:00:00,4631,,,,,30.87,2024.0,7
2024-07-11 23:00:00,4632,,,,,25.41,2024.0,7
2024-07-12 00:00:00,4633,,,,,33.1,2024.0,7
2024-07-12 01:00:00,4634,,,,,38.83,2024.0,7
2024-07-12 02:00:00,4635,,,,,50.13,2024.0,7
2024-07-12 03:00:00,4636,,,,,55.0,2024.0,7
2024-07-12 04:00:00,4637,,,,,71.93,2024.0,7
2024-07-12 05:00:00,4638,,,,,,2024.0,7
2024-07-12 06:00:00,4639,,,,,,2024.0,7
2024-07-12 07:00:00,4640,,,,,,2024.0,7
2024-07-12 08:00:00,4641,,,,,,2024.0,7
2024-07-12 09:00:00,4642,,,,,57.34,2024.0,7
2024-07-12 10:00:00,4643,,,,,29.33,2024.0,7
2024-07-12 11:00:00,4644,,,,,27.63,2024.0,7
2024-07-12 12:00:00,4645,,,,,27.13,2024.0,7
2024-07-12 13:00:00,4646,,,,,26.31,2024.0,7
2024-07-12 14:00:00,4647,,,,,30.53,2024.0,7
2024-07-12 15:00:00,4648,,,,,32.5,2024.0,7
2024-07-12 16:00:00,4649,,,,,38.13,2024.0,7
2024-07-12 17:00:00,4650,,,,,40.83,2024.0,7
2024-07-12 18:00:00,4651,,,,,44.55,2024.0,7
2024-07-12 19:00:00,4652,,,,,58.57,2024.0,7
2024-07-12 20:00:00,4653,,,,,52.47,2024.0,7
2024-07-12 22:00:00,4655,,,,,,2024.0,7
2024-07-12 23:00:00,4656,,,,,,2024.0,7
2024-07-13 00:00:00,4657,,,,,,2024.0,7
2024-07-13 01:00:00,4658,,,,,,2024.0,7
2024-07-13 02:00:00,4659,,,,,,2024.0,7
2024-07-13 03:00:00,4660,,,,,,2024.0,7
2024-07-13 04:00:00,4661,,,,,,2024.0,7
2024-07-13 05:00:00,4662,,,,,,2024.0,7
2024-07-13 06:00:00,4663,,,,,,2024.0,7
2024-07-13 07:00:00,4664,,,,,,2024.0,7
2024-07-13 08:00:00,4665,,,,,74.57,2024.0,7
2024-07-13 09:00:00,4666,,,,,73.72,2024.0,7
2024-07-13 10:00:00,4667,,,,,55.55,2024.0,7
2024-07-13 11:00:00,4668,,,,,42.47,2024.0,7
2024-07-13 12:00:00,4669,,,,,37.48,2024.0,7
2024-07-13 13:00:00,4670,,,,,36.76,2024.0,7
2024-07-13 14:00:00,4671,,,,,37.4,2024.0,7
2024-07-13 15:00:00,4672,,,,,40.33,2024.0,7
2024-07-13 16:00:00,4673,,,,,42.7,2024.0,7
2024-07-13 17:00:00,4674,,,,,46.0,2024.0,7
2024-07-13 18:00:00,4675,,,,,43.83,2024.0,7
2024-07-13 19:00:00,4676,,,,,41.83,2024.0,7
2024-07-13 20:00:00,4677,,,,,39.71,2024.0,7
2024-07-13 21:00:00,4678,,,,,40.6,2024.0,7
2024-07-13 22:00:00,4679,,,,,35.5,2024.0,7
2024-07-13 23:00:00,4680,,,,,34.52,2024.0,7
2024-07-14 00:00:00,4681,,,,,39.13,2024.0,7
2024-07-14 01:00:00,4682,,,,,49.97,2024.0,7
2024-07-14 02:00:00,4683,,,,,,2024.0,7
2024-07-14 03:00:00,4684,,,,,,2024.0,7
2024-07-14 04:00:00,4685,,,,,,2024.0,7
2024-07-14 05:00:00,4686,,,,,,2024.0,7
2024-07-14 06:00:00,4687,,,,,,2024.0,7
2024-07-14 07:00:00,4688,,,,,,2024.0,7
2024-07-14 08:00:00,4689,,,,,55.97,2024.0,7
2024-07-14 09:00:00,4690,,,,,31.24,2024.0,7
2024-07-14 10:00:00,4691,,,,,24.27,2024.0,7
2024-07-14 11:00:00,4692,,,,,23.07,2024.0,7
2024-07-14 12:00:00,4693,,,,,24.53,2024.0,7
2024-07-14 13:00:00,4694,,,,,27.17,2024.0,7
2024-07-14 14:00:00,4695,,,,,26.57,2024.0,7
2024-07-14 15:00:00,4696,,,,,32.0,2024.0,7
2024-07-14 16:00:00,4697,,,,,37.3,2024.0,7
2024-07-14 17:00:00,4698,,,,,42.3,2024.0,7
2024-07-14 18:00:00,4699,,,,,46.21,2024.0,7
2024-07-14 19:00:00,4700,,,,,43.4,2024.0,7
2024-07-14 20:00:00,4701,,,,,42.57,2024.0,7
2024-07-14 21:00:00,4702,,,,,39.33,2024.0,7
2024-07-14 22:00:00,4703,,,,,33.63,2024.0,7
2024-07-14 23:00:00,4704,,,,,31.45,2024.0,7
2024-07-15 00:00:00,4705,,,,,33.37,2024.0,7
2024-07-15 01:00:00,4706,,,,,30.53,2024.0,7
2024-07-15 02:00:00,4707,,,,,53.87,2024.0,7
2024-07-15 03:00:00,4708,,,,,,2024.0,7
2024-07-15 04:00:00,4709,,,,,,2024.0,7
2024-07-15 05:00:00,4710,,,,,,2024.0,7
2024-07-15 06:00:00,4711,,,,,,2024.0,7
2024-07-15 07:00:00,4712,,,,,,2024.0,7
2024-07-15 08:00:00,4713,,,,,66.63,2024.0,7
2024-07-15 09:00:00,4714,,,,,69.24,2024.0,7
2024-07-15 10:00:00,4715,,,,,49.4,2024.0,7
2024-07-15 11:00:00,4716,,,,,35.47,2024.0,7
2024-07-15 12:00:00,4717,,,,,36.73,2024.0,7
2024-07-17 23:00:00,4776,,,,,,2024.0,7
2024-07-18 00:00:00,4777,,,,,,2024.0,7
2024-07-18 11:00:00,4788,,,,,44.56,2024.0,7
2024-07-18 12:00:00,4789,,,,,41.52,2024.0,7
2024-07-18 13:00:00,4790,23.76,73.61,,,38.83,2024.0,7
2024-07-18 14:00:00,4791,23.95,72.75,,,42.48,2024.0,7
2024-07-18 23:00:00,4800,26.32,94.03,26.65,77.78,65.0,2024.0,7
2024-07-19 18:00:00,4819,25.23,77.81,25.62,67.13,45.07,2024.0,7
2024-07-19 19:00:00,4820,24.56,77.68,24.93,67.15,36.79,2024.0,7
2024-07-19 20:00:00,4821,23.49,86.58,23.86,72.4,24.92,2024.0,7
2024-07-19 21:00:00,4822,22.86,90.0,23.32,74.3,26.11,2024.0,7
2024-07-19 22:00:00,4823,22.27,91.71,22.73,76.08,24.14,2024.0,7
2024-07-19 23:00:00,4824,21.55,92.62,22.0,77.18,22.39,2024.0,7
2024-07-20 00:00:00,4825,20.84,94.71,21.22,79.86,22.16,2024.0,7
2024-07-20 01:00:00,4826,20.03,98.25,20.51,82.86,27.09,2024.0,7
2024-07-20 02:00:00,4827,19.49,99.27,20.01,83.45,29.99,2024.0,7
2024-07-20 03:00:00,4828,18.92,99.82,19.43,85.64,36.18,2024.0,7
2024-07-20 04:00:00,4829,18.76,99.9,19.29,86.02,40.25,2024.0,7
2024-07-20 05:00:00,4830,18.34,99.9,17.95,94.39,,2024.0,7
2024-07-20 06:00:00,4831,19.21,99.77,20.37,85.93,,2024.0,7
2024-07-20 07:00:00,4832,25.19,83.83,27.54,63.62,,2024.0,7
2024-07-20 08:00:00,4833,29.85,58.16,31.11,53.2,58.7,2024.0,7
2024-07-20 09:00:00,4834,31.24,49.18,30.32,52.13,41.55,2024.0,7
2024-07-20 10:00:00,4835,30.94,50.28,30.66,52.25,37.93,2024.0,7
2024-07-20 11:00:00,4836,32.95,43.8,31.1,49.07,31.27,2024.0,7
2024-07-20 12:00:00,4837,33.8,40.92,33.06,44.49,31.25,2024.0,7
2024-07-20 13:00:00,4838,35.57,36.79,33.52,42.56,33.13,2024.0,7
2024-07-20 14:00:00,4839,36.9,34.13,32.52,43.75,35.21,2024.0,7
2024-07-20 15:00:00,4840,35.75,35.66,32.27,44.62,39.7,2024.0,7
2024-07-20 16:00:00,4841,32.36,45.66,31.09,51.35,47.76,2024.0,7
2024-07-20 17:00:00,4842,27.78,70.97,27.25,66.15,37.89,2024.0,7
2024-07-20 18:00:00,4843,25.19,86.75,25.34,72.49,25.8,2024.0,7
2024-07-20 19:00:00,4844,23.84,90.76,23.94,75.58,22.41,2024.0,7
2024-07-20 20:00:00,4845,22.91,92.36,22.28,79.79,20.27,2024.0,7
2024-07-20 21:00:00,4846,22.36,91.87,22.52,76.75,17.19,2024.0,7
2024-07-20 22:00:00,4847,21.86,93.15,22.21,77.69,17.51,2024.0,7
2024-07-20 23:00:00,4848,21.6,93.25,22.07,77.37,16.17,2024.0,7
2024-07-21 00:00:00,4849,21.39,92.93,21.82,77.13,16.17,2024.0,7
2024-07-21 01:00:00,4850,20.83,93.95,21.27,78.34,16.06,2024.0,7
2024-07-21 02:00:00,4851,20.17,96.07,20.74,80.1,19.73,2024.0,7
2024-07-21 03:00:00,4852,19.75,96.82,20.35,80.66,22.71,2024.0,7
2024-07-21 04:00:00,4853,19.48,99.18,20.0,84.18,35.51,2024.0,7
2024-07-21 05:00:00,4854,18.76,99.9,19.22,90.95,69.63,2024.0,7
2024-07-21 06:00:00,4855,19.82,99.51,21.97,81.44,67.8,2024.0,7
2024-07-21 07:00:00,4856,25.88,78.93,30.04,56.3,58.43,2024.0,7
2024-07-21 08:00:00,4857,29.42,56.28,30.54,52.85,48.83,2024.0,7
2024-07-21 09:00:00,4858,30.09,52.33,29.77,53.53,46.03,2024.0,7
2024-07-21 10:00:00,4859,32.0,44.81,31.54,47.41,40.31,2024.0,7
2024-07-21 11:00:00,4860,34.14,35.44,32.09,40.74,24.93,2024.0,7
2024-07-21 12:00:00,4861,34.39,32.31,33.66,35.99,21.24,2024.0,7
2024-07-21 13:00:00,4862,36.63,25.41,34.39,29.65,8.47,2024.0,7
2024-07-21 14:00:00,4863,35.92,31.48,32.56,39.54,23.62,2024.0,7
2024-07-21 15:00:00,4864,34.58,37.07,31.35,46.06,28.4,2024.0,7
2024-07-21 16:00:00,4865,30.81,50.45,29.74,55.64,32.45,2024.0,7
2024-07-21 17:00:00,4866,29.07,61.29,28.24,61.93,37.97,2024.0,7
2024-07-21 18:00:00,4867,26.15,81.76,26.23,69.81,36.76,2024.0,7
2024-07-21 19:00:00,4868,24.58,89.73,24.88,74.23,29.2,2024.0,7
2024-07-21 20:00:00,4869,23.33,91.51,23.65,75.7,21.69,2024.0,7
2024-07-21 21:00:00,4870,22.68,93.2,23.09,77.41,23.77,2024.0,7
2024-07-21 22:00:00,4871,22.9,91.34,23.23,75.44,22.53,2024.0,7
2024-07-21 23:00:00,4872,22.72,92.24,22.97,76.87,21.02,2024.0,7
2024-07-22 00:00:00,4873,22.32,93.64,22.65,78.26,27.24,2024.0,7
2024-07-22 01:00:00,4874,22.25,90.82,22.57,74.85,15.09,2024.0,7
2024-07-22 02:00:00,4875,21.91,91.98,22.24,76.4,13.22,2024.0,7
2024-07-22 03:00:00,4876,21.41,93.98,21.72,78.81,13.6,2024.0,7
2024-07-22 04:00:00,4877,20.78,96.86,21.38,80.82,21.65,2024.0,7
2024-07-22 05:00:00,4878,20.44,97.43,21.01,81.22,23.73,2024.0,7
2024-07-22 06:00:00,4879,20.6,98.82,21.47,82.18,49.72,2024.0,7
2024-07-22 07:00:00,4880,24.91,82.19,25.62,67.1,38.22,2024.0,7
2024-07-22 08:00:00,4881,27.74,68.79,28.9,59.11,54.33,2024.0,7
2024-07-22 09:00:00,4882,30.68,53.69,29.77,55.81,42.14,2024.0,7
2024-07-22 10:00:00,4883,32.76,47.33,30.91,53.02,47.11,2024.0,7
2024-07-22 11:00:00,4884,33.39,45.05,31.31,51.38,47.63,2024.0,7
2024-07-22 12:00:00,4885,34.75,41.71,33.49,46.66,44.14,2024.0,7
2024-07-22 13:00:00,4886,37.48,36.27,34.8,43.32,46.93,2024.0,7
2024-07-22 14:00:00,4887,36.32,37.06,32.92,46.08,50.59,2024.0,7
2024-07-22 15:00:00,4888,32.22,49.33,31.53,53.52,64.41,2024.0,7
2024-07-22 16:00:00,4889,29.77,58.46,30.02,57.55,61.63,2024.0,7
2024-07-22 18:00:00,4891,26.83,80.75,26.56,70.43,41.6,2024.0,7
2024-07-22 19:00:00,4892,25.19,87.93,25.38,73.36,31.74,2024.0,7
2024-07-22 20:00:00,4893,24.32,91.48,24.55,76.3,29.5,2024.0,7
2024-07-22 21:00:00,4894,23.51,92.29,23.86,76.77,26.13,2024.0,7
2024-07-22 22:00:00,4895,23.02,92.18,23.39,76.6,24.43,2024.0,7
2024-07-22 23:00:00,4896,22.58,92.82,22.84,77.72,25.9,2024.0,7
2024-07-23 00:00:00,4897,21.97,94.95,22.47,79.31,27.89,2024.0,7
2024-07-23 01:00:00,4898,22.19,93.82,22.6,78.25,24.54,2024.0,7
2024-07-23 02:00:00,4899,21.64,94.37,22.09,78.72,21.88,2024.0,7
2024-07-23 03:00:00,4900,20.87,97.55,21.33,82.07,24.77,2024.0,7
2024-07-23 04:00:00,4901,20.33,99.75,20.6,85.76,35.44,2024.0,7
2024-07-23 05:00:00,4902,19.88,99.9,20.5,84.96,33.68,2024.0,7
2024-07-23 07:00:00,4904,24.53,85.77,27.01,64.82,,2024.0,7
2024-07-23 08:00:00,4905,29.31,58.34,31.01,52.29,58.41,2024.0,7
2024-07-23 09:00:00,4906,32.36,47.22,31.87,49.57,42.31,2024.0,7
2024-07-23 10:00:00,4907,33.08,45.03,32.14,49.09,44.8,2024.0,7
2024-07-23 11:00:00,4908,34.83,41.96,32.81,48.2,49.66,2024.0,7
2024-07-23 12:00:00,4909,35.67,39.35,34.04,45.12,50.2,2024.0,7
2024-07-23 13:00:00,4910,36.84,36.24,34.05,43.98,51.41,2024.0,7
2024-07-23 14:00:00,4911,34.97,41.23,32.61,48.5,59.2,2024.0,7
2024-07-23 15:00:00,4912,30.21,57.58,30.8,56.27,71.24,2024.0,7
2024-07-23 16:00:00,4913,29.02,65.58,29.48,60.05,68.28,2024.0,7
2024-07-23 17:00:00,4914,27.63,73.33,26.94,66.98,70.21,2024.0,7
2024-07-23 18:00:00,4915,26.57,79.74,26.32,69.56,71.89,2024.0,7
2024-07-23 19:00:00,4916,25.41,94.18,25.59,79.44,52.66,2024.0,7
2024-07-23 20:00:00,4917,24.36,97.32,24.68,81.99,48.52,2024.0,7
2024-07-23 21:00:00,4918,23.87,97.36,24.19,81.87,45.35,2024.0,7
2024-07-23 22:00:00,4919,23.42,97.43,23.78,81.79,39.44,2024.0,7
2024-07-23 23:00:00,4920,22.97,98.29,23.34,82.7,36.57,2024.0,7
2024-07-24 00:00:00,4921,22.94,95.88,23.32,80.22,28.65,2024.0,7
2024-07-24 01:00:00,4922,22.8,95.84,23.15,80.41,26.73,2024.0,7
2024-07-24 02:00:00,4923,22.48,96.43,22.82,81.04,27.24,2024.0,7
2024-07-24 03:00:00,4924,22.46,95.19,22.84,79.56,25.76,2024.0,7
2024-07-24 04:00:00,4925,22.36,94.83,22.75,79.19,26.01,2024.0,7
2024-07-24 05:00:00,4926,22.22,94.96,22.58,79.55,26.84,2024.0,7
2024-07-24 06:00:00,4927,22.04,96.41,22.77,79.89,36.16,2024.0,7
2024-07-24 07:00:00,4928,25.5,83.6,26.92,66.57,39.92,2024.0,7
2024-07-24 08:00:00,4929,29.87,56.65,30.77,53.3,48.03,2024.0,7
2024-07-24 09:00:00,4930,32.61,46.87,31.73,50.49,44.07,2024.0,7
2024-07-24 10:00:00,4931,32.97,44.45,31.72,49.41,37.86,2024.0,7
2024-07-24 11:00:00,4932,33.26,44.99,31.98,50.16,32.59,2024.0,7
2024-07-24 12:00:00,4933,34.88,42.21,32.99,48.89,29.8,2024.0,7
2024-07-24 13:00:00,4934,34.78,43.61,33.04,50.14,30.34,2024.0,7
2024-07-24 15:00:00,4936,30.24,59.19,29.33,60.6,34.07,2024.0,7
2024-07-24 16:00:00,4937,28.19,72.23,28.21,64.69,36.31,2024.0,7
2024-07-24 17:00:00,4938,26.97,80.98,27.12,69.43,33.73,2024.0,7
2024-07-24 18:00:00,4939,25.82,90.41,26.1,75.22,33.31,2024.0,7
2024-07-24 19:00:00,4940,25.19,91.38,25.43,76.45,33.68,2024.0,7
2024-07-24 20:00:00,4941,24.53,92.55,24.84,77.58,37.66,2024.0,7
2024-07-24 21:00:00,4942,23.86,94.49,24.12,80.02,30.2,2024.0,7
2024-07-24 22:00:00,4943,23.14,96.3,23.5,81.48,29.6,2024.0,7
2024-07-24 23:00:00,4944,22.58,97.25,22.98,82.23,25.62,2024.0,7
2024-07-25 00:00:00,4945,22.2,98.12,21.93,85.34,24.14,2024.0,7
2024-07-25 01:00:00,4946,21.98,99.07,22.29,84.26,26.35,2024.0,7
2024-07-25 02:00:00,4947,21.46,99.9,22.03,85.24,29.61,2024.0,7
2024-07-25 03:00:00,4948,21.02,99.9,21.52,86.05,25.62,2024.0,7
2024-07-25 04:00:00,4949,20.55,99.9,21.12,87.5,32.32,2024.0,7
2024-07-25 05:00:00,4950,20.15,99.9,20.66,89.1,32.72,2024.0,7
2024-07-25 06:00:00,4951,20.57,99.89,21.66,85.45,35.14,2024.0,7
2024-07-25 07:00:00,4952,24.77,92.19,25.44,73.87,60.01,2024.0,7
2024-07-25 08:00:00,4953,29.22,71.38,30.75,59.47,,2024.0,7
2024-07-25 09:00:00,4954,31.72,55.91,32.21,54.77,,2024.0,7
2024-07-25 11:00:00,4956,33.46,45.03,29.66,55.52,45.72,2024.0,7
2024-07-25 12:00:00,4957,34.88,43.34,31.72,52.48,49.67,2024.0,7
2024-07-25 13:00:00,4958,33.45,47.08,30.78,55.77,52.62,2024.0,7
2024-07-25 14:00:00,4959,30.95,54.97,29.9,58.96,52.83,2024.0,7
2024-07-25 15:00:00,4960,29.1,67.88,28.59,63.84,57.21,2024.0,7
2024-07-25 16:00:00,4961,27.72,74.55,27.62,66.21,47.79,2024.0,7
2024-07-25 17:00:00,4962,26.8,80.8,26.97,68.95,37.07,2024.0,7
2024-07-25 18:00:00,4963,25.82,89.36,26.11,74.46,36.75,2024.0,7
2024-07-25 19:00:00,4964,24.75,96.69,25.04,81.67,39.89,2024.0,7
2024-07-25 20:00:00,4965,24.11,99.19,24.58,83.33,41.67,2024.0,7
2024-07-25 21:00:00,4966,23.59,99.66,24.12,85.16,48.04,2024.0,7
2024-07-26 09:00:00,4978,31.95,51.23,28.49,60.38,50.76,2024.0,7
2024-07-26 10:00:00,4979,32.19,47.88,29.18,56.64,49.62,2024.0,7
2024-07-26 11:00:00,4980,32.84,44.73,30.46,52.18,43.69,2024.0,7
2024-07-26 12:00:00,4981,33.92,40.68,31.35,48.36,41.5,2024.0,7
2024-07-26 13:00:00,4982,35.0,37.34,31.63,46.42,44.52,2024.0,7
2024-07-26 14:00:00,4983,35.47,37.35,31.7,47.52,44.3,2024.0,7
2024-07-26 15:00:00,4984,34.11,40.02,31.11,49.48,44.28,2024.0,7
2024-07-26 16:00:00,4985,29.24,58.12,28.95,59.28,42.86,2024.0,7
2024-07-26 17:00:00,4986,27.52,71.74,27.74,64.14,43.97,2024.0,7
2024-07-26 18:00:00,4987,26.13,82.0,26.69,68.57,34.72,2024.0,7
2024-07-26 19:00:00,4988,25.44,87.67,26.01,72.33,36.0,2024.0,7
2024-07-26 20:00:00,4989,24.21,94.98,24.77,78.97,44.52,2024.0,7
2024-07-26 21:00:00,4990,23.59,97.15,24.22,80.86,51.9,2024.0,7
2024-07-26 22:00:00,4991,22.84,98.52,23.35,82.49,51.47,2024.0,7
2024-07-26 23:00:00,4992,22.19,99.82,22.78,83.6,42.3,2024.0,7
2024-07-27 00:00:00,4993,21.6,99.9,22.25,83.55,40.49,2024.0,7
2024-07-27 01:00:00,4994,20.84,99.9,21.29,84.43,44.46,2024.0,7
2024-07-27 02:00:00,4995,20.22,97.69,20.93,80.61,52.84,2024.0,7
2024-07-27 03:00:00,4996,19.83,98.14,20.47,82.48,58.74,2024.0,7
2024-07-27 04:00:00,4997,19.31,99.9,20.03,84.4,69.19,2024.0,7
2024-07-27 05:00:00,4998,19.01,99.9,19.72,85.51,,2024.0,7
2024-07-27 06:00:00,4999,19.36,99.89,19.96,89.6,,2024.0,7
2024-07-27 07:00:00,5000,24.97,86.98,24.1,74.35,,2024.0,7
2024-07-27 08:00:00,5001,28.77,64.22,25.72,67.15,71.14,2024.0,7
2024-07-27 09:00:00,5002,31.07,52.43,27.77,61.06,50.38,2024.0,7
2024-07-27 10:00:00,5003,31.0,52.42,28.63,59.25,42.41,2024.0,7
2024-07-27 11:00:00,5004,31.66,48.74,29.74,55.02,36.66,2024.0,7
2024-07-27 12:00:00,5005,33.64,45.31,31.1,52.85,43.7,2024.0,7
2024-07-27 13:00:00,5006,35.58,40.39,32.19,49.71,41.52,2024.0,7
2024-07-27 14:00:00,5007,35.1,39.87,31.68,49.56,39.8,2024.0,7
2024-07-27 15:00:00,5008,33.1,49.07,30.53,57.38,40.66,2024.0,7
2024-07-27 16:00:00,5009,29.24,66.5,28.96,62.4,43.07,2024.0,7
2024-07-27 17:00:00,5010,27.55,77.94,27.74,66.93,44.55,2024.0,7
2024-07-27 18:00:00,5011,26.29,89.1,26.67,73.41,38.54,2024.0,7
2024-07-27 19:00:00,5012,24.91,94.68,25.4,78.71,45.43,2024.0,7
2024-07-27 20:00:00,5013,23.94,96.07,24.51,79.73,35.86,2024.0,7
2024-07-27 21:00:00,5014,23.3,97.26,23.85,80.99,34.66,2024.0,7
2024-07-27 22:00:00,5015,22.69,98.89,23.24,82.35,32.56,2024.0,7
2024-07-27 23:00:00,5016,22.42,99.54,22.93,83.17,32.18,2024.0,7
2024-07-28 00:00:00,5017,21.96,99.9,22.48,84.16,33.19,2024.0,7
2024-07-28 01:00:00,5018,21.37,99.9,22.02,84.57,36.92,2024.0,7
2024-07-28 02:00:00,5019,20.94,99.9,21.6,84.36,43.16,2024.0,7
2024-07-28 03:00:00,5020,20.61,99.9,21.19,85.74,39.33,2024.0,7
2024-07-28 04:00:00,5021,20.2,99.9,20.67,87.28,46.0,2024.0,7
2024-07-28 05:00:00,5022,19.88,99.9,20.39,89.23,68.89,2024.0,7
2024-07-28 06:00:00,5023,19.93,99.9,20.29,89.95,,2024.0,7
2024-07-28 07:00:00,5024,24.45,91.05,24.5,75.78,,2024.0,7
2024-07-28 08:00:00,5025,29.72,64.6,28.27,62.76,72.72,2024.0,7
2024-07-28 09:00:00,5026,31.28,53.81,28.18,61.53,52.03,2024.0,7
2024-07-28 10:00:00,5027,32.19,47.92,29.38,56.59,39.23,2024.0,7
2024-07-28 11:00:00,5028,33.1,44.94,30.52,53.43,40.14,2024.0,7
2024-07-28 12:00:00,5029,34.28,42.3,31.95,50.39,37.7,2024.0,7
2024-07-28 13:00:00,5030,35.31,38.45,32.21,47.75,35.59,2024.0,7
2024-07-28 14:00:00,5031,35.09,38.78,32.12,48.5,39.93,2024.0,7
2024-07-28 15:00:00,5032,31.97,48.88,30.37,55.77,43.83,2024.0,7
2024-07-28 16:00:00,5033,28.98,67.57,28.65,63.16,47.62,2024.0,7
2024-07-28 17:00:00,5034,27.33,77.4,27.54,66.55,43.84,2024.0,7
2024-07-28 18:00:00,5035,25.67,88.54,25.98,73.1,29.43,2024.0,7
2024-07-28 19:00:00,5036,24.21,92.42,24.68,76.16,27.38,2024.0,7
2024-07-28 20:00:00,5037,23.25,94.15,23.74,78.08,27.07,2024.0,7
2024-07-28 21:00:00,5038,22.62,96.58,23.18,80.36,26.92,2024.0,7
2024-07-28 22:00:00,5039,22.09,98.64,22.61,82.33,28.54,2024.0,7
2024-07-28 23:00:00,5040,21.89,98.71,22.37,82.44,26.45,2024.0,7
2024-07-29 00:00:00,5041,21.57,98.67,22.11,82.39,25.14,2024.0,7
2024-07-29 01:00:00,5042,20.98,99.9,21.58,84.04,26.94,2024.0,7
2024-07-29 02:00:00,5043,20.54,99.9,21.13,84.04,25.64,2024.0,7
2024-07-29 03:00:00,5044,20.11,99.9,20.74,84.62,23.52,2024.0,7
2024-07-29 04:00:00,5045,19.75,99.9,20.45,86.39,31.58,2024.0,7
2024-07-29 05:00:00,5046,19.44,99.9,19.86,90.69,64.16,2024.0,7
2024-07-29 06:00:00,5047,20.22,99.81,20.42,87.89,75.64,2024.0,7
2024-07-29 07:00:00,5048,24.83,88.36,24.89,72.92,,2024.0,7
2024-07-29 08:00:00,5049,27.93,68.56,25.38,68.0,56.6,2024.0,7
2024-07-29 09:00:00,5050,29.97,59.04,27.08,64.05,51.0,2024.0,7
2024-07-29 10:00:00,5051,31.93,49.32,28.89,58.19,46.23,2024.0,7
2024-07-29 11:00:00,5052,33.35,47.11,30.6,55.9,47.28,2024.0,7
2024-07-29 12:00:00,5053,34.57,43.5,31.61,53.15,47.13,2024.0,7
2024-07-29 13:00:00,5054,34.72,44.98,31.38,55.75,48.24,2024.0,7
2024-07-29 14:00:00,5055,32.0,51.61,30.21,58.22,49.03,2024.0,7
2024-07-29 15:00:00,5056,29.59,63.0,29.1,61.27,47.23,2024.0,7
2024-07-29 16:00:00,5057,28.07,73.48,28.19,64.54,48.29,2024.0,7
2024-07-29 17:00:00,5058,27.34,78.47,27.52,67.22,45.94,2024.0,7
2024-07-29 18:00:00,5059,25.84,89.41,26.2,73.72,36.88,2024.0,7
2024-07-29 19:00:00,5060,24.5,93.05,25.02,76.74,38.95,2024.0,7
2024-07-29 20:00:00,5061,23.72,98.97,24.23,83.11,47.7,2024.0,7
2024-07-29 21:00:00,5062,22.92,99.9,23.48,84.06,48.49,2024.0,7
2024-07-29 23:00:00,5064,22.43,99.88,22.84,84.05,32.99,2024.0,7
2024-07-30 00:00:00,5065,22.52,99.74,22.82,85.03,42.65,2024.0,7
2024-07-30 01:00:00,5066,21.76,99.9,22.27,86.8,41.45,2024.0,7
2024-07-30 02:00:00,5067,21.51,99.9,22.07,85.1,31.81,2024.0,7
2024-07-30 03:00:00,5068,21.0,99.9,21.66,87.47,47.62,2024.0,7
2024-07-30 04:00:00,5069,20.45,99.9,20.7,91.03,58.72,2024.0,7
2024-07-30 05:00:00,5070,20.13,99.9,20.7,89.95,51.71,2024.0,7
2024-07-30 07:00:00,5072,25.02,91.57,24.73,77.07,,2024.0,7
2024-07-30 08:00:00,5073,29.01,68.49,26.47,68.06,,2024.0,7
2024-07-30 10:00:00,5075,31.96,48.75,28.9,58.56,48.86,2024.0,7
2024-07-30 11:00:00,5076,33.39,43.47,30.98,52.27,45.76,2024.0,7
2024-07-30 12:00:00,5077,34.97,38.76,32.24,48.35,43.7,2024.0,7
2024-07-30 13:00:00,5078,35.37,36.97,32.1,47.85,41.79,2024.0,7
2024-07-30 14:00:00,5079,30.91,44.12,30.12,50.72,40.9,2024.0,7
2024-07-30 15:00:00,5080,30.04,58.43,29.85,58.04,57.07,2024.0,7
2024-07-30 16:00:00,5081,29.47,63.93,28.52,62.51,52.18,2024.0,7
2024-07-30 17:00:00,5082,28.63,64.97,28.5,61.31,46.83,2024.0,7
2024-07-30 19:00:00,5084,25.18,90.68,25.76,73.99,39.92,2024.0,7
2024-07-30 20:00:00,5085,24.4,93.29,24.97,76.94,46.6,2024.0,7
2024-07-30 21:00:00,5086,23.36,98.11,23.97,81.83,53.06,2024.0,7
2024-07-30 23:00:00,5088,22.4,99.9,22.97,86.54,41.52,2024.0,7
2024-07-31 00:00:00,5089,21.81,99.9,22.37,88.19,43.43,2024.0,7
2024-07-31 01:00:00,5090,21.24,99.9,21.62,90.95,54.23,2024.0,7
2024-07-31 02:00:00,5091,21.15,99.9,20.97,92.18,58.46,2024.0,7
2024-07-31 03:00:00,5092,20.62,99.9,20.55,92.88,,2024.0,7
2024-07-31 04:00:00,5093,20.49,99.9,21.21,88.59,51.92,2024.0,7
2024-07-31 05:00:00,5094,19.84,99.9,20.28,90.85,58.29,2024.0,7
2024-07-31 06:00:00,5095,20.13,99.9,20.64,91.07,,2024.0,7
2024-07-31 07:00:00,5096,25.94,88.59,26.73,70.56,68.09,2024.0,7
2024-07-31 08:00:00,5097,29.65,67.7,27.18,67.24,71.72,2024.0,7
2024-07-31 09:00:00,5098,31.43,56.67,28.73,62.54,64.33,2024.0,7
2024-07-31 10:00:00,5099,32.13,52.69,29.39,60.67,53.66,2024.0,7
2024-07-31 11:00:00,5100,32.86,47.53,30.5,56.36,45.47,2024.0,7
2024-07-31 12:00:00,5101,33.52,42.13,31.45,50.94,40.97,2024.0,7
2024-07-31 13:00:00,5102,34.52,38.14,31.26,50.01,38.55,2024.0,7
2024-07-31 14:00:00,5103,34.27,41.09,31.57,52.15,41.3,2024.0,7
2024-07-31 15:00:00,5104,31.16,52.66,30.19,57.14,43.57,2024.0,7
2024-07-31 16:00:00,5105,28.83,68.63,28.41,64.1,46.79,2024.0,7
2024-07-31 17:00:00,5106,27.8,79.67,27.85,68.45,46.8,2024.0,7
2024-07-31 18:00:00,5107,26.64,89.98,27.02,73.93,46.23,2024.0,7
2024-07-31 19:00:00,5108,25.38,96.54,25.91,79.73,52.84,2024.0,7
2024-07-31 20:00:00,5109,24.56,99.49,25.04,82.97,54.53,2024.0,7
2024-07-31 21:00:00,5110,23.95,99.9,24.52,85.38,58.45,2024.0,7
2024-07-31 22:00:00,5111,23.5,99.9,24.08,85.91,61.87,2024.0,7
2024-07-31 23:00:00,5112,23.28,99.9,23.82,86.28,59.32,2024.0,7
2024-08-01 00:00:00,5113,23.0,99.9,23.52,87.37,61.71,2024.0,8
2024-08-01 01:00:00,5114,22.87,99.9,23.42,85.74,44.39,2024.0,8
2024-08-01 05:00:00,5118,21.32,99.9,21.9,87.98,49.0,2024.0,8
2024-08-01 06:00:00,5119,21.85,99.82,22.3,87.66,63.17,2024.0,8
2024-08-01 07:00:00,5120,26.03,88.64,24.57,77.46,52.95,2024.0,8
2024-08-01 08:00:00,5121,30.02,68.99,28.02,67.59,51.11,2024.0,8
2024-08-01 09:00:00,5122,33.39,48.71,30.4,58.49,44.76,2024.0,8
2024-08-01 10:00:00,5123,33.87,46.67,30.9,57.63,41.61,2024.0,8
2024-08-01 11:00:00,5124,34.14,47.81,31.65,57.53,43.78,2024.0,8
2024-08-01 12:00:00,5125,34.27,47.22,31.65,57.54,43.96,2024.0,8
2024-08-01 13:00:00,5126,34.71,47.68,32.39,56.6,54.73,2024.0,8
2024-08-01 14:00:00,5127,29.16,81.13,29.59,68.44,58.99,2024.0,8
2024-08-01 15:00:00,5128,27.84,84.15,28.32,69.83,43.13,2024.0,8
2024-08-01 16:00:00,5129,28.04,83.57,28.06,70.86,42.71,2024.0,8
2024-08-01 17:00:00,5130,26.09,88.86,26.41,73.49,51.9,2024.0,8
2024-08-01 18:00:00,5131,25.74,92.63,26.28,76.1,62.21,2024.0,8
2024-08-01 19:00:00,5132,25.62,94.2,25.93,78.51,66.9,2024.0,8
2024-08-01 20:00:00,5133,24.53,99.27,24.89,83.67,63.2,2024.0,8
2024-08-01 23:00:00,5136,23.95,99.9,24.16,89.43,58.4,2024.0,8
2024-08-02 00:00:00,5137,24.35,99.9,24.61,86.92,47.08,2024.0,8
2024-08-02 01:00:00,5138,23.74,99.9,24.02,86.21,33.32,2024.0,8
2024-08-02 02:00:00,5139,22.9,99.9,23.22,89.54,33.98,2024.0,8
2024-08-02 03:00:00,5140,22.33,99.9,22.9,88.81,29.3,2024.0,8
2024-08-02 06:00:00,5143,22.17,99.9,21.88,95.27,71.31,2024.0,8
2024-08-02 07:00:00,5144,26.6,95.06,27.16,77.15,62.87,2024.0,8
2024-08-02 08:00:00,5145,27.99,87.57,26.27,77.16,48.74,2024.0,8
2024-08-02 09:00:00,5146,31.53,71.07,28.04,72.95,43.23,2024.0,8
2024-08-02 11:00:00,5148,33.11,59.77,30.05,66.06,24.0,2024.0,8
2024-08-02 12:00:00,5149,32.43,62.38,29.96,66.18,25.52,2024.0,8
2024-08-02 13:00:00,5150,33.53,58.25,30.97,64.17,24.21,2024.0,8
2024-08-02 14:00:00,5151,33.26,58.51,30.45,65.38,21.17,2024.0,8
2024-08-02 15:00:00,5152,29.81,77.64,29.23,70.2,37.21,2024.0,8
2024-08-02 16:00:00,5153,27.55,88.28,27.23,75.58,37.26,2024.0,8
2024-08-02 17:00:00,5154,25.42,97.32,25.07,86.15,35.59,2024.0,8
2024-08-02 20:00:00,5157,23.57,99.9,24.02,93.64,43.66,2024.0,8
2024-08-02 21:00:00,5158,22.85,99.9,23.35,92.91,29.92,2024.0,8
2024-08-02 22:00:00,5159,21.91,99.9,22.49,93.78,22.38,2024.0,8
2024-08-02 23:00:00,5160,22.09,99.9,22.54,93.04,24.17,2024.0,8
2024-08-03 00:00:00,5161,22.48,99.9,23.02,92.52,16.86,2024.0,8
2024-08-03 02:00:00,5163,22.04,99.9,22.35,95.5,40.69,2024.0,8
2024-08-03 06:00:00,5167,21.92,99.9,22.24,96.42,36.96,2024.0,8
2024-08-03 07:00:00,5168,23.37,99.9,22.71,94.46,50.19,2024.0,8
2024-08-03 08:00:00,5169,28.47,88.91,26.84,78.88,40.78,2024.0,8
2024-08-03 09:00:00,5170,31.68,71.74,29.47,70.11,47.61,2024.0,8
2024-08-03 10:00:00,5171,32.65,63.17,30.25,66.27,33.33,2024.0,8
2024-08-03 11:00:00,5172,32.34,61.05,30.13,65.0,25.62,2024.0,8
2024-08-03 12:00:00,5173,33.14,53.61,31.01,60.94,26.97,2024.0,8
2024-08-03 13:00:00,5174,32.85,52.72,30.96,60.08,29.7,2024.0,8
2024-08-03 14:00:00,5175,30.74,65.51,29.28,66.13,30.59,2024.0,8
2024-08-03 15:00:00,5176,25.55,97.78,25.79,81.01,32.47,2024.0,8
2024-08-03 16:00:00,5177,23.86,99.9,24.16,86.26,30.54,2024.0,8
2024-08-03 17:00:00,5178,23.74,99.9,23.09,92.33,33.42,2024.0,8
2024-08-03 19:00:00,5180,23.75,99.9,24.11,90.19,77.68,2024.0,8
2024-08-03 21:00:00,5182,23.48,99.9,23.96,92.22,72.43,2024.0,8
2024-08-03 22:00:00,5183,23.05,99.9,23.64,93.58,77.36,2024.0,8
2024-08-03 23:00:00,5184,22.62,99.9,23.28,93.75,81.69,2024.0,8
2024-08-04 00:00:00,5185,22.04,99.9,22.79,90.89,48.26,2024.0,8
2024-08-04 01:00:00,5186,21.72,99.9,22.39,89.28,29.48,2024.0,8
2024-08-04 03:00:00,5188,21.71,99.9,22.25,88.4,33.81,2024.0,8
2024-08-04 04:00:00,5189,21.65,99.9,22.14,87.79,30.73,2024.0,8
2024-08-04 05:00:00,5190,21.28,99.9,21.81,91.18,44.82,2024.0,8
2024-08-04 06:00:00,5191,21.64,99.9,21.74,93.06,59.49,2024.0,8
2024-08-04 07:00:00,5192,26.71,89.48,25.71,76.94,42.4,2024.0,8
2024-08-04 09:00:00,5194,30.85,58.49,28.62,64.42,39.17,2024.0,8
2024-08-04 10:00:00,5195,31.78,51.18,29.75,60.59,28.54,2024.0,8
2024-08-04 11:00:00,5196,32.58,44.59,30.43,57.01,24.5,2024.0,8
2024-08-04 12:00:00,5197,33.64,38.83,31.44,53.06,25.4,2024.0,8
2024-08-04 13:00:00,5198,35.64,32.93,32.06,51.05,27.62,2024.0,8
2024-08-04 14:00:00,5199,35.3,32.65,31.6,51.68,27.27,2024.0,8
2024-08-04 15:00:00,5200,31.01,43.27,30.0,54.83,27.31,2024.0,8
2024-08-04 16:00:00,5201,29.45,52.54,29.28,57.73,31.07,2024.0,8
2024-08-04 17:00:00,5202,27.68,59.61,27.95,60.34,26.93,2024.0,8
2024-08-04 18:00:00,5203,26.24,70.9,26.69,65.14,29.9,2024.0,8
2024-08-04 19:00:00,5204,24.91,81.86,25.41,69.43,25.57,2024.0,8
2024-08-04 21:00:00,5206,23.38,92.57,23.93,75.31,17.84,2024.0,8
2024-08-04 22:00:00,5207,22.72,94.15,23.35,76.55,18.88,2024.0,8
2024-08-04 23:00:00,5208,22.6,93.91,23.2,76.37,18.42,2024.0,8
2024-08-05 00:00:00,5209,22.02,96.69,22.59,79.14,22.83,2024.0,8
2024-08-05 01:00:00,5210,21.21,99.22,21.76,81.34,33.14,2024.0,8
2024-08-05 05:00:00,5214,18.59,99.9,19.25,83.01,50.69,2024.0,8
2024-08-05 06:00:00,5215,19.42,99.44,19.45,85.81,67.9,2024.0,8
2024-08-05 07:00:00,5216,25.51,75.62,23.7,71.8,,2024.0,8
2024-08-05 08:00:00,5217,29.58,52.64,27.86,59.77,50.97,2024.0,8
2024-08-05 09:00:00,5218,31.9,38.27,29.6,52.21,33.53,2024.0,8
2024-08-05 10:00:00,5219,33.63,27.57,30.52,44.02,23.62,2024.0,8
2024-08-05 11:00:00,5220,33.5,24.95,30.7,40.73,16.93,2024.0,8
2024-08-05 12:00:00,5221,34.21,24.89,31.82,40.12,18.03,2024.0,8
2024-08-05 13:00:00,5222,35.97,23.46,33.03,39.17,15.69,2024.0,8
2024-08-05 14:00:00,5223,34.36,27.8,31.6,45.21,24.73,2024.0,8
2024-08-05 15:00:00,5224,31.74,45.01,30.58,55.58,42.55,2024.0,8
2024-08-05 16:00:00,5225,28.63,69.84,28.86,65.02,54.24,2024.0,8
2024-08-05 17:00:00,5226,28.09,64.62,28.12,62.67,39.56,2024.0,8
2024-08-05 18:00:00,5227,26.3,88.92,26.55,73.61,37.8,2024.0,8
2024-08-05 19:00:00,5228,25.49,87.25,25.69,72.62,28.74,2024.0,8
2024-08-05 20:00:00,5229,24.02,94.55,24.38,77.92,27.31,2024.0,8
2024-08-05 21:00:00,5230,23.02,99.87,23.53,82.32,29.35,2024.0,8
2024-08-05 22:00:00,5231,22.19,99.9,22.29,86.92,34.24,2024.0,8
2024-08-06 03:00:00,5236,19.95,99.9,20.58,91.28,57.93,2024.0,8
2024-08-06 04:00:00,5237,19.82,99.9,20.64,88.48,52.7,2024.0,8
2024-08-06 05:00:00,5238,19.76,99.9,20.56,87.5,46.21,2024.0,8
2024-08-06 06:00:00,5239,20.46,99.9,20.93,87.0,58.2,2024.0,8
2024-08-06 07:00:00,5240,25.58,85.74,25.73,71.79,72.09,2024.0,8
2024-08-06 08:00:00,5241,28.71,65.21,26.17,69.53,73.21,2024.0,8
2024-08-06 09:00:00,5242,31.29,49.74,28.08,62.36,51.97,2024.0,8
2024-08-06 10:00:00,5243,32.58,38.29,29.52,55.15,41.66,2024.0,8
2024-08-06 11:00:00,5244,33.11,32.17,30.56,49.2,38.41,2024.0,8
2024-08-06 12:00:00,5245,35.64,24.44,33.08,40.26,31.9,2024.0,8
2024-08-06 13:00:00,5246,36.18,24.29,32.55,42.41,35.59,2024.0,8
2024-08-06 14:00:00,5247,33.71,32.25,30.48,51.16,42.14,2024.0,8
2024-08-06 15:00:00,5248,30.69,48.03,30.33,56.16,47.43,2024.0,8
2024-08-06 16:00:00,5249,28.96,64.54,29.26,62.77,53.07,2024.0,8
2024-08-06 17:00:00,5250,28.02,68.36,27.81,66.16,61.0,2024.0,8
2024-08-06 18:00:00,5251,26.78,80.76,26.73,71.27,45.54,2024.0,8
2024-08-06 19:00:00,5252,25.33,89.34,25.71,74.02,40.62,2024.0,8
2024-08-06 20:00:00,5253,24.37,95.42,24.78,78.63,46.59,2024.0,8
2024-08-06 21:00:00,5254,23.62,99.68,24.09,82.09,42.9,2024.0,8
2024-08-06 22:00:00,5255,22.95,99.9,23.37,83.74,32.94,2024.0,8
2024-08-07 00:00:00,5257,21.75,99.9,21.76,84.34,27.01,2024.0,8
2024-08-07 01:00:00,5258,21.35,99.9,21.29,84.83,26.11,2024.0,8
2024-08-07 02:00:00,5259,20.92,99.9,21.53,83.34,28.3,2024.0,8
2024-08-07 04:00:00,5261,20.08,99.9,20.68,82.67,22.27,2024.0,8
2024-08-07 05:00:00,5262,19.69,99.9,20.37,82.68,29.09,2024.0,8
2024-08-07 06:00:00,5263,20.74,97.15,21.17,79.81,35.51,2024.0,8
2024-08-07 07:00:00,5264,26.52,63.71,24.92,65.74,45.99,2024.0,8
2024-08-07 08:00:00,5265,29.15,49.65,26.0,62.64,48.11,2024.0,8
2024-08-07 09:00:00,5266,31.58,37.58,28.35,54.94,40.57,2024.0,8
2024-08-07 10:00:00,5267,32.66,32.04,29.67,50.67,37.48,2024.0,8
2024-08-07 11:00:00,5268,32.39,30.46,29.95,48.3,33.3,2024.0,8
2024-08-07 12:00:00,5269,33.15,32.32,30.98,49.75,38.61,2024.0,8
2024-08-07 13:00:00,5270,33.66,32.75,31.19,50.51,38.97,2024.0,8
2024-08-07 14:00:00,5271,32.81,37.14,30.69,53.62,39.63,2024.0,8
2024-08-07 15:00:00,5272,32.48,37.17,30.44,53.55,38.38,2024.0,8
2024-08-07 16:00:00,5273,30.56,47.63,29.65,57.35,42.5,2024.0,8
2024-08-07 17:00:00,5274,28.69,59.26,28.09,62.87,47.6,2024.0,8
2024-08-07 18:00:00,5275,26.05,78.65,26.38,69.66,46.05,2024.0,8
2024-08-07 19:00:00,5276,24.69,89.73,25.12,74.15,39.61,2024.0,8
2024-08-07 20:00:00,5277,24.11,90.68,24.68,74.28,37.52,2024.0,8
2024-08-07 22:00:00,5279,22.82,97.01,23.47,79.58,45.38,2024.0,8
2024-08-07 23:00:00,5280,22.52,99.6,23.11,81.74,43.95,2024.0,8
2024-08-08 00:00:00,5281,22.04,99.9,22.65,83.59,41.09,2024.0,8
2024-08-08 03:00:00,5284,20.86,99.9,21.43,87.27,47.41,2024.0,8
2024-08-08 04:00:00,5285,20.35,99.9,20.87,88.31,67.25,2024.0,8
2024-08-08 05:00:00,5286,20.21,99.9,20.82,88.19,69.86,2024.0,8
2024-08-08 06:00:00,5287,20.72,99.9,21.28,88.01,80.01,2024.0,8
2024-08-08 07:00:00,5288,23.6,97.31,22.95,82.74,77.59,2024.0,8
2024-08-08 08:00:00,5289,24.53,95.29,24.02,80.8,78.07,2024.0,8
2024-08-08 09:00:00,5290,26.44,87.9,25.45,77.1,43.73,2024.0,8
2024-08-08 10:00:00,5291,28.86,72.72,27.65,69.91,40.48,2024.0,8
2024-08-08 11:00:00,5292,29.81,64.83,28.25,67.38,40.93,2024.0,8
2024-08-08 12:00:00,5293,29.78,66.89,28.35,68.53,38.4,2024.0,8
2024-08-08 13:00:00,5294,29.2,71.99,28.02,70.67,32.41,2024.0,8
2024-08-08 14:00:00,5295,31.79,55.04,29.31,64.06,24.3,2024.0,8
2024-08-08 15:00:00,5296,32.03,54.68,29.41,64.59,27.55,2024.0,8
2024-08-08 16:00:00,5297,30.94,60.64,28.69,67.67,29.86,2024.0,8
2024-08-08 17:00:00,5298,27.82,77.76,27.39,71.75,29.68,2024.0,8
2024-08-08 18:00:00,5299,25.45,92.52,25.92,76.54,29.36,2024.0,8
2024-08-08 19:00:00,5300,24.41,96.95,24.94,79.74,26.24,2024.0,8
2024-08-08 20:00:00,5301,23.61,99.75,24.17,82.27,23.49,2024.0,8
2024-08-08 21:00:00,5302,23.04,99.9,23.59,84.59,22.9,2024.0,8
2024-08-08 22:00:00,5303,22.93,99.9,23.5,84.66,25.23,2024.0,8
2024-08-08 23:00:00,5304,22.65,99.9,23.26,84.17,22.88,2024.0,8
2024-08-09 02:00:00,5307,21.69,99.9,22.37,86.18,28.9,2024.0,8
2024-08-09 03:00:00,5308,21.64,99.9,22.29,86.71,27.44,2024.0,8
2024-08-09 04:00:00,5309,21.5,99.9,22.19,87.89,27.51,2024.0,8
2024-08-09 06:00:00,5311,22.4,99.71,22.53,87.02,29.52,2024.0,8
2024-08-09 07:00:00,5312,26.33,87.73,24.9,78.48,26.0,2024.0,8
2024-08-09 08:00:00,5313,28.4,71.25,26.6,71.78,34.76,2024.0,8
2024-08-09 09:00:00,5314,30.89,58.93,28.74,65.57,37.11,2024.0,8
2024-08-09 10:00:00,5315,31.63,55.79,29.28,64.71,37.6,2024.0,8
2024-08-09 11:00:00,5316,31.38,55.83,29.83,62.86,36.79,2024.0,8
2024-08-09 12:00:00,5317,32.06,50.62,30.42,60.14,32.39,2024.0,8
2024-08-09 13:00:00,5318,33.53,45.76,30.9,60.07,32.53,2024.0,8
2024-08-09 14:00:00,5319,34.01,43.85,31.19,59.55,33.44,2024.0,8
2024-08-09 15:00:00,5320,33.72,43.19,30.9,59.52,34.53,2024.0,8
2024-08-09 16:00:00,5321,31.17,54.73,29.44,63.73,38.83,2024.0,8
2024-08-09 17:00:00,5322,27.42,75.99,27.27,70.73,39.38,2024.0,8
2024-08-09 18:00:00,5323,25.38,90.46,25.75,75.64,32.44,2024.0,8
2024-08-09 19:00:00,5324,24.53,94.28,25.08,77.89,30.1,2024.0,8
2024-08-09 21:00:00,5326,22.74,99.9,23.32,82.89,28.23,2024.0,8
2024-08-09 22:00:00,5327,22.16,99.9,22.3,85.66,25.48,2024.0,8
2024-08-09 23:00:00,5328,21.74,99.9,21.68,88.46,25.75,2024.0,8
2024-08-10 00:00:00,5329,21.53,99.9,22.07,86.83,31.11,2024.0,8
2024-08-10 03:00:00,5332,21.64,99.9,21.84,88.43,49.51,2024.0,8
2024-08-10 04:00:00,5333,21.66,99.9,21.78,88.98,55.15,2024.0,8
2024-08-10 05:00:00,5334,20.99,99.9,21.31,90.26,60.12,2024.0,8
2024-08-10 06:00:00,5335,21.28,99.9,21.57,89.42,69.46,2024.0,8
2024-08-10 07:00:00,5336,25.92,87.91,24.54,79.91,72.21,2024.0,8
2024-08-10 08:00:00,5337,29.27,67.04,26.96,71.17,57.97,2024.0,8
2024-08-10 09:00:00,5338,31.14,55.46,28.97,63.79,43.69,2024.0,8
2024-08-10 10:00:00,5339,31.57,53.85,30.01,61.43,32.67,2024.0,8
2024-08-10 11:00:00,5340,33.38,41.95,31.37,56.03,30.31,2024.0,8
2024-08-10 12:00:00,5341,34.28,36.23,31.92,53.33,32.77,2024.0,8
2024-08-10 13:00:00,5342,35.41,34.15,32.01,54.22,37.0,2024.0,8
2024-08-10 14:00:00,5343,35.28,33.07,32.11,53.14,32.55,2024.0,8
2024-08-10 15:00:00,5344,34.77,31.83,30.77,54.07,32.52,2024.0,8
2024-08-10 16:00:00,5345,30.71,47.85,29.66,58.39,37.31,2024.0,8
2024-08-10 17:00:00,5346,28.56,68.26,28.53,66.97,46.1,2024.0,8
2024-08-10 19:00:00,5348,25.44,97.57,25.89,81.41,45.25,2024.0,8
2024-08-10 20:00:00,5349,24.5,98.3,24.99,81.18,34.96,2024.0,8
2024-08-10 21:00:00,5350,23.9,99.9,24.44,84.04,39.73,2024.0,8
2024-08-10 23:00:00,5352,23.15,99.9,23.69,86.57,38.63,2024.0,8
2024-08-11 00:00:00,5353,23.05,99.9,23.59,85.63,31.22,2024.0,8
2024-08-11 01:00:00,5354,22.87,99.9,23.21,84.72,23.06,2024.0,8
2024-08-11 02:00:00,5355,22.66,97.94,23.13,80.7,20.9,2024.0,8
2024-08-11 03:00:00,5356,22.17,98.73,22.52,81.88,21.19,2024.0,8
2024-08-11 04:00:00,5357,22.14,98.12,22.57,81.2,23.41,2024.0,8
2024-08-11 07:00:00,5360,25.28,84.67,24.36,76.71,51.92,2024.0,8
2024-08-11 08:00:00,5361,29.09,59.68,27.17,65.6,37.33,2024.0,8
2024-08-11 09:00:00,5362,31.99,45.63,29.07,60.4,37.97,2024.0,8
2024-08-11 10:00:00,5363,33.04,38.16,30.15,56.07,36.34,2024.0,8
2024-08-11 11:00:00,5364,33.97,35.04,31.36,53.5,38.6,2024.0,8
2024-08-11 12:00:00,5365,33.4,33.99,30.8,52.78,36.9,2024.0,8
2024-08-11 13:00:00,5366,33.45,31.41,30.77,51.14,34.68,2024.0,8
2024-08-11 14:00:00,5367,34.0,33.39,31.07,53.52,39.03,2024.0,8
2024-08-11 15:00:00,5368,31.61,44.08,29.74,58.51,40.17,2024.0,8
2024-08-11 16:00:00,5369,28.29,60.99,27.55,65.42,38.24,2024.0,8
2024-08-11 17:00:00,5370,26.18,73.15,26.35,69.12,38.17,2024.0,8
2024-08-11 18:00:00,5371,24.47,80.41,24.59,72.33,29.4,2024.0,8
2024-08-11 19:00:00,5372,23.25,90.72,23.51,76.84,24.05,2024.0,8
2024-08-11 21:00:00,5374,22.18,94.31,22.71,78.72,20.75,2024.0,8
2024-08-11 23:00:00,5376,21.43,92.04,21.96,76.72,17.51,2024.0,8
2024-08-12 00:00:00,5377,20.87,88.35,21.45,73.93,16.31,2024.0,8
2024-08-12 01:00:00,5378,20.71,84.72,21.23,72.53,17.35,2024.0,8
2024-08-12 04:00:00,5381,19.33,89.09,19.92,74.65,12.91,2024.0,8
2024-08-12 06:00:00,5383,19.52,84.22,20.18,71.9,24.12,2024.0,8
2024-08-12 07:00:00,5384,22.69,65.22,22.1,65.58,37.96,2024.0,8
2024-08-12 08:00:00,5385,27.63,44.72,25.3,58.29,46.37,2024.0,8
2024-08-12 09:00:00,5386,29.05,37.96,26.56,55.21,46.34,2024.0,8
2024-08-12 10:00:00,5387,30.51,34.96,27.91,53.56,42.72,2024.0,8
2024-08-12 11:00:00,5388,31.81,33.83,29.28,52.75,41.57,2024.0,8
2024-08-12 12:00:00,5389,33.92,31.61,31.37,50.71,28.97,2024.0,8
2024-08-12 13:00:00,5390,35.01,28.61,31.76,49.37,0.0,2024.0,8
2024-08-12 14:00:00,5391,31.0,39.95,29.38,55.49,0.0,2024.0,8
2024-08-12 15:00:00,5392,29.96,47.07,29.17,57.45,0.0,2024.0,8
2024-08-12 16:00:00,5393,28.33,54.88,27.97,60.68,0.0,2024.0,8
2024-08-12 17:00:00,5394,26.58,62.74,26.03,65.9,0.0,2024.0,8
2024-08-12 20:00:00,5397,22.75,89.12,23.4,75.11,35.64,2024.0,8
2024-08-12 21:00:00,5398,22.01,92.92,22.61,77.94,33.28,2024.0,8
2024-08-12 22:00:00,5399,21.31,96.58,21.92,80.82,34.04,2024.0,8
2024-08-12 23:00:00,5400,20.67,99.77,21.29,83.87,31.56,2024.0,8
2024-08-13 00:00:00,5401,20.21,99.9,20.77,85.7,35.26,2024.0,8
2024-08-13 02:00:00,5403,19.45,99.9,20.21,85.24,31.45,2024.0,8
2024-08-13 03:00:00,5404,19.05,99.9,19.72,87.05,37.17,2024.0,8
2024-08-13 04:00:00,5405,18.59,99.9,18.19,92.9,46.28,2024.0,8
2024-08-13 06:00:00,5407,18.78,99.9,19.31,90.9,,2024.0,8
2024-08-13 07:00:00,5408,24.16,85.94,24.44,73.49,,2024.0,8
2024-08-13 08:00:00,5409,28.21,60.91,26.24,66.11,,2024.0,8
2024-08-13 10:00:00,5411,32.27,38.45,29.72,55.11,61.23,2024.0,8
2024-08-13 11:00:00,5412,32.76,29.59,30.7,47.65,44.9,2024.0,8
2024-08-13 12:00:00,5413,34.31,25.64,32.21,43.49,37.13,2024.0,8
2024-08-13 13:00:00,5414,35.95,24.01,32.98,43.2,1.28,2024.0,8
2024-08-13 14:00:00,5415,34.4,26.04,31.54,46.05,0.0,2024.0,8
2024-08-13 15:00:00,5416,31.87,33.86,30.52,50.92,0.0,2024.0,8
2024-08-13 16:00:00,5417,29.76,46.38,29.5,55.81,0.0,2024.0,8
2024-08-13 17:00:00,5418,28.6,57.35,28.34,61.62,2.08,2024.0,8
2024-08-13 18:00:00,5419,25.77,79.87,26.12,71.19,55.14,2024.0,8
2024-08-13 19:00:00,5420,24.48,87.8,25.06,73.72,48.1,2024.0,8
2024-08-13 20:00:00,5421,23.61,93.35,24.17,77.56,47.99,2024.0,8
2024-08-13 21:00:00,5422,22.77,97.77,23.28,81.25,44.95,2024.0,8
2024-08-13 22:00:00,5423,22.01,99.9,22.61,82.92,38.88,2024.0,8
2024-08-14 00:00:00,5425,20.78,99.9,21.43,85.36,40.85,2024.0,8
2024-08-14 01:00:00,5426,20.41,99.9,21.08,85.43,34.35,2024.0,8
2024-08-14 02:00:00,5427,19.9,99.9,20.51,87.15,41.56,2024.0,8
2024-08-14 03:00:00,5428,19.59,99.9,20.28,88.05,58.89,2024.0,8
2024-08-14 06:00:00,5431,19.76,99.52,20.08,88.87,,2024.0,8
2024-08-14 07:00:00,5432,24.17,83.31,23.0,75.51,62.38,2024.0,8
2024-08-14 08:00:00,5433,28.24,61.32,25.98,67.07,70.31,2024.0,8
2024-08-14 09:00:00,5434,30.45,52.06,27.72,63.01,62.14,2024.0,8
2024-08-14 10:00:00,5435,30.64,50.21,28.61,60.51,45.59,2024.0,8
2024-08-14 11:00:00,5436,31.67,44.27,30.13,55.99,39.03,2024.0,8
2024-08-14 12:00:00,5437,32.87,38.24,31.05,53.13,36.07,2024.0,8
2024-08-14 13:00:00,5438,34.38,34.4,31.75,52.5,37.83,2024.0,8
2024-08-14 14:00:00,5439,34.37,34.27,31.62,53.08,35.76,2024.0,8
2024-08-14 15:00:00,5440,33.44,34.98,31.1,53.04,30.24,2024.0,8
2024-08-14 16:00:00,5441,29.99,45.72,29.76,55.19,30.8,2024.0,8
2024-08-14 17:00:00,5442,28.21,59.98,28.23,62.31,43.83,2024.0,8
2024-08-14 18:00:00,5443,25.28,81.45,25.8,71.17,42.4,2024.0,8
2024-08-14 19:00:00,5444,24.03,92.03,24.57,76.28,31.37,2024.0,8
2024-08-14 20:00:00,5445,23.02,91.71,23.49,76.04,25.57,2024.0,8
2024-08-14 21:00:00,5446,22.42,91.4,22.89,75.83,25.3,2024.0,8
2024-08-14 22:00:00,5447,21.9,93.47,22.34,77.81,25.51,2024.0,8
2024-08-14 23:00:00,5448,21.31,94.91,20.91,81.73,26.85,2024.0,8
2024-08-15 03:00:00,5452,19.51,99.47,20.12,82.11,28.45,2024.0,8
2024-08-15 04:00:00,5453,19.19,99.9,19.91,83.86,35.37,2024.0,8
2024-08-15 05:00:00,5454,18.87,99.9,19.27,91.09,81.25,2024.0,8
2024-08-15 06:00:00,5455,20.39,97.98,20.26,83.54,44.82,2024.0,8
2024-08-15 07:00:00,5456,25.06,77.17,23.35,74.47,61.96,2024.0,8
2024-08-15 08:00:00,5457,28.56,57.85,27.14,63.09,53.6,2024.0,8
2024-08-15 09:00:00,5458,30.42,46.53,29.27,55.92,36.36,2024.0,8
2024-08-15 10:00:00,5459,31.69,42.05,30.1,54.72,36.93,2024.0,8
2024-08-15 11:00:00,5460,32.69,38.43,30.81,53.57,35.11,2024.0,8
2024-08-15 12:00:00,5461,34.77,32.01,33.35,48.09,30.76,2024.0,8
2024-08-15 13:00:00,5462,37.21,26.85,34.42,46.11,31.27,2024.0,8
2024-08-15 14:00:00,5463,35.49,30.42,33.16,49.07,36.9,2024.0,8
2024-08-15 15:00:00,5464,31.22,48.79,31.34,55.81,52.24,2024.0,8
2024-08-15 16:00:00,5465,30.46,56.64,30.04,61.38,54.5,2024.0,8
2024-08-15 17:00:00,5466,27.01,73.28,26.64,70.53,49.7,2024.0,8
2024-08-15 18:00:00,5467,24.72,88.08,25.12,74.6,35.87,2024.0,8
2024-08-15 19:00:00,5468,23.7,94.38,24.18,78.58,33.45,2024.0,8
2024-08-15 20:00:00,5469,23.41,95.8,23.8,79.85,29.93,2024.0,8
2024-08-15 21:00:00,5470,22.96,96.86,23.42,80.39,28.39,2024.0,8
2024-08-15 22:00:00,5471,22.4,99.39,22.76,83.04,26.53,2024.0,8
2024-08-15 23:00:00,5472,21.72,99.9,22.15,84.8,25.85,2024.0,8
2024-08-16 00:00:00,5473,21.27,99.9,21.63,84.91,25.5,2024.0,8
2024-08-16 01:00:00,5474,20.71,97.29,21.21,81.32,25.28,2024.0,8
2024-08-16 02:00:00,5475,20.74,95.71,21.1,79.74,26.75,2024.0,8
2024-08-16 03:00:00,5476,20.21,98.25,20.67,81.58,26.66,2024.0,8
2024-08-16 04:00:00,5477,19.73,99.9,20.14,84.33,26.01,2024.0,8
2024-08-16 05:00:00,5478,19.27,99.9,19.75,84.81,24.19,2024.0,8
2024-08-16 06:00:00,5479,19.72,99.05,20.29,82.38,33.24,2024.0,8
2024-08-16 07:00:00,5480,23.2,82.66,23.36,72.23,38.5,2024.0,8
2024-08-16 08:00:00,5481,29.61,54.29,28.81,59.5,65.7,2024.0,8
2024-08-16 09:00:00,5482,33.88,38.19,31.91,53.07,55.38,2024.0,8
2024-08-16 10:00:00,5483,35.82,31.95,33.35,50.03,58.13,2024.0,8
2024-08-16 11:00:00,5484,34.76,29.77,31.68,50.67,53.66,2024.0,8
2024-08-16 12:00:00,5485,35.01,28.88,33.26,47.28,53.33,2024.0,8
2024-08-16 13:00:00,5486,36.32,27.3,35.21,44.57,58.93,2024.0,8
2024-08-16 14:00:00,5487,35.25,30.54,34.54,46.77,64.33,2024.0,8
2024-08-16 15:00:00,5488,32.83,41.98,32.79,52.85,64.75,2024.0,8
2024-08-16 16:00:00,5489,30.78,52.74,31.17,57.43,62.47,2024.0,8
2024-08-16 17:00:00,5490,28.93,66.36,29.07,65.81,77.76,2024.0,8
2024-08-16 18:00:00,5491,27.06,73.94,27.41,68.84,62.92,2024.0,8
2024-08-16 20:00:00,5493,24.58,91.52,24.9,77.23,44.89,2024.0,8
2024-08-16 22:00:00,5495,24.21,91.73,24.56,77.33,43.22,2024.0,8
2024-08-16 23:00:00,5496,24.05,92.2,24.37,77.84,38.44,2024.0,8
2024-08-17 00:00:00,5497,23.39,95.54,23.67,80.71,47.82,2024.0,8
2024-08-17 01:00:00,5498,22.55,99.24,22.91,83.46,48.91,2024.0,8
2024-08-17 02:00:00,5499,22.17,99.9,22.68,85.28,64.99,2024.0,8
2024-08-17 05:00:00,5502,20.96,99.9,21.51,83.82,81.18,2024.0,8
2024-08-17 06:00:00,5503,21.61,99.9,22.25,84.35,,2024.0,8
2024-08-17 07:00:00,5504,24.8,91.26,25.19,76.23,,2024.0,8
2024-08-17 08:00:00,5505,29.13,68.36,28.89,65.95,,2024.0,8
2024-08-17 09:00:00,5506,32.82,46.12,30.52,58.63,75.72,2024.0,8
2024-08-17 10:00:00,5507,34.56,34.56,32.52,50.76,57.37,2024.0,8
2024-08-17 11:00:00,5508,34.26,30.15,32.13,48.63,43.57,2024.0,8
2024-08-17 12:00:00,5509,34.57,30.57,32.35,49.42,44.79,2024.0,8
2024-08-17 13:00:00,5510,35.5,29.02,33.5,47.82,43.34,2024.0,8
2024-08-17 14:00:00,5511,34.03,31.04,33.12,47.77,39.41,2024.0,8
2024-08-17 15:00:00,5512,31.69,35.38,32.14,48.21,32.6,2024.0,8
2024-08-17 16:00:00,5513,30.06,44.78,29.95,54.61,36.0,2024.0,8
2024-08-17 17:00:00,5514,28.17,59.15,27.48,64.12,45.58,2024.0,8
2024-08-17 18:00:00,5515,25.98,76.31,25.99,71.28,47.75,2024.0,8
2024-08-17 19:00:00,5516,24.99,90.71,25.32,77.08,42.63,2024.0,8
2024-08-17 20:00:00,5517,23.94,98.06,24.32,82.22,63.01,2024.0,8
2024-08-17 21:00:00,5518,23.49,97.36,23.95,81.28,49.82,2024.0,8
2024-08-17 22:00:00,5519,23.13,95.24,23.49,80.06,36.62,2024.0,8
2024-08-17 23:00:00,5520,22.54,97.59,22.93,81.91,44.47,2024.0,8
2024-08-18 00:00:00,5521,22.2,99.9,22.61,84.17,63.43,2024.0,8
2024-08-18 01:00:00,5522,21.67,99.9,22.1,86.21,74.16,2024.0,8
2024-08-18 03:00:00,5524,21.02,99.9,20.67,90.38,74.02,2024.0,8
2024-08-18 04:00:00,5525,20.23,99.9,20.69,90.34,75.31,2024.0,8
2024-08-18 06:00:00,5527,21.5,98.47,21.23,87.41,84.25,2024.0,8
2024-08-18 07:00:00,5528,27.41,70.19,25.6,71.12,,2024.0,8
2024-08-18 08:00:00,5529,31.59,41.02,29.43,54.8,62.0,2024.0,8
2024-08-18 09:00:00,5530,33.36,30.85,31.3,48.26,45.57,2024.0,8
2024-08-18 10:00:00,5531,34.78,26.91,32.82,45.14,37.12,2024.0,8
2024-08-18 11:00:00,5532,34.91,25.63,33.32,43.52,26.59,2024.0,8
2024-08-18 12:00:00,5533,34.6,26.79,33.34,44.37,22.0,2024.0,8
2024-08-18 13:00:00,5534,34.77,27.49,33.47,45.31,30.83,2024.0,8
2024-08-18 14:00:00,5535,35.74,26.59,34.48,44.37,32.25,2024.0,8
2024-08-18 15:00:00,5536,34.17,30.33,33.77,46.41,33.28,2024.0,8
2024-08-18 16:00:00,5537,30.86,43.64,31.33,52.59,42.39,2024.0,8
2024-08-18 17:00:00,5538,29.45,56.03,28.64,62.41,50.07,2024.0,8
2024-08-18 18:00:00,5539,27.48,76.99,27.64,70.84,50.73,2024.0,8
2024-08-18 19:00:00,5540,25.6,90.99,25.83,77.04,37.55,2024.0,8
2024-08-18 20:00:00,5541,24.67,92.57,24.86,78.48,32.8,2024.0,8
2024-08-18 21:00:00,5542,23.49,98.29,23.73,82.89,31.86,2024.0,8
2024-08-18 22:00:00,5543,23.15,98.62,23.5,82.64,29.44,2024.0,8
2024-08-18 23:00:00,5544,22.74,99.82,23.17,83.38,27.89,2024.0,8
2024-08-19 00:00:00,5545,22.24,99.9,22.49,85.24,25.09,2024.0,8
2024-08-19 01:00:00,5546,21.68,99.9,21.9,87.04,26.08,2024.0,8
2024-08-19 02:00:00,5547,21.22,99.9,21.49,87.85,24.41,2024.0,8
2024-08-19 03:00:00,5548,20.83,99.9,21.14,88.13,24.12,2024.0,8
2024-08-19 04:00:00,5549,20.35,99.9,20.26,91.21,24.99,2024.0,8
2024-08-19 05:00:00,5550,20.09,99.9,20.42,89.72,25.94,2024.0,8
2024-08-19 06:00:00,5551,21.44,99.75,21.34,87.26,45.9,2024.0,8
2024-08-19 07:00:00,5552,26.2,83.5,25.52,75.53,81.54,2024.0,8
2024-08-19 08:00:00,5553,30.04,56.92,29.79,59.78,54.85,2024.0,8
2024-08-19 09:00:00,5554,32.8,41.83,32.39,52.17,50.52,2024.0,8
2024-08-19 10:00:00,5555,33.94,33.38,32.39,49.75,48.66,2024.0,8
2024-08-19 11:00:00,5556,34.35,22.53,33.61,38.76,29.27,2024.0,8
2024-08-19 12:00:00,5557,34.81,22.08,34.34,38.13,31.14,2024.0,8
2024-08-19 13:00:00,5558,35.76,19.46,35.14,35.46,30.08,2024.0,8
2024-08-19 14:00:00,5559,35.55,18.6,34.97,34.5,25.21,2024.0,8
2024-08-19 15:00:00,5560,34.94,20.14,34.26,36.75,25.39,2024.0,8
2024-08-19 16:00:00,5561,30.9,31.68,31.2,46.12,36.53,2024.0,8
2024-08-19 17:00:00,5562,28.86,52.2,28.86,58.71,48.69,2024.0,8
2024-08-19 18:00:00,5563,26.68,80.49,26.92,72.21,51.03,2024.0,8
2024-08-19 20:00:00,5565,24.28,94.35,24.66,79.65,54.11,2024.0,8
2024-08-19 23:00:00,5568,22.93,99.9,22.48,88.01,47.13,2024.0,8
2024-08-20 00:00:00,5569,22.42,99.9,21.75,90.39,58.65,2024.0,8
2024-08-20 01:00:00,5570,22.06,99.9,22.25,86.56,65.15,2024.0,8
2024-08-20 02:00:00,5571,22.17,99.8,22.57,84.04,66.98,2024.0,8
2024-08-20 03:00:00,5572,22.09,99.9,22.22,87.47,76.93,2024.0,8
2024-08-20 04:00:00,5573,22.01,99.81,22.28,85.57,71.12,2024.0,8
2024-08-20 05:00:00,5574,21.13,99.9,21.36,87.18,63.44,2024.0,8
2024-08-20 06:00:00,5575,21.66,98.83,22.1,83.43,58.09,2024.0,8
2024-08-20 08:00:00,5577,28.84,64.0,28.25,64.97,76.21,2024.0,8
2024-08-20 09:00:00,5578,32.75,45.42,32.42,53.8,70.04,2024.0,8
2024-08-20 10:00:00,5579,33.64,40.66,32.03,54.46,66.64,2024.0,8
2024-08-20 11:00:00,5580,34.06,34.25,32.17,50.93,57.54,2024.0,8
2024-08-20 12:00:00,5581,35.85,18.45,34.31,35.09,33.82,2024.0,8
2024-08-20 13:00:00,5582,36.29,21.66,34.92,39.19,43.57,2024.0,8
2024-08-20 14:00:00,5583,37.99,17.64,36.13,35.14,39.33,2024.0,8
2024-08-20 15:00:00,5584,35.93,20.72,34.55,38.79,40.65,2024.0,8
2024-08-20 16:00:00,5585,31.98,44.5,31.68,54.8,61.36,2024.0,8
2024-08-20 17:00:00,5586,30.23,57.37,29.58,63.32,65.08,2024.0,8
2024-08-20 18:00:00,5587,27.1,83.93,26.68,76.1,54.71,2024.0,8
2024-08-20 19:00:00,5588,26.48,91.6,26.22,79.74,57.13,2024.0,8
2024-08-20 20:00:00,5589,25.28,95.02,25.33,81.51,57.93,2024.0,8
2024-08-20 21:00:00,5590,24.26,95.52,24.62,80.8,54.05,2024.0,8
2024-08-20 22:00:00,5591,24.1,95.98,24.39,81.41,57.27,2024.0,8
2024-08-20 23:00:00,5592,24.0,96.64,24.25,82.04,59.01,2024.0,8
2024-08-21 00:00:00,5593,23.25,98.8,23.18,84.91,48.13,2024.0,8
2024-08-21 01:00:00,5594,22.41,99.9,22.69,85.96,51.22,2024.0,8
2024-08-21 02:00:00,5595,22.31,99.7,22.7,83.8,49.8,2024.0,8
2024-08-21 03:00:00,5596,21.81,99.9,22.08,85.47,43.96,2024.0,8
2024-08-21 04:00:00,5597,21.41,99.86,21.62,85.63,37.7,2024.0,8
2024-08-21 05:00:00,5598,21.38,99.55,21.6,84.14,38.93,2024.0,8
2024-08-21 06:00:00,5599,21.28,98.79,21.65,83.62,57.2,2024.0,8
2024-08-21 07:00:00,5600,25.66,79.41,26.24,69.9,80.71,2024.0,8
2024-08-21 08:00:00,5601,30.3,59.89,29.76,62.39,,2024.0,8
2024-08-21 09:00:00,5602,32.71,50.38,31.41,58.97,,2024.0,8
2024-08-21 12:00:00,5605,34.92,27.45,34.14,44.3,42.15,2024.0,8
2024-08-21 13:00:00,5606,35.47,27.53,34.65,44.55,37.86,2024.0,8
2024-08-21 14:00:00,5607,34.67,31.94,33.74,48.38,42.34,2024.0,8
2024-08-21 15:00:00,5608,31.46,47.36,31.66,55.31,52.93,2024.0,8
2024-08-21 16:00:00,5609,30.8,54.27,31.18,58.39,61.23,2024.0,8
2024-08-21 17:00:00,5610,29.21,67.86,29.2,67.22,70.98,2024.0,8
2024-08-21 18:00:00,5611,27.03,85.05,27.23,75.01,63.03,2024.0,8
2024-08-21 19:00:00,5612,25.78,91.01,26.04,77.5,55.45,2024.0,8
2024-08-21 20:00:00,5613,24.8,94.46,25.03,80.55,47.59,2024.0,8
2024-08-21 21:00:00,5614,24.48,97.22,24.83,82.22,59.74,2024.0,8
2024-08-21 22:00:00,5615,24.04,98.08,24.27,83.44,50.38,2024.0,8
2024-08-21 23:00:00,5616,23.0,99.9,23.35,86.79,58.03,2024.0,8
2024-08-22 00:00:00,5617,22.77,99.9,22.99,86.86,62.21,2024.0,8
2024-08-22 01:00:00,5618,22.81,99.9,23.21,85.42,62.8,2024.0,8
2024-08-22 02:00:00,5619,22.48,99.9,22.71,86.19,58.57,2024.0,8
2024-08-22 03:00:00,5620,22.0,99.9,22.28,87.26,62.51,2024.0,8
2024-08-22 04:00:00,5621,21.3,99.9,21.58,91.51,,2024.0,8
2024-08-22 05:00:00,5622,21.23,99.9,21.43,92.25,,2024.0,8
2024-08-22 06:00:00,5623,21.5,99.9,21.99,89.04,,2024.0,8
2024-08-22 07:00:00,5624,24.49,94.78,25.09,78.02,,2024.0,8
2024-08-22 08:00:00,5625,28.7,73.37,29.39,66.08,,2024.0,8
2024-08-22 09:00:00,5626,33.31,50.69,33.39,55.3,,2024.0,8
2024-08-22 10:00:00,5627,35.36,37.6,34.51,50.3,52.0,2024.0,8
2024-08-22 11:00:00,5628,35.94,34.66,34.71,49.62,58.23,2024.0,8
2024-08-22 12:00:00,5629,33.67,43.37,32.92,54.27,67.38,2024.0,8
2024-08-22 13:00:00,5630,37.14,29.64,35.58,47.07,58.82,2024.0,8
2024-08-22 14:00:00,5631,32.51,52.46,32.73,57.67,83.03,2024.0,8
2024-08-22 15:00:00,5632,30.33,64.5,30.99,63.39,79.77,2024.0,8
2024-08-22 16:00:00,5633,28.9,71.72,29.44,67.34,79.52,2024.0,8
2024-08-22 17:00:00,5634,27.87,81.11,28.32,71.91,61.95,2024.0,8
2024-08-22 18:00:00,5635,27.11,88.52,27.33,75.91,50.17,2024.0,8
2024-08-22 19:00:00,5636,25.87,94.77,25.61,82.05,48.49,2024.0,8
2024-08-22 20:00:00,5637,25.12,98.41,25.34,83.4,57.98,2024.0,8
2024-08-22 21:00:00,5638,24.42,99.9,24.83,85.25,68.66,2024.0,8
2024-08-22 22:00:00,5639,24.02,99.9,24.59,85.99,62.73,2024.0,8
2024-08-22 23:00:00,5640,23.76,99.9,24.25,86.92,70.03,2024.0,8
2024-08-23 00:00:00,5641,23.19,99.9,23.69,87.23,57.2,2024.0,8
2024-08-23 02:00:00,5643,22.76,99.9,22.99,85.39,34.45,2024.0,8
2024-08-23 05:00:00,5646,21.97,99.9,22.19,85.93,40.4,2024.0,8
2024-08-23 06:00:00,5647,22.01,99.9,22.49,84.09,43.55,2024.0,8
2024-08-23 07:00:00,5648,24.36,93.25,24.61,78.8,72.11,2024.0,8
2024-08-23 08:00:00,5649,28.72,68.26,29.0,64.93,,2024.0,8
2024-08-23 09:00:00,5650,32.96,50.34,33.8,53.65,,2024.0,8
2024-08-23 10:00:00,5651,35.03,42.35,34.06,53.54,,2024.0,8
2024-08-23 11:00:00,5652,34.59,37.94,33.4,51.61,70.48,2024.0,8
2024-08-23 12:00:00,5653,36.54,26.41,35.6,42.98,52.33,2024.0,8
2024-08-23 13:00:00,5654,37.07,27.1,36.34,43.3,62.62,2024.0,8
2024-08-23 14:00:00,5655,31.97,55.4,32.46,59.04,,2024.0,8
2024-08-23 15:00:00,5656,29.99,65.69,30.9,63.57,,2024.0,8
2024-08-23 16:00:00,5657,29.48,64.22,29.89,63.76,83.18,2024.0,8
2024-08-23 17:00:00,5658,28.67,63.36,28.89,64.12,63.77,2024.0,8
2024-08-23 18:00:00,5659,26.67,84.57,26.62,75.4,56.14,2024.0,8
2024-08-23 19:00:00,5660,25.68,91.88,25.11,81.03,55.97,2024.0,8
2024-08-23 20:00:00,5661,25.09,94.59,25.4,80.41,63.29,2024.0,8
2024-08-23 21:00:00,5662,24.26,96.8,24.53,82.28,57.93,2024.0,8
2024-08-23 22:00:00,5663,23.56,97.94,23.87,82.89,44.53,2024.0,8
2024-08-23 23:00:00,5664,22.94,96.53,23.17,82.1,34.26,2024.0,8
2024-08-24 00:00:00,5665,22.27,97.72,22.45,83.34,33.77,2024.0,8
2024-08-24 01:00:00,5666,21.68,98.24,22.09,82.95,29.78,2024.0,8
2024-08-24 02:00:00,5667,21.59,97.86,21.92,82.81,30.96,2024.0,8
2024-08-24 03:00:00,5668,21.19,99.02,21.5,83.73,32.54,2024.0,8
2024-08-24 04:00:00,5669,21.38,99.72,21.77,84.07,34.75,2024.0,8
2024-08-24 05:00:00,5670,21.48,98.61,21.76,83.42,39.06,2024.0,8
2024-08-24 06:00:00,5671,21.39,97.85,21.74,82.57,42.86,2024.0,8
2024-08-24 07:00:00,5672,24.21,83.34,24.47,73.24,55.44,2024.0,8
2024-08-24 08:00:00,5673,28.53,63.09,26.79,67.83,83.85,2024.0,8
2024-08-24 09:00:00,5674,31.13,48.58,28.85,60.6,69.48,2024.0,8
2024-08-24 10:00:00,5675,31.9,42.41,30.39,55.24,56.27,2024.0,8
2024-08-24 11:00:00,5676,33.2,29.24,32.17,45.83,43.78,2024.0,8
2024-08-24 12:00:00,5677,34.2,23.03,32.86,40.57,38.27,2024.0,8
2024-08-24 13:00:00,5678,34.55,22.98,33.51,40.31,39.0,2024.0,8
2024-08-24 14:00:00,5679,34.57,24.86,33.39,42.92,43.04,2024.0,8
2024-08-24 15:00:00,5680,33.4,27.29,32.06,45.95,41.13,2024.0,8
2024-08-24 16:00:00,5681,32.14,30.69,30.87,48.9,39.2,2024.0,8
2024-08-24 17:00:00,5682,27.71,49.96,27.61,58.01,36.9,2024.0,8
2024-08-24 19:00:00,5684,24.03,69.0,24.32,67.87,35.0,2024.0,8
2024-08-24 20:00:00,5685,23.13,73.21,23.35,69.89,39.03,2024.0,8
2024-08-24 21:00:00,5686,22.5,73.57,22.9,69.43,36.47,2024.0,8
2024-08-24 22:00:00,5687,22.16,75.19,22.45,70.56,31.7,2024.0,8
2024-08-24 23:00:00,5688,21.75,80.16,22.1,72.58,26.3,2024.0,8
2024-08-25 00:00:00,5689,21.43,83.72,21.82,74.02,16.63,2024.0,8
2024-08-25 01:00:00,5690,21.22,85.17,21.65,74.48,16.38,2024.0,8
2024-08-25 02:00:00,5691,21.01,87.2,21.25,76.1,17.73,2024.0,8
2024-08-25 03:00:00,5692,20.5,91.42,20.72,78.67,25.34,2024.0,8
2024-08-25 04:00:00,5693,19.03,96.5,19.37,82.62,63.47,2024.0,8
2024-08-25 05:00:00,5694,18.49,99.87,18.93,84.93,66.88,2024.0,8
2024-08-25 06:00:00,5695,20.15,94.87,20.39,80.81,,2024.0,8
2024-08-25 07:00:00,5696,26.37,65.07,24.85,68.07,,2024.0,8
2024-08-25 08:00:00,5697,28.42,58.54,27.77,62.5,47.22,2024.0,8
2024-08-25 09:00:00,5698,28.98,57.86,28.03,63.03,30.5,2024.0,8
2024-08-25 10:00:00,5699,29.97,50.59,29.35,57.85,30.59,2024.0,8
2024-08-25 11:00:00,5700,30.37,42.55,29.42,54.05,30.93,2024.0,8
2024-08-25 12:00:00,5701,31.67,39.46,30.9,52.12,33.63,2024.0,8
2024-08-25 13:00:00,5702,32.06,38.88,31.06,52.35,36.28,2024.0,8
2024-08-25 14:00:00,5703,33.33,34.1,31.87,50.46,36.07,2024.0,8
2024-08-25 15:00:00,5704,32.71,35.84,31.71,51.13,38.29,2024.0,8
2024-08-25 16:00:00,5705,30.11,48.85,29.7,57.84,44.03,2024.0,8
2024-08-25 17:00:00,5706,26.6,66.58,26.85,66.71,49.28,2024.0,8
2024-08-25 18:00:00,5707,24.95,77.2,25.22,71.73,39.74,2024.0,8
2024-08-25 19:00:00,5708,24.07,81.38,24.51,72.94,24.72,2024.0,8
2024-08-25 20:00:00,5709,23.27,87.85,23.7,76.07,26.77,2024.0,8
2024-08-25 21:00:00,5710,22.25,94.38,22.7,80.45,29.9,2024.0,8
2024-08-25 22:00:00,5711,21.9,96.49,22.3,82.11,28.31,2024.0,8
2024-08-25 23:00:00,5712,21.48,98.57,21.49,84.98,35.31,2024.0,8
2024-08-26 00:00:00,5713,21.32,98.8,21.48,84.62,34.72,2024.0,8
2024-08-26 01:00:00,5714,20.81,99.88,21.07,86.03,33.57,2024.0,8
2024-08-26 02:00:00,5715,20.43,99.9,20.64,87.91,41.85,2024.0,8
2024-08-26 03:00:00,5716,20.14,99.9,20.48,88.32,82.23,2024.0,8
2024-08-26 04:00:00,5717,19.8,99.9,20.14,88.8,71.67,2024.0,8
2024-08-26 05:00:00,5718,19.57,99.9,19.9,89.87,83.15,2024.0,8
2024-08-26 06:00:00,5719,20.95,98.6,21.23,85.52,,2024.0,8
2024-08-26 07:00:00,5720,26.31,78.26,25.31,73.72,,2024.0,8
2024-08-26 08:00:00,5721,28.88,65.2,27.94,66.93,61.55,2024.0,8
2024-08-26 09:00:00,5722,30.49,56.01,29.28,62.01,45.29,2024.0,8
2024-08-26 10:00:00,5723,31.7,49.0,30.77,57.32,37.69,2024.0,8
2024-08-26 11:00:00,5724,31.54,44.87,31.56,53.03,37.57,2024.0,8
2024-08-26 12:00:00,5725,32.08,41.62,31.57,52.42,34.37,2024.0,8
2024-08-27 16:00:00,5753,29.33,43.02,28.45,55.14,24.03,2024.0,8
2024-08-27 17:00:00,5754,26.77,56.84,26.07,63.17,29.04,2024.0,8
2024-08-27 18:00:00,5755,24.96,61.57,24.34,65.33,32.9,2024.0,8
2024-08-27 19:00:00,5756,24.25,60.81,23.64,65.25,29.96,2024.0,8
2024-08-27 20:00:00,5757,23.28,65.11,22.68,68.09,28.93,2024.0,8
2024-08-27 21:00:00,5758,22.57,71.71,22.11,70.81,30.0,2024.0,8
2024-08-27 22:00:00,5759,22.3,74.23,21.86,72.3,28.03,2024.0,8
2024-08-27 23:00:00,5760,21.61,83.89,21.1,77.18,16.55,2024.0,8
2024-08-28 00:00:00,5761,20.87,90.69,20.42,80.16,17.86,2024.0,8
2024-08-28 01:00:00,5762,20.89,90.39,20.53,79.31,17.19,2024.0,8
2024-08-28 03:00:00,5764,19.05,96.76,18.34,86.5,49.58,2024.0,8
2024-08-28 04:00:00,5765,18.64,98.19,18.07,86.96,59.56,2024.0,8
2024-08-28 05:00:00,5766,18.31,99.71,17.79,88.25,,2024.0,8
2024-08-28 06:00:00,5767,18.88,97.89,18.84,84.44,79.71,2024.0,8
2024-08-28 08:00:00,5769,28.47,51.69,27.05,60.07,69.11,2024.0,8
2024-08-28 09:00:00,5770,30.37,43.49,29.56,53.62,42.34,2024.0,8
2024-08-28 10:00:00,5771,32.9,30.94,32.4,45.83,35.53,2024.0,8
2024-08-28 11:00:00,5772,32.76,26.7,32.18,43.05,26.69,2024.0,8
2024-08-28 12:00:00,5773,32.88,25.21,31.9,42.17,28.23,2024.0,8
2024-08-28 13:00:00,5774,33.54,21.25,33.28,37.26,23.11,2024.0,8
2024-08-28 14:00:00,5775,35.14,17.06,35.61,31.84,19.57,2024.0,8
2024-08-28 15:00:00,5776,34.51,19.74,34.0,36.74,27.23,2024.0,8
2024-08-28 16:00:00,5777,30.91,27.27,30.23,44.94,31.07,2024.0,8
2024-08-28 17:00:00,5778,28.46,46.19,27.45,58.1,48.97,2024.0,8
2024-08-28 18:00:00,5779,26.47,58.34,25.85,63.69,47.76,2024.0,8
2024-08-28 19:00:00,5780,25.25,64.03,24.73,67.3,42.6,2024.0,8
2024-08-28 20:00:00,5781,24.69,68.42,24.12,69.97,40.77,2024.0,8
2024-08-28 21:00:00,5782,23.94,76.85,23.33,74.31,43.32,2024.0,8
2024-08-28 22:00:00,5783,23.65,79.25,22.99,75.54,35.74,2024.0,8
2024-08-29 00:00:00,5785,22.44,91.42,21.81,81.36,22.51,2024.0,8
2024-08-29 01:00:00,5786,22.26,92.19,21.65,81.9,23.74,2024.0,8
2024-08-29 02:00:00,5787,21.85,94.52,21.21,84.11,28.65,2024.0,8
2024-08-29 03:00:00,5788,21.51,96.19,20.94,85.27,35.16,2024.0,8
2024-08-29 04:00:00,5789,21.39,96.0,20.83,84.93,31.72,2024.0,8
2024-08-29 05:00:00,5790,21.39,97.07,20.75,86.23,45.63,2024.0,8
2024-08-29 06:00:00,5791,21.36,99.12,21.02,86.55,83.82,2024.0,8
2024-08-29 07:00:00,5792,24.21,85.38,23.67,76.88,83.6,2024.0,8
2024-08-29 08:00:00,5793,29.58,57.39,29.74,59.4,63.0,2024.0,8
2024-08-29 09:00:00,5794,30.78,51.44,30.27,57.67,43.97,2024.0,8
2024-08-29 10:00:00,5795,30.82,46.26,31.21,52.83,39.1,2024.0,8
2024-08-29 11:00:00,5796,31.67,38.92,31.69,49.5,37.13,2024.0,8
2024-08-29 12:00:00,5797,32.47,34.4,32.17,47.8,31.93,2024.0,8
2024-08-29 13:00:00,5798,31.68,34.51,31.53,48.16,33.4,2024.0,8
2024-08-29 14:00:00,5799,31.49,37.34,31.27,50.1,31.9,2024.0,8
2024-08-29 15:00:00,5800,29.72,46.73,28.88,57.15,29.21,2024.0,8
2024-08-29 16:00:00,5801,27.96,52.62,27.35,59.94,32.5,2024.0,8
2024-08-29 17:00:00,5802,26.54,52.14,25.93,59.59,33.62,2024.0,8
2024-08-29 18:00:00,5803,25.44,51.06,24.95,58.69,28.5,2024.0,8
2024-08-29 19:00:00,5804,24.67,46.41,24.25,55.91,18.45,2024.0,8
2024-08-29 20:00:00,5805,24.14,50.69,23.69,58.69,19.04,2024.0,8
2024-08-29 21:00:00,5806,23.77,55.05,23.31,61.22,28.3,2024.0,8
2024-08-29 22:00:00,5807,23.36,57.47,22.88,62.55,40.93,2024.0,8
2024-08-29 23:00:00,5808,23.05,57.59,22.64,62.41,29.2,2024.0,8
2024-08-30 00:00:00,5809,22.75,58.63,22.32,63.19,28.69,2024.0,8
2024-08-30 01:00:00,5810,22.41,61.6,21.86,65.72,26.1,2024.0,8
2024-08-30 02:00:00,5811,22.32,62.57,21.88,65.78,34.1,2024.0,8
2024-08-30 03:00:00,5812,21.87,66.9,21.17,69.99,58.74,2024.0,8
2024-08-30 04:00:00,5813,21.42,68.39,21.0,69.61,64.87,2024.0,8
2024-08-30 05:00:00,5814,20.84,74.81,20.21,73.94,70.55,2024.0,8
2024-08-30 06:00:00,5815,22.53,65.28,22.97,64.09,52.97,2024.0,8
2024-08-30 07:00:00,5816,25.52,55.32,24.69,61.49,31.14,2024.0,8
2024-08-30 08:00:00,5817,28.39,42.14,28.39,52.17,29.73,2024.0,8
2024-08-30 09:00:00,5818,29.92,33.98,29.8,47.67,30.14,2024.0,8
2024-08-30 10:00:00,5819,31.16,27.83,31.38,42.91,30.07,2024.0,8
2024-08-30 11:00:00,5820,32.46,24.25,32.27,40.14,30.21,2024.0,8
2024-08-30 12:00:00,5821,33.71,21.46,32.24,39.46,26.86,2024.0,8
2024-08-30 13:00:00,5822,35.06,20.2,34.2,37.41,26.48,2024.0,8
2024-08-30 14:00:00,5823,35.64,20.07,34.43,38.17,27.33,2024.0,8
2024-08-30 15:00:00,5824,31.24,29.89,30.11,48.4,33.1,2024.0,8
2024-08-30 16:00:00,5825,29.74,37.96,28.94,53.02,36.45,2024.0,8
2024-08-30 17:00:00,5826,28.25,49.63,27.46,59.7,39.83,2024.0,8
2024-08-30 18:00:00,5827,26.57,57.01,25.92,63.1,38.52,2024.0,8
2024-08-30 19:00:00,5828,25.64,51.85,25.02,59.66,32.1,2024.0,8
2024-08-30 20:00:00,5829,24.84,39.32,24.33,52.67,26.83,2024.0,8
2024-08-30 21:00:00,5830,24.2,42.09,23.67,54.69,31.37,2024.0,8
2024-08-30 22:00:00,5831,23.86,41.01,23.35,54.16,26.45,2024.0,8
2024-08-30 23:00:00,5832,23.21,49.44,22.51,59.28,31.8,2024.0,8
2024-08-31 00:00:00,5833,22.42,55.98,21.85,62.41,30.69,2024.0,8
2024-08-31 01:00:00,5834,21.66,63.75,21.03,68.12,27.5,2024.0,8
2024-08-31 02:00:00,5835,20.93,69.41,20.36,71.45,35.45,2024.0,8
2024-08-31 03:00:00,5836,20.23,77.29,19.7,75.12,38.1,2024.0,8
2024-08-31 04:00:00,5837,20.14,80.95,19.7,76.41,29.52,2024.0,8
2024-08-31 05:00:00,5838,19.94,84.04,19.51,77.66,30.69,2024.0,8
2024-08-31 06:00:00,5839,21.86,76.49,22.43,70.04,81.28,2024.0,8
2024-08-31 07:00:00,5840,26.58,55.57,24.07,65.98,64.13,2024.0,8
2024-08-31 08:00:00,5841,29.37,45.55,28.17,57.19,46.47,2024.0,8
2024-08-31 09:00:00,5842,32.97,28.0,31.29,46.26,36.55,2024.0,8
2024-08-31 10:00:00,5843,33.7,23.43,32.92,40.98,32.8,2024.0,8
2024-08-31 11:00:00,5844,34.66,24.47,33.71,42.49,35.7,2024.0,8
2024-08-31 12:00:00,5845,35.7,23.77,33.46,43.97,39.04,2024.0,8
2024-08-31 13:00:00,5846,36.84,22.83,35.55,41.41,42.03,2024.0,8
2024-08-31 14:00:00,5847,32.66,37.43,31.95,52.2,55.3,2024.0,8
2024-08-31 15:00:00,5848,30.69,48.54,30.94,56.15,48.34,2024.0,8
2024-08-31 16:00:00,5849,29.5,57.49,29.2,62.89,52.0,2024.0,8
2024-08-31 17:00:00,5850,28.12,68.43,27.74,69.82,54.45,2024.0,8
2024-08-31 18:00:00,5851,27.46,75.23,26.94,73.86,63.63,2024.0,8
2024-08-31 19:00:00,5852,26.37,88.87,25.85,79.78,47.9,2024.0,8
2024-08-31 20:00:00,5853,25.96,90.81,25.2,81.61,42.44,2024.0,8
2024-08-31 21:00:00,5854,25.02,94.61,24.37,84.5,43.99,2024.0,8
2024-08-31 22:00:00,5855,24.67,96.65,24.03,86.03,44.93,2024.0,8
2024-08-31 23:00:00,5856,23.89,99.68,23.36,88.93,52.35,2024.0,8
2024-09-01 00:00:00,5857,24.0,99.55,23.5,87.67,51.14,2024.0,9
2024-09-01 01:00:00,5858,24.1,96.7,23.35,85.86,44.16,2024.0,9
2024-09-01 02:00:00,5859,23.87,97.43,23.08,86.77,44.98,2024.0,9
2024-09-01 03:00:00,5860,23.06,99.9,22.29,91.53,47.59,2024.0,9
2024-09-01 04:00:00,5861,22.59,99.9,22.02,93.32,50.18,2024.0,9
2024-09-01 05:00:00,5862,22.01,99.9,21.55,94.37,39.37,2024.0,9
2024-09-01 06:00:00,5863,23.03,99.18,23.11,87.0,41.49,2024.0,9
2024-09-01 07:00:00,5864,28.11,76.28,27.76,70.81,40.84,2024.0,9
2024-09-01 08:00:00,5865,31.42,60.94,29.99,65.51,59.14,2024.0,9
2024-09-01 09:00:00,5866,33.66,47.87,32.46,56.99,50.53,2024.0,9
2024-09-01 10:00:00,5867,34.34,40.35,32.84,54.05,43.59,2024.0,9
2024-09-01 11:00:00,5868,35.63,36.59,34.39,51.24,41.53,2024.0,9
2024-09-01 12:00:00,5869,35.8,33.92,34.36,49.99,42.55,2024.0,9
2024-09-01 13:00:00,5870,38.15,25.87,36.49,44.31,42.63,2024.0,9
2024-09-01 14:00:00,5871,36.8,28.16,35.29,46.71,43.0,2024.0,9
2024-09-01 15:00:00,5872,33.64,41.37,31.93,56.69,44.53,2024.0,9
2024-09-01 16:00:00,5873,30.72,59.19,30.21,63.89,60.39,2024.0,9
2024-09-01 17:00:00,5874,29.01,70.07,28.59,70.46,57.47,2024.0,9
2024-09-01 18:00:00,5875,28.09,78.95,27.48,74.96,66.58,2024.0,9
2024-09-01 19:00:00,5876,27.34,85.44,26.51,78.71,40.72,2024.0,9
2024-09-01 20:00:00,5877,25.84,92.4,25.13,82.13,37.99,2024.0,9
2024-09-01 21:00:00,5878,25.02,94.95,24.44,83.78,38.35,2024.0,9
2024-09-01 22:00:00,5879,25.21,93.77,24.52,83.12,35.04,2024.0,9
2024-09-01 23:00:00,5880,24.87,95.54,24.1,85.03,35.16,2024.0,9
2024-09-02 00:00:00,5881,24.46,97.14,23.68,86.39,32.63,2024.0,9
2024-09-02 01:00:00,5882,23.76,99.58,22.99,88.11,28.86,2024.0,9
2024-09-02 02:00:00,5883,23.44,99.9,22.78,88.35,26.0,2024.0,9
2024-09-02 03:00:00,5884,23.11,99.9,22.52,89.31,27.36,2024.0,9
2024-09-02 04:00:00,5885,23.18,99.9,22.69,88.79,28.21,2024.0,9
2024-09-02 05:00:00,5886,23.32,99.9,22.75,89.37,46.41,2024.0,9
2024-09-02 06:00:00,5887,23.94,98.34,23.66,85.65,39.43,2024.0,9
2024-09-02 07:00:00,5888,28.15,79.57,27.37,74.16,49.22,2024.0,9
2024-09-02 08:00:00,5889,32.49,57.57,30.59,65.03,55.72,2024.0,9
2024-09-02 09:00:00,5890,34.05,47.25,32.75,57.13,50.6,2024.0,9
2024-09-02 10:00:00,5891,35.43,37.39,34.51,51.06,51.07,2024.0,9
2024-09-02 11:00:00,5892,35.81,32.22,35.05,47.55,45.5,2024.0,9
2024-09-02 12:00:00,5893,37.31,25.16,35.39,44.04,42.89,2024.0,9
2024-09-02 13:00:00,5894,35.9,33.75,33.62,52.53,54.73,2024.0,9
2024-09-02 14:00:00,5895,33.33,48.94,32.58,58.62,71.31,2024.0,9
2024-09-02 15:00:00,5896,30.99,61.32,31.41,62.79,,2024.0,9
2024-09-02 16:00:00,5897,32.08,57.91,31.46,63.44,63.17,2024.0,9
2024-09-02 17:00:00,5898,28.51,75.69,27.74,74.32,63.0,2024.0,9
2024-09-02 18:00:00,5899,27.15,85.23,26.51,78.27,46.58,2024.0,9
2024-09-02 19:00:00,5900,26.96,91.96,26.3,81.79,46.99,2024.0,9
2024-09-02 20:00:00,5901,26.23,90.21,25.45,80.66,41.22,2024.0,9
2024-09-02 21:00:00,5902,25.07,90.0,24.32,80.81,35.49,2024.0,9
2024-09-02 22:00:00,5903,24.05,93.95,23.35,83.84,35.73,2024.0,9
2024-09-02 23:00:00,5904,23.07,96.83,22.37,86.2,33.45,2024.0,9
2024-09-03 00:00:00,5905,22.24,98.92,21.62,87.54,32.7,2024.0,9
2024-09-03 01:00:00,5906,21.63,99.9,21.1,88.9,32.51,2024.0,9
2024-09-03 02:00:00,5907,21.32,99.9,20.89,88.62,36.2,2024.0,9
2024-09-03 03:00:00,5908,21.29,99.9,20.78,89.03,39.37,2024.0,9
2024-09-03 04:00:00,5909,21.0,99.9,20.24,90.42,49.2,2024.0,9
2024-09-03 05:00:00,5910,20.04,99.9,19.33,94.79,67.67,2024.0,9
2024-09-03 06:00:00,5911,21.54,96.49,22.62,80.83,,2024.0,9
2024-09-03 07:00:00,5912,27.08,70.54,27.93,64.61,,2024.0,9
2024-09-03 08:00:00,5913,31.27,50.28,30.24,58.23,63.77,2024.0,9
2024-09-03 09:00:00,5914,33.65,36.72,33.68,48.37,49.79,2024.0,9
2024-09-03 10:00:00,5915,35.05,29.14,36.05,42.42,47.37,2024.0,9
2024-09-03 11:00:00,5916,36.11,24.55,35.32,40.94,40.76,2024.0,9
2024-09-03 12:00:00,5917,35.11,23.36,33.37,42.06,38.34,2024.0,9
2024-09-03 13:00:00,5918,36.51,22.96,35.71,40.21,41.74,2024.0,9
2024-09-03 14:00:00,5919,35.16,26.69,33.72,45.58,46.96,2024.0,9
2024-09-03 15:00:00,5920,32.73,38.07,32.19,52.08,55.33,2024.0,9
2024-09-03 16:00:00,5921,30.5,53.91,29.94,60.9,63.69,2024.0,9
2024-09-03 17:00:00,5922,28.92,65.94,28.3,68.58,73.8,2024.0,9
2024-09-03 18:00:00,5923,27.73,70.5,26.79,71.72,57.48,2024.0,9
2024-09-03 19:00:00,5924,25.92,72.88,25.07,72.9,37.63,2024.0,9
2024-09-03 20:00:00,5925,24.76,76.74,24.03,74.47,34.0,2024.0,9
2024-09-03 21:00:00,5926,23.9,81.16,23.27,76.32,27.6,2024.0,9
2024-09-03 22:00:00,5927,23.09,86.0,22.62,77.78,20.86,2024.0,9
2024-09-03 23:00:00,5928,22.82,86.05,22.29,77.92,16.62,2024.0,9
2024-09-04 00:00:00,5929,22.23,89.46,21.7,79.53,16.63,2024.0,9
2024-09-04 01:00:00,5930,21.81,91.69,21.17,81.71,18.69,2024.0,9
2024-09-04 02:00:00,5931,21.09,95.03,20.52,84.32,23.36,2024.0,9
2024-09-04 03:00:00,5932,20.56,96.99,19.92,86.24,29.28,2024.0,9
2024-09-04 04:00:00,5933,20.72,96.17,20.28,84.52,33.9,2024.0,9
2024-09-04 05:00:00,5934,20.24,99.85,19.58,90.37,65.15,2024.0,9
2024-09-04 06:00:00,5935,21.4,97.53,21.73,83.9,,2024.0,9
2024-09-04 07:00:00,5936,27.06,68.48,26.47,67.11,70.84,2024.0,9
2024-09-04 08:00:00,5937,29.75,56.68,27.5,65.57,58.69,2024.0,9
2024-09-04 09:00:00,5938,30.86,52.16,30.25,58.6,44.14,2024.0,9
2024-09-04 10:00:00,5939,32.22,41.76,32.22,51.34,37.57,2024.0,9
2024-09-04 11:00:00,5940,32.28,37.25,31.99,49.99,38.55,2024.0,9
2024-09-04 12:00:00,5941,33.26,35.23,31.86,51.17,40.23,2024.0,9
2024-09-04 13:00:00,5942,33.46,33.81,33.84,47.12,36.61,2024.0,9
2024-09-04 14:00:00,5943,34.57,29.99,35.1,44.13,36.0,2024.0,9
2024-09-04 15:00:00,5944,34.27,28.77,33.6,45.83,35.92,2024.0,9
2024-09-04 17:00:00,5946,29.33,60.16,28.17,66.6,49.32,2024.0,9
2024-09-04 18:00:00,5947,27.59,71.87,26.64,73.12,51.59,2024.0,9
2024-09-04 19:00:00,5948,26.31,86.81,25.46,79.49,37.61,2024.0,9
2024-09-04 20:00:00,5949,25.32,92.65,24.44,83.24,48.63,2024.0,9
2024-09-04 21:00:00,5950,24.7,93.09,24.07,82.66,34.98,2024.0,9
2024-09-04 22:00:00,5951,24.1,95.37,23.34,85.18,29.94,2024.0,9
2024-09-04 23:00:00,5952,23.8,96.42,23.09,85.76,29.41,2024.0,9
2024-09-05 00:00:00,5953,23.18,99.37,22.54,87.76,30.05,2024.0,9
2024-09-05 01:00:00,5954,22.94,99.64,22.23,88.69,26.0,2024.0,9
2024-09-05 02:00:00,5955,22.48,99.9,21.85,90.16,27.75,2024.0,9
2024-09-05 03:00:00,5956,22.26,99.9,21.55,91.64,33.32,2024.0,9
2024-09-05 04:00:00,5957,22.13,99.9,21.28,93.08,31.09,2024.0,9
2024-09-05 05:00:00,5958,21.94,99.9,21.29,93.93,55.25,2024.0,9
2024-09-05 06:00:00,5959,22.52,99.9,22.12,90.97,67.56,2024.0,9
2024-09-05 07:00:00,5960,25.01,93.81,25.04,80.57,51.12,2024.0,9
2024-09-05 08:00:00,5961,29.68,68.54,28.49,69.8,49.8,2024.0,9
2024-09-05 09:00:00,5962,31.43,60.83,31.2,62.52,29.61,2024.0,9
2024-09-05 10:00:00,5963,31.68,59.19,32.03,60.22,33.23,2024.0,9
2024-09-05 11:00:00,5964,32.67,51.66,32.54,57.21,33.97,2024.0,9
2024-09-05 12:00:00,5965,33.38,47.44,32.34,57.25,33.73,2024.0,9
2024-09-05 13:00:00,5966,32.04,52.11,31.27,59.75,33.97,2024.0,9
2024-09-05 14:00:00,5967,30.99,59.26,29.9,65.22,41.34,2024.0,9
2024-09-05 15:00:00,5968,29.35,71.52,29.35,69.78,57.17,2024.0,9
2024-09-05 16:00:00,5969,30.02,67.31,28.76,70.41,47.68,2024.0,9
2024-09-05 17:00:00,5970,27.36,77.83,26.46,75.61,42.97,2024.0,9
2024-09-05 18:00:00,5971,26.2,82.77,25.67,76.73,26.2,2024.0,9
2024-09-05 19:00:00,5972,25.58,87.99,25.07,78.88,24.23,2024.0,9
2024-09-05 20:00:00,5973,24.9,91.77,24.41,81.12,23.43,2024.0,9
2024-09-05 21:00:00,5974,24.33,94.61,23.69,84.15,25.44,2024.0,9
2024-09-05 22:00:00,5975,23.61,99.23,22.94,88.12,28.2,2024.0,9
2024-09-05 23:00:00,5976,23.22,99.9,22.65,89.73,24.83,2024.0,9
2024-09-06 00:00:00,5977,22.92,99.9,22.33,91.47,22.39,2024.0,9
2024-09-06 01:00:00,5978,22.55,99.9,21.97,92.43,28.14,2024.0,9
2024-09-06 02:00:00,5979,22.29,99.9,21.64,93.25,38.26,2024.0,9
2024-09-06 03:00:00,5980,22.0,99.9,21.5,93.12,31.14,2024.0,9
2024-09-06 04:00:00,5981,22.04,99.9,21.49,93.08,44.18,2024.0,9
2024-09-06 05:00:00,5982,22.12,99.9,21.67,92.43,46.95,2024.0,9
2024-09-06 06:00:00,5983,23.78,97.26,24.23,82.0,24.41,2024.0,9
2024-09-06 07:00:00,5984,27.23,77.27,27.8,69.18,27.23,2024.0,9
2024-09-06 08:00:00,5985,29.05,64.53,28.42,65.74,30.47,2024.0,9
2024-09-06 09:00:00,5986,30.44,59.32,30.81,60.26,30.28,2024.0,9
2024-09-06 10:00:00,5987,31.41,54.25,31.91,57.27,31.97,2024.0,9
2024-09-06 11:00:00,5988,32.41,46.17,32.22,54.66,33.07,2024.0,9
2024-09-06 12:00:00,5989,33.2,40.64,31.83,54.3,32.43,2024.0,9
2024-09-06 13:00:00,5990,33.85,37.3,34.22,49.0,31.8,2024.0,9
2024-09-06 14:00:00,5991,35.41,30.84,35.72,45.4,31.36,2024.0,9
2024-09-06 15:00:00,5992,34.51,33.7,34.57,48.05,33.77,2024.0,9
2024-09-06 16:00:00,5993,32.25,43.77,31.18,56.73,38.83,2024.0,9
2024-09-06 17:00:00,5994,28.62,61.6,27.91,66.28,41.96,2024.0,9
2024-09-06 18:00:00,5995,26.77,73.94,26.11,73.46,45.59,2024.0,9
2024-09-06 19:00:00,5996,25.67,81.8,25.08,76.61,30.79,2024.0,9
2024-09-06 20:00:00,5997,24.78,85.46,24.27,77.81,23.7,2024.0,9
2024-09-06 21:00:00,5998,23.98,90.25,23.44,80.31,20.77,2024.0,9
2024-09-06 22:00:00,5999,23.16,94.41,22.6,83.72,18.27,2024.0,9
2024-09-06 23:00:00,6000,22.54,96.33,22.08,84.82,18.88,2024.0,9
2024-09-07 00:00:00,6001,22.2,97.31,21.64,85.95,21.57,2024.0,9
2024-09-07 01:00:00,6002,21.82,98.55,21.28,87.29,23.16,2024.0,9
2024-09-07 02:00:00,6003,22.18,96.66,21.93,83.98,20.3,2024.0,9
2024-09-07 03:00:00,6004,22.03,96.77,21.33,85.94,22.99,2024.0,9
2024-09-07 05:00:00,6006,21.82,98.36,21.47,85.86,22.35,2024.0,9
2024-09-07 06:00:00,6007,22.94,93.18,23.79,77.75,21.47,2024.0,9
2024-09-07 07:00:00,6008,25.8,72.6,26.82,65.94,27.37,2024.0,9
2024-09-07 08:00:00,6009,28.02,56.66,27.56,60.73,17.67,2024.0,9
2024-09-07 09:00:00,6010,29.32,45.92,29.84,52.93,18.66,2024.0,9
2024-09-07 10:00:00,6011,30.79,38.1,31.3,48.94,23.28,2024.0,9
2024-09-07 11:00:00,6012,31.87,33.59,31.56,48.18,24.14,2024.0,9
2024-09-07 12:00:00,6013,31.85,33.36,30.65,50.03,26.07,2024.0,9
2024-09-07 13:00:00,6014,32.22,33.77,33.03,46.67,25.8,2024.0,9
2024-09-07 14:00:00,6015,32.77,35.62,33.55,47.98,27.0,2024.0,9
2024-09-07 15:00:00,6016,31.81,41.01,32.61,50.76,23.33,2024.0,9
2024-09-07 16:00:00,6017,30.82,43.75,30.89,54.06,23.18,2024.0,9
2024-09-07 17:00:00,6018,28.23,55.98,27.4,63.17,29.3,2024.0,9
2024-09-07 18:00:00,6019,25.68,67.39,25.01,70.08,38.03,2024.0,9
2024-09-07 19:00:00,6020,24.72,72.82,24.22,72.36,39.52,2024.0,9
2024-09-07 20:00:00,6021,24.36,78.31,23.86,75.09,37.31,2024.0,9
2024-09-07 21:00:00,6022,23.75,90.17,23.26,80.59,26.82,2024.0,9
2024-09-07 22:00:00,6023,23.61,91.99,23.15,81.34,27.16,2024.0,9
2024-09-07 23:00:00,6024,23.33,93.53,22.7,83.47,28.65,2024.0,9
2024-09-08 00:00:00,6025,22.28,97.49,21.52,87.06,49.3,2024.0,9
2024-09-08 01:00:00,6026,21.58,96.55,21.05,85.55,59.05,2024.0,9
2024-09-08 02:00:00,6027,21.7,96.67,21.12,85.77,,2024.0,9
2024-09-08 03:00:00,6028,21.52,97.13,20.99,85.84,,2024.0,9
2024-09-08 04:00:00,6029,22.18,94.01,21.7,83.01,51.06,2024.0,9
2024-09-08 05:00:00,6030,22.44,95.95,21.55,87.26,55.21,2024.0,9
2024-09-08 06:00:00,6031,23.64,96.63,24.17,81.64,44.22,2024.0,9
2024-09-08 07:00:00,6032,28.67,71.88,28.68,68.26,49.46,2024.0,9
2024-09-08 08:00:00,6033,29.76,66.61,28.66,68.99,40.73,2024.0,9
2024-09-08 09:00:00,6034,31.17,58.2,31.22,60.53,32.93,2024.0,9
2024-09-08 10:00:00,6035,31.98,51.45,32.38,56.19,33.33,2024.0,9
2024-09-08 11:00:00,6036,32.73,47.01,32.34,55.74,32.59,2024.0,9
2024-09-08 12:00:00,6037,32.78,45.45,32.01,55.97,31.9,2024.0,9
2024-09-08 13:00:00,6038,33.2,45.27,33.33,54.24,33.77,2024.0,9
2024-09-08 14:00:00,6039,32.7,45.21,32.37,55.21,32.27,2024.0,9
2024-09-08 15:00:00,6040,31.23,51.88,30.4,60.43,34.43,2024.0,9
2024-09-08 16:00:00,6041,29.66,65.27,29.01,68.66,49.72,2024.0,9
2024-09-08 17:00:00,6042,28.47,72.7,27.76,72.65,50.21,2024.0,9
2024-09-08 18:00:00,6043,26.83,85.61,26.2,78.66,35.13,2024.0,9
2024-09-08 19:00:00,6044,26.11,91.09,25.53,81.31,30.79,2024.0,9
2024-09-08 20:00:00,6045,25.47,94.68,24.9,84.15,31.02,2024.0,9
2024-09-08 21:00:00,6046,25.1,97.43,24.55,86.13,32.59,2024.0,9
2024-09-08 22:00:00,6047,25.0,97.55,24.38,86.33,32.09,2024.0,9
2024-09-09 00:00:00,6049,24.05,99.9,23.39,89.84,30.55,2024.0,9
2024-09-09 01:00:00,6050,23.67,99.9,23.16,90.06,24.87,2024.0,9
2024-09-09 02:00:00,6051,23.64,99.9,23.02,90.25,20.28,2024.0,9
2024-09-09 03:00:00,6052,23.38,99.9,22.83,91.26,19.64,2024.0,9
2024-09-09 04:00:00,6053,23.16,99.9,22.6,91.4,20.48,2024.0,9
2024-09-09 05:00:00,6054,22.89,99.9,22.34,92.82,26.06,2024.0,9
2024-09-09 06:00:00,6055,24.09,99.27,23.8,87.18,28.86,2024.0,9
2024-09-09 07:00:00,6056,28.11,81.77,28.66,71.98,30.37,2024.0,9
2024-09-09 08:00:00,6057,31.69,61.82,29.68,67.95,32.59,2024.0,9
2024-09-09 09:00:00,6058,33.88,48.83,33.37,56.74,29.48,2024.0,9
2024-09-09 10:00:00,6059,35.32,40.39,34.63,52.97,26.6,2024.0,9
2024-09-09 11:00:00,6060,30.14,65.51,29.04,68.85,44.39,2024.0,9
2024-09-09 12:00:00,6061,26.42,88.91,27.38,74.82,23.71,2024.0,9
2024-09-09 13:00:00,6062,28.66,73.2,30.3,64.85,42.62,2024.0,9
2024-09-09 14:00:00,6063,29.06,64.51,30.06,62.68,37.86,2024.0,9
2024-09-09 15:00:00,6064,26.87,76.15,26.98,72.02,46.5,2024.0,9
2024-09-09 16:00:00,6065,25.14,95.63,23.05,95.54,23.95,2024.0,9
2024-09-09 17:00:00,6066,23.44,99.9,21.74,100.0,35.22,2024.0,9
2024-09-09 18:00:00,6067,22.68,99.9,21.4,100.0,43.09,2024.0,9
2024-09-09 19:00:00,6068,23.12,99.9,21.77,100.0,42.59,2024.0,9
2024-09-09 20:00:00,6069,22.74,99.9,21.4,100.0,37.57,2024.0,9
2024-09-09 21:00:00,6070,22.36,99.9,21.14,100.0,39.53,2024.0,9
2024-09-09 22:00:00,6071,22.27,99.9,21.12,100.0,43.3,2024.0,9
2024-09-09 23:00:00,6072,22.31,99.9,21.19,100.0,50.85,2024.0,9
2024-09-10 00:00:00,6073,22.21,99.9,21.19,100.0,50.5,2024.0,9
2024-09-10 01:00:00,6074,21.84,99.9,20.83,100.0,52.68,2024.0,9
2024-09-10 02:00:00,6075,21.77,99.9,20.97,100.0,57.13,2024.0,9
2024-09-10 03:00:00,6076,21.76,99.9,20.96,100.0,66.04,2024.0,9
2024-09-10 04:00:00,6077,21.56,99.9,20.7,100.0,66.29,2024.0,9
2024-09-10 05:00:00,6078,21.08,99.9,20.31,100.0,64.15,2024.0,9
2024-09-10 06:00:00,6079,21.57,99.9,21.28,100.0,72.45,2024.0,9
2024-09-10 07:00:00,6080,26.01,97.08,25.68,98.47,53.92,2024.0,9
2024-09-10 08:00:00,6081,28.92,85.63,27.16,84.95,47.54,2024.0,9
2024-09-10 09:00:00,6082,31.78,66.35,30.72,67.57,46.29,2024.0,9
2024-09-10 10:00:00,6083,33.73,53.36,31.54,63.73,40.7,2024.0,9
2024-09-10 11:00:00,6084,31.18,65.9,31.08,65.64,55.67,2024.0,9
2024-09-10 12:00:00,6085,27.86,86.77,28.85,72.25,40.4,2024.0,9
2024-09-10 13:00:00,6086,29.69,77.5,28.62,74.59,50.18,2024.0,9
2024-09-10 14:00:00,6087,31.36,67.28,30.49,68.11,61.7,2024.0,9
2024-09-10 15:00:00,6088,30.38,64.06,28.58,69.94,47.48,2024.0,9
2024-09-10 16:00:00,6089,29.67,69.56,28.15,72.31,49.4,2024.0,9
2024-09-10 17:00:00,6090,26.19,91.32,24.51,88.31,39.22,2024.0,9
2024-09-10 18:00:00,6091,23.14,99.9,21.94,100.0,42.0,2024.0,9
2024-09-10 21:00:00,6094,22.83,99.9,21.87,100.0,39.39,2024.0,9
2024-09-10 22:00:00,6095,22.46,99.9,21.36,100.0,28.74,2024.0,9
2024-09-10 23:00:00,6096,21.66,99.9,20.76,100.0,31.11,2024.0,9
2024-09-11 00:00:00,6097,21.42,99.9,20.45,100.0,25.59,2024.0,9
2024-09-11 01:00:00,6098,21.22,99.9,20.3,100.0,28.44,2024.0,9
2024-09-11 02:00:00,6099,21.22,99.9,20.38,100.0,22.24,2024.0,9
2024-09-11 03:00:00,6100,21.53,99.9,20.63,100.0,25.31,2024.0,9
2024-09-11 04:00:00,6101,21.03,99.9,20.19,100.0,15.48,2024.0,9
2024-09-11 05:00:00,6102,21.0,99.9,20.12,100.0,18.88,2024.0,9
2024-09-11 06:00:00,6103,21.07,99.9,20.22,100.0,25.42,2024.0,9
2024-09-11 07:00:00,6104,21.52,99.9,20.68,100.0,24.22,2024.0,9
2024-09-11 08:00:00,6105,22.32,99.9,21.31,100.0,16.9,2024.0,9
2024-09-11 09:00:00,6106,25.83,93.26,24.38,97.22,12.07,2024.0,9
2024-09-11 10:00:00,6107,27.81,76.29,25.99,88.76,13.24,2024.0,9
2024-09-11 11:00:00,6108,30.01,65.98,29.07,67.97,17.76,2024.0,9
2024-09-11 12:00:00,6109,31.76,48.71,30.1,61.58,13.6,2024.0,9
2024-09-11 13:00:00,6110,34.1,36.06,33.56,51.38,7.18,2024.0,9
2024-09-11 14:00:00,6111,35.32,27.15,35.56,43.01,9.2,2024.0,9
2024-09-11 18:00:00,6115,26.47,55.76,25.82,63.96,32.96,2024.0,9
2024-09-11 19:00:00,6116,25.11,81.99,24.37,76.43,37.81,2024.0,9
2024-09-11 20:00:00,6117,24.07,97.59,23.44,84.69,33.75,2024.0,9
2024-09-11 21:00:00,6118,23.42,99.9,22.89,86.97,35.0,2024.0,9
2024-09-11 22:00:00,6119,23.23,99.9,22.62,88.3,41.52,2024.0,9
2024-09-11 23:00:00,6120,23.26,99.83,22.69,86.29,37.74,2024.0,9
2024-09-12 00:00:00,6121,22.77,99.9,22.08,91.2,46.18,2024.0,9
2024-09-12 01:00:00,6122,22.53,99.9,21.91,90.99,42.39,2024.0,9
2024-09-12 02:00:00,6123,22.32,99.9,21.82,89.86,39.39,2024.0,9
2024-09-12 03:00:00,6124,22.43,99.9,21.81,90.49,40.37,2024.0,9
2024-09-12 04:00:00,6125,21.9,99.9,21.26,92.72,61.98,2024.0,9
2024-09-12 05:00:00,6126,21.89,99.9,21.12,93.39,54.43,2024.0,9
2024-09-12 06:00:00,6127,23.46,97.36,24.63,79.86,,2024.0,9
2024-09-12 07:00:00,6128,28.07,76.88,28.64,68.16,57.25,2024.0,9
2024-09-12 08:00:00,6129,29.91,61.98,29.16,64.95,39.07,2024.0,9
2024-09-12 09:00:00,6130,30.68,55.37,30.35,61.36,39.13,2024.0,9
2024-09-12 10:00:00,6131,31.66,47.68,32.08,56.02,39.45,2024.0,9
2024-09-12 11:00:00,6132,32.84,36.27,32.52,52.18,38.07,2024.0,9
2024-09-12 12:00:00,6133,33.91,28.46,31.95,48.82,33.71,2024.0,9
2024-09-12 13:00:00,6134,34.95,25.98,35.03,42.94,33.07,2024.0,9
2024-09-12 14:00:00,6135,35.58,26.05,36.16,42.53,33.62,2024.0,9
2024-09-12 15:00:00,6136,35.25,27.74,35.22,45.64,37.93,2024.0,9
2024-09-12 16:00:00,6137,31.55,41.7,30.26,58.3,43.14,2024.0,9
2024-09-12 17:00:00,6138,28.05,64.02,27.17,68.63,52.48,2024.0,9
2024-09-12 18:00:00,6139,26.39,77.47,25.73,74.07,46.24,2024.0,9
2024-09-12 19:00:00,6140,25.59,96.54,25.05,83.41,39.14,2024.0,9
2024-09-12 20:00:00,6141,24.93,99.65,24.28,87.74,40.87,2024.0,9
2024-09-12 21:00:00,6142,23.98,98.35,23.46,85.72,31.14,2024.0,9
2024-09-12 22:00:00,6143,23.92,93.02,23.41,80.38,22.4,2024.0,9
2024-09-12 23:00:00,6144,23.28,96.07,22.6,83.56,24.81,2024.0,9
2024-09-13 00:00:00,6145,22.28,99.9,21.56,88.36,30.84,2024.0,9
2024-09-13 01:00:00,6146,21.51,99.9,21.05,89.61,31.17,2024.0,9
2024-09-13 02:00:00,6147,21.59,99.9,20.97,89.15,32.52,2024.0,9
2024-09-13 04:00:00,6149,21.11,99.9,20.46,90.68,41.9,2024.0,9
2024-09-13 05:00:00,6150,20.66,99.9,20.28,91.44,40.25,2024.0,9
2024-09-13 06:00:00,6151,22.42,96.98,23.29,79.73,31.13,2024.0,9
2024-09-13 07:00:00,6152,26.48,71.3,27.08,65.84,40.87,2024.0,9
2024-09-13 08:00:00,6153,27.54,60.92,27.9,61.83,39.73,2024.0,9
2024-09-13 09:00:00,6154,29.63,49.05,28.97,59.29,39.63,2024.0,9
2024-09-13 10:00:00,6155,30.66,42.0,30.87,54.16,36.0,2024.0,9
2024-09-13 11:00:00,6156,31.1,35.05,30.96,51.27,35.13,2024.0,9
2024-09-13 12:00:00,6157,31.6,30.52,30.18,50.4,32.86,2024.0,9
2024-09-13 13:00:00,6158,32.94,27.52,33.39,44.01,32.24,2024.0,9
2024-09-13 14:00:00,6159,32.66,26.23,33.23,42.69,31.76,2024.0,9
2024-09-13 15:00:00,6160,32.3,27.76,32.55,45.35,35.07,2024.0,9
2024-09-13 16:00:00,6161,31.57,31.67,31.21,50.12,33.52,2024.0,9
2024-09-13 17:00:00,6162,28.24,38.57,27.4,55.7,31.0,2024.0,9
2024-09-13 18:00:00,6163,26.19,36.87,25.57,54.37,32.07,2024.0,9
2024-09-13 19:00:00,6164,24.76,46.65,24.23,59.26,37.67,2024.0,9
2024-09-13 20:00:00,6165,24.08,53.12,23.55,61.94,39.96,2024.0,9
2024-09-13 21:00:00,6166,23.32,57.5,22.81,64.0,39.03,2024.0,9
2024-09-13 23:00:00,6168,22.69,62.25,22.26,65.68,31.08,2024.0,9
2024-09-14 00:00:00,6169,22.09,71.19,21.66,70.68,26.17,2024.0,9
2024-09-14 01:00:00,6170,21.65,79.61,20.98,74.92,26.63,2024.0,9
2024-09-14 02:00:00,6171,19.68,88.59,19.05,78.66,44.29,2024.0,9
2024-09-14 03:00:00,6172,18.88,93.64,18.1,82.52,60.46,2024.0,9
2024-09-14 04:00:00,6173,17.62,88.95,17.14,77.74,38.5,2024.0,9
2024-09-14 05:00:00,6174,17.72,85.37,17.36,76.14,51.17,2024.0,9
2024-09-14 06:00:00,6175,19.14,87.19,19.78,73.77,62.94,2024.0,9
2024-09-14 07:00:00,6176,26.01,54.59,27.19,56.87,74.82,2024.0,9
2024-09-14 08:00:00,6177,28.7,46.62,28.41,57.33,38.68,2024.0,9
2024-09-14 09:00:00,6178,29.32,45.87,28.72,58.2,32.72,2024.0,9
2024-09-14 10:00:00,6179,30.37,36.91,30.66,51.19,31.0,2024.0,9
2024-09-14 11:00:00,6180,31.27,30.39,31.48,47.22,30.83,2024.0,9
2024-09-14 12:00:00,6181,33.13,24.29,31.85,43.17,28.5,2024.0,9
2024-09-14 13:00:00,6182,34.13,21.24,34.26,37.6,28.21,2024.0,9
2024-09-14 14:00:00,6183,34.57,21.04,34.52,38.07,29.93,2024.0,9
2024-09-14 15:00:00,6184,33.76,21.51,33.23,39.51,30.79,2024.0,9
2024-09-14 16:00:00,6185,30.54,24.07,29.47,43.72,29.2,2024.0,9
2024-09-14 17:00:00,6186,27.83,33.68,27.08,52.55,35.55,2024.0,9
2024-09-14 18:00:00,6187,25.99,51.68,25.44,61.04,37.7,2024.0,9
2024-09-14 19:00:00,6188,24.69,49.82,24.12,60.31,30.38,2024.0,9
2024-09-14 20:00:00,6189,23.55,58.27,23.0,64.28,29.9,2024.0,9
2024-09-14 21:00:00,6190,23.05,62.16,22.57,66.06,34.25,2024.0,9
2024-09-14 22:00:00,6191,22.43,68.13,21.83,69.6,35.67,2024.0,9
2024-09-14 23:00:00,6192,21.49,78.51,21.0,73.97,34.78,2024.0,9
2024-09-15 00:00:00,6193,21.77,76.86,21.28,72.83,32.11,2024.0,9
2024-09-15 01:00:00,6194,21.31,82.28,20.88,75.19,23.92,2024.0,9
2024-09-15 02:00:00,6195,20.91,88.02,20.14,78.86,32.28,2024.0,9
2024-09-15 03:00:00,6196,19.66,94.76,19.14,82.81,41.4,2024.0,9
2024-09-15 04:00:00,6197,18.79,98.72,18.0,87.32,65.68,2024.0,9
2024-09-15 05:00:00,6198,17.87,99.9,17.5,88.86,49.83,2024.0,9
2024-09-15 06:00:00,6199,20.63,91.8,22.91,71.11,70.9,2024.0,9
2024-09-15 07:00:00,6200,26.07,63.65,27.38,60.05,,2024.0,9
2024-09-15 08:00:00,6201,28.72,42.29,28.86,53.92,34.86,2024.0,9
2024-09-15 09:00:00,6202,29.6,36.75,28.82,53.63,29.87,2024.0,9
2024-09-15 10:00:00,6203,30.58,35.07,30.63,50.91,29.14,2024.0,9
2024-09-15 11:00:00,6204,31.42,30.5,31.37,48.0,29.9,2024.0,9
2024-09-15 12:00:00,6205,32.34,26.4,30.98,46.02,30.28,2024.0,9
2024-09-15 13:00:00,6206,34.42,22.31,34.76,38.61,30.4,2024.0,9
2024-09-15 14:00:00,6207,34.88,22.09,34.71,39.52,33.17,2024.0,9
2024-09-15 15:00:00,6208,32.24,25.78,31.09,46.09,36.66,2024.0,9
2024-09-15 16:00:00,6209,28.57,44.51,27.82,58.75,44.68,2024.0,9
2024-09-15 17:00:00,6210,27.21,56.57,26.57,63.3,45.54,2024.0,9
2024-09-15 18:00:00,6211,25.95,58.2,25.3,64.08,36.17,2024.0,9
2024-09-15 19:00:00,6212,25.0,47.7,24.51,58.32,35.66,2024.0,9
2024-09-15 20:00:00,6213,24.36,44.59,23.84,57.64,39.07,2024.0,9
2024-09-15 21:00:00,6214,24.1,41.58,23.55,56.21,35.57,2024.0,9
2024-09-15 22:00:00,6215,23.59,53.41,23.1,61.51,40.47,2024.0,9
2024-09-15 23:00:00,6216,23.08,59.89,22.42,65.33,44.41,2024.0,9
2024-09-16 00:00:00,6217,22.66,59.45,21.94,64.62,34.0,2024.0,9
2024-09-16 01:00:00,6218,22.02,62.74,21.29,66.95,31.93,2024.0,9
2024-09-16 02:00:00,6219,21.41,71.41,20.98,70.43,27.87,2024.0,9
2024-09-16 03:00:00,6220,20.92,80.25,20.23,75.4,23.66,2024.0,9
2024-09-16 04:00:00,6221,19.86,89.03,19.35,78.16,24.5,2024.0,9
2024-09-16 05:00:00,6222,19.44,91.17,19.0,79.36,26.68,2024.0,9
2024-09-16 06:00:00,6223,21.29,80.97,22.58,68.63,66.31,2024.0,9
2024-09-16 07:00:00,6224,26.05,55.42,26.51,58.95,,2024.0,9
2024-09-16 08:00:00,6225,29.5,36.13,29.54,50.91,57.07,2024.0,9
2024-09-16 09:00:00,6226,31.41,26.74,29.59,46.98,27.92,2024.0,9
2024-09-16 10:00:00,6227,32.39,24.22,31.47,43.02,25.69,2024.0,9
2024-09-16 11:00:00,6228,33.07,23.4,32.52,41.48,27.15,2024.0,9
2024-09-16 12:00:00,6229,35.17,16.62,32.83,35.41,22.48,2024.0,9
2024-09-16 13:00:00,6230,35.9,15.23,36.15,31.06,27.53,2024.0,9
2024-09-16 14:00:00,6231,36.43,18.73,36.63,35.89,41.93,2024.0,9
2024-09-16 15:00:00,6232,31.37,26.84,31.29,45.73,48.0,2024.0,9
2024-09-16 16:00:00,6233,29.91,33.87,28.95,53.4,37.28,2024.0,9
2024-09-16 17:00:00,6234,27.44,48.36,26.4,60.94,34.37,2024.0,9
2024-09-16 18:00:00,6235,25.51,47.9,25.01,58.87,38.69,2024.0,9
2024-09-16 19:00:00,6236,25.08,45.94,24.53,58.29,33.63,2024.0,9
2024-09-16 20:00:00,6237,24.32,45.3,23.79,57.86,40.31,2024.0,9
2024-09-16 21:00:00,6238,24.1,41.02,23.65,55.65,38.14,2024.0,9
2024-09-16 22:00:00,6239,23.87,36.43,23.34,53.51,37.55,2024.0,9
2024-09-16 23:00:00,6240,23.14,33.47,22.58,51.89,38.27,2024.0,9
2024-09-17 00:00:00,6241,22.26,36.19,21.67,53.72,41.17,2024.0,9
2024-09-17 01:00:00,6242,21.21,54.25,20.55,64.01,69.93,2024.0,9
2024-09-17 02:00:00,6243,20.1,86.76,19.5,77.92,,2024.0,9
2024-09-17 03:00:00,6244,19.42,92.21,18.63,81.8,60.37,2024.0,9
2024-09-17 04:00:00,6245,18.76,92.26,18.17,80.66,58.96,2024.0,9
2024-09-17 05:00:00,6246,18.38,93.4,17.77,81.81,53.78,2024.0,9
2024-09-17 06:00:00,6247,20.52,83.49,22.28,68.53,,2024.0,9
2024-09-17 07:00:00,6248,26.11,40.4,28.32,46.81,,2024.0,9
2024-09-17 08:00:00,6249,30.31,20.99,30.71,36.14,37.93,2024.0,9
2024-09-17 09:00:00,6250,31.0,20.15,29.56,38.99,30.29,2024.0,9
2024-09-17 10:00:00,6251,32.19,19.46,31.61,36.91,26.8,2024.0,9
2024-09-17 11:00:00,6252,33.73,15.97,33.41,32.33,24.0,2024.0,9
2024-09-17 12:00:00,6253,35.76,12.23,33.88,29.47,24.13,2024.0,9
2024-09-17 13:00:00,6254,37.21,13.37,37.37,29.63,35.38,2024.0,9
2024-09-17 14:00:00,6255,33.75,20.51,35.09,36.29,46.07,2024.0,9
2024-09-17 15:00:00,6256,32.18,22.72,33.72,38.47,47.04,2024.0,9
2024-09-17 16:00:00,6257,30.92,23.4,31.68,40.36,45.03,2024.0,9
2024-09-17 17:00:00,6258,29.08,31.94,28.37,51.18,46.32,2024.0,9
2024-09-17 18:00:00,6259,26.51,56.1,25.7,63.66,45.78,2024.0,9
2024-09-17 19:00:00,6260,24.91,68.21,24.13,69.68,48.79,2024.0,9
2024-09-17 20:00:00,6261,24.31,74.79,23.68,72.19,41.47,2024.0,9
2024-09-17 21:00:00,6262,23.95,71.87,23.16,71.18,35.79,2024.0,9
2024-09-17 22:00:00,6263,23.21,70.21,22.54,69.86,40.73,2024.0,9
2024-09-17 23:00:00,6264,22.66,75.71,21.99,72.39,49.36,2024.0,9
2024-09-18 00:00:00,6265,22.28,63.93,21.73,65.74,49.04,2024.0,9
2024-09-18 01:00:00,6266,21.89,54.48,21.33,61.17,46.1,2024.0,9
2024-09-18 02:00:00,6267,20.93,55.53,20.41,61.73,44.22,2024.0,9
2024-09-18 03:00:00,6268,20.21,57.9,19.63,63.21,41.6,2024.0,9
2024-09-18 04:00:00,6269,19.24,67.57,18.73,68.45,37.52,2024.0,9
2024-09-18 05:00:00,6270,19.26,75.85,18.79,72.7,44.78,2024.0,9
2024-09-18 06:00:00,6271,20.91,77.96,22.65,66.31,,2024.0,9
2024-09-18 07:00:00,6272,25.98,47.53,26.86,54.4,50.1,2024.0,9
2024-09-18 08:00:00,6273,28.56,31.0,28.92,45.66,34.17,2024.0,9
2024-09-18 09:00:00,6274,30.55,21.7,29.38,39.62,24.57,2024.0,9
2024-09-18 10:00:00,6275,32.33,18.34,31.08,36.32,21.76,2024.0,9
2024-09-18 11:00:00,6276,32.71,18.51,32.36,35.59,22.07,2024.0,9
2024-09-18 12:00:00,6277,34.88,15.72,32.54,34.72,27.33,2024.0,9
2024-09-18 13:00:00,6278,35.78,15.36,36.57,30.8,36.07,2024.0,9
2024-09-18 14:00:00,6279,32.74,18.56,35.78,31.93,38.03,2024.0,9
2024-09-18 15:00:00,6280,32.61,18.13,34.76,32.58,45.03,2024.0,9
2024-09-18 16:00:00,6281,31.63,21.25,32.2,38.28,35.83,2024.0,9
2024-09-18 17:00:00,6282,28.63,39.49,27.55,55.48,44.66,2024.0,9
2024-09-18 18:00:00,6283,25.47,62.27,24.66,66.51,46.41,2024.0,9
2024-09-18 19:00:00,6284,24.17,68.51,23.47,69.76,41.9,2024.0,9
2024-09-18 20:00:00,6285,22.97,83.64,22.38,76.23,26.64,2024.0,9
2024-09-18 21:00:00,6286,22.44,83.43,21.96,75.44,27.59,2024.0,9
2024-09-18 22:00:00,6287,22.32,72.09,21.84,69.81,40.27,2024.0,9
2024-09-18 23:00:00,6288,22.13,62.5,21.52,65.5,36.34,2024.0,9
2024-09-19 00:00:00,6289,21.44,68.5,20.86,68.86,35.93,2024.0,9
2024-09-19 01:00:00,6290,21.11,73.08,20.43,71.77,24.79,2024.0,9
2024-09-19 02:00:00,6291,20.29,82.26,19.72,75.59,24.05,2024.0,9
2024-09-19 03:00:00,6292,19.91,81.48,19.36,75.06,30.65,2024.0,9
2024-09-19 04:00:00,6293,19.17,89.37,18.53,79.0,36.54,2024.0,9
2024-09-19 05:00:00,6294,18.8,85.93,18.55,75.71,33.41,2024.0,9
2024-09-19 06:00:00,6295,20.94,72.49,22.59,64.0,71.85,2024.0,9
2024-09-19 07:00:00,6296,25.67,40.76,26.41,51.02,58.33,2024.0,9
2024-09-19 08:00:00,6297,29.52,24.96,29.78,40.8,41.76,2024.0,9
2024-09-19 09:00:00,6298,32.22,17.35,30.05,35.92,30.1,2024.0,9
2024-09-19 10:00:00,6299,33.9,15.08,32.63,32.38,20.22,2024.0,9
2024-09-19 11:00:00,6300,34.8,14.74,35.22,30.37,32.32,2024.0,9
2024-09-19 12:00:00,6301,35.07,15.49,33.51,33.72,42.17,2024.0,9
2024-09-19 13:00:00,6302,33.68,18.91,34.84,34.96,46.57,2024.0,9
2024-09-19 14:00:00,6303,33.12,21.91,35.73,36.39,46.72,2024.0,9
2024-09-19 15:00:00,6304,33.05,24.32,34.89,39.86,54.17,2024.0,9
2024-09-19 16:00:00,6305,31.36,27.92,32.09,45.3,51.93,2024.0,9
2024-09-19 17:00:00,6306,29.0,38.47,28.38,55.16,54.8,2024.0,9
2024-09-19 18:00:00,6307,26.4,72.82,25.34,73.13,49.5,2024.0,9
2024-09-19 19:00:00,6308,24.57,91.46,23.98,80.42,36.65,2024.0,9
2024-09-19 20:00:00,6309,23.81,94.66,23.12,83.12,35.26,2024.0,9
2024-09-19 21:00:00,6310,23.34,97.43,22.65,85.15,39.14,2024.0,9
2024-09-19 22:00:00,6311,23.14,97.27,22.52,84.82,46.77,2024.0,9
2024-09-19 23:00:00,6312,23.26,95.77,22.6,83.52,47.02,2024.0,9
2024-09-20 00:00:00,6313,22.72,93.8,22.01,82.15,27.2,2024.0,9
2024-09-20 01:00:00,6314,22.05,96.86,21.24,85.22,31.99,2024.0,9
2024-09-20 02:00:00,6315,21.56,97.6,20.94,85.04,21.6,2024.0,9
2024-09-20 03:00:00,6316,21.38,98.16,20.57,86.23,23.89,2024.0,9
2024-09-20 04:00:00,6317,21.03,99.78,20.29,87.17,27.16,2024.0,9
2024-09-20 05:00:00,6318,21.18,99.58,20.44,87.0,33.85,2024.0,9
2024-09-20 06:00:00,6319,21.99,97.18,22.28,81.78,49.98,2024.0,9
2024-09-20 07:00:00,6320,26.35,71.18,26.66,66.71,,2024.0,9
2024-09-20 08:00:00,6321,30.37,49.69,32.2,53.05,,2024.0,9
2024-09-20 09:00:00,6322,33.18,34.47,33.12,50.08,74.69,2024.0,9
2024-09-20 10:00:00,6323,35.19,26.57,34.59,44.7,63.7,2024.0,9
2024-09-20 11:00:00,6324,35.38,24.26,35.14,41.78,55.48,2024.0,9
2024-09-20 12:00:00,6325,33.44,24.17,33.39,41.86,43.86,2024.0,9
2024-09-20 13:00:00,6326,33.93,25.23,36.73,38.69,45.66,2024.0,9
2024-09-20 14:00:00,6327,33.94,25.98,36.16,40.26,41.81,2024.0,9
2024-09-20 15:00:00,6328,33.39,27.81,35.06,43.14,50.14,2024.0,9
2024-09-20 16:00:00,6329,31.67,31.93,32.58,47.84,46.07,2024.0,9
2024-09-20 17:00:00,6330,29.02,55.43,28.43,63.31,64.73,2024.0,9
2024-09-20 18:00:00,6331,27.62,70.4,26.78,70.84,62.59,2024.0,9
2024-09-20 19:00:00,6332,26.35,78.09,25.59,73.95,50.98,2024.0,9
2024-09-20 20:00:00,6333,25.68,82.98,24.85,76.43,47.85,2024.0,9
2024-09-20 21:00:00,6334,25.11,96.47,24.47,83.75,60.7,2024.0,9
2024-09-20 22:00:00,6335,24.75,97.28,23.92,86.79,59.69,2024.0,9
2024-09-20 23:00:00,6336,23.76,99.9,23.18,90.66,63.32,2024.0,9
2024-09-21 00:00:00,6337,23.4,99.9,22.72,91.95,63.19,2024.0,9
2024-09-21 01:00:00,6338,22.89,99.9,22.17,94.0,67.42,2024.0,9
2024-09-21 02:00:00,6339,22.58,99.9,21.77,94.57,75.2,2024.0,9
2024-09-21 04:00:00,6341,21.69,99.9,20.79,92.72,,2024.0,9
2024-09-21 05:00:00,6342,21.08,99.9,20.1,96.87,,2024.0,9
2024-09-21 06:00:00,6343,22.14,99.74,21.91,89.01,,2024.0,9
2024-09-21 07:00:00,6344,27.4,80.28,28.42,68.18,,2024.0,9
2024-09-21 08:00:00,6345,30.88,61.98,30.25,64.06,,2024.0,9
2024-09-21 09:00:00,6346,33.58,42.0,31.63,57.56,72.69,2024.0,9
2024-09-21 10:00:00,6347,35.66,28.25,35.05,46.34,59.93,2024.0,9
2024-09-21 11:00:00,6348,33.79,31.2,34.14,47.21,56.11,2024.0,9
2024-09-21 12:00:00,6349,31.66,40.49,32.72,51.66,48.5,2024.0,9
2024-09-21 13:00:00,6350,31.99,38.44,34.56,47.82,42.83,2024.0,9
2024-09-21 14:00:00,6351,32.52,37.09,35.0,47.39,47.24,2024.0,9
2024-09-21 15:00:00,6352,31.82,40.44,33.77,50.13,51.8,2024.0,9
2024-09-21 16:00:00,6353,30.72,49.81,31.55,56.32,61.79,2024.0,9
2024-09-21 17:00:00,6354,28.86,62.89,28.34,65.69,69.38,2024.0,9
2024-09-21 18:00:00,6355,27.69,85.48,26.72,78.15,55.71,2024.0,9
2024-09-21 19:00:00,6356,25.91,99.73,25.14,86.41,56.75,2024.0,9
2024-09-21 20:00:00,6357,25.39,99.9,24.57,88.84,58.51,2024.0,9
2024-09-21 21:00:00,6358,24.81,99.9,24.15,90.84,70.52,2024.0,9
2024-09-21 22:00:00,6359,24.55,99.9,23.98,91.51,61.82,2024.0,9
2024-09-21 23:00:00,6360,24.15,99.9,23.5,93.54,71.73,2024.0,9
2024-09-22 00:00:00,6361,23.87,99.9,23.32,94.93,74.35,2024.0,9
2024-09-22 01:00:00,6362,23.91,99.9,23.27,95.35,69.56,2024.0,9
2024-09-22 02:00:00,6363,23.8,99.9,22.83,96.69,72.48,2024.0,9
2024-09-22 03:00:00,6364,23.22,99.9,22.33,97.31,,2024.0,9
2024-09-22 04:00:00,6365,22.48,99.9,21.87,93.59,,2024.0,9
2024-09-22 05:00:00,6366,22.33,99.9,21.61,93.25,,2024.0,9
2024-09-22 06:00:00,6367,23.31,99.9,22.97,88.66,,2024.0,9
2024-09-22 07:00:00,6368,27.13,87.2,26.78,75.79,,2024.0,9
2024-09-22 08:00:00,6369,31.37,66.81,30.28,67.75,,2024.0,9
2024-09-22 09:00:00,6370,33.72,52.78,31.97,62.82,,2024.0,9
2024-09-22 10:00:00,6371,36.93,31.81,36.63,48.13,,2024.0,9
2024-09-22 11:00:00,6372,36.21,25.79,35.92,43.21,53.14,2024.0,9
2024-09-22 12:00:00,6373,34.85,29.59,35.8,45.36,51.43,2024.0,9
2024-09-22 13:00:00,6374,34.84,29.61,36.54,44.2,43.83,2024.0,9
2024-09-22 14:00:00,6375,36.74,29.7,38.31,44.51,49.93,2024.0,9
2024-09-22 15:00:00,6376,33.03,43.86,34.86,51.57,51.31,2024.0,9
2024-09-22 16:00:00,6377,31.61,56.03,31.54,61.14,58.28,2024.0,9
2024-09-22 17:00:00,6378,29.37,71.02,28.67,70.21,69.9,2024.0,9
2024-09-22 18:00:00,6379,27.97,92.0,27.28,80.09,60.24,2024.0,9
2024-09-22 19:00:00,6380,27.68,93.81,26.81,81.57,49.21,2024.0,9
2024-09-22 20:00:00,6381,25.5,99.74,23.21,99.53,48.77,2024.0,9
2024-09-22 21:00:00,6382,25.52,99.9,23.86,100.0,58.73,2024.0,9
2024-09-22 22:00:00,6383,25.66,99.9,24.25,99.99,59.67,2024.0,9
2024-09-22 23:00:00,6384,24.76,99.9,23.07,100.0,46.45,2024.0,9
2024-09-23 00:00:00,6385,24.6,99.9,22.97,100.0,52.28,2024.0,9
2024-09-23 01:00:00,6386,24.82,99.9,23.46,100.0,54.92,2024.0,9
2024-09-23 02:00:00,6387,24.57,99.9,23.16,100.0,48.98,2024.0,9
2024-09-23 03:00:00,6388,24.64,99.9,23.28,100.0,46.02,2024.0,9
2024-09-23 04:00:00,6389,24.4,99.9,23.56,95.91,44.51,2024.0,9
2024-09-23 05:00:00,6390,24.19,99.9,23.48,94.48,51.45,2024.0,9
2024-09-23 06:00:00,6391,24.68,99.9,24.33,92.11,60.45,2024.0,9
2024-09-23 07:00:00,6392,26.93,98.87,25.92,86.25,59.18,2024.0,9
2024-09-23 08:00:00,6393,27.19,98.09,26.4,85.06,66.44,2024.0,9
2024-09-23 09:00:00,6394,28.74,89.58,27.34,80.29,60.68,2024.0,9
2024-09-23 10:00:00,6395,31.56,69.36,30.68,68.4,,2024.0,9
2024-09-23 11:00:00,6396,33.23,56.54,31.86,63.86,69.87,2024.0,9
2024-09-23 12:00:00,6397,36.15,39.25,34.25,56.67,53.28,2024.0,9
2024-09-23 13:00:00,6398,32.27,56.31,30.14,67.26,51.42,2024.0,9
2024-09-23 14:00:00,6399,26.17,96.7,23.69,95.5,46.03,2024.0,9
2024-09-23 15:00:00,6400,28.49,91.18,26.58,95.28,53.16,2024.0,9
2024-09-23 16:00:00,6401,30.17,76.91,27.59,85.38,62.87,2024.0,9
2024-09-23 17:00:00,6402,27.17,95.01,26.34,83.41,49.69,2024.0,9
2024-09-23 18:00:00,6403,26.01,99.8,25.44,87.23,51.35,2024.0,9
2024-09-23 19:00:00,6404,25.48,99.9,25.01,89.81,54.99,2024.0,9
2024-09-23 20:00:00,6405,25.14,99.9,24.58,91.79,51.47,2024.0,9
2024-09-23 21:00:00,6406,24.54,99.9,23.91,93.74,57.44,2024.0,9
2024-09-23 22:00:00,6407,24.27,99.9,23.7,94.07,68.05,2024.0,9
2024-09-23 23:00:00,6408,24.16,99.9,23.68,94.14,59.76,2024.0,9
2024-09-24 00:00:00,6409,24.4,99.9,23.72,94.09,56.8,2024.0,9
2024-09-24 01:00:00,6410,24.08,99.9,23.45,91.87,37.18,2024.0,9
2024-09-24 02:00:00,6411,23.94,99.9,23.34,93.86,46.25,2024.0,9
2024-09-24 03:00:00,6412,24.14,99.9,23.33,95.11,51.95,2024.0,9
2024-09-24 04:00:00,6413,23.57,99.9,22.87,95.12,55.21,2024.0,9
2024-09-24 05:00:00,6414,23.35,99.9,22.72,95.08,67.77,2024.0,9
2024-09-24 06:00:00,6415,23.83,99.9,23.3,93.0,,2024.0,9
2024-09-24 07:00:00,6416,25.99,98.56,25.76,84.54,63.86,2024.0,9
2024-09-24 08:00:00,6417,28.05,94.56,27.03,82.25,75.21,2024.0,9
2024-09-24 09:00:00,6418,31.8,70.86,30.33,71.08,68.24,2024.0,9
2024-09-24 10:00:00,6419,30.35,75.72,28.36,75.9,76.26,2024.0,9
2024-09-24 11:00:00,6420,22.68,99.81,21.58,96.41,42.19,2024.0,9
2024-09-24 12:00:00,6421,22.9,99.9,21.05,100.0,29.1,2024.0,9
2024-09-24 13:00:00,6422,24.96,98.47,23.62,97.46,40.92,2024.0,9
2024-09-24 14:00:00,6423,32.41,66.37,32.56,71.62,69.44,2024.0,9
2024-09-24 15:00:00,6424,30.3,74.51,28.56,73.84,43.88,2024.0,9
2024-09-24 16:00:00,6425,29.23,78.39,27.85,75.04,43.77,2024.0,9
2024-09-24 17:00:00,6426,25.22,98.36,24.26,88.15,43.43,2024.0,9
2024-09-24 18:00:00,6427,24.42,99.9,23.83,90.1,53.49,2024.0,9
2024-09-24 19:00:00,6428,23.8,99.9,23.21,90.24,32.41,2024.0,9
2024-09-24 20:00:00,6429,23.31,99.9,22.71,90.47,30.48,2024.0,9
2024-09-24 21:00:00,6430,23.11,99.9,22.56,91.43,37.87,2024.0,9
2024-09-24 22:00:00,6431,23.06,99.9,22.42,92.22,46.01,2024.0,9
2024-09-24 23:00:00,6432,22.74,99.9,21.99,95.61,60.47,2024.0,9
2024-09-25 00:00:00,6433,22.64,99.9,22.03,93.68,38.99,2024.0,9
2024-09-25 01:00:00,6434,22.24,99.9,21.58,96.36,49.21,2024.0,9
2024-09-25 02:00:00,6435,22.08,99.9,21.58,96.57,57.75,2024.0,9
2024-09-25 03:00:00,6436,22.14,99.9,21.5,97.38,59.58,2024.0,9
2024-09-25 04:00:00,6437,21.7,99.9,20.92,99.44,71.8,2024.0,9
2024-09-25 05:00:00,6438,21.23,99.9,20.7,99.08,72.9,2024.0,9
2024-09-25 06:00:00,6439,23.4,99.9,24.46,84.85,61.36,2024.0,9
2024-09-25 07:00:00,6440,27.32,88.38,27.34,74.09,44.62,2024.0,9
2024-09-25 08:00:00,6441,30.89,66.82,30.51,65.26,62.79,2024.0,9
2024-09-25 09:00:00,6442,32.3,57.19,30.79,64.33,47.0,2024.0,9
2024-09-25 10:00:00,6443,33.76,47.63,32.95,58.11,43.14,2024.0,9
2024-09-25 11:00:00,6444,34.21,39.62,33.73,53.49,33.8,2024.0,9
2024-09-25 12:00:00,6445,35.09,36.1,32.45,56.52,37.79,2024.0,9
2024-09-26 13:00:00,6470,26.13,93.6,24.96,85.91,35.05,2024.0,9
2024-09-26 14:00:00,6471,25.02,99.9,23.59,96.33,29.88,2024.0,9
2024-09-26 15:00:00,6472,25.13,99.78,23.86,91.43,26.13,2024.0,9
2024-09-26 16:00:00,6473,23.84,99.9,23.08,91.58,29.3,2024.0,9
2024-09-26 17:00:00,6474,23.19,99.9,22.59,91.07,30.29,2024.0,9
2024-09-26 18:00:00,6475,23.33,99.9,22.82,90.7,39.84,2024.0,9
2024-09-26 19:00:00,6476,23.4,99.9,22.55,94.54,41.12,2024.0,9
2024-09-26 20:00:00,6477,23.0,99.9,22.43,96.81,34.91,2024.0,9
2024-09-26 21:00:00,6478,22.81,99.9,22.4,97.09,27.68,2024.0,9
2024-09-26 22:00:00,6479,23.0,99.9,22.46,96.28,35.64,2024.0,9
2024-09-26 23:00:00,6480,22.84,99.9,22.27,98.27,35.16,2024.0,9
2024-09-27 00:00:00,6481,22.58,99.9,21.95,100.0,41.9,2024.0,9
2024-09-27 01:00:00,6482,22.32,99.9,21.72,99.95,62.56,2024.0,9
2024-09-27 02:00:00,6483,22.41,99.9,21.82,99.98,66.79,2024.0,9
2024-09-27 03:00:00,6484,22.34,99.9,21.63,100.0,56.17,2024.0,9
2024-09-27 04:00:00,6485,21.94,99.9,21.12,100.0,64.57,2024.0,9
2024-09-27 05:00:00,6486,21.59,99.9,20.92,100.0,75.0,2024.0,9
2024-09-27 06:00:00,6487,22.12,99.9,21.88,99.48,,2024.0,9
2024-09-27 07:00:00,6488,25.89,99.89,26.42,84.93,,2024.0,9
2024-09-27 08:00:00,6489,29.99,85.76,30.34,71.39,73.58,2024.0,9
2024-09-27 09:00:00,6490,32.22,63.15,31.21,65.58,61.1,2024.0,9
2024-09-27 10:00:00,6491,31.96,56.21,31.78,61.0,40.14,2024.0,9
2024-09-27 11:00:00,6492,32.17,50.06,31.83,58.81,30.17,2024.0,9
2024-09-27 12:00:00,6493,33.53,41.34,32.68,56.06,26.13,2024.0,9
2024-09-27 13:00:00,6494,35.26,34.81,35.36,49.92,23.76,2024.0,9
2024-09-27 14:00:00,6495,34.62,40.68,32.92,57.61,37.37,2024.0,9
2024-09-27 15:00:00,6496,29.73,74.3,28.75,71.77,53.76,2024.0,9
2024-09-27 16:00:00,6497,27.57,95.05,27.17,79.6,42.03,2024.0,9
2024-09-27 17:00:00,6498,27.08,98.36,26.46,82.39,39.53,2024.0,9
2024-09-27 18:00:00,6499,26.93,99.05,26.08,83.76,42.92,2024.0,9
2024-09-27 19:00:00,6500,26.58,99.53,25.84,84.68,38.79,2024.0,9
2024-09-27 20:00:00,6501,25.95,99.9,25.32,88.01,37.36,2024.0,9
2024-09-27 21:00:00,6502,25.66,99.9,24.93,90.62,61.04,2024.0,9
2024-09-27 22:00:00,6503,25.41,99.9,24.74,92.61,68.34,2024.0,9
2024-09-27 23:00:00,6504,25.24,99.9,24.57,89.89,34.12,2024.0,9
2024-09-28 00:00:00,6505,24.83,99.9,24.14,91.02,32.12,2024.0,9
2024-09-28 01:00:00,6506,24.3,99.9,23.66,92.9,32.83,2024.0,9
2024-09-28 02:00:00,6507,24.2,99.9,23.57,92.94,34.19,2024.0,9
2024-09-28 03:00:00,6508,24.0,99.9,23.32,94.92,40.87,2024.0,9
2024-09-28 04:00:00,6509,23.66,99.9,22.97,95.47,37.56,2024.0,9
2024-09-28 05:00:00,6510,23.46,99.9,23.07,93.04,32.16,2024.0,9
2024-09-28 06:00:00,6511,23.85,99.9,23.6,92.35,42.11,2024.0,9
2024-09-28 07:00:00,6512,27.78,92.35,28.66,74.27,30.77,2024.0,9
2024-09-28 08:00:00,6513,30.1,72.32,30.8,65.35,35.51,2024.0,9
2024-09-28 09:00:00,6514,31.7,59.3,31.8,61.44,40.64,2024.0,9
2024-09-28 10:00:00,6515,32.44,52.67,32.38,59.17,43.97,2024.0,9
2024-09-28 11:00:00,6516,32.33,49.29,32.08,58.62,44.69,2024.0,9
2024-09-28 12:00:00,6517,33.45,43.17,32.92,56.58,44.27,2024.0,9
2024-09-28 13:00:00,6518,35.21,35.37,35.59,50.23,41.73,2024.0,9
2024-09-28 14:00:00,6519,35.59,34.14,35.2,51.58,42.5,2024.0,9
2024-09-28 15:00:00,6520,33.18,44.95,32.51,58.21,44.6,2024.0,9
2024-09-28 16:00:00,6521,31.71,53.43,30.7,63.16,43.31,2024.0,9
2024-09-28 17:00:00,6522,28.94,77.96,28.18,73.19,43.63,2024.0,9
2024-09-28 18:00:00,6523,27.26,95.6,26.5,81.56,33.68,2024.0,9
2024-09-28 19:00:00,6524,26.38,99.43,25.88,83.11,34.24,2024.0,9
2024-09-28 20:00:00,6525,26.2,99.7,25.66,83.64,33.92,2024.0,9
2024-09-28 21:00:00,6526,25.61,99.72,24.94,84.09,29.55,2024.0,9
2024-09-28 22:00:00,6527,24.51,99.86,23.8,85.94,26.82,2024.0,9
2024-09-28 23:00:00,6528,23.77,99.9,23.12,86.72,26.89,2024.0,9
2024-09-29 00:00:00,6529,23.4,99.9,22.75,87.52,28.09,2024.0,9
2024-09-29 01:00:00,6530,22.86,99.9,22.23,89.68,30.55,2024.0,9
2024-09-29 02:00:00,6531,22.74,99.9,22.09,90.34,30.1,2024.0,9
2024-09-29 03:00:00,6532,22.36,99.9,21.76,91.73,31.51,2024.0,9
2024-09-29 04:00:00,6533,22.29,99.9,21.63,92.58,35.91,2024.0,9
2024-09-29 05:00:00,6534,21.78,99.9,21.15,97.31,57.76,2024.0,9
2024-09-29 06:00:00,6535,23.79,99.6,24.78,84.63,62.04,2024.0,9
2024-09-29 07:00:00,6536,29.06,79.66,29.38,69.38,52.54,2024.0,9
2024-09-29 08:00:00,6537,30.67,65.59,30.92,63.82,41.67,2024.0,9
2024-09-29 09:00:00,6538,31.62,57.36,31.4,61.61,35.21,2024.0,9
2024-09-29 10:00:00,6539,32.35,50.44,32.04,59.07,37.13,2024.0,9
2024-09-29 11:00:00,6540,32.99,44.07,32.43,56.82,39.97,2024.0,9
2024-09-29 12:00:00,6541,33.77,41.55,33.18,56.29,43.97,2024.0,9
2024-09-29 13:00:00,6542,35.11,37.49,35.23,52.41,41.28,2024.0,9
2024-09-29 14:00:00,6543,34.17,44.89,34.17,55.98,46.97,2024.0,9
2024-09-29 15:00:00,6544,32.0,51.91,30.61,63.17,41.79,2024.0,9
2024-09-29 16:00:00,6545,30.05,67.27,28.95,69.87,47.64,2024.0,9
2024-09-29 17:00:00,6546,28.0,90.44,27.28,78.14,38.49,2024.0,9
2024-09-29 18:00:00,6547,25.78,93.39,24.92,80.37,23.81,2024.0,9
2024-09-29 19:00:00,6548,24.9,95.15,24.23,81.27,21.32,2024.0,9
2024-09-29 20:00:00,6549,24.67,99.9,24.08,85.81,29.55,2024.0,9
2024-09-29 21:00:00,6550,24.62,99.9,23.86,87.84,30.57,2024.0,9
2024-09-29 22:00:00,6551,24.38,99.9,23.58,89.41,28.97,2024.0,9
2024-09-29 23:00:00,6552,23.77,99.9,22.9,92.57,33.66,2024.0,9
2024-09-30 00:00:00,6553,22.73,99.9,21.81,98.99,50.23,2024.0,9
2024-09-30 01:00:00,6554,22.72,99.9,22.16,95.32,34.49,2024.0,9
2024-09-30 02:00:00,6555,22.59,99.9,21.94,95.47,44.26,2024.0,9
2024-09-30 03:00:00,6556,21.83,99.9,21.18,99.82,50.03,2024.0,9
2024-09-30 04:00:00,6557,21.89,99.9,21.39,98.16,45.16,2024.0,9
2024-09-30 05:00:00,6558,21.93,99.9,21.35,98.33,57.18,2024.0,9
2024-09-30 06:00:00,6559,23.24,99.9,23.57,89.26,59.16,2024.0,9
2024-09-30 07:00:00,6560,27.92,87.09,28.49,71.69,46.02,2024.0,9
2024-09-30 08:00:00,6561,30.24,67.39,30.74,63.45,43.24,2024.0,9
2024-09-30 09:00:00,6562,31.53,39.54,31.75,52.11,32.55,2024.0,9
2024-09-30 10:00:00,6563,32.54,31.49,32.85,47.36,31.63,2024.0,9
2024-09-30 11:00:00,6564,32.99,30.53,32.6,48.39,31.76,2024.0,9
2024-09-30 12:00:00,6565,33.89,26.18,33.71,43.12,27.47,2024.0,9
2024-09-30 13:00:00,6566,33.36,26.41,35.0,40.91,30.1,2024.0,9
2024-09-30 14:00:00,6567,33.6,26.69,34.87,41.82,31.46,2024.0,9
2024-09-30 15:00:00,6568,32.46,29.27,32.71,46.57,31.45,2024.0,9
2024-09-30 16:00:00,6569,31.04,36.41,31.03,52.44,34.68,2024.0,9
2024-09-30 17:00:00,6570,28.98,54.36,28.59,61.71,39.03,2024.0,9
2024-09-30 18:00:00,6571,27.29,71.71,26.8,69.53,44.21,2024.0,9
2024-09-30 19:00:00,6572,26.29,86.62,25.63,75.93,34.03,2024.0,9
2024-09-30 20:00:00,6573,25.54,94.21,24.96,79.63,34.31,2024.0,9
2024-09-30 21:00:00,6574,24.99,99.02,24.39,83.13,39.31,2024.0,9
2024-09-30 22:00:00,6575,24.31,99.9,23.61,87.42,43.79,2024.0,9
2024-09-30 23:00:00,6576,23.99,99.9,23.28,88.22,47.9,2024.0,9
2024-10-01 00:00:00,6577,23.7,99.9,22.96,87.54,42.18,2024.0,10
2024-10-01 01:00:00,6578,23.1,99.9,22.44,89.01,45.85,2024.0,10
2024-10-01 02:00:00,6579,23.42,99.9,22.85,87.55,45.63,2024.0,10
2024-10-01 03:00:00,6580,23.09,99.9,22.25,90.79,56.57,2024.0,10
2024-10-01 04:00:00,6581,22.42,99.9,21.75,93.05,60.42,2024.0,10
2024-10-01 05:00:00,6582,22.28,99.9,21.76,92.88,59.23,2024.0,10
2024-10-01 06:00:00,6583,24.4,98.38,25.27,81.67,82.87,2024.0,10
2024-10-01 07:00:00,6584,29.68,74.09,30.36,65.96,,2024.0,10
2024-10-01 08:00:00,6585,31.72,60.89,31.18,63.58,59.17,2024.0,10
2024-10-01 09:00:00,6586,32.34,47.7,31.75,57.81,44.1,2024.0,10
2024-10-01 10:00:00,6587,32.73,33.81,32.9,49.44,34.27,2024.0,10
2024-10-01 11:00:00,6588,33.91,29.95,33.13,48.65,36.34,2024.0,10
2024-10-01 12:00:00,6589,34.59,28.97,34.15,47.31,37.43,2024.0,10
2024-10-01 13:00:00,6590,36.25,26.3,36.04,44.02,38.24,2024.0,10
2024-10-01 14:00:00,6591,35.18,28.18,34.85,46.7,38.57,2024.0,10
2024-10-01 15:00:00,6592,34.84,28.78,34.1,48.27,38.93,2024.0,10
2024-10-01 16:00:00,6593,31.49,39.47,30.48,56.5,40.5,2024.0,10
2024-10-01 17:00:00,6594,29.18,56.66,28.53,63.56,43.48,2024.0,10
2024-10-01 18:00:00,6595,27.89,74.72,27.2,71.66,43.09,2024.0,10
2024-10-01 19:00:00,6596,26.93,90.21,26.27,77.72,32.34,2024.0,10
2024-10-01 20:00:00,6597,25.98,98.79,25.27,83.66,37.86,2024.0,10
2024-10-01 21:00:00,6598,25.67,99.89,24.94,84.33,38.68,2024.0,10
2024-10-01 22:00:00,6599,25.24,99.76,24.5,85.04,29.03,2024.0,10
2024-10-01 23:00:00,6600,25.01,99.9,24.25,86.64,28.3,2024.0,10
2024-10-02 00:00:00,6601,24.71,99.9,23.97,88.04,26.51,2024.0,10
2024-10-02 01:00:00,6602,23.78,99.9,22.49,95.83,27.79,2024.0,10
2024-10-02 02:00:00,6603,22.84,99.9,21.45,100.0,20.73,2024.0,10
2024-10-02 03:00:00,6604,22.59,99.9,21.21,100.0,22.44,2024.0,10
2024-10-02 04:00:00,6605,21.89,99.9,20.67,100.0,45.58,2024.0,10
2024-10-02 05:00:00,6606,21.81,99.9,20.86,100.0,40.94,2024.0,10
2024-10-02 06:00:00,6607,23.48,99.9,23.02,99.98,48.26,2024.0,10
2024-10-02 07:00:00,6608,29.17,87.5,29.56,79.62,35.91,2024.0,10
2024-10-02 08:00:00,6609,31.69,65.68,31.13,65.47,37.41,2024.0,10
2024-10-02 09:00:00,6610,32.13,59.15,31.66,62.99,38.47,2024.0,10
2024-10-02 10:00:00,6611,32.45,53.84,31.73,61.22,41.0,2024.0,10
2024-10-02 11:00:00,6612,33.17,44.23,32.02,58.3,41.93,2024.0,10
2024-10-02 12:00:00,6613,34.4,30.52,34.04,47.29,36.86,2024.0,10
2024-10-02 13:00:00,6614,35.29,26.26,35.46,43.34,32.24,2024.0,10
2024-10-02 14:00:00,6615,34.85,28.18,34.31,46.81,34.46,2024.0,10
2024-10-02 15:00:00,6616,32.66,35.0,32.16,52.59,38.03,2024.0,10
2024-10-02 16:00:00,6617,30.95,44.6,30.49,57.5,41.33,2024.0,10
2024-10-02 17:00:00,6618,28.89,63.7,27.98,67.91,48.2,2024.0,10
2024-10-02 18:00:00,6619,27.55,86.91,26.83,76.24,41.67,2024.0,10
2024-10-02 19:00:00,6620,26.15,98.19,25.29,84.85,45.26,2024.0,10
2024-10-02 20:00:00,6621,25.22,99.9,24.7,88.35,44.02,2024.0,10
2024-10-02 21:00:00,6622,25.25,99.9,24.54,89.94,52.93,2024.0,10
2024-10-02 22:00:00,6623,24.93,99.9,24.15,92.79,69.03,2024.0,10
2024-10-02 23:00:00,6624,24.69,99.9,23.94,93.19,71.57,2024.0,10
2024-10-03 00:00:00,6625,24.3,99.9,23.53,91.62,41.14,2024.0,10
2024-10-03 01:00:00,6626,23.59,99.9,22.87,92.52,29.48,2024.0,10
2024-10-03 02:00:00,6627,23.16,99.9,22.51,93.64,30.89,2024.0,10
2024-10-03 03:00:00,6628,22.68,99.9,22.01,93.99,28.93,2024.0,10
2024-10-03 04:00:00,6629,22.22,99.9,21.58,95.3,30.8,2024.0,10
2024-10-03 05:00:00,6630,22.07,99.9,21.61,94.77,38.79,2024.0,10
2024-10-03 06:00:00,6631,23.22,99.9,22.77,92.53,66.45,2024.0,10
2024-10-03 07:00:00,6632,27.64,88.38,28.2,73.61,50.67,2024.0,10
2024-10-03 08:00:00,6633,30.98,62.58,30.67,63.58,50.57,2024.0,10
2024-10-03 09:00:00,6634,31.91,53.64,31.87,59.16,40.57,2024.0,10
2024-10-03 10:00:00,6635,31.88,52.77,31.85,59.27,39.43,2024.0,10
2024-10-03 11:00:00,6636,32.74,49.47,31.91,59.7,43.63,2024.0,10
2024-10-03 12:00:00,6637,33.83,43.17,33.56,55.74,42.28,2024.0,10
2024-10-03 13:00:00,6638,35.39,33.68,35.97,48.66,37.03,2024.0,10
2024-10-03 14:00:00,6639,34.35,35.19,33.6,52.83,38.28,2024.0,10
2024-10-03 15:00:00,6640,31.55,45.55,31.13,57.73,38.87,2024.0,10
2024-10-03 16:00:00,6641,30.09,51.91,29.44,61.16,40.59,2024.0,10
2024-10-03 17:00:00,6642,28.45,66.58,27.85,67.96,45.64,2024.0,10
2024-10-03 18:00:00,6643,27.01,88.22,26.35,76.4,33.2,2024.0,10
2024-10-03 19:00:00,6644,26.01,93.87,25.34,79.72,33.23,2024.0,10
2024-10-03 20:00:00,6645,25.46,98.38,24.78,82.72,33.78,2024.0,10
2024-10-03 21:00:00,6646,25.15,99.9,24.5,85.32,33.34,2024.0,10
2024-10-03 22:00:00,6647,25.19,99.9,24.56,85.64,24.65,2024.0,10
2024-10-03 23:00:00,6648,24.56,99.9,23.74,88.72,26.15,2024.0,10
2024-10-04 00:00:00,6649,23.88,99.9,23.12,91.23,29.8,2024.0,10
2024-10-04 01:00:00,6650,23.4,99.9,22.75,91.4,26.78,2024.0,10
2024-10-04 02:00:00,6651,23.07,99.9,22.31,93.19,31.49,2024.0,10
2024-10-04 03:00:00,6652,22.89,99.9,22.15,94.14,33.83,2024.0,10
2024-10-04 04:00:00,6653,22.72,99.9,22.09,93.6,35.0,2024.0,10
2024-10-04 05:00:00,6654,22.31,99.9,21.68,95.61,48.6,2024.0,10
2024-10-04 06:00:00,6655,23.69,99.58,24.1,86.54,75.4,2024.0,10
2024-10-04 07:00:00,6656,28.78,80.53,29.5,68.62,50.13,2024.0,10
2024-10-04 08:00:00,6657,30.86,61.67,31.18,61.65,45.03,2024.0,10
2024-10-04 09:00:00,6658,32.58,44.33,32.56,55.2,38.1,2024.0,10
2024-10-04 10:00:00,6659,33.72,35.97,33.39,51.73,34.7,2024.0,10
2024-10-04 11:00:00,6660,34.04,33.7,32.87,52.36,33.76,2024.0,10
2024-10-04 12:00:00,6661,34.58,33.88,34.09,51.68,40.17,2024.0,10
2024-10-04 13:00:00,6662,34.93,34.01,35.23,50.1,43.64,2024.0,10
2024-10-04 14:00:00,6663,29.89,62.16,28.76,66.85,49.33,2024.0,10
2024-10-04 15:00:00,6664,27.57,84.85,27.59,72.74,41.44,2024.0,10
2024-10-04 16:00:00,6665,28.12,76.44,27.38,71.81,55.04,2024.0,10
2024-10-04 17:00:00,6666,27.54,80.53,26.78,73.86,44.3,2024.0,10
2024-10-04 18:00:00,6667,26.94,89.82,26.34,76.99,37.13,2024.0,10
2024-10-04 19:00:00,6668,24.94,99.12,23.85,91.08,44.51,2024.0,10
2024-10-04 20:00:00,6669,23.74,99.9,22.51,100.0,45.35,2024.0,10
2024-10-04 21:00:00,6670,24.01,99.9,22.93,99.86,43.1,2024.0,10
2024-10-04 22:00:00,6671,23.74,99.9,23.0,98.42,56.79,2024.0,10
2024-10-04 23:00:00,6672,23.62,99.9,22.97,97.04,65.79,2024.0,10
2024-10-05 00:00:00,6673,23.86,99.9,23.31,92.04,42.44,2024.0,10
2024-10-05 01:00:00,6674,23.34,99.9,22.64,89.15,28.24,2024.0,10
2024-10-05 03:00:00,6676,22.31,99.9,21.62,90.88,27.78,2024.0,10
2024-10-05 04:00:00,6677,22.0,99.9,21.53,91.71,33.77,2024.0,10
2024-10-05 05:00:00,6678,21.76,99.9,21.26,91.39,35.89,2024.0,10
2024-10-05 06:00:00,6679,22.4,99.9,21.86,91.72,58.16,2024.0,10
2024-10-05 07:00:00,6680,25.31,97.43,26.01,81.49,67.69,2024.0,10
2024-10-05 08:00:00,6681,31.86,57.22,31.96,59.36,53.82,2024.0,10
2024-10-05 09:00:00,6682,31.25,55.84,30.05,63.14,48.96,2024.0,10
2024-10-05 10:00:00,6683,32.31,49.62,31.67,58.99,43.55,2024.0,10
2024-10-05 11:00:00,6684,35.57,34.39,33.64,53.53,41.17,2024.0,10
2024-10-05 12:00:00,6685,38.78,26.49,37.6,45.63,42.57,2024.0,10
2024-10-05 13:00:00,6686,36.47,32.49,34.97,52.12,51.55,2024.0,10
2024-10-05 14:00:00,6687,30.0,68.69,28.6,70.82,54.92,2024.0,10
2024-10-05 15:00:00,6688,26.43,96.96,26.18,80.08,38.72,2024.0,10
2024-10-05 16:00:00,6689,26.13,97.2,25.64,81.45,47.86,2024.0,10
2024-10-05 17:00:00,6690,25.28,99.9,24.82,85.18,52.91,2024.0,10
2024-10-05 18:00:00,6691,25.12,99.9,24.72,85.3,49.05,2024.0,10
2024-10-05 19:00:00,6692,25.59,98.39,25.01,82.42,38.47,2024.0,10
2024-10-05 20:00:00,6693,24.94,99.9,24.3,88.07,42.19,2024.0,10
2024-10-05 21:00:00,6694,24.43,99.9,23.76,91.55,41.95,2024.0,10
2024-10-05 22:00:00,6695,24.9,99.9,24.24,89.32,47.15,2024.0,10
2024-10-05 23:00:00,6696,24.54,99.9,23.77,85.32,32.3,2024.0,10
2024-10-06 00:00:00,6697,23.73,99.9,23.01,87.73,32.2,2024.0,10
2024-10-06 01:00:00,6698,23.09,99.9,22.39,90.28,30.84,2024.0,10
2024-10-06 02:00:00,6699,22.72,99.9,22.09,90.8,32.23,2024.0,10
2024-10-06 03:00:00,6700,22.58,99.9,21.92,90.88,32.45,2024.0,10
2024-10-06 04:00:00,6701,22.34,99.9,21.74,90.37,32.47,2024.0,10
2024-10-06 05:00:00,6702,21.96,99.9,21.27,94.12,50.85,2024.0,10
2024-10-06 06:00:00,6703,22.99,99.9,22.35,92.19,70.37,2024.0,10
2024-10-06 07:00:00,6704,26.33,93.34,26.77,78.07,83.58,2024.0,10
2024-10-06 08:00:00,6705,32.49,53.71,31.94,59.68,53.79,2024.0,10
2024-10-06 09:00:00,6706,32.39,46.92,31.6,58.2,43.3,2024.0,10
2024-10-06 10:00:00,6707,33.14,43.17,32.67,55.39,44.62,2024.0,10
2024-10-06 11:00:00,6708,33.08,31.73,32.26,49.79,37.5,2024.0,10
2024-10-06 12:00:00,6709,33.98,28.1,34.01,45.51,34.93,2024.0,10
2024-10-06 13:00:00,6710,34.37,28.8,35.09,45.14,36.47,2024.0,10
2024-10-06 14:00:00,6711,34.75,28.84,35.08,45.98,39.86,2024.0,10
2024-10-06 15:00:00,6712,33.94,31.59,34.04,48.77,40.93,2024.0,10
2024-10-06 16:00:00,6713,31.38,40.2,30.93,54.99,39.55,2024.0,10
2024-10-06 17:00:00,6714,28.4,51.97,27.76,60.94,41.5,2024.0,10
2024-10-06 18:00:00,6715,27.53,55.47,26.96,62.17,41.48,2024.0,10
2024-10-06 19:00:00,6716,26.58,61.4,25.69,66.28,48.87,2024.0,10
2024-10-06 20:00:00,6717,25.02,77.02,24.21,72.62,40.42,2024.0,10
2024-10-06 21:00:00,6718,24.4,85.96,23.65,75.66,38.84,2024.0,10
2024-10-06 22:00:00,6719,23.96,89.37,23.36,76.69,42.95,2024.0,10
2024-10-06 23:00:00,6720,23.45,96.01,22.82,81.0,64.87,2024.0,10
2024-10-07 00:00:00,6721,23.09,99.86,22.37,85.07,71.12,2024.0,10
2024-10-07 01:00:00,6722,22.2,99.9,21.41,87.75,81.3,2024.0,10
2024-10-07 02:00:00,6723,21.81,99.9,21.17,88.16,59.81,2024.0,10
2024-10-07 03:00:00,6724,21.65,99.9,20.92,89.68,61.9,2024.0,10
2024-10-07 04:00:00,6725,21.51,99.9,21.03,92.04,62.06,2024.0,10
2024-10-07 05:00:00,6726,21.92,99.9,21.37,91.41,62.29,2024.0,10
2024-10-07 06:00:00,6727,23.35,99.06,23.77,82.85,70.28,2024.0,10
2024-10-07 07:00:00,6728,28.97,76.28,29.35,67.22,63.52,2024.0,10
2024-10-07 08:00:00,6729,30.34,64.82,30.78,62.34,44.93,2024.0,10
2024-10-07 09:00:00,6730,30.46,42.56,31.22,52.11,34.39,2024.0,10
2024-10-07 10:00:00,6731,31.11,34.38,31.77,48.76,32.27,2024.0,10
2024-10-07 11:00:00,6732,31.68,35.86,31.4,51.53,34.83,2024.0,10
2024-10-07 12:00:00,6733,33.12,30.83,33.41,47.43,35.62,2024.0,10
2024-10-07 13:00:00,6734,34.21,27.73,34.15,45.12,35.31,2024.0,10
2024-10-07 14:00:00,6735,36.28,24.43,36.45,41.27,35.1,2024.0,10
2024-10-07 15:00:00,6736,35.61,25.21,35.53,42.85,35.1,2024.0,10
2024-10-07 16:00:00,6737,32.93,31.05,32.68,49.03,37.55,2024.0,10
2024-10-07 17:00:00,6738,29.73,47.08,28.94,58.93,41.57,2024.0,10
2024-10-07 18:00:00,6739,27.59,64.87,26.86,67.18,46.48,2024.0,10
2024-10-07 19:00:00,6740,26.13,84.4,25.46,74.68,37.86,2024.0,10
2024-10-07 20:00:00,6741,25.42,91.62,24.9,77.36,35.76,2024.0,10
2024-10-07 21:00:00,6742,24.83,94.77,24.25,79.79,32.81,2024.0,10
2024-10-07 22:00:00,6743,24.14,99.42,23.46,83.77,32.49,2024.0,10
2024-10-07 23:00:00,6744,23.96,99.77,23.48,82.57,29.86,2024.0,10
2024-10-08 00:00:00,6745,23.43,99.89,22.64,85.63,38.3,2024.0,10
2024-10-08 01:00:00,6746,22.74,99.9,22.15,87.74,39.1,2024.0,10
2024-10-08 02:00:00,6747,22.46,99.9,21.84,88.95,42.68,2024.0,10
2024-10-08 03:00:00,6748,22.19,99.9,21.52,89.28,44.1,2024.0,10
2024-10-08 04:00:00,6749,21.83,99.9,21.16,90.41,50.83,2024.0,10
2024-10-08 05:00:00,6750,21.0,99.9,20.43,92.67,82.66,2024.0,10
2024-10-08 06:00:00,6751,23.86,96.99,24.89,77.95,71.74,2024.0,10
2024-10-08 07:00:00,6752,27.67,79.03,28.55,67.24,35.23,2024.0,10
2024-10-08 08:00:00,6753,29.85,64.07,30.53,61.39,38.93,2024.0,10
2024-10-08 09:00:00,6754,31.58,47.48,31.85,55.37,37.62,2024.0,10
2024-10-08 10:00:00,6755,32.62,40.34,32.81,52.64,39.43,2024.0,10
2024-10-08 11:00:00,6756,32.97,36.72,31.93,53.71,41.41,2024.0,10
2024-10-08 12:00:00,6757,33.06,36.67,33.17,51.52,44.43,2024.0,10
2024-10-08 13:00:00,6758,34.21,31.65,35.01,46.78,43.63,2024.0,10
2024-10-08 14:00:00,6759,35.62,26.31,35.9,43.17,40.38,2024.0,10
2024-10-08 15:00:00,6760,35.01,26.69,34.63,45.21,38.93,2024.0,10
2024-10-08 16:00:00,6761,32.83,31.68,31.67,51.53,41.54,2024.0,10
2024-10-08 17:00:00,6762,29.5,52.42,28.47,62.59,47.07,2024.0,10
2024-10-08 18:00:00,6763,27.39,85.51,26.7,75.31,37.99,2024.0,10
2024-10-08 19:00:00,6764,26.22,96.77,25.54,81.33,37.94,2024.0,10
2024-10-08 20:00:00,6765,25.43,99.9,24.73,84.61,43.2,2024.0,10
2024-10-08 21:00:00,6766,25.07,99.38,24.44,83.38,36.11,2024.0,10
2024-10-08 22:00:00,6767,24.43,98.86,23.67,83.37,29.48,2024.0,10
2024-10-08 23:00:00,6768,23.7,99.9,22.95,86.23,32.9,2024.0,10
2024-10-09 00:00:00,6769,23.24,99.9,22.54,87.59,33.12,2024.0,10
2024-10-09 01:00:00,6770,22.78,99.9,22.2,88.68,33.59,2024.0,10
2024-10-09 02:00:00,6771,22.58,99.9,21.95,89.25,36.9,2024.0,10
2024-10-09 03:00:00,6772,21.72,99.9,20.89,92.3,82.86,2024.0,10
2024-10-09 04:00:00,6773,21.56,99.9,20.97,92.9,58.59,2024.0,10
2024-10-09 05:00:00,6774,21.43,99.9,21.06,92.71,59.25,2024.0,10
2024-10-09 06:00:00,6775,24.61,96.17,25.52,77.29,61.87,2024.0,10
2024-10-09 07:00:00,6776,28.95,71.24,29.91,63.76,56.64,2024.0,10
2024-10-09 08:00:00,6777,29.24,66.77,30.02,62.55,37.03,2024.0,10
2024-10-09 09:00:00,6778,31.37,54.21,31.14,59.45,38.97,2024.0,10
2024-10-09 10:00:00,6779,31.99,50.36,31.89,57.7,39.63,2024.0,10
2024-10-09 11:00:00,6780,33.57,39.57,32.24,55.65,39.0,2024.0,10
2024-10-09 12:00:00,6781,34.21,35.55,34.13,51.02,39.73,2024.0,10
2024-10-09 13:00:00,6782,35.41,31.16,35.55,48.03,40.86,2024.0,10
2024-10-09 14:00:00,6783,35.54,31.95,35.98,48.26,41.97,2024.0,10
2024-10-09 15:00:00,6784,32.16,51.18,30.65,62.79,45.5,2024.0,10
2024-10-09 16:00:00,6785,31.98,61.54,31.37,62.7,48.48,2024.0,10
2024-10-09 17:00:00,6786,28.27,70.61,29.45,71.18,45.14,2024.0,10
2024-10-09 18:00:00,6787,26.4,79.39,27.27,92.27,42.44,2024.0,10
2024-10-09 19:00:00,6788,25.55,83.06,26.07,99.9,33.3,2024.0,10
2024-10-09 20:00:00,6789,24.77,85.53,25.48,99.9,37.45,2024.0,10
2024-10-09 21:00:00,6790,23.78,86.44,24.47,99.9,35.96,2024.0,10
2024-10-10 06:00:00,6799,24.59,84.29,23.66,99.6,79.83,2024.0,10
2024-10-10 07:00:00,6800,30.66,64.71,29.57,75.41,57.38,2024.0,10
2024-10-10 08:00:00,6801,33.09,58.12,32.58,55.98,46.14,2024.0,10
2024-10-10 09:00:00,6802,33.26,56.14,33.0,48.98,41.86,2024.0,10
2024-10-10 10:00:00,6803,34.19,53.12,34.21,40.48,40.39,2024.0,10
2024-10-10 11:00:00,6804,32.4,56.69,33.71,41.32,42.45,2024.0,10
2024-10-10 12:00:00,6805,33.58,54.41,34.18,39.68,42.48,2024.0,10
2024-10-10 13:00:00,6806,32.25,57.38,32.62,46.48,40.38,2024.0,10
2024-10-10 14:00:00,6807,30.21,65.57,30.98,61.72,52.56,2024.0,10
2024-10-10 15:00:00,6808,28.29,73.39,28.32,85.43,54.52,2024.0,10
2024-10-10 16:00:00,6809,26.44,79.52,26.79,96.12,48.75,2024.0,10
2024-10-10 17:00:00,6810,24.59,85.87,25.32,99.39,37.08,2024.0,10
2024-10-10 18:00:00,6811,25.0,87.08,25.45,99.9,51.46,2024.0,10
2024-10-10 19:00:00,6812,25.41,85.35,25.97,99.9,66.45,2024.0,10
2024-10-10 20:00:00,6813,25.71,74.8,26.19,86.17,50.61,2024.0,10
2024-10-10 21:00:00,6814,24.95,81.59,25.75,94.38,47.92,2024.0,10
2024-10-11 06:00:00,6823,26.77,78.59,25.74,98.12,82.48,2024.0,10
2024-10-11 07:00:00,6824,29.73,69.05,29.16,82.5,73.5,2024.0,10
2024-10-11 08:00:00,6825,32.09,61.68,31.52,64.34,51.33,2024.0,10
2024-10-11 09:00:00,6826,32.29,59.83,31.34,61.77,44.87,2024.0,10
2024-10-11 10:00:00,6827,32.96,55.81,32.53,49.73,42.93,2024.0,10
2024-10-11 11:00:00,6828,31.88,56.97,33.04,43.68,41.9,2024.0,10
2024-10-11 12:00:00,6829,34.88,48.71,34.23,34.57,39.0,2024.0,10
2024-10-11 13:00:00,6830,34.97,49.92,34.34,36.23,39.83,2024.0,10
2024-10-11 14:00:00,6831,35.95,46.52,35.18,31.01,37.56,2024.0,10
2024-10-11 15:00:00,6832,35.87,46.85,35.42,30.17,38.72,2024.0,10
2024-10-11 16:00:00,6833,31.13,57.89,31.97,44.74,42.3,2024.0,10
2024-10-11 17:00:00,6834,28.54,68.4,29.18,68.43,48.6,2024.0,10
2024-10-11 18:00:00,6835,26.97,74.11,27.59,83.96,51.17,2024.0,10
2024-10-11 19:00:00,6836,26.07,76.7,26.74,90.22,52.41,2024.0,10
2024-10-11 20:00:00,6837,25.02,81.52,25.75,96.98,38.41,2024.0,10
2024-10-11 21:00:00,6838,24.4,84.55,25.11,99.9,41.98,2024.0,10
2024-10-12 06:00:00,6847,26.54,77.11,25.74,96.99,70.62,2024.0,10
2024-10-12 07:00:00,6848,30.75,63.92,29.58,73.75,57.08,2024.0,10
2024-10-12 08:00:00,6849,32.9,56.14,31.75,55.45,46.59,2024.0,10
2024-10-12 09:00:00,6850,33.81,53.2,33.53,42.87,40.58,2024.0,10
2024-10-12 10:00:00,6851,33.36,53.74,33.45,41.78,39.59,2024.0,10
2024-10-12 11:00:00,6852,32.86,54.64,33.67,40.06,38.7,2024.0,10
2024-10-12 14:00:00,6855,34.46,50.7,34.74,34.59,38.28,2024.0,10
2024-10-12 15:00:00,6856,35.14,50.18,35.4,33.7,39.71,2024.0,10
2024-10-12 17:00:00,6858,28.96,65.83,29.77,62.13,45.12,2024.0,10
2024-10-12 18:00:00,6859,27.82,71.24,28.54,75.24,50.4,2024.0,10
2024-10-12 19:00:00,6860,26.38,80.15,27.03,95.61,47.0,2024.0,10
2024-10-12 20:00:00,6861,25.53,84.41,26.08,99.9,44.91,2024.0,10
2024-10-12 21:00:00,6862,25.24,86.45,25.79,99.9,41.84,2024.0,10
2024-10-13 05:00:00,6870,22.93,92.36,23.21,99.9,47.43,2024.0,10
2024-10-13 06:00:00,6871,26.12,80.45,25.84,98.02,49.73,2024.0,10
2024-10-13 07:00:00,6872,28.27,72.4,28.11,87.07,50.52,2024.0,10
2024-10-13 08:00:00,6873,29.75,66.63,30.15,69.31,45.85,2024.0,10
2024-10-13 09:00:00,6874,31.3,58.83,31.56,53.22,45.04,2024.0,10
2024-10-13 10:00:00,6875,32.7,52.05,32.56,39.47,47.45,2024.0,10
2024-10-13 11:00:00,6876,33.84,47.9,34.09,31.08,49.03,2024.0,10
2024-10-13 12:00:00,6877,34.16,43.57,33.62,27.25,41.75,2024.0,10
2024-10-13 13:00:00,6878,34.8,43.27,33.28,28.16,41.7,2024.0,10
2024-10-13 14:00:00,6879,34.45,41.96,33.81,25.87,41.04,2024.0,10
2024-10-13 15:00:00,6880,31.61,46.98,31.85,28.51,39.75,2024.0,10
2024-10-13 16:00:00,6881,29.97,53.87,30.51,37.9,42.63,2024.0,10
2024-10-13 17:00:00,6882,27.68,65.57,28.38,61.38,49.13,2024.0,10
2024-10-13 18:00:00,6883,25.99,78.66,26.84,86.58,49.52,2024.0,10
2024-10-13 19:00:00,6884,24.56,91.32,25.13,99.9,49.05,2024.0,10
2024-10-13 20:00:00,6885,24.14,94.09,24.82,99.9,54.1,2024.0,10
2024-10-13 21:00:00,6886,23.95,95.19,24.73,99.9,60.44,2024.0,10
2024-10-14 06:00:00,6895,24.83,85.09,24.86,99.56,,2024.0,10
2024-10-14 07:00:00,6896,28.04,74.65,29.22,83.47,,2024.0,10
2024-10-14 08:00:00,6897,30.01,65.78,31.12,64.15,71.75,2024.0,10
2024-10-14 09:00:00,6898,31.81,59.58,32.35,53.03,53.32,2024.0,10
2024-10-14 10:00:00,6899,33.69,54.9,33.46,46.28,46.24,2024.0,10
2024-10-14 11:00:00,6900,33.34,51.45,33.48,37.6,44.25,2024.0,10
2024-10-14 12:00:00,6901,34.99,47.91,34.39,32.97,44.07,2024.0,10
2024-10-14 13:00:00,6902,36.52,43.72,35.46,28.41,41.3,2024.0,10
2024-10-14 14:00:00,6903,33.1,54.38,33.68,40.58,50.21,2024.0,10
2024-10-14 15:00:00,6904,29.87,64.64,29.04,70.58,60.48,2024.0,10
2024-10-14 16:00:00,6905,27.47,75.48,27.44,91.53,76.23,2024.0,10
2024-10-14 17:00:00,6906,26.78,80.49,27.21,98.29,77.32,2024.0,10
2024-10-14 18:00:00,6907,26.3,83.44,26.64,99.9,81.36,2024.0,10
2024-10-14 19:00:00,6908,24.8,87.78,25.2,99.9,56.54,2024.0,10
2024-10-14 21:00:00,6910,23.38,98.75,24.33,99.9,52.44,2024.0,10
2024-10-15 06:00:00,6919,23.72,82.74,23.64,99.29,,2024.0,10
2024-10-15 07:00:00,6920,28.44,68.31,29.69,70.14,59.17,2024.0,10
2024-10-15 08:00:00,6921,30.57,59.87,32.29,48.55,50.29,2024.0,10
2024-10-15 09:00:00,6922,31.24,53.84,31.99,39.59,45.96,2024.0,10
2024-10-15 10:00:00,6923,33.12,49.34,32.6,36.18,43.33,2024.0,10
2024-10-15 11:00:00,6924,33.28,46.11,33.58,28.8,40.83,2024.0,10
2024-10-15 12:00:00,6925,34.64,43.07,34.16,26.92,41.0,2024.0,10
2024-10-15 13:00:00,6926,36.72,37.6,35.16,23.38,38.6,2024.0,10
2024-10-15 14:00:00,6927,36.86,36.83,36.41,20.77,39.41,2024.0,10
2024-10-15 15:00:00,6928,33.95,42.64,34.66,23.96,41.71,2024.0,10
2024-10-15 16:00:00,6929,30.19,53.06,31.05,35.41,45.7,2024.0,10
2024-10-15 17:00:00,6930,27.87,62.66,28.62,55.89,49.59,2024.0,10
2024-10-15 18:00:00,6931,26.69,67.89,27.31,69.21,47.0,2024.0,10
2024-10-15 19:00:00,6932,25.78,70.29,26.28,76.76,51.35,2024.0,10
2024-10-15 20:00:00,6933,25.21,63.17,25.72,61.49,44.2,2024.0,10
2024-10-15 21:00:00,6934,24.7,57.12,25.19,46.86,36.0,2024.0,10
2024-10-16 06:00:00,6943,22.36,71.42,22.99,76.73,,2024.0,10
2024-10-16 07:00:00,6944,25.83,57.79,26.88,47.27,,2024.0,10
2024-10-16 08:00:00,6945,29.76,40.78,31.32,22.3,71.48,2024.0,10
2024-10-16 09:00:00,6946,32.56,33.36,33.09,16.6,40.0,2024.0,10
2024-10-16 10:00:00,6947,34.61,31.17,34.43,15.42,39.17,2024.0,10
2024-10-16 11:00:00,6948,34.5,30.9,34.96,14.57,36.31,2024.0,10
2024-10-16 12:00:00,6949,35.3,29.18,35.62,12.99,32.17,2024.0,10
2024-10-16 13:00:00,6950,36.24,28.62,35.16,13.44,34.93,2024.0,10
2024-10-16 14:00:00,6951,37.58,31.61,36.65,15.53,43.56,2024.0,10
2024-10-16 15:00:00,6952,36.17,37.45,35.18,20.63,47.79,2024.0,10
2024-10-16 16:00:00,6953,32.22,48.58,33.63,27.63,39.43,2024.0,10
2024-10-16 17:00:00,6954,28.08,55.5,29.62,37.06,43.89,2024.0,10
2024-10-16 18:00:00,6955,25.56,63.28,26.17,57.96,45.15,2024.0,10
2024-10-16 19:00:00,6956,24.55,63.43,25.04,60.66,36.62,2024.0,10
2024-10-16 20:00:00,6957,23.69,61.05,24.27,54.55,43.36,2024.0,10
2024-10-16 21:00:00,6958,22.88,61.47,23.45,55.52,46.82,2024.0,10
2024-10-16 22:00:00,6959,22.39,61.6,22.94,55.85,42.46,2024.0,10
2024-10-17 06:00:00,6967,20.47,64.44,20.17,70.06,,2024.0,10
2024-10-17 07:00:00,6968,25.76,53.67,26.76,39.25,,2024.0,10
2024-10-17 08:00:00,6969,28.34,47.15,30.32,26.72,47.52,2024.0,10
2024-10-17 09:00:00,6970,31.85,39.04,33.21,20.53,39.33,2024.0,10
2024-10-17 10:00:00,6971,35.06,33.6,34.74,17.49,34.8,2024.0,10
2024-10-17 11:00:00,6972,35.53,32.63,36.6,15.28,37.07,2024.0,10
2024-10-17 12:00:00,6973,36.35,31.22,36.58,14.58,39.4,2024.0,10
2024-10-17 13:00:00,6974,38.04,29.63,36.54,14.65,44.33,2024.0,10
2024-10-17 14:00:00,6975,36.6,31.93,34.19,17.37,45.18,2024.0,10
2024-10-17 15:00:00,6976,36.49,36.37,35.81,18.96,43.62,2024.0,10
2024-10-17 16:00:00,6977,31.44,49.85,32.46,30.67,48.14,2024.0,10
2024-10-17 17:00:00,6978,28.1,58.64,29.03,46.67,55.33,2024.0,10
2024-10-17 18:00:00,6979,25.43,69.04,26.07,72.57,83.59,2024.0,10
2024-10-17 19:00:00,6980,24.02,75.53,24.64,88.88,81.55,2024.0,10
2024-10-17 20:00:00,6981,23.38,75.92,23.91,91.17,45.9,2024.0,10
2024-10-17 21:00:00,6982,23.26,72.22,23.73,82.62,43.83,2024.0,10
2024-10-17 22:00:00,6983,22.89,70.9,23.42,78.02,40.57,2024.0,10
2024-10-17 23:00:00,6984,22.36,74.99,22.9,87.94,42.5,2024.0,10
2024-10-18 00:00:00,6985,21.87,78.35,22.43,94.16,81.0,2024.0,10
2024-10-18 01:00:00,6986,21.18,80.68,21.78,97.77,31.13,2024.0,10
2024-10-18 02:00:00,6987,20.74,81.11,21.22,99.29,27.56,2024.0,10
2024-10-18 03:00:00,6988,20.15,83.05,20.78,99.9,31.45,2024.0,10
2024-10-18 04:00:00,6989,19.75,85.97,20.27,99.9,44.58,2024.0,10
2024-10-18 05:00:00,6990,19.97,86.08,20.16,99.9,60.68,2024.0,10
2024-10-18 06:00:00,6991,24.92,69.93,23.57,88.52,,2024.0,10
2024-10-18 07:00:00,6992,29.55,57.27,29.28,54.73,,2024.0,10
2024-10-18 08:00:00,6993,30.28,52.0,32.43,32.73,49.07,2024.0,10
2024-10-18 09:00:00,6994,32.22,47.81,33.72,28.18,44.97,2024.0,10
2024-10-18 10:00:00,6995,33.44,45.22,34.88,25.5,48.38,2024.0,10
2024-10-18 11:00:00,6996,33.16,45.37,34.63,25.19,52.66,2024.0,10
2024-10-18 12:00:00,6997,33.43,46.38,32.26,32.0,64.62,2024.0,10
2024-10-18 13:00:00,6998,32.7,46.21,32.04,29.86,48.87,2024.0,10
2024-10-18 14:00:00,6999,33.88,43.22,32.79,27.42,46.5,2024.0,10
2024-10-18 15:00:00,7000,35.34,40.94,34.5,24.46,48.77,2024.0,10
2024-10-18 16:00:00,7001,32.53,47.36,32.31,30.17,59.63,2024.0,10
2024-10-18 17:00:00,7002,29.14,56.31,29.91,42.09,62.83,2024.0,10
2024-10-18 18:00:00,7003,26.69,72.53,27.49,80.14,62.24,2024.0,10
2024-10-18 19:00:00,7004,25.7,79.33,26.48,95.12,67.76,2024.0,10
2024-10-18 20:00:00,7005,24.81,82.99,25.44,99.9,42.01,2024.0,10
2024-10-18 21:00:00,7006,24.36,84.95,25.04,99.9,60.3,2024.0,10
2024-10-18 22:00:00,7007,23.86,86.81,24.57,99.9,61.73,2024.0,10
2024-10-18 23:00:00,7008,23.87,86.5,24.48,99.9,57.53,2024.0,10
2024-10-19 00:00:00,7009,23.56,87.43,24.22,99.9,54.48,2024.0,10
2024-10-19 01:00:00,7010,23.19,89.46,23.88,99.9,62.44,2024.0,10
2024-10-19 02:00:00,7011,22.63,93.71,23.29,99.9,,2024.0,10
2024-10-19 03:00:00,7012,22.06,95.4,22.71,99.9,,2024.0,10
2024-10-19 04:00:00,7013,21.68,96.88,22.52,99.9,,2024.0,10
2024-10-19 05:00:00,7014,21.82,95.98,22.25,99.9,,2024.0,10
2024-10-19 06:00:00,7015,24.08,86.55,24.19,99.24,,2024.0,10
2024-10-19 07:00:00,7016,27.07,76.59,29.35,82.15,,2024.0,10
2024-10-19 08:00:00,7017,29.19,69.55,31.77,63.71,,2024.0,10
2024-10-19 09:00:00,7018,31.28,59.79,33.73,46.57,,2024.0,10
2024-10-19 10:00:00,7019,31.44,54.22,34.14,33.39,70.77,2024.0,10
2024-10-19 11:00:00,7020,29.38,57.48,29.96,47.17,71.69,2024.0,10
2024-10-19 12:00:00,7021,28.9,58.22,28.94,52.04,52.87,2024.0,10
2024-10-19 13:00:00,7022,30.09,54.46,29.37,47.46,49.87,2024.0,10
2024-10-19 14:00:00,7023,30.13,57.2,31.05,44.54,67.2,2024.0,10
2024-10-19 15:00:00,7024,28.43,61.67,29.4,54.4,81.5,2024.0,10
2024-10-19 16:00:00,7025,27.83,65.38,28.68,62.49,76.03,2024.0,10
2024-10-19 17:00:00,7026,26.47,76.43,27.25,90.71,69.59,2024.0,10
2024-10-19 18:00:00,7027,25.24,84.35,26.06,98.73,84.73,2024.0,10
2024-10-19 19:00:00,7028,24.64,86.76,25.21,99.9,80.76,2024.0,10
2024-10-19 20:00:00,7029,24.55,86.07,25.17,99.9,66.26,2024.0,10
2024-10-19 21:00:00,7030,24.36,89.2,24.92,99.9,68.14,2024.0,10
2024-10-19 22:00:00,7031,24.03,90.71,24.65,99.9,71.0,2024.0,10
2024-10-19 23:00:00,7032,23.83,91.5,24.27,99.9,74.51,2024.0,10
2024-10-20 00:00:00,7033,23.3,94.05,23.82,99.9,75.04,2024.0,10
2024-10-20 01:00:00,7034,22.67,95.92,23.43,99.9,84.95,2024.0,10
2024-10-20 02:00:00,7035,22.24,95.12,22.99,99.9,77.27,2024.0,10
2024-10-20 03:00:00,7036,22.14,96.81,22.72,99.9,,2024.0,10
2024-10-20 04:00:00,7037,21.37,94.31,21.9,99.9,,2024.0,10
2024-10-20 05:00:00,7038,21.19,91.36,21.64,99.9,78.14,2024.0,10
2024-10-20 06:00:00,7039,22.3,84.47,22.73,99.9,74.04,2024.0,10
2024-10-20 07:00:00,7040,27.09,73.08,28.25,82.04,82.78,2024.0,10
2024-10-20 08:00:00,7041,27.0,72.69,29.91,68.68,76.83,2024.0,10
2024-10-20 09:00:00,7042,29.52,64.63,31.27,59.96,72.1,2024.0,10
2024-10-20 10:00:00,7043,32.24,50.51,33.78,32.67,50.53,2024.0,10
2024-10-20 11:00:00,7044,32.57,47.21,33.61,28.81,39.87,2024.0,10
2024-10-20 12:00:00,7045,34.41,43.66,34.08,27.64,35.64,2024.0,10
2024-10-20 13:00:00,7046,34.38,43.15,32.21,30.16,24.53,2024.0,10
2024-10-20 14:00:00,7047,32.48,45.27,31.23,31.24,14.67,2024.0,10
2024-10-20 15:00:00,7048,30.67,50.96,29.6,41.34,24.7,2024.0,10
2024-10-20 16:00:00,7049,29.63,55.04,28.81,49.54,30.6,2024.0,10
2024-10-20 17:00:00,7050,27.6,59.53,27.74,54.7,46.45,2024.0,10
2024-10-20 18:00:00,7051,26.51,63.87,27.03,62.3,67.2,2024.0,10
2024-10-20 19:00:00,7052,24.87,82.32,25.71,94.36,,2024.0,10
2024-10-20 20:00:00,7053,23.85,89.17,24.34,99.9,76.13,2024.0,10
2024-10-20 21:00:00,7054,23.41,90.82,23.86,99.9,74.89,2024.0,10
2024-10-20 22:00:00,7055,23.4,90.6,23.83,99.9,84.33,2024.0,10
2024-10-20 23:00:00,7056,23.35,90.36,23.91,99.9,,2024.0,10
2024-10-21 00:00:00,7057,22.77,90.44,23.38,99.9,85.51,2024.0,10
2024-10-21 01:00:00,7058,21.72,81.3,22.25,98.87,60.3,2024.0,10
2024-10-21 02:00:00,7059,21.49,80.25,22.08,98.44,49.49,2024.0,10
2024-10-21 03:00:00,7060,21.4,81.91,22.06,99.82,53.85,2024.0,10
2024-10-21 04:00:00,7061,21.12,86.46,21.89,99.9,60.17,2024.0,10
2024-10-21 05:00:00,7062,21.13,86.85,21.52,99.9,60.06,2024.0,10
2024-10-21 06:00:00,7063,23.81,80.98,23.92,98.34,,2024.0,10
2024-10-21 07:00:00,7064,28.43,69.12,29.19,75.94,,2024.0,10
2024-10-21 08:00:00,7065,30.03,65.12,32.52,56.82,68.33,2024.0,10
2024-10-21 09:00:00,7066,33.0,56.66,35.07,41.59,64.9,2024.0,10
2024-10-21 10:00:00,7067,34.3,51.04,36.97,30.01,65.87,2024.0,10
2024-10-21 11:00:00,7068,33.61,49.12,35.01,29.73,75.69,2024.0,10
2024-10-21 12:00:00,7069,32.72,48.4,32.57,32.33,62.0,2024.0,10
2024-10-21 13:00:00,7070,31.96,50.0,31.15,37.94,54.73,2024.0,10
2024-10-21 14:00:00,7071,33.87,46.26,32.86,32.33,49.69,2024.0,10
2024-10-21 15:00:00,7072,34.03,49.22,34.35,33.07,52.79,2024.0,10
2024-10-21 16:00:00,7073,29.06,61.16,29.44,55.96,55.47,2024.0,10
2024-10-21 17:00:00,7074,27.53,70.6,28.18,76.99,69.03,2024.0,10
2024-10-21 18:00:00,7075,25.41,77.21,25.83,95.26,74.4,2024.0,10
2024-10-21 19:00:00,7076,25.09,78.15,25.67,94.81,70.26,2024.0,10
2024-10-21 20:00:00,7077,24.14,86.57,24.81,99.9,63.67,2024.0,10
2024-10-21 21:00:00,7078,24.17,87.75,24.64,99.9,58.27,2024.0,10
2024-10-21 22:00:00,7079,24.24,87.78,24.81,99.9,53.4,2024.0,10
2024-10-21 23:00:00,7080,23.53,90.44,24.17,99.9,51.14,2024.0,10
2024-10-22 00:00:00,7081,23.22,91.64,23.66,99.9,54.49,2024.0,10
2024-10-22 01:00:00,7082,23.06,91.5,23.5,99.9,47.99,2024.0,10
2024-10-22 02:00:00,7083,22.82,92.3,23.23,99.9,59.4,2024.0,10
2024-10-22 03:00:00,7084,22.31,94.05,22.82,99.9,59.61,2024.0,10
2024-10-22 04:00:00,7085,21.9,95.08,22.4,99.9,54.32,2024.0,10
2024-10-22 05:00:00,7086,22.04,94.01,22.41,99.9,54.01,2024.0,10
2024-10-22 06:00:00,7087,24.78,85.24,24.71,99.81,77.14,2024.0,10
2024-10-22 07:00:00,7088,29.44,69.42,29.97,78.28,70.14,2024.0,10
2024-10-22 08:00:00,7089,32.61,60.14,33.85,53.6,69.4,2024.0,10
2024-10-22 09:00:00,7090,34.67,52.95,36.57,35.96,52.57,2024.0,10
2024-10-22 10:00:00,7091,34.97,49.97,38.11,28.07,51.47,2024.0,10
2024-10-22 11:00:00,7092,34.82,49.03,37.48,27.48,58.63,2024.0,10
2024-10-22 12:00:00,7093,32.8,53.84,33.37,40.01,73.9,2024.0,10
2024-10-22 13:00:00,7094,33.43,52.79,32.67,43.34,62.07,2024.0,10
2024-10-22 14:00:00,7095,30.68,59.68,30.93,52.92,58.7,2024.0,10
2024-10-22 15:00:00,7096,24.28,91.11,26.37,93.91,46.84,2024.0,10
2024-10-22 16:00:00,7097,23.09,99.1,24.02,99.9,48.71,2024.0,10
2024-10-22 20:00:00,7101,24.09,91.59,24.71,99.9,70.42,2024.0,10
2024-10-22 21:00:00,7102,24.16,88.3,24.55,99.9,27.8,2024.0,10
2024-10-22 22:00:00,7103,24.11,88.31,24.64,99.9,23.65,2024.0,10
2024-10-22 23:00:00,7104,23.91,88.45,24.48,99.9,24.81,2024.0,10
2024-10-23 00:00:00,7105,23.54,92.1,24.16,99.9,37.01,2024.0,10
2024-10-23 01:00:00,7106,23.42,89.81,23.96,99.9,29.06,2024.0,10
2024-10-23 02:00:00,7107,23.11,90.42,23.7,99.9,26.22,2024.0,10
2024-10-23 03:00:00,7108,23.26,89.48,23.77,99.9,24.7,2024.0,10
2024-10-23 04:00:00,7109,23.15,89.73,23.7,99.9,24.05,2024.0,10
2024-10-23 05:00:00,7110,22.9,90.81,23.44,99.9,30.22,2024.0,10
2024-10-23 06:00:00,7111,25.83,81.68,25.38,98.72,39.83,2024.0,10
2024-10-23 07:00:00,7112,29.61,68.88,29.5,80.64,39.04,2024.0,10
2024-10-23 08:00:00,7113,30.81,63.11,30.13,69.81,31.52,2024.0,10
2024-10-23 09:00:00,7114,31.18,61.12,32.16,55.97,35.8,2024.0,10
2024-10-23 10:00:00,7115,32.19,57.97,33.93,45.48,32.1,2024.0,10
2024-10-23 11:00:00,7116,33.44,53.75,35.76,35.15,34.63,2024.0,10
2024-10-23 12:00:00,7117,33.74,51.12,35.99,30.7,33.34,2024.0,10
2024-10-23 13:00:00,7118,33.59,52.96,35.31,34.36,34.86,2024.0,10
2024-10-23 14:00:00,7119,30.25,62.89,31.45,57.12,47.73,2024.0,10
2024-10-23 15:00:00,7120,28.25,72.59,27.54,91.81,82.7,2024.0,10
2024-10-23 16:00:00,7121,29.13,71.73,29.66,81.24,84.0,2024.0,10
2024-10-23 17:00:00,7122,26.5,84.88,26.91,99.6,63.96,2024.0,10
2024-10-23 18:00:00,7123,25.67,86.57,26.02,99.9,55.54,2024.0,10
2024-10-23 19:00:00,7124,25.35,85.91,25.82,99.9,46.66,2024.0,10
2024-10-23 20:00:00,7125,25.08,86.37,25.56,99.9,39.15,2024.0,10
2024-10-23 21:00:00,7126,24.89,86.67,25.46,99.9,38.26,2024.0,10
2024-10-23 22:00:00,7127,24.46,85.45,25.02,99.9,26.89,2024.0,10
2024-10-23 23:00:00,7128,23.82,87.51,24.35,99.9,29.17,2024.0,10
2024-10-24 00:00:00,7129,23.53,88.33,23.97,99.9,29.68,2024.0,10
2024-10-24 01:00:00,7130,23.4,88.91,23.93,99.9,28.85,2024.0,10
2024-10-24 02:00:00,7131,23.21,90.0,23.7,99.9,32.2,2024.0,10
2024-10-24 03:00:00,7132,22.87,91.66,23.47,99.9,32.65,2024.0,10
2024-10-24 04:00:00,7133,22.11,95.05,22.68,99.9,47.95,2024.0,10
2024-10-24 05:00:00,7134,22.26,91.98,22.55,99.9,52.52,2024.0,10
2024-10-24 06:00:00,7135,23.76,82.72,23.69,99.66,52.65,2024.0,10
2024-10-24 07:00:00,7136,29.42,67.21,29.09,78.31,62.3,2024.0,10
2024-10-24 08:00:00,7137,32.48,58.73,33.38,52.15,55.24,2024.0,10
2024-10-24 09:00:00,7138,32.58,57.3,34.49,43.2,49.11,2024.0,10
2024-10-24 10:00:00,7139,32.55,56.45,35.86,36.22,46.74,2024.0,10
2024-10-24 11:00:00,7140,34.48,49.35,37.55,27.39,44.85,2024.0,10
2024-10-24 12:00:00,7141,34.15,51.3,35.33,35.19,55.83,2024.0,10
2024-10-24 13:00:00,7142,33.08,56.68,31.99,54.63,67.28,2024.0,10
2024-10-24 14:00:00,7143,31.99,59.86,31.8,55.05,56.73,2024.0,10
2024-10-24 15:00:00,7144,21.68,99.11,24.57,98.71,38.23,2024.0,10
2024-10-24 16:00:00,7145,21.98,100.0,23.9,99.9,49.83,2024.0,10
2024-10-24 18:00:00,7147,22.27,100.0,23.81,99.9,37.16,2024.0,10
2024-10-24 19:00:00,7148,22.09,100.0,23.85,99.9,39.35,2024.0,10
2024-10-24 20:00:00,7149,22.18,100.0,23.52,99.9,53.35,2024.0,10
2024-10-24 21:00:00,7150,22.44,100.0,23.4,99.9,67.18,2024.0,10
2024-10-24 22:00:00,7151,22.65,98.04,23.34,99.9,71.02,2024.0,10
2024-10-24 23:00:00,7152,22.8,97.51,23.33,99.9,79.66,2024.0,10
2024-10-25 00:00:00,7153,22.71,97.77,23.28,99.9,77.99,2024.0,10
2024-10-25 01:00:00,7154,22.54,97.89,23.1,99.9,82.14,2024.0,10
2024-10-25 02:00:00,7155,22.28,97.76,22.73,99.9,70.71,2024.0,10
2024-10-25 03:00:00,7156,21.87,96.79,22.37,99.9,39.91,2024.0,10
2024-10-25 04:00:00,7157,21.83,95.39,22.2,99.9,32.14,2024.0,10
2024-10-25 05:00:00,7158,21.84,95.08,22.35,99.9,33.21,2024.0,10
2024-10-25 06:00:00,7159,24.61,87.17,24.71,99.9,45.17,2024.0,10
2024-10-25 07:00:00,7160,28.42,74.83,29.92,84.41,79.63,2024.0,10
2024-10-25 08:00:00,7161,29.21,70.89,32.63,63.15,82.07,2024.0,10
2024-10-25 09:00:00,7162,32.4,60.12,35.41,44.85,70.43,2024.0,10
2024-10-25 10:00:00,7163,34.49,48.82,37.32,28.04,50.5,2024.0,10
2024-10-25 11:00:00,7164,34.48,48.14,37.28,26.7,51.93,2024.0,10
2024-10-25 12:00:00,7165,34.75,47.11,35.48,29.18,48.1,2024.0,10
2024-10-25 13:00:00,7166,36.36,43.87,35.0,29.32,40.34,2024.0,10
2024-10-25 14:00:00,7167,33.84,50.18,34.98,32.08,35.4,2024.0,10
2024-10-25 15:00:00,7168,23.91,93.39,27.45,85.51,28.2,2024.0,10
2024-10-25 16:00:00,7169,23.26,99.73,26.37,96.73,32.16,2024.0,10
2024-10-25 17:00:00,7170,23.57,98.46,25.17,99.9,48.07,2024.0,10
2024-10-25 18:00:00,7171,25.06,87.15,25.57,99.9,35.42,2024.0,10
2024-10-25 19:00:00,7172,25.12,86.1,25.7,99.9,35.55,2024.0,10
2024-10-25 20:00:00,7173,24.81,88.68,25.35,99.9,49.2,2024.0,10
2024-10-25 21:00:00,7174,24.07,88.74,24.69,99.9,49.42,2024.0,10
2024-10-25 22:00:00,7175,23.54,89.53,24.04,99.9,35.44,2024.0,10
2024-10-25 23:00:00,7176,22.79,91.25,23.29,99.9,42.23,2024.0,10
2024-10-26 00:00:00,7177,21.73,88.11,22.51,99.9,41.67,2024.0,10
2024-10-26 01:00:00,7178,21.01,87.03,21.62,99.9,43.51,2024.0,10
2024-10-26 02:00:00,7179,20.99,86.23,21.7,99.9,40.76,2024.0,10
2024-10-26 03:00:00,7180,20.43,87.2,20.94,99.9,44.56,2024.0,10
2024-10-26 04:00:00,7181,20.04,92.06,20.53,99.9,57.58,2024.0,10
2024-10-26 05:00:00,7182,19.91,89.72,20.12,99.9,46.6,2024.0,10
2024-10-26 06:00:00,7183,24.05,75.52,24.39,90.31,66.1,2024.0,10
2024-10-26 07:00:00,7184,27.03,69.35,29.94,63.85,70.23,2024.0,10
2024-10-26 08:00:00,7185,29.14,60.83,32.66,44.04,46.83,2024.0,10
2024-10-26 09:00:00,7186,31.9,51.04,35.89,28.93,37.87,2024.0,10
2024-10-26 10:00:00,7187,32.74,45.76,36.75,23.2,31.73,2024.0,10
2024-10-26 11:00:00,7188,34.29,41.17,36.99,21.0,29.83,2024.0,10
2024-10-26 12:00:00,7189,35.36,38.78,38.07,18.92,29.64,2024.0,10
2024-10-26 13:00:00,7190,35.75,42.94,38.51,21.69,42.43,2024.0,10
2024-10-26 14:00:00,7191,33.34,49.42,33.98,32.08,44.31,2024.0,10
2024-10-26 15:00:00,7192,29.43,63.26,30.11,59.88,46.45,2024.0,10
2024-10-26 16:00:00,7193,27.93,72.28,28.01,87.94,45.5,2024.0,10
2024-10-26 17:00:00,7194,26.81,74.61,27.57,88.13,45.67,2024.0,10
2024-10-26 18:00:00,7195,25.48,77.99,26.04,95.94,48.1,2024.0,10
2024-10-26 19:00:00,7196,25.59,81.01,26.22,99.01,37.52,2024.0,10
2024-10-26 20:00:00,7197,25.24,83.25,25.88,99.9,34.73,2024.0,10
2024-10-26 21:00:00,7198,24.8,85.38,25.45,99.9,40.03,2024.0,10
2024-10-26 22:00:00,7199,24.51,84.79,25.06,99.9,28.88,2024.0,10
2024-10-26 23:00:00,7200,24.2,85.07,24.77,99.9,26.24,2024.0,10
2024-10-27 00:00:00,7201,23.62,87.26,24.2,99.9,27.12,2024.0,10
2024-10-27 01:00:00,7202,23.2,88.7,23.88,99.9,28.65,2024.0,10
2024-10-27 02:00:00,7203,22.59,90.58,23.16,99.9,28.99,2024.0,10
2024-10-27 03:00:00,7204,22.38,91.04,22.88,99.9,31.0,2024.0,10
2024-10-27 04:00:00,7205,21.88,94.89,22.42,99.9,52.8,2024.0,10
2024-10-27 05:00:00,7206,21.95,95.79,22.33,99.9,76.02,2024.0,10
2024-10-27 06:00:00,7207,25.55,82.21,26.49,96.95,76.82,2024.0,10
2024-10-27 07:00:00,7208,28.13,73.3,30.84,73.11,70.0,2024.0,10
2024-10-27 08:00:00,7209,30.52,64.32,34.04,50.18,47.24,2024.0,10
2024-10-27 09:00:00,7210,31.78,60.07,35.96,39.07,43.83,2024.0,10
2024-10-27 10:00:00,7211,32.26,56.9,35.55,36.42,41.3,2024.0,10
2024-10-27 11:00:00,7212,34.13,51.26,36.47,30.99,39.59,2024.0,10
2024-10-27 12:00:00,7213,33.81,50.86,35.8,30.82,40.53,2024.0,10
2024-10-27 13:00:00,7214,32.72,61.14,30.72,71.56,52.47,2024.0,10
2024-10-27 14:00:00,7215,34.14,56.15,31.39,63.52,49.13,2024.0,10
2024-10-27 17:00:00,7218,28.25,73.45,28.42,90.1,76.47,2024.0,10
2024-10-27 18:00:00,7219,26.42,78.62,27.21,95.02,56.63,2024.0,10
2024-10-27 19:00:00,7220,23.98,86.57,24.67,99.9,38.28,2024.0,10
2024-10-27 20:00:00,7221,23.2,89.91,23.88,99.9,36.95,2024.0,10
2024-10-27 21:00:00,7222,23.01,89.15,23.55,99.9,45.69,2024.0,10
2024-10-27 22:00:00,7223,22.73,92.54,23.37,99.9,68.07,2024.0,10
2024-10-27 23:00:00,7224,23.09,91.82,23.64,99.9,67.67,2024.0,10
2024-10-28 00:00:00,7225,22.55,94.98,23.19,99.9,74.66,2024.0,10
2024-10-28 01:00:00,7226,22.1,98.37,22.66,99.9,70.6,2024.0,10
2024-10-28 02:00:00,7227,22.34,97.53,22.77,99.9,83.8,2024.0,10
2024-10-28 03:00:00,7228,21.73,98.95,22.39,99.9,,2024.0,10
2024-10-28 04:00:00,7229,21.45,99.03,21.95,99.9,65.21,2024.0,10
2024-10-28 05:00:00,7230,21.56,98.3,21.96,99.9,70.74,2024.0,10
2024-10-28 06:00:00,7231,24.8,86.2,24.54,99.9,80.34,2024.0,10
2024-10-28 07:00:00,7232,28.97,73.31,30.33,83.84,,2024.0,10
2024-10-28 08:00:00,7233,32.11,63.05,34.57,54.76,,2024.0,10
2024-10-28 09:00:00,7234,32.56,58.51,36.34,39.29,49.7,2024.0,10
2024-10-28 10:00:00,7235,33.89,53.38,36.57,33.81,43.34,2024.0,10
2024-10-28 11:00:00,7236,35.55,48.86,38.25,27.89,45.57,2024.0,10
2024-10-28 12:00:00,7237,35.11,49.26,37.28,28.9,46.37,2024.0,10
2024-10-28 13:00:00,7238,36.95,50.48,37.79,34.27,57.7,2024.0,10
2024-10-28 14:00:00,7239,32.01,59.69,32.09,55.45,63.59,2024.0,10
2024-10-28 15:00:00,7240,26.7,77.33,27.68,87.45,45.53,2024.0,10
2024-10-28 16:00:00,7241,24.76,83.75,25.17,99.9,42.12,2024.0,10
2024-10-28 17:00:00,7242,24.72,82.64,25.01,99.9,52.57,2024.0,10
2024-10-28 18:00:00,7243,25.07,82.95,25.55,99.9,73.5,2024.0,10
2024-10-28 19:00:00,7244,25.39,83.08,25.95,99.9,65.1,2024.0,10
2024-10-28 20:00:00,7245,25.02,84.76,25.58,99.9,77.94,2024.0,10
2024-10-28 21:00:00,7246,24.09,88.79,24.75,99.9,,2024.0,10
2024-10-28 22:00:00,7247,23.54,92.08,24.18,99.9,,2024.0,10
2024-10-28 23:00:00,7248,23.64,91.88,24.09,99.9,,2024.0,10
2024-10-29 00:00:00,7249,23.5,90.31,23.95,99.9,61.64,2024.0,10
2024-10-29 01:00:00,7250,23.02,91.15,23.48,99.9,59.85,2024.0,10
2024-10-29 02:00:00,7251,22.69,91.64,23.22,99.9,51.82,2024.0,10
2024-10-29 03:00:00,7252,21.75,95.13,22.33,99.9,80.18,2024.0,10
2024-10-29 04:00:00,7253,21.8,94.14,22.2,99.9,65.86,2024.0,10
2024-10-29 05:00:00,7254,21.57,95.74,21.87,99.9,,2024.0,10
2024-10-29 06:00:00,7255,26.53,77.76,24.99,98.15,,2024.0,10
2024-10-29 07:00:00,7256,31.41,60.78,30.53,69.09,65.17,2024.0,10
2024-10-29 08:00:00,7257,33.88,53.68,33.92,46.65,51.23,2024.0,10
2024-10-29 09:00:00,7258,35.04,49.31,35.91,34.25,43.63,2024.0,10
2024-10-29 10:00:00,7259,32.54,54.48,35.21,35.66,49.1,2024.0,10
2024-10-29 11:00:00,7260,33.49,50.73,35.73,31.12,44.5,2024.0,10
2024-10-29 12:00:00,7261,34.47,46.1,35.85,27.09,41.4,2024.0,10
2024-10-29 13:00:00,7262,35.0,47.25,36.3,28.22,43.13,2024.0,10
2024-10-29 14:00:00,7263,35.87,41.25,36.4,23.38,39.67,2024.0,10
2024-10-29 15:00:00,7264,36.56,40.37,35.9,23.75,39.97,2024.0,10
2024-10-29 16:00:00,7265,34.7,45.98,34.51,29.06,48.63,2024.0,10
2024-10-29 17:00:00,7266,30.55,59.19,31.48,48.99,53.26,2024.0,10
2024-10-29 18:00:00,7267,28.08,67.52,28.67,72.02,57.73,2024.0,10
2024-10-29 19:00:00,7268,27.08,70.86,27.56,81.83,55.6,2024.0,10
2024-10-29 20:00:00,7269,26.46,72.75,27.0,86.74,71.27,2024.0,10
2024-10-29 21:00:00,7270,25.64,76.68,26.19,94.87,52.2,2024.0,10
2024-10-29 22:00:00,7271,24.85,79.0,25.36,99.82,48.2,2024.0,10
2024-10-29 23:00:00,7272,23.74,81.93,24.29,99.9,32.85,2024.0,10
2024-10-30 00:00:00,7273,23.2,84.14,23.76,99.9,33.01,2024.0,10
2024-10-30 01:00:00,7274,22.38,85.01,22.95,99.9,49.94,2024.0,10
2024-10-30 02:00:00,7275,21.29,87.0,21.92,99.9,63.05,2024.0,10
2024-10-30 03:00:00,7276,20.72,88.88,21.23,99.9,61.8,2024.0,10
2024-10-30 04:00:00,7277,20.46,88.1,20.87,99.9,65.99,2024.0,10
2024-10-30 05:00:00,7278,20.33,89.01,20.84,99.9,59.85,2024.0,10
2024-10-30 06:00:00,7279,23.45,79.81,24.41,93.64,,2024.0,10
2024-10-30 07:00:00,7280,28.74,63.93,31.25,55.74,73.86,2024.0,10
2024-10-30 08:00:00,7281,29.6,60.87,32.42,46.0,47.33,2024.0,10
2024-10-30 09:00:00,7282,31.06,57.13,33.65,40.45,47.79,2024.0,10
2024-10-30 11:00:00,7284,32.96,50.19,33.9,33.48,39.76,2024.0,10
2024-10-30 12:00:00,7285,34.2,43.74,35.01,25.36,36.21,2024.0,10
2024-10-30 13:00:00,7286,35.55,40.17,36.14,22.26,35.03,2024.0,10
2024-10-30 14:00:00,7287,36.08,39.1,35.63,22.13,36.97,2024.0,10
2024-10-30 15:00:00,7288,36.54,38.65,35.91,22.06,38.1,2024.0,10
2024-10-30 16:00:00,7289,34.92,41.11,35.03,23.04,42.55,2024.0,10
2024-10-30 17:00:00,7290,29.85,58.8,30.8,47.57,62.33,2024.0,10
2024-10-30 19:00:00,7292,26.68,79.25,27.42,98.31,58.08,2024.0,10
2024-10-30 20:00:00,7293,25.71,83.15,26.32,99.9,54.29,2024.0,10
2024-10-30 21:00:00,7294,24.82,86.11,25.39,99.9,59.58,2024.0,10
2024-10-30 22:00:00,7295,24.49,80.69,24.93,99.9,32.18,2024.0,10
2024-10-30 23:00:00,7296,23.68,82.98,24.2,99.9,42.21,2024.0,10
2024-10-31 00:00:00,7297,23.14,84.31,23.66,99.9,41.16,2024.0,10
2024-10-31 01:00:00,7298,22.76,85.6,23.28,99.9,47.84,2024.0,10
2024-10-31 02:00:00,7299,22.13,87.82,22.69,99.9,51.72,2024.0,10
2024-10-31 03:00:00,7300,21.7,90.5,22.32,99.9,73.43,2024.0,10
2024-10-31 04:00:00,7301,21.63,88.91,22.21,99.9,61.48,2024.0,10
2024-10-31 05:00:00,7302,21.47,92.76,22.02,99.9,75.39,2024.0,10
2024-10-31 06:00:00,7303,22.9,87.22,23.47,99.9,84.42,2024.0,10
2024-10-31 07:00:00,7304,29.31,66.67,29.15,77.33,85.11,2024.0,10
2024-10-31 08:00:00,7305,31.37,59.46,34.44,44.33,70.67,2024.0,10
2024-10-31 09:00:00,7306,31.41,56.94,34.96,36.33,45.27,2024.0,10
2024-10-31 10:00:00,7307,32.75,55.33,34.65,38.96,48.43,2024.0,10
2024-10-31 11:00:00,7308,33.94,51.91,35.86,33.33,42.55,2024.0,10
2024-10-31 12:00:00,7309,36.13,47.34,37.31,28.97,40.87,2024.0,10
2024-10-31 13:00:00,7310,35.36,49.78,36.38,31.91,49.48,2024.0,10
2024-10-31 14:00:00,7311,35.08,49.24,36.46,30.02,38.76,2024.0,10
2024-10-31 15:00:00,7312,28.84,67.27,29.38,72.08,47.53,2024.0,10
2024-10-31 16:00:00,7313,26.52,77.4,27.25,94.74,52.67,2024.0,10
2024-10-31 17:00:00,7314,26.06,81.61,26.62,99.9,52.04,2024.0,10
2024-10-31 18:00:00,7315,25.01,86.66,25.55,99.9,58.71,2024.0,10
2024-10-31 19:00:00,7316,24.31,87.06,24.93,99.9,63.16,2024.0,10
2024-10-31 20:00:00,7317,24.1,86.01,24.84,99.9,55.99,2024.0,10
2024-10-31 21:00:00,7318,23.93,87.21,24.59,99.9,66.31,2024.0,10
2024-10-31 22:00:00,7319,23.63,89.18,24.4,99.9,78.53,2024.0,10
2024-10-31 23:00:00,7320,23.13,92.75,23.89,99.9,,2024.0,10
2024-11-01 00:00:00,7321,22.75,95.14,23.48,99.9,,2024.0,11
2024-11-01 01:00:00,7322,22.11,99.1,22.82,99.9,,2024.0,11
2024-11-01 02:00:00,7323,22.3,96.95,22.81,99.9,87.9,2024.0,11
2024-11-01 03:00:00,7324,22.07,98.65,22.61,99.9,,2024.0,11
2024-11-01 04:00:00,7325,21.85,97.4,22.38,99.9,93.57,2024.0,11
2024-11-01 05:00:00,7326,21.67,97.82,22.25,99.9,95.29,2024.0,11
2024-11-01 06:00:00,7327,23.15,92.86,23.43,99.9,,2024.0,11
2024-11-01 07:00:00,7328,25.09,85.75,25.88,99.9,,2024.0,11
2024-11-01 08:00:00,7329,28.12,75.99,29.29,90.61,,2024.0,11
2024-11-01 09:00:00,7330,31.69,63.77,34.11,57.44,79.67,2024.0,11
2024-11-01 10:00:00,7331,32.34,59.92,35.46,44.88,54.4,2024.0,11
2024-11-01 11:00:00,7332,33.31,56.84,34.66,45.56,44.37,2024.0,11
2024-11-01 12:00:00,7333,31.72,63.02,31.71,67.97,56.52,2024.0,11
2024-11-01 14:00:00,7335,23.22,99.96,25.49,99.9,30.38,2024.0,11
2024-11-01 15:00:00,7336,24.99,98.9,27.22,99.9,32.65,2024.0,11
2024-11-01 16:00:00,7337,27.03,80.29,28.12,96.94,56.11,2024.0,11
2024-11-01 17:00:00,7338,25.52,80.9,26.18,99.9,37.95,2024.0,11
2024-11-01 18:00:00,7339,24.36,85.98,24.81,99.9,56.93,2024.0,11
2024-11-01 19:00:00,7340,23.52,91.36,23.94,99.9,50.07,2024.0,11
2024-11-01 20:00:00,7341,23.45,89.16,23.9,99.9,50.67,2024.0,11
2024-11-01 21:00:00,7342,23.16,93.53,23.75,99.9,87.99,2024.0,11
2024-11-01 22:00:00,7343,23.26,94.87,23.78,99.9,84.78,2024.0,11
2024-11-01 23:00:00,7344,23.09,95.42,23.66,99.9,84.22,2024.0,11
2024-11-02 00:00:00,7345,22.26,98.67,22.92,99.9,87.52,2024.0,11
2024-11-02 01:00:00,7346,22.25,98.5,22.7,99.9,88.73,2024.0,11
2024-11-02 02:00:00,7347,22.0,99.71,22.5,99.9,88.28,2024.0,11
2024-11-02 03:00:00,7348,21.89,99.49,22.39,99.9,82.64,2024.0,11
2024-11-02 04:00:00,7349,21.44,99.49,22.04,99.9,83.3,2024.0,11
2024-11-02 05:00:00,7350,21.23,99.56,21.66,99.9,80.82,2024.0,11
2024-11-02 06:00:00,7351,24.1,91.03,24.34,99.9,86.23,2024.0,11
2024-11-02 07:00:00,7352,28.59,75.91,30.76,86.37,,2024.0,11
2024-11-02 08:00:00,7353,30.43,68.04,33.94,60.01,73.1,2024.0,11
2024-11-02 09:00:00,7354,31.44,63.39,35.21,48.23,48.23,2024.0,11
2024-11-02 10:00:00,7355,32.44,57.28,35.7,39.0,33.07,2024.0,11
2024-11-02 11:00:00,7356,34.96,52.98,36.19,38.34,36.93,2024.0,11
2024-11-02 12:00:00,7357,31.89,60.51,30.39,69.24,45.97,2024.0,11
2024-11-02 13:00:00,7358,25.52,80.49,26.82,85.1,33.8,2024.0,11
2024-11-02 14:00:00,7359,21.18,100.0,22.66,99.9,30.08,2024.0,11
2024-11-02 15:00:00,7360,22.56,100.0,24.13,99.9,39.57,2024.0,11
2024-11-02 16:00:00,7361,22.53,100.0,24.45,99.9,47.3,2024.0,11
2024-11-02 17:00:00,7362,22.91,100.0,24.43,99.9,44.82,2024.0,11
2024-11-02 18:00:00,7363,22.36,100.0,23.64,99.9,45.29,2024.0,11
2024-11-02 19:00:00,7364,22.04,100.0,23.04,99.9,47.03,2024.0,11
2024-11-02 20:00:00,7365,22.1,100.0,22.91,99.9,58.04,2024.0,11
2024-11-02 21:00:00,7366,22.0,100.0,22.77,99.9,56.53,2024.0,11
2024-11-02 22:00:00,7367,21.92,100.0,22.71,99.9,56.26,2024.0,11
2024-11-02 23:00:00,7368,21.79,100.0,22.57,99.9,58.41,2024.0,11
2024-11-03 00:00:00,7369,21.52,100.0,22.34,99.9,51.78,2024.0,11
2024-11-03 01:00:00,7370,21.37,100.0,22.2,99.9,63.07,2024.0,11
2024-11-03 02:00:00,7371,21.32,100.0,22.0,99.9,57.25,2024.0,11
2024-11-03 03:00:00,7372,21.3,100.0,21.98,99.9,47.87,2024.0,11
2024-11-03 04:00:00,7373,20.89,100.0,21.66,99.9,49.09,2024.0,11
2024-11-03 05:00:00,7374,20.59,100.0,21.32,99.9,54.45,2024.0,11
2024-11-03 06:00:00,7375,23.52,98.67,23.29,99.9,45.63,2024.0,11
2024-11-03 07:00:00,7376,28.9,76.38,28.11,98.02,64.49,2024.0,11
2024-11-03 08:00:00,7377,32.0,66.01,32.36,75.84,65.0,2024.0,11
2024-11-03 09:00:00,7378,35.18,56.8,34.31,58.77,46.64,2024.0,11
2024-11-03 10:00:00,7379,32.49,59.58,35.82,43.27,40.14,2024.0,11
2024-11-03 11:00:00,7380,33.47,57.65,35.68,42.22,45.6,2024.0,11
2024-11-03 12:00:00,7381,28.56,73.59,28.83,87.05,54.62,2024.0,11
2024-11-03 13:00:00,7382,21.27,100.0,22.94,99.9,24.07,2024.0,11
2024-11-03 14:00:00,7383,22.43,100.0,24.79,99.9,28.77,2024.0,11
2024-11-03 15:00:00,7384,22.88,100.0,24.58,99.9,37.04,2024.0,11
2024-11-03 16:00:00,7385,22.66,100.0,24.38,99.9,36.23,2024.0,11
2024-11-03 17:00:00,7386,21.32,100.0,22.8,99.9,28.95,2024.0,11
2024-11-03 18:00:00,7387,21.2,100.0,22.2,99.9,26.68,2024.0,11
2024-11-03 19:00:00,7388,20.93,100.0,21.9,99.9,23.63,2024.0,11
2024-11-03 20:00:00,7389,20.9,100.0,21.85,99.9,23.68,2024.0,11
2024-11-03 21:00:00,7390,21.17,100.0,22.13,99.9,28.39,2024.0,11
2024-11-03 22:00:00,7391,20.98,100.0,21.85,99.9,28.39,2024.0,11
2024-11-03 23:00:00,7392,20.93,100.0,21.78,99.9,27.52,2024.0,11
2024-11-04 00:00:00,7393,20.94,100.0,21.82,99.9,31.65,2024.0,11
2024-11-04 01:00:00,7394,20.84,100.0,21.68,99.9,34.88,2024.0,11
2024-11-04 02:00:00,7395,20.84,100.0,21.6,99.9,44.73,2024.0,11
2024-11-04 03:00:00,7396,20.75,100.0,21.5,99.9,43.19,2024.0,11
2024-11-04 04:00:00,7397,20.81,100.0,21.57,99.9,47.73,2024.0,11
2024-11-04 05:00:00,7398,20.79,100.0,21.53,99.9,46.71,2024.0,11
2024-11-04 06:00:00,7399,21.69,100.0,22.53,99.9,56.26,2024.0,11
2024-11-04 07:00:00,7400,23.17,100.0,25.05,99.9,49.58,2024.0,11
2024-11-04 08:00:00,7401,24.24,100.0,26.95,99.9,56.32,2024.0,11
2024-11-04 09:00:00,7402,28.37,96.2,32.27,75.28,46.51,2024.0,11
2024-11-04 10:00:00,7403,32.43,60.99,35.75,42.68,45.57,2024.0,11
2024-11-04 11:00:00,7404,28.97,69.81,30.89,69.18,46.47,2024.0,11
2024-11-04 12:00:00,7405,29.26,71.39,28.94,88.99,50.0,2024.0,11
2024-11-04 13:00:00,7406,26.67,81.44,27.82,93.28,43.02,2024.0,11
2024-11-04 14:00:00,7407,21.13,100.0,22.69,99.9,21.9,2024.0,11
2024-11-04 15:00:00,7408,21.78,100.0,23.87,99.9,22.49,2024.0,11
2024-11-04 16:00:00,7409,22.6,100.0,24.03,99.9,36.56,2024.0,11
2024-11-04 17:00:00,7410,22.65,100.0,24.01,99.9,34.33,2024.0,11
2024-11-04 18:00:00,7411,22.53,100.0,23.53,99.9,46.65,2024.0,11
2024-11-04 19:00:00,7412,22.6,100.0,23.27,99.9,72.71,2024.0,11
2024-11-04 20:00:00,7413,22.65,100.0,23.12,99.9,88.42,2024.0,11
2024-11-04 21:00:00,7414,22.58,100.0,23.04,99.9,92.04,2024.0,11
2024-11-04 22:00:00,7415,22.58,100.0,23.1,99.9,96.05,2024.0,11
2024-11-04 23:00:00,7416,22.32,100.0,22.93,99.9,95.94,2024.0,11
2024-11-05 00:00:00,7417,22.01,100.0,22.59,99.9,69.5,2024.0,11
2024-11-05 01:00:00,7418,21.75,100.0,22.44,99.9,86.47,2024.0,11
2024-11-05 02:00:00,7419,21.72,100.0,22.31,99.9,,2024.0,11
2024-11-05 03:00:00,7420,21.84,100.0,22.4,99.9,90.96,2024.0,11
2024-11-05 04:00:00,7421,21.61,100.0,22.13,99.9,74.39,2024.0,11
2024-11-05 05:00:00,7422,21.41,100.0,21.9,99.9,64.85,2024.0,11
2024-11-05 06:00:00,7423,23.36,95.76,23.81,99.9,79.13,2024.0,11
2024-11-05 07:00:00,7424,27.22,82.05,29.55,94.52,85.11,2024.0,11
2024-11-05 08:00:00,7425,27.93,74.77,31.41,72.11,43.93,2024.0,11
2024-11-05 09:00:00,7426,29.66,67.25,32.37,59.14,24.87,2024.0,11
2024-11-05 10:00:00,7427,30.31,65.63,32.77,56.48,31.93,2024.0,11
2024-11-05 11:00:00,7428,31.81,60.69,33.48,49.33,34.07,2024.0,11
2024-11-05 12:00:00,7429,33.37,56.77,34.86,42.02,33.1,2024.0,11
2024-11-05 13:00:00,7430,34.36,55.3,35.51,39.49,31.75,2024.0,11
2024-11-05 14:00:00,7431,32.14,63.73,32.44,64.17,40.17,2024.0,11
2024-11-05 15:00:00,7432,26.88,79.01,27.79,95.52,36.29,2024.0,11
2024-11-05 16:00:00,7433,23.73,91.97,24.29,99.9,28.36,2024.0,11
2024-11-05 17:00:00,7434,23.32,95.24,23.86,99.9,35.78,2024.0,11
2024-11-05 18:00:00,7435,22.83,97.62,23.4,99.9,32.3,2024.0,11
2024-11-05 19:00:00,7436,21.95,99.96,22.87,99.9,30.2,2024.0,11
2024-11-05 20:00:00,7437,20.97,100.0,22.2,99.9,31.73,2024.0,11
2024-11-05 21:00:00,7438,20.91,100.0,21.88,99.9,32.41,2024.0,11
2024-11-05 22:00:00,7439,20.91,100.0,21.7,99.9,29.52,2024.0,11
2024-11-05 23:00:00,7440,21.19,100.0,22.05,99.9,35.93,2024.0,11
2024-11-06 00:00:00,7441,21.26,100.0,22.13,99.9,41.03,2024.0,11
2024-11-06 01:00:00,7442,21.33,100.0,22.29,99.9,54.9,2024.0,11
2024-11-06 02:00:00,7443,21.17,100.0,22.05,99.9,43.79,2024.0,11
2024-11-06 03:00:00,7444,21.23,100.0,22.12,99.9,45.83,2024.0,11
2024-11-06 04:00:00,7445,21.41,100.0,22.33,99.9,45.81,2024.0,11
2024-11-06 05:00:00,7446,21.28,100.0,22.18,99.9,43.91,2024.0,11
2024-11-06 06:00:00,7447,21.82,100.0,23.16,99.9,35.64,2024.0,11
2024-11-06 07:00:00,7448,24.22,99.99,27.0,99.9,27.54,2024.0,11
2024-11-06 08:00:00,7449,26.32,85.27,27.53,99.9,30.98,2024.0,11
2024-11-06 09:00:00,7450,27.8,72.19,28.94,82.72,35.47,2024.0,11
2024-11-06 10:00:00,7451,29.09,66.7,30.44,66.78,34.59,2024.0,11
2024-11-06 11:00:00,7452,29.46,62.7,30.2,58.83,32.6,2024.0,11
2024-11-06 12:00:00,7453,29.5,61.97,29.26,62.86,32.67,2024.0,11
2024-11-06 13:00:00,7454,31.03,59.15,31.06,54.16,34.71,2024.0,11
2024-11-06 14:00:00,7455,30.71,56.46,30.33,48.5,31.47,2024.0,11
2024-11-06 15:00:00,7456,29.13,62.43,28.79,64.31,34.2,2024.0,11
2024-11-06 16:00:00,7457,28.15,65.76,28.29,70.72,32.77,2024.0,11
2024-11-06 17:00:00,7458,26.15,72.43,26.6,88.52,36.68,2024.0,11
2024-11-06 18:00:00,7459,25.28,76.35,25.76,96.9,39.63,2024.0,11
2024-11-06 19:00:00,7460,24.41,82.25,24.88,99.9,33.95,2024.0,11
2024-11-06 20:00:00,7461,23.91,83.48,24.4,99.9,29.89,2024.0,11
2024-11-06 21:00:00,7462,23.04,88.49,23.56,99.9,42.65,2024.0,11
2024-11-06 22:00:00,7463,22.51,90.28,23.01,99.9,75.38,2024.0,11
2024-11-06 23:00:00,7464,21.81,92.5,22.32,99.9,70.49,2024.0,11
2024-11-07 00:00:00,7465,21.25,94.84,21.98,99.9,88.15,2024.0,11
2024-11-07 01:00:00,7466,21.12,93.63,21.52,99.9,80.4,2024.0,11
2024-11-07 02:00:00,7467,21.12,93.37,21.72,99.9,69.77,2024.0,11
2024-11-07 03:00:00,7468,20.82,94.68,21.53,99.9,79.59,2024.0,11
2024-11-07 04:00:00,7469,21.11,94.22,21.54,99.9,71.22,2024.0,11
2024-11-07 05:00:00,7470,21.4,93.73,21.82,99.9,78.19,2024.0,11
2024-11-07 06:00:00,7471,24.4,82.81,25.07,98.5,86.25,2024.0,11
2024-11-07 07:00:00,7472,27.2,72.68,30.08,72.2,87.29,2024.0,11
2024-11-07 08:00:00,7473,29.19,65.61,32.74,49.09,67.38,2024.0,11
2024-11-07 09:00:00,7474,30.98,60.93,34.9,37.19,46.33,2024.0,11
2024-11-07 10:00:00,7475,32.28,57.16,35.06,35.03,44.5,2024.0,11
2024-11-07 11:00:00,7476,33.48,52.03,35.71,28.42,41.48,2024.0,11
2024-11-07 12:00:00,7477,33.09,51.1,34.09,30.28,39.4,2024.0,11
2024-11-07 13:00:00,7478,32.92,53.82,33.82,34.63,40.4,2024.0,11
2024-11-07 14:00:00,7479,28.75,70.08,29.02,81.32,50.67,2024.0,11
2024-11-07 15:00:00,7480,28.18,74.19,27.41,99.86,60.41,2024.0,11
2024-11-07 16:00:00,7481,28.7,70.83,27.9,94.47,59.0,2024.0,11
2024-11-07 17:00:00,7482,25.18,86.36,26.3,99.25,46.78,2024.0,11
2024-11-07 18:00:00,7483,20.61,100.0,22.0,99.9,37.56,2024.0,11
2024-11-07 19:00:00,7484,20.94,100.0,22.14,99.9,36.29,2024.0,11
2024-11-07 20:00:00,7485,21.25,100.0,22.29,99.9,38.93,2024.0,11
2024-11-07 21:00:00,7486,21.54,100.0,22.59,99.9,38.19,2024.0,11
2024-11-07 22:00:00,7487,21.61,100.0,22.9,99.9,40.98,2024.0,11
2024-11-07 23:00:00,7488,21.7,100.0,22.7,99.9,63.35,2024.0,11
2024-11-08 00:00:00,7489,21.78,100.0,22.77,99.9,62.94,2024.0,11
2024-11-08 01:00:00,7490,21.87,100.0,22.95,99.9,60.68,2024.0,11
2024-11-08 02:00:00,7491,22.03,100.0,23.06,99.9,72.23,2024.0,11
2024-11-08 03:00:00,7492,21.93,100.0,22.95,99.9,81.94,2024.0,11
2024-11-08 04:00:00,7493,21.76,100.0,22.65,99.9,67.33,2024.0,11
2024-11-08 05:00:00,7494,21.68,100.0,22.53,99.9,56.19,2024.0,11
2024-11-08 06:00:00,7495,22.3,100.0,23.07,99.9,58.85,2024.0,11
2024-11-08 07:00:00,7496,24.79,95.84,25.38,99.9,60.15,2024.0,11
2024-11-08 08:00:00,7497,30.66,71.39,31.78,81.28,67.56,2024.0,11
2024-11-08 09:00:00,7498,31.38,64.94,35.09,49.48,54.23,2024.0,11
2024-11-08 10:00:00,7499,32.6,60.2,35.54,42.07,51.23,2024.0,11
2024-11-08 11:00:00,7500,33.19,58.3,34.51,44.83,53.21,2024.0,11
2024-11-08 12:00:00,7501,34.53,54.15,35.26,37.75,48.57,2024.0,11
2024-11-08 13:00:00,7502,32.71,59.34,34.48,44.03,59.69,2024.0,11
2024-11-08 14:00:00,7503,27.38,79.69,27.42,95.61,58.82,2024.0,11
2024-11-08 15:00:00,7504,27.45,80.38,26.97,99.82,64.77,2024.0,11
2024-11-08 16:00:00,7505,28.95,73.01,29.23,93.08,57.66,2024.0,11
2024-11-08 17:00:00,7506,26.32,83.06,26.95,99.85,43.69,2024.0,11
2024-11-08 18:00:00,7507,24.4,91.72,24.86,99.9,36.47,2024.0,11
2024-11-08 19:00:00,7508,24.98,90.81,25.42,99.9,39.46,2024.0,11
2024-11-08 20:00:00,7509,24.74,91.35,25.26,99.9,42.81,2024.0,11
2024-11-08 21:00:00,7510,24.13,95.41,24.75,99.9,60.28,2024.0,11
2024-11-08 22:00:00,7511,23.88,96.29,24.41,99.9,67.63,2024.0,11
2024-11-08 23:00:00,7512,23.97,94.15,24.51,99.9,50.99,2024.0,11
2024-11-09 00:00:00,7513,23.79,96.62,24.49,99.9,68.07,2024.0,11
2024-11-09 01:00:00,7514,23.64,95.81,24.25,99.9,46.44,2024.0,11
2024-11-09 02:00:00,7515,23.63,96.99,24.26,99.9,50.65,2024.0,11
2024-11-09 03:00:00,7516,23.34,97.69,23.92,99.9,60.72,2024.0,11
2024-11-09 04:00:00,7517,23.4,96.53,24.05,99.9,59.74,2024.0,11
2024-11-09 05:00:00,7518,23.2,98.21,23.83,99.9,55.54,2024.0,11
2024-11-09 06:00:00,7519,24.09,96.96,24.75,99.9,77.74,2024.0,11
2024-11-09 07:00:00,7520,27.84,83.25,29.1,97.95,62.68,2024.0,11
2024-11-09 08:00:00,7521,30.31,74.19,33.57,73.43,75.2,2024.0,11
2024-11-09 09:00:00,7522,32.2,65.79,35.98,49.03,55.83,2024.0,11
2024-11-09 10:00:00,7523,33.51,60.24,36.81,39.18,46.67,2024.0,11
2024-11-09 11:00:00,7524,35.43,54.22,37.43,32.32,40.66,2024.0,11
2024-11-09 12:00:00,7525,31.79,63.75,32.52,62.39,40.07,2024.0,11
2024-11-09 13:00:00,7526,26.44,75.29,26.76,94.15,35.03,2024.0,11
2024-11-09 14:00:00,7527,23.88,91.96,24.8,99.9,32.38,2024.0,11
2024-11-09 15:00:00,7528,22.4,98.85,23.65,99.9,30.75,2024.0,11
2024-11-09 16:00:00,7529,22.39,100.0,23.89,99.9,31.47,2024.0,11
2024-11-09 17:00:00,7530,22.58,100.0,23.94,99.9,35.49,2024.0,11
2024-11-09 18:00:00,7531,22.51,100.0,23.55,99.9,38.86,2024.0,11
2024-11-09 19:00:00,7532,22.74,100.0,23.48,99.9,37.64,2024.0,11
2024-11-09 20:00:00,7533,22.77,99.36,23.2,99.9,35.26,2024.0,11
2024-11-09 22:00:00,7535,22.39,99.85,22.97,99.9,61.62,2024.0,11
2024-11-09 23:00:00,7536,22.28,100.0,22.92,99.9,67.92,2024.0,11
2024-11-10 00:00:00,7537,22.24,99.97,22.86,99.9,66.87,2024.0,11
2024-11-10 01:00:00,7538,21.8,100.0,22.4,99.9,60.52,2024.0,11
2024-11-10 02:00:00,7539,21.66,100.0,22.35,99.9,41.85,2024.0,11
2024-11-10 03:00:00,7540,21.91,99.97,22.42,99.9,45.74,2024.0,11
2024-11-10 04:00:00,7541,21.88,99.89,22.35,99.9,54.34,2024.0,11
2024-11-10 05:00:00,7542,22.0,100.0,22.42,99.9,62.62,2024.0,11
2024-11-10 06:00:00,7543,23.99,94.61,24.06,99.9,52.91,2024.0,11
2024-11-10 07:00:00,7544,27.77,82.13,27.99,99.71,59.04,2024.0,11
2024-11-10 08:00:00,7545,29.63,74.02,31.16,89.18,72.07,2024.0,11
2024-11-10 09:00:00,7546,30.38,70.38,32.01,76.29,54.0,2024.0,11
2024-11-10 13:00:00,7550,34.8,55.45,36.04,37.58,29.72,2024.0,11
2024-11-10 14:00:00,7551,31.23,68.32,30.97,81.69,46.83,2024.0,11
2024-11-10 15:00:00,7552,26.42,89.16,27.65,98.12,36.9,2024.0,11
2024-11-10 16:00:00,7553,23.19,100.0,24.59,99.9,31.0,2024.0,11
2024-11-10 17:00:00,7554,21.59,100.0,22.84,99.9,28.83,2024.0,11
2024-11-10 18:00:00,7555,22.12,100.0,23.19,99.9,30.91,2024.0,11
2024-11-10 19:00:00,7556,22.2,100.0,23.27,99.9,31.91,2024.0,11
2024-11-10 20:00:00,7557,22.09,100.0,23.13,99.9,33.28,2024.0,11
2024-11-10 21:00:00,7558,21.98,100.0,23.08,99.9,32.81,2024.0,11
2024-11-10 22:00:00,7559,21.95,100.0,22.96,99.9,42.05,2024.0,11
2024-11-10 23:00:00,7560,21.82,100.0,22.82,99.9,41.66,2024.0,11
2024-11-11 00:00:00,7561,21.77,100.0,22.67,99.9,49.11,2024.0,11
2024-11-11 01:00:00,7562,21.95,100.0,22.77,99.9,53.22,2024.0,11
2024-11-11 02:00:00,7563,22.05,100.0,23.06,99.9,43.41,2024.0,11
2024-11-11 03:00:00,7564,21.92,100.0,22.93,99.9,40.6,2024.0,11
2024-11-11 04:00:00,7565,22.07,100.0,23.0,99.9,42.7,2024.0,11
2024-11-11 05:00:00,7566,22.14,100.0,23.1,99.9,39.64,2024.0,11
2024-11-11 06:00:00,7567,23.28,100.0,24.72,99.9,45.98,2024.0,11
2024-11-11 07:00:00,7568,26.73,99.73,29.67,97.15,41.81,2024.0,11
2024-11-11 08:00:00,7569,29.26,94.67,33.84,72.12,36.92,2024.0,11
2024-11-11 09:00:00,7570,33.87,63.16,35.43,54.02,48.21,2024.0,11
2024-11-11 10:00:00,7571,33.58,63.05,35.75,51.37,50.27,2024.0,11
2024-11-11 11:00:00,7572,31.76,65.83,34.63,52.54,45.28,2024.0,11
2024-11-11 14:00:00,7575,21.65,96.3,23.76,99.9,34.02,2024.0,11
2024-11-11 15:00:00,7576,22.49,100.0,24.09,99.9,36.09,2024.0,11
2024-11-11 16:00:00,7577,22.04,100.0,23.28,99.9,32.81,2024.0,11
2024-11-11 17:00:00,7578,21.97,100.0,22.76,99.9,35.87,2024.0,11
2024-11-11 18:00:00,7579,21.62,100.0,22.58,99.9,32.14,2024.0,11
2024-11-11 19:00:00,7580,21.65,100.0,22.51,99.9,29.78,2024.0,11
2024-11-11 20:00:00,7581,21.58,100.0,22.48,99.9,30.82,2024.0,11
2024-11-11 21:00:00,7582,21.15,100.0,22.3,99.9,27.11,2024.0,11
2024-11-11 22:00:00,7583,20.93,100.0,21.92,99.9,25.07,2024.0,11
2024-11-11 23:00:00,7584,21.02,100.0,21.9,99.9,29.79,2024.0,11
2024-11-12 00:00:00,7585,21.14,100.0,21.99,99.9,31.51,2024.0,11
2024-11-12 01:00:00,7586,21.19,100.0,21.99,99.9,33.57,2024.0,11
2024-11-12 02:00:00,7587,21.06,100.0,21.9,99.9,43.13,2024.0,11
2024-11-12 03:00:00,7588,20.87,100.0,21.66,99.9,60.19,2024.0,11
2024-11-12 04:00:00,7589,20.85,100.0,21.57,99.9,58.65,2024.0,11
2024-11-12 05:00:00,7590,20.92,100.0,21.55,99.9,52.51,2024.0,11
2024-11-12 06:00:00,7591,21.87,100.0,22.7,99.9,60.14,2024.0,11
2024-11-12 07:00:00,7592,25.62,99.86,26.75,99.19,50.65,2024.0,11
2024-11-12 08:00:00,7593,28.94,89.91,33.07,73.19,43.02,2024.0,11
2024-11-12 09:00:00,7594,29.78,71.78,33.0,62.04,39.64,2024.0,11
2024-11-12 10:00:00,7595,29.62,69.0,31.04,67.57,26.67,2024.0,11
2024-11-12 11:00:00,7596,29.81,70.93,30.38,80.08,47.37,2024.0,11
2024-11-12 12:00:00,7597,26.56,82.98,26.33,99.72,49.08,2024.0,11
2024-11-12 13:00:00,7598,25.68,86.69,25.04,99.9,37.34,2024.0,11
2024-11-12 14:00:00,7599,26.52,85.59,26.09,99.9,33.96,2024.0,11
2024-11-12 17:00:00,7602,24.35,92.1,25.2,99.9,32.11,2024.0,11
2024-11-12 18:00:00,7603,23.42,98.37,24.03,99.9,58.98,2024.0,11
2024-11-12 19:00:00,7604,22.84,99.96,23.42,99.9,50.32,2024.0,11
2024-11-12 20:00:00,7605,22.52,100.0,23.31,99.9,71.78,2024.0,11
2024-11-12 21:00:00,7606,22.3,100.0,22.99,99.9,86.72,2024.0,11
2024-11-12 22:00:00,7607,22.13,100.0,22.66,99.9,77.93,2024.0,11
2024-11-12 23:00:00,7608,22.21,100.0,22.65,99.9,91.9,2024.0,11
2024-11-13 00:00:00,7609,22.32,99.76,22.7,99.9,78.21,2024.0,11
2024-11-13 01:00:00,7610,21.98,99.3,22.4,99.9,62.04,2024.0,11
2024-11-13 02:00:00,7611,21.86,98.48,22.2,99.9,56.19,2024.0,11
2024-11-13 03:00:00,7612,21.21,99.94,21.92,99.9,78.95,2024.0,11
2024-11-13 04:00:00,7613,21.18,100.0,21.63,99.9,74.97,2024.0,11
2024-11-13 05:00:00,7614,20.95,100.0,21.46,99.9,78.73,2024.0,11
2024-11-13 07:00:00,7616,27.74,80.25,28.94,94.8,87.45,2024.0,11
2024-11-13 08:00:00,7617,29.36,71.73,32.48,66.19,65.43,2024.0,11
2024-11-13 09:00:00,7618,29.99,65.95,33.35,48.15,45.77,2024.0,11
2024-11-13 10:00:00,7619,30.94,64.24,32.97,51.14,44.93,2024.0,11
2024-11-13 11:00:00,7620,32.66,58.61,33.32,44.64,42.9,2024.0,11
2024-11-13 12:00:00,7621,33.33,54.05,32.83,38.84,39.93,2024.0,11
2024-11-13 13:00:00,7622,33.83,52.27,33.06,35.49,41.4,2024.0,11
2024-11-13 14:00:00,7623,33.11,56.74,32.22,49.17,45.93,2024.0,11
2024-11-13 15:00:00,7624,31.41,59.35,30.52,57.38,44.57,2024.0,11
2024-11-13 16:00:00,7625,30.69,62.92,30.51,63.54,46.24,2024.0,11
2024-11-13 17:00:00,7626,27.08,78.37,27.67,96.84,47.28,2024.0,11
2024-11-13 18:00:00,7627,25.99,81.48,26.43,99.9,38.02,2024.0,11
2024-11-13 19:00:00,7628,25.16,87.94,25.82,99.9,48.11,2024.0,11
2024-11-13 20:00:00,7629,24.28,95.21,24.98,99.9,65.19,2024.0,11
2024-11-13 21:00:00,7630,23.99,96.85,24.7,99.9,76.44,2024.0,11
2024-11-13 22:00:00,7631,23.98,97.33,24.61,99.9,75.84,2024.0,11
2024-11-13 23:00:00,7632,23.5,98.11,24.06,99.9,69.68,2024.0,11
2024-11-14 00:00:00,7633,23.38,95.54,23.84,99.9,60.86,2024.0,11
2024-11-14 01:00:00,7634,23.19,95.81,23.66,99.9,68.2,2024.0,11
2024-11-14 02:00:00,7635,22.75,97.12,23.24,99.9,68.74,2024.0,11
2024-11-14 03:00:00,7636,22.11,98.51,22.71,99.9,65.01,2024.0,11
2024-11-14 04:00:00,7637,21.71,99.24,22.3,99.9,63.58,2024.0,11
2024-11-14 05:00:00,7638,22.2,97.76,22.55,99.9,72.52,2024.0,11
2024-11-14 06:00:00,7639,23.29,93.39,23.74,99.9,75.92,2024.0,11
2024-11-14 07:00:00,7640,25.65,85.76,26.22,99.9,88.51,2024.0,11
2024-11-14 08:00:00,7641,27.88,77.5,29.0,94.42,95.27,2024.0,11
2024-11-14 09:00:00,7642,30.85,67.87,32.3,67.85,73.2,2024.0,11
2024-11-14 10:00:00,7643,31.36,64.13,33.86,49.37,64.74,2024.0,11
2024-11-14 11:00:00,7644,31.82,62.83,33.74,48.36,64.43,2024.0,11
2024-11-14 12:00:00,7645,32.37,60.74,32.66,52.07,65.97,2024.0,11
2024-11-14 14:00:00,7647,32.21,54.05,31.64,37.25,49.9,2024.0,11
2024-11-14 15:00:00,7648,34.09,49.58,32.5,31.83,48.71,2024.0,11
2024-11-14 16:00:00,7649,31.2,53.49,30.34,37.54,41.27,2024.0,11
2024-11-14 17:00:00,7650,28.06,61.79,28.6,51.76,46.69,2024.0,11
2024-11-14 18:00:00,7651,27.2,64.54,27.72,60.58,51.9,2024.0,11
2024-11-14 19:00:00,7652,26.18,70.55,26.75,79.51,57.67,2024.0,11
2024-11-14 20:00:00,7653,25.84,72.1,26.29,85.51,57.77,2024.0,11
2024-11-14 21:00:00,7654,24.67,78.81,25.28,98.17,66.99,2024.0,11
2024-11-14 22:00:00,7655,24.02,83.03,24.54,99.9,59.09,2024.0,11
2024-11-14 23:00:00,7656,23.49,86.38,23.99,99.9,63.69,2024.0,11
2024-11-15 00:00:00,7657,22.65,90.74,23.24,99.9,90.24,2024.0,11
2024-11-15 01:00:00,7658,22.37,92.57,22.89,99.9,84.51,2024.0,11
2024-11-15 02:00:00,7659,21.93,93.93,22.6,99.9,89.07,2024.0,11
2024-11-15 03:00:00,7660,21.15,93.9,21.85,99.9,80.78,2024.0,11
2024-11-15 04:00:00,7661,21.47,93.51,21.85,99.9,73.59,2024.0,11
2024-11-15 05:00:00,7662,21.43,94.03,21.97,99.9,81.23,2024.0,11
2024-11-15 06:00:00,7663,23.93,84.39,23.99,99.8,94.05,2024.0,11
2024-11-15 07:00:00,7664,28.1,72.16,29.31,81.68,,2024.0,11
2024-11-15 08:00:00,7665,31.86,62.41,33.34,50.0,,2024.0,11
2024-11-15 09:00:00,7666,32.68,57.71,35.59,31.26,66.27,2024.0,11
2024-11-15 10:00:00,7667,32.66,57.13,35.25,30.57,61.3,2024.0,11
2024-11-15 11:00:00,7668,33.75,56.84,35.74,32.59,70.17,2024.0,11
2024-11-15 12:00:00,7669,33.66,55.84,35.19,31.2,64.5,2024.0,11
2024-11-15 13:00:00,7670,30.37,67.37,30.92,68.76,83.2,2024.0,11
2024-11-15 14:00:00,7671,30.76,68.13,29.08,92.08,83.9,2024.0,11
2024-11-15 15:00:00,7672,29.46,71.43,28.21,96.18,85.83,2024.0,11
2024-11-15 16:00:00,7673,27.52,77.8,27.56,99.36,85.74,2024.0,11
2024-11-15 17:00:00,7674,26.12,81.83,26.45,99.9,71.58,2024.0,11
2024-11-15 18:00:00,7675,25.44,83.19,25.83,99.9,73.77,2024.0,11
2024-11-15 19:00:00,7676,25.27,83.73,25.65,99.9,73.83,2024.0,11
2024-11-15 20:00:00,7677,24.9,85.14,25.4,99.9,70.97,2024.0,11
2024-11-15 21:00:00,7678,24.48,87.89,25.09,99.9,82.06,2024.0,11
2024-11-15 22:00:00,7679,24.25,88.93,24.77,99.9,84.4,2024.0,11
2024-11-15 23:00:00,7680,23.98,89.36,24.66,99.9,80.84,2024.0,11
2024-11-16 00:00:00,7681,23.54,92.49,24.19,99.9,,2024.0,11
2024-11-16 01:00:00,7682,23.41,94.15,23.93,99.9,,2024.0,11
2024-11-16 02:00:00,7683,23.66,93.59,24.16,99.9,,2024.0,11
2024-11-16 03:00:00,7684,23.29,95.23,24.02,99.9,,2024.0,11
2024-11-16 04:00:00,7685,22.91,97.9,23.54,99.9,,2024.0,11
2024-11-16 05:00:00,7686,23.19,96.27,23.63,99.9,,2024.0,11
2024-11-16 06:00:00,7687,24.98,90.37,25.2,99.9,,2024.0,11
2024-11-16 07:00:00,7688,26.82,84.0,27.63,99.87,,2024.0,11
2024-11-16 08:00:00,7689,29.12,75.75,30.66,87.37,,2024.0,11
2024-11-16 09:00:00,7690,30.12,72.59,31.89,77.16,,2024.0,11
2024-11-16 10:00:00,7691,33.79,60.52,36.27,38.62,88.07,2024.0,11
2024-11-16 11:00:00,7692,35.52,55.0,36.67,32.09,61.13,2024.0,11
2024-11-16 12:00:00,7693,31.52,67.8,30.7,82.83,,2024.0,11
2024-11-16 13:00:00,7694,28.1,79.12,28.75,88.66,71.38,2024.0,11
2024-11-16 14:00:00,7695,22.12,100.0,23.88,99.9,42.28,2024.0,11
2024-11-16 15:00:00,7696,22.53,100.0,24.24,99.9,49.56,2024.0,11
2024-11-16 16:00:00,7697,22.09,100.0,23.66,99.9,48.13,2024.0,11
2024-11-16 17:00:00,7698,21.35,100.0,22.57,99.9,28.39,2024.0,11
2024-11-16 18:00:00,7699,21.57,100.0,22.63,99.9,32.32,2024.0,11
2024-11-16 19:00:00,7700,21.92,100.0,23.0,99.9,32.18,2024.0,11
2024-11-16 20:00:00,7701,21.98,100.0,23.05,99.9,45.61,2024.0,11
2024-11-16 21:00:00,7702,22.05,100.0,23.09,99.9,39.44,2024.0,11
2024-11-16 22:00:00,7703,22.06,100.0,22.96,99.9,44.4,2024.0,11
2024-11-16 23:00:00,7704,22.06,100.0,22.77,99.9,56.17,2024.0,11
2024-11-17 00:00:00,7705,21.89,100.0,22.51,99.9,72.58,2024.0,11
2024-11-17 01:00:00,7706,21.56,100.0,22.28,99.9,66.29,2024.0,11
2024-11-17 02:00:00,7707,21.3,100.0,22.01,99.9,70.08,2024.0,11
2024-11-17 03:00:00,7708,21.38,100.0,21.92,99.9,68.56,2024.0,11
2024-11-17 04:00:00,7709,21.38,100.0,21.89,99.9,72.14,2024.0,11
2024-11-17 05:00:00,7710,21.61,100.0,22.08,99.9,69.55,2024.0,11
2024-11-17 06:00:00,7711,22.38,99.96,22.76,99.9,78.81,2024.0,11
2024-11-17 07:00:00,7712,26.34,87.73,27.0,98.82,73.56,2024.0,11
2024-11-17 08:00:00,7713,29.78,72.73,33.55,63.74,60.1,2024.0,11
2024-11-17 09:00:00,7714,31.79,66.3,34.64,49.52,50.23,2024.0,11
2024-11-17 10:00:00,7715,31.72,64.46,34.58,44.48,47.2,2024.0,11
2024-11-17 11:00:00,7716,30.81,66.3,31.56,62.67,53.9,2024.0,11
2024-11-17 12:00:00,7717,29.91,74.07,28.12,99.9,72.57,2024.0,11
2024-11-17 13:00:00,7718,29.58,74.88,28.65,98.87,55.59,2024.0,11
2024-11-17 14:00:00,7719,28.64,77.78,29.14,99.28,49.13,2024.0,11
2024-11-17 15:00:00,7720,23.75,94.33,24.89,99.87,16.64,2024.0,11
2024-11-17 16:00:00,7721,22.24,100.0,23.42,99.9,7.73,2024.0,11
2024-11-17 17:00:00,7722,22.38,100.0,23.54,99.9,29.06,2024.0,11
2024-11-17 18:00:00,7723,22.29,100.0,23.42,99.9,37.05,2024.0,11
2024-11-17 19:00:00,7724,22.19,100.0,23.21,99.9,35.04,2024.0,11
2024-11-17 20:00:00,7725,22.38,100.0,23.4,99.9,47.32,2024.0,11
2024-11-17 21:00:00,7726,22.54,100.0,23.57,99.9,42.53,2024.0,11
2024-11-17 22:00:00,7727,22.47,100.0,23.41,99.9,44.11,2024.0,11
2024-11-17 23:00:00,7728,22.3,100.0,23.21,99.9,56.08,2024.0,11
2024-11-18 00:00:00,7729,22.19,100.0,23.01,99.9,53.26,2024.0,11
2024-11-18 01:00:00,7730,22.12,100.0,22.87,99.9,51.47,2024.0,11
2024-11-18 02:00:00,7731,22.09,100.0,22.91,99.9,50.23,2024.0,11
2024-11-18 03:00:00,7732,21.92,100.0,22.75,99.9,48.93,2024.0,11
2024-11-18 04:00:00,7733,21.54,100.0,22.38,99.9,44.98,2024.0,11
2024-11-18 05:00:00,7734,21.47,100.0,22.22,99.9,47.7,2024.0,11
2024-11-18 06:00:00,7735,22.45,100.0,23.12,99.9,49.49,2024.0,11
2024-11-18 07:00:00,7736,25.92,99.96,27.81,98.41,42.16,2024.0,11
2024-11-18 08:00:00,7737,28.31,82.62,31.71,83.58,44.03,2024.0,11
2024-11-18 09:00:00,7738,31.22,67.68,34.76,48.0,19.7,2024.0,11
2024-11-18 10:00:00,7739,31.74,63.2,34.38,39.99,16.14,2024.0,11
2024-11-18 11:00:00,7740,34.31,57.83,36.12,32.63,25.52,2024.0,11
2024-11-18 13:00:00,7742,30.6,70.66,29.58,93.06,38.21,2024.0,11
2024-11-18 14:00:00,7743,25.43,91.6,26.1,99.07,31.75,2024.0,11
2024-11-18 15:00:00,7744,22.86,100.0,24.21,99.9,28.1,2024.0,11
2024-11-18 16:00:00,7745,22.33,100.0,23.46,99.9,24.79,2024.0,11
2024-11-18 17:00:00,7746,22.24,100.0,23.62,99.9,30.37,2024.0,11
2024-11-18 18:00:00,7747,22.01,100.0,23.33,99.9,29.06,2024.0,11
2024-11-18 19:00:00,7748,22.09,100.0,23.42,99.9,32.0,2024.0,11
2024-11-18 20:00:00,7749,22.61,100.0,23.61,99.9,36.6,2024.0,11
2024-11-18 21:00:00,7750,22.57,100.0,23.51,99.9,41.79,2024.0,11
2024-11-18 22:00:00,7751,22.6,100.0,23.56,99.9,51.95,2024.0,11
2024-11-18 23:00:00,7752,22.51,100.0,23.38,99.9,57.32,2024.0,11
2024-11-19 00:00:00,7753,22.34,100.0,23.22,99.9,59.76,2024.0,11
2024-11-19 01:00:00,7754,22.25,100.0,23.05,99.9,75.55,2024.0,11
2024-11-19 02:00:00,7755,22.01,100.0,22.79,99.9,81.83,2024.0,11
2024-11-19 03:00:00,7756,22.07,100.0,22.79,99.9,64.72,2024.0,11
2024-11-19 04:00:00,7757,22.1,100.0,22.72,99.9,59.58,2024.0,11
2024-11-19 05:00:00,7758,22.16,100.0,22.68,99.9,52.84,2024.0,11
2024-11-19 06:00:00,7759,23.78,97.66,24.21,99.9,50.34,2024.0,11
2024-11-19 07:00:00,7760,27.62,84.04,29.02,95.73,58.78,2024.0,11
2024-11-19 08:00:00,7761,31.46,69.61,34.14,58.96,58.7,2024.0,11
2024-11-19 09:00:00,7762,34.15,60.05,36.04,35.92,49.04,2024.0,11
2024-11-19 10:00:00,7763,37.01,51.99,38.18,22.44,43.43,2024.0,11
2024-11-19 11:00:00,7764,34.2,56.76,36.53,24.67,48.0,2024.0,11
2024-11-19 12:00:00,7765,28.21,78.77,28.18,92.17,46.55,2024.0,11
2024-11-19 13:00:00,7766,23.09,98.85,24.43,99.9,36.09,2024.0,11
2024-11-19 14:00:00,7767,23.57,100.0,25.45,99.9,33.68,2024.0,11
2024-11-19 15:00:00,7768,23.6,100.0,25.3,99.9,33.77,2024.0,11
2024-11-19 16:00:00,7769,23.15,100.0,24.7,99.9,32.61,2024.0,11
2024-11-19 17:00:00,7770,22.03,100.0,23.39,99.9,28.03,2024.0,11
2024-11-19 18:00:00,7771,21.85,100.0,22.9,99.9,26.31,2024.0,11
2024-11-19 19:00:00,7772,21.77,100.0,22.74,99.9,19.94,2024.0,11
2024-11-19 20:00:00,7773,21.77,100.0,22.64,99.9,31.53,2024.0,11
2024-11-19 21:00:00,7774,21.8,100.0,22.74,99.9,28.65,2024.0,11
2024-11-19 22:00:00,7775,21.86,100.0,22.81,99.9,23.7,2024.0,11
2024-11-19 23:00:00,7776,21.75,100.0,22.67,99.9,29.73,2024.0,11
2024-11-20 00:00:00,7777,21.64,100.0,22.45,99.9,37.3,2024.0,11
2024-11-20 01:00:00,7778,21.46,100.0,22.14,99.9,51.19,2024.0,11
2024-11-20 02:00:00,7779,21.32,100.0,22.01,99.9,42.12,2024.0,11
2024-11-20 03:00:00,7780,21.34,100.0,22.04,99.9,43.15,2024.0,11
2024-11-20 04:00:00,7781,21.4,100.0,22.14,99.9,41.01,2024.0,11
2024-11-20 05:00:00,7782,21.54,100.0,22.27,99.9,43.87,2024.0,11
2024-11-20 06:00:00,7783,22.55,100.0,23.57,99.9,42.21,2024.0,11
2024-11-20 07:00:00,7784,25.12,100.0,28.01,98.5,44.77,2024.0,11
2024-11-20 08:00:00,7785,28.97,87.71,32.79,71.7,45.69,2024.0,11
2024-11-20 09:00:00,7786,31.45,68.75,34.14,51.42,45.33,2024.0,11
2024-11-20 10:00:00,7787,34.11,58.34,36.48,28.44,29.72,2024.0,11
2024-11-20 11:00:00,7788,34.03,56.08,36.08,24.77,24.77,2024.0,11
2024-11-20 12:00:00,7789,32.68,66.84,30.34,90.79,54.27,2024.0,11
2024-11-20 13:00:00,7790,31.34,68.4,29.12,96.21,44.76,2024.0,11
2024-11-20 14:00:00,7791,28.77,78.36,28.7,91.56,32.59,2024.0,11
2024-11-20 17:00:00,7794,23.17,100.0,24.49,99.9,35.55,2024.0,11
2024-11-20 18:00:00,7795,22.67,100.0,24.08,99.9,34.38,2024.0,11
2024-11-21 07:00:00,7808,25.26,100.0,28.11,99.87,39.6,2024.0,11
2024-11-21 08:00:00,7809,27.9,98.51,32.07,85.17,40.96,2024.0,11
2024-11-21 09:00:00,7810,31.29,70.03,35.68,40.61,43.35,2024.0,11
2024-11-21 10:00:00,7811,32.45,62.88,35.47,30.52,32.2,2024.0,11
2024-11-21 11:00:00,7812,32.1,63.24,34.28,36.18,30.14,2024.0,11
2024-11-21 12:00:00,7813,28.75,77.78,28.68,88.42,47.64,2024.0,11
2024-11-21 13:00:00,7814,27.9,82.77,26.77,99.9,40.55,2024.0,11
2024-11-21 14:00:00,7815,25.46,91.98,25.44,99.9,40.53,2024.0,11
2024-11-21 15:00:00,7816,23.72,96.56,24.72,99.9,35.67,2024.0,11
2024-11-21 16:00:00,7817,22.09,100.0,23.13,99.9,25.0,2024.0,11
2024-11-21 17:00:00,7818,22.08,100.0,23.2,99.9,26.73,2024.0,11
2024-11-21 18:00:00,7819,22.11,100.0,23.22,99.9,32.54,2024.0,11
2024-11-21 19:00:00,7820,22.08,100.0,23.05,99.9,39.6,2024.0,11
2024-11-21 20:00:00,7821,22.34,100.0,23.33,99.9,34.55,2024.0,11
2024-11-21 21:00:00,7822,22.38,100.0,23.39,99.9,39.06,2024.0,11
2024-11-21 22:00:00,7823,22.24,100.0,23.22,99.9,49.26,2024.0,11
2024-11-21 23:00:00,7824,22.2,100.0,23.07,99.9,65.44,2024.0,11
2024-11-22 00:00:00,7825,22.17,100.0,23.02,99.9,65.56,2024.0,11
2024-11-22 01:00:00,7826,21.96,100.0,22.79,99.9,60.37,2024.0,11
2024-11-22 02:00:00,7827,21.83,100.0,22.64,99.9,54.52,2024.0,11
2024-11-22 03:00:00,7828,21.79,100.0,22.59,99.9,59.16,2024.0,11
2024-11-22 04:00:00,7829,21.94,100.0,22.69,99.9,54.98,2024.0,11
2024-11-22 05:00:00,7830,21.72,100.0,22.59,99.9,50.99,2024.0,11
2024-11-22 06:00:00,7831,22.16,100.0,23.0,99.9,64.32,2024.0,11
2024-11-22 07:00:00,7832,24.15,100.0,25.6,99.9,55.41,2024.0,11
2024-11-22 08:00:00,7833,26.26,92.34,28.32,99.71,52.48,2024.0,11
2024-11-22 09:00:00,7834,29.41,75.28,32.92,64.91,55.03,2024.0,11
2024-11-22 10:00:00,7835,32.45,63.43,35.5,30.86,37.33,2024.0,11
2024-11-22 11:00:00,7836,31.99,63.77,33.88,36.84,35.5,2024.0,11
2024-11-22 12:00:00,7837,33.75,59.55,34.99,29.92,40.97,2024.0,11
2024-11-22 13:00:00,7838,35.38,55.61,37.2,19.84,36.1,2024.0,11
2024-11-22 14:00:00,7839,30.66,70.83,29.0,91.34,51.2,2024.0,11
2024-11-25 12:00:00,7909,35.69,,30.8,47.14,24.04,2024.0,11
2024-11-25 13:00:00,7910,35.75,,33.97,56.07,33.8,2024.0,11
2024-11-25 14:00:00,7911,31.23,72.67,30.55,70.9,34.95,2024.0,11
2024-11-25 15:00:00,7912,27.61,99.0,27.81,80.57,31.27,2024.0,11
2024-11-25 16:00:00,7913,27.07,99.0,26.86,83.4,31.24,2024.0,11
2024-11-25 17:00:00,7914,25.78,99.0,25.38,86.44,26.33,2024.0,11
2024-11-25 18:00:00,7915,24.72,99.0,24.26,95.17,31.56,2024.0,11
2024-11-25 19:00:00,7916,24.61,99.0,24.15,96.97,34.19,2024.0,11
2024-11-25 20:00:00,7917,24.15,99.0,23.51,98.48,33.92,2024.0,11
2024-11-25 21:00:00,7918,23.25,99.0,22.27,100.0,34.86,2024.0,11
2024-11-25 22:00:00,7919,23.11,99.0,22.27,100.0,30.28,2024.0,11
2024-11-25 23:00:00,7920,23.29,99.0,22.33,100.0,30.95,2024.0,11
2024-11-26 00:00:00,7921,23.2,99.0,22.25,100.0,32.9,2024.0,11
2024-11-26 01:00:00,7922,23.19,99.0,22.4,100.0,32.82,2024.0,11
2024-11-26 02:00:00,7923,23.13,99.0,22.3,100.0,36.07,2024.0,11
2024-11-26 03:00:00,7924,23.05,99.0,22.29,100.0,38.68,2024.0,11
2024-11-26 04:00:00,7925,23.12,99.0,22.38,100.0,41.43,2024.0,11
2024-11-26 05:00:00,7926,23.16,99.0,22.43,100.0,41.67,2024.0,11
2024-11-26 06:00:00,7927,25.26,99.0,24.0,100.0,49.27,2024.0,11
2024-11-26 07:00:00,7928,30.69,74.9,27.13,99.9,48.78,2024.0,11
2024-11-26 08:00:00,7929,33.13,41.03,29.65,79.5,49.4,2024.0,11
2024-11-26 09:00:00,7930,36.14,,33.43,64.33,42.8,2024.0,11
2024-11-26 10:00:00,7931,38.2,,35.57,53.83,18.2,2024.0,11
2024-11-26 11:00:00,7932,37.67,,35.29,52.73,11.43,2024.0,11
2024-11-26 12:00:00,7933,35.67,,32.99,50.89,28.8,2024.0,11
2024-11-26 13:00:00,7934,26.35,83.04,24.06,76.21,31.92,2024.0,11
2024-11-26 14:00:00,7935,23.54,90.6,22.56,99.77,21.55,2024.0,11
2024-11-26 15:00:00,7936,27.24,81.5,25.0,99.97,31.48,2024.0,11
2024-11-26 16:00:00,7937,27.57,77.8,25.26,99.7,41.65,2024.0,11
2024-11-26 17:00:00,7938,24.98,85.73,24.23,100.0,33.14,2024.0,11
2024-11-26 18:00:00,7939,24.68,86.17,24.6,94.27,32.38,2024.0,11
2024-11-26 19:00:00,7940,24.59,87.97,24.65,95.0,36.76,2024.0,11
2024-11-26 20:00:00,7941,24.33,88.13,24.26,95.57,37.41,2024.0,11
2024-11-26 21:00:00,7942,23.87,91.27,23.76,99.27,45.16,2024.0,11
2024-11-26 22:00:00,7943,23.7,90.67,23.71,97.8,29.01,2024.0,11
2024-11-26 23:00:00,7944,23.53,92.5,23.48,98.93,29.37,2024.0,11
2024-11-27 00:00:00,7945,23.26,93.43,23.12,99.93,53.31,2024.0,11
2024-11-27 01:00:00,7946,22.84,93.2,22.73,99.47,49.78,2024.0,11
2024-11-27 02:00:00,7947,22.47,93.5,22.43,99.2,46.79,2024.0,11
2024-11-27 03:00:00,7948,22.35,93.2,22.16,99.47,43.35,2024.0,11
2024-11-27 04:00:00,7949,22.06,94.23,21.96,99.97,38.61,2024.0,11
2024-11-27 05:00:00,7950,22.19,94.47,22.21,100.0,35.33,2024.0,11
2024-11-27 06:00:00,7951,24.67,88.13,25.16,92.27,42.37,2024.0,11
2024-11-27 07:00:00,7952,28.68,76.03,28.49,81.0,54.9,2024.0,11
2024-11-27 08:00:00,7953,32.44,63.27,30.11,74.63,50.43,2024.0,11
2024-11-27 09:00:00,7954,33.69,58.37,32.57,66.63,40.53,2024.0,11
2024-11-27 10:00:00,7955,33.8,58.0,32.77,66.0,40.0,2024.0,11
2024-11-27 11:00:00,7956,33.8,58.0,32.77,66.0,40.0,2024.0,11
2024-11-27 12:00:00,7957,33.8,58.0,32.77,66.0,40.0,2024.0,11
2024-11-27 13:00:00,7958,33.8,58.0,32.77,66.0,40.0,2024.0,11
2024-11-27 14:00:00,7959,33.8,58.0,32.77,66.0,40.0,2024.0,11
2024-11-27 15:00:00,7960,33.8,58.0,32.77,66.0,40.0,2024.0,11
2024-11-27 16:00:00,7961,32.64,61.7,31.67,69.4,38.81,2024.0,11
2024-11-27 17:00:00,7962,22.27,95.8,21.79,100.0,29.52,2024.0,11
2024-11-27 18:00:00,7963,22.54,95.57,21.94,100.0,39.08,2024.0,11
2024-11-27 19:00:00,7964,22.56,96.0,22.06,100.0,45.29,2024.0,11
2024-11-27 20:00:00,7965,22.68,95.83,22.16,100.0,40.69,2024.0,11
2024-11-27 21:00:00,7966,22.65,95.13,22.04,100.0,28.32,2024.0,11
2024-11-27 22:00:00,7967,22.55,96.17,22.02,100.0,32.58,2024.0,11
2024-11-27 23:00:00,7968,22.26,96.97,21.84,100.0,48.89,2024.0,11
2024-11-28 00:00:00,7969,22.15,97.67,21.74,100.0,45.9,2024.0,11
2024-11-28 01:00:00,7970,22.03,98.03,21.68,100.0,68.7,2024.0,11
2024-11-28 02:00:00,7971,21.92,98.17,21.54,100.0,67.22,2024.0,11
2024-11-28 03:00:00,7972,21.92,98.0,21.56,100.0,47.21,2024.0,11
2024-11-28 04:00:00,7973,21.95,98.33,21.61,100.0,51.23,2024.0,11
2024-11-28 05:00:00,7974,22.04,98.73,21.72,100.0,54.36,2024.0,11
2024-11-28 06:00:00,7975,22.61,97.13,22.28,100.0,56.17,2024.0,11
2024-11-28 07:00:00,7976,26.99,82.17,25.87,100.0,56.41,2024.0,11
2024-11-28 08:00:00,7977,31.49,67.33,29.27,87.97,63.43,2024.0,11
2024-11-28 09:00:00,7978,33.49,59.28,32.14,67.45,54.17,2024.0,11
2024-11-28 10:00:00,7979,32.66,58.6,31.69,66.4,42.4,2024.0,11
2024-11-28 11:00:00,7980,28.46,68.03,30.42,68.23,30.63,2024.0,11
2024-11-28 12:00:00,7981,29.17,65.63,31.2,65.77,25.33,2024.0,11
2024-11-28 13:00:00,7982,26.15,76.57,25.45,86.03,17.96,2024.0,11
2024-11-28 14:00:00,7983,22.44,91.3,21.39,100.0,16.33,2024.0,11
2024-11-28 15:00:00,7984,22.5,92.7,21.58,100.0,15.45,2024.0,11
2024-11-28 16:00:00,7985,22.43,94.6,21.7,100.0,18.36,2024.0,11
2024-11-28 17:00:00,7986,22.18,95.2,21.53,100.0,22.22,2024.0,11
2024-11-28 18:00:00,7987,21.9,96.0,21.36,100.0,30.04,2024.0,11
2024-11-28 19:00:00,7988,22.14,96.0,21.6,100.0,31.02,2024.0,11
2024-11-28 20:00:00,7989,22.31,96.3,21.76,100.0,33.34,2024.0,11
2024-11-28 21:00:00,7990,22.01,97.8,21.64,100.0,48.06,2024.0,11
2024-11-28 22:00:00,7991,22.0,98.5,21.68,100.0,45.94,2024.0,11
2024-11-28 23:00:00,7992,22.02,98.0,21.61,100.0,44.56,2024.0,11
2024-11-29 00:00:00,7993,21.93,96.93,21.32,100.0,30.78,2024.0,11
2024-11-29 01:00:00,7994,21.64,97.6,21.21,100.0,42.05,2024.0,11
2024-11-29 02:00:00,7995,21.64,98.0,21.24,100.0,41.72,2024.0,11
2024-11-29 03:00:00,7996,21.77,97.6,21.29,100.0,42.79,2024.0,11
2024-11-29 04:00:00,7997,21.69,97.17,21.18,100.0,35.38,2024.0,11
2024-11-29 05:00:00,7998,21.86,97.03,21.36,100.0,37.1,2024.0,11
2024-11-29 06:00:00,7999,23.8,92.1,23.35,100.0,43.53,2024.0,11
2024-11-29 07:00:00,8000,28.0,78.03,26.96,99.97,51.27,2024.0,11
2024-11-29 08:00:00,8001,30.63,67.33,31.07,90.17,52.4,2024.0,11
2024-11-29 09:00:00,8002,32.28,58.4,31.76,64.03,36.03,2024.0,11
2024-11-29 10:00:00,8003,31.34,55.53,30.63,61.57,3.87,2024.0,11
2024-11-29 11:00:00,8004,31.82,54.33,31.25,60.57,1.47,2024.0,11
2024-11-29 12:00:00,8005,33.18,50.73,32.58,57.07,0.13,2024.0,11
2024-11-29 13:00:00,8006,34.04,48.37,33.05,55.57,3.8,2024.0,11
2024-11-29 14:00:00,8007,31.76,52.4,31.22,59.63,6.2,2024.0,11
2024-11-29 15:00:00,8008,30.84,55.4,30.43,62.63,14.1,2024.0,11
2024-11-29 16:00:00,8009,28.9,59.53,28.94,66.0,7.27,2024.0,11
2024-11-29 17:00:00,8010,27.66,63.27,27.72,69.47,21.13,2024.0,11
2024-11-29 18:00:00,8011,26.9,65.73,26.94,72.17,15.17,2024.0,11
2024-11-29 19:00:00,8012,26.04,73.23,26.03,79.33,34.8,2024.0,11
2024-11-29 20:00:00,8013,24.44,81.33,24.5,87.7,22.96,2024.0,11
2024-11-29 21:00:00,8014,24.27,81.03,24.16,87.57,27.11,2024.0,11
2024-11-29 22:00:00,8015,24.06,81.77,24.11,87.9,39.15,2024.0,11
2024-11-29 23:00:00,8016,23.91,79.37,23.76,85.8,32.87,2024.0,11
2024-11-30 00:00:00,8017,23.56,80.83,23.52,86.17,34.68,2024.0,11
2024-11-30 01:00:00,8018,23.09,82.87,23.12,87.43,20.7,2024.0,11
2024-11-30 02:00:00,8019,23.15,83.8,23.16,88.63,15.1,2024.0,11
2024-11-30 03:00:00,8020,22.86,86.1,22.83,91.33,22.91,2024.0,11
2024-11-30 04:00:00,8021,22.6,87.9,22.49,93.5,23.65,2024.0,11
2024-11-30 05:00:00,8022,22.5,89.7,22.3,95.97,31.78,2024.0,11
2024-11-30 06:00:00,8023,23.93,85.1,24.22,89.53,33.68,2024.0,11
2024-11-30 07:00:00,8024,27.15,75.27,26.88,80.77,53.43,2024.0,11
2024-11-30 08:00:00,8025,32.64,59.43,33.18,62.9,54.6,2024.0,11
2024-11-30 09:00:00,8026,37.92,46.97,36.65,53.17,51.7,2024.0,11
2024-11-30 10:00:00,8027,35.5,46.03,33.24,55.8,34.17,2024.0,11
2024-11-30 11:00:00,8028,32.55,51.2,33.98,54.13,27.27,2024.0,11
2024-11-30 12:00:00,8029,32.59,52.43,34.12,55.37,13.77,2024.0,11
2024-11-30 13:00:00,8030,30.89,56.23,31.21,63.2,12.47,2024.0,11
2024-11-30 14:00:00,8031,25.02,84.23,23.4,99.73,19.83,2024.0,11
2024-11-30 15:00:00,8032,24.36,87.93,23.17,100.0,23.2,2024.0,11
2024-11-30 16:00:00,8033,24.03,88.43,22.98,100.0,21.91,2024.0,11
2024-11-30 17:00:00,8034,23.52,90.17,22.68,100.0,21.71,2024.0,11
2024-11-30 18:00:00,8035,23.29,92.07,22.75,100.0,27.72,2024.0,11
2024-11-30 19:00:00,8036,23.55,92.0,22.95,100.0,32.79,2024.0,11
2024-11-30 20:00:00,8037,23.54,92.23,22.93,100.0,37.74,2024.0,11
2024-11-30 21:00:00,8038,23.22,94.33,22.73,100.0,40.62,2024.0,11
2024-11-30 22:00:00,8039,22.96,95.53,22.56,100.0,59.36,2024.0,11
2024-11-30 23:00:00,8040,22.78,93.4,22.41,100.0,44.44,2024.0,11
2024-12-01 00:00:00,8041,22.93,90.67,22.67,98.27,37.36,2024.0,12
2024-12-01 01:00:00,8042,22.72,93.43,22.53,99.7,55.03,2024.0,12
2024-12-01 02:00:00,8043,22.5,96.0,22.32,100.0,56.84,2024.0,12
2024-12-01 03:00:00,8044,22.3,96.23,22.21,100.0,49.45,2024.0,12
2024-12-01 04:00:00,8045,22.08,96.2,21.84,100.0,56.1,2024.0,12
2024-12-01 05:00:00,8046,21.98,97.13,21.92,100.0,67.4,2024.0,12
2024-12-01 06:00:00,8047,23.01,93.27,22.96,98.73,75.13,2024.0,12
2024-12-01 07:00:00,8048,24.94,86.57,24.49,94.3,71.89,2024.0,12
2024-12-01 08:00:00,8049,30.22,70.7,30.62,73.77,68.4,2024.0,12
2024-12-01 09:00:00,8050,,59.77,31.63,69.0,59.9,2024.0,12
2024-12-01 10:00:00,8051,,53.1,33.75,63.13,53.23,2024.0,12
2024-12-01 11:00:00,8052,,51.3,34.46,58.83,28.03,2024.0,12
2024-12-01 12:00:00,8053,32.14,57.93,32.98,62.43,21.17,2024.0,12
2024-12-01 13:00:00,8054,29.71,65.2,31.45,67.23,18.43,2024.0,12
2024-12-01 14:00:00,8055,25.85,82.1,24.69,93.47,17.7,2024.0,12
2024-12-01 15:00:00,8056,22.88,92.8,22.12,100.0,15.63,2024.0,12
2024-12-01 16:00:00,8057,22.32,93.77,21.63,100.0,16.04,2024.0,12
2024-12-01 17:00:00,8058,22.46,94.87,21.85,100.0,20.03,2024.0,12
2024-12-01 18:00:00,8059,22.52,95.5,21.9,100.0,23.45,2024.0,12
2024-12-01 19:00:00,8060,22.6,95.23,21.88,100.0,31.27,2024.0,12
2024-12-01 20:00:00,8061,22.55,96.37,21.98,100.0,38.15,2024.0,12
2024-12-01 21:00:00,8062,22.59,95.7,21.97,100.0,32.79,2024.0,12
2024-12-01 22:00:00,8063,22.79,95.63,22.13,100.0,37.21,2024.0,12
2024-12-01 23:00:00,8064,22.78,96.0,22.25,100.0,34.95,2024.0,12
2024-12-02 00:00:00,8065,22.55,96.53,22.01,100.0,37.63,2024.0,12
2024-12-02 01:00:00,8066,22.34,97.5,21.79,100.0,36.63,2024.0,12
2024-12-02 02:00:00,8067,22.17,98.0,21.71,100.0,39.46,2024.0,12
2024-12-02 03:00:00,8068,22.07,98.6,21.79,100.0,41.72,2024.0,12
2024-12-02 04:00:00,8069,22.18,98.23,21.9,100.0,35.6,2024.0,12
2024-12-02 05:00:00,8070,22.26,97.5,21.89,100.0,34.06,2024.0,12
2024-12-02 06:00:00,8071,22.39,97.37,22.12,100.0,46.07,2024.0,12
2024-12-02 07:00:00,8072,24.91,88.27,24.55,100.0,40.59,2024.0,12
2024-12-02 08:00:00,8073,28.72,74.5,27.45,90.63,49.93,2024.0,12
2024-12-02 09:00:00,8074,32.11,64.07,31.49,70.2,53.6,2024.0,12
2024-12-02 10:00:00,8075,29.07,70.17,27.63,79.7,52.2,2024.0,12
2024-12-02 11:00:00,8076,27.86,75.9,26.96,84.13,58.67,2024.0,12
2024-12-02 12:00:00,8077,27.72,77.0,26.92,85.23,75.0,2024.0,12
2024-12-02 13:00:00,8078,27.57,77.5,26.77,85.73,60.53,2024.0,12
2024-12-02 14:00:00,8079,25.67,83.07,25.24,91.47,35.53,2024.0,12
2024-12-02 15:00:00,8080,24.8,84.8,24.61,92.17,33.97,2024.0,12
2024-12-02 16:00:00,8081,26.07,77.93,25.66,84.3,37.9,2024.0,12
2024-12-02 17:00:00,8082,25.51,79.17,24.89,86.8,34.79,2024.0,12
2024-12-02 18:00:00,8083,23.95,83.9,23.75,90.77,43.06,2024.0,12
2024-12-02 19:00:00,8084,23.95,86.17,23.9,92.63,60.97,2024.0,12
2024-12-02 20:00:00,8085,23.89,85.8,23.75,92.27,34.95,2024.0,12
2024-12-02 21:00:00,8086,23.67,83.7,23.47,89.87,24.08,2024.0,12
2024-12-02 22:00:00,8087,23.56,86.43,23.5,92.0,27.58,2024.0,12
2024-12-02 23:00:00,8088,23.29,87.6,23.16,93.03,39.24,2024.0,12
2024-12-03 00:00:00,8089,23.27,84.63,23.31,89.07,21.66,2024.0,12
2024-12-03 01:00:00,8090,23.19,84.87,23.16,89.8,22.76,2024.0,12
2024-12-03 02:00:00,8091,23.02,86.4,22.82,92.03,27.31,2024.0,12
2024-12-03 03:00:00,8092,22.85,87.13,22.79,92.23,17.69,2024.0,12
2024-12-03 04:00:00,8093,22.7,88.57,22.65,93.67,10.79,2024.0,12
2024-12-03 05:00:00,8094,22.46,90.93,22.27,96.83,19.76,2024.0,12
2024-12-03 06:00:00,8095,24.49,84.9,24.07,91.57,30.44,2024.0,12
2024-12-03 07:00:00,8096,24.89,82.77,24.72,88.8,31.42,2024.0,12
2024-12-03 08:00:00,8097,25.96,79.73,25.96,84.93,36.78,2024.0,12
2024-12-03 09:00:00,8098,27.68,73.27,26.95,80.37,41.7,2024.0,12
2024-12-03 10:00:00,8099,27.07,70.5,26.65,76.97,10.23,2024.0,12
2024-12-03 11:00:00,8100,27.23,70.23,28.38,72.5,32.73,2024.0,12
2024-12-03 12:00:00,8101,26.86,73.9,28.09,75.5,25.17,2024.0,12
2024-12-03 13:00:00,8102,24.01,85.93,23.56,94.2,13.33,2024.0,12
2024-12-03 14:00:00,8103,23.04,92.2,22.31,100.0,23.61,2024.0,12
2024-12-03 15:00:00,8104,24.3,86.2,22.95,100.0,18.51,2024.0,12
2024-12-03 16:00:00,8105,23.3,87.3,22.31,100.0,19.94,2024.0,12
2024-12-03 17:00:00,8106,22.87,89.77,22.18,100.0,17.93,2024.0,12
2024-12-03 18:00:00,8107,22.27,93.0,21.73,100.0,21.86,2024.0,12
2024-12-03 19:00:00,8108,21.88,95.3,21.46,100.0,26.76,2024.0,12
2024-12-03 20:00:00,8109,21.52,97.07,21.2,100.0,22.18,2024.0,12
2024-12-03 21:00:00,8110,21.58,96.2,21.01,100.0,20.3,2024.0,12
2024-12-03 22:00:00,8111,21.6,96.27,21.03,100.0,27.18,2024.0,12
2024-12-03 23:00:00,8112,21.61,96.83,21.11,100.0,36.14,2024.0,12
2024-12-04 00:00:00,8113,21.53,97.13,21.05,100.0,32.54,2024.0,12
2024-12-04 01:00:00,8114,21.58,97.0,20.97,100.0,41.85,2024.0,12
2024-12-04 02:00:00,8115,21.56,97.0,21.02,100.0,42.63,2024.0,12
2024-12-04 03:00:00,8116,21.47,97.0,20.91,100.0,29.64,2024.0,12
2024-12-04 04:00:00,8117,21.41,97.73,20.92,100.0,29.95,2024.0,12
2024-12-04 05:00:00,8118,21.37,97.73,20.87,100.0,28.77,2024.0,12
2024-12-04 06:00:00,8119,21.4,97.9,20.94,100.0,27.89,2024.0,12
2024-12-04 07:00:00,8120,21.85,97.5,21.47,100.0,29.7,2024.0,12
2024-12-04 08:00:00,8121,23.63,90.8,22.32,100.0,21.31,2024.0,12
2024-12-04 09:00:00,8122,24.11,88.9,22.76,100.0,26.64,2024.0,12
2024-12-04 10:00:00,8123,23.67,90.8,22.99,100.0,36.16,2024.0,12
2024-12-04 11:00:00,8124,23.74,89.67,23.66,100.0,27.89,2024.0,12
2024-12-04 12:00:00,8125,24.0,88.2,23.74,100.0,20.59,2024.0,12
2024-12-04 13:00:00,8126,24.92,85.0,25.54,95.67,20.3,2024.0,12
2024-12-04 14:00:00,8127,24.93,84.43,25.7,88.0,14.36,2024.0,12
2024-12-04 15:00:00,8128,23.13,91.7,23.86,95.37,23.72,2024.0,12
2024-12-04 16:00:00,8129,23.18,91.57,23.46,96.77,22.91,2024.0,12
2024-12-04 17:00:00,8130,23.05,89.97,23.22,94.87,25.15,2024.0,12
2024-12-04 18:00:00,8131,22.63,90.23,22.64,95.6,14.99,2024.0,12
2024-12-04 19:00:00,8132,22.45,91.23,22.29,97.37,13.69,2024.0,12
2024-12-04 20:00:00,8133,22.42,92.93,22.12,99.63,32.92,2024.0,12
2024-12-04 21:00:00,8134,22.16,93.93,22.12,99.87,60.79,2024.0,12
2024-12-04 22:00:00,8135,21.97,95.13,21.87,100.0,48.11,2024.0,12
2024-12-04 23:00:00,8136,22.01,94.03,22.02,100.0,42.37,2024.0,12
2024-12-05 00:00:00,8137,21.98,94.9,21.74,100.0,45.94,2024.0,12
2024-12-05 01:00:00,8138,21.88,95.03,21.66,100.0,41.5,2024.0,12
2024-12-05 02:00:00,8139,21.67,96.23,21.45,100.0,53.58,2024.0,12
2024-12-05 03:00:00,8140,21.46,97.43,21.14,100.0,44.71,2024.0,12
2024-12-05 04:00:00,8141,21.61,97.4,21.52,100.0,48.98,2024.0,12
2024-12-05 05:00:00,8142,21.89,95.7,21.76,100.0,31.56,2024.0,12
2024-12-05 06:00:00,8143,23.16,92.57,23.09,98.1,36.67,2024.0,12
2024-12-05 07:00:00,8144,25.62,84.07,25.04,91.17,55.53,2024.0,12
2024-12-05 08:00:00,8145,28.36,74.37,27.52,80.83,35.73,2024.0,12
2024-12-05 09:00:00,8146,30.78,66.27,29.34,74.93,36.97,2024.0,12
2024-12-05 10:00:00,8147,,58.53,31.51,68.47,44.67,2024.0,12
2024-12-05 11:00:00,8148,30.49,64.17,31.63,67.03,42.87,2024.0,12
2024-12-05 12:00:00,8149,29.15,68.9,31.55,68.03,29.93,2024.0,12
2024-12-05 13:00:00,8150,27.77,73.93,30.25,72.1,28.57,2024.0,12
2024-12-05 14:00:00,8151,26.63,77.97,28.8,77.03,32.27,2024.0,12
2024-12-05 15:00:00,8152,26.15,80.27,28.45,78.4,20.47,2024.0,12
2024-12-05 16:00:00,8153,24.83,83.97,25.31,88.1,21.48,2024.0,12
2024-12-05 17:00:00,8154,24.28,86.7,24.53,92.0,23.83,2024.0,12
2024-12-05 18:00:00,8155,22.85,93.0,22.25,99.53,18.67,2024.0,12
2024-12-05 19:00:00,8156,22.26,95.2,21.69,100.0,23.12,2024.0,12
2024-12-05 20:00:00,8157,22.29,95.57,21.66,100.0,27.16,2024.0,12
2024-12-05 21:00:00,8158,22.44,95.43,21.65,100.0,28.23,2024.0,12
2024-12-05 22:00:00,8159,22.18,96.6,21.55,100.0,39.17,2024.0,12
2024-12-05 23:00:00,8160,22.26,97.0,21.68,100.0,26.42,2024.0,12
2024-12-06 00:00:00,8161,22.3,97.3,21.74,100.0,28.34,2024.0,12
2024-12-06 01:00:00,8162,22.18,97.97,21.68,100.0,34.08,2024.0,12
2024-12-06 02:00:00,8163,22.11,98.03,21.65,100.0,37.01,2024.0,12
2024-12-06 03:00:00,8164,21.83,98.0,21.43,100.0,37.34,2024.0,12
2024-12-06 04:00:00,8165,21.72,96.43,21.16,100.0,25.1,2024.0,12
2024-12-06 05:00:00,8166,21.66,96.07,21.15,100.0,18.11,2024.0,12
2024-12-06 06:00:00,8167,22.27,94.21,21.63,100.0,25.95,2024.0,12
2024-12-06 07:00:00,8168,22.95,91.82,22.22,100.0,31.71,2024.0,12
2024-12-06 08:00:00,8169,24.86,86.0,24.47,97.67,15.09,2024.0,12
2024-12-06 09:00:00,8170,26.46,78.5,28.29,77.53,20.42,2024.0,12
2024-12-06 10:00:00,8171,27.69,73.0,29.8,71.0,14.4,2024.0,12
2024-12-06 11:00:00,8172,28.9,69.47,31.58,66.37,14.47,2024.0,12
2024-12-06 12:00:00,8173,30.03,66.8,30.92,69.2,19.83,2024.0,12
2024-12-06 13:00:00,8174,29.0,70.23,30.14,71.9,24.1,2024.0,12
2024-12-06 14:00:00,8175,27.12,75.27,29.28,73.47,27.3,2024.0,12
2024-12-06 15:00:00,8176,25.32,79.27,26.19,81.17,22.72,2024.0,12
2024-12-06 16:00:00,8177,24.67,80.13,25.01,84.13,20.11,2024.0,12
2024-12-06 17:00:00,8178,24.01,82.4,24.14,87.43,18.25,2024.0,12
2024-12-06 18:00:00,8179,23.16,88.67,22.81,96.93,27.0,2024.0,12
2024-12-06 19:00:00,8180,23.19,88.83,23.21,94.23,27.89,2024.0,12
2024-12-06 20:00:00,8181,23.17,89.27,23.12,94.73,28.01,2024.0,12
2024-12-06 21:00:00,8182,23.14,89.5,22.97,95.4,29.61,2024.0,12
2024-12-06 22:00:00,8183,23.0,91.53,22.73,97.9,56.62,2024.0,12
2024-12-06 23:00:00,8184,23.0,92.07,22.68,98.67,49.47,2024.0,12
2024-12-07 00:00:00,8185,22.82,93.63,22.53,99.93,71.89,2024.0,12
2024-12-07 01:00:00,8186,22.64,94.33,22.33,100.0,69.64,2024.0,12
2024-12-07 02:00:00,8187,22.38,96.03,22.09,100.0,70.95,2024.0,12
2024-12-07 03:00:00,8188,22.43,96.4,22.19,100.0,,2024.0,12
2024-12-07 04:00:00,8189,22.34,96.4,22.08,100.0,57.26,2024.0,12
2024-12-07 05:00:00,8190,22.19,96.0,21.94,100.0,49.6,2024.0,12
2024-12-07 06:00:00,8191,22.72,94.73,22.99,98.83,67.22,2024.0,12
2024-12-07 07:00:00,8192,25.88,83.37,26.53,85.83,52.18,2024.0,12
2024-12-07 08:00:00,8193,31.46,64.47,29.53,73.87,50.27,2024.0,12
2024-12-07 09:00:00,8194,31.09,62.4,29.49,71.5,38.83,2024.0,12
2024-12-07 10:00:00,8195,30.67,62.13,31.31,65.93,33.3,2024.0,12
2024-12-07 11:00:00,8196,29.11,67.97,31.19,68.2,37.33,2024.0,12
2024-12-07 12:00:00,8197,27.84,73.07,29.69,73.1,36.97,2024.0,12
2024-12-07 13:00:00,8198,26.1,80.96,27.19,83.3,33.82,2024.0,12
2024-12-07 14:00:00,8199,26.64,79.13,27.33,82.53,43.23,2024.0,12
2024-12-07 15:00:00,8200,25.47,82.23,26.0,85.83,32.12,2024.0,12
2024-12-07 16:00:00,8201,25.36,80.1,25.54,84.6,36.26,2024.0,12
2024-12-07 17:00:00,8202,24.84,80.53,24.98,85.27,36.3,2024.0,12
2024-12-07 18:00:00,8203,24.44,81.1,24.64,85.83,43.08,2024.0,12
2024-12-07 19:00:00,8204,24.45,80.73,24.63,85.2,27.65,2024.0,12
2024-12-07 20:00:00,8205,24.2,83.1,24.2,88.73,35.0,2024.0,12
2024-12-07 21:00:00,8206,23.63,87.37,23.61,92.83,47.66,2024.0,12
2024-12-07 22:00:00,8207,23.47,88.33,23.36,93.57,56.95,2024.0,12
2024-12-07 23:00:00,8208,23.12,89.67,22.85,95.5,59.92,2024.0,12
2024-12-08 00:00:00,8209,22.84,91.13,22.51,97.63,73.12,2024.0,12
2024-12-08 01:00:00,8210,22.26,93.67,22.2,99.9,,2024.0,12
2024-12-08 02:00:00,8211,22.11,94.27,21.84,100.0,,2024.0,12
2024-12-08 03:00:00,8212,21.8,94.17,21.68,99.83,70.53,2024.0,12
2024-12-08 04:00:00,8213,22.05,92.13,21.92,98.0,53.06,2024.0,12
2024-12-08 05:00:00,8214,22.52,91.8,22.27,97.73,55.34,2024.0,12
2024-12-08 06:00:00,8215,23.66,89.27,23.5,95.2,75.38,2024.0,12
2024-12-08 07:00:00,8216,28.02,76.63,27.94,80.97,,2024.0,12
2024-12-08 08:00:00,8217,28.06,74.47,28.64,76.77,76.17,2024.0,12
2024-12-08 09:00:00,8218,28.23,73.0,28.99,75.2,32.6,2024.0,12
2024-12-08 10:00:00,8219,27.35,75.33,27.77,79.07,29.67,2024.0,12
2024-12-08 11:00:00,8220,27.86,74.37,28.59,76.9,31.87,2024.0,12
2024-12-08 12:00:00,8221,28.22,73.53,29.53,74.57,30.03,2024.0,12
2024-12-08 13:00:00,8222,28.78,70.63,31.31,68.77,25.2,2024.0,12
2024-12-08 14:00:00,8223,29.37,68.28,32.94,64.28,20.4,2024.0,12
2024-12-08 15:00:00,8224,30.04,65.93,32.74,64.3,26.73,2024.0,12
2024-12-08 16:00:00,8225,27.57,73.47,28.42,75.97,31.6,2024.0,12
2024-12-08 17:00:00,8226,26.52,78.73,26.87,83.0,34.41,2024.0,12
2024-12-08 18:00:00,8227,25.73,82.4,25.91,87.37,31.94,2024.0,12
2024-12-08 19:00:00,8228,25.38,84.33,25.54,89.77,35.2,2024.0,12
2024-12-08 20:00:00,8229,24.97,86.03,25.12,91.43,49.74,2024.0,12
2024-12-08 21:00:00,8230,24.64,88.17,24.55,95.0,58.31,2024.0,12
2024-12-08 22:00:00,8231,23.9,92.73,23.86,100.0,68.41,2024.0,12
2024-12-08 23:00:00,8232,23.79,92.57,23.72,99.33,59.56,2024.0,12
2024-12-09 00:00:00,8233,23.57,94.43,23.39,100.0,55.94,2024.0,12
2024-12-09 01:00:00,8234,23.67,92.53,23.48,99.9,45.11,2024.0,12
2024-12-09 02:00:00,8235,23.83,92.2,23.64,99.5,57.69,2024.0,12
2024-12-09 03:00:00,8236,22.81,91.03,22.68,97.2,31.69,2024.0,12
2024-12-09 04:00:00,8237,21.78,91.03,21.68,97.13,4.71,2024.0,12
2024-12-09 05:00:00,8238,21.73,94.37,21.64,99.8,20.08,2024.0,12
2024-12-09 06:00:00,8239,22.41,93.1,22.41,98.63,25.5,2024.0,12
2024-12-09 07:00:00,8240,25.11,83.7,25.04,88.57,27.66,2024.0,12
2024-12-09 08:00:00,8241,25.41,82.37,24.86,89.0,33.88,2024.0,12
2024-12-09 09:00:00,8242,27.43,76.33,27.2,81.33,57.74,2024.0,12
2024-12-09 10:00:00,8243,26.4,78.13,26.92,81.13,59.53,2024.0,12
2024-12-09 11:00:00,8244,26.9,78.7,27.43,82.7,47.65,2024.0,12
2024-12-09 12:00:00,8245,26.23,77.43,27.33,78.83,21.46,2024.0,12
2024-12-09 13:00:00,8246,23.71,85.17,25.06,85.7,21.62,2024.0,12
2024-12-09 14:00:00,8247,24.01,82.7,24.35,87.0,14.61,2024.0,12
2024-12-09 15:00:00,8248,23.89,82.73,23.97,88.43,15.14,2024.0,12
2024-12-09 16:00:00,8249,23.87,82.67,24.36,86.63,15.86,2024.0,12
2024-12-09 17:00:00,8250,23.59,83.57,23.63,88.37,21.08,2024.0,12
2024-12-09 18:00:00,8251,23.67,81.9,23.46,87.47,17.53,2024.0,12
2024-12-09 19:00:00,8252,23.4,84.37,23.23,89.63,33.59,2024.0,12
2024-12-09 20:00:00,8253,23.31,85.6,23.04,91.3,38.39,2024.0,12
2024-12-09 21:00:00,8254,22.95,88.73,22.73,94.63,71.67,2024.0,12
2024-12-09 22:00:00,8255,22.52,91.7,22.34,97.83,,2024.0,12
2024-12-09 23:00:00,8256,22.48,91.83,22.2,98.07,,2024.0,12
2024-12-10 00:00:00,8257,22.41,92.5,22.19,98.83,,2024.0,12
2024-12-10 01:00:00,8258,22.48,91.33,22.32,97.1,,2024.0,12
2024-12-10 02:00:00,8259,22.46,91.73,22.2,98.0,,2024.0,12
2024-12-10 03:00:00,8260,22.24,92.55,22.02,98.59,72.5,2024.0,12
2024-12-10 04:00:00,8261,22.35,91.87,22.22,97.43,53.13,2024.0,12
2024-12-10 05:00:00,8262,22.31,92.6,22.19,98.4,49.4,2024.0,12
2024-12-10 06:00:00,8263,23.3,89.77,23.14,95.1,72.96,2024.0,12
2024-12-10 07:00:00,8264,24.86,83.57,25.92,85.3,39.95,2024.0,12
2024-12-10 08:00:00,8265,26.12,79.83,28.03,78.47,19.39,2024.0,12
2024-12-10 09:00:00,8266,27.77,73.73,29.82,71.83,27.67,2024.0,12
2024-12-10 10:00:00,8267,28.19,70.0,30.55,67.63,13.8,2024.0,12
2024-12-10 11:00:00,8268,28.63,66.8,31.34,63.93,9.53,2024.0,12
2024-12-10 12:00:00,8269,29.76,64.37,32.68,61.77,4.83,2024.0,12
2024-12-10 13:00:00,8270,29.14,66.43,31.04,66.52,8.22,2024.0,12
2024-12-10 15:00:00,8272,28.1,67.1,28.45,71.37,16.67,2024.0,12
2024-12-10 16:00:00,8273,26.77,70.87,27.24,74.87,27.9,2024.0,12
2024-12-10 17:00:00,8274,25.9,74.17,26.24,77.6,30.2,2024.0,12
2024-12-10 18:00:00,8275,25.08,75.8,25.38,79.47,26.93,2024.0,12
2024-12-10 19:00:00,8276,24.56,78.8,24.74,83.4,25.67,2024.0,12
2024-12-10 20:00:00,8277,24.08,81.07,24.34,85.2,22.66,2024.0,12
2024-12-10 21:00:00,8278,22.94,87.1,23.3,90.87,14.96,2024.0,12
2024-12-10 22:00:00,8279,22.49,91.17,22.57,96.43,23.52,2024.0,12
2024-12-10 23:00:00,8280,22.43,92.77,22.05,98.73,28.59,2024.0,12
2024-12-11 00:00:00,8281,22.22,93.7,21.53,100.0,32.72,2024.0,12
2024-12-11 01:00:00,8282,22.26,93.27,21.64,100.0,35.0,2024.0,12
2024-12-11 02:00:00,8283,22.57,91.53,21.82,100.0,30.98,2024.0,12
2024-12-11 03:00:00,8284,22.64,89.83,21.77,100.0,21.48,2024.0,12
2024-12-11 04:00:00,8285,23.37,84.2,23.18,92.8,5.47,2024.0,12
2024-12-11 05:00:00,8286,23.5,81.93,23.65,86.37,7.62,2024.0,12
2024-12-11 06:00:00,8287,24.78,78.13,25.7,79.87,29.44,2024.0,12
2024-12-11 07:00:00,8288,27.3,69.9,30.2,66.1,15.67,2024.0,12
2024-12-11 08:00:00,8289,27.93,67.1,30.57,64.23,5.97,2024.0,12
2024-12-11 09:00:00,8290,28.72,65.79,30.26,66.11,7.29,2024.0,12
2024-12-11 10:00:00,8291,28.76,64.73,30.2,65.7,13.47,2024.0,12
2024-12-11 11:00:00,8292,25.77,79.2,25.42,89.9,15.64,2024.0,12
2024-12-11 12:00:00,8293,29.81,65.1,28.36,90.5,25.47,2024.0,12
2024-12-11 13:00:00,8294,28.69,63.41,30.85,63.33,22.26,2024.0,12
2024-12-11 14:00:00,8295,28.97,62.67,31.25,62.4,22.53,2024.0,12
2024-12-11 15:00:00,8296,28.61,59.8,31.08,58.73,20.73,2024.0,12
2024-12-11 16:00:00,8297,27.6,61.07,29.33,62.0,22.2,2024.0,12
2024-12-11 17:00:00,8298,26.76,65.13,29.32,62.0,23.5,2024.0,12
2024-12-11 18:00:00,8299,26.04,71.87,29.32,62.0,42.7,2024.0,12
2024-12-11 19:00:00,8300,25.46,75.2,29.32,62.0,49.93,2024.0,12
2024-12-11 20:00:00,8301,25.05,77.33,29.32,62.0,45.37,2024.0,12
2024-12-11 21:00:00,8302,24.68,80.2,29.32,62.0,32.45,2024.0,12
2024-12-11 22:00:00,8303,24.42,80.67,29.32,62.0,40.91,2024.0,12
2024-12-11 23:00:00,8304,24.16,78.93,29.32,62.0,34.77,2024.0,12
2024-12-12 00:00:00,8305,23.97,79.0,29.32,62.0,31.57,2024.0,12
2024-12-12 01:00:00,8306,23.74,80.57,29.32,62.0,22.38,2024.0,12
2024-12-12 02:00:00,8307,23.57,82.63,29.32,62.0,21.46,2024.0,12
2024-12-12 03:00:00,8308,23.48,83.73,29.32,62.0,21.35,2024.0,12
2024-12-12 04:00:00,8309,23.42,84.03,29.32,62.0,13.8,2024.0,12
2024-12-12 05:00:00,8310,21.92,91.4,29.32,62.0,10.9,2024.0,12
2024-12-12 06:00:00,8311,22.57,90.93,29.32,62.0,15.79,2024.0,12
2024-12-12 07:00:00,8312,25.4,77.47,29.32,62.0,18.95,2024.0,12
2024-12-12 08:00:00,8313,26.42,66.8,29.32,62.0,2.03,2024.0,12
2024-12-12 09:00:00,8314,27.05,66.1,29.32,62.0,8.2,2024.0,12
2024-12-12 10:00:00,8315,27.93,65.0,29.32,62.0,8.17,2024.0,12
2024-12-12 11:00:00,8316,28.98,59.8,29.32,62.0,2.47,2024.0,12
2024-12-12 12:00:00,8317,29.94,56.43,29.32,62.0,3.73,2024.0,12
2024-12-12 13:00:00,8318,30.44,54.37,29.32,62.0,3.13,2024.0,12
2024-12-12 14:00:00,8319,31.07,53.87,29.32,62.0,6.07,2024.0,12
2024-12-12 15:00:00,8320,30.73,52.93,29.32,62.0,5.24,2024.0,12
2024-12-12 16:00:00,8321,28.18,60.34,29.32,62.0,13.9,2024.0,12
2024-12-12 17:00:00,8322,26.74,62.0,29.32,62.0,24.77,2024.0,12
2024-12-12 18:00:00,8323,25.94,65.93,29.32,62.0,36.79,2024.0,12
2024-12-12 19:00:00,8324,25.39,70.4,29.32,62.0,29.43,2024.0,12
2024-12-12 20:00:00,8325,25.11,70.89,29.32,62.0,25.14,2024.0,12
2024-12-12 21:00:00,8326,24.91,73.2,29.32,62.0,27.2,2024.0,12
2024-12-12 22:00:00,8327,24.67,74.87,29.32,62.0,28.43,2024.0,12
2024-12-12 23:00:00,8328,24.54,69.43,29.32,62.0,18.57,2024.0,12
2024-12-13 00:00:00,8329,24.34,72.2,29.32,62.0,18.7,2024.0,12
2024-12-13 01:00:00,8330,24.14,72.4,29.32,62.0,40.3,2024.0,12
2024-12-13 02:00:00,8331,23.85,74.5,29.32,62.0,45.1,2024.0,12
2024-12-13 03:00:00,8332,23.88,74.07,29.32,62.0,43.37,2024.0,12
2024-12-13 04:00:00,8333,23.57,77.53,29.32,62.0,44.5,2024.0,12
2024-12-13 05:00:00,8334,22.97,81.47,29.32,62.0,38.77,2024.0,12
2024-12-13 06:00:00,8335,25.8,70.8,29.32,62.0,47.86,2024.0,12
2024-12-13 07:00:00,8336,27.19,65.7,29.32,62.0,28.5,2024.0,12
2024-12-13 08:00:00,8337,28.0,62.73,29.32,62.0,22.57,2024.0,12
2024-12-13 09:00:00,8338,27.66,62.93,29.32,62.0,22.1,2024.0,12
2024-12-13 10:00:00,8339,27.86,63.2,29.32,62.0,24.27,2024.0,12
2024-12-13 11:00:00,8340,29.03,60.87,29.32,62.0,21.53,2024.0,12
2024-12-13 12:00:00,8341,29.96,58.7,29.32,62.0,21.63,2024.0,12
2024-12-13 13:00:00,8342,29.07,62.37,29.32,62.0,21.2,2024.0,12
2024-12-13 14:00:00,8343,28.37,65.33,29.32,62.0,31.3,2024.0,12
2024-12-13 15:00:00,8344,27.82,67.9,29.32,62.0,35.1,2024.0,12
2024-12-13 16:00:00,8345,27.43,69.7,29.32,62.0,33.8,2024.0,12
2024-12-13 17:00:00,8346,26.15,74.0,29.32,62.0,34.47,2024.0,12
2024-12-13 18:00:00,8347,23.34,82.53,29.32,62.0,16.59,2024.0,12
2024-12-13 19:00:00,8348,23.09,83.1,29.32,62.0,19.21,2024.0,12
2024-12-13 20:00:00,8349,23.24,85.0,29.32,62.0,34.21,2024.0,12
2024-12-13 21:00:00,8350,23.33,85.3,29.32,62.0,35.71,2024.0,12
2024-12-13 22:00:00,8351,23.55,84.77,29.32,62.0,33.66,2024.0,12
2024-12-13 23:00:00,8352,23.47,88.87,29.32,62.0,58.62,2024.0,12
2024-12-14 00:00:00,8353,23.29,89.83,29.32,62.0,55.74,2024.0,12
2024-12-14 01:00:00,8354,23.32,88.03,29.32,62.0,40.69,2024.0,12
2024-12-14 02:00:00,8355,23.6,85.53,29.32,62.0,13.91,2024.0,12
2024-12-14 03:00:00,8356,23.24,86.73,29.32,62.0,17.78,2024.0,12
2024-12-14 04:00:00,8357,21.87,94.27,29.32,62.0,19.41,2024.0,12
2024-12-14 05:00:00,8358,22.35,92.63,29.32,62.0,21.46,2024.0,12
2024-12-14 06:00:00,8359,22.67,91.4,29.32,62.0,27.8,2024.0,12
2024-12-14 07:00:00,8360,23.33,89.37,29.32,62.0,18.69,2024.0,12
2024-12-14 08:00:00,8361,24.73,82.67,29.32,62.0,15.41,2024.0,12
2024-12-14 09:00:00,8362,24.21,85.33,29.32,62.0,14.72,2024.0,12
2024-12-14 10:00:00,8363,24.57,84.33,29.32,62.0,12.93,2024.0,12
2024-12-14 11:00:00,8364,25.06,82.03,29.32,62.0,12.91,2024.0,12
2024-12-14 12:00:00,8365,26.4,75.37,29.32,62.0,16.7,2024.0,12
2024-12-14 13:00:00,8366,26.81,70.83,29.32,62.0,9.34,2024.0,12
2024-12-14 14:00:00,8367,26.2,71.8,29.32,62.0,9.3,2024.0,12
2024-12-14 15:00:00,8368,25.99,73.17,29.32,62.0,20.87,2024.0,12
2024-12-14 16:00:00,8369,25.51,75.6,29.32,62.0,36.87,2024.0,12
2024-12-14 17:00:00,8370,22.69,89.3,29.32,62.0,25.28,2024.0,12
2024-12-14 18:00:00,8371,22.13,93.1,29.32,62.0,22.74,2024.0,12
2024-12-14 19:00:00,8372,22.61,89.73,29.32,62.0,21.73,2024.0,12
2024-12-14 20:00:00,8373,23.0,87.93,29.32,62.0,28.25,2024.0,12
2024-12-14 21:00:00,8374,23.08,87.73,29.32,62.0,32.74,2024.0,12
2024-12-14 22:00:00,8375,23.09,86.97,29.32,62.0,21.82,2024.0,12
2024-12-14 23:00:00,8376,23.01,87.0,29.32,62.0,22.2,2024.0,12
2024-12-15 00:00:00,8377,22.82,90.37,29.32,62.0,32.38,2024.0,12
2024-12-15 01:00:00,8378,22.7,90.1,29.32,62.0,26.62,2024.0,12
2024-12-15 02:00:00,8379,22.25,92.8,29.32,62.0,27.36,2024.0,12
2024-12-15 03:00:00,8380,22.06,93.63,29.32,62.0,27.92,2024.0,12
2024-12-15 04:00:00,8381,22.21,93.2,29.32,62.0,33.14,2024.0,12
2024-12-15 05:00:00,8382,22.1,94.4,29.32,62.0,59.47,2024.0,12
2024-12-15 06:00:00,8383,22.86,92.57,29.32,62.0,65.66,2024.0,12
2024-12-15 07:00:00,8384,28.81,74.67,29.32,62.0,50.59,2024.0,12
2024-12-15 08:00:00,8385,29.84,66.8,29.32,62.0,43.1,2024.0,12
2024-12-15 09:00:00,8386,26.85,71.77,29.32,62.0,23.7,2024.0,12
2024-12-15 10:00:00,8387,26.32,74.83,29.32,62.0,26.53,2024.0,12
2024-12-15 11:00:00,8388,27.78,70.5,29.32,62.0,23.07,2024.0,12
2024-12-15 12:00:00,8389,27.94,69.33,29.32,62.0,19.47,2024.0,12
2024-12-15 13:00:00,8390,25.83,76.13,29.32,62.0,17.73,2024.0,12
2024-12-15 14:00:00,8391,21.94,92.5,29.32,62.0,3.84,2024.0,12
2024-12-15 15:00:00,8392,22.81,89.43,29.32,62.0,7.06,2024.0,12
2024-12-15 16:00:00,8393,23.69,84.6,29.32,62.0,9.27,2024.0,12
2024-12-15 17:00:00,8394,23.64,84.0,29.32,62.0,12.35,2024.0,12
2024-12-15 18:00:00,8395,23.33,86.73,29.32,62.0,19.12,2024.0,12
2024-12-15 19:00:00,8396,23.25,87.8,29.32,62.0,23.87,2024.0,12
2024-12-15 20:00:00,8397,23.36,86.9,29.32,62.0,19.47,2024.0,12
2024-12-15 21:00:00,8398,23.27,88.57,29.32,62.0,24.88,2024.0,12
2024-12-15 22:00:00,8399,22.87,90.87,29.32,62.0,52.17,2024.0,12
2024-12-15 23:00:00,8400,22.6,92.5,29.32,62.0,55.16,2024.0,12
2024-12-16 00:00:00,8401,22.45,93.53,29.32,62.0,67.74,2024.0,12
2024-12-16 01:00:00,8402,22.32,93.9,29.32,62.0,44.29,2024.0,12
2024-12-16 02:00:00,8403,22.2,94.43,29.32,62.0,44.53,2024.0,12
2024-12-16 03:00:00,8404,22.46,92.97,29.32,62.0,36.96,2024.0,12
2024-12-16 04:00:00,8405,22.0,94.57,29.32,62.0,45.65,2024.0,12
2024-12-16 05:00:00,8406,21.96,94.17,29.32,62.0,42.41,2024.0,12
2024-12-16 06:00:00,8407,23.51,88.67,29.32,62.0,34.26,2024.0,12
2024-12-16 07:00:00,8408,25.79,80.2,29.32,62.0,29.08,2024.0,12
2024-12-16 08:00:00,8409,29.72,67.2,29.32,62.0,33.1,2024.0,12
2024-12-16 09:00:00,8410,28.77,67.6,29.32,62.0,18.5,2024.0,12
2024-12-16 10:00:00,8411,28.83,66.93,29.32,62.0,14.67,2024.0,12
2024-12-16 11:00:00,8412,29.34,65.3,29.32,62.0,14.33,2024.0,12
2024-12-16 12:00:00,8413,28.94,67.7,29.32,62.0,26.53,2024.0,12
2024-12-16 13:00:00,8414,27.58,72.17,29.32,62.0,27.27,2024.0,12
2024-12-16 14:00:00,8415,27.21,71.71,0.0,0.0,24.11,2024.0,12
2024-12-16 15:00:00,8416,24.7,81.27,0.0,0.0,25.89,2024.0,12
2024-12-16 16:00:00,8417,23.2,87.17,0.0,0.0,24.34,2024.0,12
2024-12-16 17:00:00,8418,22.45,91.1,0.0,0.0,23.94,2024.0,12
2024-12-16 18:00:00,8419,22.81,90.3,0.0,0.0,28.68,2024.0,12
2024-12-16 19:00:00,8420,22.75,91.7,0.0,0.0,34.68,2024.0,12
2024-12-16 20:00:00,8421,22.78,92.5,0.0,0.0,36.0,2024.0,12
2024-12-16 21:00:00,8422,22.62,94.03,4.56,20.69,55.22,2024.0,12
2024-12-16 22:00:00,8423,22.24,95.5,22.0,100.0,55.21,2024.0,12
2024-12-16 23:00:00,8424,22.09,96.0,21.9,100.0,58.16,2024.0,12
2024-12-17 00:00:00,8425,22.01,96.03,21.8,100.0,67.92,2024.0,12
2024-12-17 01:00:00,8426,21.84,97.27,21.75,100.0,70.13,2024.0,12
2024-12-17 02:00:00,8427,21.6,96.47,21.65,100.0,43.68,2024.0,12
2024-12-17 03:00:00,8428,21.86,96.1,21.96,100.0,49.49,2024.0,12
2024-12-17 04:00:00,8429,21.78,96.47,21.74,100.0,61.46,2024.0,12
2024-12-17 05:00:00,8430,21.89,96.0,21.86,100.0,57.51,2024.0,12
2024-12-17 06:00:00,8431,22.13,95.67,21.9,100.0,52.64,2024.0,12
2024-12-17 07:00:00,8432,21.86,97.07,21.52,100.0,32.99,2024.0,12
2024-12-17 08:00:00,8433,24.24,90.4,23.47,100.0,32.03,2024.0,12
2024-12-17 09:00:00,8434,28.23,74.83,26.85,97.83,27.5,2024.0,12
2024-12-17 10:00:00,8435,29.69,68.1,31.03,74.43,26.17,2024.0,12
2024-12-17 11:00:00,8436,29.18,67.6,31.81,65.23,22.5,2024.0,12
2024-12-17 12:00:00,8437,28.4,69.43,31.5,65.73,26.33,2024.0,12
2024-12-17 13:00:00,8438,27.96,71.73,30.16,70.2,33.07,2024.0,12
2024-12-17 14:00:00,8439,28.17,71.97,31.32,68.1,35.47,2024.0,12
2024-12-17 15:00:00,8440,28.27,68.8,30.83,66.53,26.93,2024.0,12
2024-12-17 16:00:00,8441,28.54,68.67,29.65,70.3,27.23,2024.0,12
2024-12-17 17:00:00,8442,27.34,73.33,27.35,78.47,35.7,2024.0,12
2024-12-17 18:00:00,8443,26.28,77.6,26.41,82.33,42.9,2024.0,12
2024-12-17 19:00:00,8444,25.57,80.87,25.76,85.43,31.46,2024.0,12
2024-12-17 20:00:00,8445,25.07,83.0,25.14,88.27,35.64,2024.0,12
2024-12-17 21:00:00,8446,24.59,84.86,24.6,90.69,33.22,2024.0,12
2024-12-17 22:00:00,8447,24.35,86.2,24.38,91.83,37.7,2024.0,12
2024-12-17 23:00:00,8448,23.87,85.77,23.76,92.07,39.24,2024.0,12
2024-12-18 00:00:00,8449,23.58,79.83,23.5,83.97,27.53,2024.0,12
2024-12-18 01:00:00,8450,23.31,80.23,23.21,84.2,23.12,2024.0,12
2024-12-18 02:00:00,8451,22.9,83.43,22.74,88.33,26.33,2024.0,12
2024-12-18 03:00:00,8452,22.78,85.0,22.64,90.1,31.71,2024.0,12
2024-12-18 04:00:00,8453,22.55,87.53,22.42,92.67,34.86,2024.0,12
2024-12-18 05:00:00,8454,22.32,89.57,22.06,95.6,34.39,2024.0,12
2024-12-18 06:00:00,8455,21.38,94.9,20.92,100.0,30.15,2024.0,12
2024-12-18 07:00:00,8456,22.33,92.07,21.28,100.0,25.26,2024.0,12
2024-12-18 08:00:00,8457,22.76,91.2,21.63,100.0,23.99,2024.0,12
2024-12-18 09:00:00,8458,28.09,75.14,25.74,98.36,46.26,2024.0,12
2024-12-18 10:00:00,8459,29.04,67.97,27.86,91.8,34.0,2024.0,12
2024-12-18 11:00:00,8460,26.91,71.57,28.63,72.3,16.37,2024.0,12
2024-12-18 12:00:00,8461,27.2,71.83,28.98,71.83,16.53,2024.0,12
2024-12-18 13:00:00,8462,25.8,78.73,27.67,77.9,12.12,2024.0,12
2024-12-18 14:00:00,8463,27.27,73.7,27.95,76.53,15.1,2024.0,12
2024-12-18 15:00:00,8464,24.91,82.13,25.43,85.7,18.51,2024.0,12
2024-12-18 16:00:00,8465,22.3,92.8,21.81,100.0,17.04,2024.0,12
2024-12-18 17:00:00,8466,23.04,89.37,22.06,100.0,24.21,2024.0,12
2024-12-18 18:00:00,8467,23.26,86.37,22.22,100.0,26.67,2024.0,12
2024-12-18 19:00:00,8468,23.23,86.53,22.57,100.0,18.16,2024.0,12
2024-12-18 20:00:00,8469,21.78,94.23,21.51,100.0,19.7,2024.0,12
2024-12-18 21:00:00,8470,22.02,91.67,21.15,100.0,18.25,2024.0,12
2024-12-18 23:00:00,8472,22.22,88.8,21.36,100.0,12.06,2024.0,12
2024-12-19 00:00:00,8473,22.6,87.4,21.76,100.0,29.19,2024.0,12
2024-12-19 01:00:00,8474,21.59,93.13,21.45,100.0,23.36,2024.0,12
2024-12-19 02:00:00,8475,22.43,87.55,23.03,92.48,11.67,2024.0,12
2024-12-19 03:00:00,8476,22.76,85.93,23.64,88.0,1.43,2024.0,12
2024-12-19 04:00:00,8477,22.99,85.23,23.87,87.17,7.24,2024.0,12
2024-12-19 05:00:00,8478,23.02,85.54,23.95,87.27,9.84,2024.0,12
2024-12-19 06:00:00,8479,23.66,83.29,24.84,84.39,10.98,2024.0,12
2024-12-19 07:00:00,8480,25.53,75.75,27.65,73.11,5.81,2024.0,12
2024-12-19 08:00:00,8481,26.64,71.22,29.05,68.67,8.44,2024.0,12
2024-12-19 09:00:00,8482,27.12,72.79,29.66,69.79,6.3,2024.0,12
2024-12-19 10:00:00,8483,27.71,70.9,30.33,67.8,3.8,2024.0,12
2024-12-19 11:00:00,8484,28.38,67.97,31.45,64.6,7.0,2024.0,12
2024-12-19 12:00:00,8485,27.88,68.47,30.16,66.97,7.47,2024.0,12
2024-12-19 13:00:00,8486,28.98,65.17,31.99,62.83,3.83,2024.0,12
2024-12-19 14:00:00,8487,28.81,67.23,31.27,66.13,6.87,2024.0,12
2024-12-19 15:00:00,8488,26.77,76.23,29.23,74.43,20.33,2024.0,12
2024-12-19 16:00:00,8489,26.22,79.43,27.98,79.0,16.08,2024.0,12
2024-12-19 17:00:00,8490,24.47,85.1,25.5,86.97,9.31,2024.0,12
2024-12-19 18:00:00,8491,23.67,89.1,24.38,92.43,16.28,2024.0,12
2024-12-19 19:00:00,8492,22.74,93.47,22.88,98.57,22.89,2024.0,12
2024-12-19 20:00:00,8493,22.88,89.87,22.54,100.0,20.88,2024.0,12
2024-12-19 21:00:00,8494,22.62,90.9,22.6,98.8,24.88,2024.0,12
2024-12-19 22:00:00,8495,22.41,90.1,22.91,93.77,12.77,2024.0,12
2024-12-19 23:00:00,8496,22.53,89.67,23.31,92.0,14.9,2024.0,12
2024-12-20 00:00:00,8497,21.98,92.9,22.76,95.43,12.15,2024.0,12
2024-12-20 01:00:00,8498,21.77,94.63,22.6,97.03,9.09,2024.0,12
2024-12-20 02:00:00,8499,21.98,92.87,22.75,95.1,4.98,2024.0,12
2024-12-20 03:00:00,8500,21.93,92.7,22.71,95.13,14.27,2024.0,12
2024-12-20 04:00:00,8501,22.01,92.37,22.7,94.77,11.17,2024.0,12
2024-12-20 05:00:00,8502,22.06,92.3,22.7,95.0,21.64,2024.0,12
2024-12-20 06:00:00,8503,22.5,90.0,23.4,91.4,15.41,2024.0,12
2024-12-20 07:00:00,8504,24.18,84.3,25.85,83.47,13.6,2024.0,12
2024-12-20 08:00:00,8505,26.56,76.0,28.76,73.1,12.97,2024.0,12
2024-12-20 09:00:00,8506,27.28,72.8,29.88,69.3,10.67,2024.0,12
2024-12-20 10:00:00,8507,26.9,74.03,29.08,71.7,17.7,2024.0,12
2024-12-20 11:00:00,8508,28.11,69.97,30.21,68.43,7.93,2024.0,12
2024-12-20 12:00:00,8509,28.59,67.83,31.8,64.3,14.57,2024.0,12
2024-12-20 13:00:00,8510,27.5,69.8,29.28,69.6,12.33,2024.0,12
2024-12-20 14:00:00,8511,24.92,83.13,24.02,96.93,20.02,2024.0,12
2024-12-20 15:00:00,8512,26.24,76.83,26.93,89.1,20.23,2024.0,12
2024-12-20 16:00:00,8513,25.76,78.2,27.65,77.0,16.07,2024.0,12
2024-12-20 17:00:00,8514,25.17,79.83,26.44,80.63,17.43,2024.0,12
2024-12-20 18:00:00,8515,24.46,82.4,25.24,84.97,9.54,2024.0,12
2024-12-20 19:00:00,8516,24.39,82.5,25.17,85.07,13.11,2024.0,12
2024-12-20 20:00:00,8517,24.32,82.77,25.14,85.33,14.47,2024.0,12
2024-12-20 21:00:00,8518,24.16,83.97,24.91,87.13,15.99,2024.0,12
2024-12-20 22:00:00,8519,23.8,84.34,24.52,87.14,10.63,2024.0,12
2024-12-20 23:00:00,8520,23.45,86.27,24.23,88.13,14.11,2024.0,12
2024-12-21 00:00:00,8521,23.26,84.43,24.04,85.9,7.97,2024.0,12
2024-12-21 01:00:00,8522,23.17,85.1,23.77,87.07,13.06,2024.0,12
2024-12-21 02:00:00,8523,22.86,87.83,23.63,89.4,5.38,2024.0,12
2024-12-21 03:00:00,8524,22.35,91.8,23.18,93.6,1.14,2024.0,12
2024-12-21 04:00:00,8525,22.31,92.97,22.92,95.87,5.58,2024.0,12
2024-12-21 05:00:00,8526,22.11,92.8,22.99,94.77,4.2,2024.0,12
2024-12-21 06:00:00,8527,22.76,89.13,23.78,90.0,8.06,2024.0,12
2024-12-21 07:00:00,8528,23.83,85.33,24.85,86.4,9.47,2024.0,12
2024-12-21 08:00:00,8529,25.41,78.6,27.76,75.43,12.08,2024.0,12
2024-12-21 09:00:00,8530,26.14,74.77,28.94,70.23,15.83,2024.0,12
2024-12-21 10:00:00,8531,27.92,67.5,30.92,63.53,7.13,2024.0,12
2024-12-21 11:00:00,8532,28.61,65.67,31.8,61.57,7.63,2024.0,12
2024-12-21 12:00:00,8533,28.66,66.3,31.79,62.97,,2024.0,12
2024-12-21 13:00:00,8534,28.36,67.23,31.31,64.3,15.07,2024.0,12
2024-12-21 14:00:00,8535,28.5,66.57,32.1,62.13,22.6,2024.0,12
2024-12-21 15:00:00,8536,27.59,69.77,30.44,66.93,26.67,2024.0,12
2024-12-21 16:00:00,8537,25.98,76.23,27.5,76.13,35.33,2024.0,12
2024-12-21 17:00:00,8538,25.22,79.73,26.13,81.73,21.33,2024.0,12
2024-12-21 18:00:00,8539,24.63,82.33,25.32,85.3,27.89,2024.0,12
2024-12-21 19:00:00,8540,24.43,83.8,25.16,87.03,31.33,2024.0,12
2024-12-21 20:00:00,8541,23.94,87.1,24.42,91.17,33.41,2024.0,12
2024-12-21 21:00:00,8542,23.8,87.93,24.4,91.47,40.16,2024.0,12
2024-12-21 22:00:00,8543,23.57,90.34,24.17,93.24,50.97,2024.0,12
2024-12-21 23:00:00,8544,23.5,90.97,24.09,93.53,48.53,2024.0,12
2024-12-22 00:00:00,8545,23.26,91.53,24.07,93.2,43.35,2024.0,12
2024-12-22 01:00:00,8546,23.2,89.8,23.91,91.7,26.76,2024.0,12
2024-12-22 02:00:00,8547,22.98,91.0,23.66,92.87,24.41,2024.0,12
2024-12-22 03:00:00,8548,22.79,90.4,23.45,92.47,22.56,2024.0,12
2024-12-22 04:00:00,8549,22.62,91.8,23.31,93.67,30.73,2024.0,12
2024-12-22 05:00:00,8550,22.61,91.7,23.23,93.7,19.12,2024.0,12
2024-12-22 06:00:00,8551,22.95,90.53,23.71,92.07,29.82,2024.0,12
2024-12-22 07:00:00,8552,24.2,85.87,24.93,88.13,23.94,2024.0,12
2024-12-22 08:00:00,8553,25.19,82.07,26.64,81.93,18.34,2024.0,12
2024-12-22 09:00:00,8554,26.71,76.97,28.15,76.6,23.35,2024.0,12
2024-12-22 10:00:00,8555,27.32,75.1,29.96,71.57,30.61,2024.0,12
2024-12-22 11:00:00,8556,28.78,68.8,31.36,66.4,18.79,2024.0,12
2024-12-22 12:00:00,8557,28.84,67.9,31.55,65.27,22.9,2024.0,12
2024-12-22 13:00:00,8558,29.31,66.7,32.68,63.03,25.6,2024.0,12
2024-12-22 14:00:00,8559,29.27,66.57,33.23,61.77,17.96,2024.0,12
2024-12-22 15:00:00,8560,26.58,75.2,28.36,74.47,17.97,2024.0,12
2024-12-22 16:00:00,8561,25.77,78.77,26.82,79.97,24.27,2024.0,12
2024-12-22 17:00:00,8562,25.5,80.27,26.56,81.63,15.86,2024.0,12
2024-12-22 18:00:00,8563,25.24,81.93,25.82,85.2,32.01,2024.0,12
2024-12-22 19:00:00,8564,24.82,86.1,25.52,89.4,39.6,2024.0,12
2024-12-22 20:00:00,8565,24.33,89.57,24.97,93.23,54.43,2024.0,12
2024-12-22 21:00:00,8566,24.33,88.33,24.94,92.03,36.22,2024.0,12
2024-12-22 22:00:00,8567,24.3,89.0,24.84,92.87,38.15,2024.0,12
2024-12-22 23:00:00,8568,24.01,89.07,24.53,92.8,31.96,2024.0,12
2024-12-23 00:00:00,8569,23.49,92.07,24.0,95.7,40.83,2024.0,12
2024-12-23 01:00:00,8570,23.2,93.03,23.72,96.03,48.84,2024.0,12
2024-12-23 02:00:00,8571,22.65,93.4,23.19,96.17,34.48,2024.0,12
2024-12-23 03:00:00,8572,22.25,93.0,22.36,97.33,62.49,2024.0,12
2024-12-23 04:00:00,8573,21.97,92.87,22.45,95.83,26.82,2024.0,12
2024-12-23 05:00:00,8574,21.91,93.97,22.21,97.63,60.28,2024.0,12
2024-12-23 06:00:00,8575,22.46,92.77,22.51,97.27,,2024.0,12
2024-12-23 07:00:00,8576,24.98,84.57,25.74,86.47,70.43,2024.0,12
2024-12-23 08:00:00,8577,31.04,66.93,30.41,72.57,,2024.0,12
2024-12-23 09:00:00,8578,32.29,58.83,31.33,65.83,56.83,2024.0,12
2024-12-23 10:00:00,8579,29.58,64.37,29.5,69.73,48.13,2024.0,12
2024-12-23 11:00:00,8580,28.25,69.17,29.58,70.67,40.87,2024.0,12
2024-12-23 12:00:00,8581,27.05,74.37,28.91,74.1,43.67,2024.0,12
2024-12-23 13:00:00,8582,27.93,70.28,29.71,70.69,34.31,2024.0,12
2024-12-23 14:00:00,8583,26.9,74.61,28.24,75.75,36.25,2024.0,12
2024-12-23 15:00:00,8584,24.2,83.63,24.74,86.8,28.29,2024.0,12
2024-12-23 16:00:00,8585,24.47,86.93,23.54,99.17,34.3,2024.0,12
2024-12-23 17:00:00,8586,24.99,85.73,23.6,100.0,54.25,2024.0,12
2024-12-23 18:00:00,8587,23.99,87.53,23.23,100.0,49.49,2024.0,12
2024-12-23 19:00:00,8588,23.34,93.2,22.44,100.0,50.99,2024.0,12
2024-12-23 20:00:00,8589,23.39,93.13,22.45,100.0,45.81,2024.0,12
2024-12-23 21:00:00,8590,23.31,94.1,22.51,100.0,45.94,2024.0,12
2024-12-23 22:00:00,8591,23.27,94.3,22.49,100.0,61.6,2024.0,12
2024-12-23 23:00:00,8592,23.03,95.57,22.48,100.0,76.11,2024.0,12
2024-12-24 00:00:00,8593,22.85,95.03,22.27,100.0,56.7,2024.0,12
2024-12-24 01:00:00,8594,22.72,96.07,22.32,100.0,,2024.0,12
2024-12-24 02:00:00,8595,22.57,96.97,22.29,100.0,,2024.0,12
2024-12-24 03:00:00,8596,22.42,96.97,22.09,100.0,54.63,2024.0,12
2024-12-24 04:00:00,8597,22.34,95.67,21.85,100.0,36.38,2024.0,12
2024-12-24 05:00:00,8598,22.44,95.03,21.93,100.0,34.57,2024.0,12
2024-12-24 06:00:00,8599,23.78,91.17,23.05,100.0,36.29,2024.0,12
2024-12-24 07:00:00,8600,26.94,80.87,26.37,92.6,46.92,2024.0,12
2024-12-24 08:00:00,8601,29.0,74.57,28.35,80.53,62.3,2024.0,12
2024-12-24 09:00:00,8602,28.85,68.47,30.17,69.6,36.17,2024.0,12
2024-12-24 10:00:00,8603,26.54,74.33,27.94,74.57,28.4,2024.0,12
2024-12-24 11:00:00,8604,26.47,74.6,28.26,73.93,23.87,2024.0,12
2024-12-24 12:00:00,8605,26.16,76.07,28.04,74.63,17.17,2024.0,12
2024-12-24 13:00:00,8606,25.85,76.97,27.28,76.77,21.57,2024.0,12
2024-12-24 14:00:00,8607,26.43,75.13,27.38,76.97,29.3,2024.0,12
2024-12-24 15:00:00,8608,25.1,79.83,25.38,83.73,33.06,2024.0,12
2024-12-24 16:00:00,8609,22.36,92.33,21.69,100.0,27.45,2024.0,12
2024-12-24 17:00:00,8610,22.92,90.67,22.11,100.0,29.28,2024.0,12
2024-12-24 18:00:00,8611,22.25,90.8,21.61,100.0,21.55,2024.0,12
2024-12-24 19:00:00,8612,22.41,88.57,21.53,100.0,15.54,2024.0,12
2024-12-24 20:00:00,8613,22.75,87.23,22.02,99.97,23.76,2024.0,12
2024-12-24 21:00:00,8614,22.81,86.77,22.75,92.83,30.17,2024.0,12
2024-12-24 22:00:00,8615,22.39,90.3,22.33,96.37,55.81,2024.0,12
2024-12-24 23:00:00,8616,22.17,91.3,22.09,97.37,51.01,2024.0,12
2024-12-25 00:00:00,8617,22.13,91.47,21.95,97.73,46.16,2024.0,12
2024-12-25 01:00:00,8618,21.91,92.87,21.82,99.03,41.03,2024.0,12
2024-12-25 02:00:00,8619,21.39,94.57,21.31,99.73,54.43,2024.0,12
2024-12-25 03:00:00,8620,21.23,95.17,21.22,99.83,45.69,2024.0,12
2024-12-25 04:00:00,8621,21.51,94.37,21.4,99.77,53.02,2024.0,12
2024-12-25 05:00:00,8622,21.44,95.6,21.31,100.0,59.29,2024.0,12
2024-12-25 06:00:00,8623,22.58,92.53,22.52,97.57,62.35,2024.0,12
2024-12-25 07:00:00,8624,24.65,84.07,25.55,86.03,67.1,2024.0,12
2024-12-25 08:00:00,8625,29.53,67.1,28.47,73.93,50.3,2024.0,12
2024-12-25 09:00:00,8626,29.75,64.83,30.23,68.37,34.4,2024.0,12
2024-12-25 10:00:00,8627,30.05,62.8,31.4,64.2,29.9,2024.0,12
2024-12-25 11:00:00,8628,28.91,66.67,31.62,64.77,31.57,2024.0,12
2024-12-25 12:00:00,8629,28.19,69.07,29.95,69.33,36.6,2024.0,12
2024-12-25 13:00:00,8630,28.82,67.57,29.62,70.93,34.5,2024.0,12
2024-12-25 14:00:00,8631,27.18,71.67,28.61,73.13,40.6,2024.0,12
2024-12-25 15:00:00,8632,27.83,70.1,28.65,73.13,40.77,2024.0,12
2024-12-25 16:00:00,8633,24.02,82.37,24.43,86.23,22.71,2024.0,12
2024-12-25 17:00:00,8634,21.4,91.63,20.9,99.7,17.69,2024.0,12
2024-12-25 18:00:00,8635,22.03,90.03,21.22,100.0,22.71,2024.0,12
2024-12-25 19:00:00,8636,22.16,90.87,21.42,100.0,29.77,2024.0,12
2024-12-25 20:00:00,8637,22.11,93.43,21.34,100.0,32.12,2024.0,12
2024-12-25 21:00:00,8638,21.74,94.37,21.07,100.0,26.17,2024.0,12
2024-12-25 23:00:00,8640,21.4,96.03,20.93,100.0,38.52,2024.0,12
2024-12-26 00:00:00,8641,21.59,96.07,21.08,100.0,43.48,2024.0,12
2024-12-26 01:00:00,8642,21.69,96.03,21.13,100.0,43.48,2024.0,12
2024-12-26 02:00:00,8643,21.57,96.7,21.08,100.0,37.01,2024.0,12
2024-12-26 03:00:00,8644,21.19,96.43,20.82,100.0,36.76,2024.0,12
2024-12-26 04:00:00,8645,21.29,97.67,21.01,100.0,61.13,2024.0,12
2024-12-26 05:00:00,8646,21.47,97.13,21.08,100.0,48.49,2024.0,12
2024-12-26 06:00:00,8647,22.26,93.93,21.74,100.0,47.95,2024.0,12
2024-12-26 07:00:00,8648,24.86,85.87,24.14,100.0,69.23,2024.0,12
2024-12-26 08:00:00,8649,26.03,76.03,27.23,84.13,27.7,2024.0,12
2024-12-26 09:00:00,8650,27.54,70.5,29.23,69.37,14.0,2024.0,12
2024-12-26 10:00:00,8651,27.65,68.3,29.55,67.4,5.67,2024.0,12
2024-12-26 11:00:00,8652,28.93,63.37,30.11,64.77,3.93,2024.0,12
2024-12-26 12:00:00,8653,29.75,59.6,31.32,60.53,1.87,2024.0,12
2024-12-26 13:00:00,8654,30.43,55.37,31.04,58.8,1.73,2024.0,12
2024-12-26 14:00:00,8655,29.53,56.33,30.23,60.23,9.8,2024.0,12
2024-12-26 15:00:00,8656,27.97,60.0,28.44,64.17,27.13,2024.0,12
2024-12-26 16:00:00,8657,27.37,62.43,27.73,67.1,24.23,2024.0,12
2024-12-26 17:00:00,8658,26.67,63.67,26.8,69.1,29.97,2024.0,12
2024-12-26 18:00:00,8659,25.25,71.17,25.46,75.53,42.03,2024.0,12
2024-12-26 19:00:00,8660,24.51,75.87,24.74,80.17,35.13,2024.0,12
2024-12-26 20:00:00,8661,24.24,78.33,24.31,83.57,54.9,2024.0,12
2024-12-26 21:00:00,8662,24.02,78.87,24.07,84.1,60.14,2024.0,12
2024-12-26 22:00:00,8663,23.65,80.13,23.64,85.2,56.77,2024.0,12
2024-12-26 23:00:00,8664,23.34,82.27,23.25,87.43,58.01,2024.0,12
2024-12-27 00:00:00,8665,22.61,86.03,22.64,91.1,71.18,2024.0,12
2024-12-27 01:00:00,8666,22.64,85.0,22.48,90.43,60.19,2024.0,12
2024-12-27 02:00:00,8667,22.76,86.2,22.8,90.9,56.01,2024.0,12
2024-12-27 03:00:00,8668,22.93,84.5,22.94,88.97,43.26,2024.0,12
2024-12-27 04:00:00,8669,22.59,86.0,22.47,91.27,54.4,2024.0,12
2024-12-27 05:00:00,8670,22.47,87.23,22.48,91.9,46.94,2024.0,12
2024-12-27 06:00:00,8671,23.96,82.8,23.93,87.27,53.61,2024.0,12
2024-12-27 07:00:00,8672,26.14,74.43,25.47,80.3,68.57,2024.0,12
2024-12-27 08:00:00,8673,28.56,67.2,28.41,72.33,70.67,2024.0,12
2024-12-27 09:00:00,8674,32.58,54.83,32.87,58.6,60.23,2024.0,12
2024-12-27 10:00:00,8675,32.4,51.83,32.96,55.4,34.07,2024.0,12
2024-12-27 11:00:00,8676,30.86,55.87,32.3,58.0,26.4,2024.0,12
2024-12-27 12:00:00,8677,30.89,56.6,33.3,56.87,24.9,2024.0,12
2024-12-27 13:00:00,8678,32.03,54.17,33.91,56.0,30.5,2024.0,12
2024-12-27 14:00:00,8679,31.37,56.13,33.93,56.57,40.6,2024.0,12
2024-12-27 15:00:00,8680,30.79,57.43,32.87,58.8,43.57,2024.0,12
2024-12-27 16:00:00,8681,29.12,62.8,30.15,66.67,57.5,2024.0,12
2024-12-27 17:00:00,8682,27.6,66.43,27.7,72.4,35.57,2024.0,12
2024-12-27 18:00:00,8683,26.79,69.43,27.06,75.07,45.1,2024.0,12
2024-12-27 19:00:00,8684,25.47,75.7,23.58,92.8,39.98,2024.0,12
2024-12-27 20:00:00,8685,24.07,85.43,22.47,100.0,39.42,2024.0,12
2024-12-27 21:00:00,8686,23.96,85.43,22.6,100.0,46.81,2024.0,12
2024-12-27 22:00:00,8687,23.88,87.37,22.83,100.0,46.27,2024.0,12
2024-12-27 23:00:00,8688,23.62,84.83,22.6,100.0,42.9,2024.0,12
2024-12-28 00:00:00,8689,23.6,81.33,22.75,97.77,33.08,2024.0,12
2024-12-28 01:00:00,8690,22.84,87.57,22.72,94.63,49.89,2024.0,12
2024-12-28 02:00:00,8691,22.28,90.8,22.37,96.97,68.41,2024.0,12
2024-12-28 03:00:00,8692,22.43,87.8,22.45,93.47,40.33,2024.0,12
2024-12-28 04:00:00,8693,22.44,89.97,22.39,96.27,38.23,2024.0,12
2024-12-28 05:00:00,8694,22.18,91.37,22.26,97.0,35.29,2024.0,12
2024-12-28 06:00:00,8695,23.68,86.7,24.05,90.97,53.94,2024.0,12
2024-12-28 07:00:00,8696,28.87,68.6,29.07,72.43,50.7,2024.0,12
2024-12-28 08:00:00,8697,28.8,64.37,29.34,67.47,44.97,2024.0,12
2024-12-28 09:00:00,8698,28.11,60.57,29.81,60.6,27.7,2024.0,12
2024-12-28 10:00:00,8699,28.86,59.1,29.72,61.63,14.53,2024.0,12
2024-12-28 11:00:00,8700,30.18,53.57,32.08,54.2,22.3,2024.0,12
2024-12-28 12:00:00,8701,31.3,51.63,33.79,51.03,15.87,2024.0,12
2024-12-28 13:00:00,8702,30.36,54.6,31.0,58.7,23.27,2024.0,12
2024-12-28 14:00:00,8703,28.88,59.87,29.52,64.3,30.67,2024.0,12
2024-12-28 15:00:00,8704,27.48,63.73,28.2,67.77,30.6,2024.0,12
2024-12-28 16:00:00,8705,26.96,65.47,27.53,70.03,33.2,2024.0,12
2024-12-28 17:00:00,8706,26.43,70.0,26.8,74.47,50.17,2024.0,12
2024-12-28 18:00:00,8707,25.64,76.5,25.89,80.57,51.5,2024.0,12
2024-12-28 19:00:00,8708,25.15,78.33,25.33,83.17,56.21,2024.0,12
2024-12-28 20:00:00,8709,24.71,80.3,24.75,85.87,69.18,2024.0,12
2024-12-28 21:00:00,8710,24.58,75.53,24.67,79.8,64.2,2024.0,12
2024-12-28 22:00:00,8711,24.42,72.53,24.4,77.4,60.5,2024.0,12
2024-12-28 23:00:00,8712,23.94,75.1,24.05,79.43,64.4,2024.0,12
2024-12-29 00:00:00,8713,23.75,75.9,23.74,80.27,,2024.0,12
2024-12-29 01:00:00,8714,23.73,74.5,23.77,78.6,51.3,2024.0,12
2024-12-29 02:00:00,8715,23.33,76.03,23.38,79.17,44.07,2024.0,12
2024-12-29 03:00:00,8716,23.03,79.47,22.97,83.5,61.69,2024.0,12
2024-12-29 04:00:00,8717,22.59,80.43,22.64,84.33,57.61,2024.0,12
2024-12-29 05:00:00,8718,22.5,82.1,22.44,86.97,67.81,2024.0,12
2024-12-29 06:00:00,8719,22.63,81.73,22.6,85.97,50.14,2024.0,12
2024-12-29 07:00:00,8720,24.84,74.1,24.49,79.2,73.87,2024.0,12
2024-12-29 08:00:00,8721,26.93,66.07,26.7,71.47,,2024.0,12
2024-12-29 09:00:00,8722,28.33,56.97,28.95,59.73,63.53,2024.0,12
2024-12-29 10:00:00,8723,29.07,51.43,30.24,52.87,34.13,2024.0,12
2024-12-29 11:00:00,8724,29.23,52.07,31.33,52.4,35.43,2024.0,12
2024-12-29 12:00:00,8725,28.28,54.87,30.2,55.53,29.27,2024.0,12
2024-12-29 13:00:00,8726,28.93,51.8,30.97,52.3,30.13,2024.0,12
2024-12-29 14:00:00,8727,29.43,47.0,30.66,49.7,25.47,2024.0,12
2024-12-29 15:00:00,8728,28.62,50.67,29.92,52.9,24.83,2024.0,12
2024-12-29 16:00:00,8729,27.68,55.43,28.6,59.23,33.37,2024.0,12
2024-12-29 17:00:00,8730,27.31,58.1,27.84,63.13,36.6,2024.0,12
2024-12-29 18:00:00,8731,26.19,67.83,26.42,73.23,53.9,2024.0,12
2024-12-29 19:00:00,8732,25.56,71.83,25.85,76.33,62.9,2024.0,12
2024-12-29 20:00:00,8733,25.13,74.73,25.31,79.37,62.5,2024.0,12
2024-12-29 21:00:00,8734,24.73,76.63,24.87,81.3,56.6,2024.0,12
2024-12-29 22:00:00,8735,24.49,76.31,24.66,80.59,48.38,2024.0,12
2024-12-29 23:00:00,8736,24.24,75.33,24.4,79.63,40.7,2024.0,12
2024-12-30 00:00:00,8737,24.0,77.28,24.07,81.93,53.03,2024.0,12
2024-12-30 01:00:00,8738,23.68,79.37,23.61,84.44,57.73,2024.0,12
2024-12-30 02:00:00,8739,23.59,77.07,23.68,81.0,36.45,2024.0,12
2024-12-30 03:00:00,8740,23.67,76.2,23.91,79.93,21.6,2024.0,12
2024-12-30 04:00:00,8741,23.68,77.21,23.93,80.34,19.0,2024.0,12
2024-12-30 05:00:00,8742,23.32,81.33,23.65,84.4,13.21,2024.0,12
2024-12-30 06:00:00,8743,23.03,83.4,23.95,84.8,9.58,2024.0,12
2024-12-30 07:00:00,8744,24.01,78.63,25.49,78.43,2.19,2024.0,12
2024-12-30 08:00:00,8745,23.55,81.67,24.8,81.8,10.61,2024.0,12
2024-12-30 09:00:00,8746,25.13,74.8,27.14,73.0,26.11,2024.0,12
2024-12-30 10:00:00,8747,26.26,70.1,28.6,67.83,28.3,2024.0,12
2024-12-30 11:00:00,8748,28.54,62.93,29.98,63.97,3.53,2024.0,12
2024-12-30 12:00:00,8749,28.22,64.9,29.71,66.17,6.23,2024.0,12
2024-12-30 13:00:00,8750,27.31,68.43,28.64,70.2,10.07,2024.0,12
2024-12-30 14:00:00,8751,27.29,67.0,27.62,71.5,21.77,2024.0,12
2024-12-30 15:00:00,8752,26.15,70.7,26.68,73.9,18.23,2024.0,12
2024-12-30 16:00:00,8753,24.86,75.37,25.37,78.43,16.9,2024.0,12
2024-12-30 17:00:00,8754,23.73,78.8,23.91,83.73,15.84,2024.0,12
2024-12-30 18:00:00,8755,23.64,78.03,23.98,81.03,13.93,2024.0,12
2024-12-30 19:00:00,8756,23.07,81.03,23.39,84.07,17.13,2024.0,12
2024-12-30 20:00:00,8757,22.65,82.87,23.0,86.17,17.17,2024.0,12
2024-12-30 21:00:00,8758,22.69,83.37,23.01,86.53,13.09,2024.0,12
2024-12-30 23:00:00,8760,22.03,83.24,22.37,86.6,6.78,2024.0,12
2024-12-31 00:00:00,8761,22.05,85.6,22.34,88.97,8.73,2024.0,12
2024-12-31 01:00:00,8762,22.1,86.3,22.37,89.9,5.67,2024.0,12
2024-12-31 02:00:00,8763,21.87,87.6,22.16,90.93,4.98,2024.0,12
2024-12-31 03:00:00,8764,21.96,86.43,22.21,90.07,3.24,2024.0,12
2024-12-31 04:00:00,8765,22.41,84.1,22.67,87.43,5.4,2024.0,12
2024-12-31 05:00:00,8766,22.99,78.3,23.28,80.2,4.47,2024.0,12
2024-12-31 06:00:00,8767,23.56,69.8,23.95,71.57,13.67,2024.0,12
2024-12-31 07:00:00,8768,24.05,70.2,24.67,72.23,12.77,2024.0,12
2024-12-31 08:00:00,8769,24.72,73.3,26.53,72.0,20.4,2024.0,12
2024-12-31 09:00:00,8770,25.73,70.97,27.22,70.43,20.13,2024.0,12
2024-12-31 10:00:00,8771,25.82,70.07,26.72,71.47,13.73,2024.0,12
2024-12-31 11:00:00,8772,26.3,69.0,27.52,70.03,7.93,2024.0,12
2024-12-31 12:00:00,8773,27.5,63.5,28.3,66.07,5.43,2024.0,12
2024-12-31 13:00:00,8774,27.43,62.73,28.06,66.37,12.5,2024.0,12
2024-12-31 14:00:00,8775,28.13,61.37,28.68,65.03,20.53,2024.0,12
2024-12-31 15:00:00,8776,27.67,63.03,29.0,65.07,13.7,2024.0,12
2024-12-31 16:00:00,8777,27.58,61.8,28.02,66.13,11.83,2024.0,12
2024-12-31 17:00:00,8778,26.77,61.5,27.18,66.2,12.07,2024.0,12
2024-12-31 18:00:00,8779,25.91,65.37,26.18,69.6,25.87,2024.0,12
2024-12-31 19:00:00,8780,25.42,68.47,25.73,72.53,30.43,2024.0,12
2024-12-31 20:00:00,8781,24.67,72.97,24.95,77.0,30.8,2024.0,12
2024-12-31 21:00:00,8782,24.34,74.43,24.67,78.2,32.43,2024.0,12
2024-12-31 22:00:00,8783,23.89,78.28,23.91,84.04,31.69,2024.0,12
2024-12-31 23:00:00,8784,22.54,85.23,21.09,100.0,30.91,2024.0,12
2025-01-01 00:00:00,8785,22.52,85.77,21.34,100.0,53.04,2025.0,1
2025-01-01 01:00:00,8786,22.1,89.53,21.32,100.0,49.54,2025.0,1
2025-01-01 02:00:00,8787,21.95,90.83,21.27,100.0,45.45,2025.0,1
2025-01-01 03:00:00,8788,21.81,90.83,21.24,100.0,41.58,2025.0,1
2025-01-01 04:00:00,8789,21.76,89.87,21.27,100.0,33.28,2025.0,1
2025-01-01 05:00:00,8790,21.37,91.57,21.27,98.77,44.4,2025.0,1
2025-01-01 06:00:00,8791,22.96,87.27,23.28,91.8,43.59,2025.0,1
2025-01-01 07:00:00,8792,26.0,76.67,30.63,68.37,63.12,2025.0,1
2025-01-01 08:00:00,8793,26.7,71.0,30.07,65.23,35.67,2025.0,1
2025-01-01 09:00:00,8794,27.55,67.07,31.14,61.9,19.4,2025.0,1
2025-01-01 10:00:00,8795,28.58,62.63,30.62,61.7,14.6,2025.0,1
2025-01-01 11:00:00,8796,28.84,60.5,30.41,61.37,20.0,2025.0,1
2025-01-01 12:00:00,8797,30.39,55.37,32.34,55.97,20.73,2025.0,1
2025-01-01 13:00:00,8798,30.81,54.87,33.57,54.0,25.37,2025.0,1
2025-01-01 14:00:00,8799,28.12,66.37,30.65,65.13,31.93,2025.0,1
2025-01-01 15:00:00,8800,26.82,71.93,28.45,72.9,35.87,2025.0,1
2025-01-01 16:00:00,8801,25.71,77.47,26.58,79.63,35.57,2025.0,1
2025-01-01 17:00:00,8802,24.46,81.17,25.01,84.9,26.67,2025.0,1
2025-01-01 18:00:00,8803,23.73,83.43,24.01,88.4,30.44,2025.0,1
2025-01-01 19:00:00,8804,23.23,87.4,23.55,91.37,30.35,2025.0,1
2025-01-01 20:00:00,8805,22.29,90.27,22.63,94.63,19.05,2025.0,1
2025-01-01 21:00:00,8806,22.51,86.63,22.63,91.27,14.76,2025.0,1
2025-01-01 23:00:00,8808,22.78,83.43,22.73,87.97,18.83,2025.0,1
2025-01-02 00:00:00,8809,22.22,85.73,22.14,90.73,23.38,2025.0,1
2025-01-02 01:00:00,8810,21.86,88.17,21.84,93.33,36.11,2025.0,1
2025-01-02 02:00:00,8811,21.5,90.4,21.45,95.9,43.8,2025.0,1
2025-01-02 03:00:00,8812,20.94,94.53,20.82,99.97,46.7,2025.0,1
2025-01-02 04:00:00,8813,20.39,95.2,20.33,99.33,45.18,2025.0,1
2025-01-02 05:00:00,8814,19.88,91.8,20.03,95.2,32.03,2025.0,1
2025-01-02 06:00:00,8815,20.85,85.57,20.9,89.03,45.84,2025.0,1
2025-01-02 07:00:00,8816,23.59,72.43,23.76,74.6,52.03,2025.0,1
2025-01-02 08:00:00,8817,29.14,56.9,29.05,59.93,40.0,2025.0,1
2025-01-02 09:00:00,8818,33.55,,32.41,49.4,38.73,2025.0,1
2025-01-02 10:00:00,8819,32.06,,32.43,42.17,20.2,2025.0,1
2025-01-02 11:00:00,8820,32.26,,34.13,37.3,11.9,2025.0,1
2025-01-02 12:00:00,8821,32.33,,34.12,38.67,12.0,2025.0,1
2025-01-02 13:00:00,8822,32.4,,34.64,38.83,17.43,2025.0,1
2025-01-02 14:00:00,8823,32.0,,35.3,39.97,19.2,2025.0,1
2025-01-02 15:00:00,8824,32.4,,34.6,43.6,16.2,2025.0,1
2025-01-02 16:00:00,8825,29.83,51.47,32.56,52.57,31.3,2025.0,1
2025-01-02 17:00:00,8826,27.87,59.97,29.01,64.17,34.97,2025.0,1
2025-01-02 18:00:00,8827,26.69,63.63,26.84,70.93,42.03,2025.0,1
2025-01-02 19:00:00,8828,25.8,75.83,25.84,82.7,63.0,2025.0,1
2025-01-02 20:00:00,8829,24.69,82.4,24.89,89.17,47.1,2025.0,1
2025-01-02 21:00:00,8830,24.5,83.6,24.69,90.3,48.71,2025.0,1
2025-01-02 22:00:00,8831,24.12,86.37,23.94,95.1,53.6,2025.0,1
2025-01-02 23:00:00,8832,23.35,91.27,22.71,99.9,,2025.0,1
2025-01-03 00:00:00,8833,22.98,91.67,22.73,99.83,56.77,2025.0,1
2025-01-03 01:00:00,8834,22.7,92.1,22.74,98.4,42.72,2025.0,1
2025-01-03 02:00:00,8835,22.49,93.0,22.59,99.2,41.29,2025.0,1
2025-01-03 03:00:00,8836,22.51,93.27,22.36,99.97,40.87,2025.0,1
2025-01-03 04:00:00,8837,22.5,93.1,22.45,99.27,33.84,2025.0,1
2025-01-03 05:00:00,8838,22.27,93.6,22.13,99.7,49.69,2025.0,1
2025-01-03 06:00:00,8839,23.42,90.47,23.74,95.4,,2025.0,1
2025-01-03 07:00:00,8840,28.15,75.57,28.49,78.67,65.69,2025.0,1
2025-01-03 08:00:00,8841,32.56,60.6,32.2,65.93,,2025.0,1
2025-01-03 09:00:00,8842,,49.97,34.45,56.17,55.7,2025.0,1
2025-01-03 10:00:00,8843,33.01,48.2,33.5,52.07,30.3,2025.0,1
2025-01-03 11:00:00,8844,30.62,52.07,31.96,54.9,21.73,2025.0,1
2025-01-03 12:00:00,8845,31.21,50.07,33.23,51.2,9.83,2025.0,1
2025-01-03 13:00:00,8846,32.73,,34.68,48.77,14.63,2025.0,1
2025-01-03 14:00:00,8847,32.03,49.8,34.95,49.9,16.37,2025.0,1
2025-01-03 15:00:00,8848,31.39,53.63,34.78,52.77,27.03,2025.0,1
2025-01-03 16:00:00,8849,29.48,60.47,30.93,63.87,34.2,2025.0,1
2025-01-03 17:00:00,8850,28.05,69.83,28.21,76.8,47.8,2025.0,1
2025-01-03 18:00:00,8851,26.65,75.93,27.04,81.13,46.03,2025.0,1
2025-01-03 19:00:00,8852,25.72,81.23,26.07,86.23,40.95,2025.0,1
2025-01-03 20:00:00,8853,25.3,79.9,25.69,84.33,41.52,2025.0,1
2025-01-03 21:00:00,8854,25.03,80.17,25.3,84.7,40.83,2025.0,1
2025-01-03 22:00:00,8855,24.46,84.57,24.67,90.18,38.62,2025.0,1
2025-01-03 23:00:00,8856,24.25,82.5,24.52,87.2,33.16,2025.0,1
2025-01-04 00:00:00,8857,23.8,81.37,24.02,85.5,27.87,2025.0,1
2025-01-04 01:00:00,8858,23.34,80.5,23.56,83.8,29.38,2025.0,1
2025-01-04 02:00:00,8859,23.36,79.77,23.66,82.53,27.42,2025.0,1
2025-01-04 03:00:00,8860,22.96,81.0,23.1,84.6,27.41,2025.0,1
2025-01-04 04:00:00,8861,22.72,82.07,22.63,86.4,24.75,2025.0,1
2025-01-04 05:00:00,8862,22.01,85.77,21.94,90.9,29.86,2025.0,1
2025-01-04 06:00:00,8863,25.16,76.27,25.17,80.37,55.96,2025.0,1
2025-01-04 07:00:00,8864,30.51,61.3,30.91,64.93,64.13,2025.0,1
2025-01-04 08:00:00,8865,32.65,55.1,32.16,61.38,59.14,2025.0,1
2025-01-04 09:00:00,8866,,,35.03,52.66,46.59,2025.0,1
2025-01-04 10:00:00,8867,,,33.07,53.25,32.96,2025.0,1
2025-01-04 11:00:00,8868,33.06,,33.46,50.63,28.56,2025.0,1
2025-01-04 12:00:00,8869,,,33.81,51.93,27.07,2025.0,1
2025-01-04 13:00:00,8870,30.61,56.52,31.93,61.15,26.0,2025.0,1
2025-01-04 14:00:00,8871,27.26,70.97,28.01,76.28,22.57,2025.0,1
2025-01-04 15:00:00,8872,24.96,79.43,25.43,85.17,30.17,2025.0,1
2025-01-04 16:00:00,8873,24.24,83.96,23.76,99.64,18.38,2025.0,1
2025-01-04 17:00:00,8874,23.8,87.68,23.61,98.04,24.53,2025.0,1
2025-01-04 18:00:00,8875,23.52,89.83,23.55,97.07,30.55,2025.0,1
2025-01-04 19:00:00,8876,22.96,90.41,22.73,98.34,26.75,2025.0,1
2025-01-04 20:00:00,8877,22.15,91.18,21.67,100.0,20.46,2025.0,1
2025-01-04 21:00:00,8878,22.4,89.33,21.8,100.0,15.63,2025.0,1
2025-01-04 22:00:00,8879,22.52,90.07,21.96,100.0,25.3,2025.0,1
2025-01-04 23:00:00,8880,22.34,91.2,22.23,98.33,34.28,2025.0,1
2025-01-05 00:00:00,8881,22.57,91.59,22.51,97.83,33.8,2025.0,1
2025-01-05 01:00:00,8882,22.17,91.17,22.06,97.8,36.92,2025.0,1
2025-01-05 02:00:00,8883,22.32,89.07,22.32,94.66,47.92,2025.0,1
2025-01-05 03:00:00,8884,22.29,90.8,22.26,96.63,41.88,2025.0,1
2025-01-05 04:00:00,8885,22.15,92.03,22.13,98.14,35.16,2025.0,1
2025-01-05 05:00:00,8886,22.11,93.24,22.09,99.31,36.71,2025.0,1
2025-01-05 06:00:00,8887,23.61,88.43,23.7,93.46,34.74,2025.0,1
2025-01-05 07:00:00,8888,25.99,80.66,25.75,86.24,38.23,2025.0,1
2025-01-05 08:00:00,8889,31.03,62.93,30.02,69.63,45.53,2025.0,1
2025-01-05 09:00:00,8890,32.38,51.8,30.79,58.9,30.6,2025.0,1
2025-01-05 10:00:00,8891,31.67,49.83,30.9,55.6,20.4,2025.0,1
2025-01-05 11:00:00,8892,32.14,,32.4,50.7,7.0,2025.0,1
2025-01-05 12:00:00,8893,,,34.71,46.47,10.27,2025.0,1
2025-01-05 13:00:00,8894,30.69,48.17,30.59,53.77,10.03,2025.0,1
2025-01-05 14:00:00,8895,28.96,58.93,29.32,64.87,26.3,2025.0,1
2025-01-05 15:00:00,8896,33.66,50.13,34.05,55.6,23.33,2025.0,1
2025-01-05 16:00:00,8897,28.59,58.23,28.5,65.3,13.47,2025.0,1
2025-01-05 17:00:00,8898,26.77,70.57,26.81,76.77,34.77,2025.0,1
2025-01-05 18:00:00,8899,25.44,76.97,25.41,83.07,40.63,2025.0,1
2025-01-05 19:00:00,8900,24.61,80.57,24.6,87.1,34.03,2025.0,1
2025-01-05 20:00:00,8901,24.03,79.43,24.08,85.23,37.67,2025.0,1
2025-01-05 21:00:00,8902,23.49,79.07,23.52,83.63,39.48,2025.0,1
2025-01-05 22:00:00,8903,23.07,81.27,23.05,86.17,44.02,2025.0,1
2025-01-05 23:00:00,8904,22.27,84.43,22.2,89.9,59.36,2025.0,1
2025-01-06 00:00:00,8905,22.18,86.3,22.17,91.73,,2025.0,1
2025-01-06 01:00:00,8906,21.75,88.07,21.71,93.53,,2025.0,1
2025-01-06 02:00:00,8907,21.3,88.73,21.27,94.3,54.72,2025.0,1
2025-01-06 03:00:00,8908,21.18,89.03,21.02,95.23,,2025.0,1
2025-01-06 04:00:00,8909,21.11,90.47,21.18,95.83,62.64,2025.0,1
2025-01-06 05:00:00,8910,20.77,92.4,20.79,97.4,,2025.0,1
2025-01-06 06:00:00,8911,22.35,86.33,22.56,90.07,,2025.0,1
2025-01-06 07:00:00,8912,28.69,68.33,31.23,65.63,,2025.0,1
2025-01-06 08:00:00,8913,32.0,57.87,32.0,62.27,,2025.0,1
2025-01-06 09:00:00,8914,32.56,53.63,32.51,58.27,46.3,2025.0,1
2025-01-06 10:00:00,8915,,,32.02,55.73,24.67,2025.0,1
2025-01-06 11:00:00,8916,,,33.2,52.73,16.7,2025.0,1
2025-01-06 12:00:00,8917,,,35.6,47.0,13.13,2025.0,1
2025-01-06 13:00:00,8918,32.44,51.6,32.24,59.07,52.6,2025.0,1
2025-01-06 14:00:00,8919,28.22,64.89,28.9,70.96,54.96,2025.0,1
2025-01-06 15:00:00,8920,25.27,77.78,25.47,85.0,39.05,2025.0,1
2025-01-06 16:00:00,8921,22.45,89.3,21.5,100.0,40.98,2025.0,1
2025-01-06 17:00:00,8922,22.26,90.73,21.42,100.0,32.45,2025.0,1
2025-01-06 18:00:00,8923,21.81,93.37,21.31,100.0,30.82,2025.0,1
2025-01-06 19:00:00,8924,21.85,93.7,21.34,100.0,28.48,2025.0,1
2025-01-06 20:00:00,8925,22.11,93.87,21.54,100.0,30.82,2025.0,1
2025-01-06 21:00:00,8926,22.35,94.13,21.78,100.0,33.01,2025.0,1
2025-01-06 22:00:00,8927,22.15,94.57,21.48,100.0,24.92,2025.0,1
2025-01-06 23:00:00,8928,22.0,95.5,21.48,100.0,27.76,2025.0,1
2025-01-07 00:00:00,8929,21.95,95.5,21.39,100.0,32.65,2025.0,1
2025-01-07 01:00:00,8930,21.88,96.27,21.41,100.0,53.87,2025.0,1
2025-01-07 02:00:00,8931,21.9,96.3,21.42,100.0,48.89,2025.0,1
2025-01-07 03:00:00,8932,21.73,95.8,21.25,100.0,39.71,2025.0,1
2025-01-07 04:00:00,8933,21.61,96.97,21.25,100.0,48.62,2025.0,1
2025-01-07 05:00:00,8934,21.46,96.83,21.12,100.0,41.12,2025.0,1
2025-01-07 06:00:00,8935,21.51,96.63,21.18,100.0,43.15,2025.0,1
2025-01-07 07:00:00,8936,25.16,85.77,24.67,99.83,51.16,2025.0,1
2025-01-07 08:00:00,8937,29.21,72.53,28.31,98.67,,2025.0,1
2025-01-07 09:00:00,8938,33.03,59.8,32.44,75.7,59.7,2025.0,1
2025-01-07 10:00:00,8939,,50.27,33.45,59.43,41.8,2025.0,1
2025-01-07 11:00:00,8940,32.8,54.5,32.59,60.83,43.47,2025.0,1
2025-01-07 12:00:00,8941,29.2,62.3,30.88,64.13,29.8,2025.0,1
2025-01-07 13:00:00,8942,28.71,65.03,31.45,63.93,22.53,2025.0,1
2025-01-07 14:00:00,8943,28.72,66.67,31.35,65.6,31.8,2025.0,1
2025-01-07 15:00:00,8944,26.17,76.67,27.64,77.47,47.72,2025.0,1
2025-01-07 16:00:00,8945,25.09,80.3,26.46,81.33,32.93,2025.0,1
2025-01-07 17:00:00,8946,24.16,83.97,24.6,88.43,32.36,2025.0,1
2025-01-07 18:00:00,8947,23.36,86.23,23.64,90.37,26.31,2025.0,1
2025-01-07 19:00:00,8948,23.74,86.07,24.0,90.97,35.96,2025.0,1
2025-01-07 20:00:00,8949,23.82,85.33,23.98,90.7,33.7,2025.0,1
2025-01-07 21:00:00,8950,23.19,89.83,23.3,94.63,46.68,2025.0,1
2025-01-07 22:00:00,8951,22.74,92.23,22.89,97.3,47.75,2025.0,1
2025-01-07 23:00:00,8952,22.73,91.5,22.89,96.17,41.43,2025.0,1
2025-01-08 00:00:00,8953,22.5,93.13,22.51,98.7,45.2,2025.0,1
2025-01-08 01:00:00,8954,22.6,92.53,22.6,97.77,37.52,2025.0,1
2025-01-08 02:00:00,8955,22.23,93.63,22.2,99.3,44.18,2025.0,1
2025-01-08 03:00:00,8956,22.0,94.87,22.12,99.93,43.64,2025.0,1
2025-01-08 04:00:00,8957,21.96,94.03,22.27,98.37,38.28,2025.0,1
2025-01-08 05:00:00,8958,22.19,92.17,22.43,96.5,37.18,2025.0,1
2025-01-08 06:00:00,8959,22.59,90.2,22.92,93.8,29.7,2025.0,1
2025-01-08 07:00:00,8960,23.25,88.7,23.55,92.07,24.68,2025.0,1
2025-01-08 08:00:00,8961,24.19,84.87,24.76,88.03,23.72,2025.0,1
2025-01-08 09:00:00,8962,24.25,85.27,24.18,90.97,25.88,2025.0,1
2025-01-08 10:00:00,8963,23.57,90.23,23.15,99.7,25.86,2025.0,1
2025-01-08 11:00:00,8964,26.58,76.83,26.36,93.77,24.77,2025.0,1
2025-01-08 12:00:00,8965,26.91,74.47,28.44,74.17,24.6,2025.0,1
2025-01-08 13:00:00,8966,27.53,72.2,29.14,71.9,31.1,2025.0,1
2025-01-08 14:00:00,8967,28.26,68.73,31.25,65.2,36.23,2025.0,1
2025-01-08 15:00:00,8968,27.97,69.53,31.48,64.87,36.2,2025.0,1
2025-01-08 16:00:00,8969,26.82,74.73,28.37,74.77,44.2,2025.0,1
2025-01-08 17:00:00,8970,26.0,77.97,26.56,80.57,35.0,2025.0,1
2025-01-08 18:00:00,8971,25.08,82.13,25.4,86.27,33.19,2025.0,1
2025-01-08 19:00:00,8972,24.65,84.53,24.9,89.3,45.25,2025.0,1
2025-01-08 20:00:00,8973,24.46,84.87,24.65,89.73,33.61,2025.0,1
2025-01-08 21:00:00,8974,24.28,86.5,24.45,91.6,38.7,2025.0,1
2025-01-08 22:00:00,8975,24.11,88.62,24.18,94.28,64.41,2025.0,1
2025-01-08 23:00:00,8976,23.78,89.57,23.99,94.4,53.47,2025.0,1
2025-01-09 00:00:00,8977,23.09,91.4,23.26,95.6,33.92,2025.0,1
2025-01-09 01:00:00,8978,22.81,91.4,22.88,95.93,32.14,2025.0,1
2025-01-09 02:00:00,8979,22.83,91.43,22.79,96.3,37.1,2025.0,1
2025-01-09 03:00:00,8980,22.45,95.0,22.56,99.8,38.97,2025.0,1
2025-01-09 04:00:00,8981,22.34,94.9,22.48,99.9,34.51,2025.0,1
2025-01-09 05:00:00,8982,22.14,95.0,22.33,99.93,37.83,2025.0,1
2025-01-09 06:00:00,8983,22.16,95.4,22.48,99.6,38.39,2025.0,1
2025-01-09 07:00:00,8984,22.57,92.1,23.06,95.33,22.02,2025.0,1
2025-01-09 08:00:00,8985,23.25,88.07,24.06,89.7,17.08,2025.0,1
2025-01-09 09:00:00,8986,24.71,82.57,25.43,84.9,15.66,2025.0,1
2025-01-09 10:00:00,8987,25.17,80.93,26.04,82.5,16.19,2025.0,1
2025-01-09 11:00:00,8988,24.87,81.57,25.32,84.6,17.58,2025.0,1
2025-01-09 12:00:00,8989,24.34,83.7,25.61,84.97,20.75,2025.0,1
2025-01-09 13:00:00,8990,24.67,81.7,25.68,83.33,16.73,2025.0,1
2025-01-09 14:00:00,8991,25.46,78.8,26.95,78.33,24.63,2025.0,1
2025-01-09 15:00:00,8992,25.12,80.18,25.82,82.43,26.91,2025.0,1
2025-01-09 18:00:00,8995,23.67,83.53,24.0,87.23,23.96,2025.0,1
2025-01-09 19:00:00,8996,23.27,86.07,23.58,89.57,28.07,2025.0,1
2025-01-09 20:00:00,8997,23.18,87.17,23.46,90.6,31.09,2025.0,1
2025-01-09 21:00:00,8998,23.29,85.97,23.61,89.17,32.29,2025.0,1
2025-01-09 22:00:00,8999,23.12,86.4,23.46,89.63,29.44,2025.0,1
2025-01-09 23:00:00,9000,23.28,85.0,23.56,88.33,26.58,2025.0,1
2025-01-10 00:00:00,9001,23.24,84.93,23.4,88.4,27.25,2025.0,1
2025-01-10 01:00:00,9002,23.07,85.83,23.18,89.7,40.67,2025.0,1
2025-01-10 02:00:00,9003,22.91,85.9,23.06,89.9,37.14,2025.0,1
2025-01-10 03:00:00,9004,22.73,85.87,22.96,89.57,31.38,2025.0,1
2025-01-10 04:00:00,9005,22.83,86.23,22.92,90.07,40.09,2025.0,1
2025-01-10 05:00:00,9006,22.34,89.63,22.32,94.67,45.27,2025.0,1
2025-01-10 06:00:00,9007,22.21,90.83,22.26,95.67,35.17,2025.0,1
2025-01-10 07:00:00,9008,25.48,80.47,25.86,83.47,58.88,2025.0,1
2025-01-10 08:00:00,9009,29.46,66.37,30.01,69.17,46.33,2025.0,1
2025-01-10 09:00:00,9010,27.4,69.97,28.95,70.1,37.23,2025.0,1
2025-01-10 10:00:00,9011,28.66,67.27,29.75,68.93,41.13,2025.0,1
2025-01-10 11:00:00,9012,29.06,64.37,31.56,63.07,34.07,2025.0,1
2025-01-10 12:00:00,9013,29.16,63.33,31.93,61.8,31.13,2025.0,1
2025-01-10 13:00:00,9014,29.41,62.1,32.57,59.9,36.73,2025.0,1
2025-01-10 14:00:00,9015,28.66,64.1,31.41,62.33,46.87,2025.0,1
2025-01-10 15:00:00,9016,28.36,66.03,29.86,67.43,53.07,2025.0,1
2025-01-10 16:00:00,9017,26.99,68.77,27.66,72.63,48.8,2025.0,1
2025-01-10 17:00:00,9018,23.74,86.9,22.59,97.53,48.32,2025.0,1
2025-01-10 18:00:00,9019,22.09,92.53,21.37,100.0,41.74,2025.0,1
2025-01-10 19:00:00,9020,21.62,92.24,20.76,100.0,30.68,2025.0,1
2025-01-10 20:00:00,9021,22.13,93.29,21.38,100.0,37.35,2025.0,1
2025-01-10 22:00:00,9023,21.77,92.8,21.0,100.0,32.7,2025.0,1
2025-01-10 23:00:00,9024,22.0,93.83,21.4,100.0,41.63,2025.0,1
2025-01-11 00:00:00,9025,21.5,94.63,20.96,100.0,41.23,2025.0,1
2025-01-11 01:00:00,9026,21.38,94.72,20.86,100.0,51.22,2025.0,1
2025-01-11 02:00:00,9027,21.34,95.03,20.88,100.0,45.85,2025.0,1
2025-01-11 03:00:00,9028,21.41,95.63,21.04,100.0,44.98,2025.0,1
2025-01-11 04:00:00,9029,21.46,95.07,21.04,100.0,48.66,2025.0,1
2025-01-11 05:00:00,9030,21.35,95.03,20.94,100.0,48.02,2025.0,1
2025-01-11 06:00:00,9031,21.67,95.57,21.32,100.0,63.11,2025.0,1
2025-01-11 07:00:00,9032,23.1,91.34,22.58,100.0,51.8,2025.0,1
2025-01-11 08:00:00,9033,26.84,79.4,25.14,99.43,65.31,2025.0,1
2025-01-11 09:00:00,9034,30.47,69.33,30.39,74.2,,2025.0,1
2025-01-11 10:00:00,9035,32.07,61.07,32.01,65.67,68.63,2025.0,1
2025-01-11 11:00:00,9036,28.6,67.7,29.98,68.87,35.27,2025.0,1
2025-01-11 12:00:00,9037,29.7,64.6,32.02,64.1,28.23,2025.0,1
2025-01-11 13:00:00,9038,29.79,63.17,31.1,65.0,27.37,2025.0,1
2025-01-11 14:00:00,9039,30.43,62.17,31.06,66.0,28.14,2025.0,1
2025-01-11 15:00:00,9040,30.64,62.47,31.29,66.7,32.07,2025.0,1
2025-01-11 16:00:00,9041,26.9,75.5,26.39,84.53,37.09,2025.0,1
2025-01-11 17:00:00,9042,23.96,86.77,22.68,100.0,35.13,2025.0,1
2025-01-11 18:00:00,9043,23.76,88.57,22.95,100.0,36.98,2025.0,1
2025-01-11 19:00:00,9044,23.56,88.9,22.89,100.0,30.75,2025.0,1
2025-01-11 20:00:00,9045,23.58,90.37,22.96,100.0,28.92,2025.0,1
2025-01-11 21:00:00,9046,23.32,93.1,22.88,100.0,33.99,2025.0,1
2025-01-11 22:00:00,9047,23.13,94.57,22.75,100.0,26.62,2025.0,1
2025-01-11 23:00:00,9048,22.88,94.63,22.67,100.0,32.56,2025.0,1
2025-01-12 00:00:00,9049,22.82,92.3,22.98,98.53,42.66,2025.0,1
2025-01-12 01:00:00,9050,22.82,91.2,22.88,96.87,29.99,2025.0,1
2025-01-12 02:00:00,9051,22.71,88.9,22.68,94.37,16.06,2025.0,1
2025-01-12 03:00:00,9052,22.34,91.07,22.4,96.9,25.64,2025.0,1
2025-01-12 04:00:00,9053,21.79,94.57,21.9,99.67,46.7,2025.0,1
2025-01-12 05:00:00,9054,21.37,96.97,21.41,100.0,46.43,2025.0,1
2025-01-12 06:00:00,9055,22.1,95.53,22.44,98.5,57.84,2025.0,1
2025-01-12 07:00:00,9056,25.91,79.33,30.5,69.87,33.0,2025.0,1
2025-01-12 08:00:00,9057,27.97,70.1,31.58,63.27,16.8,2025.0,1
2025-01-12 09:00:00,9058,26.98,70.27,29.94,65.57,4.93,2025.0,1
2025-01-12 10:00:00,9059,27.73,68.5,30.51,64.53,5.07,2025.0,1
2025-01-12 11:00:00,9060,28.56,65.9,30.97,63.53,2.2,2025.0,1
2025-01-12 12:00:00,9061,27.93,68.97,30.0,67.83,3.41,2025.0,1
2025-01-12 13:00:00,9062,25.43,78.7,27.74,76.43,9.7,2025.0,1
2025-01-12 14:00:00,9063,26.58,74.4,29.02,71.87,5.97,2025.0,1
2025-01-12 15:00:00,9064,24.96,80.73,23.87,95.63,10.94,2025.0,1
2025-01-12 16:00:00,9065,25.9,76.9,25.52,87.37,17.63,2025.0,1
2025-01-12 17:00:00,9066,24.81,78.17,25.23,81.47,15.18,2025.0,1
2025-01-12 18:00:00,9067,24.16,80.8,24.5,84.87,14.87,2025.0,1
2025-01-12 19:00:00,9068,24.06,80.57,24.4,84.57,18.96,2025.0,1
2025-01-12 20:00:00,9069,24.02,79.67,24.28,83.67,25.02,2025.0,1
2025-01-12 21:00:00,9070,23.97,78.0,24.31,81.63,34.1,2025.0,1
2025-01-12 22:00:00,9071,23.85,77.3,24.18,80.43,29.4,2025.0,1
2025-01-12 23:00:00,9072,23.8,75.97,24.04,79.23,29.23,2025.0,1
2025-01-13 00:00:00,9073,23.6,76.57,23.84,79.13,22.83,2025.0,1
2025-01-13 01:00:00,9074,23.45,76.87,23.68,79.33,21.87,2025.0,1
2025-01-13 02:00:00,9075,23.19,78.4,23.36,81.2,19.63,2025.0,1
2025-01-13 03:00:00,9076,23.02,80.13,23.26,83.13,7.35,2025.0,1
2025-01-13 04:00:00,9077,22.88,82.0,23.13,85.07,1.85,2025.0,1
2025-01-13 05:00:00,9078,22.97,81.73,23.22,84.93,7.3,2025.0,1
2025-01-13 06:00:00,9079,23.57,79.67,25.03,79.5,15.1,2025.0,1
2025-01-13 07:00:00,9080,25.06,74.6,27.42,72.13,25.8,2025.0,1
2025-01-13 08:00:00,9081,29.89,59.43,35.08,51.8,14.17,2025.0,1
2025-01-13 09:00:00,9082,31.26,55.9,33.39,55.3,19.47,2025.0,1
2025-01-13 10:00:00,9083,28.29,65.0,29.27,67.43,22.43,2025.0,1
2025-01-13 11:00:00,9084,27.96,65.67,29.45,66.8,14.7,2025.0,1
2025-01-13 12:00:00,9085,30.55,60.2,32.1,61.73,7.87,2025.0,1
2025-01-13 13:00:00,9086,27.63,70.23,27.78,75.7,23.26,2025.0,1
2025-01-13 14:00:00,9087,24.94,80.87,22.82,99.73,18.93,2025.0,1
2025-01-13 15:00:00,9088,26.76,73.03,24.87,99.0,15.57,2025.0,1
2025-01-13 16:00:00,9089,24.43,85.57,23.46,100.0,23.27,2025.0,1
2025-01-13 17:00:00,9090,24.03,86.43,23.91,94.53,22.44,2025.0,1
2025-01-13 18:00:00,9091,24.12,86.47,24.15,93.37,26.78,2025.0,1
2025-01-13 19:00:00,9092,24.04,88.93,23.99,96.03,47.48,2025.0,1
2025-01-13 20:00:00,9093,23.48,91.97,23.53,98.0,53.91,2025.0,1
2025-01-13 21:00:00,9094,23.58,91.5,23.65,97.23,44.22,2025.0,1
2025-01-13 22:00:00,9095,23.72,88.77,23.68,95.0,44.76,2025.0,1
2025-01-13 23:00:00,9096,23.68,86.37,23.63,92.23,40.33,2025.0,1
2025-01-14 00:00:00,9097,23.24,90.2,23.19,95.5,53.49,2025.0,1
2025-01-14 01:00:00,9098,23.15,88.97,23.08,94.23,41.56,2025.0,1
2025-01-14 02:00:00,9099,22.66,92.8,22.7,98.0,56.35,2025.0,1
2025-01-14 03:00:00,9100,22.37,92.8,22.46,98.13,51.19,2025.0,1
2025-01-14 04:00:00,9101,22.09,92.97,22.11,98.5,39.95,2025.0,1
2025-01-14 05:00:00,9102,21.93,92.73,21.84,98.47,38.19,2025.0,1
2025-01-14 06:00:00,9103,22.64,90.87,22.67,95.67,49.89,2025.0,1
2025-01-14 07:00:00,9104,23.96,85.37,23.9,90.8,50.96,2025.0,1
2025-01-14 08:00:00,9105,28.47,70.43,29.22,72.13,49.11,2025.0,1
2025-01-14 09:00:00,9106,32.77,56.8,31.86,62.8,44.47,2025.0,1
2025-01-14 10:00:00,9107,33.48,52.93,33.38,57.73,32.93,2025.0,1
2025-01-14 11:00:00,9108,28.4,66.1,29.93,67.4,20.77,2025.0,1
2025-01-14 12:00:00,9109,28.07,67.03,30.32,66.6,19.27,2025.0,1
2025-01-14 13:00:00,9110,29.72,61.7,31.71,62.6,12.67,2025.0,1
2025-01-14 14:00:00,9111,28.46,68.0,28.52,73.47,30.23,2025.0,1
2025-01-14 15:00:00,9112,26.64,75.43,26.62,81.3,42.02,2025.0,1
2025-01-14 16:00:00,9113,22.21,90.63,21.79,97.9,26.62,2025.0,1
2025-01-14 17:00:00,9114,21.5,94.33,21.1,100.0,26.38,2025.0,1
2025-01-14 18:00:00,9115,21.97,95.23,21.57,100.0,35.26,2025.0,1
2025-01-14 19:00:00,9116,21.95,95.83,21.56,100.0,41.7,2025.0,1
2025-01-14 20:00:00,9117,21.67,97.0,21.42,100.0,40.24,2025.0,1
2025-01-14 21:00:00,9118,21.89,96.3,21.45,100.0,38.52,2025.0,1
2025-01-14 22:00:00,9119,21.99,96.23,21.49,100.0,35.44,2025.0,1
2025-01-14 23:00:00,9120,21.98,96.53,21.49,100.0,48.93,2025.0,1
2025-01-15 00:00:00,9121,21.64,96.87,21.28,100.0,38.88,2025.0,1
2025-01-15 01:00:00,9122,21.45,98.0,21.26,100.0,39.86,2025.0,1
2025-01-15 02:00:00,9123,21.63,97.43,21.37,100.0,35.93,2025.0,1
2025-01-15 03:00:00,9124,21.69,97.0,21.38,100.0,33.16,2025.0,1
2025-01-15 04:00:00,9125,21.69,97.13,21.38,100.0,32.56,2025.0,1
2025-01-15 05:00:00,9126,21.72,97.0,21.36,100.0,35.38,2025.0,1
2025-01-15 06:00:00,9127,22.1,96.53,21.76,100.0,52.26,2025.0,1
2025-01-15 07:00:00,9128,24.3,89.03,23.38,100.0,54.67,2025.0,1
2025-01-15 08:00:00,9129,28.61,74.73,28.44,93.5,66.54,2025.0,1
2025-01-15 09:00:00,9130,30.75,66.8,30.14,72.4,52.9,2025.0,1
2025-01-15 10:00:00,9131,33.5,57.13,32.21,64.77,46.9,2025.0,1
2025-01-15 11:00:00,9132,,52.4,34.71,58.23,35.89,2025.0,1
2025-01-15 12:00:00,9133,33.57,52.07,34.21,56.0,16.59,2025.0,1
2025-01-15 13:00:00,9134,32.0,55.53,33.25,58.9,19.93,2025.0,1
2025-01-15 14:00:00,9135,29.34,62.47,31.1,64.4,13.73,2025.0,1
2025-01-15 15:00:00,9136,28.17,67.67,29.34,70.23,27.27,2025.0,1
2025-01-15 16:00:00,9137,27.62,71.2,28.55,74.27,34.5,2025.0,1
2025-01-15 17:00:00,9138,26.97,72.77,27.56,77.0,35.37,2025.0,1
2025-01-15 18:00:00,9139,25.92,77.97,26.23,81.77,40.7,2025.0,1
2025-01-15 19:00:00,9140,25.23,79.23,25.45,83.73,42.46,2025.0,1
2025-01-15 20:00:00,9141,24.94,79.43,25.09,83.93,38.39,2025.0,1
2025-01-15 21:00:00,9142,24.6,79.23,24.73,83.83,40.41,2025.0,1
2025-01-15 22:00:00,9143,24.3,78.87,24.36,83.63,44.0,2025.0,1
2025-01-15 23:00:00,9144,23.98,80.1,23.97,85.17,38.62,2025.0,1
2025-01-16 00:00:00,9145,24.02,78.73,24.11,83.0,46.33,2025.0,1
2025-01-16 01:00:00,9146,23.73,81.0,23.56,86.23,44.5,2025.0,1
2025-01-16 02:00:00,9147,22.92,85.07,22.91,89.67,34.35,2025.0,1
2025-01-16 03:00:00,9148,22.61,87.63,22.38,93.47,45.63,2025.0,1
2025-01-16 04:00:00,9149,22.0,90.1,21.97,95.6,36.83,2025.0,1
2025-01-16 05:00:00,9150,21.84,90.23,21.91,95.33,42.9,2025.0,1
2025-01-16 06:00:00,9151,22.44,87.83,22.55,92.3,50.92,2025.0,1
2025-01-16 07:00:00,9152,26.28,76.43,25.89,81.6,61.45,2025.0,1
2025-01-16 08:00:00,9153,29.96,65.8,29.69,70.97,67.13,2025.0,1
2025-01-16 09:00:00,9154,32.31,56.1,34.24,56.13,37.53,2025.0,1
2025-01-16 10:00:00,9155,29.84,61.7,31.43,62.93,22.97,2025.0,1
2025-01-16 11:00:00,9156,29.62,62.67,31.7,63.3,16.23,2025.0,1
2025-01-16 12:00:00,9157,29.44,63.3,32.13,62.53,25.57,2025.0,1
2025-01-16 13:00:00,9158,30.06,62.2,32.26,62.4,27.27,2025.0,1
2025-01-16 14:00:00,9159,29.65,63.13,32.35,62.3,26.1,2025.0,1
2025-01-16 15:00:00,9160,28.93,67.03,32.09,64.47,31.47,2025.0,1
2025-01-16 16:00:00,9161,27.44,74.2,28.91,75.0,45.57,2025.0,1
2025-01-16 17:00:00,9162,25.22,81.23,25.67,85.4,30.62,2025.0,1
2025-01-16 18:00:00,9163,24.41,83.37,24.72,88.3,21.37,2025.0,1
2025-01-16 19:00:00,9164,24.54,83.23,24.87,87.97,23.78,2025.0,1
2025-01-16 20:00:00,9165,24.48,82.8,24.8,87.27,24.32,2025.0,1
2025-01-16 21:00:00,9166,24.05,84.03,24.32,89.0,23.74,2025.0,1
2025-01-16 22:00:00,9167,23.55,85.93,23.74,90.23,17.69,2025.0,1
2025-01-16 23:00:00,9168,23.69,84.5,23.84,89.27,20.46,2025.0,1
2025-01-17 00:00:00,9169,23.62,84.6,23.78,88.6,14.52,2025.0,1
2025-01-17 01:00:00,9170,23.58,84.53,23.66,88.5,13.42,2025.0,1
2025-01-17 02:00:00,9171,23.57,84.63,23.58,88.97,16.39,2025.0,1
2025-01-17 03:00:00,9172,23.57,83.3,23.61,87.4,17.6,2025.0,1
2025-01-17 04:00:00,9173,23.37,83.8,23.49,87.43,15.57,2025.0,1
2025-01-17 05:00:00,9174,23.23,84.0,23.36,87.73,16.75,2025.0,1
2025-01-17 06:00:00,9175,23.68,82.5,24.72,83.43,18.29,2025.0,1
2025-01-17 07:00:00,9176,25.64,76.17,28.29,72.07,22.97,2025.0,1
2025-01-17 08:00:00,9177,26.1,74.1,28.52,70.57,18.87,2025.0,1
2025-01-17 09:00:00,9178,26.59,73.67,29.73,68.97,31.0,2025.0,1
2025-01-17 10:00:00,9179,27.8,70.87,30.26,68.23,34.33,2025.0,1
2025-01-17 11:00:00,9180,28.54,68.43,31.11,66.27,29.27,2025.0,1
2025-01-17 12:00:00,9181,28.65,69.67,31.87,65.73,29.7,2025.0,1
2025-01-17 13:00:00,9182,28.14,70.53,30.42,68.87,26.37,2025.0,1
2025-01-17 14:00:00,9183,27.75,70.7,29.82,69.67,30.97,2025.0,1
2025-01-17 15:00:00,9184,27.24,73.2,28.01,75.6,39.63,2025.0,1
2025-01-17 16:00:00,9185,25.33,81.5,25.94,84.67,34.42,2025.0,1
2025-01-17 17:00:00,9186,23.54,91.59,23.43,98.67,44.05,2025.0,1
2025-01-17 18:00:00,9187,23.19,93.7,22.94,100.0,55.28,2025.0,1
2025-01-17 19:00:00,9188,23.48,90.7,23.64,96.07,37.94,2025.0,1
2025-01-17 20:00:00,9189,23.34,91.67,23.39,96.9,37.65,2025.0,1
2025-01-17 21:00:00,9190,23.15,92.67,23.28,97.57,41.74,2025.0,1
2025-01-17 22:00:00,9191,23.07,93.68,23.18,98.71,45.37,2025.0,1
2025-01-18 00:00:00,9193,22.65,93.97,22.04,100.0,33.52,2025.0,1
2025-01-18 01:00:00,9194,22.42,92.6,21.92,100.0,20.81,2025.0,1
2025-01-18 02:00:00,9195,21.97,93.17,21.6,100.0,14.67,2025.0,1
2025-01-18 03:00:00,9196,22.43,94.17,22.26,99.67,21.48,2025.0,1
2025-01-18 04:00:00,9197,21.5,95.33,21.28,99.87,19.72,2025.0,1
2025-01-18 05:00:00,9198,21.18,96.5,20.73,100.0,16.77,2025.0,1
2025-01-18 06:00:00,9199,21.29,95.27,21.0,100.0,15.9,2025.0,1
2025-01-18 07:00:00,9200,23.22,88.7,22.88,100.0,15.16,2025.0,1
2025-01-18 08:00:00,9201,27.5,74.5,28.13,92.97,21.57,2025.0,1
2025-01-18 09:00:00,9202,27.69,72.23,29.59,70.7,7.63,2025.0,1
2025-01-18 10:00:00,9203,26.86,74.87,29.07,72.47,14.9,2025.0,1
2025-01-18 11:00:00,9204,26.97,73.59,29.68,69.97,10.38,2025.0,1
2025-01-18 12:00:00,9205,28.13,69.27,30.74,66.57,7.43,2025.0,1
2025-01-18 13:00:00,9206,26.99,71.2,29.12,70.03,12.23,2025.0,1
2025-01-18 14:00:00,9207,26.99,68.9,28.4,69.67,7.47,2025.0,1
2025-01-18 15:00:00,9208,26.03,73.07,26.89,74.37,14.17,2025.0,1
2025-01-18 16:00:00,9209,25.78,75.57,26.51,77.2,16.37,2025.0,1
2025-01-18 17:00:00,9210,25.49,75.93,25.95,78.47,24.03,2025.0,1
2025-01-18 18:00:00,9211,24.86,77.83,25.19,80.93,24.23,2025.0,1
2025-01-18 19:00:00,9212,24.55,77.43,24.9,80.57,12.53,2025.0,1
2025-01-18 20:00:00,9213,24.19,78.97,24.51,82.37,21.0,2025.0,1
2025-01-18 21:00:00,9214,22.96,86.43,23.01,91.1,7.86,2025.0,1
2025-01-18 22:00:00,9215,22.58,88.96,22.71,93.57,19.33,2025.0,1
2025-01-18 23:00:00,9216,22.71,88.3,22.78,92.96,21.91,2025.0,1
2025-01-19 00:00:00,9217,22.71,88.3,22.7,92.93,26.24,2025.0,1
2025-01-19 01:00:00,9218,22.3,91.33,22.13,97.47,40.18,2025.0,1
2025-01-19 02:00:00,9219,22.07,91.4,22.02,96.77,34.75,2025.0,1
2025-01-19 03:00:00,9220,21.91,91.63,21.92,96.47,30.89,2025.0,1
2025-01-19 04:00:00,9221,21.97,90.8,22.03,95.27,28.41,2025.0,1
2025-01-19 05:00:00,9222,21.71,90.6,21.62,95.8,30.48,2025.0,1
2025-01-19 06:00:00,9223,24.74,82.67,26.36,81.6,62.23,2025.0,1
2025-01-19 07:00:00,9224,29.53,65.5,33.13,60.17,49.9,2025.0,1
2025-01-19 08:00:00,9225,27.11,67.86,31.06,61.23,14.4,2025.0,1
2025-01-19 09:00:00,9226,27.81,66.7,30.6,63.4,6.17,2025.0,1
2025-01-19 10:00:00,9227,28.38,66.1,30.22,65.47,4.03,2025.0,1
2025-01-19 11:00:00,9228,28.7,64.63,30.7,64.1,5.87,2025.0,1
2025-01-19 12:00:00,9229,28.99,63.53,31.24,62.7,16.87,2025.0,1
2025-01-19 13:00:00,9230,27.95,69.13,30.62,66.97,21.9,2025.0,1
2025-01-19 14:00:00,9231,27.21,73.5,29.42,71.73,25.03,2025.0,1
2025-01-19 15:00:00,9232,23.95,85.93,24.66,88.87,13.19,2025.0,1
2025-01-19 16:00:00,9233,22.85,90.17,22.09,100.0,16.68,2025.0,1
2025-01-19 17:00:00,9234,23.19,89.47,22.43,100.0,15.95,2025.0,1
2025-01-19 18:00:00,9235,23.37,89.0,22.56,100.0,18.31,2025.0,1
2025-01-19 19:00:00,9236,23.51,88.17,23.37,96.57,21.73,2025.0,1
2025-01-19 20:00:00,9237,23.58,85.77,23.57,91.3,21.22,2025.0,1
2025-01-19 21:00:00,9238,23.6,84.13,23.65,89.17,17.02,2025.0,1
2025-01-19 22:00:00,9239,23.49,84.72,23.36,90.07,21.02,2025.0,1
2025-01-19 23:00:00,9240,23.02,89.57,23.13,94.48,28.34,2025.0,1
2025-01-20 00:00:00,9241,23.05,87.53,23.33,91.47,16.73,2025.0,1
2025-01-20 01:00:00,9242,23.11,85.17,23.39,89.03,11.21,2025.0,1
2025-01-20 02:00:00,9243,22.15,90.3,22.28,94.33,9.51,2025.0,1
2025-01-20 03:00:00,9244,20.43,96.6,20.04,100.0,6.36,2025.0,1
2025-01-20 04:00:00,9245,20.67,96.6,20.25,100.0,15.52,2025.0,1
2025-01-20 05:00:00,9246,21.01,94.33,20.38,100.0,16.84,2025.0,1
2025-01-20 06:00:00,9247,21.45,93.83,20.81,100.0,32.65,2025.0,1
2025-01-20 07:00:00,9248,22.33,91.07,21.75,100.0,26.11,2025.0,1
2025-01-20 08:00:00,9249,23.89,86.67,25.05,94.27,23.87,2025.0,1
2025-01-20 09:00:00,9250,25.57,80.27,28.07,76.8,18.96,2025.0,1
2025-01-20 10:00:00,9251,27.19,74.17,29.0,72.67,19.93,2025.0,1
2025-01-20 11:00:00,9252,26.44,76.1,28.15,74.87,19.4,2025.0,1
2025-01-20 12:00:00,9253,26.68,76.2,28.73,74.17,24.1,2025.0,1
2025-01-20 13:00:00,9254,26.95,74.8,28.55,74.17,18.4,2025.0,1
2025-01-20 14:00:00,9255,25.01,79.63,26.17,80.2,16.76,2025.0,1
2025-01-20 15:00:00,9256,23.69,85.27,24.62,87.13,21.51,2025.0,1
2025-01-20 16:00:00,9257,22.27,93.17,22.0,98.93,23.41,2025.0,1
2025-01-20 17:00:00,9258,22.73,91.77,21.87,100.0,24.1,2025.0,1
2025-01-20 18:00:00,9259,22.88,90.2,21.85,100.0,19.59,2025.0,1
2025-01-20 19:00:00,9260,22.57,93.07,21.82,100.0,61.08,2025.0,1
2025-01-20 20:00:00,9261,22.07,96.07,21.58,100.0,47.9,2025.0,1
2025-01-20 21:00:00,9262,21.97,95.03,21.24,100.0,33.59,2025.0,1
2025-01-20 22:00:00,9263,21.97,95.27,21.26,100.0,37.14,2025.0,1
2025-01-20 23:00:00,9264,22.04,96.1,21.47,100.0,44.82,2025.0,1
2025-01-21 00:00:00,9265,21.99,95.93,21.42,100.0,46.88,2025.0,1
2025-01-21 01:00:00,9266,21.87,96.2,21.39,100.0,53.13,2025.0,1
2025-01-21 02:00:00,9267,21.89,96.23,21.43,100.0,33.75,2025.0,1
2025-01-21 03:00:00,9268,22.08,94.33,21.54,100.0,29.12,2025.0,1
2025-01-21 04:00:00,9269,21.98,95.3,21.55,100.0,31.87,2025.0,1
2025-01-21 05:00:00,9270,21.89,96.07,21.55,100.0,29.5,2025.0,1
2025-01-21 06:00:00,9271,21.49,98.23,21.23,100.0,25.68,2025.0,1
2025-01-21 07:00:00,9272,21.65,97.3,21.31,100.0,26.29,2025.0,1
2025-01-21 08:00:00,9273,22.92,91.7,22.35,100.0,28.3,2025.0,1
2025-01-21 09:00:00,9274,24.22,85.93,24.24,100.0,27.67,2025.0,1
2025-01-21 10:00:00,9275,24.82,83.67,25.85,91.3,27.38,2025.0,1
2025-01-21 11:00:00,9276,25.71,81.73,26.43,84.4,29.26,2025.0,1
2025-01-21 12:00:00,9277,26.57,78.44,27.56,79.96,36.87,2025.0,1
2025-01-21 13:00:00,9278,23.3,90.83,22.98,97.83,27.25,2025.0,1
2025-01-21 14:00:00,9279,22.98,92.7,22.36,100.0,25.44,2025.0,1
2025-01-21 15:00:00,9280,22.15,94.17,21.37,100.0,24.3,2025.0,1
2025-01-21 16:00:00,9281,21.26,95.2,20.72,100.0,17.73,2025.0,1
2025-01-21 17:00:00,9282,21.78,94.83,21.05,100.0,22.92,2025.0,1
2025-01-21 18:00:00,9283,22.09,91.79,21.07,100.0,19.01,2025.0,1
2025-01-21 19:00:00,9284,22.11,93.67,21.32,100.0,30.22,2025.0,1
2025-01-21 20:00:00,9285,21.88,95.0,21.26,100.0,35.26,2025.0,1
2025-01-21 21:00:00,9286,21.89,95.9,21.38,100.0,53.73,2025.0,1
2025-01-21 22:00:00,9287,21.92,96.43,21.43,100.0,67.4,2025.0,1
2025-01-21 23:00:00,9288,21.88,96.1,21.36,100.0,65.28,2025.0,1
2025-01-22 00:00:00,9289,21.76,96.48,21.23,100.0,62.48,2025.0,1
2025-01-22 01:00:00,9290,21.26,97.3,20.84,100.0,56.95,2025.0,1
2025-01-22 02:00:00,9291,21.06,97.76,20.59,100.0,,2025.0,1
2025-01-22 03:00:00,9292,21.02,97.5,20.5,100.0,47.4,2025.0,1
2025-01-22 04:00:00,9293,21.23,96.63,20.58,100.0,41.43,2025.0,1
2025-01-22 05:00:00,9294,21.25,96.5,20.6,100.0,42.97,2025.0,1
2025-01-22 06:00:00,9295,21.55,96.37,20.96,100.0,53.69,2025.0,1
2025-01-22 07:00:00,9296,24.09,88.63,22.83,100.0,42.46,2025.0,1
2025-01-22 08:00:00,9297,25.77,82.13,24.69,100.0,46.71,2025.0,1
2025-01-22 09:00:00,9298,27.36,75.13,25.99,99.6,50.2,2025.0,1
2025-01-22 10:00:00,9299,28.2,69.9,30.7,69.07,22.57,2025.0,1
2025-01-22 11:00:00,9300,28.39,67.63,29.42,69.13,12.93,2025.0,1
2025-01-22 12:00:00,9301,27.43,70.69,29.86,68.76,17.52,2025.0,1
2025-01-22 13:00:00,9302,27.71,71.43,29.97,69.63,24.77,2025.0,1
2025-01-22 14:00:00,9303,27.71,71.67,28.78,73.3,25.9,2025.0,1
2025-01-22 15:00:00,9304,26.77,75.7,27.77,77.6,33.07,2025.0,1
2025-01-22 16:00:00,9305,25.58,80.66,26.41,82.93,27.64,2025.0,1
2025-01-22 17:00:00,9306,23.85,86.5,24.38,90.04,27.68,2025.0,1
2025-01-22 18:00:00,9307,22.72,90.1,22.78,95.66,27.42,2025.0,1
2025-01-22 19:00:00,9308,22.29,91.67,21.59,100.0,27.79,2025.0,1
2025-01-22 20:00:00,9309,22.19,91.63,21.32,100.0,28.83,2025.0,1
2025-01-22 21:00:00,9310,21.99,92.47,21.04,100.0,31.02,2025.0,1
2025-01-22 22:00:00,9311,21.76,95.07,21.1,100.0,47.93,2025.0,1
2025-01-22 23:00:00,9312,21.35,94.4,20.55,100.0,38.99,2025.0,1
2025-01-23 00:00:00,9313,21.01,95.07,20.17,100.0,33.1,2025.0,1
2025-01-23 01:00:00,9314,20.74,95.73,19.93,100.0,29.37,2025.0,1
2025-01-23 02:00:00,9315,20.74,96.13,20.01,100.0,24.63,2025.0,1
2025-01-23 03:00:00,9316,20.91,95.7,20.29,100.0,28.68,2025.0,1
2025-01-23 04:00:00,9317,20.96,96.3,20.44,100.0,34.53,2025.0,1
2025-01-23 05:00:00,9318,20.8,97.8,20.4,100.0,37.65,2025.0,1
2025-01-23 06:00:00,9319,20.81,98.03,20.42,100.0,45.72,2025.0,1
2025-01-23 07:00:00,9320,23.14,90.8,23.27,100.0,64.8,2025.0,1
2025-01-23 08:00:00,9321,31.86,63.87,32.54,81.4,53.8,2025.0,1
2025-01-23 09:00:00,9322,31.14,59.5,34.07,56.83,46.2,2025.0,1
2025-01-23 10:00:00,9323,31.72,56.93,32.64,58.93,35.9,2025.0,1
2025-01-23 11:00:00,9324,30.91,58.97,31.57,62.2,26.17,2025.0,1
2025-01-23 12:00:00,9325,29.3,63.13,31.85,62.0,28.43,2025.0,1
2025-01-23 13:00:00,9326,28.23,66.77,29.77,67.73,31.83,2025.0,1
2025-01-23 14:00:00,9327,27.98,69.03,29.18,71.0,41.3,2025.0,1
2025-01-23 15:00:00,9328,27.57,71.43,28.9,73.03,50.2,2025.0,1
2025-01-23 16:00:00,9329,25.03,81.47,25.37,85.83,48.74,2025.0,1
2025-01-23 17:00:00,9330,21.62,91.83,20.76,100.0,20.26,2025.0,1
2025-01-23 18:00:00,9331,21.83,91.13,20.88,100.0,19.01,2025.0,1
2025-01-23 19:00:00,9332,22.13,90.27,21.08,100.0,25.46,2025.0,1
2025-01-23 20:00:00,9333,22.01,92.63,21.12,100.0,30.46,2025.0,1
2025-01-23 21:00:00,9334,21.87,92.87,20.92,100.0,38.84,2025.0,1
2025-01-23 22:00:00,9335,21.65,94.17,20.9,100.0,39.6,2025.0,1
2025-01-23 23:00:00,9336,21.28,95.23,20.72,100.0,43.57,2025.0,1
2025-01-24 00:00:00,9337,20.98,96.63,20.61,100.0,39.13,2025.0,1
2025-01-24 01:00:00,9338,20.98,96.23,20.54,100.0,45.76,2025.0,1
2025-01-24 02:00:00,9339,21.01,94.57,20.35,100.0,41.34,2025.0,1
2025-01-24 03:00:00,9340,21.12,95.5,20.65,100.0,39.71,2025.0,1
2025-01-24 04:00:00,9341,20.98,95.6,20.5,100.0,33.19,2025.0,1
2025-01-24 05:00:00,9342,20.83,97.3,20.46,100.0,48.78,2025.0,1
2025-01-24 06:00:00,9343,21.29,96.5,20.95,100.0,48.28,2025.0,1
2025-01-24 07:00:00,9344,26.9,80.73,28.52,90.3,58.86,2025.0,1
2025-01-24 08:00:00,9345,30.58,67.83,30.8,70.23,62.97,2025.0,1
2025-01-24 09:00:00,9346,32.22,62.83,31.7,68.47,,2025.0,1
2025-01-24 10:00:00,9347,,56.0,32.68,64.03,62.33,2025.0,1
2025-01-24 11:00:00,9348,31.81,58.5,32.0,64.0,17.85,2025.0,1
2025-01-24 12:00:00,9349,33.04,54.72,33.0,60.59,6.17,2025.0,1
2025-01-24 13:00:00,9350,31.23,60.8,31.3,66.97,26.73,2025.0,1
2025-01-24 14:00:00,9351,24.56,84.66,23.57,95.1,30.32,2025.0,1
2025-01-24 15:00:00,9352,23.07,92.1,22.22,100.0,26.6,2025.0,1
2025-01-24 16:00:00,9353,22.99,91.92,22.0,100.0,15.87,2025.0,1
2025-01-24 17:00:00,9354,21.64,94.86,21.19,100.0,5.38,2025.0,1
2025-01-24 18:00:00,9355,21.37,95.3,20.86,100.0,12.71,2025.0,1
2025-01-24 19:00:00,9356,21.58,96.7,21.2,100.0,20.64,2025.0,1
2025-01-24 20:00:00,9357,21.57,97.0,21.22,100.0,20.41,2025.0,1
2025-01-24 21:00:00,9358,21.58,97.25,21.24,100.0,25.18,2025.0,1
2025-01-24 22:00:00,9359,21.66,98.0,21.39,100.0,27.56,2025.0,1
2025-01-24 23:00:00,9360,21.5,98.0,21.18,100.0,25.08,2025.0,1
2025-01-25 00:00:00,9361,21.42,98.23,21.18,100.0,28.07,2025.0,1
2025-01-25 01:00:00,9362,21.26,99.0,21.03,100.0,30.42,2025.0,1
2025-01-25 02:00:00,9363,21.27,98.87,21.0,100.0,31.42,2025.0,1
2025-01-25 03:00:00,9364,21.49,98.07,21.12,100.0,32.16,2025.0,1
2025-01-25 04:00:00,9365,21.51,98.0,21.12,100.0,30.89,2025.0,1
2025-01-25 05:00:00,9366,21.47,97.97,21.05,100.0,32.47,2025.0,1
2025-01-25 06:00:00,9367,21.64,97.67,21.31,100.0,34.84,2025.0,1
2025-01-25 07:00:00,9368,24.42,88.87,23.83,100.0,35.35,2025.0,1
2025-01-25 08:00:00,9369,29.61,72.53,28.74,99.33,50.51,2025.0,1
2025-01-25 09:00:00,9370,31.95,63.23,32.02,79.53,43.2,2025.0,1
2025-01-25 10:00:00,9371,,55.73,32.87,63.33,32.33,2025.0,1
2025-01-25 11:00:00,9372,,51.4,33.5,61.93,29.03,2025.0,1
2025-01-25 12:00:00,9373,31.41,60.53,31.42,66.37,41.37,2025.0,1
2025-01-25 13:00:00,9374,26.73,76.63,28.38,77.4,33.74,2025.0,1
2025-01-25 14:00:00,9375,25.11,80.13,24.2,93.3,22.94,2025.0,1
2025-01-25 15:00:00,9376,26.77,73.27,24.7,98.53,37.27,2025.0,1
2025-01-25 16:00:00,9377,25.06,82.4,24.29,97.33,29.39,2025.0,1
2025-01-25 17:00:00,9378,23.74,89.07,23.24,97.07,27.14,2025.0,1
2025-01-25 18:00:00,9379,22.31,94.9,21.87,100.0,32.94,2025.0,1
2025-01-25 19:00:00,9380,22.53,93.83,21.87,100.0,30.93,2025.0,1
2025-01-25 20:00:00,9381,22.6,91.33,21.71,100.0,23.81,2025.0,1
2025-01-25 21:00:00,9382,22.88,91.67,22.03,100.0,37.81,2025.0,1
2025-01-25 22:00:00,9383,22.5,94.6,21.89,100.0,46.1,2025.0,1
2025-01-25 23:00:00,9384,22.39,96.0,21.85,100.0,42.9,2025.0,1
2025-01-26 00:00:00,9385,22.2,97.6,21.89,100.0,58.02,2025.0,1
2025-01-26 01:00:00,9386,22.31,98.0,21.95,100.0,63.34,2025.0,1
2025-01-26 02:00:00,9387,22.1,98.37,21.8,100.0,60.21,2025.0,1
2025-01-26 03:00:00,9388,21.74,99.0,21.54,100.0,47.24,2025.0,1
2025-01-26 04:00:00,9389,21.55,98.17,21.17,100.0,44.64,2025.0,1
2025-01-26 05:00:00,9390,21.47,99.0,21.27,100.0,54.67,2025.0,1
2025-01-26 06:00:00,9391,21.83,99.0,21.76,100.0,49.16,2025.0,1
2025-01-26 07:00:00,9392,25.71,87.73,25.52,99.8,52.46,2025.0,1
2025-01-26 08:00:00,9393,31.32,69.13,30.45,97.47,,2025.0,1
2025-01-26 09:00:00,9394,,56.57,36.14,60.37,54.2,2025.0,1
2025-01-26 10:00:00,9395,32.78,57.23,34.01,59.27,30.57,2025.0,1
2025-01-26 11:00:00,9396,30.99,61.2,32.18,63.5,21.1,2025.0,1
2025-01-26 12:00:00,9397,31.3,60.77,33.1,61.8,10.7,2025.0,1
2025-01-26 13:00:00,9398,30.04,65.03,33.06,63.47,12.63,2025.0,1
2025-01-26 14:00:00,9399,28.74,69.37,29.74,72.07,20.87,2025.0,1
2025-01-26 15:00:00,9400,24.43,83.93,24.34,91.3,20.18,2025.0,1
2025-01-26 16:00:00,9401,22.77,92.57,22.26,100.0,23.96,2025.0,1
2025-01-26 17:00:00,9402,22.51,95.33,22.08,100.0,22.91,2025.0,1
2025-01-26 18:00:00,9403,22.54,96.63,22.12,100.0,22.96,2025.0,1
2025-01-26 19:00:00,9404,22.63,96.37,22.22,100.0,21.22,2025.0,1
2025-01-26 20:00:00,9405,22.61,96.4,22.14,100.0,29.37,2025.0,1
2025-01-26 21:00:00,9406,22.34,97.2,22.0,100.0,33.86,2025.0,1
2025-01-26 22:00:00,9407,22.6,97.17,22.26,100.0,33.46,2025.0,1
2025-01-26 23:00:00,9408,22.32,97.8,22.06,100.0,42.86,2025.0,1
2025-01-27 00:00:00,9409,22.26,98.2,22.05,100.0,49.54,2025.0,1
2025-01-27 01:00:00,9410,22.29,98.03,21.97,100.0,50.41,2025.0,1
2025-01-27 02:00:00,9411,22.42,98.27,22.17,100.0,47.17,2025.0,1
2025-01-27 03:00:00,9412,21.92,98.77,21.71,100.0,38.17,2025.0,1
2025-01-27 04:00:00,9413,21.7,97.87,21.36,100.0,37.9,2025.0,1
2025-01-27 05:00:00,9414,21.41,98.47,21.23,100.0,39.66,2025.0,1
2025-01-27 06:00:00,9415,21.64,98.37,21.44,100.0,40.31,2025.0,1
2025-01-27 07:00:00,9416,22.99,94.07,23.16,100.0,41.5,2025.0,1
2025-01-27 08:00:00,9417,28.35,74.93,28.01,94.97,49.09,2025.0,1
2025-01-27 09:00:00,9418,31.18,66.27,30.67,71.27,26.03,2025.0,1
2025-01-27 10:00:00,9419,30.8,67.0,29.61,74.0,0.0,2025.0,1
2025-01-27 11:00:00,9420,30.8,67.0,29.61,74.0,0.0,2025.0,1
2025-01-27 12:00:00,9421,30.8,67.0,29.61,74.0,0.0,2025.0,1
2025-01-27 13:00:00,9422,30.8,67.0,29.61,74.0,0.0,2025.0,1
2025-01-27 14:00:00,9423,30.8,67.0,29.61,74.0,0.0,2025.0,1
2025-01-27 15:00:00,9424,30.8,67.0,29.61,74.0,0.0,2025.0,1
2025-01-27 16:00:00,9425,30.8,67.0,29.61,74.0,0.0,2025.0,1
2025-01-27 17:00:00,9426,30.8,67.0,29.61,74.0,0.0,2025.0,1
2025-01-27 18:00:00,9427,25.11,82.45,24.88,93.14,35.19,2025.0,1
2025-01-27 19:00:00,9428,24.4,80.77,24.52,86.37,27.14,2025.0,1
2025-01-27 20:00:00,9429,24.02,81.13,24.12,86.73,26.62,2025.0,1
2025-01-27 21:00:00,9430,23.59,83.07,23.61,88.47,31.67,2025.0,1
2025-01-27 22:00:00,9431,23.22,84.93,23.31,89.8,37.14,2025.0,1
2025-01-27 23:00:00,9432,22.9,85.0,23.04,89.63,31.02,2025.0,1
2025-01-28 00:00:00,9433,22.7,82.57,22.8,86.7,27.92,2025.0,1
2025-01-28 01:00:00,9434,22.18,87.23,22.15,92.7,36.69,2025.0,1
2025-01-28 02:00:00,9435,21.8,90.07,21.81,95.43,44.51,2025.0,1
2025-01-28 03:00:00,9436,21.37,94.83,21.37,99.87,64.63,2025.0,1
2025-01-28 04:00:00,9437,21.11,95.0,21.21,100.0,66.2,2025.0,1
2025-01-28 05:00:00,9438,20.91,94.07,21.05,98.63,43.95,2025.0,1
2025-01-28 06:00:00,9439,21.63,90.0,21.88,93.8,49.31,2025.0,1
2025-01-28 07:00:00,9440,24.83,79.4,25.96,80.2,,2025.0,1
2025-01-28 08:00:00,9441,30.11,61.4,33.59,56.4,48.97,2025.0,1
2025-01-28 09:00:00,9442,30.27,58.9,34.38,53.37,29.33,2025.0,1
2025-01-28 10:00:00,9443,33.61,51.23,33.86,54.83,25.13,2025.0,1
2025-01-28 11:00:00,9444,33.08,53.3,32.83,59.17,30.07,2025.0,1
2025-01-28 12:00:00,9445,28.85,65.63,30.78,66.2,34.87,2025.0,1
2025-01-28 13:00:00,9446,29.48,64.33,31.07,65.83,32.87,2025.0,1
2025-01-28 14:00:00,9447,26.7,74.77,29.16,72.77,32.94,2025.0,1
2025-01-28 15:00:00,9448,23.97,84.23,24.82,86.87,23.65,2025.0,1
2025-01-28 16:00:00,9449,23.14,87.4,23.69,90.93,19.18,2025.0,1
2025-01-28 17:00:00,9450,23.26,86.5,23.52,90.87,21.98,2025.0,1
2025-01-28 18:00:00,9451,22.91,88.2,23.09,93.27,28.25,2025.0,1
2025-01-28 19:00:00,9452,22.76,89.53,22.94,94.0,29.41,2025.0,1
2025-01-28 20:00:00,9453,22.68,90.17,22.73,95.33,42.03,2025.0,1
2025-01-28 21:00:00,9454,22.39,92.4,22.5,97.67,43.1,2025.0,1
2025-01-28 22:00:00,9455,22.47,92.77,22.65,97.77,65.01,2025.0,1
2025-01-28 23:00:00,9456,22.76,90.3,22.93,94.6,34.86,2025.0,1
2025-01-29 00:00:00,9457,22.29,92.23,22.38,97.23,35.91,2025.0,1
2025-01-29 01:00:00,9458,22.21,92.8,22.37,97.37,28.23,2025.0,1
2025-01-29 02:00:00,9459,21.71,95.93,21.94,99.93,28.65,2025.0,1
2025-01-29 03:00:00,9460,21.56,97.0,21.29,100.0,29.73,2025.0,1
2025-01-29 04:00:00,9461,21.44,97.6,21.26,100.0,26.13,2025.0,1
2025-01-29 05:00:00,9462,21.59,96.17,21.33,100.0,27.74,2025.0,1
2025-01-29 06:00:00,9463,21.71,93.73,21.41,100.0,23.43,2025.0,1
2025-01-29 07:00:00,9464,22.17,91.73,21.91,100.0,21.22,2025.0,1
2025-01-29 08:00:00,9465,22.6,90.4,23.0,94.8,23.56,2025.0,1
2025-01-29 09:00:00,9466,23.29,88.3,23.59,91.9,29.55,2025.0,1
2025-01-29 10:00:00,9467,22.68,90.9,22.28,99.03,27.72,2025.0,1
2025-01-29 11:00:00,9468,24.01,84.97,24.26,98.93,21.44,2025.0,1
2025-01-29 12:00:00,9469,24.4,82.37,25.63,83.67,21.75,2025.0,1
2025-01-29 13:00:00,9470,23.91,84.07,25.31,84.6,21.26,2025.0,1
2025-01-29 14:00:00,9471,23.64,85.07,25.28,84.5,18.96,2025.0,1
2025-01-29 15:00:00,9472,23.99,82.47,25.02,83.93,19.5,2025.0,1
2025-01-29 16:00:00,9473,23.03,87.07,23.73,89.1,18.42,2025.0,1
2025-01-29 17:00:00,9474,23.16,86.47,23.57,89.3,21.55,2025.0,1
2025-01-29 18:00:00,9475,22.7,88.93,23.0,92.57,22.91,2025.0,1
2025-01-29 19:00:00,9476,22.55,90.23,22.75,94.33,27.45,2025.0,1
2025-01-29 20:00:00,9477,22.33,91.27,22.48,95.57,34.06,2025.0,1
2025-01-29 21:00:00,9478,22.12,91.5,22.32,95.73,34.35,2025.0,1
2025-01-29 22:00:00,9479,21.88,92.67,22.08,96.83,34.62,2025.0,1
2025-01-29 23:00:00,9480,21.98,92.57,22.18,97.13,32.16,2025.0,1
2025-01-30 00:00:00,9481,21.63,94.93,21.59,99.47,27.92,2025.0,1
2025-01-30 01:00:00,9482,20.96,96.2,20.71,100.0,17.96,2025.0,1
2025-01-30 02:00:00,9483,20.76,97.17,20.41,100.0,17.33,2025.0,1
2025-01-30 03:00:00,9484,20.82,96.13,20.34,100.0,19.97,2025.0,1
2025-01-30 04:00:00,9485,20.97,94.97,20.47,100.0,23.9,2025.0,1
2025-01-30 05:00:00,9486,20.97,95.0,20.58,100.0,27.89,2025.0,1
2025-01-30 06:00:00,9487,20.75,97.57,20.5,100.0,28.92,2025.0,1
2025-01-30 07:00:00,9488,21.08,96.57,20.79,100.0,36.05,2025.0,1
2025-01-30 08:00:00,9489,22.68,89.2,22.41,100.0,20.59,2025.0,1
2025-01-30 09:00:00,9490,23.25,86.4,23.57,96.33,22.65,2025.0,1
2025-01-30 10:00:00,9491,23.77,82.7,24.92,83.77,23.83,2025.0,1
2025-01-30 11:00:00,9492,23.52,82.9,24.85,83.03,25.04,2025.0,1
2025-01-30 12:00:00,9493,22.27,89.87,23.26,91.1,30.53,2025.0,1
2025-01-30 13:00:00,9494,24.88,80.13,27.4,76.53,33.95,2025.0,1
2025-01-30 14:00:00,9495,24.11,81.03,25.23,81.73,27.97,2025.0,1
2025-01-30 15:00:00,9496,24.07,81.7,25.19,82.7,26.91,2025.0,1
2025-01-30 16:00:00,9497,24.06,82.23,24.96,84.07,26.8,2025.0,1
2025-01-30 17:00:00,9498,23.6,84.13,24.04,87.43,29.66,2025.0,1
2025-01-30 18:00:00,9499,23.03,85.47,23.24,89.1,30.37,2025.0,1
2025-01-30 19:00:00,9500,22.51,88.7,22.69,92.77,35.38,2025.0,1
2025-01-30 20:00:00,9501,22.38,89.9,22.57,93.97,48.44,2025.0,1
2025-01-30 21:00:00,9502,22.31,91.0,22.49,95.27,49.98,2025.0,1
2025-01-30 22:00:00,9503,22.11,92.47,22.3,97.03,53.0,2025.0,1
2025-01-30 23:00:00,9504,21.73,95.0,21.97,99.22,46.78,2025.0,1
2025-01-31 00:00:00,9505,21.4,97.03,21.31,100.0,44.2,2025.0,1
2025-01-31 01:00:00,9506,21.59,95.75,21.41,100.0,40.68,2025.0,1
2025-01-31 02:00:00,9507,21.56,94.83,21.5,100.0,36.27,2025.0,1
2025-01-31 03:00:00,9508,21.31,95.77,21.48,100.0,29.08,2025.0,1
2025-01-31 04:00:00,9509,21.31,96.53,21.22,100.0,30.28,2025.0,1
2025-01-31 05:00:00,9510,21.29,96.96,20.96,100.0,31.42,2025.0,1
2025-01-31 06:00:00,9511,21.59,94.64,21.4,100.0,34.0,2025.0,1
2025-01-31 07:00:00,9512,22.91,89.71,23.42,96.29,30.53,2025.0,1
2025-01-31 08:00:00,9513,23.94,84.75,26.17,82.71,29.19,2025.0,1
2025-01-31 09:00:00,9514,25.27,80.34,28.19,75.55,33.23,2025.0,1
2025-01-31 10:00:00,9515,25.98,77.39,28.55,72.79,44.18,2025.0,1
2025-01-31 11:00:00,9516,25.67,78.31,27.93,75.1,42.45,2025.0,1
2025-01-31 12:00:00,9517,26.4,75.66,29.19,71.21,39.71,2025.0,1
2025-01-31 13:00:00,9518,26.6,74.7,28.93,71.83,41.47,2025.0,1
2025-01-31 14:00:00,9519,26.83,73.8,29.22,70.9,41.9,2025.0,1
2025-01-31 15:00:00,9520,26.49,75.48,28.78,72.69,44.1,2025.0,1
2025-01-31 16:00:00,9521,26.05,77.41,27.86,76.14,44.85,2025.0,1
2025-01-31 17:00:00,9522,24.7,81.71,25.43,84.32,34.36,2025.0,1
2025-01-31 18:00:00,9523,23.77,85.97,24.04,90.59,37.94,2025.0,1
2025-01-31 19:00:00,9524,23.48,88.68,23.64,92.86,45.08,2025.0,1
2025-01-31 20:00:00,9525,23.21,90.0,23.4,94.2,46.61,2025.0,1
2025-01-31 21:00:00,9526,23.1,89.79,23.34,93.68,42.35,2025.0,1
2025-01-31 22:00:00,9527,22.97,89.73,23.18,93.73,39.44,2025.0,1
2025-01-31 23:00:00,9528,22.63,90.07,22.79,94.27,38.57,2025.0,1
2025-02-01 00:00:00,9529,22.5,91.0,22.65,95.33,42.7,2025.0,2
2025-02-01 01:00:00,9530,22.2,92.5,22.34,97.13,51.68,2025.0,2
2025-02-01 02:00:00,9531,21.97,93.1,22.15,97.8,55.68,2025.0,2
2025-02-01 03:00:00,9532,21.93,93.17,22.19,97.2,69.52,2025.0,2
2025-02-01 04:00:00,9533,22.13,91.43,22.29,95.5,46.92,2025.0,2
2025-02-01 05:00:00,9534,21.9,90.93,22.07,94.87,57.91,2025.0,2
2025-02-01 06:00:00,9535,22.02,90.9,22.11,96.07,55.03,2025.0,2
2025-02-01 07:00:00,9536,22.26,93.73,22.08,99.73,74.01,2025.0,2
2025-02-01 08:00:00,9537,24.6,86.4,25.7,92.53,40.45,2025.0,2
2025-02-01 09:00:00,9538,24.84,83.77,25.98,84.93,27.63,2025.0,2
2025-02-01 10:00:00,9539,24.81,83.07,26.3,83.13,27.65,2025.0,2
2025-02-01 11:00:00,9540,26.1,78.97,27.72,77.97,36.49,2025.0,2
2025-02-01 12:00:00,9541,26.1,77.27,27.88,75.8,40.6,2025.0,2
2025-02-01 13:00:00,9542,25.87,77.6,27.77,76.07,38.36,2025.0,2
2025-02-01 14:00:00,9543,26.34,75.9,28.54,73.37,40.73,2025.0,2
2025-02-01 15:00:00,9544,25.11,80.2,26.31,80.8,32.26,2025.0,2
2025-02-01 16:00:00,9545,24.49,80.83,25.48,82.47,27.89,2025.0,2
2025-02-01 17:00:00,9546,24.48,81.03,25.58,82.4,30.15,2025.0,2
2025-02-01 18:00:00,9547,24.0,82.13,24.29,86.33,32.87,2025.0,2
2025-02-01 19:00:00,9548,23.65,85.43,23.8,90.13,33.34,2025.0,2
2025-02-01 20:00:00,9549,23.38,88.33,23.51,92.67,37.01,2025.0,2
2025-02-01 21:00:00,9550,23.21,88.33,23.3,92.67,36.09,2025.0,2
2025-02-01 22:00:00,9551,22.59,90.5,22.63,95.3,40.29,2025.0,2
2025-02-01 23:00:00,9552,22.17,92.0,22.33,96.37,38.35,2025.0,2
2025-02-02 00:00:00,9553,22.32,91.2,22.47,95.4,44.06,2025.0,2
2025-02-02 01:00:00,9554,22.29,91.77,22.39,96.13,48.58,2025.0,2
2025-02-02 02:00:00,9555,22.47,90.5,22.52,94.8,42.39,2025.0,2
2025-02-02 03:00:00,9556,22.49,90.6,22.51,95.13,42.59,2025.0,2
2025-02-02 04:00:00,9557,22.48,89.83,22.54,94.37,65.99,2025.0,2
2025-02-02 05:00:00,9558,22.48,90.6,22.59,94.77,33.7,2025.0,2
2025-02-02 06:00:00,9559,22.13,92.3,22.24,96.73,28.16,2025.0,2
2025-02-02 07:00:00,9560,23.03,91.6,23.18,95.57,38.46,2025.0,2
2025-02-02 08:00:00,9561,24.84,85.17,25.48,88.1,36.98,2025.0,2
2025-02-02 09:00:00,9562,25.58,79.93,26.77,80.2,33.81,2025.0,2
2025-02-02 10:00:00,9563,26.23,75.2,28.59,71.8,34.33,2025.0,2
2025-02-02 11:00:00,9564,26.82,71.17,29.14,68.57,31.73,2025.0,2
2025-02-02 12:00:00,9565,27.64,68.2,29.86,66.13,29.87,2025.0,2
2025-02-02 13:00:00,9566,27.04,71.23,28.85,69.0,35.03,2025.0,2
2025-02-02 14:00:00,9567,26.63,72.9,28.85,69.0,35.77,2025.0,2
2025-02-02 15:00:00,9568,25.78,77.47,28.85,69.0,40.23,2025.0,2
2025-02-02 16:00:00,9569,25.37,79.03,28.85,69.0,36.71,2025.0,2
2025-02-02 17:00:00,9570,24.68,81.67,28.85,69.0,30.98,2025.0,2
2025-02-02 18:00:00,9571,24.32,83.0,28.85,69.0,32.16,2025.0,2
2025-02-02 19:00:00,9572,24.12,83.57,28.85,69.0,34.64,2025.0,2
2025-02-02 20:00:00,9573,23.83,86.07,28.85,69.0,47.75,2025.0,2
2025-02-02 21:00:00,9574,23.55,88.5,28.85,69.0,48.26,2025.0,2
2025-02-02 22:00:00,9575,23.43,89.17,28.85,69.0,67.4,2025.0,2
2025-02-02 23:00:00,9576,23.14,89.63,28.85,69.0,63.43,2025.0,2
2025-02-03 00:00:00,9577,22.86,90.3,28.85,69.0,43.17,2025.0,2
2025-02-03 01:00:00,9578,22.67,90.47,28.85,69.0,42.46,2025.0,2
2025-02-03 02:00:00,9579,22.47,91.7,28.85,69.0,62.44,2025.0,2
2025-02-03 03:00:00,9580,22.48,92.0,28.85,69.0,49.96,2025.0,2
2025-02-03 04:00:00,9581,22.43,92.53,28.85,69.0,53.69,2025.0,2
2025-02-03 05:00:00,9582,21.94,92.57,28.85,69.0,50.99,2025.0,2
2025-02-03 06:00:00,9583,22.31,90.73,28.85,69.0,64.23,2025.0,2
2025-02-03 07:00:00,9584,23.98,85.67,28.85,69.0,,2025.0,2
2025-02-03 08:00:00,9585,26.24,78.7,28.85,69.0,55.33,2025.0,2
2025-02-03 09:00:00,9586,26.46,77.27,28.85,69.0,46.0,2025.0,2
2025-02-03 10:00:00,9587,27.49,74.1,28.85,69.0,45.27,2025.0,2
2025-02-03 11:00:00,9588,27.93,70.13,28.85,69.0,39.47,2025.0,2
2025-02-03 12:00:00,9589,29.02,63.73,28.85,69.0,36.2,2025.0,2
2025-02-03 13:00:00,9590,28.85,64.6,28.85,69.0,38.53,2025.0,2
2025-02-03 14:00:00,9591,27.38,71.47,28.85,69.0,45.63,2025.0,2
2025-02-03 15:00:00,9592,26.75,73.33,28.85,69.0,51.03,2025.0,2
2025-02-03 16:00:00,9593,26.51,75.97,28.85,69.0,55.0,2025.0,2
2025-02-03 17:00:00,9594,25.9,78.23,28.85,69.0,57.29,2025.0,2
2025-02-03 18:00:00,9595,24.71,81.9,28.85,69.0,38.1,2025.0,2
2025-02-03 19:00:00,9596,24.14,85.77,28.85,69.0,48.82,2025.0,2
2025-02-03 20:00:00,9597,23.75,87.87,28.85,69.0,49.0,2025.0,2
2025-02-03 21:00:00,9598,23.63,88.53,28.85,69.0,51.66,2025.0,2
2025-02-03 22:00:00,9599,23.4,90.7,28.85,69.0,55.63,2025.0,2
2025-02-03 23:00:00,9600,23.06,92.03,28.85,69.0,52.97,2025.0,2
2025-02-04 00:00:00,9601,22.85,92.7,28.85,69.0,47.88,2025.0,2
2025-02-04 01:00:00,9602,22.8,91.67,28.85,69.0,46.14,2025.0,2
2025-02-04 02:00:00,9603,22.74,90.93,28.85,69.0,46.65,2025.0,2
2025-02-04 03:00:00,9604,22.68,90.2,28.85,69.0,46.16,2025.0,2
2025-02-04 04:00:00,9605,22.63,89.4,28.85,69.0,37.21,2025.0,2
2025-02-04 05:00:00,9606,22.44,89.13,28.85,69.0,34.19,2025.0,2
2025-02-04 06:00:00,9607,22.77,86.23,28.85,69.0,36.31,2025.0,2
2025-02-04 07:00:00,9608,23.85,80.37,28.85,69.0,38.81,2025.0,2
2025-02-04 08:00:00,9609,25.06,75.0,28.85,69.0,39.67,2025.0,2
2025-02-04 09:00:00,9610,25.87,72.43,28.85,69.0,35.77,2025.0,2
2025-02-04 10:00:00,9611,26.52,70.0,28.85,69.0,31.67,2025.0,2
2025-02-04 11:00:00,9612,27.26,68.3,28.85,69.0,36.0,2025.0,2
2025-02-04 12:00:00,9613,27.67,68.87,28.85,69.0,39.5,2025.0,2
2025-02-04 13:00:00,9614,27.74,70.37,28.85,69.0,43.53,2025.0,2
2025-02-04 14:00:00,9615,27.73,72.27,28.85,69.0,46.27,2025.0,2
2025-02-04 15:00:00,9616,26.78,76.73,28.85,69.0,43.71,2025.0,2
2025-02-04 16:00:00,9617,26.53,73.13,28.85,69.0,32.9,2025.0,2
2025-02-04 17:00:00,9618,26.09,72.13,28.85,69.0,27.27,2025.0,2
2025-02-04 18:00:00,9619,25.39,75.03,28.85,69.0,21.37,2025.0,2
2025-02-04 19:00:00,9620,24.89,74.97,28.85,69.0,11.93,2025.0,2
2025-02-04 20:00:00,9621,24.48,76.87,28.85,69.0,17.73,2025.0,2
2025-02-04 21:00:00,9622,23.12,85.17,28.85,69.0,27.05,2025.0,2
2025-02-04 22:00:00,9623,23.09,85.13,28.85,69.0,27.63,2025.0,2
2025-02-04 23:00:00,9624,23.67,78.43,28.85,69.0,16.93,2025.0,2
2025-02-05 00:00:00,9625,23.86,77.9,28.85,69.0,18.4,2025.0,2
2025-02-05 01:00:00,9626,23.8,77.0,28.85,69.0,16.93,2025.0,2
2025-02-05 02:00:00,9627,23.96,74.1,28.85,69.0,10.1,2025.0,2
2025-02-05 03:00:00,9628,23.48,76.87,28.85,69.0,18.91,2025.0,2
2025-02-05 04:00:00,9629,22.67,81.2,28.85,69.0,17.78,2025.0,2
2025-02-05 05:00:00,9630,22.35,82.9,28.85,69.0,20.61,2025.0,2
2025-02-05 06:00:00,9631,23.01,82.73,28.85,69.0,22.58,2025.0,2
2025-02-05 07:00:00,9632,24.06,79.07,28.85,69.0,22.88,2025.0,2
2025-02-05 08:00:00,9633,25.15,75.93,28.85,69.0,25.4,2025.0,2
2025-02-05 09:00:00,9634,26.13,72.5,28.85,69.0,25.23,2025.0,2
2025-02-05 10:00:00,9635,27.2,69.77,28.85,69.0,24.03,2025.0,2
2025-02-05 11:00:00,9636,27.59,68.9,28.85,69.0,21.4,2025.0,2
2025-02-05 12:00:00,9637,27.36,71.5,28.85,69.0,12.17,2025.0,2
2025-02-05 13:00:00,9638,27.57,70.07,28.85,69.0,18.77,2025.0,2
2025-02-05 14:00:00,9639,24.75,82.1,28.85,69.0,21.68,2025.0,2
2025-02-05 15:00:00,9640,23.45,87.0,28.85,69.0,18.69,2025.0,2
2025-02-05 16:00:00,9641,25.54,78.83,28.85,69.0,20.88,2025.0,2
2025-02-05 17:00:00,9642,25.02,77.63,28.85,69.0,26.8,2025.0,2
2025-02-05 18:00:00,9643,24.45,77.87,28.85,69.0,32.97,2025.0,2
2025-02-05 19:00:00,9644,24.1,76.73,28.85,69.0,31.37,2025.0,2
2025-02-05 20:00:00,9645,23.79,77.6,28.85,69.0,34.2,2025.0,2
2025-02-05 21:00:00,9646,23.33,80.5,28.85,69.0,26.64,2025.0,2
2025-02-05 22:00:00,9647,23.11,81.43,28.85,69.0,27.2,2025.0,2
2025-02-05 23:00:00,9648,23.14,80.67,28.85,69.0,27.89,2025.0,2
2025-02-06 00:00:00,9649,22.99,81.53,28.85,69.0,30.75,2025.0,2
2025-02-06 01:00:00,9650,22.47,83.53,28.85,69.0,41.29,2025.0,2
2025-02-06 02:00:00,9651,22.22,84.4,28.85,69.0,33.46,2025.0,2
2025-02-06 03:00:00,9652,22.03,85.7,28.85,69.0,32.56,2025.0,2
2025-02-06 04:00:00,9653,22.07,86.2,28.85,69.0,24.54,2025.0,2
2025-02-06 05:00:00,9654,22.26,86.73,28.85,69.0,27.74,2025.0,2
2025-02-06 06:00:00,9655,22.48,87.3,28.85,69.0,32.74,2025.0,2
2025-02-06 07:00:00,9656,23.44,85.53,28.85,69.0,36.52,2025.0,2
2025-02-06 08:00:00,9657,23.77,84.37,28.85,69.0,24.88,2025.0,2
2025-02-06 09:00:00,9658,23.42,85.69,28.85,69.0,24.45,2025.0,2
2025-02-06 10:00:00,9659,24.81,81.33,28.85,69.0,22.91,2025.0,2
2025-02-06 11:00:00,9660,24.75,80.8,28.85,69.0,23.91,2025.0,2
2025-02-06 12:00:00,9661,24.5,81.43,28.85,69.0,25.39,2025.0,2
2025-02-06 13:00:00,9662,24.53,81.23,28.85,69.0,25.94,2025.0,2
2025-02-06 14:00:00,9663,24.74,80.47,28.85,69.0,26.51,2025.0,2
2025-02-06 15:00:00,9664,24.94,80.43,28.85,69.0,29.77,2025.0,2
2025-02-06 16:00:00,9665,25.31,79.0,28.85,69.0,25.78,2025.0,2
2025-02-06 17:00:00,9666,24.98,79.83,28.85,69.0,30.05,2025.0,2
2025-02-06 18:00:00,9667,23.7,85.5,28.85,69.0,39.17,2025.0,2
2025-02-06 19:00:00,9668,23.14,88.8,28.85,69.0,46.25,2025.0,2
2025-02-06 20:00:00,9669,23.13,89.5,28.85,69.0,46.77,2025.0,2
2025-02-06 21:00:00,9670,22.94,90.5,28.85,69.0,44.49,2025.0,2
2025-02-06 22:00:00,9671,22.54,91.67,28.85,69.0,54.05,2025.0,2
2025-02-06 23:00:00,9672,22.09,93.1,28.85,69.0,,2025.0,2
2025-02-07 00:00:00,9673,22.3,92.03,28.85,69.0,40.62,2025.0,2
2025-02-07 01:00:00,9674,21.85,93.57,28.85,69.0,63.23,2025.0,2
2025-02-07 02:00:00,9675,21.28,92.4,28.85,69.0,53.78,2025.0,2
2025-02-07 03:00:00,9676,21.36,91.73,28.85,69.0,49.83,2025.0,2
2025-02-07 04:00:00,9677,21.61,90.73,28.85,69.0,53.89,2025.0,2
2025-02-07 05:00:00,9678,21.59,95.27,28.85,69.0,43.48,2025.0,2
2025-02-07 06:00:00,9679,21.37,96.63,28.85,69.0,30.82,2025.0,2
2025-02-07 07:00:00,9680,21.76,95.53,28.85,69.0,29.9,2025.0,2
2025-02-07 08:00:00,9681,22.68,92.07,28.85,69.0,33.77,2025.0,2
2025-02-07 09:00:00,9682,23.72,87.5,28.85,69.0,28.9,2025.0,2
2025-02-07 10:00:00,9683,25.53,80.07,28.85,69.0,29.44,2025.0,2
2025-02-07 11:00:00,9684,26.34,77.47,28.85,69.0,35.71,2025.0,2
2025-02-07 12:00:00,9685,26.65,76.97,28.85,69.0,33.91,2025.0,2
2025-02-07 13:00:00,9686,28.26,71.2,28.85,69.0,32.2,2025.0,2
2025-02-07 14:00:00,9687,27.22,74.17,28.85,69.0,37.63,2025.0,2
2025-02-07 15:00:00,9688,27.42,72.6,28.85,69.0,40.13,2025.0,2
2025-02-07 16:00:00,9689,26.18,77.07,28.85,69.0,42.0,2025.0,2
2025-02-07 17:00:00,9690,25.99,79.63,28.85,69.0,43.42,2025.0,2
2025-02-07 18:00:00,9691,24.36,84.33,28.85,69.0,40.22,2025.0,2
2025-02-07 19:00:00,9692,23.9,86.6,28.85,69.0,49.11,2025.0,2
2025-02-07 20:00:00,9693,23.69,88.27,28.85,69.0,59.56,2025.0,2
2025-02-07 21:00:00,9694,23.67,88.2,28.85,69.0,49.51,2025.0,2
2025-02-07 22:00:00,9695,23.31,89.97,28.85,69.0,57.17,2025.0,2
2025-02-07 23:00:00,9696,23.15,91.27,28.85,69.0,51.32,2025.0,2
2025-02-08 00:00:00,9697,22.91,93.07,28.85,69.0,51.75,2025.0,2
2025-02-08 01:00:00,9698,22.64,94.0,28.85,69.0,51.39,2025.0,2
2025-02-08 02:00:00,9699,22.5,94.43,28.85,69.0,46.14,2025.0,2
2025-02-08 03:00:00,9700,21.94,96.03,28.85,69.0,40.27,2025.0,2
2025-02-08 04:00:00,9701,21.86,96.6,28.85,69.0,43.73,2025.0,2
2025-02-08 05:00:00,9702,21.89,96.2,28.85,69.0,48.15,2025.0,2
2025-02-08 06:00:00,9703,23.33,91.7,28.85,69.0,46.9,2025.0,2
2025-02-08 07:00:00,9704,26.64,80.5,28.85,69.0,56.79,2025.0,2
2025-02-08 08:00:00,9705,24.41,79.1,28.85,69.0,24.42,2025.0,2
2025-02-08 09:00:00,9706,25.93,75.67,28.85,69.0,29.13,2025.0,2
2025-02-08 10:00:00,9707,28.04,70.13,28.85,69.0,29.23,2025.0,2
2025-02-08 11:00:00,9708,27.87,70.47,28.85,69.0,25.9,2025.0,2
2025-02-08 12:00:00,9709,26.94,73.6,28.85,69.0,30.13,2025.0,2
2025-02-08 13:00:00,9710,27.59,71.9,28.85,69.0,36.6,2025.0,2
2025-02-08 14:00:00,9711,28.24,70.47,28.85,69.0,26.8,2025.0,2
2025-02-08 15:00:00,9712,27.56,72.93,28.85,69.0,36.17,2025.0,2
2025-02-08 16:00:00,9713,26.66,75.87,28.85,69.0,38.13,2025.0,2
2025-02-09 16:00:00,9737,26.52,76.65,0.0,0.0,37.15,2025.0,2
2025-02-09 17:00:00,9738,25.17,82.13,0.0,0.0,33.75,2025.0,2
2025-02-09 18:00:00,9739,24.19,84.7,0.0,0.0,36.25,2025.0,2
2025-02-09 19:00:00,9740,23.65,88.47,0.0,0.0,39.35,2025.0,2
2025-02-09 20:00:00,9741,23.51,88.87,0.0,0.0,37.68,2025.0,2
2025-02-09 21:00:00,9742,23.55,89.17,0.0,0.0,37.41,2025.0,2
2025-02-09 22:00:00,9743,23.32,90.87,0.0,0.0,38.99,2025.0,2
2025-02-09 23:00:00,9744,22.93,92.93,0.0,0.0,44.67,2025.0,2
2025-02-10 00:00:00,9745,22.5,94.97,0.0,0.0,45.52,2025.0,2
2025-02-10 01:00:00,9746,22.35,96.4,0.0,0.0,61.37,2025.0,2
2025-02-10 02:00:00,9747,22.16,96.17,0.0,0.0,54.34,2025.0,2
2025-02-10 03:00:00,9748,21.88,93.2,0.0,0.0,44.85,2025.0,2
2025-02-10 04:00:00,9749,21.56,92.77,0.0,0.0,39.15,2025.0,2
2025-02-10 05:00:00,9750,21.29,93.17,0.0,0.0,53.26,2025.0,2
2025-02-10 06:00:00,9751,21.44,91.63,0.0,0.0,61.64,2025.0,2
2025-02-10 07:00:00,9752,24.48,83.03,0.0,0.0,43.77,2025.0,2
2025-02-10 08:00:00,9753,24.5,84.33,0.0,0.0,38.37,2025.0,2
2025-02-10 09:00:00,9754,24.64,83.13,0.0,0.0,34.68,2025.0,2
2025-02-10 10:00:00,9755,25.93,78.8,0.0,0.0,41.09,2025.0,2
2025-02-10 11:00:00,9756,27.68,73.23,0.0,0.0,38.31,2025.0,2
2025-02-10 12:00:00,9757,28.52,69.93,0.0,0.0,47.57,2025.0,2
2025-02-10 13:00:00,9758,30.42,62.9,0.0,0.0,41.5,2025.0,2
2025-02-10 14:00:00,9759,29.27,66.23,0.0,0.0,44.6,2025.0,2
2025-02-10 15:00:00,9760,28.57,70.77,0.0,0.0,47.4,2025.0,2
2025-02-10 16:00:00,9761,27.42,75.63,0.0,0.0,46.94,2025.0,2
2025-02-10 17:00:00,9762,25.53,81.7,0.0,0.0,37.16,2025.0,2
2025-02-10 18:00:00,9763,24.33,85.67,0.0,0.0,44.06,2025.0,2
2025-02-10 19:00:00,9764,24.16,86.13,0.0,0.0,41.7,2025.0,2
2025-02-10 20:00:00,9765,23.88,87.53,0.0,0.0,41.14,2025.0,2
2025-02-10 21:00:00,9766,23.68,88.23,0.0,0.0,47.28,2025.0,2
2025-02-10 22:00:00,9767,23.34,91.1,0.0,0.0,52.55,2025.0,2
2025-02-10 23:00:00,9768,22.96,92.47,0.0,0.0,57.75,2025.0,2
2025-02-11 00:00:00,9769,22.71,93.27,0.0,0.0,65.1,2025.0,2
2025-02-11 01:00:00,9770,22.39,94.53,0.0,0.0,67.92,2025.0,2
2025-02-11 02:00:00,9771,21.87,93.13,0.0,0.0,72.4,2025.0,2
2025-02-11 03:00:00,9772,21.59,92.0,0.0,0.0,72.43,2025.0,2
2025-02-11 04:00:00,9773,21.05,94.0,0.0,0.0,72.05,2025.0,2
2025-02-11 05:00:00,9774,20.58,92.43,0.0,0.0,51.75,2025.0,2
2025-02-11 06:00:00,9775,21.19,89.97,0.0,0.0,54.27,2025.0,2
2025-02-11 07:00:00,9776,23.57,82.7,0.0,0.0,72.31,2025.0,2
2025-02-11 08:00:00,9777,28.72,66.87,0.0,0.0,,2025.0,2
2025-02-11 09:00:00,9778,29.08,63.17,0.0,0.0,69.53,2025.0,2
2025-02-11 10:00:00,9779,27.9,67.5,0.0,0.0,51.0,2025.0,2
2025-02-11 11:00:00,9780,30.18,62.07,0.0,0.0,42.8,2025.0,2
2025-02-11 12:00:00,9781,29.74,62.37,0.0,0.0,45.6,2025.0,2
2025-02-11 13:00:00,9782,30.89,59.47,0.0,0.0,48.97,2025.0,2
2025-02-11 14:00:00,9783,,55.73,0.0,0.0,41.17,2025.0,2
2025-02-11 15:00:00,9784,,55.5,0.0,0.0,41.43,2025.0,2
2025-02-11 16:00:00,9785,28.8,63.07,0.0,0.0,42.13,2025.0,2
2025-02-11 17:00:00,9786,28.02,64.97,0.0,0.0,49.4,2025.0,2
2025-02-11 18:00:00,9787,26.97,71.8,0.0,0.0,70.67,2025.0,2
2025-02-11 19:00:00,9788,25.78,82.07,0.0,0.0,64.85,2025.0,2
2025-02-11 20:00:00,9789,25.01,68.6,0.0,0.0,46.0,2025.0,2
2025-02-11 21:00:00,9790,24.33,67.13,0.0,0.0,42.17,2025.0,2
2025-02-11 22:00:00,9791,24.12,66.07,0.0,0.0,40.93,2025.0,2
2025-02-11 23:00:00,9792,23.65,68.1,0.0,0.0,45.2,2025.0,2
2025-02-12 00:00:00,9793,23.69,67.72,0.0,0.0,45.1,2025.0,2
2025-02-12 01:00:00,9794,23.2,70.63,0.0,0.0,44.47,2025.0,2
2025-02-12 02:00:00,9795,23.05,70.83,0.0,0.0,35.03,2025.0,2
2025-02-12 03:00:00,9796,22.67,73.57,0.0,0.0,32.93,2025.0,2
2025-02-12 04:00:00,9797,21.42,79.97,0.0,0.0,38.86,2025.0,2
2025-02-12 05:00:00,9798,21.17,81.1,0.0,0.0,44.42,2025.0,2
2025-02-12 06:00:00,9799,21.74,81.23,0.0,0.0,57.56,2025.0,2
2025-02-12 07:00:00,9800,25.76,71.13,0.0,0.0,,2025.0,2
2025-02-12 08:00:00,9801,28.68,62.37,0.0,0.0,68.33,2025.0,2
2025-02-12 09:00:00,9802,,50.7,0.0,0.0,41.93,2025.0,2
2025-02-12 10:00:00,9803,30.78,52.77,0.0,0.0,12.6,2025.0,2
2025-02-12 11:00:00,9804,,50.48,0.0,0.0,11.67,2025.0,2
2025-02-12 12:00:00,9805,,46.77,0.0,0.0,7.83,2025.0,2
2025-02-12 13:00:00,9806,,47.67,0.0,0.0,14.63,2025.0,2
2025-02-12 14:00:00,9807,30.78,54.97,0.0,0.0,27.87,2025.0,2
2025-02-12 15:00:00,9808,31.45,54.03,0.0,0.0,25.13,2025.0,2
2025-02-12 16:00:00,9809,30.52,53.17,0.0,0.0,14.1,2025.0,2
2025-02-12 17:00:00,9810,28.68,57.87,0.0,0.0,18.33,2025.0,2
2025-02-12 18:00:00,9811,26.58,64.21,0.0,0.0,31.93,2025.0,2
2025-02-12 19:00:00,9812,25.91,74.17,0.0,0.0,47.37,2025.0,2
2025-02-12 20:00:00,9813,25.22,75.07,0.0,0.0,48.78,2025.0,2
2025-02-12 21:00:00,9814,24.82,76.63,0.0,0.0,43.75,2025.0,2
2025-02-12 22:00:00,9815,24.18,77.57,0.0,0.0,43.4,2025.0,2
2025-02-12 23:00:00,9816,23.9,78.97,0.0,0.0,55.79,2025.0,2
2025-02-13 00:00:00,9817,23.4,81.4,0.0,0.0,52.32,2025.0,2
2025-02-13 01:00:00,9818,22.94,83.73,0.0,0.0,55.81,2025.0,2
2025-02-13 02:00:00,9819,22.66,88.0,0.0,0.0,62.0,2025.0,2
2025-02-13 03:00:00,9820,22.42,89.47,0.0,0.0,70.15,2025.0,2
2025-02-13 04:00:00,9821,22.13,89.67,0.0,0.0,62.49,2025.0,2
2025-02-13 05:00:00,9822,22.01,89.37,0.0,0.0,57.75,2025.0,2
2025-02-13 06:00:00,9823,22.5,89.23,0.0,0.0,69.79,2025.0,2
2025-02-13 07:00:00,9824,26.08,76.53,0.0,0.0,68.75,2025.0,2
2025-02-13 08:00:00,9825,30.5,65.07,0.0,0.0,,2025.0,2
2025-02-13 09:00:00,9826,,56.37,0.0,0.0,65.7,2025.0,2
2025-02-13 10:00:00,9827,,55.07,0.0,0.0,38.4,2025.0,2
2025-02-13 11:00:00,9828,,51.43,0.0,0.0,8.47,2025.0,2
2025-02-13 12:00:00,9829,,51.97,0.0,0.0,,2025.0,2
2025-02-13 13:00:00,9830,,50.53,0.0,0.0,6.57,2025.0,2
2025-02-13 14:00:00,9831,,50.63,0.0,0.0,14.23,2025.0,2
2025-02-13 15:00:00,9832,28.46,63.23,0.0,0.0,24.13,2025.0,2
2025-02-13 16:00:00,9833,27.33,68.1,0.0,0.0,33.57,2025.0,2
2025-02-13 17:00:00,9834,25.71,77.53,0.0,0.0,43.27,2025.0,2
2025-02-13 18:00:00,9835,24.98,80.23,0.0,0.0,26.98,2025.0,2
2025-02-13 19:00:00,9836,24.53,81.97,0.0,0.0,26.73,2025.0,2
2025-02-13 20:00:00,9837,24.32,84.0,0.0,0.0,31.8,2025.0,2
2025-02-13 21:00:00,9838,24.5,84.1,0.0,0.0,32.96,2025.0,2
2025-02-13 22:00:00,9839,23.96,86.9,0.0,0.0,37.48,2025.0,2
2025-02-13 23:00:00,9840,23.73,88.07,0.0,0.0,32.29,2025.0,2
2025-02-14 00:00:00,9841,23.59,89.37,0.0,0.0,29.95,2025.0,2
2025-02-14 01:00:00,9842,23.32,91.13,0.0,0.0,38.73,2025.0,2
2025-02-14 02:00:00,9843,23.0,92.67,0.0,0.0,42.77,2025.0,2
2025-02-14 03:00:00,9844,22.79,90.6,0.0,0.0,52.71,2025.0,2
2025-02-14 04:00:00,9845,22.33,89.57,0.0,0.0,43.37,2025.0,2
2025-02-14 05:00:00,9846,22.35,88.67,0.0,0.0,40.67,2025.0,2
2025-02-14 06:00:00,9847,23.56,85.1,0.0,0.0,43.59,2025.0,2
2025-02-14 07:00:00,9848,28.05,72.03,0.0,0.0,54.9,2025.0,2
2025-02-14 08:00:00,9849,,60.3,0.0,0.0,43.4,2025.0,2
2025-02-14 09:00:00,9850,,53.07,0.0,0.0,44.37,2025.0,2
2025-02-14 10:00:00,9851,,48.83,0.0,0.0,50.93,2025.0,2
2025-02-14 11:00:00,9852,,50.7,0.0,0.0,45.37,2025.0,2
2025-02-14 12:00:00,9853,,53.57,0.0,0.0,29.93,2025.0,2
2025-02-14 13:00:00,9854,,54.47,0.0,0.0,23.9,2025.0,2
2025-02-14 14:00:00,9855,29.13,63.67,0.0,0.0,39.1,2025.0,2
2025-02-14 15:00:00,9856,27.01,71.47,0.0,0.0,33.13,2025.0,2
2025-02-14 16:00:00,9857,24.97,79.6,0.0,0.0,33.6,2025.0,2
2025-02-14 17:00:00,9858,24.67,82.23,0.0,0.0,29.14,2025.0,2
2025-02-14 18:00:00,9859,23.03,90.8,0.0,0.0,27.96,2025.0,2
2025-02-14 19:00:00,9860,22.08,93.23,0.0,0.0,22.6,2025.0,2
2025-02-14 20:00:00,9861,22.26,94.2,0.0,0.0,28.01,2025.0,2
2025-02-14 21:00:00,9862,22.36,94.67,0.0,0.0,28.03,2025.0,2
2025-02-14 22:00:00,9863,22.44,94.67,0.0,0.0,30.35,2025.0,2
2025-02-14 23:00:00,9864,22.18,95.87,0.0,0.0,50.5,2025.0,2
2025-02-15 00:00:00,9865,21.94,97.1,0.0,0.0,54.83,2025.0,2
2025-02-15 01:00:00,9866,21.95,96.57,0.0,0.0,47.32,2025.0,2
2025-02-15 02:00:00,9867,22.16,95.0,0.0,0.0,35.38,2025.0,2
2025-02-15 03:00:00,9868,21.61,94.97,0.0,0.0,32.92,2025.0,2
2025-02-15 04:00:00,9869,21.35,95.2,0.0,0.0,36.18,2025.0,2
2025-02-15 05:00:00,9870,21.25,95.03,0.0,0.0,51.14,2025.0,2
2025-02-15 06:00:00,9871,22.0,92.43,0.0,0.0,35.51,2025.0,2
2025-02-15 07:00:00,9872,26.65,79.03,0.0,0.0,52.59,2025.0,2
2025-02-15 08:00:00,9873,30.28,68.6,0.0,0.0,58.47,2025.0,2
2025-02-15 09:00:00,9874,,58.6,0.0,0.0,59.17,2025.0,2
2025-02-15 10:00:00,9875,30.82,59.13,0.0,0.0,31.23,2025.0,2
2025-02-15 11:00:00,9876,29.97,59.8,0.0,0.0,20.37,2025.0,2
2025-02-15 12:00:00,9877,29.28,62.3,0.0,0.0,24.47,2025.0,2
2025-02-15 13:00:00,9878,27.33,69.83,0.0,0.0,33.63,2025.0,2
2025-02-15 14:00:00,9879,27.47,70.3,0.0,0.0,39.53,2025.0,2
2025-02-15 15:00:00,9880,26.6,76.0,0.0,0.0,41.27,2025.0,2
2025-02-15 16:00:00,9881,25.26,79.6,0.0,0.0,33.88,2025.0,2
2025-02-15 17:00:00,9882,24.56,81.97,0.0,0.0,29.64,2025.0,2
2025-02-15 18:00:00,9883,23.98,85.53,0.0,0.0,40.53,2025.0,2
2025-02-15 19:00:00,9884,23.77,87.4,0.0,0.0,47.73,2025.0,2
2025-02-15 20:00:00,9885,23.75,88.23,0.0,0.0,65.28,2025.0,2
2025-02-15 21:00:00,9886,23.55,90.8,0.0,0.0,,2025.0,2
2025-02-15 22:00:00,9887,23.31,92.0,0.0,0.0,53.78,2025.0,2
2025-02-15 23:00:00,9888,23.41,91.93,0.0,0.0,54.83,2025.0,2
2025-02-16 00:00:00,9889,23.12,92.87,0.0,0.0,59.79,2025.0,2
2025-02-16 01:00:00,9890,22.66,94.3,0.0,0.0,71.89,2025.0,2
2025-02-16 02:00:00,9891,22.27,94.43,0.0,0.0,71.98,2025.0,2
2025-02-16 03:00:00,9892,22.26,94.2,0.0,0.0,65.59,2025.0,2
2025-02-16 04:00:00,9893,22.04,94.87,0.0,0.0,54.78,2025.0,2
2025-02-16 05:00:00,9894,22.03,95.5,0.0,0.0,63.87,2025.0,2
2025-02-16 06:00:00,9895,22.36,94.23,0.0,0.0,63.61,2025.0,2
2025-02-16 07:00:00,9896,24.21,85.77,0.0,0.0,68.23,2025.0,2
2025-02-16 08:00:00,9897,27.05,77.47,0.0,0.0,49.74,2025.0,2
2025-02-16 09:00:00,9898,29.29,68.2,0.0,0.0,42.17,2025.0,2
2025-02-16 10:00:00,9899,28.23,70.33,0.0,0.0,36.87,2025.0,2
2025-02-16 11:00:00,9900,28.8,67.5,0.0,0.0,28.93,2025.0,2
2025-02-16 12:00:00,9901,29.15,65.93,0.0,0.0,31.63,2025.0,2
2025-02-16 13:00:00,9902,28.24,69.77,0.0,0.0,34.73,2025.0,2
2025-02-16 14:00:00,9903,27.61,74.0,0.0,0.0,38.93,2025.0,2
2025-02-16 15:00:00,9904,24.39,85.23,0.0,0.0,30.98,2025.0,2
2025-02-16 16:00:00,9905,23.44,88.27,0.0,0.0,29.73,2025.0,2
2025-02-16 17:00:00,9906,23.62,90.93,0.0,0.0,39.82,2025.0,2
2025-02-16 18:00:00,9907,23.56,91.23,0.0,0.0,41.12,2025.0,2
2025-02-16 19:00:00,9908,23.13,93.67,0.0,0.0,37.25,2025.0,2
2025-02-16 20:00:00,9909,22.88,94.53,0.0,0.0,46.92,2025.0,2
2025-02-16 21:00:00,9910,22.78,95.27,0.0,0.0,40.07,2025.0,2
2025-02-16 22:00:00,9911,22.72,96.43,0.0,0.0,50.21,2025.0,2
2025-02-16 23:00:00,9912,22.56,97.0,0.0,0.0,46.48,2025.0,2
2025-02-17 00:00:00,9913,22.32,97.47,0.0,0.0,47.39,2025.0,2
2025-02-17 01:00:00,9914,22.26,98.13,0.0,0.0,49.71,2025.0,2
2025-02-17 02:00:00,9915,22.38,97.53,0.0,0.0,53.29,2025.0,2
2025-02-17 03:00:00,9916,22.2,97.83,0.0,0.0,52.6,2025.0,2
2025-02-17 04:00:00,9917,21.93,99.0,0.0,0.0,65.84,2025.0,2
2025-02-17 05:00:00,9918,21.92,97.97,0.0,0.0,41.23,2025.0,2
2025-02-17 06:00:00,9919,22.24,96.47,0.0,0.0,43.22,2025.0,2
2025-02-17 07:00:00,9920,23.55,91.2,0.0,0.0,45.34,2025.0,2
2025-02-17 08:00:00,9921,27.07,79.8,0.0,0.0,42.09,2025.0,2
2025-02-17 09:00:00,9922,30.54,66.13,0.0,0.0,40.73,2025.0,2
2025-02-17 10:00:00,9923,28.88,66.83,0.0,0.0,14.17,2025.0,2
2025-02-17 11:00:00,9924,29.32,66.17,0.0,0.0,9.97,2025.0,2
2025-02-17 12:00:00,9925,29.49,66.2,0.0,0.0,15.27,2025.0,2
2025-02-17 13:00:00,9926,28.11,69.57,0.0,0.0,26.07,2025.0,2
2025-02-17 14:00:00,9927,21.32,93.23,0.0,0.0,22.76,2025.0,2
2025-02-17 15:00:00,9928,21.45,93.73,0.0,0.0,24.97,2025.0,2
2025-02-17 16:00:00,9929,21.39,93.27,0.0,0.0,13.24,2025.0,2
2025-02-17 17:00:00,9930,21.52,93.23,0.0,0.0,26.13,2025.0,2
2025-02-17 18:00:00,9931,21.75,95.23,0.0,0.0,32.52,2025.0,2
2025-02-17 19:00:00,9932,21.6,96.23,0.0,0.0,37.32,2025.0,2
2025-02-17 20:00:00,9933,21.21,96.93,0.0,0.0,34.42,2025.0,2
2025-02-17 21:00:00,9934,21.21,97.5,0.0,0.0,35.98,2025.0,2
2025-02-17 22:00:00,9935,21.31,96.57,0.0,0.0,39.91,2025.0,2
2025-02-17 23:00:00,9936,21.46,97.17,0.0,0.0,58.92,2025.0,2
2025-02-18 00:00:00,9937,21.42,97.97,0.0,0.0,51.68,2025.0,2
2025-02-18 01:00:00,9938,21.17,98.0,0.0,0.0,43.88,2025.0,2
2025-02-18 02:00:00,9939,20.95,98.5,0.0,0.0,41.54,2025.0,2
2025-02-18 03:00:00,9940,20.59,99.0,0.0,0.0,43.64,2025.0,2
2025-02-18 04:00:00,9941,20.57,99.0,0.0,0.0,45.74,2025.0,2
2025-02-18 05:00:00,9942,20.49,99.0,0.0,0.0,42.12,2025.0,2
2025-02-18 06:00:00,9943,21.27,98.6,0.0,0.0,49.54,2025.0,2
2025-02-18 07:00:00,9944,23.71,90.5,0.0,0.0,56.99,2025.0,2
2025-02-18 08:00:00,9945,29.9,71.07,0.0,0.0,,2025.0,2
2025-02-18 09:00:00,9946,,62.8,0.0,0.0,62.67,2025.0,2
2025-02-18 10:00:00,9947,,54.03,0.0,0.0,44.83,2025.0,2
2025-02-18 11:00:00,9948,,55.77,0.0,0.0,40.83,2025.0,2
2025-02-18 12:00:00,9949,29.3,64.07,0.0,0.0,31.7,2025.0,2
2025-02-18 13:00:00,9950,26.33,75.17,0.0,0.0,20.73,2025.0,2
2025-02-18 14:00:00,9951,25.2,80.93,0.0,0.0,25.78,2025.0,2
2025-02-18 15:00:00,9952,23.74,84.9,0.0,0.0,30.11,2025.0,2
2025-02-18 16:00:00,9953,22.68,88.23,0.0,0.0,27.36,2025.0,2
2025-02-18 17:00:00,9954,21.54,91.83,0.0,0.0,20.88,2025.0,2
2025-02-18 18:00:00,9955,21.55,91.03,0.0,0.0,24.19,2025.0,2
2025-02-18 19:00:00,9956,21.39,94.0,0.0,0.0,31.6,2025.0,2
2025-02-18 20:00:00,9957,21.38,94.9,0.0,0.0,37.99,2025.0,2
2025-02-18 21:00:00,9958,21.57,95.0,0.0,0.0,53.15,2025.0,2
2025-02-18 22:00:00,9959,21.7,94.33,0.0,0.0,39.82,2025.0,2
2025-02-18 23:00:00,9960,21.67,94.1,0.0,0.0,39.11,2025.0,2
2025-02-19 00:00:00,9961,21.36,95.33,0.0,0.0,46.5,2025.0,2
2025-02-19 01:00:00,9962,21.04,96.4,0.0,0.0,39.75,2025.0,2
2025-02-19 02:00:00,9963,21.07,97.03,0.0,0.0,40.45,2025.0,2
2025-02-19 03:00:00,9964,21.04,97.63,0.0,0.0,54.92,2025.0,2
2025-02-19 04:00:00,9965,20.76,98.7,0.0,0.0,44.76,2025.0,2
2025-02-19 05:00:00,9966,20.71,99.0,0.0,0.0,51.39,2025.0,2
2025-02-19 06:00:00,9967,21.2,98.03,0.0,0.0,50.79,2025.0,2
2025-02-19 07:00:00,9968,24.37,88.17,0.0,0.0,54.93,2025.0,2
2025-02-19 08:00:00,9969,28.03,73.9,0.0,0.0,55.1,2025.0,2
2025-02-19 09:00:00,9970,29.96,66.43,0.0,0.0,47.03,2025.0,2
2025-02-19 10:00:00,9971,,58.47,0.0,0.0,35.47,2025.0,2
2025-02-19 11:00:00,9972,31.52,57.47,0.0,0.0,30.03,2025.0,2
2025-02-19 12:00:00,9973,28.17,66.7,0.0,0.0,19.43,2025.0,2
2025-02-19 13:00:00,9974,26.94,71.7,0.0,0.0,29.4,2025.0,2
2025-02-19 14:00:00,9975,26.31,75.73,0.0,0.0,54.3,2025.0,2
2025-02-19 15:00:00,9976,23.97,82.67,0.0,0.0,36.83,2025.0,2
2025-02-19 16:00:00,9977,22.23,89.97,0.0,0.0,29.88,2025.0,2
2025-02-19 17:00:00,9978,22.18,90.97,0.0,0.0,33.21,2025.0,2
2025-02-19 18:00:00,9979,21.97,93.07,0.0,0.0,41.7,2025.0,2
2025-02-19 19:00:00,9980,21.93,94.97,0.0,0.0,45.74,2025.0,2
2025-02-19 20:00:00,9981,21.99,95.6,0.0,0.0,48.17,2025.0,2
2025-02-19 21:00:00,9982,21.94,96.73,0.0,0.0,55.01,2025.0,2
2025-02-19 22:00:00,9983,22.11,95.93,0.0,0.0,51.7,2025.0,2
2025-02-19 23:00:00,9984,22.21,96.03,0.0,0.0,,2025.0,2
2025-02-20 00:00:00,9985,22.27,96.0,0.0,0.0,,2025.0,2
2025-02-20 01:00:00,9986,21.98,96.8,0.0,0.0,63.0,2025.0,2
2025-02-20 02:00:00,9987,21.82,97.8,0.0,0.0,63.32,2025.0,2
2025-02-20 03:00:00,9988,21.76,97.77,0.0,0.0,60.32,2025.0,2
2025-02-20 04:00:00,9989,21.74,98.0,0.0,0.0,67.04,2025.0,2
2025-02-20 05:00:00,9990,21.39,98.97,0.0,0.0,66.6,2025.0,2
2025-02-20 06:00:00,9991,21.48,98.03,0.0,0.0,58.49,2025.0,2
2025-02-20 07:00:00,9992,23.46,90.97,0.0,0.0,59.14,2025.0,2
2025-02-20 08:00:00,9993,26.78,79.1,0.0,0.0,66.55,2025.0,2
2025-02-20 09:00:00,9994,31.24,62.43,0.0,0.0,41.4,2025.0,2
2025-02-20 10:00:00,9995,,55.87,0.0,0.0,45.57,2025.0,2
2025-02-20 11:00:00,9996,,53.8,0.0,0.0,43.67,2025.0,2
2025-02-20 12:00:00,9997,30.08,60.13,0.0,0.0,24.77,2025.0,2
2025-02-20 13:00:00,9998,30.81,59.1,0.0,0.0,16.4,2025.0,2
2025-02-20 14:00:00,9999,30.52,59.67,0.0,0.0,14.1,2025.0,2
2025-02-20 15:00:00,10000,30.62,60.43,0.0,0.0,21.63,2025.0,2
2025-02-20 16:00:00,10001,27.97,69.1,0.0,0.0,38.23,2025.0,2
2025-02-20 17:00:00,10002,26.42,77.0,0.0,0.0,48.33,2025.0,2
2025-02-20 18:00:00,10003,24.89,83.33,0.0,0.0,38.43,2025.0,2
2025-02-20 19:00:00,10004,23.47,91.37,0.0,0.0,33.92,2025.0,2
2025-02-20 20:00:00,10005,23.3,89.57,0.0,0.0,30.89,2025.0,2
2025-02-20 21:00:00,10006,22.85,89.53,0.0,0.0,26.78,2025.0,2
2025-02-20 22:00:00,10007,22.4,94.47,0.0,0.0,42.5,2025.0,2
2025-02-20 23:00:00,10008,22.22,95.27,0.0,0.0,38.48,2025.0,2
2025-02-21 00:00:00,10009,22.34,95.38,0.0,0.0,38.49,2025.0,2
2025-02-21 01:00:00,10010,22.09,96.93,0.0,0.0,47.7,2025.0,2
2025-02-21 02:00:00,10011,21.69,96.3,0.0,0.0,52.33,2025.0,2
2025-02-21 03:00:00,10012,21.79,94.47,0.0,0.0,32.94,2025.0,2
2025-02-21 04:00:00,10013,21.84,94.33,0.0,0.0,33.23,2025.0,2
2025-02-21 05:00:00,10014,21.89,94.93,0.0,0.0,40.2,2025.0,2
2025-02-21 06:00:00,10015,22.16,95.2,0.0,0.0,38.26,2025.0,2
2025-02-21 07:00:00,10016,24.87,87.0,0.0,0.0,55.65,2025.0,2
2025-02-21 08:00:00,10017,27.21,78.73,0.0,0.0,67.79,2025.0,2
2025-02-21 09:00:00,10018,29.75,69.67,0.0,0.0,,2025.0,2
2025-02-21 10:00:00,10019,29.21,64.97,0.0,0.0,27.73,2025.0,2
2025-02-21 11:00:00,10020,28.11,68.0,0.0,0.0,31.47,2025.0,2
2025-02-21 12:00:00,10021,29.41,66.0,0.0,0.0,30.23,2025.0,2
2025-02-21 13:00:00,10022,,57.37,0.0,0.0,25.0,2025.0,2
2025-02-21 14:00:00,10023,31.36,60.4,0.0,0.0,22.6,2025.0,2
2025-02-21 15:00:00,10024,28.85,67.83,0.0,0.0,31.01,2025.0,2
2025-02-21 16:00:00,10025,22.49,88.9,0.0,0.0,15.23,2025.0,2
2025-02-21 17:00:00,10026,23.7,87.2,0.0,0.0,31.02,2025.0,2
2025-02-21 18:00:00,10027,22.28,93.6,0.0,0.0,21.8,2025.0,2
2025-02-21 19:00:00,10028,22.04,93.4,0.0,0.0,20.64,2025.0,2
2025-02-21 20:00:00,10029,22.4,93.77,0.0,0.0,24.16,2025.0,2
2025-02-21 21:00:00,10030,22.46,95.13,0.0,0.0,28.74,2025.0,2
2025-02-21 22:00:00,10031,22.41,95.37,0.0,0.0,34.53,2025.0,2
2025-02-21 23:00:00,10032,22.65,95.57,0.0,0.0,37.25,2025.0,2
2025-02-22 00:00:00,10033,22.5,97.4,0.0,0.0,38.32,2025.0,2
2025-02-22 01:00:00,10034,22.31,97.37,0.0,0.0,46.88,2025.0,2
2025-02-22 02:00:00,10035,21.59,97.4,0.0,0.0,44.96,2025.0,2
2025-02-22 03:00:00,10036,21.08,96.0,0.0,0.0,26.49,2025.0,2
2025-02-22 04:00:00,10037,21.22,96.57,0.0,0.0,43.01,2025.0,2
2025-02-22 05:00:00,10038,20.97,97.27,0.0,0.0,49.24,2025.0,2
2025-02-22 06:00:00,10039,21.26,96.37,0.0,0.0,62.49,2025.0,2
2025-02-22 07:00:00,10040,22.09,93.13,0.0,0.0,73.01,2025.0,2
2025-02-22 08:00:00,10041,24.65,83.67,0.0,0.0,34.1,2025.0,2
2025-02-22 09:00:00,10042,26.0,80.0,0.0,0.0,49.4,2025.0,2
2025-02-22 10:00:00,10043,26.93,74.73,0.0,0.0,33.0,2025.0,2
2025-02-22 11:00:00,10044,26.86,74.8,0.0,0.0,27.5,2025.0,2
2025-02-22 12:00:00,10045,27.71,71.67,0.0,0.0,21.33,2025.0,2
2025-02-22 13:00:00,10046,28.27,70.0,0.0,0.0,25.57,2025.0,2
2025-02-22 14:00:00,10047,29.12,66.73,0.0,0.0,31.3,2025.0,2
2025-02-22 15:00:00,10048,,58.03,0.0,0.0,27.87,2025.0,2
2025-02-22 16:00:00,10049,29.99,64.4,0.0,0.0,32.5,2025.0,2
2025-02-22 17:00:00,10050,27.42,74.63,0.0,0.0,37.67,2025.0,2
2025-02-22 18:00:00,10051,25.54,82.0,0.0,0.0,32.0,2025.0,2
2025-02-22 19:00:00,10052,24.3,87.13,0.0,0.0,38.35,2025.0,2
2025-02-22 20:00:00,10053,23.79,86.93,0.0,0.0,31.56,2025.0,2
2025-02-22 21:00:00,10054,23.64,86.53,0.0,0.0,28.61,2025.0,2
2025-02-22 22:00:00,10055,23.21,91.17,0.0,0.0,36.49,2025.0,2
2025-02-22 23:00:00,10056,23.22,91.07,0.0,0.0,38.19,2025.0,2
2025-02-23 00:00:00,10057,22.99,92.5,0.0,0.0,53.26,2025.0,2
2025-02-23 01:00:00,10058,22.91,92.27,0.0,0.0,39.6,2025.0,2
2025-02-23 02:00:00,10059,22.93,91.73,0.0,0.0,33.61,2025.0,2
2025-02-23 03:00:00,10060,22.52,93.2,0.0,0.0,32.34,2025.0,2
2025-02-23 04:00:00,10061,22.34,94.4,0.0,0.0,44.11,2025.0,2
2025-02-23 05:00:00,10062,21.92,96.6,0.0,0.0,72.38,2025.0,2
2025-02-23 06:00:00,10063,22.06,95.23,0.0,0.0,61.75,2025.0,2
2025-02-23 07:00:00,10064,23.75,87.77,0.0,0.0,35.04,2025.0,2
2025-02-23 08:00:00,10065,24.5,84.03,0.0,0.0,23.63,2025.0,2
2025-02-23 09:00:00,10066,24.81,82.93,0.0,0.0,24.1,2025.0,2
2025-02-23 10:00:00,10067,25.35,79.67,0.0,0.0,19.58,2025.0,2
2025-02-23 11:00:00,10068,26.35,77.17,0.0,0.0,26.27,2025.0,2
2025-02-23 12:00:00,10069,26.97,74.0,0.0,0.0,26.9,2025.0,2
2025-02-23 13:00:00,10070,28.0,70.87,0.0,0.0,24.33,2025.0,2
2025-02-23 14:00:00,10071,28.14,68.63,0.0,0.0,22.53,2025.0,2
2025-02-23 15:00:00,10072,28.03,68.97,0.0,0.0,28.93,2025.0,2
2025-02-23 16:00:00,10073,27.65,69.8,0.0,0.0,36.0,2025.0,2
2025-02-23 17:00:00,10074,25.92,75.4,0.0,0.0,43.17,2025.0,2
2025-02-23 18:00:00,10075,24.93,79.73,0.0,0.0,40.78,2025.0,2
2025-02-23 19:00:00,10076,24.17,83.0,0.0,0.0,39.78,2025.0,2
2025-02-23 20:00:00,10077,23.94,83.33,0.0,0.0,34.3,2025.0,2
2025-02-23 21:00:00,10078,23.55,87.53,0.0,0.0,45.63,2025.0,2
2025-02-23 22:00:00,10079,22.9,90.87,0.0,0.0,37.77,2025.0,2
2025-02-23 23:00:00,10080,22.66,92.0,0.0,0.0,38.03,2025.0,2
2025-02-24 00:00:00,10081,22.55,92.73,0.0,0.0,39.02,2025.0,2
2025-02-24 01:00:00,10082,22.38,93.2,0.0,0.0,47.37,2025.0,2
2025-02-24 02:00:00,10083,22.17,94.4,0.0,0.0,35.67,2025.0,2
2025-02-24 03:00:00,10084,21.91,95.57,0.0,0.0,36.29,2025.0,2
2025-02-24 04:00:00,10085,21.75,96.0,0.0,0.0,34.26,2025.0,2
2025-02-24 05:00:00,10086,21.59,95.53,0.0,0.0,27.07,2025.0,2
2025-02-24 06:00:00,10087,22.6,92.57,0.0,0.0,31.91,2025.0,2
2025-02-24 07:00:00,10088,26.71,78.67,0.0,0.0,51.18,2025.0,2
2025-02-24 08:00:00,10089,,62.78,0.0,0.0,41.15,2025.0,2
2025-02-24 10:00:00,10091,,56.38,0.0,0.0,44.71,2025.0,2
2025-02-24 11:00:00,10092,,51.87,0.0,0.0,45.7,2025.0,2
2025-02-24 13:00:00,10094,22.54,92.38,0.0,0.0,24.53,2025.0,2
2025-02-24 22:00:00,10103,21.69,97.2,0.0,0.0,36.18,2025.0,2
2025-02-24 23:00:00,10104,21.74,97.8,0.0,0.0,54.85,2025.0,2
2025-02-25 00:00:00,10105,21.6,98.0,0.0,0.0,41.61,2025.0,2
2025-02-25 01:00:00,10106,21.64,98.1,0.0,0.0,39.49,2025.0,2
2025-02-25 02:00:00,10107,21.42,98.3,0.0,0.0,47.35,2025.0,2
2025-02-25 03:00:00,10108,21.38,98.43,0.0,0.0,44.71,2025.0,2
2025-02-25 04:00:00,10109,21.47,98.03,0.0,0.0,46.92,2025.0,2
2025-02-25 05:00:00,10110,21.31,98.3,0.0,0.0,60.21,2025.0,2
2025-02-25 06:00:00,10111,21.27,98.93,0.0,0.0,62.31,2025.0,2
2025-02-25 07:00:00,10112,25.01,87.73,0.0,0.0,62.09,2025.0,2
2025-02-25 08:00:00,10113,25.56,84.03,0.0,0.0,56.82,2025.0,2
2025-02-25 09:00:00,10114,28.65,75.03,0.0,0.0,,2025.0,2
2025-02-25 10:00:00,10115,31.3,64.87,0.0,0.0,59.93,2025.0,2
2025-02-25 11:00:00,10116,,52.43,0.0,0.0,47.23,2025.0,2
2025-02-25 12:00:00,10117,,49.2,0.0,0.0,37.43,2025.0,2
2025-02-25 13:00:00,10118,,53.43,0.0,0.0,39.67,2025.0,2
2025-02-25 14:00:00,10119,22.93,86.87,14.65,70.0,22.27,2025.0,2
2025-02-25 15:00:00,10120,21.72,93.27,21.21,100.0,17.42,2025.0,2
2025-02-25 16:00:00,10121,22.03,94.13,21.42,100.0,25.39,2025.0,2
2025-02-25 17:00:00,10122,21.96,94.97,21.37,100.0,25.84,2025.0,2
2025-02-25 18:00:00,10123,22.3,94.6,21.58,100.0,34.97,2025.0,2
2025-02-25 19:00:00,10124,22.15,95.03,21.57,100.0,30.04,2025.0,2
2025-02-25 20:00:00,10125,22.4,94.67,21.77,100.0,31.13,2025.0,2
2025-02-25 21:00:00,10126,22.49,95.67,21.94,100.0,40.96,2025.0,2
2025-02-25 22:00:00,10127,22.49,97.03,22.07,100.0,56.26,2025.0,2
2025-02-25 23:00:00,10128,22.26,97.33,21.84,100.0,46.99,2025.0,2
2025-02-26 00:00:00,10129,22.14,97.8,21.79,100.0,61.44,2025.0,2
2025-02-26 01:00:00,10130,21.93,98.0,21.56,100.0,49.02,2025.0,2
2025-02-26 02:00:00,10131,21.96,98.63,21.64,100.0,63.14,2025.0,2
2025-02-26 03:00:00,10132,22.04,98.4,21.65,100.0,67.27,2025.0,2
2025-02-26 04:00:00,10133,22.06,98.63,21.72,100.0,74.1,2025.0,2
2025-02-26 05:00:00,10134,21.96,98.9,21.61,100.0,64.32,2025.0,2
2025-02-26 06:00:00,10135,21.96,98.8,21.7,100.0,73.61,2025.0,2
2025-02-26 07:00:00,10136,23.7,94.17,23.01,100.0,,2025.0,2
2025-02-26 08:00:00,10137,25.42,87.27,23.93,100.0,,2025.0,2
2025-02-26 09:00:00,10138,27.49,80.47,26.54,94.77,,2025.0,2
2025-02-26 10:00:00,10139,28.71,75.07,28.74,79.13,,2025.0,2
2025-02-26 11:00:00,10140,29.42,67.6,30.46,68.73,56.93,2025.0,2
2025-02-26 12:00:00,10141,30.83,63.47,31.58,65.53,42.7,2025.0,2
2025-02-26 13:00:00,10142,29.0,67.97,29.64,71.2,40.09,2025.0,2
2025-02-26 14:00:00,10143,23.87,85.7,24.47,90.17,30.55,2025.0,2
2025-02-26 15:00:00,10144,25.32,82.73,25.31,88.37,32.16,2025.0,2
2025-02-26 16:00:00,10145,24.5,84.43,24.49,90.67,32.52,2025.0,2
2025-02-26 17:00:00,10146,24.11,86.87,24.1,93.5,41.03,2025.0,2
2025-02-26 18:00:00,10147,23.33,92.43,22.93,100.0,48.08,2025.0,2
2025-02-26 19:00:00,10148,23.43,92.03,23.33,98.9,65.12,2025.0,2
2025-02-26 20:00:00,10149,23.43,92.37,23.47,97.67,66.67,2025.0,2
2025-02-26 21:00:00,10150,23.31,93.2,23.38,98.3,68.85,2025.0,2
2025-02-26 22:00:00,10151,23.0,94.77,22.91,99.77,,2025.0,2
2025-02-26 23:00:00,10152,22.58,96.43,22.52,100.0,,2025.0,2
2025-02-27 00:00:00,10153,22.16,97.63,22.12,100.0,,2025.0,2
2025-02-27 01:00:00,10154,22.27,98.27,22.38,100.0,,2025.0,2
2025-02-27 02:00:00,10155,22.29,98.0,22.26,100.0,,2025.0,2
2025-02-27 03:00:00,10156,22.13,97.47,22.1,100.0,,2025.0,2
2025-02-27 04:00:00,10157,22.12,98.33,22.13,100.0,,2025.0,2
2025-02-27 05:00:00,10158,21.94,98.2,21.87,100.0,,2025.0,2
2025-02-27 06:00:00,10159,22.07,97.43,22.14,100.0,,2025.0,2
2025-02-27 07:00:00,10160,25.45,87.27,26.9,87.47,,2025.0,2
2025-02-27 08:00:00,10161,31.06,69.3,34.14,64.4,,2025.0,2
2025-02-27 09:00:00,10162,,60.33,33.55,62.33,61.63,2025.0,2
2025-02-27 10:00:00,10163,,54.93,32.67,61.2,41.37,2025.0,2
2025-02-27 11:00:00,10164,,52.77,33.86,59.13,48.5,2025.0,2
2025-02-27 12:00:00,10165,29.17,66.66,29.53,71.28,48.38,2025.0,2
2025-02-27 13:00:00,10166,26.71,73.1,26.82,79.45,38.35,2025.0,2
2025-02-27 14:00:00,10167,22.96,90.47,21.91,100.0,36.31,2025.0,2
2025-02-27 15:00:00,10168,23.84,87.1,22.42,100.0,53.82,2025.0,2
2025-02-27 16:00:00,10169,23.55,89.93,22.58,100.0,46.39,2025.0,2
2025-02-27 17:00:00,10170,22.42,94.3,21.77,100.0,42.84,2025.0,2
2025-02-27 18:00:00,10171,21.72,96.67,21.31,100.0,44.85,2025.0,2
2025-02-27 19:00:00,10172,21.31,97.97,21.1,100.0,46.5,2025.0,2
2025-02-27 20:00:00,10173,21.53,98.33,21.25,100.0,33.61,2025.0,2
2025-02-27 21:00:00,10174,21.85,97.0,21.38,100.0,34.73,2025.0,2
2025-02-27 22:00:00,10175,22.12,97.3,21.63,100.0,33.5,2025.0,2
2025-02-27 23:00:00,10176,21.97,98.1,21.55,100.0,38.84,2025.0,2
2025-02-28 00:00:00,10177,21.73,98.77,21.45,100.0,42.28,2025.0,2
2025-02-28 01:00:00,10178,21.34,99.0,21.12,100.0,42.79,2025.0,2
2025-02-28 02:00:00,10179,21.36,99.0,21.19,100.0,51.48,2025.0,2
2025-02-28 03:00:00,10180,21.43,99.0,21.26,100.0,48.91,2025.0,2
2025-02-28 04:00:00,10181,21.24,99.0,21.04,100.0,39.53,2025.0,2
2025-02-28 05:00:00,10182,21.31,98.67,20.96,100.0,35.82,2025.0,2
2025-02-28 06:00:00,10183,21.85,98.67,21.78,100.0,49.65,2025.0,2
2025-02-28 07:00:00,10184,23.47,92.87,22.75,100.0,47.37,2025.0,2
2025-02-28 08:00:00,10185,26.88,81.77,26.12,99.9,45.78,2025.0,2
2025-02-28 09:00:00,10186,,65.1,29.97,92.9,46.8,2025.0,2
2025-02-28 10:00:00,10187,,60.9,32.81,66.53,53.17,2025.0,2
2025-02-28 11:00:00,10188,,56.2,32.92,64.8,49.8,2025.0,2
2025-02-28 12:00:00,10189,29.43,67.3,29.11,73.33,40.7,2025.0,2
2025-02-28 13:00:00,10190,26.39,79.13,28.21,79.57,41.01,2025.0,2
2025-02-28 14:00:00,10191,25.74,80.83,25.92,86.17,35.89,2025.0,2
2025-02-28 15:00:00,10192,24.15,85.87,24.46,91.67,28.63,2025.0,2
2025-02-28 16:00:00,10193,24.37,86.23,24.38,92.63,31.11,2025.0,2
2025-02-28 17:00:00,10194,22.81,90.53,22.93,95.93,34.24,2025.0,2
2025-02-28 18:00:00,10195,22.26,92.9,22.45,98.43,40.02,2025.0,2
2025-02-28 19:00:00,10196,22.14,95.33,22.28,99.9,50.43,2025.0,2
2025-02-28 20:00:00,10197,22.0,95.73,21.66,100.0,42.32,2025.0,2
2025-02-28 21:00:00,10198,21.99,96.0,21.52,100.0,45.83,2025.0,2
2025-02-28 22:00:00,10199,21.89,96.2,21.46,100.0,42.03,2025.0,2
2025-02-28 23:00:00,10200,22.03,97.33,21.83,100.0,58.11,2025.0,2
2025-03-01 00:00:00,10201,22.25,98.03,22.06,100.0,55.05,2025.0,3
2025-03-01 01:00:00,10202,22.11,98.1,21.83,100.0,73.63,2025.0,3
2025-03-01 02:00:00,10203,21.52,98.33,21.4,100.0,54.27,2025.0,3
2025-03-01 03:00:00,10204,21.48,97.37,21.19,100.0,47.9,2025.0,3
2025-03-01 04:00:00,10205,21.38,97.77,21.25,100.0,54.45,2025.0,3
2025-03-01 05:00:00,10206,21.56,98.93,21.59,100.0,65.19,2025.0,3
2025-03-01 06:00:00,10207,22.21,98.0,22.63,99.53,57.8,2025.0,3
2025-03-01 07:00:00,10208,26.9,83.17,29.38,79.83,61.81,2025.0,3
2025-03-01 08:00:00,10209,30.33,69.7,32.06,68.07,55.97,2025.0,3
2025-03-01 09:00:00,10210,30.81,65.5,32.23,65.07,41.23,2025.0,3
2025-03-01 10:00:00,10211,31.2,58.67,31.04,62.73,15.6,2025.0,3
2025-03-01 11:00:00,10212,31.55,57.87,30.92,64.3,17.93,2025.0,3
2025-03-01 12:00:00,10213,30.77,62.7,30.61,68.5,26.1,2025.0,3
2025-03-01 13:00:00,10214,26.32,78.3,27.98,78.83,23.74,2025.0,3
2025-03-01 14:00:00,10215,29.45,70.07,32.37,67.43,31.3,2025.0,3
2025-03-01 15:00:00,10216,32.03,59.0,32.48,63.53,25.87,2025.0,3
2025-03-01 16:00:00,10217,28.79,67.67,28.58,73.77,31.43,2025.0,3
2025-03-01 17:00:00,10218,26.54,76.3,26.69,81.1,36.97,2025.0,3
2025-03-01 18:00:00,10219,25.33,82.37,25.31,88.37,33.4,2025.0,3
2025-03-01 19:00:00,10220,24.56,86.57,24.66,93.13,47.55,2025.0,3
2025-03-01 20:00:00,10221,24.54,87.83,24.68,94.03,41.32,2025.0,3
2025-03-01 21:00:00,10222,24.3,87.63,24.34,93.77,40.29,2025.0,3
2025-03-01 22:00:00,10223,23.76,90.03,23.89,96.1,44.2,2025.0,3
2025-03-01 23:00:00,10224,23.6,92.6,23.59,98.6,55.59,2025.0,3
2025-03-02 00:00:00,10225,23.53,94.63,23.72,99.47,53.44,2025.0,3
2025-03-02 01:00:00,10226,23.41,95.03,23.54,99.57,55.97,2025.0,3
2025-03-02 02:00:00,10227,23.28,95.87,23.28,100.0,56.21,2025.0,3
2025-03-02 03:00:00,10228,23.07,96.33,23.2,100.0,66.62,2025.0,3
2025-03-02 04:00:00,10229,22.77,96.43,22.86,100.0,71.29,2025.0,3
2025-03-02 05:00:00,10230,22.68,96.7,22.68,100.0,71.11,2025.0,3
2025-03-02 06:00:00,10231,22.69,95.57,22.92,99.03,75.89,2025.0,3
2025-03-02 07:00:00,10232,26.0,83.13,26.48,85.97,62.22,2025.0,3
2025-03-02 08:00:00,10233,30.87,69.27,34.26,64.1,71.47,2025.0,3
2025-03-02 09:00:00,10234,32.83,61.47,33.74,63.03,55.9,2025.0,3
2025-03-02 10:00:00,10235,32.89,59.9,32.06,66.5,45.23,2025.0,3
2025-03-02 11:00:00,10236,33.42,55.87,32.46,63.0,29.13,2025.0,3
2025-03-02 12:00:00,10237,33.69,53.2,32.67,61.37,27.83,2025.0,3
2025-03-02 13:00:00,10238,30.96,65.5,30.29,74.8,45.14,2025.0,3
2025-03-02 14:00:00,10239,26.34,78.1,25.53,99.23,48.31,2025.0,3
2025-03-02 15:00:00,10240,26.07,79.9,26.22,89.37,53.67,2025.0,3
2025-03-02 16:00:00,10241,23.64,88.47,22.97,96.87,22.67,2025.0,3
2025-03-02 17:00:00,10242,23.22,91.07,22.32,100.0,25.5,2025.0,3
2025-03-02 18:00:00,10243,23.43,93.07,22.62,100.0,30.69,2025.0,3
2025-03-02 19:00:00,10244,23.66,92.37,22.74,100.0,46.86,2025.0,3
2025-03-02 20:00:00,10245,23.42,93.87,22.77,100.0,59.61,2025.0,3
2025-03-02 21:00:00,10246,23.48,94.6,22.94,100.0,50.65,2025.0,3
2025-03-02 22:00:00,10247,23.43,94.97,22.94,100.0,57.64,2025.0,3
2025-03-02 23:00:00,10248,23.04,97.27,22.6,100.0,46.63,2025.0,3
2025-03-03 00:00:00,10249,22.69,97.73,22.35,100.0,20.39,2025.0,3
2025-03-03 01:00:00,10250,22.58,98.0,22.56,100.0,0.0,2025.0,3
2025-03-03 02:00:00,10251,22.48,98.0,22.56,100.0,0.0,2025.0,3
2025-03-03 03:00:00,10252,22.26,97.3,22.56,100.0,0.0,2025.0,3
2025-03-03 04:00:00,10253,22.29,97.93,22.56,100.0,0.0,2025.0,3
2025-03-03 05:00:00,10254,22.3,98.0,22.56,100.0,0.0,2025.0,3
2025-03-03 06:00:00,10255,22.3,98.0,22.56,100.0,0.0,2025.0,3
2025-03-03 07:00:00,10256,24.38,90.6,22.56,100.0,0.0,2025.0,3
2025-03-03 08:00:00,10257,25.7,87.0,22.56,100.0,0.0,2025.0,3
2025-03-03 09:00:00,10258,25.7,87.0,22.56,100.0,0.0,2025.0,3
2025-03-03 10:00:00,10259,25.7,87.0,22.56,100.0,0.0,2025.0,3
2025-03-03 11:00:00,10260,25.7,87.0,22.56,100.0,0.0,2025.0,3
2025-03-03 12:00:00,10261,28.15,75.73,26.89,83.63,11.17,2025.0,3
2025-03-03 13:00:00,10262,29.07,70.63,29.62,74.37,39.27,2025.0,3
2025-03-03 14:00:00,10263,26.95,79.6,27.5,83.7,22.55,2025.0,3
2025-03-03 15:00:00,10264,23.49,92.07,23.9,98.9,1.03,2025.0,3
2025-03-03 16:00:00,10265,23.54,93.8,23.64,100.0,0.0,2025.0,3
2025-03-03 17:00:00,10266,23.69,91.8,23.11,100.0,26.0,2025.0,3
2025-03-03 18:00:00,10267,23.34,95.33,23.14,100.0,30.04,2025.0,3
2025-03-03 19:00:00,10268,23.18,95.53,23.1,100.0,30.93,2025.0,3
2025-03-03 20:00:00,10269,22.97,94.5,22.66,100.0,15.23,2025.0,3
2025-03-03 21:00:00,10270,22.24,96.27,21.96,100.0,17.22,2025.0,3
2025-03-03 22:00:00,10271,22.09,98.0,21.87,100.0,23.05,2025.0,3
2025-03-03 23:00:00,10272,22.17,98.0,21.92,100.0,35.38,2025.0,3
2025-03-04 00:00:00,10273,22.14,98.2,21.89,100.0,41.18,2025.0,3
2025-03-04 01:00:00,10274,22.14,98.93,21.95,100.0,37.65,2025.0,3
2025-03-04 02:00:00,10275,22.36,98.37,22.19,100.0,33.86,2025.0,3
2025-03-04 03:00:00,10276,22.4,98.13,22.29,100.0,30.44,2025.0,3
2025-03-04 04:00:00,10277,22.22,98.77,22.09,100.0,33.12,2025.0,3
2025-03-04 05:00:00,10278,22.0,99.0,21.94,100.0,26.69,2025.0,3
2025-03-04 06:00:00,10279,22.58,97.17,22.81,100.0,30.75,2025.0,3
2025-03-04 07:00:00,10280,25.08,87.37,25.43,95.07,32.07,2025.0,3
2025-03-04 08:00:00,10281,28.39,76.93,29.0,79.3,36.66,2025.0,3
2025-03-04 09:00:00,10282,31.02,67.1,30.45,71.93,38.03,2025.0,3
2025-03-04 10:00:00,10283,31.03,64.63,31.36,68.03,31.2,2025.0,3
2025-03-04 11:00:00,10284,30.62,64.47,31.58,66.83,29.53,2025.0,3
2025-03-04 12:00:00,10285,32.48,59.1,32.75,63.3,28.73,2025.0,3
2025-03-04 13:00:00,10286,32.41,58.7,32.42,64.03,32.5,2025.0,3
2025-03-04 14:00:00,10287,31.55,61.87,31.44,67.97,39.27,2025.0,3
2025-03-04 15:00:00,10288,24.84,83.13,25.2,88.9,35.6,2025.0,3
2025-03-04 16:00:00,10289,23.91,82.87,24.01,88.93,27.52,2025.0,3
2025-03-04 17:00:00,10290,23.78,85.1,23.9,91.1,36.89,2025.0,3
2025-03-04 18:00:00,10291,22.97,90.3,23.0,96.2,50.63,2025.0,3
2025-03-04 19:00:00,10292,23.01,89.67,23.13,94.63,34.26,2025.0,3
2025-03-04 20:00:00,10293,23.07,90.83,23.18,95.93,49.89,2025.0,3
2025-03-04 21:00:00,10294,23.3,88.77,23.63,92.7,31.02,2025.0,3
2025-03-04 22:00:00,10295,23.06,90.3,23.29,94.7,32.45,2025.0,3
2025-03-04 23:00:00,10296,22.62,92.57,22.84,97.43,45.01,2025.0,3
2025-03-05 00:00:00,10297,22.15,95.61,22.25,99.96,75.21,2025.0,3
2025-03-05 01:00:00,10298,21.68,97.0,21.63,100.0,85.2,2025.0,3
2025-03-05 02:00:00,10299,21.62,97.4,21.8,100.0,88.53,2025.0,3
2025-03-05 03:00:00,10300,21.4,97.87,21.51,100.0,79.91,2025.0,3
2025-03-05 04:00:00,10301,21.11,97.5,21.28,100.0,59.09,2025.0,3
2025-03-05 05:00:00,10302,20.66,98.3,20.86,100.0,60.46,2025.0,3
2025-03-05 06:00:00,10303,20.85,96.53,21.62,97.47,69.48,2025.0,3
2025-03-05 07:00:00,10304,24.93,84.37,27.76,79.03,68.97,2025.0,3
2025-03-05 08:00:00,10305,31.03,63.9,33.68,59.8,57.43,2025.0,3
2025-03-05 09:00:00,10306,31.07,60.93,33.01,59.63,41.1,2025.0,3
2025-03-05 10:00:00,10307,32.17,55.23,32.21,59.23,31.83,2025.0,3
2025-03-05 11:00:00,10308,32.21,55.63,31.61,62.0,31.83,2025.0,3
2025-03-05 12:00:00,10309,31.77,55.6,32.38,59.27,28.93,2025.0,3
2025-03-05 13:00:00,10310,29.95,57.73,31.01,60.83,26.23,2025.0,3
2025-03-05 14:00:00,10311,31.27,57.63,32.33,60.5,28.53,2025.0,3
2025-03-05 15:00:00,10312,30.17,59.17,32.47,59.6,33.0,2025.0,3
2025-03-05 16:00:00,10313,31.03,58.57,33.32,58.87,35.8,2025.0,3
2025-03-05 17:00:00,10314,27.9,67.8,28.39,71.97,44.3,2025.0,3
2025-03-05 18:00:00,10315,26.19,76.4,26.22,82.27,49.7,2025.0,3
2025-03-05 19:00:00,10316,25.06,83.13,25.15,89.5,52.68,2025.0,3
2025-03-05 20:00:00,10317,24.37,85.77,24.37,92.6,69.55,2025.0,3
2025-03-05 21:00:00,10318,23.72,89.5,23.79,96.3,69.32,2025.0,3
2025-03-05 22:00:00,10319,23.4,92.0,23.56,97.3,59.85,2025.0,3
2025-03-05 23:00:00,10320,23.06,93.03,23.18,98.67,61.39,2025.0,3
2025-03-06 00:00:00,10321,22.67,94.1,22.72,99.37,72.09,2025.0,3
2025-03-06 01:00:00,10322,22.2,95.27,22.29,100.0,99.65,2025.0,3
2025-03-06 02:00:00,10323,22.24,95.03,22.44,100.0,84.6,2025.0,3
2025-03-06 03:00:00,10324,21.81,96.27,21.76,100.0,88.71,2025.0,3
2025-03-06 04:00:00,10325,21.43,97.7,21.49,100.0,,2025.0,3
2025-03-06 05:00:00,10326,21.42,97.8,21.5,100.0,,2025.0,3
2025-03-06 06:00:00,10327,21.73,96.93,22.08,99.17,,2025.0,3
2025-03-06 07:00:00,10328,25.32,85.57,27.11,84.1,,2025.0,3
2025-03-06 08:00:00,10329,30.0,70.57,31.12,70.97,,2025.0,3
2025-03-06 09:00:00,10330,33.44,60.07,34.75,60.7,,2025.0,3
2025-03-06 10:00:00,10331,34.53,55.4,33.57,62.37,99.93,2025.0,3
2025-03-06 11:00:00,10332,36.1,50.03,34.34,59.17,79.07,2025.0,3
2025-03-06 12:00:00,10333,31.61,60.53,32.76,64.27,71.4,2025.0,3
2025-03-06 13:00:00,10334,30.71,63.87,33.16,63.83,67.53,2025.0,3
2025-03-06 14:00:00,10335,30.6,63.93,32.83,64.47,67.33,2025.0,3
2025-03-06 15:00:00,10336,27.82,73.1,27.6,80.8,59.42,2025.0,3
2025-03-06 16:00:00,10337,23.83,91.93,23.1,100.0,49.13,2025.0,3
2025-03-06 17:00:00,10338,22.68,96.6,22.49,100.0,35.55,2025.0,3
2025-03-06 18:00:00,10339,22.57,95.23,22.01,100.0,31.65,2025.0,3
2025-03-06 19:00:00,10340,23.08,94.37,22.37,100.0,39.57,2025.0,3
2025-03-06 20:00:00,10341,23.14,95.63,22.67,100.0,44.85,2025.0,3
2025-03-06 21:00:00,10342,23.01,96.47,22.66,100.0,57.69,2025.0,3
2025-03-06 22:00:00,10343,23.07,97.5,22.78,100.0,68.05,2025.0,3
2025-03-06 23:00:00,10344,22.89,97.23,22.59,100.0,55.1,2025.0,3
2025-03-07 00:00:00,10345,22.94,96.47,22.57,100.0,47.32,2025.0,3
2025-03-07 01:00:00,10346,22.76,96.76,22.41,100.0,67.07,2025.0,3
2025-03-07 02:00:00,10347,22.6,96.93,22.25,100.0,51.08,2025.0,3
2025-03-07 03:00:00,10348,22.42,96.5,22.03,100.0,41.96,2025.0,3
2025-03-07 04:00:00,10349,22.14,97.53,21.88,100.0,45.74,2025.0,3
2025-03-07 05:00:00,10350,22.06,94.4,21.6,100.0,38.26,2025.0,3
2025-03-07 06:00:00,10351,22.66,89.2,22.48,99.9,31.96,2025.0,3
2025-03-07 07:00:00,10352,26.33,80.57,28.2,79.53,50.99,2025.0,3
2025-03-07 08:00:00,10353,28.88,73.5,30.01,73.57,63.8,2025.0,3
2025-03-07 09:00:00,10354,32.03,62.53,33.11,63.33,57.3,2025.0,3
2025-03-07 10:00:00,10355,35.2,51.8,35.4,54.8,36.57,2025.0,3
2025-03-07 11:00:00,10356,34.75,50.7,32.97,59.93,37.2,2025.0,3
2025-03-07 12:00:00,10357,32.18,56.4,31.83,63.43,33.73,2025.0,3
2025-03-07 13:00:00,10358,35.74,49.27,34.02,58.9,28.6,2025.0,3
2025-03-07 14:00:00,10359,29.85,66.57,31.47,68.87,37.4,2025.0,3
2025-03-07 15:00:00,10360,26.06,77.37,26.31,82.43,33.62,2025.0,3
2025-03-07 17:00:00,10362,21.51,96.33,21.28,100.0,12.51,2025.0,3
2025-03-07 18:00:00,10363,21.33,96.43,21.04,100.0,22.98,2025.0,3
2025-03-07 19:00:00,10364,21.02,97.9,20.84,100.0,32.0,2025.0,3
2025-03-07 20:00:00,10365,21.17,98.0,20.91,100.0,41.5,2025.0,3
2025-03-07 21:00:00,10366,21.46,98.0,21.21,100.0,40.51,2025.0,3
2025-03-07 22:00:00,10367,21.55,98.0,21.25,100.0,42.63,2025.0,3
2025-03-07 23:00:00,10368,21.25,98.67,21.11,100.0,75.84,2025.0,3
2025-03-08 00:00:00,10369,21.11,99.0,21.09,100.0,61.15,2025.0,3
2025-03-08 01:00:00,10370,21.3,99.0,21.23,100.0,50.05,2025.0,3
2025-03-08 02:00:00,10371,21.31,99.0,21.23,100.0,50.94,2025.0,3
2025-03-08 03:00:00,10372,21.16,99.0,21.03,100.0,44.76,2025.0,3
2025-03-08 04:00:00,10373,21.14,99.0,20.97,100.0,47.84,2025.0,3
2025-03-08 05:00:00,10374,21.16,99.0,20.97,100.0,47.07,2025.0,3
2025-03-14 10:00:00,10523,36.42,37.21,35.62,53.17,36.66,2025.0,3
2025-03-14 11:00:00,10524,37.87,33.47,35.24,51.87,21.67,2025.0,3
2025-03-14 12:00:00,10525,34.6,41.62,33.2,59.14,15.28,2025.0,3
2025-03-14 13:00:00,10526,30.92,51.72,29.83,69.72,19.21,2025.0,3
2025-03-14 15:00:00,10528,28.93,59.17,26.22,82.37,35.4,2025.0,3
2025-03-14 16:00:00,10529,25.76,75.27,22.96,98.7,41.47,2025.0,3
2025-03-14 17:00:00,10530,25.39,76.37,22.08,100.0,30.3,2025.0,3
2025-03-14 18:00:00,10531,24.85,80.0,21.94,100.0,22.69,2025.0,3
2025-03-14 19:00:00,10532,25.06,79.17,21.94,100.0,24.68,2025.0,3
2025-03-14 20:00:00,10533,25.01,79.43,21.89,100.0,29.43,2025.0,3
2025-03-14 21:00:00,10534,25.12,79.67,21.95,100.0,37.98,2025.0,3
2025-03-14 22:00:00,10535,25.0,80.97,22.11,100.0,33.39,2025.0,3
2025-03-14 23:00:00,10536,24.56,82.07,21.89,100.0,31.47,2025.0,3
2025-03-15 00:00:00,10537,25.26,79.27,22.04,100.0,36.78,2025.0,3
2025-03-15 01:00:00,10538,24.77,79.4,21.64,100.0,39.5,2025.0,3
2025-03-15 02:00:00,10539,24.41,81.97,21.65,100.0,44.89,2025.0,3
2025-03-15 03:00:00,10540,24.21,81.67,21.25,100.0,61.13,2025.0,3
2025-03-15 04:00:00,10541,23.65,82.63,20.97,100.0,49.31,2025.0,3
2025-03-15 05:00:00,10542,23.04,83.33,20.6,100.0,68.14,2025.0,3
2025-03-15 06:00:00,10543,23.26,83.1,21.15,100.0,74.88,2025.0,3
2025-03-15 07:00:00,10544,28.5,65.43,27.82,93.2,73.62,2025.0,3
2025-03-15 08:00:00,10545,31.69,52.83,31.47,68.67,42.3,2025.0,3
2025-03-15 09:00:00,10546,33.4,47.93,33.5,62.53,29.8,2025.0,3
2025-03-15 10:00:00,10547,35.05,43.47,34.61,58.9,20.93,2025.0,3
2025-03-15 11:00:00,10548,32.06,50.47,31.01,67.77,14.8,2025.0,3
2025-03-15 12:00:00,10549,30.85,53.8,30.42,69.73,15.3,2025.0,3
2025-03-15 13:00:00,10550,30.93,53.13,30.88,67.97,8.9,2025.0,3
2025-03-15 14:00:00,10551,28.56,63.71,25.89,87.04,12.79,2025.0,3
2025-03-15 15:00:00,10552,25.4,73.57,21.84,99.43,13.72,2025.0,3
2025-03-15 16:00:00,10553,23.5,82.89,21.26,100.0,11.25,2025.0,3
2025-03-15 17:00:00,10554,23.2,83.9,20.98,100.0,9.47,2025.0,3
2025-03-15 18:00:00,10555,23.58,81.8,20.88,100.0,16.84,2025.0,3
2025-03-15 19:00:00,10556,24.05,79.7,20.96,100.0,20.75,2025.0,3
2025-03-15 20:00:00,10557,23.8,78.8,20.68,100.0,29.46,2025.0,3
2025-03-15 21:00:00,10558,24.32,77.37,20.78,100.0,41.33,2025.0,3
2025-03-15 22:00:00,10559,24.48,78.2,21.02,100.0,53.55,2025.0,3
2025-03-15 23:00:00,10560,23.33,82.0,20.72,100.0,38.64,2025.0,3
2025-03-16 00:00:00,10561,22.91,82.37,20.37,100.0,41.34,2025.0,3
2025-03-16 01:00:00,10562,23.25,80.3,20.16,100.0,43.82,2025.0,3
2025-03-16 02:00:00,10563,23.69,78.7,20.38,100.0,54.38,2025.0,3
2025-03-16 03:00:00,10564,23.46,80.07,20.39,100.0,42.61,2025.0,3
2025-03-16 04:00:00,10565,22.53,81.87,19.86,100.0,37.68,2025.0,3
2025-03-16 05:00:00,10566,22.71,80.17,19.68,100.0,38.32,2025.0,3
2025-03-16 06:00:00,10567,22.6,80.87,20.08,100.0,47.17,2025.0,3
2025-03-16 07:00:00,10568,28.42,62.23,28.77,83.17,49.5,2025.0,3
2025-03-16 08:00:00,10569,30.33,54.57,31.75,65.43,37.4,2025.0,3
2025-03-16 09:00:00,10570,30.91,51.67,31.52,64.83,10.66,2025.0,3
2025-03-16 10:00:00,10571,30.24,52.87,29.11,70.33,3.53,2025.0,3
2025-03-16 11:00:00,10572,32.89,47.3,30.52,67.6,11.93,2025.0,3
2025-03-16 12:00:00,10573,30.72,55.0,27.62,80.5,15.67,2025.0,3
2025-03-16 13:00:00,10574,28.53,64.9,24.67,100.0,24.24,2025.0,3
2025-03-16 14:00:00,10575,32.21,50.83,28.23,91.6,12.13,2025.0,3
2025-03-16 15:00:00,10576,29.36,53.0,28.42,70.8,2.77,2025.0,3
2025-03-16 16:00:00,10577,28.05,58.0,27.07,75.8,8.1,2025.0,3
2025-03-16 17:00:00,10578,27.32,61.07,25.97,79.83,9.77,2025.0,3
2025-03-16 18:00:00,10579,26.4,63.83,24.44,84.6,14.8,2025.0,3
2025-03-16 19:00:00,10580,26.36,64.47,23.8,87.13,29.2,2025.0,3
2025-03-16 20:00:00,10581,25.8,67.13,23.14,90.37,27.43,2025.0,3
2025-03-16 21:00:00,10582,25.58,68.34,22.51,93.07,28.97,2025.0,3
2025-03-16 22:00:00,10583,24.88,72.97,22.23,96.33,68.0,2025.0,3
2025-03-16 23:00:00,10584,24.29,75.93,21.75,99.27,97.27,2025.0,3
2025-03-17 00:00:00,10585,23.69,78.13,21.41,99.8,86.94,2025.0,3
2025-03-17 01:00:00,10586,23.34,79.73,20.97,100.0,74.18,2025.0,3
2025-03-17 02:00:00,10587,22.92,80.4,20.54,100.0,50.57,2025.0,3
2025-03-17 03:00:00,10588,22.94,78.63,20.09,100.0,60.6,2025.0,3
2025-03-17 04:00:00,10589,22.79,79.1,19.99,100.0,70.28,2025.0,3
2025-03-17 05:00:00,10590,23.05,80.23,20.06,100.0,64.09,2025.0,3
2025-03-17 06:00:00,10591,23.83,79.13,21.85,97.87,65.39,2025.0,3
2025-03-17 07:00:00,10592,27.7,65.83,25.85,86.57,81.03,2025.0,3
2025-03-17 08:00:00,10593,33.22,50.07,33.09,65.03,75.7,2025.0,3
2025-03-17 09:00:00,10594,33.99,45.8,32.84,62.87,50.93,2025.0,3
2025-03-17 10:00:00,10595,30.06,55.0,30.25,69.27,24.23,2025.0,3
2025-03-17 11:00:00,10596,30.83,52.67,30.24,68.93,23.67,2025.0,3
2025-03-17 12:00:00,10597,31.22,50.77,30.73,66.73,22.47,2025.0,3
2025-03-17 13:00:00,10598,31.7,48.83,32.42,61.73,26.63,2025.0,3
2025-03-17 14:00:00,10599,30.33,54.17,30.91,67.34,39.21,2025.0,3
2025-03-17 15:00:00,10600,27.03,66.47,26.23,82.93,40.7,2025.0,3
2025-03-17 16:00:00,10601,26.67,68.3,25.09,87.33,44.83,2025.0,3
2025-03-17 17:00:00,10602,26.21,70.47,24.22,91.0,50.2,2025.0,3
2025-03-17 18:00:00,10603,25.71,71.97,23.8,92.47,48.83,2025.0,3
2025-03-17 19:00:00,10604,25.8,72.53,23.5,94.33,54.9,2025.0,3
2025-03-17 20:00:00,10605,25.7,71.7,23.43,93.97,43.27,2025.0,3
2025-03-17 21:00:00,10606,24.85,76.63,22.55,99.47,41.7,2025.0,3
2025-03-17 22:00:00,10607,24.88,76.57,22.6,98.73,49.57,2025.0,3
2025-03-17 23:00:00,10608,24.47,78.37,21.47,100.0,34.44,2025.0,3
2025-03-18 00:00:00,10609,23.38,82.0,20.92,100.0,21.31,2025.0,3
2025-03-18 01:00:00,10610,22.83,79.53,20.22,100.0,15.91,2025.0,3
2025-03-18 02:00:00,10611,22.88,79.3,20.0,100.0,24.05,2025.0,3
2025-03-18 03:00:00,10612,22.67,80.53,19.89,100.0,18.68,2025.0,3
2025-03-18 04:00:00,10613,22.64,82.03,20.03,100.0,21.95,2025.0,3
2025-03-18 05:00:00,10614,22.82,83.23,20.41,100.0,23.36,2025.0,3
2025-03-18 06:00:00,10615,23.15,81.03,20.65,100.0,23.49,2025.0,3
2025-03-18 07:00:00,10616,23.9,75.57,21.49,100.0,25.5,2025.0,3
2025-03-18 08:00:00,10617,25.66,67.43,23.58,93.27,33.27,2025.0,3
2025-03-18 09:00:00,10618,26.67,63.67,25.39,82.73,33.43,2025.0,3
2025-03-18 10:00:00,10619,27.25,62.47,25.91,81.5,38.3,2025.0,3
2025-03-18 11:00:00,10620,27.83,60.77,26.91,78.5,33.27,2025.0,3
2025-03-18 12:00:00,10621,27.89,61.03,27.14,78.13,31.77,2025.0,3
2025-03-18 13:00:00,10622,30.07,54.67,29.97,70.07,29.43,2025.0,3
2025-03-18 14:00:00,10623,29.05,58.57,28.37,75.07,38.03,2025.0,3
2025-03-18 15:00:00,10624,29.67,55.53,30.2,69.13,35.33,2025.0,3
2025-03-18 16:00:00,10625,28.72,57.97,28.12,73.93,37.43,2025.0,3
2025-03-18 17:00:00,10626,27.13,64.2,25.57,83.1,45.8,2025.0,3
2025-03-18 18:00:00,10627,26.65,66.6,24.56,87.17,56.83,2025.0,3
2025-03-18 19:00:00,10628,26.28,70.07,23.91,91.77,73.2,2025.0,3
2025-03-18 20:00:00,10629,26.07,70.53,23.82,91.93,87.8,2025.0,3
2025-03-18 21:00:00,10630,25.94,71.6,23.67,93.2,87.3,2025.0,3
2025-03-18 22:00:00,10631,25.61,75.4,23.13,97.9,,2025.0,3
2025-03-18 23:00:00,10632,25.72,75.57,23.01,99.03,,2025.0,3
2025-03-19 00:00:00,10633,25.14,77.2,22.83,99.37,,2025.0,3
2025-03-19 01:00:00,10634,24.8,72.73,22.68,94.27,46.4,2025.0,3
2025-03-19 02:00:00,10635,24.63,75.93,22.35,97.83,58.37,2025.0,3
2025-03-19 03:00:00,10636,24.31,77.9,21.97,100.0,46.5,2025.0,3
2025-03-19 04:00:00,10637,23.93,79.07,21.37,100.0,45.14,2025.0,3
2025-03-19 05:00:00,10638,23.9,79.0,20.88,100.0,39.13,2025.0,3
2025-03-19 06:00:00,10639,23.99,78.93,21.4,100.0,57.89,2025.0,3
2025-03-19 07:00:00,10640,25.83,72.8,23.72,94.23,93.57,2025.0,3
2025-03-19 08:00:00,10641,28.72,59.6,27.29,79.07,49.57,2025.0,3
2025-03-19 09:00:00,10642,31.06,48.5,31.36,62.6,35.13,2025.0,3
2025-03-19 10:00:00,10643,30.69,49.6,30.92,63.5,20.83,2025.0,3
2025-03-19 11:00:00,10644,31.54,46.83,30.86,62.8,21.73,2025.0,3
2025-03-19 12:00:00,10645,32.35,44.8,31.55,61.03,22.47,2025.0,3
2025-03-19 13:00:00,10646,33.14,44.48,33.34,58.41,27.45,2025.0,3
2025-03-19 14:00:00,10647,31.68,47.07,31.13,62.5,33.3,2025.0,3
2025-03-19 15:00:00,10648,30.49,49.67,29.47,66.4,28.83,2025.0,3
2025-03-19 16:00:00,10649,29.93,52.83,28.05,72.1,38.47,2025.0,3
2025-03-19 17:00:00,10650,29.14,58.77,26.76,80.3,55.1,2025.0,3
2025-03-19 18:00:00,10651,27.52,64.17,24.85,89.67,68.9,2025.0,3
2025-03-19 19:00:00,10652,26.48,71.8,23.89,96.47,92.3,2025.0,3
2025-03-19 20:00:00,10653,25.82,73.73,23.22,97.83,58.53,2025.0,3
2025-03-19 21:00:00,10654,25.19,75.97,22.35,100.0,57.38,2025.0,3
2025-03-19 22:00:00,10655,25.01,78.93,22.75,100.0,,2025.0,3
2025-03-19 23:00:00,10656,25.19,79.2,22.75,100.0,79.08,2025.0,3
2025-03-20 00:00:00,10657,24.9,80.47,22.92,100.0,72.28,2025.0,3
2025-03-20 01:00:00,10658,24.85,79.93,22.58,100.0,56.25,2025.0,3
2025-03-20 02:00:00,10659,24.67,80.2,22.32,100.0,56.97,2025.0,3
2025-03-20 03:00:00,10660,24.55,78.93,22.47,99.5,55.7,2025.0,3
2025-03-20 04:00:00,10661,24.98,70.9,23.29,90.83,37.77,2025.0,3
2025-03-20 05:00:00,10662,25.46,66.43,23.62,86.77,25.63,2025.0,3
2025-03-20 06:00:00,10663,25.66,65.53,24.27,84.47,17.2,2025.0,3
2025-03-20 07:00:00,10664,26.66,62.4,26.46,77.93,15.07,2025.0,3
2025-03-20 08:00:00,10665,28.76,55.7,30.97,64.63,17.67,2025.0,3
2025-03-20 09:00:00,10666,30.2,51.7,31.51,62.87,22.5,2025.0,3
2025-03-20 10:00:00,10667,30.43,51.3,31.06,64.2,24.1,2025.0,3
2025-03-20 11:00:00,10668,31.25,49.77,31.03,64.4,21.33,2025.0,3
2025-03-20 12:00:00,10669,32.57,46.28,32.17,61.55,14.14,2025.0,3
2025-03-20 13:00:00,10670,32.5,45.9,33.6,57.53,16.57,2025.0,3
2025-03-20 14:00:00,10671,32.59,45.47,33.74,56.9,29.2,2025.0,3
2025-03-20 15:00:00,10672,31.94,47.13,31.97,61.07,24.57,2025.0,3
2025-03-20 16:00:00,10673,30.81,51.6,30.02,67.53,30.43,2025.0,3
2025-03-20 17:00:00,10674,28.78,61.07,27.21,79.47,38.47,2025.0,3
2025-03-20 18:00:00,10675,27.82,63.7,26.04,83.03,37.77,2025.0,3
2025-03-20 19:00:00,10676,27.25,65.53,25.49,85.0,45.5,2025.0,3
2025-03-20 20:00:00,10677,26.65,68.23,24.96,87.27,47.27,2025.0,3
2025-03-20 21:00:00,10678,25.93,70.5,24.28,89.5,45.3,2025.0,3
2025-03-20 22:00:00,10679,25.49,72.63,23.92,91.37,42.43,2025.0,3
2025-03-20 23:00:00,10680,25.33,74.07,23.38,93.9,73.27,2025.0,3
2025-03-21 00:00:00,10681,25.08,73.5,23.14,93.83,71.0,2025.0,3
2025-03-21 01:00:00,10682,25.19,72.2,23.1,92.93,70.43,2025.0,3
2025-03-21 02:00:00,10683,25.24,71.57,23.22,92.1,88.8,2025.0,3
2025-03-21 03:00:00,10684,24.92,73.07,23.09,93.13,58.1,2025.0,3
2025-03-21 04:00:00,10685,24.51,75.23,22.92,94.53,45.97,2025.0,3
2025-03-21 05:00:00,10686,24.15,74.87,22.48,94.0,43.17,2025.0,3
2025-03-21 06:00:00,10687,24.16,75.17,22.77,93.67,46.33,2025.0,3
2025-03-21 07:00:00,10688,25.39,70.63,25.44,84.57,40.77,2025.0,3
2025-03-21 08:00:00,10689,26.68,65.37,27.72,76.5,35.1,2025.0,3
2025-03-21 09:00:00,10690,27.49,62.2,27.35,76.9,37.1,2025.0,3
2025-03-21 10:00:00,10691,28.83,57.97,29.27,71.2,39.7,2025.0,3
2025-03-21 11:00:00,10692,29.56,55.3,29.46,70.0,34.8,2025.0,3
2025-03-21 12:00:00,10693,29.94,54.17,29.78,69.1,34.66,2025.0,3
2025-03-21 13:00:00,10694,31.08,51.4,31.71,64.27,39.7,2025.0,3
2025-03-21 14:00:00,10695,31.99,49.3,33.02,61.17,41.2,2025.0,3
2025-03-21 15:00:00,10696,30.25,54.17,30.18,68.43,42.5,2025.0,3
2025-03-21 16:00:00,10697,28.64,58.97,27.82,75.3,44.6,2025.0,3
2025-03-21 17:00:00,10698,27.8,62.97,26.63,80.3,43.93,2025.0,3
2025-03-21 18:00:00,10699,26.68,67.67,25.1,86.17,47.73,2025.0,3
2025-03-21 19:00:00,10700,26.56,69.33,24.52,89.48,65.74,2025.0,3
2025-03-21 20:00:00,10701,26.23,71.4,24.0,92.47,90.5,2025.0,3
2025-03-21 21:00:00,10702,25.92,72.87,23.69,94.13,86.87,2025.0,3
2025-03-21 22:00:00,10703,25.64,74.77,23.35,96.13,85.43,2025.0,3
2025-03-21 23:00:00,10704,25.36,76.13,23.19,97.23,85.87,2025.0,3
2025-03-22 00:00:00,10705,25.25,77.2,22.9,98.97,,2025.0,3
2025-03-22 01:00:00,10706,25.03,77.13,22.77,98.53,95.6,2025.0,3
2025-03-22 02:00:00,10707,24.98,77.03,22.68,99.03,96.47,2025.0,3
2025-03-22 03:00:00,10708,24.82,77.59,22.52,99.48,,2025.0,3
2025-03-22 04:00:00,10709,24.47,77.03,22.38,98.0,93.13,2025.0,3
2025-03-22 05:00:00,10710,24.28,77.0,21.86,99.1,99.8,2025.0,3
2025-03-22 06:00:00,10711,24.9,75.87,22.84,96.8,,2025.0,3
2025-03-22 07:00:00,10712,28.19,65.13,27.25,82.5,,2025.0,3
2025-03-22 08:00:00,10713,29.44,61.5,28.8,78.0,76.5,2025.0,3
2025-03-22 09:00:00,10714,30.26,57.23,30.1,72.4,51.03,2025.0,3
2025-03-22 10:00:00,10715,32.06,50.93,32.02,65.53,42.7,2025.0,3
2025-03-22 11:00:00,10716,32.83,47.7,32.35,63.23,36.8,2025.0,3
2025-03-22 12:00:00,10717,30.63,54.77,30.29,69.93,36.0,2025.0,3
2025-03-22 13:00:00,10718,31.27,52.73,31.53,66.47,33.83,2025.0,3
2025-03-22 14:00:00,10719,28.76,62.53,26.86,84.03,39.7,2025.0,3
2025-03-22 15:00:00,10720,27.75,64.97,24.35,99.97,39.67,2025.0,3
2025-03-22 16:00:00,10721,27.21,64.9,25.64,84.83,34.53,2025.0,3
2025-03-22 17:00:00,10722,26.47,66.8,24.79,86.07,39.3,2025.0,3
2025-03-22 18:00:00,10723,25.77,70.13,23.91,89.97,36.67,2025.0,3
2025-03-22 19:00:00,10724,26.15,70.43,23.98,91.33,43.43,2025.0,3
2025-03-22 20:00:00,10725,26.05,70.47,23.69,91.93,43.03,2025.0,3
2025-03-22 21:00:00,10726,26.02,70.03,23.57,91.93,45.7,2025.0,3
2025-03-22 22:00:00,10727,25.6,72.6,23.15,94.6,68.03,2025.0,3
2025-03-22 23:00:00,10728,24.86,76.63,22.66,97.63,,2025.0,3
2025-03-23 00:00:00,10729,24.21,77.7,21.98,99.0,,2025.0,3
2025-03-23 01:00:00,10730,23.81,76.1,21.44,98.07,98.33,2025.0,3
2025-03-23 02:00:00,10731,23.7,75.37,21.29,97.53,90.03,2025.0,3
2025-03-23 03:00:00,10732,23.58,74.13,21.12,96.4,63.9,2025.0,3
2025-03-23 04:00:00,10733,23.15,73.6,20.88,95.23,71.97,2025.0,3
2025-03-23 05:00:00,10734,22.7,74.83,19.78,98.87,81.9,2025.0,3
2025-03-23 06:00:00,10735,24.14,68.97,21.82,91.07,62.47,2025.0,3
2025-03-23 07:00:00,10736,28.72,55.33,27.5,73.37,79.47,2025.0,3
2025-03-23 08:00:00,10737,34.39,42.77,34.46,56.53,59.1,2025.0,3
2025-03-23 09:00:00,10738,31.69,46.1,31.75,59.73,24.57,2025.0,3
2025-03-23 10:00:00,10739,30.84,48.47,31.38,61.07,21.1,2025.0,3
2025-03-23 11:00:00,10740,30.98,48.9,30.84,63.13,20.07,2025.0,3
2025-03-23 12:00:00,10741,31.7,47.97,30.9,63.97,24.3,2025.0,3
2025-03-23 13:00:00,10742,32.61,45.83,32.76,59.5,25.17,2025.0,3
2025-03-23 14:00:00,10743,32.53,45.63,33.43,57.47,28.0,2025.0,3
2025-03-23 15:00:00,10744,30.98,52.2,31.06,65.87,38.47,2025.0,3
2025-03-23 16:00:00,10745,29.12,58.7,27.98,75.63,44.37,2025.0,3
2025-03-23 17:00:00,10746,27.74,63.2,26.15,81.53,44.87,2025.0,3
2025-03-23 18:00:00,10747,26.97,66.83,25.41,85.27,45.37,2025.0,3
2025-03-23 19:00:00,10748,26.76,70.63,24.9,90.03,48.4,2025.0,3
2025-03-23 20:00:00,10749,26.53,73.0,24.55,92.93,57.3,2025.0,3
2025-03-23 21:00:00,10750,26.25,74.1,24.19,94.37,57.17,2025.0,3
2025-03-23 22:00:00,10751,26.25,72.1,23.99,93.27,52.67,2025.0,3
2025-03-23 23:00:00,10752,26.23,65.27,24.21,85.7,37.73,2025.0,3
2025-03-24 00:00:00,10753,26.02,61.57,23.87,82.0,30.8,2025.0,3
2025-03-24 01:00:00,10754,25.41,60.07,23.67,79.23,32.37,2025.0,3
2025-03-24 02:00:00,10755,25.43,58.53,23.19,79.37,28.03,2025.0,3
2025-03-24 03:00:00,10756,25.51,57.5,23.44,77.8,18.77,2025.0,3
2025-03-24 04:00:00,10757,25.49,58.57,24.13,76.67,10.37,2025.0,3
2025-03-24 05:00:00,10758,25.46,59.53,23.15,80.27,15.3,2025.0,3
2025-03-24 06:00:00,10759,25.21,60.53,23.32,80.23,27.93,2025.0,3
2025-03-24 07:00:00,10760,26.46,56.97,25.23,74.73,26.6,2025.0,3
2025-03-24 08:00:00,10761,27.73,53.7,26.87,70.43,27.23,2025.0,3
2025-03-24 09:00:00,10762,29.21,52.13,28.9,67.13,29.33,2025.0,3
2025-03-24 10:00:00,10763,29.89,53.03,30.11,66.7,35.17,2025.0,3
2025-03-24 11:00:00,10764,30.57,49.96,30.27,64.78,32.22,2025.0,3
2025-03-24 12:00:00,10765,31.75,45.93,30.81,62.23,27.83,2025.0,3
2025-03-24 13:00:00,10766,32.83,44.6,33.17,57.83,31.6,2025.0,3
2025-03-24 14:00:00,10767,32.08,47.47,31.58,62.5,33.1,2025.0,3
2025-03-24 15:00:00,10768,27.97,64.4,26.72,82.57,44.8,2025.0,3
2025-03-24 16:00:00,10769,27.56,67.66,26.22,88.41,51.9,2025.0,3
2025-03-24 17:00:00,10770,27.62,66.57,26.0,85.33,49.57,2025.0,3
2025-03-24 18:00:00,10771,26.94,69.33,24.85,89.73,56.7,2025.0,3
2025-03-24 19:00:00,10772,26.65,71.17,24.5,91.73,67.2,2025.0,3
2025-03-24 20:00:00,10773,26.41,70.7,24.42,90.53,66.17,2025.0,3
2025-03-24 21:00:00,10774,26.41,56.64,24.78,75.68,39.11,2025.0,3
2025-03-24 22:00:00,10775,26.68,51.9,24.55,71.83,25.83,2025.0,3
2025-03-24 23:00:00,10776,26.35,53.93,24.22,73.83,27.17,2025.0,3
2025-03-25 00:00:00,10777,25.89,57.47,23.74,77.6,23.23,2025.0,3
2025-03-25 01:00:00,10778,25.29,62.4,23.24,82.3,24.17,2025.0,3
2025-03-25 02:00:00,10779,25.37,62.33,22.65,84.47,27.57,2025.0,3
2025-03-25 03:00:00,10780,24.7,65.37,21.99,87.67,40.73,2025.0,3
2025-03-25 04:00:00,10781,24.21,66.57,21.23,89.77,50.83,2025.0,3
2025-03-25 05:00:00,10782,24.18,67.3,21.27,90.4,44.83,2025.0,3
2025-03-25 06:00:00,10783,24.8,63.87,22.57,84.87,39.77,2025.0,3
2025-03-25 07:00:00,10784,26.29,61.63,24.56,80.93,,2025.0,3
2025-03-25 08:00:00,10785,27.78,55.52,26.75,72.9,87.9,2025.0,3
2025-03-25 09:00:00,10786,28.92,51.83,28.36,67.57,37.93,2025.0,3
2025-03-25 10:00:00,10787,28.5,57.0,27.91,72.83,27.87,2025.0,3
2025-03-25 11:00:00,10788,29.15,57.2,28.78,72.57,28.43,2025.0,3
2025-03-25 12:00:00,10789,29.78,55.53,29.2,71.43,32.87,2025.0,3
2025-03-25 13:00:00,10790,29.66,56.73,29.68,71.03,41.47,2025.0,3
2025-03-25 14:00:00,10791,30.02,55.83,29.88,70.57,41.43,2025.0,3
2025-03-25 15:00:00,10792,29.56,57.67,29.09,73.03,43.57,2025.0,3
2025-03-25 16:00:00,10793,29.22,58.43,28.62,74.2,42.77,2025.0,3
2025-03-25 17:00:00,10794,27.8,64.21,25.96,83.28,47.17,2025.0,3
2025-03-25 18:00:00,10795,26.63,68.86,24.7,88.21,54.0,2025.0,3
2025-03-25 19:00:00,10796,26.06,72.17,24.05,92.03,66.17,2025.0,3
2025-03-25 20:00:00,10797,25.61,75.2,23.69,94.8,70.5,2025.0,3
2025-03-25 21:00:00,10798,25.28,77.23,23.38,96.67,72.8,2025.0,3
2025-03-25 22:00:00,10799,25.26,76.33,23.1,97.03,68.43,2025.0,3
2025-03-25 23:00:00,10800,24.93,78.53,22.72,99.2,87.47,2025.0,3
2025-03-26 00:00:00,10801,24.48,78.77,22.08,99.87,,2025.0,3
2025-03-26 01:00:00,10802,23.98,77.27,21.54,99.4,,2025.0,3
2025-03-26 02:00:00,10803,23.93,77.7,21.56,99.4,89.87,2025.0,3
2025-03-26 03:00:00,10804,23.52,78.2,20.91,100.0,91.91,2025.0,3
2025-03-26 04:00:00,10805,23.34,76.1,20.74,99.0,72.23,2025.0,3
2025-03-26 05:00:00,10806,22.92,75.8,20.5,97.83,82.43,2025.0,3
2025-03-26 06:00:00,10807,24.62,71.63,23.33,89.7,93.44,2025.0,3
2025-03-26 07:00:00,10808,29.1,58.1,29.28,72.27,74.27,2025.0,3
2025-03-26 08:00:00,10809,30.02,55.37,31.48,65.8,47.27,2025.0,3
2025-03-26 09:00:00,10810,30.52,51.07,30.39,65.57,30.27,2025.0,3
2025-03-26 10:00:00,10811,31.85,47.6,31.91,61.6,25.7,2025.0,3
2025-03-26 11:00:00,10812,30.33,54.03,29.68,69.83,31.77,2025.0,3
2025-03-26 12:00:00,10813,30.78,54.33,30.84,68.4,34.57,2025.0,3
2025-03-26 13:00:00,10814,31.03,53.43,30.71,68.5,38.03,2025.0,3
2025-03-26 14:00:00,10815,30.97,55.13,30.34,70.83,46.4,2025.0,3
2025-03-26 19:00:00,10820,26.92,65.27,24.41,87.2,44.7,2025.0,3
2025-03-26 20:00:00,10821,26.29,73.2,23.89,94.7,,2025.0,3
2025-03-26 21:00:00,10822,25.75,76.63,23.58,97.4,,2025.0,3
2025-03-26 22:00:00,10823,25.59,75.27,23.32,96.27,,2025.0,3
2025-03-26 23:00:00,10824,25.12,76.37,22.9,97.43,,2025.0,3
2025-03-27 00:00:00,10825,24.53,78.1,22.3,99.3,93.41,2025.0,3
2025-03-27 01:00:00,10826,23.92,77.03,21.75,97.87,70.77,2025.0,3
2025-03-27 02:00:00,10827,23.71,77.3,21.43,98.57,80.03,2025.0,3
2025-03-27 03:00:00,10828,23.4,77.77,20.67,100.0,97.43,2025.0,3
2025-03-27 04:00:00,10829,23.59,75.93,20.6,99.73,72.87,2025.0,3
2025-03-27 05:00:00,10830,23.35,79.2,20.35,100.0,94.14,2025.0,3
2025-03-27 06:00:00,10831,23.21,78.97,20.77,99.73,,2025.0,3
2025-03-27 07:00:00,10832,25.84,68.67,23.96,89.03,,2025.0,3
2025-03-27 08:00:00,10833,29.24,56.13,28.31,73.2,65.87,2025.0,3
2025-03-27 09:00:00,10834,29.07,58.97,28.04,76.1,41.4,2025.0,3
2025-03-27 10:00:00,10835,29.55,59.7,28.46,76.93,41.57,2025.0,3
2025-03-27 11:00:00,10836,30.6,57.77,29.6,74.97,40.87,2025.0,3
2025-03-27 12:00:00,10837,32.01,53.83,30.81,71.4,38.67,2025.0,3
2025-03-27 13:00:00,10838,31.98,53.93,31.44,69.8,40.7,2025.0,3
2025-03-27 14:00:00,10839,29.41,60.9,28.34,78.5,43.4,2025.0,3
2025-03-27 15:00:00,10840,26.83,72.46,24.57,95.82,40.21,2025.0,3
2025-03-27 16:00:00,10841,27.16,72.23,25.21,93.3,41.4,2025.0,3
2025-03-27 17:00:00,10842,26.32,73.57,24.64,92.47,40.73,2025.0,3
2025-03-27 18:00:00,10843,26.03,73.5,23.97,93.7,40.03,2025.0,3
2025-03-27 19:00:00,10844,25.86,76.3,23.45,97.77,78.17,2025.0,3
2025-03-27 20:00:00,10845,25.85,76.5,23.47,98.03,74.7,2025.0,3
2025-03-27 21:00:00,10846,25.78,76.2,23.33,98.17,53.57,2025.0,3
2025-03-27 22:00:00,10847,25.59,77.23,23.43,98.03,51.47,2025.0,3
2025-03-27 23:00:00,10848,25.65,77.37,22.81,99.9,51.8,2025.0,3
2025-03-28 00:00:00,10849,24.98,81.37,22.65,100.0,68.15,2025.0,3
2025-03-28 01:00:00,10850,25.44,79.93,22.49,100.0,97.15,2025.0,3
2025-03-28 02:00:00,10851,25.65,78.2,22.61,100.0,91.43,2025.0,3
2025-03-28 03:00:00,10852,24.9,80.8,22.39,100.0,87.76,2025.0,3
2025-03-28 04:00:00,10853,24.69,81.23,22.17,100.0,73.4,2025.0,3
2025-03-28 05:00:00,10854,24.68,79.93,22.29,100.0,66.99,2025.0,3
2025-03-28 06:00:00,10855,25.02,78.8,23.23,98.37,97.73,2025.0,3
2025-03-28 07:00:00,10856,27.93,67.5,28.95,79.37,37.97,2025.0,3
2025-03-28 08:00:00,10857,30.39,57.43,31.33,69.13,15.73,2025.0,3
2025-03-28 09:00:00,10858,31.14,53.93,30.78,69.1,7.03,2025.0,3
2025-03-28 10:00:00,10859,31.91,51.33,31.3,66.97,10.43,2025.0,3
2025-03-28 11:00:00,10860,30.71,54.17,30.62,68.7,4.13,2025.0,3
2025-03-28 12:00:00,10861,30.08,56.57,29.85,71.23,2.33,2025.0,3
2025-03-28 13:00:00,10862,29.8,56.47,29.65,71.0,3.43,2025.0,3
2025-03-28 14:00:00,10863,30.42,55.77,29.82,71.5,8.2,2025.0,3
2025-03-28 15:00:00,10864,28.45,63.63,27.0,81.6,19.7,2025.0,3
2025-03-28 17:00:00,10866,25.86,74.24,23.92,94.0,27.1,2025.0,3
2025-03-28 18:00:00,10867,24.55,78.87,21.8,100.0,23.72,2025.0,3
2025-03-28 19:00:00,10868,24.95,76.43,22.04,100.0,24.03,2025.0,3
2025-03-28 20:00:00,10869,25.73,70.77,22.54,99.3,35.97,2025.0,3
2025-03-28 21:00:00,10870,25.9,66.97,23.57,88.5,39.5,2025.0,3
2025-03-28 22:00:00,10871,25.84,68.43,23.61,89.43,48.93,2025.0,3
2025-03-28 23:00:00,10872,25.8,69.77,23.2,91.83,44.1,2025.0,3
2025-03-29 00:00:00,10873,25.25,70.27,23.14,91.0,40.5,2025.0,3
2025-03-29 01:00:00,10874,25.16,69.17,23.0,89.9,28.9,2025.0,3
2025-03-29 02:00:00,10875,24.99,69.13,23.15,88.67,6.13,2025.0,3
2025-03-29 03:00:00,10876,24.78,70.27,22.79,90.17,3.37,2025.0,3
2025-03-29 04:00:00,10877,24.69,71.6,22.34,93.03,12.33,2025.0,3
2025-03-29 05:00:00,10878,24.36,73.83,22.0,95.4,24.2,2025.0,3
2025-03-29 06:00:00,10879,25.49,70.6,22.89,92.8,43.13,2025.0,3
2025-03-29 07:00:00,10880,26.31,67.47,23.78,89.4,42.63,2025.0,3
2025-03-29 08:00:00,10881,30.37,55.73,28.96,74.2,41.87,2025.0,3
2025-03-29 10:00:00,10883,36.97,37.21,34.87,54.38,10.48,2025.0,3
2025-03-29 11:00:00,10884,35.41,38.5,32.4,57.8,24.83,2025.0,3
2025-03-29 12:00:00,10885,33.76,39.23,31.88,56.33,10.13,2025.0,3
2025-03-29 13:00:00,10886,36.17,36.1,33.82,53.8,5.53,2025.0,3
2025-03-29 14:00:00,10887,36.09,37.79,34.68,53.28,3.55,2025.0,3
2025-03-29 15:00:00,10888,31.74,47.83,30.58,64.17,3.6,2025.0,3
2025-03-29 16:00:00,10889,29.2,52.33,27.67,70.17,17.0,2025.0,3
2025-03-29 17:00:00,10890,28.65,55.67,26.75,74.57,23.2,2025.0,3
2025-03-29 18:00:00,10891,27.54,60.23,25.38,80.0,33.63,2025.0,3
2025-03-29 19:00:00,10892,26.91,62.63,24.64,83.13,35.23,2025.0,3
2025-03-29 20:00:00,10893,26.63,64.2,24.03,85.8,41.2,2025.0,3
2025-03-29 21:00:00,10894,25.94,66.73,23.44,88.1,62.17,2025.0,3
2025-03-29 22:00:00,10895,25.18,69.7,22.73,91.0,,2025.0,3
2025-03-29 23:00:00,10896,24.6,71.43,22.04,93.4,,2025.0,3
2025-03-30 00:00:00,10897,24.09,72.17,21.61,93.87,,2025.0,3
2025-03-30 01:00:00,10898,24.16,72.27,21.17,95.83,,2025.0,3
2025-03-30 02:00:00,10899,24.34,72.17,21.18,96.47,,2025.0,3
2025-03-30 03:00:00,10900,23.82,75.53,20.93,99.3,,2025.0,3
2025-03-30 04:00:00,10901,23.43,76.13,20.48,100.0,,2025.0,3
2025-03-30 05:00:00,10902,22.71,78.43,20.09,100.0,,2025.0,3
2025-03-30 06:00:00,10903,23.94,73.9,21.0,97.73,,2025.0,3
2025-03-30 07:00:00,10904,27.44,63.23,24.91,85.23,,2025.0,3
2025-03-30 08:00:00,10905,31.51,51.1,29.09,71.87,,2025.0,3
2025-03-30 09:00:00,10906,35.16,41.37,33.92,58.27,77.07,2025.0,3
2025-03-30 10:00:00,10907,34.84,39.87,33.77,55.23,36.83,2025.0,3
2025-03-30 11:00:00,10908,33.1,42.83,31.92,58.87,14.67,2025.0,3
2025-03-30 12:00:00,10909,34.04,41.5,32.28,58.57,12.3,2025.0,3
2025-03-30 13:00:00,10910,34.11,42.3,33.76,56.6,10.6,2025.0,3
2025-03-30 14:00:00,10911,33.43,44.8,33.25,58.8,14.23,2025.0,3
2025-03-30 15:00:00,10912,33.12,45.9,32.43,60.9,20.47,2025.0,3
2025-03-30 16:00:00,10913,31.97,49.4,30.62,66.33,26.77,2025.0,3
2025-03-30 17:00:00,10914,30.12,55.2,28.25,73.83,31.4,2025.0,3
2025-03-30 18:00:00,10915,28.79,58.37,26.7,77.9,36.07,2025.0,3
2025-03-30 19:00:00,10916,28.1,61.0,25.88,80.93,38.43,2025.0,3
2025-03-30 20:00:00,10917,27.46,64.97,24.97,86.17,43.13,2025.0,3
2025-03-30 21:00:00,10918,27.38,65.1,24.39,87.87,45.93,2025.0,3
2025-03-30 22:00:00,10919,26.9,70.67,23.96,93.87,81.23,2025.0,3
2025-03-30 23:00:00,10920,26.23,75.66,23.17,99.28,,2025.0,3
2025-03-31 00:00:00,10921,25.78,75.53,23.1,98.37,,2025.0,3
2025-03-31 01:00:00,10922,24.86,73.4,22.42,95.2,,2025.0,3
2025-03-31 02:00:00,10923,24.72,71.87,22.07,94.5,88.5,2025.0,3
2025-03-31 03:00:00,10924,24.78,70.17,22.28,92.13,61.7,2025.0,3
2025-03-31 04:00:00,10925,24.45,69.33,22.13,90.57,47.73,2025.0,3
2025-03-31 05:00:00,10926,24.02,73.4,21.58,95.1,85.6,2025.0,3
2025-03-31 06:00:00,10927,24.94,70.3,23.58,88.6,78.13,2025.0,3
2025-03-31 07:00:00,10928,30.05,55.83,28.59,74.2,57.77,2025.0,3
2025-03-31 08:00:00,10929,34.82,45.41,33.32,62.72,56.31,2025.0,3
2025-03-31 09:00:00,10930,37.94,36.67,34.6,56.6,39.8,2025.0,3
2025-03-31 10:00:00,10931,35.8,37.63,34.29,53.8,26.67,2025.0,3
2025-03-31 11:00:00,10932,34.04,39.9,32.86,55.67,8.2,2025.0,3
2025-03-31 12:00:00,10933,31.2,49.83,30.11,66.23,2.4,2025.0,3
2025-03-31 13:00:00,10934,29.97,54.13,28.99,70.53,5.73,2025.0,3
2025-03-31 14:00:00,10935,29.02,58.8,28.21,74.7,21.2,2025.0,3
2025-03-31 15:00:00,10936,28.9,58.7,27.66,75.9,21.93,2025.0,3
2025-03-31 16:00:00,10937,27.94,62.3,26.61,79.67,29.97,2025.0,3
2025-03-31 17:00:00,10938,27.64,63.97,25.79,83.07,37.4,2025.0,3
2025-03-31 18:00:00,10939,26.99,67.1,24.91,86.97,53.2,2025.0,3
2025-03-31 19:00:00,10940,26.9,68.2,24.29,89.9,52.6,2025.0,3
2025-03-31 20:00:00,10941,26.4,69.07,23.74,91.03,59.47,2025.0,3
2025-03-31 21:00:00,10942,25.74,73.53,22.77,97.0,80.47,2025.0,3
2025-03-31 22:00:00,10943,25.13,75.3,22.31,98.63,90.03,2025.0,3
2025-03-31 23:00:00,10944,24.37,75.5,21.66,98.2,78.2,2025.0,3
2025-04-01 00:00:00,10945,23.79,76.77,20.69,100.0,,2025.0,4
2025-04-01 01:00:00,10946,23.06,76.37,20.25,99.33,68.83,2025.0,4
2025-04-01 02:00:00,10947,22.3,74.67,19.94,96.37,47.1,2025.0,4
2025-04-01 03:00:00,10948,22.35,72.77,19.61,95.6,43.77,2025.0,4
2025-04-01 04:00:00,10949,22.41,72.37,19.34,96.67,38.17,2025.0,4
2025-04-01 05:00:00,10950,22.35,73.55,19.29,98.03,42.0,2025.0,4
2025-04-01 06:00:00,10951,24.4,71.23,22.58,91.37,51.83,2025.0,4
2025-04-01 07:00:00,10952,28.59,59.33,26.2,80.3,50.83,2025.0,4
2025-04-01 08:00:00,10953,32.77,49.2,30.48,69.1,52.43,2025.0,4
2025-04-01 09:00:00,10954,36.08,41.63,33.74,60.7,60.0,2025.0,4
2025-04-01 10:00:00,10955,36.45,38.97,33.17,59.5,42.53,2025.0,4
2025-04-01 11:00:00,10956,34.45,41.57,32.58,59.3,29.33,2025.0,4
2025-04-01 12:00:00,10957,31.73,49.63,30.94,65.53,28.73,2025.0,4
2025-04-01 13:00:00,10958,30.86,52.27,30.16,67.83,28.27,2025.0,4
2025-04-01 14:00:00,10959,27.84,61.83,26.77,78.53,36.5,2025.0,4
2025-04-01 15:00:00,10960,25.72,71.8,24.11,89.8,26.18,2025.0,4
2025-04-01 16:00:00,10961,23.51,81.57,21.16,100.0,3.64,2025.0,4
2025-04-01 17:00:00,10962,23.79,80.0,21.11,100.0,12.1,2025.0,4
2025-04-01 18:00:00,10963,24.21,77.5,21.19,100.0,30.7,2025.0,4
2025-04-01 19:00:00,10964,24.48,77.07,21.27,100.0,34.2,2025.0,4
2025-04-01 20:00:00,10965,24.78,76.67,21.43,100.0,39.17,2025.0,4
2025-04-01 21:00:00,10966,24.91,76.5,21.82,100.0,41.4,2025.0,4
2025-04-01 22:00:00,10967,24.67,77.73,21.73,100.0,59.03,2025.0,4
2025-04-01 23:00:00,10968,24.36,78.63,21.62,100.0,60.61,2025.0,4
2025-04-02 00:00:00,10969,24.43,77.87,21.64,100.0,52.6,2025.0,4
2025-04-02 01:00:00,10970,24.02,79.3,21.33,100.0,51.2,2025.0,4
2025-04-02 02:00:00,10971,23.71,79.83,20.77,100.0,43.73,2025.0,4
2025-04-02 03:00:00,10972,23.38,80.93,20.71,100.0,38.52,2025.0,4
2025-04-02 04:00:00,10973,23.44,80.97,20.82,100.0,47.77,2025.0,4
2025-04-02 05:00:00,10974,23.69,78.07,20.89,100.0,47.61,2025.0,4
2025-04-02 06:00:00,10975,25.16,74.97,22.94,96.43,49.63,2025.0,4
2025-04-02 07:00:00,10976,28.2,65.17,26.37,85.1,60.3,2025.0,4
2025-04-02 08:00:00,10977,31.59,53.8,28.79,75.67,48.07,2025.0,4
2025-04-02 09:00:00,10978,31.08,53.5,28.68,74.27,38.93,2025.0,4
2025-04-02 10:00:00,10979,30.0,53.83,29.94,68.63,8.5,2025.0,4
2025-04-02 11:00:00,10980,31.44,50.47,30.93,66.13,1.03,2025.0,4
2025-04-02 12:00:00,10981,31.18,51.63,31.04,66.17,2.6,2025.0,4
2025-04-02 13:00:00,10982,27.77,62.93,26.89,79.77,7.03,2025.0,4
2025-04-02 14:00:00,10983,31.75,53.63,30.1,71.7,12.53,2025.0,4
2025-04-02 15:00:00,10984,29.94,57.73,27.57,77.9,13.3,2025.0,4
2025-04-02 16:00:00,10985,25.94,73.52,23.23,97.86,24.17,2025.0,4
2025-04-02 17:00:00,10986,24.81,76.7,22.47,99.73,22.57,2025.0,4
2025-04-02 18:00:00,10987,24.32,79.27,21.65,100.0,22.37,2025.0,4
2025-04-02 19:00:00,10988,24.88,78.63,21.67,100.0,31.55,2025.0,4
2025-04-02 20:00:00,10989,24.99,79.13,21.75,100.0,35.56,2025.0,4
2025-04-02 21:00:00,10990,24.33,79.67,21.28,100.0,23.97,2025.0,4
2025-04-02 22:00:00,10991,24.78,79.0,21.57,100.0,24.95,2025.0,4
2025-04-02 23:00:00,10992,24.64,80.24,21.69,100.0,28.13,2025.0,4
2025-04-03 00:00:00,10993,24.02,82.2,21.28,100.0,30.6,2025.0,4
2025-04-03 01:00:00,10994,24.35,79.9,21.03,100.0,29.33,2025.0,4
2025-04-03 02:00:00,10995,24.03,82.0,21.15,100.0,36.52,2025.0,4
2025-04-03 04:00:00,10997,24.23,81.21,21.32,100.0,26.43,2025.0,4
2025-04-03 05:00:00,10998,24.49,80.0,21.27,100.0,30.26,2025.0,4
2025-04-03 06:00:00,10999,24.65,79.27,21.62,100.0,36.59,2025.0,4
2025-04-03 07:00:00,11000,26.48,72.77,24.06,94.9,43.8,2025.0,4
2025-04-03 08:00:00,11001,29.48,63.17,26.55,85.63,45.97,2025.0,4
2025-04-03 09:00:00,11002,31.79,54.83,28.71,76.8,37.27,2025.0,4
2025-04-03 10:00:00,11003,33.85,49.23,31.03,69.77,36.27,2025.0,4
2025-04-03 11:00:00,11004,36.38,43.2,32.99,64.6,35.33,2025.0,4
2025-04-03 12:00:00,11005,34.76,44.87,31.41,66.83,28.03,2025.0,4
2025-04-03 13:00:00,11006,32.09,51.73,30.67,69.73,25.2,2025.0,4
2025-04-03 14:00:00,11007,33.81,48.3,33.86,62.73,17.97,2025.0,4
2025-04-03 15:00:00,11008,33.15,49.93,32.73,65.27,23.97,2025.0,4
2025-04-03 16:00:00,11009,31.04,56.31,29.77,73.55,29.34,2025.0,4
2025-04-03 17:00:00,11010,28.43,64.53,26.4,83.67,42.03,2025.0,4
2025-04-03 18:00:00,11011,27.57,68.4,25.02,89.43,38.5,2025.0,4
2025-04-03 19:00:00,11012,25.12,79.47,22.27,99.5,27.91,2025.0,4
2025-04-03 20:00:00,11013,23.81,81.83,21.04,100.0,6.9,2025.0,4
2025-04-03 21:00:00,11014,24.08,80.0,20.88,100.0,5.56,2025.0,4
2025-04-03 22:00:00,11015,23.95,79.8,20.68,100.0,5.08,2025.0,4
2025-04-03 23:00:00,11016,24.19,79.93,20.85,100.0,15.88,2025.0,4
2025-04-04 00:00:00,11017,23.91,81.77,20.93,100.0,16.71,2025.0,4
2025-04-04 01:00:00,11018,23.68,83.07,21.0,100.0,24.01,2025.0,4
2025-04-04 02:00:00,11019,24.06,81.83,21.09,100.0,26.15,2025.0,4
2025-04-04 03:00:00,11020,24.53,79.87,21.16,100.0,26.85,2025.0,4
2025-04-04 04:00:00,11021,24.5,80.67,21.26,100.0,25.52,2025.0,4
2025-04-04 05:00:00,11022,23.92,82.93,21.14,100.0,25.55,2025.0,4
2025-04-04 06:00:00,11023,24.44,81.2,21.5,100.0,28.87,2025.0,4
2025-04-04 07:00:00,11024,26.86,73.47,23.17,100.0,45.67,2025.0,4
2025-04-04 08:00:00,11025,29.99,62.67,26.03,98.97,48.1,2025.0,4
2025-04-04 09:00:00,11026,35.03,48.23,33.53,66.87,39.13,2025.0,4
2025-04-04 10:00:00,11027,37.41,40.83,34.97,59.47,25.23,2025.0,4
2025-04-04 11:00:00,11028,37.21,40.53,33.57,61.87,24.63,2025.0,4
2025-04-04 12:00:00,11029,34.23,42.87,32.26,61.07,7.63,2025.0,4
2025-04-04 13:00:00,11030,32.61,48.27,31.32,65.3,9.07,2025.0,4
2025-04-04 14:00:00,11031,30.55,56.7,28.92,75.43,15.53,2025.0,4
2025-04-04 15:00:00,11032,28.67,64.27,26.25,86.03,30.7,2025.0,4
2025-04-04 16:00:00,11033,26.84,72.28,24.28,96.48,39.69,2025.0,4
2025-04-04 17:00:00,11034,25.88,75.9,23.75,96.27,38.67,2025.0,4
2025-04-04 18:00:00,11035,25.68,76.4,23.15,98.2,35.37,2025.0,4
2025-04-04 19:00:00,11036,25.75,75.87,23.18,98.0,36.5,2025.0,4
2025-04-04 20:00:00,11037,25.75,75.73,22.96,98.87,38.27,2025.0,4
2025-04-04 21:00:00,11038,25.68,77.3,22.93,99.97,47.63,2025.0,4
2025-04-04 22:00:00,11039,25.7,77.73,22.81,100.0,51.53,2025.0,4
2025-04-04 23:00:00,11040,25.68,76.43,22.83,99.83,46.67,2025.0,4
2025-04-05 00:00:00,11041,25.34,77.03,22.52,100.0,41.9,2025.0,4
2025-04-05 01:00:00,11042,24.61,79.7,22.02,100.0,48.19,2025.0,4
2025-04-05 02:00:00,11043,25.02,78.67,22.17,100.0,55.56,2025.0,4
2025-04-05 03:00:00,11044,24.49,80.3,21.57,100.0,42.72,2025.0,4
2025-04-05 04:00:00,11045,23.79,80.2,21.33,100.0,39.6,2025.0,4
2025-04-05 05:00:00,11046,23.79,78.97,21.37,100.0,42.04,2025.0,4
2025-04-05 06:00:00,11047,25.03,76.0,22.24,98.7,52.07,2025.0,4
2025-04-05 07:00:00,11048,29.02,64.7,27.46,84.27,47.1,2025.0,4
2025-04-05 08:00:00,11049,34.26,49.77,31.59,70.9,41.27,2025.0,4
2025-04-05 09:00:00,11050,37.51,41.76,35.05,60.76,38.52,2025.0,4
2025-04-05 10:00:00,11051,34.34,44.8,32.22,63.73,34.03,2025.0,4
2025-04-05 11:00:00,11052,32.62,48.97,30.79,67.43,35.03,2025.0,4
2025-04-05 12:00:00,11053,31.33,54.2,29.29,73.63,33.53,2025.0,4
2025-04-05 13:00:00,11054,30.59,57.1,29.67,73.6,26.67,2025.0,4
2025-04-05 14:00:00,11055,33.31,48.23,30.93,68.17,22.7,2025.0,4
2025-04-05 15:00:00,11056,30.75,56.0,27.94,77.73,32.6,2025.0,4
2025-04-05 16:00:00,11057,26.83,69.57,25.07,88.23,45.17,2025.0,4
2025-04-05 17:00:00,11058,23.73,80.03,21.13,100.0,23.15,2025.0,4
2025-04-05 19:00:00,11060,24.49,77.34,20.97,100.0,32.17,2025.0,4
2025-04-05 20:00:00,11061,24.56,78.83,21.23,100.0,29.7,2025.0,4
2025-04-05 21:00:00,11062,24.13,80.37,21.05,100.0,23.61,2025.0,4
2025-04-05 22:00:00,11063,24.33,79.73,21.01,100.0,28.61,2025.0,4
2025-04-05 23:00:00,11064,24.38,78.9,20.93,100.0,31.61,2025.0,4
2025-04-06 00:00:00,11065,24.45,79.0,20.97,100.0,35.63,2025.0,4
2025-04-06 01:00:00,11066,24.39,79.23,20.97,100.0,32.11,2025.0,4
2025-04-06 02:00:00,11067,24.23,79.7,20.87,100.0,34.02,2025.0,4
2025-04-06 03:00:00,11068,24.27,79.77,20.87,100.0,29.04,2025.0,4
2025-04-06 04:00:00,11069,23.92,80.47,20.56,100.0,26.2,2025.0,4
2025-04-06 05:00:00,11070,24.02,80.23,20.76,100.0,30.64,2025.0,4
2025-04-06 06:00:00,11071,24.82,79.3,21.8,100.0,40.04,2025.0,4
2025-04-06 07:00:00,11072,27.77,67.77,25.43,95.33,40.27,2025.0,4
2025-04-06 08:00:00,11073,32.77,51.57,28.78,77.5,31.2,2025.0,4
2025-04-06 09:00:00,11074,33.89,47.63,31.78,67.3,26.17,2025.0,4
2025-04-06 10:00:00,11075,37.08,40.57,34.44,59.9,19.7,2025.0,4
2025-04-06 11:00:00,11076,37.56,39.37,33.57,61.03,20.53,2025.0,4
2025-04-06 12:00:00,11077,33.6,48.77,31.26,68.63,34.67,2025.0,4
2025-04-06 13:00:00,11078,29.32,59.17,26.4,82.2,22.7,2025.0,4
2025-04-06 14:00:00,11079,23.09,80.13,20.28,100.0,14.9,2025.0,4
2025-04-06 15:00:00,11080,23.99,78.83,20.82,100.0,13.64,2025.0,4
2025-04-06 16:00:00,11081,24.56,77.17,21.01,100.0,22.37,2025.0,4
2025-04-06 17:00:00,11082,24.38,79.0,21.15,100.0,28.24,2025.0,4
2025-04-06 18:00:00,11083,24.47,80.47,21.29,100.0,34.3,2025.0,4
2025-04-06 19:00:00,11084,23.85,83.03,21.23,100.0,37.63,2025.0,4
2025-04-06 20:00:00,11085,23.89,83.97,21.32,100.0,45.02,2025.0,4
2025-04-06 21:00:00,11086,24.45,82.2,21.51,100.0,40.78,2025.0,4
2025-04-06 22:00:00,11087,24.24,83.0,21.52,100.0,38.52,2025.0,4
2025-04-06 23:00:00,11088,24.48,81.83,21.48,100.0,41.94,2025.0,4
2025-04-07 00:00:00,11089,24.16,82.9,21.33,100.0,46.9,2025.0,4
2025-04-07 01:00:00,11090,23.86,84.57,21.36,100.0,56.44,2025.0,4
2025-04-07 02:00:00,11091,23.75,85.1,21.28,100.0,53.56,2025.0,4
2025-04-07 03:00:00,11092,23.85,83.7,20.97,100.0,48.24,2025.0,4
2025-04-07 04:00:00,11093,23.94,82.63,20.91,100.0,43.39,2025.0,4
2025-04-07 05:00:00,11094,23.81,83.0,20.87,100.0,43.68,2025.0,4
2025-04-07 06:00:00,11095,24.46,82.33,21.7,100.0,36.16,2025.0,4
2025-04-07 07:00:00,11096,26.73,74.8,23.28,100.0,56.58,2025.0,4
2025-04-07 08:00:00,11097,31.8,54.37,26.11,99.73,42.8,2025.0,4
2025-04-07 09:00:00,11098,34.3,44.43,30.99,76.37,24.97,2025.0,4
2025-04-07 10:00:00,11099,35.81,39.87,32.26,61.37,15.43,2025.0,4
2025-04-07 11:00:00,11100,35.86,36.77,31.62,58.63,5.07,2025.0,4
2025-04-07 12:00:00,11101,34.68,37.87,31.01,59.0,6.7,2025.0,4
2025-04-07 13:00:00,11102,34.48,36.5,33.4,51.77,5.77,2025.0,4
2025-04-07 14:00:00,11103,35.64,36.43,35.11,50.47,6.37,2025.0,4
2025-04-07 15:00:00,11104,34.88,39.13,33.53,54.93,7.53,2025.0,4
2025-04-07 16:00:00,11105,32.59,45.33,30.13,64.67,10.87,2025.0,4
2025-04-07 17:00:00,11106,31.25,53.57,28.34,75.3,27.3,2025.0,4
2025-04-07 18:00:00,11107,28.88,65.38,26.35,87.24,61.55,2025.0,4
2025-04-07 19:00:00,11108,27.98,70.43,25.61,92.07,69.4,2025.0,4
2025-04-07 20:00:00,11109,27.88,66.53,25.17,89.37,45.1,2025.0,4
2025-04-07 21:00:00,11110,26.88,67.6,24.05,90.8,35.8,2025.0,4
2025-04-07 22:00:00,11111,26.05,70.03,23.28,93.23,38.2,2025.0,4
2025-04-07 23:00:00,11112,25.56,69.5,22.7,93.07,34.73,2025.0,4
2025-04-08 00:00:00,11113,24.64,71.23,21.72,95.07,41.9,2025.0,4
2025-04-08 01:00:00,11114,23.82,71.53,21.13,94.73,66.0,2025.0,4
2025-04-08 02:00:00,11115,23.47,69.57,20.94,92.13,49.03,2025.0,4
2025-04-08 03:00:00,11116,23.62,70.63,20.43,95.57,49.63,2025.0,4
2025-04-08 04:00:00,11117,23.55,74.3,20.31,98.73,58.8,2025.0,4
2025-04-08 05:00:00,11118,22.04,77.27,19.72,98.63,68.27,2025.0,4
2025-04-08 06:00:00,11119,23.04,73.57,20.5,95.73,65.37,2025.0,4
2025-04-08 07:00:00,11120,27.26,61.97,24.27,85.67,58.47,2025.0,4
2025-04-08 08:00:00,11121,34.31,43.17,30.55,66.73,51.3,2025.0,4
2025-04-08 09:00:00,11122,35.06,40.17,32.31,59.87,38.57,2025.0,4
2025-04-08 10:00:00,11123,34.53,36.76,31.88,55.36,6.88,2025.0,4
2025-04-08 14:00:00,11127,33.99,46.69,32.28,64.59,48.45,2025.0,4
2025-04-08 15:00:00,11128,30.72,55.17,29.52,72.5,53.33,2025.0,4
2025-04-08 16:00:00,11129,29.54,58.55,27.93,77.0,53.03,2025.0,4
2025-04-08 17:00:00,11130,29.14,59.93,26.99,80.17,53.31,2025.0,4
2025-04-08 18:00:00,11131,28.46,65.34,25.86,87.34,58.07,2025.0,4
2025-04-08 19:00:00,11132,27.69,69.13,24.96,91.73,66.37,2025.0,4
2025-04-08 20:00:00,11133,26.93,71.15,24.26,93.69,56.5,2025.0,4
2025-04-08 21:00:00,11134,26.51,72.44,23.81,95.04,49.28,2025.0,4
2025-04-08 22:00:00,11135,25.99,74.23,23.32,96.93,59.8,2025.0,4
2025-04-08 23:00:00,11136,26.01,73.93,23.33,96.41,79.45,2025.0,4
2025-04-09 00:00:00,11137,25.89,74.4,23.11,97.47,76.23,2025.0,4
2025-04-09 01:00:00,11138,25.64,75.37,22.72,98.93,65.83,2025.0,4
2025-04-09 02:00:00,11139,25.24,76.67,22.41,99.87,72.57,2025.0,4
2025-04-09 03:00:00,11140,24.95,77.93,22.11,100.0,69.87,2025.0,4
2025-04-09 04:00:00,11141,24.78,78.2,21.79,100.0,70.13,2025.0,4
2025-04-09 05:00:00,11142,24.4,79.23,21.56,100.0,59.82,2025.0,4
2025-04-09 06:00:00,11143,25.35,76.33,22.97,97.1,72.94,2025.0,4
2025-04-09 07:00:00,11144,27.28,70.03,24.56,93.03,,2025.0,4
2025-04-09 08:00:00,11145,31.73,55.37,29.4,76.87,71.3,2025.0,4
2025-04-09 09:00:00,11146,32.75,50.77,30.77,70.53,47.53,2025.0,4
2025-04-09 10:00:00,11147,34.64,44.79,32.41,64.0,38.28,2025.0,4
2025-04-09 11:00:00,11148,34.86,43.17,32.43,62.79,36.52,2025.0,4
2025-04-09 12:00:00,11149,34.86,43.83,32.47,63.31,33.62,2025.0,4
2025-04-09 13:00:00,11150,32.95,51.41,30.59,71.45,45.21,2025.0,4
2025-04-09 14:00:00,11151,30.77,58.11,28.65,78.85,53.81,2025.0,4
2025-04-09 15:00:00,11152,30.64,56.0,28.24,76.9,40.67,2025.0,4
2025-04-09 16:00:00,11153,28.69,64.5,26.39,85.8,47.77,2025.0,4
2025-04-09 17:00:00,11154,28.16,66.17,25.58,88.14,48.66,2025.0,4
2025-04-09 18:00:00,11155,27.24,71.8,24.64,93.73,52.67,2025.0,4
2025-04-09 19:00:00,11156,27.15,73.14,24.18,96.45,67.86,2025.0,4
2025-04-09 20:00:00,11157,26.68,75.07,23.61,98.83,87.86,2025.0,4
2025-04-09 21:00:00,11158,26.3,75.97,23.36,99.24,79.03,2025.0,4
2025-04-09 22:00:00,11159,26.12,75.77,23.26,98.9,,2025.0,4
2025-04-09 23:00:00,11160,25.14,76.97,22.56,99.3,,2025.0,4
2025-04-10 00:00:00,11161,25.0,77.67,22.23,99.9,,2025.0,4
2025-04-10 01:00:00,11162,24.39,77.33,22.05,98.73,,2025.0,4
2025-04-10 02:00:00,11163,24.66,75.67,22.04,98.13,,2025.0,4
2025-04-10 03:00:00,11164,24.92,75.67,22.09,98.83,,2025.0,4
2025-04-10 04:00:00,11165,24.6,76.67,21.72,100.0,91.87,2025.0,4
2025-04-10 05:00:00,11166,24.05,78.13,21.35,100.0,89.49,2025.0,4
2025-04-10 06:00:00,11167,24.95,74.73,22.37,97.1,,2025.0,4
2025-04-10 07:00:00,11168,26.95,69.8,24.4,92.3,,2025.0,4
2025-04-10 08:00:00,11169,30.11,60.27,27.64,82.47,,2025.0,4
2025-04-10 09:00:00,11170,34.91,47.57,31.92,69.6,87.0,2025.0,4
2025-04-10 10:00:00,11171,37.57,40.47,33.99,62.23,53.27,2025.0,4
2025-04-10 11:00:00,11172,34.85,47.43,31.65,69.0,75.13,2025.0,4
2025-04-10 12:00:00,11173,31.44,55.15,30.54,72.08,73.31,2025.0,4
2025-04-10 13:00:00,11174,28.93,63.89,25.5,89.0,50.11,2025.0,4
2025-04-10 14:00:00,11175,25.65,76.76,22.37,100.0,47.11,2025.0,4
2025-04-10 15:00:00,11176,27.92,70.0,23.87,100.0,67.7,2025.0,4
2025-04-10 16:00:00,11177,27.22,71.41,23.33,100.0,67.28,2025.0,4
2025-04-10 17:00:00,11178,24.46,77.6,21.04,100.0,43.98,2025.0,4
2025-04-10 18:00:00,11179,23.96,78.97,20.87,100.0,46.97,2025.0,4
2025-04-10 19:00:00,11180,25.11,76.38,21.68,100.0,62.79,2025.0,4
2025-04-10 20:00:00,11181,25.12,75.66,21.8,100.0,51.31,2025.0,4
2025-04-10 21:00:00,11182,24.78,78.6,21.61,100.0,58.65,2025.0,4
2025-04-10 22:00:00,11183,24.5,80.03,21.43,100.0,57.83,2025.0,4
2025-04-10 23:00:00,11184,24.3,80.1,21.31,100.0,74.53,2025.0,4
2025-04-11 00:00:00,11185,23.81,82.7,21.34,100.0,64.21,2025.0,4
2025-04-11 01:00:00,11186,23.48,81.73,21.22,100.0,42.05,2025.0,4
2025-04-11 02:00:00,11187,23.85,78.97,20.85,100.0,59.76,2025.0,4
2025-04-11 03:00:00,11188,24.14,79.2,21.05,100.0,54.33,2025.0,4
2025-04-11 04:00:00,11189,24.21,80.07,21.08,100.0,49.28,2025.0,4
2025-04-11 05:00:00,11190,23.85,80.5,20.59,100.0,59.99,2025.0,4
2025-04-11 06:00:00,11191,24.01,80.3,21.28,99.67,59.52,2025.0,4
2025-04-11 07:00:00,11192,28.23,68.17,25.08,91.0,91.13,2025.0,4
2025-04-11 08:00:00,11193,33.84,51.0,31.63,71.23,65.27,2025.0,4
2025-04-11 09:00:00,11194,34.86,47.77,31.93,69.33,62.1,2025.0,4
2025-04-11 10:00:00,11195,35.96,43.63,33.03,64.27,41.07,2025.0,4
2025-04-11 11:00:00,11196,35.09,45.28,32.13,66.14,28.69,2025.0,4
2025-04-11 12:00:00,11197,33.8,47.73,30.69,69.24,21.63,2025.0,4
2025-04-11 13:00:00,11198,29.52,59.04,26.84,81.21,32.25,2025.0,4
2025-04-11 14:00:00,11199,27.86,67.81,25.38,89.44,60.22,2025.0,4
2025-04-11 15:00:00,11200,26.8,72.31,24.3,93.72,59.57,2025.0,4
2025-04-11 16:00:00,11201,25.43,78.5,22.71,99.25,60.64,2025.0,4
2025-04-11 17:00:00,11202,24.68,80.93,21.78,100.0,37.37,2025.0,4
2025-04-11 18:00:00,11203,25.2,79.43,21.92,100.0,43.66,2025.0,4
2025-04-11 19:00:00,11204,24.75,76.5,21.03,100.0,26.93,2025.0,4
2025-04-11 20:00:00,11205,24.35,80.11,21.1,100.0,19.28,2025.0,4
2025-04-11 21:00:00,11206,24.24,80.33,21.05,100.0,21.19,2025.0,4
2025-04-11 22:00:00,11207,24.46,79.63,21.11,100.0,19.63,2025.0,4
2025-04-11 23:00:00,11208,24.77,79.33,21.37,100.0,33.24,2025.0,4
2025-04-12 00:00:00,11209,24.61,80.37,21.47,100.0,33.43,2025.0,4
2025-04-12 01:00:00,11210,24.75,80.63,21.52,100.0,37.2,2025.0,4
2025-04-12 02:00:00,11211,24.71,80.7,21.57,100.0,40.16,2025.0,4
2025-04-12 03:00:00,11212,24.52,80.97,21.49,100.0,28.63,2025.0,4
2025-04-12 04:00:00,11213,24.24,81.5,21.18,100.0,32.87,2025.0,4
2025-04-12 05:00:00,11214,24.13,81.5,21.02,100.0,40.98,2025.0,4
2025-04-12 06:00:00,11215,24.39,81.4,21.46,100.0,44.11,2025.0,4
2025-04-12 07:00:00,11216,26.42,75.2,22.92,100.0,80.12,2025.0,4
2025-04-12 08:00:00,11217,31.46,59.47,29.2,84.37,66.17,2025.0,4
2025-04-12 09:00:00,11218,33.21,53.1,30.81,73.97,54.67,2025.0,4
2025-04-12 10:00:00,11219,32.92,52.59,30.23,74.0,49.07,2025.0,4
2025-04-12 11:00:00,11220,30.16,59.1,27.83,80.17,48.27,2025.0,4
2025-04-12 12:00:00,11221,31.99,55.1,29.42,76.83,53.03,2025.0,4
2025-04-12 13:00:00,11222,34.79,47.5,31.63,69.87,44.8,2025.0,4
2025-04-12 14:00:00,11223,35.35,46.0,32.97,66.0,47.33,2025.0,4
2025-04-12 15:00:00,11224,32.41,54.37,31.44,71.57,44.23,2025.0,4
2025-04-12 16:00:00,11225,27.55,73.07,24.27,96.43,49.61,2025.0,4
2025-04-12 17:00:00,11226,26.08,73.69,22.22,100.0,34.76,2025.0,4
2025-04-12 18:00:00,11227,26.18,75.59,22.51,100.0,48.53,2025.0,4
2025-04-12 19:00:00,11228,25.93,76.28,22.38,100.0,48.83,2025.0,4
2025-04-12 20:00:00,11229,25.6,78.53,22.53,100.0,52.76,2025.0,4
2025-04-12 21:00:00,11230,25.4,78.69,22.37,100.0,49.22,2025.0,4
2025-04-12 22:00:00,11231,24.9,79.59,22.07,100.0,36.07,2025.0,4
2025-04-12 23:00:00,11232,24.87,80.6,21.82,100.0,29.76,2025.0,4
2025-04-13 00:00:00,11233,24.98,80.1,21.69,100.0,34.89,2025.0,4
2025-04-13 01:00:00,11234,24.26,82.07,21.51,100.0,31.34,2025.0,4
2025-04-13 02:00:00,11235,23.82,82.4,21.11,100.0,27.47,2025.0,4
2025-04-13 03:00:00,11236,24.2,80.57,21.08,100.0,27.12,2025.0,4
2025-04-13 04:00:00,11237,24.23,80.9,21.03,100.0,29.23,2025.0,4
2025-04-13 05:00:00,11238,24.3,80.58,20.92,100.0,30.79,2025.0,4
2025-04-13 13:00:00,11246,25.04,76.59,21.76,100.0,42.55,2025.0,4
2025-04-13 14:00:00,11247,28.71,66.63,23.97,99.93,44.4,2025.0,4
2025-04-13 15:00:00,11248,29.4,64.23,24.85,99.77,40.9,2025.0,4
2025-04-13 16:00:00,11249,27.88,71.0,23.73,100.0,45.13,2025.0,4
2025-04-13 17:00:00,11250,24.22,81.07,21.87,100.0,30.32,2025.0,4
2025-04-13 18:00:00,11251,24.11,78.19,21.54,100.0,28.15,2025.0,4
2025-04-13 19:00:00,11252,24.89,76.76,22.07,100.0,36.96,2025.0,4
2025-04-13 20:00:00,11253,25.26,76.5,22.31,99.92,39.19,2025.0,4
2025-04-13 21:00:00,11254,24.9,78.96,21.84,99.85,38.73,2025.0,4
2025-04-13 22:00:00,11255,24.91,79.86,21.62,100.0,36.52,2025.0,4
2025-04-13 23:00:00,11256,24.58,81.13,21.6,100.0,39.08,2025.0,4
2025-04-14 00:00:00,11257,24.68,79.83,21.62,100.0,39.09,2025.0,4
2025-04-14 01:00:00,11258,24.37,80.4,21.43,100.0,28.03,2025.0,4
2025-04-14 02:00:00,11259,24.21,81.63,21.44,100.0,37.48,2025.0,4
2025-04-14 03:00:00,11260,24.14,81.47,21.15,100.0,38.79,2025.0,4
2025-04-14 04:00:00,11261,23.65,82.57,20.84,100.0,42.57,2025.0,4
2025-04-14 05:00:00,11262,23.74,81.87,20.62,100.0,46.94,2025.0,4
2025-04-14 06:00:00,11263,24.87,79.7,22.6,97.6,58.36,2025.0,4
2025-04-14 07:00:00,11264,29.98,63.2,27.75,84.43,64.9,2025.0,4
2025-04-14 08:00:00,11265,34.4,47.68,34.12,62.32,41.82,2025.0,4
2025-04-14 09:00:00,11266,35.25,45.65,32.23,66.54,42.15,2025.0,4
2025-04-14 10:00:00,11267,37.39,41.27,34.07,62.1,43.1,2025.0,4
2025-04-14 11:00:00,11268,37.2,39.83,32.75,61.03,41.41,2025.0,4
2025-04-14 13:00:00,11270,34.21,48.41,34.23,62.92,32.59,2025.0,4
2025-04-14 15:00:00,11272,,61.57,27.85,,32.91,2025.0,4
2025-04-14 16:00:00,11273,27.91,70.11,25.34,92.68,33.46,2025.0,4
2025-04-14 17:00:00,11274,26.46,74.27,24.59,93.47,33.83,2025.0,4
2025-04-14 18:00:00,11275,26.33,76.77,23.41,98.23,40.0,2025.0,4
2025-04-14 19:00:00,11276,25.83,81.4,22.88,100.0,30.78,2025.0,4
2025-04-14 20:00:00,11277,26.2,80.13,22.94,100.0,30.64,2025.0,4
2025-04-14 21:00:00,11278,26.06,79.83,22.79,100.0,31.2,2025.0,4
2025-04-14 22:00:00,11279,26.17,78.83,22.73,100.0,42.26,2025.0,4
2025-04-14 23:00:00,11280,25.91,78.93,22.68,100.0,40.11,2025.0,4
2025-04-15 00:00:00,11281,25.78,79.4,22.64,100.0,36.22,2025.0,4
2025-04-15 01:00:00,11282,25.79,79.37,22.56,100.0,37.14,2025.0,4
2025-04-15 02:00:00,11283,25.42,79.3,22.41,100.0,32.92,2025.0,4
2025-04-15 03:00:00,11284,25.13,79.9,22.47,100.0,26.01,2025.0,4
2025-04-15 04:00:00,11285,25.71,79.13,22.58,100.0,40.61,2025.0,4
2025-04-15 05:00:00,11286,25.58,79.07,22.71,100.0,44.03,2025.0,4
2025-04-15 06:00:00,11287,25.98,77.43,23.19,98.2,44.83,2025.0,4
2025-04-15 07:00:00,11288,26.69,74.33,24.14,93.97,47.63,2025.0,4
2025-04-15 08:00:00,11289,26.6,70.9,24.51,89.13,31.83,2025.0,4
2025-04-15 09:00:00,11290,27.24,68.55,25.51,85.62,32.93,2025.0,4
2025-04-15 10:00:00,11291,28.87,65.03,26.64,84.67,45.13,2025.0,4
2025-04-15 11:00:00,11292,27.63,68.14,24.36,93.11,44.89,2025.0,4
2025-04-15 12:00:00,11293,28.72,62.36,24.56,95.71,23.89,2025.0,4
2025-04-15 13:00:00,11294,30.72,56.0,28.54,76.17,25.14,2025.0,4
2025-04-15 14:00:00,11295,34.11,47.89,30.97,69.21,24.96,2025.0,4
2025-04-15 15:00:00,11296,30.92,56.38,28.06,77.83,27.72,2025.0,4
2025-04-15 16:00:00,11297,28.29,65.79,25.99,85.72,53.59,2025.0,4
2025-04-15 17:00:00,11298,26.66,71.27,24.4,90.7,54.13,2025.0,4
2025-04-15 18:00:00,11299,25.59,76.59,23.29,95.15,64.26,2025.0,4
2025-04-15 19:00:00,11300,25.3,75.63,22.96,94.43,54.5,2025.0,4
2025-04-15 20:00:00,11301,25.33,75.48,22.61,95.57,63.64,2025.0,4
2025-04-15 21:00:00,11302,25.17,76.34,22.17,97.48,61.24,2025.0,4
2025-04-15 22:00:00,11303,25.13,77.17,22.07,98.73,80.17,2025.0,4
2025-04-15 23:00:00,11304,24.85,78.03,21.84,99.62,,2025.0,4
2025-04-16 00:00:00,11305,24.46,80.13,21.84,100.0,,2025.0,4
2025-04-16 01:00:00,11306,24.6,80.47,21.63,100.0,,2025.0,4
2025-04-16 02:00:00,11307,24.47,80.63,21.41,100.0,,2025.0,4
2025-04-16 03:00:00,11308,24.3,81.2,21.13,100.0,92.42,2025.0,4
2025-04-16 04:00:00,11309,23.89,82.23,20.91,100.0,92.08,2025.0,4
2025-04-16 05:00:00,11310,23.98,81.47,20.78,100.0,83.66,2025.0,4
2025-04-16 06:00:00,11311,24.73,80.93,21.71,100.0,86.32,2025.0,4
2025-04-16 07:00:00,11312,29.31,65.9,27.06,85.23,93.3,2025.0,4
2025-04-16 08:00:00,11313,32.5,54.33,29.94,75.43,79.77,2025.0,4
2025-04-16 09:00:00,11314,34.51,48.93,30.8,72.48,70.28,2025.0,4
2025-04-16 10:00:00,11315,36.05,44.17,32.68,65.93,41.28,2025.0,4
2025-04-16 11:00:00,11316,35.82,39.9,31.87,62.13,29.2,2025.0,4
2025-04-16 12:00:00,11317,35.18,35.1,31.85,54.52,21.93,2025.0,4
2025-04-16 13:00:00,11318,36.21,37.67,33.89,55.8,29.3,2025.0,4
2025-04-16 14:00:00,11319,35.33,39.87,33.3,57.47,28.3,2025.0,4
2025-04-16 15:00:00,11320,32.31,51.03,29.78,71.43,34.63,2025.0,4
2025-04-16 16:00:00,11321,30.51,57.5,27.85,79.07,42.0,2025.0,4
2025-04-16 17:00:00,11322,29.96,58.89,26.88,81.85,46.22,2025.0,4
2025-04-16 18:00:00,11323,28.55,66.59,25.94,87.93,92.3,2025.0,4
2025-04-16 19:00:00,11324,27.9,69.96,25.26,91.12,,2025.0,4
2025-04-16 20:00:00,11325,27.11,74.14,24.5,94.14,86.07,2025.0,4
2025-04-16 21:00:00,11326,26.77,73.7,23.75,95.27,69.6,2025.0,4
2025-04-16 22:00:00,11327,26.72,74.46,23.77,95.86,89.29,2025.0,4
2025-04-16 23:00:00,11328,26.45,75.43,23.55,96.5,,2025.0,4
2025-04-17 00:00:00,11329,26.44,74.43,23.64,95.4,,2025.0,4
2025-04-17 01:00:00,11330,25.97,73.47,23.19,94.77,68.93,2025.0,4
2025-04-17 02:00:00,11331,25.15,74.9,22.41,96.07,80.1,2025.0,4
2025-04-17 03:00:00,11332,24.73,74.27,22.24,94.63,67.4,2025.0,4
2025-04-17 04:00:00,11333,24.5,73.53,21.85,94.53,67.07,2025.0,4
2025-04-17 05:00:00,11334,23.7,75.53,20.97,96.67,54.1,2025.0,4
2025-04-17 06:00:00,11335,24.77,71.1,21.84,93.4,57.43,2025.0,4
2025-04-17 07:00:00,11336,29.5,55.63,26.54,78.77,57.4,2025.0,4
2025-04-17 08:00:00,11337,33.03,47.37,29.94,69.53,68.9,2025.0,4
2025-04-17 09:00:00,11338,34.81,41.6,30.94,64.2,52.03,2025.0,4
2025-04-17 10:00:00,11339,34.03,39.53,31.46,58.83,43.83,2025.0,4
2025-04-17 11:00:00,11340,33.87,40.0,31.33,59.18,28.96,2025.0,4
2025-04-17 12:00:00,11341,32.53,46.0,30.79,64.11,35.89,2025.0,4
2025-04-17 13:00:00,11342,31.49,50.82,29.22,70.57,41.11,2025.0,4
2025-04-17 14:00:00,11343,31.73,50.54,29.68,69.93,42.82,2025.0,4
2025-04-17 15:00:00,11344,33.43,46.77,29.78,69.93,46.4,2025.0,4
2025-04-17 16:00:00,11345,32.86,48.17,29.47,71.0,50.77,2025.0,4
2025-04-17 17:00:00,11346,29.56,59.86,26.62,82.17,56.1,2025.0,4
2025-04-17 18:00:00,11347,27.69,70.21,25.32,90.45,87.97,2025.0,4
2025-04-17 19:00:00,11348,27.21,72.63,24.81,92.89,,2025.0,4
2025-04-17 20:00:00,11349,26.73,71.56,24.45,91.6,73.48,2025.0,4
2025-04-17 21:00:00,11350,26.29,74.56,24.03,93.48,75.48,2025.0,4
2025-04-17 22:00:00,11351,26.02,76.71,23.89,95.34,78.66,2025.0,4
2025-04-17 23:00:00,11352,25.93,76.73,23.74,95.63,86.2,2025.0,4
2025-04-18 00:00:00,11353,25.77,77.27,23.44,96.33,,2025.0,4
2025-04-18 01:00:00,11354,25.39,78.53,23.11,97.3,,2025.0,4
2025-04-18 02:00:00,11355,25.35,79.1,23.15,97.53,,2025.0,4
2025-04-18 03:00:00,11356,25.13,80.33,22.49,99.73,63.6,2025.0,4
2025-04-18 04:00:00,11357,24.92,80.7,22.37,99.6,68.98,2025.0,4
2025-04-18 05:00:00,11358,24.97,80.1,21.81,100.0,38.59,2025.0,4
2025-04-18 06:00:00,11359,25.49,79.43,22.22,100.0,51.97,2025.0,4
2025-04-18 07:00:00,11360,27.55,73.23,25.14,94.6,,2025.0,4
2025-04-18 08:00:00,11361,30.41,61.48,29.11,77.34,84.76,2025.0,4
2025-04-18 09:00:00,11362,31.44,56.9,29.74,73.77,63.83,2025.0,4
2025-04-18 10:00:00,11363,32.32,53.69,30.82,70.03,63.17,2025.0,4
2025-04-18 11:00:00,11364,34.97,45.21,33.43,62.43,53.61,2025.0,4
2025-04-18 12:00:00,11365,34.83,43.86,33.41,60.79,41.0,2025.0,4
2025-04-18 13:00:00,11366,32.54,50.77,30.9,68.58,45.19,2025.0,4
2025-04-18 14:00:00,11367,31.64,54.44,29.45,73.78,49.11,2025.0,4
2025-04-18 15:00:00,11368,29.22,59.04,27.17,78.07,47.96,2025.0,4
2025-04-18 16:00:00,11369,23.84,76.18,21.57,94.82,29.63,2025.0,4
2025-04-18 17:00:00,11370,24.65,78.9,21.24,100.0,37.95,2025.0,4
2025-04-18 18:00:00,11371,24.91,77.08,21.15,100.0,34.58,2025.0,4
2025-04-18 19:00:00,11372,24.65,77.14,21.02,100.0,37.18,2025.0,4
2025-04-18 20:00:00,11373,24.83,75.14,21.14,100.0,42.89,2025.0,4
2025-04-18 21:00:00,11374,24.93,76.5,21.27,,42.62,2025.0,4
2025-04-18 22:00:00,11375,24.85,76.46,21.24,100.0,45.43,2025.0,4
2025-04-18 23:00:00,11376,24.97,76.2,21.33,100.0,51.7,2025.0,4
2025-04-19 00:00:00,11377,24.84,77.87,21.48,100.0,61.91,2025.0,4
2025-04-19 01:00:00,11378,24.72,77.57,21.26,100.0,50.37,2025.0,4
2025-04-19 02:00:00,11379,24.12,80.27,21.1,100.0,49.32,2025.0,4
2025-04-19 03:00:00,11380,23.86,81.33,21.07,100.0,42.63,2025.0,4
2025-04-19 04:00:00,11381,24.36,79.8,21.1,100.0,49.59,2025.0,4
2025-04-19 05:00:00,11382,24.14,80.9,21.01,100.0,47.26,2025.0,4
2025-04-19 06:00:00,11383,24.61,79.83,21.72,99.83,64.44,2025.0,4
2025-04-19 07:00:00,11384,27.33,71.47,24.81,90.97,83.2,2025.0,4
2025-04-19 08:00:00,11385,31.65,58.3,30.01,75.6,71.8,2025.0,4
2025-04-19 09:00:00,11386,37.55,43.27,33.76,64.67,57.83,2025.0,4
2025-04-19 10:00:00,11387,36.84,43.17,33.42,64.41,49.52,2025.0,4
2025-04-19 11:00:00,11388,36.19,42.08,32.97,63.12,30.16,2025.0,4
2025-04-19 12:00:00,11389,35.75,39.92,31.53,62.75,19.42,2025.0,4
2025-04-19 13:00:00,11390,37.53,36.43,34.06,56.7,19.43,2025.0,4
2025-04-19 14:00:00,11391,32.9,50.86,32.44,66.1,26.38,2025.0,4
2025-04-19 15:00:00,11392,30.96,59.32,30.7,73.96,38.29,2025.0,4
2025-04-19 16:00:00,11393,28.55,67.45,27.29,84.03,55.62,2025.0,4
2025-04-19 17:00:00,11394,27.15,75.0,25.58,91.86,68.67,2025.0,4
2025-04-19 18:00:00,11395,24.7,82.7,22.43,100.0,33.43,2025.0,4
2025-04-19 19:00:00,11396,24.25,83.47,21.9,100.0,31.11,2025.0,4
2025-04-19 20:00:00,11397,24.67,83.0,22.02,100.0,34.4,2025.0,4
2025-04-19 21:00:00,11398,24.9,82.2,22.03,100.0,34.71,2025.0,4
2025-04-19 22:00:00,11399,25.06,81.57,22.02,100.0,35.24,2025.0,4
2025-04-19 23:00:00,11400,25.07,81.4,22.0,100.0,35.55,2025.0,4
2025-04-20 00:00:00,11401,25.12,82.2,22.12,100.0,42.25,2025.0,4
2025-04-20 01:00:00,11402,25.01,82.87,22.13,100.0,51.28,2025.0,4
2025-04-20 02:00:00,11403,24.84,82.67,21.94,100.0,57.78,2025.0,4
2025-04-20 03:00:00,11404,24.41,80.6,21.57,100.0,38.47,2025.0,4
2025-04-20 04:00:00,11405,24.31,78.17,21.14,100.0,36.13,2025.0,4
2025-04-20 05:00:00,11406,24.46,78.2,21.15,100.0,37.03,2025.0,4
2025-04-20 06:00:00,11407,24.64,79.2,21.67,100.0,52.64,2025.0,4
2025-04-20 07:00:00,11408,26.33,75.34,23.64,99.03,,2025.0,4
2025-04-20 08:00:00,11409,30.21,62.57,28.16,82.13,65.9,2025.0,4
2025-04-20 09:00:00,11410,32.4,54.41,29.48,75.14,47.1,2025.0,4
2025-04-20 10:00:00,11411,35.88,44.43,33.24,63.18,38.43,2025.0,4
2025-04-20 11:00:00,11412,35.38,43.58,31.74,65.88,40.38,2025.0,4
2025-04-20 14:00:00,11415,,46.65,,,,2025.0,4
2025-04-20 19:00:00,11420,27.36,67.3,25.15,86.9,34.1,2025.0,4
2025-04-20 20:00:00,11421,27.18,70.07,24.72,89.1,41.3,2025.0,4
2025-04-20 21:00:00,11422,26.9,75.5,24.28,94.83,48.47,2025.0,4
2025-04-20 22:00:00,11423,26.28,77.87,23.72,96.77,39.83,2025.0,4
2025-04-20 23:00:00,11424,25.16,83.07,22.62,100.0,28.95,2025.0,4
2025-04-21 00:00:00,11425,24.87,81.29,21.94,100.0,9.31,2025.0,4
2025-04-21 01:00:00,11426,25.04,80.73,22.01,100.0,20.14,2025.0,4
2025-04-21 02:00:00,11427,24.97,80.73,21.9,100.0,20.68,2025.0,4
2025-04-21 03:00:00,11428,25.17,79.6,21.97,100.0,25.87,2025.0,4
2025-04-21 04:00:00,11429,24.8,81.07,21.77,100.0,30.6,2025.0,4
2025-04-21 05:00:00,11430,24.35,82.13,21.6,100.0,54.72,2025.0,4
2025-04-21 06:00:00,11431,25.65,76.03,22.68,98.13,52.11,2025.0,4
2025-04-21 07:00:00,11432,27.95,69.33,25.11,89.67,68.23,2025.0,4
2025-04-21 08:00:00,11433,31.73,58.52,29.05,79.41,64.81,2025.0,4
2025-04-21 09:00:00,11434,34.78,48.33,31.85,69.13,55.7,2025.0,4
2025-04-21 10:00:00,11435,31.8,52.03,30.17,70.13,33.57,2025.0,4
2025-04-21 11:00:00,11436,34.26,45.7,31.13,67.0,34.53,2025.0,4
2025-04-21 12:00:00,11437,31.8,51.97,29.48,71.3,31.97,2025.0,4
2025-04-21 13:00:00,11438,28.92,57.87,27.29,76.67,25.03,2025.0,4
2025-04-21 16:00:00,11441,26.44,70.07,24.01,89.77,35.47,2025.0,4
2025-04-21 17:00:00,11442,26.45,69.17,23.64,90.37,40.3,2025.0,4
2025-04-21 18:00:00,11443,26.22,69.37,23.41,90.57,37.33,2025.0,4
2025-04-21 19:00:00,11444,26.04,71.1,23.19,91.93,49.17,2025.0,4
2025-04-21 20:00:00,11445,25.57,75.27,22.75,95.43,68.87,2025.0,4
2025-04-21 21:00:00,11446,25.33,77.8,22.24,98.83,,2025.0,4
2025-04-21 22:00:00,11447,24.83,78.7,22.03,98.87,,2025.0,4
2025-04-21 23:00:00,11448,25.06,77.6,22.15,98.17,,2025.0,4
2025-04-22 00:00:00,11449,24.65,78.8,21.83,98.93,,2025.0,4
2025-04-22 01:00:00,11450,24.78,76.9,21.98,97.1,76.67,2025.0,4
2025-04-22 02:00:00,11451,24.68,78.13,21.8,98.43,79.09,2025.0,4
2025-04-22 03:00:00,11452,24.45,78.38,21.51,99.31,,2025.0,4
2025-04-22 04:00:00,11453,24.61,78.6,21.69,99.23,91.57,2025.0,4
2025-04-22 05:00:00,11454,24.33,79.0,21.22,100.0,79.14,2025.0,4
2025-04-22 06:00:00,11455,24.78,78.5,22.06,98.27,,2025.0,4
2025-04-22 07:00:00,11456,28.95,64.43,26.73,84.53,,2025.0,4
2025-04-22 08:00:00,11457,34.91,47.67,33.16,65.6,,2025.0,4
2025-04-22 09:00:00,11458,35.82,44.93,32.15,67.59,81.89,2025.0,4
2025-04-22 10:00:00,11459,36.59,39.83,33.0,61.24,63.03,2025.0,4
2025-04-22 11:00:00,11460,37.15,36.8,33.53,57.33,35.5,2025.0,4
2025-04-22 12:00:00,11461,33.44,46.57,30.84,65.77,39.57,2025.0,4
2025-04-22 13:00:00,11462,32.24,50.4,29.89,70.23,40.97,2025.0,4
2025-04-22 14:00:00,11463,31.79,53.8,29.5,73.87,46.3,2025.0,4
2025-04-22 15:00:00,11464,31.63,55.43,28.15,78.3,44.53,2025.0,4
2025-04-22 16:00:00,11465,28.91,63.1,26.21,84.37,41.93,2025.0,4
2025-04-22 17:00:00,11466,27.96,67.43,25.27,88.13,50.3,2025.0,4
2025-04-22 18:00:00,11467,27.21,71.53,24.69,91.0,60.77,2025.0,4
2025-04-22 19:00:00,11468,26.95,73.27,24.26,93.1,57.43,2025.0,4
2025-04-22 20:00:00,11469,26.64,73.97,23.72,94.5,73.0,2025.0,4
2025-04-22 21:00:00,11470,26.18,75.93,23.21,96.53,82.1,2025.0,4
2025-04-22 22:00:00,11471,25.52,78.13,22.72,98.23,79.9,2025.0,4
2025-04-22 23:00:00,11472,25.06,79.37,22.21,99.43,66.58,2025.0,4
2025-04-23 00:00:00,11473,24.96,78.8,21.78,100.0,90.63,2025.0,4
2025-04-23 01:00:00,11474,24.73,77.83,21.66,99.07,78.33,2025.0,4
2025-04-23 03:00:00,11476,24.26,77.53,21.13,99.17,80.43,2025.0,4
2025-04-23 04:00:00,11477,23.89,76.63,20.7,98.5,70.73,2025.0,4
2025-04-23 05:00:00,11478,23.52,78.87,20.08,100.0,93.33,2025.0,4
2025-04-23 06:00:00,11479,24.91,74.2,21.53,96.37,,2025.0,4
2025-04-23 07:00:00,11480,29.48,58.73,27.42,77.83,89.83,2025.0,4
2025-04-23 08:00:00,11481,32.37,51.5,30.08,71.1,88.67,2025.0,4
2025-04-23 09:00:00,11482,35.9,41.53,31.87,64.13,53.3,2025.0,4
2025-04-23 10:00:00,11483,36.41,38.9,33.43,58.45,35.79,2025.0,4
2025-04-23 11:00:00,11484,32.71,47.07,31.17,64.33,26.47,2025.0,4
2025-04-23 12:00:00,11485,31.98,50.37,31.19,66.2,30.97,2025.0,4
2025-04-23 13:00:00,11486,32.61,48.17,31.63,64.63,25.73,2025.0,4
2025-04-23 14:00:00,11487,33.96,45.23,32.95,61.37,21.97,2025.0,4
2025-04-23 15:00:00,11488,32.69,50.67,31.75,66.9,30.8,2025.0,4
2025-04-23 16:00:00,11489,30.9,56.53,30.06,72.2,31.63,2025.0,4
2025-04-23 17:00:00,11490,26.57,74.73,23.56,95.63,34.23,2025.0,4
2025-04-23 18:00:00,11491,25.82,79.5,22.56,100.0,34.64,2025.0,4
2025-04-23 19:00:00,11492,26.03,78.5,22.65,100.0,45.55,2025.0,4
2025-04-23 20:00:00,11493,25.93,78.57,22.56,100.0,49.1,2025.0,4
2025-04-23 21:00:00,11494,25.62,78.57,22.38,100.0,43.74,2025.0,4
2025-04-24 05:00:00,11502,24.04,77.54,21.08,98.7,59.17,2025.0,4
2025-04-24 06:00:00,11503,25.18,76.08,22.37,96.32,74.34,2025.0,4
2025-04-24 08:00:00,11505,31.04,58.43,28.66,76.37,81.83,2025.0,4
2025-04-24 09:00:00,11506,34.12,48.77,30.57,68.93,50.1,2025.0,4
2025-04-24 10:00:00,11507,37.16,43.1,33.63,62.3,52.57,2025.0,4
2025-04-24 11:00:00,11508,40.4,36.37,35.51,58.8,43.63,2025.0,4
2025-04-24 12:00:00,11509,33.54,49.47,29.7,72.43,45.93,2025.0,4
2025-04-24 13:00:00,11510,23.11,78.1,20.27,99.9,27.13,2025.0,4
2025-04-24 14:00:00,11511,25.87,75.33,22.32,100.0,38.9,2025.0,4
2025-04-24 15:00:00,11512,26.36,73.87,22.69,100.0,39.37,2025.0,4
2025-04-24 16:00:00,11513,26.09,72.17,22.34,100.0,37.57,2025.0,4
2025-04-24 17:00:00,11514,25.74,72.77,21.91,100.0,38.97,2025.0,4
2025-04-24 18:00:00,11515,25.5,75.27,22.0,100.0,46.1,2025.0,4
2025-04-24 19:00:00,11516,25.28,77.13,22.28,100.0,61.63,2025.0,4
2025-04-24 20:00:00,11517,25.12,78.53,22.64,99.23,84.94,2025.0,4
2025-04-24 21:00:00,11518,25.51,76.57,22.7,97.23,78.33,2025.0,4
2025-04-24 22:00:00,11519,25.35,77.3,22.64,97.33,70.82,2025.0,4
2025-04-24 23:00:00,11520,25.07,80.87,22.41,100.0,57.96,2025.0,4
2025-04-25 00:00:00,11521,25.14,80.5,22.17,100.0,64.7,2025.0,4
2025-04-25 01:00:00,11522,24.1,83.53,21.55,100.0,70.66,2025.0,4
2025-04-25 02:00:00,11523,23.87,84.0,21.4,100.0,63.61,2025.0,4
2025-04-25 03:00:00,11524,24.07,82.7,21.15,100.0,59.23,2025.0,4
2025-04-25 04:00:00,11525,24.26,82.5,21.45,100.0,60.03,2025.0,4
2025-04-25 05:00:00,11526,24.31,82.27,21.41,100.0,68.12,2025.0,4
2025-04-25 06:00:00,11527,24.12,82.4,21.37,100.0,77.39,2025.0,4
2025-04-25 07:00:00,11528,26.53,72.7,24.57,89.93,92.17,2025.0,4
2025-04-25 08:00:00,11529,32.39,55.67,30.41,72.23,82.1,2025.0,4
2025-04-25 09:00:00,11530,36.38,44.8,32.38,67.0,59.33,2025.0,4
2025-04-25 10:00:00,11531,38.17,39.43,33.47,62.03,41.4,2025.0,4
2025-04-25 11:00:00,11532,39.75,35.03,34.6,57.5,35.47,2025.0,4
2025-04-25 12:00:00,11533,40.02,33.83,33.64,58.83,34.7,2025.0,4
2025-04-25 13:00:00,11534,34.99,47.9,32.76,66.23,58.33,2025.0,4
2025-04-25 14:00:00,11535,31.52,56.07,30.44,72.13,59.63,2025.0,4
2025-04-25 15:00:00,11536,27.49,70.57,25.37,90.3,49.67,2025.0,4
2025-04-25 16:00:00,11537,28.22,70.1,24.88,98.73,61.53,2025.0,4
2025-04-25 17:00:00,11538,26.94,74.7,24.1,95.3,55.51,2025.0,4
2025-04-25 18:00:00,11539,25.88,80.03,22.66,100.0,42.69,2025.0,4
2025-04-25 19:00:00,11540,25.63,79.6,22.44,100.0,49.29,2025.0,4
2025-04-25 20:00:00,11541,25.72,78.57,22.6,100.0,68.07,2025.0,4
2025-04-25 21:00:00,11542,25.77,79.1,23.13,99.5,77.61,2025.0,4
2025-04-25 22:00:00,11543,25.36,77.37,22.8,96.83,45.23,2025.0,4
2025-04-25 23:00:00,11544,25.27,78.17,22.76,97.31,50.66,2025.0,4
2025-04-26 00:00:00,11545,25.22,78.5,22.95,96.87,66.59,2025.0,4
2025-04-26 01:00:00,11546,25.76,76.53,22.86,97.07,71.17,2025.0,4
2025-04-26 02:00:00,11547,25.92,77.97,22.94,98.9,73.7,2025.0,4
2025-04-26 03:00:00,11548,25.65,78.4,22.89,98.57,64.69,2025.0,4
2025-04-26 04:00:00,11549,25.06,82.47,22.75,100.0,59.0,2025.0,4
2025-04-26 05:00:00,11550,25.42,80.43,22.31,100.0,62.24,2025.0,4
2025-04-26 06:00:00,11551,25.45,80.83,22.59,100.0,61.98,2025.0,4
2025-04-26 07:00:00,11552,26.19,78.17,23.73,97.27,92.82,2025.0,4
2025-04-26 08:00:00,11553,28.08,70.97,25.69,89.7,,2025.0,4
2025-04-26 09:00:00,11554,33.34,54.43,30.61,73.2,68.2,2025.0,4
2025-04-26 10:00:00,11555,37.98,41.23,34.44,61.0,43.03,2025.0,4
2025-04-26 11:00:00,11556,38.49,39.23,33.9,62.1,47.97,2025.0,4
2025-04-26 12:00:00,11557,34.91,46.37,31.95,66.93,68.97,2025.0,4
2025-04-26 13:00:00,11558,34.02,49.57,32.17,67.83,73.67,2025.0,4
2025-04-26 14:00:00,11559,32.88,51.97,31.42,69.3,56.9,2025.0,4
2025-04-26 15:00:00,11560,29.36,61.7,27.61,79.73,51.53,2025.0,4
2025-04-26 16:00:00,11561,27.63,70.4,25.46,89.63,60.93,2025.0,4
2025-04-26 17:00:00,11562,25.75,77.93,22.62,99.5,46.41,2025.0,4
2025-04-26 18:00:00,11563,26.01,80.3,22.81,100.0,41.8,2025.0,4
2025-04-26 19:00:00,11564,25.3,82.13,22.53,100.0,37.74,2025.0,4
2025-04-26 20:00:00,11565,25.51,78.4,22.37,100.0,46.44,2025.0,4
2025-04-26 21:00:00,11566,25.0,78.17,22.21,100.0,35.67,2025.0,4
2025-04-26 22:00:00,11567,24.44,79.57,22.25,99.13,34.28,2025.0,4
2025-04-26 23:00:00,11568,24.46,79.57,22.37,97.37,40.12,2025.0,4
2025-04-27 00:00:00,11569,25.11,77.37,22.35,97.57,57.4,2025.0,4
2025-04-27 01:00:00,11570,24.98,77.13,22.09,97.7,50.27,2025.0,4
2025-04-27 02:00:00,11571,24.61,80.67,21.8,100.0,38.77,2025.0,4
2025-04-27 03:00:00,11572,24.37,81.77,21.41,100.0,41.76,2025.0,4
2025-04-27 04:00:00,11573,23.73,82.87,20.97,100.0,45.67,2025.0,4
2025-04-27 05:00:00,11574,22.89,84.6,20.53,100.0,62.58,2025.0,4
2025-04-27 06:00:00,11575,23.7,82.8,21.63,98.87,64.19,2025.0,4
2025-04-27 07:00:00,11576,27.26,71.7,25.06,89.2,73.6,2025.0,4
2025-04-27 08:00:00,11577,30.91,59.83,28.19,79.03,69.13,2025.0,4
2025-04-27 09:00:00,11578,35.08,47.97,31.47,68.43,57.93,2025.0,4
2025-04-27 10:00:00,11579,37.94,39.27,33.43,60.93,43.63,2025.0,4
2025-04-27 11:00:00,11580,37.02,39.57,32.24,62.6,34.23,2025.0,4
2025-04-27 12:00:00,11581,37.69,38.27,32.77,62.07,27.5,2025.0,4
2025-04-27 13:00:00,11582,34.34,46.43,32.55,64.63,45.6,2025.0,4
2025-04-27 14:00:00,11583,33.6,48.5,32.45,65.03,44.9,2025.0,4
2025-04-27 15:00:00,11584,33.11,49.4,31.55,66.6,45.17,2025.0,4
2025-04-27 16:00:00,11585,30.88,56.57,29.11,74.07,57.4,2025.0,4
2025-04-27 17:00:00,11586,28.86,63.47,26.84,81.73,56.3,2025.0,4
2025-04-27 18:00:00,11587,28.41,67.03,26.11,85.27,66.1,2025.0,4
2025-04-27 19:00:00,11588,28.3,70.0,25.54,89.2,53.7,2025.0,4
2025-04-27 20:00:00,11589,27.96,71.67,25.29,90.63,53.77,2025.0,4
2025-04-27 21:00:00,11590,27.51,73.47,24.65,93.17,61.57,2025.0,4
2025-04-27 22:00:00,11591,26.66,76.1,23.7,96.5,67.0,2025.0,4
2025-04-27 23:00:00,11592,26.31,71.17,23.73,90.3,47.07,2025.0,4
2025-04-28 00:00:00,11593,25.35,69.77,22.78,88.73,35.7,2025.0,4
2025-04-28 01:00:00,11594,24.67,72.43,21.87,92.2,34.1,2025.0,4
2025-04-28 02:00:00,11595,24.09,74.97,21.06,95.7,38.3,2025.0,4
2025-04-28 03:00:00,11596,23.85,75.0,21.07,95.03,37.53,2025.0,4
2025-04-28 04:00:00,11597,23.64,75.13,20.49,96.3,41.77,2025.0,4
2025-04-28 05:00:00,11598,23.3,78.23,20.11,99.8,69.73,2025.0,4
2025-04-28 06:00:00,11599,26.33,65.17,24.6,81.83,49.1,2025.0,4
2025-04-28 07:00:00,11600,31.0,50.9,28.51,68.63,55.53,2025.0,4
2025-04-28 08:00:00,11601,34.17,39.73,30.26,60.03,34.83,2025.0,4
2025-04-28 09:00:00,11602,34.86,37.73,31.18,58.17,26.2,2025.0,4
2025-04-28 10:00:00,11603,35.37,35.87,32.02,55.13,13.97,2025.0,4
2025-04-28 11:00:00,11604,36.27,32.5,31.68,53.2,7.3,2025.0,4
2025-04-28 12:00:00,11605,36.13,33.53,31.68,54.17,13.03,2025.0,4
2025-04-28 13:00:00,11606,38.04,31.53,34.16,50.5,17.5,2025.0,4
2025-04-28 14:00:00,11607,36.35,38.23,33.52,56.33,34.23,2025.0,4
2025-04-28 15:00:00,11608,33.63,46.03,31.76,63.57,49.63,2025.0,4
2025-04-28 16:00:00,11609,32.94,45.5,30.51,64.13,38.23,2025.0,4
2025-04-28 17:00:00,11610,30.78,52.53,27.78,71.77,46.93,2025.0,4
2025-04-28 18:00:00,11611,29.04,59.2,26.3,78.03,51.13,2025.0,4
2025-04-28 19:00:00,11612,27.95,62.17,25.33,80.57,46.67,2025.0,4
2025-04-28 20:00:00,11613,26.72,65.2,24.14,83.87,60.93,2025.0,4
2025-04-28 21:00:00,11614,26.12,66.07,23.22,85.63,55.3,2025.0,4
2025-04-28 22:00:00,11615,25.05,67.2,22.31,86.53,54.83,2025.0,4
2025-04-28 23:00:00,11616,24.54,67.5,21.8,86.87,50.6,2025.0,4
2025-04-29 00:00:00,11617,24.75,64.73,21.96,84.13,53.1,2025.0,4
2025-04-29 01:00:00,11618,23.99,62.3,21.05,82.3,52.9,2025.0,4
2025-04-29 02:00:00,11619,23.08,64.37,20.0,84.8,59.6,2025.0,4
2025-04-29 03:00:00,11620,22.77,64.6,19.6,85.43,55.83,2025.0,4
2025-04-29 04:00:00,11621,21.89,68.37,18.9,88.7,78.23,2025.0,4
2025-04-29 05:00:00,11622,21.14,74.97,18.6,93.57,,2025.0,4
2025-04-29 06:00:00,11623,24.09,66.83,22.16,83.93,,2025.0,4
2025-04-29 07:00:00,11624,29.81,49.03,26.93,67.67,81.77,2025.0,4
2025-04-29 08:00:00,11625,34.23,38.43,31.06,57.47,66.1,2025.0,4
2025-04-29 09:00:00,11626,35.9,35.03,31.58,55.93,53.77,2025.0,4
2025-04-29 10:00:00,11627,33.92,38.17,31.15,56.8,31.93,2025.0,4
2025-04-29 11:00:00,11628,34.01,38.6,30.46,59.23,20.5,2025.0,4
2025-04-29 12:00:00,11629,34.64,39.23,31.12,59.83,17.5,2025.0,4
2025-04-29 13:00:00,11630,34.14,41.2,32.02,59.07,28.47,2025.0,4
2025-04-29 14:00:00,11631,34.55,39.33,32.89,55.97,27.67,2025.0,4
2025-04-29 15:00:00,11632,32.6,43.57,30.08,62.3,27.93,2025.0,4
2025-04-29 16:00:00,11633,30.62,50.53,28.09,68.17,40.1,2025.0,4
2025-04-29 17:00:00,11634,29.17,53.7,26.64,71.23,41.87,2025.0,4
2025-04-29 18:00:00,11635,28.16,56.77,26.05,73.37,39.43,2025.0,4
2025-04-29 19:00:00,11636,27.54,62.73,25.31,79.7,46.4,2025.0,4
2025-04-29 20:00:00,11637,26.64,67.83,24.23,85.77,50.33,2025.0,4
2025-04-29 21:00:00,11638,25.8,67.43,23.37,85.37,43.43,2025.0,4
2025-04-29 22:00:00,11639,24.94,66.6,22.66,84.2,35.5,2025.0,4
2025-04-29 23:00:00,11640,24.38,65.97,22.02,83.83,33.67,2025.0,4
2025-04-30 18:00:00,11659,26.27,72.5,22.78,100.0,51.61,2025.0,4
2025-04-30 19:00:00,11660,27.04,71.1,23.68,98.57,65.83,2025.0,4
2025-04-30 20:00:00,11661,26.73,73.4,24.1,93.17,81.73,2025.0,4
2025-04-30 21:00:00,11662,25.86,74.43,23.54,92.97,77.23,2025.0,4
2025-04-30 22:00:00,11663,25.2,75.2,23.03,93.17,61.47,2025.0,4
2025-04-30 23:00:00,11664,25.0,73.87,22.77,91.87,61.9,2025.0,4
2025-05-01 00:00:00,11665,25.1,73.6,22.55,92.73,57.47,2025.0,5
2025-05-01 01:00:00,11666,24.92,72.4,22.54,90.97,49.97,2025.0,5
2025-05-01 02:00:00,11667,24.43,74.13,21.77,93.7,58.97,2025.0,5
2025-05-01 03:00:00,11668,24.17,74.43,21.34,94.63,75.6,2025.0,5
2025-05-01 04:00:00,11669,23.94,74.23,21.06,94.67,78.3,2025.0,5
2025-05-01 05:00:00,11670,23.81,75.57,20.67,97.1,82.64,2025.0,5
2025-05-01 06:00:00,11671,24.31,78.2,22.73,93.93,89.21,2025.0,5
2025-05-01 08:00:00,11673,34.77,46.24,31.39,64.93,61.93,2025.0,5
2025-05-01 09:00:00,11674,35.54,42.3,31.58,63.33,60.77,2025.0,5
2025-05-01 10:00:00,11675,36.67,38.07,32.35,59.97,48.6,2025.0,5
2025-05-01 11:00:00,11676,37.5,35.67,32.27,58.63,45.87,2025.0,5
2025-05-01 12:00:00,11677,39.88,30.4,33.44,53.73,38.4,2025.0,5
2025-05-01 13:00:00,11678,38.05,34.5,33.58,54.93,46.57,2025.0,5
2025-05-01 14:00:00,11679,33.88,49.1,32.03,65.03,67.47,2025.0,5
2025-05-01 15:00:00,11680,29.26,63.27,26.21,83.87,63.43,2025.0,5
2025-05-01 16:00:00,11681,25.42,77.4,22.11,100.0,55.54,2025.0,5
2025-05-01 17:00:00,11682,25.55,77.2,22.34,100.0,49.04,2025.0,5
2025-05-01 18:00:00,11683,24.44,80.59,21.57,100.0,30.32,2025.0,5
2025-05-01 19:00:00,11684,25.0,78.17,21.66,100.0,41.99,2025.0,5
2025-05-01 20:00:00,11685,25.67,77.87,22.45,100.0,52.62,2025.0,5
2025-05-01 21:00:00,11686,25.87,76.9,22.35,100.0,59.88,2025.0,5
2025-05-01 22:00:00,11687,25.4,77.57,22.04,100.0,74.8,2025.0,5
2025-05-01 23:00:00,11688,24.91,75.47,21.41,100.0,69.23,2025.0,5
2025-05-02 00:00:00,11689,24.52,70.8,21.49,99.13,42.03,2025.0,5
2025-05-02 01:00:00,11690,23.97,75.1,21.19,95.53,49.23,2025.0,5
2025-05-02 02:00:00,11691,23.66,75.7,20.72,96.67,52.5,2025.0,5
2025-05-02 03:00:00,11692,23.04,79.03,20.07,99.83,58.21,2025.0,5
2025-05-02 04:00:00,11693,22.73,78.67,19.9,99.2,49.28,2025.0,5
2025-05-02 05:00:00,11694,22.62,76.53,19.93,96.33,61.83,2025.0,5
2025-05-02 06:00:00,11695,24.68,68.27,22.39,86.7,67.0,2025.0,5
2025-05-02 07:00:00,11696,29.71,55.23,28.56,69.6,74.1,2025.0,5
2025-05-02 08:00:00,11697,34.01,46.03,30.97,64.0,76.43,2025.0,5
2025-05-02 09:00:00,11698,37.01,39.4,32.95,60.7,65.5,2025.0,5
2025-05-02 10:00:00,11699,37.96,37.1,33.16,59.43,67.0,2025.0,5
2025-05-02 11:00:00,11700,37.46,36.77,32.25,60.17,57.87,2025.0,5
2025-05-02 12:00:00,11701,39.6,31.33,34.3,53.07,49.37,2025.0,5
2025-05-02 13:00:00,11702,35.76,40.8,33.52,58.53,47.53,2025.0,5
2025-05-02 14:00:00,11703,32.71,45.27,31.97,59.97,41.33,2025.0,5
2025-05-02 16:00:00,11705,31.3,54.75,30.55,67.21,43.75,2025.0,5
2025-05-02 17:00:00,11706,29.07,62.0,27.49,76.82,45.61,2025.0,5
2025-05-02 18:00:00,11707,26.43,69.53,24.23,86.13,30.07,2025.0,5
2025-05-02 19:00:00,11708,26.32,68.63,23.78,86.73,30.87,2025.0,5
2025-05-02 20:00:00,11709,25.33,73.13,22.8,92.1,38.47,2025.0,5
2025-05-02 21:00:00,11710,25.36,72.6,22.86,90.9,44.73,2025.0,5
2025-05-02 22:00:00,11711,25.51,73.93,22.64,93.57,50.67,2025.0,5
2025-05-02 23:00:00,11712,25.13,76.17,22.62,94.7,49.0,2025.0,5
2025-05-03 00:00:00,11713,24.61,79.03,22.1,97.47,63.13,2025.0,5
2025-05-03 01:00:00,11714,24.21,79.67,21.66,98.43,60.81,2025.0,5
2025-05-03 02:00:00,11715,24.47,78.27,21.63,98.03,68.65,2025.0,5
2025-05-03 03:00:00,11716,24.39,78.27,21.37,99.03,63.3,2025.0,5
2025-05-03 04:00:00,11717,23.73,81.07,21.0,100.0,54.5,2025.0,5
2025-05-03 05:00:00,11718,23.89,80.03,20.84,100.0,59.26,2025.0,5
2025-05-03 06:00:00,11719,24.58,78.07,21.75,98.1,76.81,2025.0,5
2025-05-03 07:00:00,11720,27.35,69.03,24.94,87.57,77.67,2025.0,5
2025-05-03 08:00:00,11721,33.8,49.53,32.3,64.1,60.43,2025.0,5
2025-05-03 09:00:00,11722,33.47,46.6,30.96,64.63,44.87,2025.0,5
2025-05-03 10:00:00,11723,36.04,39.97,32.62,60.47,30.97,2025.0,5
2025-05-03 11:00:00,11724,37.99,35.45,33.55,56.76,32.48,2025.0,5
2025-05-03 12:00:00,11725,36.0,38.83,32.79,58.07,36.83,2025.0,5
2025-05-03 14:00:00,11727,31.18,54.23,28.37,72.23,45.07,2025.0,5
2025-05-03 15:00:00,11728,30.2,57.86,27.49,75.93,56.28,2025.0,5
2025-05-03 16:00:00,11729,27.45,67.43,25.47,83.63,61.33,2025.0,5
2025-05-03 17:00:00,11730,26.62,70.53,24.48,87.43,56.6,2025.0,5
2025-05-03 19:00:00,11732,26.55,71.57,24.22,89.1,55.27,2025.0,5
2025-05-03 20:00:00,11733,26.88,70.83,24.01,90.37,72.47,2025.0,5
2025-05-03 21:00:00,11734,26.55,72.7,23.92,91.43,61.3,2025.0,5
2025-05-03 22:00:00,11735,25.95,76.93,23.68,94.23,69.67,2025.0,5
2025-05-03 23:00:00,11736,25.86,77.9,23.56,95.43,67.47,2025.0,5
2025-05-04 00:00:00,11737,25.59,78.9,23.39,96.2,60.43,2025.0,5
2025-05-04 01:00:00,11738,25.63,79.07,23.34,96.7,49.61,2025.0,5
2025-05-04 02:00:00,11739,25.74,77.57,23.09,96.5,50.42,2025.0,5
2025-05-04 03:00:00,11740,25.7,76.9,22.73,97.43,42.97,2025.0,5
2025-05-04 04:00:00,11741,25.02,79.1,22.38,98.67,35.7,2025.0,5
2025-05-04 05:00:00,11742,25.03,77.63,22.3,97.03,23.4,2025.0,5
2025-05-04 06:00:00,11743,25.53,76.87,22.78,96.37,35.1,2025.0,5
2025-05-04 07:00:00,11744,27.56,69.8,24.71,89.47,38.07,2025.0,5
2025-05-04 08:00:00,11745,29.71,63.27,26.85,82.9,47.47,2025.0,5
2025-05-04 09:00:00,11746,33.47,52.41,30.31,72.14,46.79,2025.0,5
2025-05-04 10:00:00,11747,34.12,49.33,30.78,68.77,43.83,2025.0,5
2025-05-04 11:00:00,11748,35.79,44.63,31.57,65.87,38.03,2025.0,5
2025-05-04 12:00:00,11749,34.18,48.97,31.09,67.63,35.0,2025.0,5
2025-05-04 13:00:00,11750,28.53,64.97,27.7,77.97,37.13,2025.0,5
2025-05-04 14:00:00,11751,30.51,59.5,29.89,72.2,34.7,2025.0,5
2025-05-04 15:00:00,11752,29.08,62.57,27.7,77.23,34.03,2025.0,5
2025-05-04 16:00:00,11753,29.17,61.6,26.86,78.9,37.13,2025.0,5
2025-05-04 17:00:00,11754,26.68,71.5,23.78,91.13,28.3,2025.0,5
2025-05-04 18:00:00,11755,24.97,77.7,21.62,99.93,32.6,2025.0,5
2025-05-04 19:00:00,11756,25.27,79.17,21.84,100.0,43.09,2025.0,5
2025-05-04 20:00:00,11757,25.12,80.6,21.9,100.0,36.38,2025.0,5
2025-05-04 21:00:00,11758,25.39,79.97,21.99,100.0,58.11,2025.0,5
2025-05-04 22:00:00,11759,25.18,80.13,21.78,100.0,51.19,2025.0,5
2025-05-04 23:00:00,11760,24.34,82.47,21.53,100.0,57.66,2025.0,5
2025-05-05 00:00:00,11761,24.49,82.17,21.47,100.0,54.27,2025.0,5
2025-05-05 01:00:00,11762,24.77,81.03,21.43,100.0,51.81,2025.0,5
2025-05-05 02:00:00,11763,24.41,82.1,21.35,100.0,48.78,2025.0,5
2025-05-05 03:00:00,11764,24.53,81.37,21.32,100.0,46.01,2025.0,5
2025-05-05 04:00:00,11765,24.64,80.83,21.33,100.0,46.83,2025.0,5
2025-05-05 05:00:00,11766,24.3,80.43,20.95,100.0,44.93,2025.0,5
2025-05-05 06:00:00,11767,25.38,76.3,22.47,99.87,63.35,2025.0,5
2025-05-05 07:00:00,11768,31.35,57.63,29.74,75.73,55.53,2025.0,5
2025-05-05 08:00:00,11769,34.21,48.47,30.38,68.47,50.33,2025.0,5
2025-05-05 09:00:00,11770,35.66,43.9,31.99,63.37,47.8,2025.0,5
2025-05-05 10:00:00,11771,35.04,44.43,31.72,64.27,38.73,2025.0,5
2025-05-05 11:00:00,11772,34.62,43.63,31.2,63.9,33.33,2025.0,5
2025-05-05 12:00:00,11773,34.67,43.47,31.44,63.83,34.4,2025.0,5
2025-05-05 13:00:00,11774,36.55,39.37,33.51,58.7,26.27,2025.0,5
2025-05-05 14:00:00,11775,35.51,45.6,33.71,62.03,42.6,2025.0,5
2025-05-05 15:00:00,11776,31.93,53.53,31.76,65.8,49.43,2025.0,5
2025-05-05 16:00:00,11777,31.11,55.7,30.58,67.9,47.63,2025.0,5
2025-05-05 17:00:00,11778,29.29,61.63,27.04,78.47,46.1,2025.0,5
2025-05-05 18:00:00,11779,28.01,66.73,26.08,82.73,50.07,2025.0,5
2025-05-05 19:00:00,11780,26.97,68.37,24.26,87.5,50.87,2025.0,5
2025-05-05 20:00:00,11781,26.15,75.47,22.6,100.0,58.57,2025.0,5
2025-05-05 21:00:00,11782,25.93,73.87,22.56,100.0,75.33,2025.0,5
2025-05-05 22:00:00,11783,25.99,73.2,23.11,95.17,82.3,2025.0,5
2025-05-05 23:00:00,11784,25.79,75.7,23.35,94.13,,2025.0,5
2025-05-06 00:00:00,11785,25.81,76.77,23.48,94.87,89.0,2025.0,5
2025-05-06 01:00:00,11786,26.51,75.13,23.55,95.37,78.0,2025.0,5
2025-05-06 02:00:00,11787,26.14,77.13,23.46,96.3,88.57,2025.0,5
2025-05-06 03:00:00,11788,25.6,79.07,22.87,98.5,90.79,2025.0,5
2025-05-06 04:00:00,11789,25.67,76.1,22.57,97.0,69.8,2025.0,5
2025-05-06 05:00:00,11790,25.28,77.63,22.57,97.03,60.25,2025.0,5
2025-05-06 06:00:00,11791,25.88,77.43,23.34,96.3,93.91,2025.0,5
2025-05-06 07:00:00,11792,30.43,63.0,28.29,80.27,93.93,2025.0,5
2025-05-06 08:00:00,11793,34.22,52.07,30.56,72.6,80.1,2025.0,5
2025-05-06 09:00:00,11794,36.28,45.27,32.52,65.23,59.3,2025.0,5
2025-05-06 10:00:00,11795,37.06,40.17,32.98,60.5,35.97,2025.0,5
2025-05-06 11:00:00,11796,35.95,43.5,32.24,63.97,39.83,2025.0,5
2025-05-06 12:00:00,11797,35.49,42.77,32.33,63.2,32.0,2025.0,5
2025-05-06 13:00:00,11798,35.52,44.03,32.51,63.5,34.13,2025.0,5
2025-05-06 14:00:00,11799,29.5,61.07,28.05,75.63,46.13,2025.0,5
2025-05-06 15:00:00,11800,26.65,66.53,24.26,84.47,36.9,2025.0,5
2025-05-06 16:00:00,11801,26.23,69.77,23.87,87.27,46.1,2025.0,5
2025-05-06 17:00:00,11802,26.18,70.37,23.57,88.73,79.9,2025.0,5
2025-05-06 18:00:00,11803,25.84,73.63,23.1,92.67,,2025.0,5
2025-05-06 19:00:00,11804,25.13,76.5,22.55,95.07,79.23,2025.0,5
2025-05-06 20:00:00,11805,25.71,74.4,22.85,94.17,99.67,2025.0,5
2025-05-06 21:00:00,11806,25.87,74.93,22.9,94.87,93.9,2025.0,5
2025-05-06 22:00:00,11807,24.34,78.67,21.93,97.0,103.18,2025.0,5
2025-05-06 23:00:00,11808,24.35,76.8,21.93,95.1,103.17,2025.0,5
2025-05-07 00:00:00,11809,24.18,76.9,21.91,94.53,90.93,2025.0,5
2025-05-07 01:00:00,11810,23.64,77.63,21.47,95.03,70.11,2025.0,5
2025-05-07 02:00:00,11811,23.92,77.1,21.57,95.0,73.23,2025.0,5
2025-05-07 03:00:00,11812,24.04,77.37,21.46,96.23,85.03,2025.0,5
2025-05-07 04:00:00,11813,23.7,78.33,21.26,96.77,70.83,2025.0,5
2025-05-07 05:00:00,11814,23.83,76.87,21.08,96.1,77.87,2025.0,5
2025-05-07 06:00:00,11815,24.7,74.83,22.2,93.57,78.23,2025.0,5
2025-05-07 07:00:00,11816,29.17,61.37,26.5,80.07,103.67,2025.0,5
2025-05-07 08:00:00,11817,29.49,62.33,26.01,83.6,101.17,2025.0,5
2025-05-07 09:00:00,11818,33.15,52.9,29.86,72.63,65.9,2025.0,5
2025-05-07 10:00:00,11819,33.78,51.53,31.04,69.63,59.07,2025.0,5
2025-05-07 11:00:00,11820,34.35,49.27,31.64,66.83,37.2,2025.0,5
2025-05-07 12:00:00,11821,34.2,48.53,31.92,64.97,27.77,2025.0,5
2025-05-07 13:00:00,11822,32.01,55.5,29.07,75.43,30.37,2025.0,5
2025-05-07 14:00:00,11823,29.46,65.1,24.83,98.73,22.9,2025.0,5
2025-05-07 15:00:00,11824,29.07,65.67,26.41,89.57,43.67,2025.0,5
2025-05-07 16:00:00,11825,25.92,78.07,22.72,99.7,38.92,2025.0,5
2025-05-07 17:00:00,11826,25.28,81.53,22.41,100.0,35.46,2025.0,5
2025-05-07 18:00:00,11827,25.3,81.83,22.41,100.0,33.01,2025.0,5
2025-05-07 19:00:00,11828,25.05,82.4,22.14,100.0,40.22,2025.0,5
2025-05-07 20:00:00,11829,25.11,82.07,22.23,100.0,43.05,2025.0,5
2025-05-07 21:00:00,11830,24.81,83.5,22.17,100.0,53.69,2025.0,5
2025-05-07 22:00:00,11831,25.37,81.23,22.2,100.0,42.54,2025.0,5
2025-05-07 23:00:00,11832,25.35,81.2,22.08,100.0,54.49,2025.0,5
2025-05-08 00:00:00,11833,25.02,82.47,21.89,100.0,73.48,2025.0,5
2025-05-08 01:00:00,11834,24.58,83.87,21.8,100.0,75.82,2025.0,5
2025-05-08 02:00:00,11835,24.15,84.23,21.43,100.0,58.94,2025.0,5
2025-05-08 03:00:00,11836,23.81,85.5,21.4,100.0,57.33,2025.0,5
2025-05-08 04:00:00,11837,24.08,83.47,21.22,100.0,45.92,2025.0,5
2025-05-08 05:00:00,11838,24.66,81.7,21.48,100.0,47.1,2025.0,5
2025-05-08 06:00:00,11839,24.42,83.43,21.8,100.0,64.32,2025.0,5
2025-05-08 07:00:00,11840,27.67,72.5,24.97,98.53,74.09,2025.0,5
2025-05-08 08:00:00,11841,34.07,53.0,30.34,75.1,62.5,2025.0,5
2025-05-08 09:00:00,11842,35.69,48.03,32.01,67.57,51.9,2025.0,5
2025-05-08 10:00:00,11843,37.02,44.23,32.67,64.47,49.23,2025.0,5
2025-05-08 11:00:00,11844,34.08,48.2,30.83,67.47,36.83,2025.0,5
2025-05-08 12:00:00,11845,34.78,49.43,31.47,68.87,44.47,2025.0,5
2025-05-08 13:00:00,11846,31.62,56.33,30.69,69.73,51.43,2025.0,5
2025-05-08 14:00:00,11847,31.28,54.93,30.08,69.03,41.6,2025.0,5
2025-05-08 15:00:00,11848,32.34,53.47,30.24,69.93,41.47,2025.0,5
2025-05-08 16:00:00,11849,29.83,61.9,27.67,78.27,42.93,2025.0,5
2025-05-08 17:00:00,11850,28.73,65.5,25.89,84.37,50.0,2025.0,5
2025-05-08 18:00:00,11851,27.34,73.2,24.21,93.37,57.97,2025.0,5
2025-05-08 19:00:00,11852,25.65,78.33,22.15,100.0,40.09,2025.0,5
2025-05-08 20:00:00,11853,25.72,79.1,22.41,100.0,43.88,2025.0,5
2025-05-08 21:00:00,11854,26.21,77.0,22.58,100.0,50.73,2025.0,5
2025-05-08 22:00:00,11855,25.84,79.7,22.85,100.0,51.56,2025.0,5
2025-05-08 23:00:00,11856,24.44,83.97,22.01,100.0,40.02,2025.0,5
2025-05-09 00:00:00,11857,24.03,83.33,21.41,100.0,31.51,2025.0,5
2025-05-09 01:00:00,11858,24.22,82.23,21.49,100.0,32.87,2025.0,5
2025-05-09 02:00:00,11859,24.35,82.63,21.48,100.0,32.81,2025.0,5
2025-05-09 03:00:00,11860,24.38,82.17,21.38,100.0,42.46,2025.0,5
2025-05-09 04:00:00,11861,23.89,84.0,21.22,100.0,34.28,2025.0,5
2025-05-09 05:00:00,11862,24.11,82.57,21.0,100.0,38.32,2025.0,5
2025-05-09 06:00:00,11863,24.67,82.07,21.6,100.0,51.57,2025.0,5
2025-05-09 07:00:00,11864,27.67,72.6,24.05,100.0,70.71,2025.0,5
2025-05-09 08:00:00,11865,32.44,58.23,29.55,80.43,75.13,2025.0,5
2025-05-09 09:00:00,11866,33.11,55.2,30.11,73.93,80.77,2025.0,5
2025-05-09 10:00:00,11867,35.81,46.77,32.79,64.3,58.17,2025.0,5
2025-05-09 11:00:00,11868,36.48,43.17,33.52,62.17,45.77,2025.0,5
2025-05-09 12:00:00,11869,35.71,43.17,32.52,63.5,37.03,2025.0,5
2025-05-09 13:00:00,11870,32.72,52.57,31.4,67.93,43.6,2025.0,5
2025-05-09 14:00:00,11871,31.56,54.67,30.72,68.8,46.07,2025.0,5
2025-05-09 15:00:00,11872,29.23,63.9,27.96,77.7,53.4,2025.0,5
2025-05-09 16:00:00,11873,29.4,63.57,27.76,78.7,54.17,2025.0,5
2025-05-09 17:00:00,11874,28.82,63.8,26.37,81.43,54.63,2025.0,5
2025-05-09 18:00:00,11875,27.87,64.72,25.23,82.93,54.14,2025.0,5
2025-05-09 19:00:00,11876,27.26,67.43,24.81,85.27,66.47,2025.0,5
2025-05-09 20:00:00,11877,26.56,72.33,24.4,89.07,70.5,2025.0,5
2025-05-09 21:00:00,11878,26.66,72.37,24.04,90.57,67.53,2025.0,5
2025-05-09 22:00:00,11879,26.47,72.5,23.72,91.77,74.5,2025.0,5
2025-05-09 23:00:00,11880,26.46,72.4,23.78,91.0,67.67,2025.0,5
2025-05-10 00:00:00,11881,26.43,72.5,23.81,91.07,74.83,2025.0,5
2025-05-10 01:00:00,11882,26.18,73.2,23.15,93.07,80.87,2025.0,5
2025-05-10 02:00:00,11883,25.83,75.33,22.82,95.47,99.4,2025.0,5
2025-05-10 03:00:00,11884,25.65,76.37,22.41,97.43,104.67,2025.0,5
2025-05-10 04:00:00,11885,25.31,78.27,22.14,99.43,,2025.0,5
2025-05-10 05:00:00,11886,25.21,77.73,22.11,98.8,98.97,2025.0,5
2025-05-10 06:00:00,11887,25.76,76.17,22.72,96.77,101.23,2025.0,5
2025-05-10 07:00:00,11888,29.45,64.6,26.77,83.53,84.57,2025.0,5
2025-05-10 08:00:00,11889,34.88,49.7,30.77,71.23,92.73,2025.0,5
2025-05-10 09:00:00,11890,38.57,41.33,34.23,62.07,81.17,2025.0,5
2025-05-10 10:00:00,11891,39.29,39.37,34.25,62.8,87.0,2025.0,5
2025-05-10 11:00:00,11892,40.04,37.63,34.41,61.97,85.33,2025.0,5
2025-05-10 12:00:00,11893,34.5,48.23,30.36,70.43,88.93,2025.0,5
2025-05-10 13:00:00,11894,27.46,67.03,23.09,97.37,77.2,2025.0,5
2025-05-10 14:00:00,11895,26.06,72.77,22.43,99.97,53.3,2025.0,5
2025-05-10 15:00:00,11896,26.36,74.13,22.54,100.0,58.93,2025.0,5
2025-05-10 16:00:00,11897,26.9,72.37,23.06,100.0,69.07,2025.0,5
2025-05-10 17:00:00,11898,26.27,75.93,22.96,100.0,64.5,2025.0,5
2025-05-10 18:00:00,11899,25.41,78.83,23.19,98.47,50.37,2025.0,5
2025-05-10 19:00:00,11900,26.05,76.9,23.38,96.8,58.57,2025.0,5
2025-05-10 20:00:00,11901,26.25,77.33,23.52,97.2,61.57,2025.0,5
2025-05-10 21:00:00,11902,26.1,78.0,23.29,97.97,62.52,2025.0,5
2025-05-10 22:00:00,11903,26.23,77.9,23.22,98.43,77.77,2025.0,5
2025-05-10 23:00:00,11904,25.94,79.97,23.07,99.97,74.93,2025.0,5
2025-05-11 00:00:00,11905,25.99,79.07,23.12,99.3,60.19,2025.0,5
2025-05-11 01:00:00,11906,25.76,80.47,22.91,100.0,45.9,2025.0,5
2025-05-11 02:00:00,11907,25.66,80.8,22.61,100.0,48.91,2025.0,5
2025-05-11 03:00:00,11908,25.38,81.7,22.37,100.0,52.73,2025.0,5
2025-05-11 04:00:00,11909,25.15,83.03,22.36,100.0,63.74,2025.0,5
2025-05-11 05:00:00,11910,24.36,85.03,22.35,100.0,66.06,2025.0,5
2025-05-11 06:00:00,11911,25.03,82.33,22.77,99.67,83.62,2025.0,5
2025-05-11 07:00:00,11912,28.98,69.73,27.18,86.03,,2025.0,5
2025-05-11 08:00:00,11913,33.88,54.4,29.87,75.83,88.8,2025.0,5
2025-05-11 09:00:00,11914,36.13,46.83,32.21,66.6,61.93,2025.0,5
2025-05-11 10:00:00,11915,38.53,40.77,34.68,61.37,56.57,2025.0,5
2025-05-11 11:00:00,11916,36.45,40.57,32.04,62.37,40.27,2025.0,5
2025-05-11 12:00:00,11917,34.13,45.6,31.19,64.47,27.3,2025.0,5
2025-05-11 13:00:00,11918,27.1,68.7,25.31,85.63,57.13,2025.0,5
2025-05-11 14:00:00,11919,28.29,67.73,25.35,96.57,55.07,2025.0,5
2025-05-11 15:00:00,11920,30.28,59.3,30.18,70.17,41.1,2025.0,5
2025-05-11 16:00:00,11921,29.57,59.57,27.95,74.47,33.03,2025.0,5
2025-05-11 17:00:00,11922,28.17,64.33,25.95,81.3,34.0,2025.0,5
2025-05-11 18:00:00,11923,27.22,66.1,24.79,83.63,34.37,2025.0,5
2025-05-11 19:00:00,11924,26.58,70.97,24.22,88.33,68.87,2025.0,5
2025-05-11 20:00:00,11925,26.62,74.83,23.79,94.17,67.5,2025.0,5
2025-05-11 21:00:00,11926,26.55,75.4,23.63,95.2,71.37,2025.0,5
2025-05-11 22:00:00,11927,25.86,78.17,23.27,96.87,63.82,2025.0,5
2025-05-11 23:00:00,11928,25.27,79.33,22.85,97.43,82.76,2025.0,5
2025-05-12 00:00:00,11929,24.7,79.23,21.98,98.4,70.89,2025.0,5
2025-05-12 01:00:00,11930,25.12,77.1,21.96,98.07,77.43,2025.0,5
2025-05-12 02:00:00,11931,24.68,79.1,21.93,98.43,75.01,2025.0,5
2025-05-12 03:00:00,11932,23.99,80.9,21.57,99.0,57.17,2025.0,5
2025-05-12 04:00:00,11933,23.83,80.8,21.14,99.73,66.2,2025.0,5
2025-05-12 05:00:00,11934,23.86,79.33,21.41,97.83,57.3,2025.0,5
2025-05-12 06:00:00,11935,24.3,76.07,21.99,93.83,65.67,2025.0,5
2025-05-12 07:00:00,11936,27.99,65.3,25.49,83.77,61.37,2025.0,5
2025-05-12 08:00:00,11937,32.23,52.8,29.07,71.83,67.93,2025.0,5
2025-05-12 09:00:00,11938,34.94,45.4,31.62,63.73,43.1,2025.0,5
2025-05-12 10:00:00,11939,38.95,37.0,33.95,59.2,40.6,2025.0,5
2025-05-12 11:00:00,11940,39.73,35.1,34.13,58.57,43.17,2025.0,5
2025-05-12 12:00:00,11941,37.13,38.0,33.51,58.2,25.27,2025.0,5
2025-05-12 13:00:00,11942,33.74,46.1,32.67,61.67,19.97,2025.0,5
2025-05-12 14:00:00,11943,31.21,54.3,30.63,66.6,24.8,2025.0,5
2025-05-12 15:00:00,11944,30.73,56.73,29.83,69.6,31.17,2025.0,5
2025-05-12 16:00:00,11945,29.44,60.93,27.92,75.2,33.4,2025.0,5
2025-05-12 17:00:00,11946,28.85,64.03,26.56,80.87,37.47,2025.0,5
2025-05-12 18:00:00,11947,27.95,70.57,25.4,88.43,59.33,2025.0,5
2025-05-12 19:00:00,11948,26.51,74.97,24.52,90.97,57.73,2025.0,5
2025-05-12 20:00:00,11949,26.63,73.53,24.19,91.2,48.2,2025.0,5
2025-05-12 21:00:00,11950,26.83,72.87,24.15,91.33,49.53,2025.0,5
2025-05-12 22:00:00,11951,26.96,72.3,24.04,91.63,53.63,2025.0,5
2025-05-12 23:00:00,11952,26.59,73.37,23.93,91.87,58.13,2025.0,5
2025-05-13 00:00:00,11953,26.72,72.87,23.94,91.8,56.9,2025.0,5
2025-05-13 01:00:00,11954,26.45,75.33,23.45,95.3,59.83,2025.0,5
2025-05-13 02:00:00,11955,24.49,83.43,21.99,100.0,35.59,2025.0,5
2025-05-13 03:00:00,11956,23.88,82.0,21.08,100.0,20.99,2025.0,5
2025-05-13 04:00:00,11957,24.1,81.63,21.13,100.0,24.05,2025.0,5
2025-05-13 05:00:00,11958,25.21,78.83,21.59,100.0,33.67,2025.0,5
2025-05-13 06:00:00,11959,25.65,78.43,22.34,100.0,38.47,2025.0,5
2025-05-13 07:00:00,11960,28.53,70.03,24.19,100.0,51.9,2025.0,5
2025-05-13 08:00:00,11961,31.0,61.4,26.17,98.0,54.0,2025.0,5
2025-05-13 09:00:00,11962,31.62,60.03,28.52,79.9,66.6,2025.0,5
2025-05-13 10:00:00,11963,35.26,49.17,32.04,66.67,48.37,2025.0,5
2025-05-13 11:00:00,11964,33.22,53.77,29.72,73.27,51.63,2025.0,5
2025-05-13 12:00:00,11965,28.84,69.1,24.77,98.3,61.73,2025.0,5
2025-05-13 13:00:00,11966,31.61,61.2,28.65,84.5,54.9,2025.0,5
2025-05-13 14:00:00,11967,31.45,60.57,30.04,75.07,48.07,2025.0,5
2025-05-13 15:00:00,11968,27.18,69.53,25.62,84.97,45.87,2025.0,5
2025-05-13 16:00:00,11969,26.94,74.2,24.5,92.5,54.27,2025.0,5
2025-05-13 17:00:00,11970,27.12,74.1,24.13,93.9,53.73,2025.0,5
2025-05-13 18:00:00,11971,26.67,73.9,23.93,93.0,55.63,2025.0,5
2025-05-13 19:00:00,11972,26.38,75.67,23.48,95.33,56.2,2025.0,5
2025-05-13 20:00:00,11973,26.32,76.77,23.38,96.93,79.07,2025.0,5
2025-05-13 21:00:00,11974,26.03,76.37,23.04,96.3,84.43,2025.0,5
2025-05-13 22:00:00,11975,25.82,78.3,23.1,97.57,,2025.0,5
2025-05-13 23:00:00,11976,25.48,79.27,23.05,97.53,99.16,2025.0,5
2025-05-14 00:00:00,11977,25.2,79.5,22.7,97.87,54.1,2025.0,5
2025-05-14 01:00:00,11978,25.28,79.13,22.08,99.97,67.41,2025.0,5
2025-05-14 02:00:00,11979,24.49,82.43,22.19,100.0,58.18,2025.0,5
2025-05-14 03:00:00,11980,24.45,81.43,21.64,100.0,52.22,2025.0,5
2025-05-14 04:00:00,11981,24.25,81.27,21.14,100.0,51.03,2025.0,5
2025-05-14 05:00:00,11982,24.14,82.27,21.18,100.0,63.18,2025.0,5
2025-05-14 06:00:00,11983,24.83,81.03,22.03,99.87,71.76,2025.0,5
2025-05-14 07:00:00,11984,27.12,73.6,24.56,92.37,,2025.0,5
2025-05-14 08:00:00,11985,34.29,51.57,31.65,68.7,86.87,2025.0,5
2025-05-14 09:00:00,11986,36.36,46.07,32.26,66.03,87.6,2025.0,5
2025-05-14 10:00:00,11987,38.14,40.6,33.5,62.03,68.9,2025.0,5
2025-05-14 11:00:00,11988,39.02,37.87,33.93,60.63,59.13,2025.0,5
2025-05-14 12:00:00,11989,33.19,50.2,29.78,69.13,67.5,2025.0,5
2025-05-14 13:00:00,11990,26.38,75.1,23.35,95.5,49.69,2025.0,5
2025-05-14 14:00:00,11991,24.71,79.4,21.63,100.0,28.86,2025.0,5
2025-05-14 15:00:00,11992,25.2,78.93,22.28,100.0,37.17,2025.0,5
2025-05-14 16:00:00,11993,26.52,74.93,22.71,100.0,48.35,2025.0,5
2025-05-14 17:00:00,11994,25.95,77.83,22.67,100.0,50.93,2025.0,5
2025-05-14 18:00:00,11995,24.29,83.27,21.62,100.0,27.78,2025.0,5
2025-05-14 19:00:00,11996,24.65,81.47,21.43,100.0,23.76,2025.0,5
2025-05-14 20:00:00,11997,24.85,81.33,21.57,100.0,28.27,2025.0,5
2025-05-14 21:00:00,11998,24.69,81.47,21.43,100.0,25.46,2025.0,5
2025-05-14 22:00:00,11999,24.4,81.93,21.3,100.0,29.52,2025.0,5
2025-05-14 23:00:00,12000,24.39,81.63,21.15,100.0,34.01,2025.0,5
2025-05-15 00:00:00,12001,23.73,84.7,21.15,100.0,43.04,2025.0,5
2025-05-15 01:00:00,12002,23.97,83.77,21.11,100.0,45.29,2025.0,5
2025-05-15 02:00:00,12003,23.94,82.87,20.83,100.0,45.67,2025.0,5
2025-05-15 03:00:00,12004,24.04,82.67,20.9,100.0,42.68,2025.0,5
2025-05-15 04:00:00,12005,24.2,82.07,21.01,100.0,41.16,2025.0,5
2025-05-15 05:00:00,12006,23.96,82.23,20.88,100.0,37.05,2025.0,5
2025-05-15 06:00:00,12007,24.45,81.07,21.22,100.0,36.76,2025.0,5
2025-05-15 07:00:00,12008,26.22,74.67,22.81,100.0,58.39,2025.0,5
2025-05-15 08:00:00,12009,32.7,55.6,29.13,87.83,70.33,2025.0,5
2025-05-15 09:00:00,12010,36.19,45.57,32.25,67.4,61.3,2025.0,5
2025-05-15 10:00:00,12011,34.78,45.67,31.68,65.83,40.8,2025.0,5
2025-05-15 11:00:00,12012,34.51,47.57,31.13,68.57,46.3,2025.0,5
2025-05-15 12:00:00,12013,33.09,50.7,30.98,68.8,44.47,2025.0,5
2025-05-15 13:00:00,12014,33.39,49.3,32.17,65.5,36.63,2025.0,5
2025-05-15 14:00:00,12015,33.36,50.92,31.4,68.71,35.75,2025.0,5
2025-05-15 15:00:00,12016,29.57,62.03,28.07,78.6,31.3,2025.0,5
2025-05-15 16:00:00,12017,28.27,66.27,26.42,82.53,37.9,2025.0,5
2025-05-15 17:00:00,12018,28.17,67.77,25.43,86.53,42.77,2025.0,5
2025-05-15 18:00:00,12019,27.71,71.4,24.84,90.83,52.6,2025.0,5
2025-05-15 19:00:00,12020,27.18,73.13,24.52,91.9,53.23,2025.0,5
2025-05-15 20:00:00,12021,27.2,73.43,24.35,92.83,58.0,2025.0,5
2025-05-15 21:00:00,12022,27.26,74.1,24.33,93.93,67.47,2025.0,5
2025-05-15 22:00:00,12023,26.24,79.1,23.69,97.45,60.41,2025.0,5
2025-05-15 23:00:00,12024,26.14,80.33,23.17,100.0,56.84,2025.0,5
2025-05-16 00:00:00,12025,25.58,80.93,22.79,99.8,50.14,2025.0,5
2025-05-16 01:00:00,12026,24.24,84.3,21.76,100.0,40.4,2025.0,5
2025-05-16 02:00:00,12027,24.42,83.4,21.67,100.0,37.74,2025.0,5
2025-05-16 03:00:00,12028,24.1,84.63,21.65,100.0,31.04,2025.0,5
2025-05-16 04:00:00,12029,23.65,84.8,21.19,100.0,21.51,2025.0,5
2025-05-16 05:00:00,12030,24.79,81.37,21.43,100.0,18.18,2025.0,5
2025-05-16 06:00:00,12031,24.92,80.97,21.56,100.0,23.03,2025.0,5
2025-05-16 07:00:00,12032,26.09,77.9,22.69,100.0,34.3,2025.0,5
2025-05-16 08:00:00,12033,29.78,65.37,25.36,99.93,31.8,2025.0,5
2025-05-16 09:00:00,12034,32.13,57.63,29.37,81.1,36.27,2025.0,5
2025-05-16 10:00:00,12035,35.45,48.93,32.76,66.53,44.83,2025.0,5
2025-05-16 11:00:00,12036,38.22,41.3,33.15,64.07,41.9,2025.0,5
2025-05-16 12:00:00,12037,37.69,41.57,33.25,63.33,50.07,2025.0,5
2025-05-16 13:00:00,12038,32.53,55.13,29.69,74.07,38.25,2025.0,5
2025-05-16 14:00:00,12039,26.27,74.77,22.64,100.0,34.56,2025.0,5
2025-05-16 15:00:00,12040,27.96,70.23,24.04,100.0,41.57,2025.0,5
2025-05-16 16:00:00,12041,25.65,75.2,22.49,100.0,27.14,2025.0,5
2025-05-16 17:00:00,12042,24.05,84.17,21.52,100.0,19.21,2025.0,5
2025-05-16 18:00:00,12043,24.61,81.93,21.5,100.0,22.78,2025.0,5
2025-05-16 19:00:00,12044,24.86,80.93,21.46,100.0,22.2,2025.0,5
2025-05-16 20:00:00,12045,25.05,80.73,21.58,100.0,22.65,2025.0,5
2025-05-16 21:00:00,12046,24.32,83.1,21.51,100.0,24.21,2025.0,5
2025-05-16 22:00:00,12047,24.57,82.1,21.45,100.0,19.14,2025.0,5
2025-05-16 23:00:00,12048,24.68,81.6,21.42,100.0,21.75,2025.0,5
2025-05-17 00:00:00,12049,24.6,81.77,21.3,100.0,25.59,2025.0,5
2025-05-17 01:00:00,12050,24.35,82.43,21.16,100.0,28.1,2025.0,5
2025-05-17 02:00:00,12051,24.4,81.17,20.94,100.0,31.56,2025.0,5
2025-05-17 03:00:00,12052,24.38,81.9,21.11,100.0,31.15,2025.0,5
2025-05-17 04:00:00,12053,24.03,83.63,21.17,100.0,38.84,2025.0,5
2025-05-17 05:00:00,12054,24.3,82.27,21.04,100.0,44.22,2025.0,5
2025-05-17 06:00:00,12055,24.74,81.67,21.51,100.0,41.76,2025.0,5
2025-05-17 07:00:00,12056,25.82,77.83,22.26,100.0,47.41,2025.0,5
2025-05-17 08:00:00,12057,30.05,64.27,25.06,100.0,53.9,2025.0,5
2025-05-17 09:00:00,12058,33.7,52.87,29.1,88.5,52.77,2025.0,5
2025-05-17 10:00:00,12059,36.93,43.9,32.51,67.07,42.53,2025.0,5
2025-05-17 11:00:00,12060,37.99,40.37,32.62,65.17,36.6,2025.0,5
2025-05-17 12:00:00,12061,33.29,50.9,29.63,73.67,41.63,2025.0,5
2025-05-17 13:00:00,12062,28.24,66.6,25.74,88.6,44.37,2025.0,5
2025-05-17 14:00:00,12063,30.5,59.97,27.8,81.73,36.4,2025.0,5
2025-05-17 15:00:00,12064,28.76,66.63,26.47,87.23,38.2,2025.0,5
2025-05-17 16:00:00,12065,25.81,74.5,23.91,93.43,28.07,2025.0,5
2025-05-17 17:00:00,12066,26.06,73.63,23.63,94.13,46.57,2025.0,5
2025-05-17 18:00:00,12067,25.81,75.23,23.14,96.07,56.7,2025.0,5
2025-05-17 19:00:00,12068,25.65,76.03,23.08,96.77,54.4,2025.0,5
2025-05-17 20:00:00,12069,25.71,76.23,23.0,97.1,60.99,2025.0,5
2025-05-17 21:00:00,12070,25.27,77.87,22.65,98.23,54.52,2025.0,5
2025-05-17 22:00:00,12071,25.51,78.53,22.37,99.7,83.19,2025.0,5
2025-05-17 23:00:00,12072,25.39,79.47,22.27,100.0,63.27,2025.0,5
2025-05-18 00:00:00,12073,24.91,81.23,22.01,100.0,76.21,2025.0,5
2025-05-18 01:00:00,12074,24.41,81.8,21.54,100.0,67.4,2025.0,5
2025-05-18 02:00:00,12075,24.56,81.27,21.47,100.0,62.09,2025.0,5
2025-05-18 03:00:00,12076,24.09,82.8,21.14,100.0,75.69,2025.0,5
2025-05-18 04:00:00,12077,24.47,82.27,21.47,100.0,72.36,2025.0,5
2025-05-18 05:00:00,12078,24.6,81.3,21.53,100.0,60.52,2025.0,5
2025-05-18 06:00:00,12079,24.41,81.6,21.9,99.53,70.95,2025.0,5
2025-05-18 07:00:00,12080,29.93,63.77,28.19,82.27,88.13,2025.0,5
2025-05-18 08:00:00,12081,33.69,52.77,29.94,76.77,84.2,2025.0,5
2025-05-18 09:00:00,12082,34.26,50.57,30.1,75.57,83.2,2025.0,5
2025-05-18 10:00:00,12083,36.27,44.83,32.6,67.37,57.27,2025.0,5
2025-05-18 11:00:00,12084,37.66,38.4,34.58,57.93,41.23,2025.0,5
2025-05-18 12:00:00,12085,36.18,39.37,33.46,58.17,21.3,2025.0,5
2025-05-18 13:00:00,12086,36.85,38.53,34.27,56.77,19.2,2025.0,5
2025-05-18 14:00:00,12087,34.28,45.53,32.66,62.6,26.73,2025.0,5
2025-05-18 15:00:00,12088,33.26,51.0,32.21,67.3,34.2,2025.0,5
2025-05-18 16:00:00,12089,31.37,57.8,28.56,79.27,41.4,2025.0,5
2025-05-18 17:00:00,12090,27.54,71.43,24.95,92.07,41.73,2025.0,5
2025-05-18 18:00:00,12091,25.04,79.57,22.4,98.07,29.05,2025.0,5
2025-05-18 19:00:00,12092,23.5,83.67,20.97,100.0,18.42,2025.0,5
2025-05-18 20:00:00,12093,24.49,81.37,21.5,100.0,17.66,2025.0,5
2025-05-18 21:00:00,12094,24.8,81.53,21.73,100.0,27.25,2025.0,5
2025-05-18 22:00:00,12095,25.21,80.47,21.87,100.0,31.47,2025.0,5
2025-05-18 23:00:00,12096,25.02,79.67,21.55,100.0,41.51,2025.0,5
2025-05-19 00:00:00,12097,25.18,79.97,21.68,100.0,41.3,2025.0,5
2025-05-19 01:00:00,12098,25.33,79.13,21.79,100.0,41.31,2025.0,5
2025-05-19 02:00:00,12099,24.67,81.83,21.62,100.0,40.71,2025.0,5
2025-05-19 03:00:00,12100,24.58,81.4,21.38,100.0,42.32,2025.0,5
2025-05-19 04:00:00,12101,24.46,82.47,21.45,100.0,47.39,2025.0,5
2025-05-19 05:00:00,12102,23.6,84.0,21.01,100.0,43.53,2025.0,5
2025-05-19 06:00:00,12103,24.3,82.4,21.61,100.0,53.57,2025.0,5
2025-05-19 07:00:00,12104,29.86,65.53,26.36,99.5,61.93,2025.0,5
2025-05-19 08:00:00,12105,33.9,53.6,29.67,80.5,55.8,2025.0,5
2025-05-19 09:00:00,12106,34.95,49.97,31.08,73.5,54.87,2025.0,5
2025-05-19 10:00:00,12107,36.27,46.07,32.36,69.0,53.23,2025.0,5
2025-05-19 11:00:00,12108,37.07,41.03,32.52,64.37,42.53,2025.0,5
2025-05-19 12:00:00,12109,31.9,52.4,30.16,70.3,27.27,2025.0,5
2025-05-19 13:00:00,12110,30.56,58.0,28.37,77.83,28.13,2025.0,5
2025-05-19 14:00:00,12111,30.38,56.73,28.23,76.67,18.57,2025.0,5
2025-05-19 15:00:00,12112,30.33,56.4,27.8,77.13,20.8,2025.0,5
2025-05-19 16:00:00,12113,27.19,71.8,23.66,95.7,44.8,2025.0,5
2025-05-19 17:00:00,12114,26.0,76.47,22.29,100.0,42.53,2025.0,5
2025-05-19 18:00:00,12115,26.09,78.07,22.59,100.0,46.9,2025.0,5
2025-05-19 19:00:00,12116,26.09,77.93,22.67,100.0,51.3,2025.0,5
2025-05-19 20:00:00,12117,25.59,79.2,22.56,100.0,42.32,2025.0,5
2025-05-19 21:00:00,12118,25.53,80.37,22.53,100.0,39.15,2025.0,5
2025-05-19 22:00:00,12119,25.62,80.17,22.34,100.0,48.8,2025.0,5
2025-05-19 23:00:00,12120,25.37,79.93,22.53,100.0,42.53,2025.0,5
2025-05-20 00:00:00,12121,25.19,80.17,22.36,100.0,35.33,2025.0,5
2025-05-20 01:00:00,12122,24.83,79.73,22.2,99.3,42.74,2025.0,5
2025-05-20 02:00:00,12123,24.71,79.8,21.96,99.43,44.89,2025.0,5
2025-05-20 03:00:00,12124,24.56,80.47,21.93,99.63,36.66,2025.0,5
2025-05-20 04:00:00,12125,24.7,76.93,21.83,97.8,33.0,2025.0,5
2025-05-20 05:00:00,12126,24.43,77.67,21.81,97.43,27.43,2025.0,5
2025-05-20 06:00:00,12127,24.6,78.37,22.22,96.87,48.67,2025.0,5
2025-05-20 07:00:00,12128,26.41,70.83,23.9,89.87,41.87,2025.0,5
2025-05-20 08:00:00,12129,28.53,60.73,26.41,78.57,31.77,2025.0,5
2025-05-20 09:00:00,12130,31.44,48.93,29.26,66.73,28.53,2025.0,5
2025-05-20 10:00:00,12131,33.37,40.5,30.54,59.17,21.43,2025.0,5
2025-05-20 11:00:00,12132,34.35,38.8,30.76,58.73,22.73,2025.0,5
2025-05-20 12:00:00,12133,33.48,41.87,31.07,60.27,25.4,2025.0,5
2025-05-20 15:00:00,12136,34.38,46.57,31.26,67.07,28.97,2025.0,5
2025-05-20 16:00:00,12137,32.74,50.3,29.4,71.53,30.13,2025.0,5
2025-05-20 17:00:00,12138,29.85,60.93,27.02,81.17,35.5,2025.0,5
2025-05-20 18:00:00,12139,28.1,66.97,25.63,86.27,41.17,2025.0,5
2025-05-20 19:00:00,12140,27.52,69.57,24.8,89.33,45.47,2025.0,5
2025-05-20 20:00:00,12141,27.18,71.6,24.23,91.83,62.53,2025.0,5
2025-05-20 21:00:00,12142,26.74,73.03,23.88,93.13,66.07,2025.0,5
2025-05-20 22:00:00,12143,26.07,74.17,23.75,92.73,62.57,2025.0,5
2025-05-20 23:00:00,12144,26.01,73.4,23.43,92.67,54.23,2025.0,5
2025-05-21 00:00:00,12145,25.76,75.97,22.8,96.2,65.5,2025.0,5
2025-05-21 01:00:00,12146,25.47,77.3,22.82,96.3,100.37,2025.0,5
2025-05-21 02:00:00,12147,25.73,75.97,22.84,96.2,96.33,2025.0,5
2025-05-21 03:00:00,12148,25.92,76.03,22.93,96.4,,2025.0,5
2025-05-21 04:00:00,12149,25.64,76.87,22.87,96.53,,2025.0,5
2025-05-21 05:00:00,12150,25.47,78.1,22.45,98.9,,2025.0,5
2025-05-21 06:00:00,12151,25.4,80.1,22.36,100.0,83.61,2025.0,5
2025-05-21 07:00:00,12152,26.69,77.33,23.81,97.97,73.8,2025.0,5
2025-05-21 08:00:00,12153,27.26,73.2,24.05,94.73,68.17,2025.0,5
2025-05-21 09:00:00,12154,27.17,73.33,24.32,93.27,71.57,2025.0,5
2025-05-21 10:00:00,12155,31.75,59.67,28.56,79.67,62.97,2025.0,5
2025-05-21 11:00:00,12156,26.78,73.63,23.47,96.13,48.41,2025.0,5
2025-05-21 12:00:00,12157,25.49,78.63,22.13,100.0,40.04,2025.0,5
2025-05-21 13:00:00,12158,24.11,81.87,21.47,100.0,24.72,2025.0,5
2025-05-21 14:00:00,12159,25.37,76.9,21.62,100.0,35.76,2025.0,5
2025-05-21 15:00:00,12160,27.01,72.53,22.82,100.0,37.8,2025.0,5
2025-05-21 16:00:00,12161,26.09,75.83,22.51,100.0,87.8,2025.0,5
2025-05-21 17:00:00,12162,25.68,77.53,22.21,100.0,77.1,2025.0,5
2025-05-21 18:00:00,12163,25.32,78.4,22.18,100.0,68.09,2025.0,5
2025-05-21 19:00:00,12164,25.78,78.07,22.76,99.6,,2025.0,5
2025-05-21 20:00:00,12165,25.68,78.5,22.67,99.87,96.58,2025.0,5
2025-05-21 21:00:00,12166,25.65,78.23,22.63,99.63,100.87,2025.0,5
2025-05-21 22:00:00,12167,25.47,78.9,22.55,99.7,86.78,2025.0,5
2025-05-21 23:00:00,12168,25.58,77.7,22.57,98.9,92.02,2025.0,5
2025-05-22 00:00:00,12169,25.35,78.67,22.24,99.77,95.55,2025.0,5
2025-05-22 01:00:00,12170,24.76,80.6,21.91,100.0,69.34,2025.0,5
2025-05-22 02:00:00,12171,24.67,80.13,21.89,100.0,58.73,2025.0,5
2025-05-22 03:00:00,12172,25.22,77.6,22.07,99.17,62.1,2025.0,5
2025-05-22 04:00:00,12173,24.93,78.0,21.91,99.03,50.91,2025.0,5
2025-05-22 05:00:00,12174,24.7,79.37,21.82,99.87,56.25,2025.0,5
2025-05-22 06:00:00,12175,25.19,77.73,22.13,98.77,71.4,2025.0,5
2025-05-22 07:00:00,12176,26.32,74.27,23.17,95.4,89.5,2025.0,5
2025-05-22 08:00:00,12177,26.29,73.77,23.48,94.1,80.13,2025.0,5
2025-05-22 09:00:00,12178,28.21,69.33,25.61,89.27,90.0,2025.0,5
2025-05-22 10:00:00,12179,30.02,61.27,26.41,83.63,49.93,2025.0,5
2025-05-22 11:00:00,12180,28.13,66.4,25.34,87.27,36.5,2025.0,5
2025-05-22 12:00:00,12181,31.88,56.53,28.76,76.63,39.43,2025.0,5
2025-05-22 13:00:00,12182,34.62,49.23,30.34,71.13,35.57,2025.0,5
2025-05-22 14:00:00,12183,32.12,54.44,29.09,73.96,46.59,2025.0,5
2025-05-22 15:00:00,12184,30.68,59.82,28.31,77.64,56.39,2025.0,5
2025-05-22 16:00:00,12185,27.19,70.7,24.53,89.47,30.4,2025.0,5
2025-05-22 17:00:00,12186,24.64,80.37,22.05,98.53,21.91,2025.0,5
2025-05-22 18:00:00,12187,24.13,82.13,21.27,100.0,15.32,2025.0,5
2025-05-22 19:00:00,12188,24.81,80.4,21.45,100.0,17.93,2025.0,5
2025-05-22 20:00:00,12189,24.29,82.4,21.43,100.0,27.56,2025.0,5
2025-05-22 21:00:00,12190,23.96,83.53,21.36,100.0,31.74,2025.0,5
2025-05-22 22:00:00,12191,24.12,82.8,21.4,100.0,28.65,2025.0,5
2025-05-22 23:00:00,12192,24.97,80.1,21.65,100.0,36.92,2025.0,5
2025-05-23 00:00:00,12193,24.85,81.47,21.71,100.0,45.67,2025.0,5
2025-05-23 01:00:00,12194,24.8,81.9,21.66,100.0,52.19,2025.0,5
2025-05-23 02:00:00,12195,24.62,82.7,21.61,100.0,51.32,2025.0,5
2025-05-23 03:00:00,12196,24.74,81.93,21.6,100.0,51.12,2025.0,5
2025-05-23 04:00:00,12197,24.62,82.27,21.5,100.0,42.61,2025.0,5
2025-05-23 05:00:00,12198,24.56,82.6,21.45,100.0,49.54,2025.0,5
2025-05-23 06:00:00,12199,24.95,82.23,21.93,100.0,60.23,2025.0,5
2025-05-23 07:00:00,12200,27.74,73.0,24.62,95.13,74.07,2025.0,5
2025-05-23 08:00:00,12201,30.44,62.5,27.49,84.57,63.0,2025.0,5
2025-05-23 09:00:00,12202,31.68,57.8,28.64,80.13,50.07,2025.0,5
2025-05-23 10:00:00,12203,35.16,48.0,32.01,68.9,41.47,2025.0,5
2025-05-23 11:00:00,12204,32.51,54.87,28.81,77.1,48.5,2025.0,5
2025-05-23 12:00:00,12205,24.92,81.7,22.76,99.43,40.09,2025.0,5
2025-05-23 13:00:00,12206,25.26,81.13,22.6,100.0,22.65,2025.0,5
2025-05-23 14:00:00,12207,24.36,83.23,21.86,100.0,8.2,2025.0,5
2025-05-23 15:00:00,12208,24.15,83.43,21.69,100.0,16.35,2025.0,5
2025-05-23 16:00:00,12209,24.67,82.53,21.88,100.0,42.28,2025.0,5
2025-05-23 17:00:00,12210,24.62,82.73,21.65,100.0,38.48,2025.0,5
2025-05-23 18:00:00,12211,24.77,81.9,21.67,100.0,34.95,2025.0,5
2025-05-23 19:00:00,12212,24.62,82.53,21.63,100.0,42.97,2025.0,5
2025-05-23 20:00:00,12213,25.0,81.37,21.65,100.0,39.06,2025.0,5
2025-05-23 21:00:00,12214,24.81,82.07,21.7,100.0,39.2,2025.0,5
2025-05-23 22:00:00,12215,25.03,82.1,21.82,100.0,47.86,2025.0,5
2025-05-23 23:00:00,12216,24.04,84.6,21.52,100.0,44.69,2025.0,5
2025-05-24 00:00:00,12217,23.7,85.8,21.32,100.0,55.59,2025.0,5
2025-05-24 01:00:00,12218,23.55,85.37,21.14,100.0,50.41,2025.0,5
2025-05-24 02:00:00,12219,24.23,83.0,21.14,100.0,44.2,2025.0,5
2025-05-24 03:00:00,12220,24.54,82.0,21.27,100.0,44.76,2025.0,5
2025-05-24 04:00:00,12221,24.41,82.53,21.25,100.0,51.66,2025.0,5
2025-05-24 05:00:00,12222,24.36,82.93,21.29,100.0,48.22,2025.0,5
2025-05-24 06:00:00,12223,24.06,84.43,21.45,100.0,53.93,2025.0,5
2025-05-24 07:00:00,12224,27.26,74.4,23.59,100.0,63.75,2025.0,5
2025-05-24 08:00:00,12225,32.38,57.13,28.02,87.87,57.5,2025.0,5
2025-05-24 09:00:00,12226,30.43,61.07,26.89,85.13,53.47,2025.0,5
2025-05-24 10:00:00,12227,33.33,53.67,29.97,76.13,52.6,2025.0,5
2025-05-24 11:00:00,12228,33.57,52.77,30.78,73.57,54.63,2025.0,5
2025-05-24 12:00:00,12229,36.06,45.37,32.42,67.57,51.53,2025.0,5
2025-05-24 13:00:00,12230,32.86,52.9,30.49,72.53,37.37,2025.0,5
2025-05-24 14:00:00,12231,31.66,55.7,30.44,73.2,16.97,2025.0,5
2025-05-24 15:00:00,12232,30.14,58.13,28.63,76.47,9.6,2025.0,5
2025-05-24 16:00:00,12233,28.78,67.23,25.89,89.1,28.77,2025.0,5
2025-05-24 17:00:00,12234,26.84,73.1,24.63,93.03,43.67,2025.0,5
2025-05-24 18:00:00,12235,25.03,81.2,22.51,99.9,42.64,2025.0,5
2025-05-24 19:00:00,12236,24.97,82.63,22.27,100.0,40.69,2025.0,5
2025-05-24 20:00:00,12237,25.64,82.07,22.6,100.0,37.21,2025.0,5
2025-05-24 21:00:00,12238,25.92,80.9,22.6,100.0,46.23,2025.0,5
2025-05-24 22:00:00,12239,25.61,81.93,22.53,100.0,35.58,2025.0,5
2025-05-24 23:00:00,12240,25.55,81.24,22.43,100.0,37.75,2025.0,5
2025-05-25 00:00:00,12241,25.49,81.0,22.43,100.0,38.66,2025.0,5
2025-05-25 01:00:00,12242,24.94,82.7,22.36,100.0,65.12,2025.0,5
2025-05-25 02:00:00,12243,24.82,82.33,22.05,100.0,62.91,2025.0,5
2025-05-25 03:00:00,12244,24.49,82.4,22.0,100.0,55.48,2025.0,5
2025-05-25 04:00:00,12245,24.8,81.2,22.09,100.0,55.14,2025.0,5
2025-05-25 05:00:00,12246,24.89,81.2,21.92,100.0,61.58,2025.0,5
2025-05-25 06:00:00,12247,25.32,79.87,22.23,99.9,59.31,2025.0,5
2025-05-25 07:00:00,12248,27.26,74.17,24.45,93.83,102.07,2025.0,5
2025-05-25 08:00:00,12249,29.51,65.87,27.66,83.7,91.17,2025.0,5
2025-05-25 09:00:00,12250,33.65,53.63,30.22,76.13,67.47,2025.0,5
2025-05-25 10:00:00,12251,34.74,49.97,31.14,72.7,65.07,2025.0,5
2025-05-25 11:00:00,12252,32.99,52.63,30.12,73.03,61.23,2025.0,5
2025-05-25 12:00:00,12253,31.61,55.03,30.31,71.83,31.03,2025.0,5
2025-05-25 13:00:00,12254,31.83,55.0,30.67,71.53,30.2,2025.0,5
2025-05-25 14:00:00,12255,33.3,52.67,32.25,68.87,38.67,2025.0,5
2025-05-25 15:00:00,12256,32.09,55.17,30.44,72.63,38.5,2025.0,5
2025-05-25 16:00:00,12257,29.59,62.07,28.21,79.0,43.63,2025.0,5
2025-05-25 17:00:00,12258,27.37,71.23,25.76,87.6,60.17,2025.0,5
2025-05-25 18:00:00,12259,26.32,73.7,24.73,89.4,62.37,2025.0,5
2025-05-25 19:00:00,12260,26.09,76.03,24.16,92.47,77.03,2025.0,5
2025-05-25 20:00:00,12261,25.92,77.07,23.69,94.6,102.53,2025.0,5
2025-05-25 21:00:00,12262,25.86,78.63,23.58,95.93,95.37,2025.0,5
2025-05-25 22:00:00,12263,26.01,77.13,23.58,95.23,98.77,2025.0,5
2025-05-25 23:00:00,12264,25.73,79.17,23.43,97.03,102.25,2025.0,5
2025-05-26 00:00:00,12265,25.7,79.2,23.34,97.07,85.97,2025.0,5
2025-05-26 01:00:00,12266,25.91,78.03,22.81,99.1,71.03,2025.0,5
2025-05-26 02:00:00,12267,25.54,78.67,23.14,97.1,73.78,2025.0,5
2025-05-26 03:00:00,12268,25.33,78.07,23.2,95.07,53.53,2025.0,5
2025-05-26 04:00:00,12269,25.55,76.8,23.27,94.37,44.63,2025.0,5
2025-05-26 05:00:00,12270,25.48,76.87,23.26,94.5,45.73,2025.0,5
2025-05-26 06:00:00,12271,26.14,74.97,23.98,92.43,47.53,2025.0,5
2025-05-26 07:00:00,12272,28.35,67.93,26.63,84.13,47.3,2025.0,5
2025-05-26 08:00:00,12273,34.09,51.17,31.87,69.5,39.5,2025.0,5
2025-05-26 09:00:00,12274,33.31,51.97,30.38,72.6,41.7,2025.0,5
2025-05-26 10:00:00,12275,29.13,63.33,28.08,80.0,43.27,2025.0,5
2025-05-26 11:00:00,12276,28.99,64.9,27.89,81.53,44.47,2025.0,5
2025-05-26 12:00:00,12277,28.17,68.13,26.95,84.73,45.27,2025.0,5
2025-05-26 13:00:00,12278,25.75,78.1,24.46,92.63,40.05,2025.0,5
2025-05-26 14:00:00,12279,26.52,75.63,24.29,93.83,43.03,2025.0,5
2025-05-26 15:00:00,12280,25.77,77.2,24.16,92.97,49.1,2025.0,5
2025-05-26 16:00:00,12281,25.99,77.38,24.16,93.62,66.55,2025.0,5
2025-05-26 17:00:00,12282,25.76,77.3,23.94,93.6,52.23,2025.0,5
2025-05-26 18:00:00,12283,25.58,77.8,23.8,93.87,54.47,2025.0,5
2025-05-26 19:00:00,12284,25.69,77.83,23.45,95.23,60.53,2025.0,5
2025-05-26 20:00:00,12285,25.83,75.73,23.45,94.03,67.4,2025.0,5
2025-05-26 21:00:00,12286,25.57,77.4,23.05,95.87,82.82,2025.0,5
2025-05-26 22:00:00,12287,24.81,77.63,22.64,95.03,67.33,2025.0,5
2025-05-26 23:00:00,12288,24.81,73.13,22.27,92.17,63.33,2025.0,5
2025-05-27 00:00:00,12289,24.49,75.4,22.01,94.1,89.0,2025.0,5
2025-05-27 01:00:00,12290,23.91,76.1,21.75,93.77,79.27,2025.0,5
2025-05-27 02:00:00,12291,24.67,72.83,22.15,91.9,59.73,2025.0,5
2025-05-27 03:00:00,12292,24.9,71.7,22.03,92.03,64.23,2025.0,5
2025-05-27 04:00:00,12293,24.96,71.57,22.14,91.77,51.07,2025.0,5
2025-05-27 05:00:00,12294,25.0,71.47,21.92,92.37,47.93,2025.0,5
2025-05-27 06:00:00,12295,26.46,67.3,24.4,85.63,62.17,2025.0,5
2025-05-27 07:00:00,12296,31.41,54.63,27.81,77.4,87.57,2025.0,5
2025-05-27 08:00:00,12297,34.96,43.7,32.09,63.7,38.07,2025.0,5
2025-05-27 09:00:00,12298,32.27,48.4,31.02,65.3,20.57,2025.0,5
2025-05-27 10:00:00,12299,32.73,46.87,31.31,64.03,8.83,2025.0,5
2025-05-27 11:00:00,12300,32.95,45.07,30.78,63.77,12.8,2025.0,5
2025-05-27 12:00:00,12301,32.37,45.5,30.36,63.97,10.43,2025.0,5
2025-05-27 13:00:00,12302,33.52,42.5,31.86,59.7,8.63,2025.0,5
2025-05-27 14:00:00,12303,33.5,42.0,32.4,57.72,12.97,2025.0,5
2025-05-27 15:00:00,12304,34.6,42.67,32.92,59.6,20.7,2025.0,5
2025-05-27 16:00:00,12305,32.57,49.63,30.97,66.9,28.23,2025.0,5
2025-05-27 17:00:00,12306,30.25,58.1,28.33,76.5,35.07,2025.0,5
2025-05-27 19:00:00,12308,27.71,68.22,25.53,86.96,47.81,2025.0,5
2025-05-27 20:00:00,12309,27.33,67.7,25.3,86.13,49.7,2025.0,5
2025-05-27 21:00:00,12310,26.99,69.23,24.92,87.67,66.2,2025.0,5
2025-05-27 22:00:00,12311,26.27,73.55,23.86,92.17,,2025.0,5
2025-05-27 23:00:00,12312,25.61,76.1,23.2,94.21,93.59,2025.0,5
2025-05-28 00:00:00,12313,25.18,77.73,22.82,95.57,,2025.0,5
2025-05-28 01:00:00,12314,24.68,76.57,22.41,94.4,82.8,2025.0,5
2025-05-28 02:00:00,12315,24.47,75.5,22.08,93.83,79.13,2025.0,5
2025-05-28 03:00:00,12316,24.7,72.13,21.54,93.23,50.23,2025.0,5
2025-05-28 04:00:00,12317,24.39,73.79,21.49,94.0,61.66,2025.0,5
2025-05-28 05:00:00,12318,23.28,76.4,20.81,95.2,66.2,2025.0,5
2025-05-28 06:00:00,12319,24.1,74.93,22.07,92.69,103.38,2025.0,5
2025-05-28 07:00:00,12320,28.44,61.47,26.66,79.67,88.23,2025.0,5
2025-05-28 08:00:00,12321,35.24,47.3,31.75,69.07,79.5,2025.0,5
2025-05-28 09:00:00,12322,36.3,44.9,31.98,68.17,74.97,2025.0,5
2025-05-28 10:00:00,12323,39.0,38.37,34.01,61.53,61.27,2025.0,5
2025-05-28 11:00:00,12324,38.81,38.27,33.03,63.07,64.23,2025.0,5
2025-05-28 12:00:00,12325,36.34,41.2,31.92,63.97,63.0,2025.0,5
2025-05-28 13:00:00,12326,37.14,37.73,33.74,57.6,37.5,2025.0,5
2025-05-28 14:00:00,12327,37.26,35.57,34.55,53.23,30.6,2025.0,5
2025-05-28 15:00:00,12328,35.7,39.5,34.02,55.77,34.13,2025.0,5
2025-05-28 16:00:00,12329,33.55,46.75,31.86,63.57,40.36,2025.0,5
2025-05-28 17:00:00,12330,30.17,58.07,28.12,76.07,49.9,2025.0,5
2025-05-28 18:00:00,12331,28.95,65.23,26.75,83.67,69.83,2025.0,5
2025-05-28 19:00:00,12332,28.44,69.47,25.95,88.57,80.17,2025.0,5
2025-05-28 20:00:00,12333,27.75,72.8,25.57,90.5,78.2,2025.0,5
2025-05-28 21:00:00,12334,26.32,73.37,24.42,90.37,62.33,2025.0,5
2025-05-28 22:00:00,12335,25.77,74.6,23.77,91.57,64.5,2025.0,5
2025-05-28 23:00:00,12336,25.85,76.5,23.56,93.97,68.67,2025.0,5
2025-05-29 00:00:00,12337,25.91,76.77,23.47,94.9,74.27,2025.0,5
2025-05-29 01:00:00,12338,25.77,77.6,23.25,95.97,75.47,2025.0,5
2025-05-29 02:00:00,12339,25.28,80.2,22.94,97.83,81.49,2025.0,5
2025-05-29 03:00:00,12340,25.45,79.67,22.74,98.97,102.14,2025.0,5
2025-05-29 04:00:00,12341,25.76,78.77,22.83,98.73,,2025.0,5
2025-05-29 05:00:00,12342,25.77,79.17,22.9,99.0,99.31,2025.0,5
2025-05-29 06:00:00,12343,25.66,79.7,22.99,98.7,,2025.0,5
2025-05-29 07:00:00,12344,27.7,72.53,24.71,93.0,,2025.0,5
2025-05-29 08:00:00,12345,31.17,61.33,27.88,83.4,84.4,2025.0,5
2025-05-29 09:00:00,12346,34.65,50.33,31.34,71.77,68.53,2025.0,5
2025-05-29 10:00:00,12347,38.77,40.93,33.74,64.83,62.7,2025.0,5
2025-05-29 11:00:00,12348,39.35,37.87,33.67,62.5,62.2,2025.0,5
2025-05-29 12:00:00,12349,37.07,40.0,33.52,60.43,61.1,2025.0,5
2025-05-29 13:00:00,12350,35.11,44.83,32.59,63.83,55.93,2025.0,5
2025-05-29 14:00:00,12351,33.03,50.03,30.83,70.03,54.1,2025.0,5
2025-05-29 15:00:00,12352,30.88,61.7,25.64,98.87,62.43,2025.0,5
2025-05-29 16:00:00,12353,30.65,63.67,28.39,82.1,67.1,2025.0,5
2025-05-29 17:00:00,12354,25.44,75.6,23.74,91.1,52.1,2025.0,5
2025-05-29 18:00:00,12355,25.54,73.97,23.01,92.27,48.5,2025.0,5
2025-05-29 19:00:00,12356,25.97,70.93,23.39,89.5,49.6,2025.0,5
2025-05-29 20:00:00,12357,26.4,70.6,23.47,90.2,57.87,2025.0,5
2025-05-29 21:00:00,12358,25.7,74.83,23.18,93.0,85.0,2025.0,5
2025-05-29 22:00:00,12359,24.71,79.83,23.06,95.1,87.29,2025.0,5
2025-05-29 23:00:00,12360,25.24,78.6,22.76,96.5,,2025.0,5
2025-05-30 00:00:00,12361,25.4,78.13,22.66,97.0,,2025.0,5
2025-05-30 01:00:00,12362,24.76,80.63,22.03,99.73,88.36,2025.0,5
2025-05-30 02:00:00,12363,24.75,80.73,21.7,100.0,64.99,2025.0,5
2025-05-30 03:00:00,12364,24.61,80.97,21.6,100.0,67.13,2025.0,5
2025-05-30 04:00:00,12365,23.89,82.13,20.94,100.0,90.96,2025.0,5
2025-05-30 05:00:00,12366,23.33,83.07,20.68,100.0,68.92,2025.0,5
2025-05-30 06:00:00,12367,24.31,79.33,22.66,94.67,90.69,2025.0,5
2025-05-30 07:00:00,12368,30.88,59.3,28.92,74.97,88.47,2025.0,5
2025-05-30 08:00:00,12369,35.14,47.1,30.84,68.07,60.0,2025.0,5
2025-05-30 09:00:00,12370,35.23,45.93,31.45,65.73,47.33,2025.0,5
2025-05-30 10:00:00,12371,38.82,37.97,33.76,61.33,39.73,2025.0,5
2025-05-30 11:00:00,12372,39.58,35.83,33.49,60.63,42.8,2025.0,5
2025-05-30 12:00:00,12373,39.18,37.53,33.87,61.0,54.8,2025.0,5
2025-05-30 13:00:00,12374,35.12,47.43,32.6,67.07,56.97,2025.0,5
2025-05-30 14:00:00,12375,31.33,57.13,29.28,76.0,49.0,2025.0,5
2025-05-30 15:00:00,12376,28.12,70.97,23.82,99.97,69.63,2025.0,5
2025-05-30 17:00:00,12378,28.4,73.43,24.65,100.0,77.43,2025.0,5
2025-05-30 18:00:00,12379,26.09,80.37,23.62,99.7,59.19,2025.0,5
2025-05-30 19:00:00,12380,26.39,77.27,23.87,96.1,72.27,2025.0,5
2025-05-30 20:00:00,12381,26.45,76.67,23.73,95.97,77.4,2025.0,5
2025-05-30 21:00:00,12382,26.78,74.3,24.04,93.43,71.83,2025.0,5
2025-05-30 22:00:00,12383,26.84,75.87,23.87,95.77,85.7,2025.0,5
2025-05-30 23:00:00,12384,26.51,78.17,23.66,97.8,88.72,2025.0,5
2025-05-31 00:00:00,12385,26.43,78.9,23.59,98.67,97.09,2025.0,5
2025-05-31 01:00:00,12386,26.08,79.43,23.36,98.67,84.26,2025.0,5
2025-05-31 02:00:00,12387,25.72,77.47,22.55,98.5,93.13,2025.0,5
2025-05-31 03:00:00,12388,23.93,77.67,21.73,95.17,83.57,2025.0,5
2025-05-31 04:00:00,12389,23.61,78.83,21.3,96.63,76.08,2025.0,5
2025-05-31 05:00:00,12390,23.73,72.83,21.63,89.87,64.8,2025.0,5
2025-05-31 06:00:00,12391,24.28,71.33,22.24,88.2,97.47,2025.0,5
2025-05-31 07:00:00,12392,29.96,57.8,27.1,76.47,99.67,2025.0,5
2025-05-31 08:00:00,12393,34.6,48.9,31.0,68.77,91.33,2025.0,5
2025-05-31 09:00:00,12394,37.33,43.3,33.45,63.93,90.93,2025.0,5
2025-05-31 10:00:00,12395,38.1,37.9,33.74,59.37,64.57,2025.0,5
2025-05-31 11:00:00,12396,35.33,36.57,31.75,56.17,37.33,2025.0,5
2025-05-31 12:00:00,12397,35.78,37.7,32.02,57.93,41.23,2025.0,5
2025-05-31 13:00:00,12398,35.73,38.62,33.16,56.59,39.62,2025.0,5
2025-05-31 14:00:00,12399,36.24,40.43,34.03,57.77,40.37,2025.0,5
2025-05-31 15:00:00,12400,29.7,58.25,27.4,77.36,46.25,2025.0,5
2025-05-31 16:00:00,12401,27.35,69.57,22.72,100.0,55.82,2025.0,5
2025-05-31 17:00:00,12402,25.69,75.17,21.99,100.0,43.63,2025.0,5
2025-05-31 18:00:00,12403,24.37,80.1,21.14,100.0,26.92,2025.0,5
2025-05-31 19:00:00,12404,24.73,76.67,21.1,100.0,36.3,2025.0,5
2025-05-31 20:00:00,12405,24.94,77.03,21.65,100.0,72.4,2025.0,5
2025-05-31 21:00:00,12406,25.22,78.3,21.96,100.0,61.22,2025.0,5
2025-05-31 22:00:00,12407,25.25,78.23,22.03,100.0,49.7,2025.0,5
2025-05-31 23:00:00,12408,25.01,79.33,21.86,100.0,45.85,2025.0,5
2025-06-01 00:00:00,12409,24.68,81.0,21.65,100.0,51.04,2025.0,6
2025-06-01 01:00:00,12410,24.54,80.87,21.53,100.0,53.04,2025.0,6
2025-06-01 02:00:00,12411,24.24,82.23,21.21,100.0,59.16,2025.0,6
2025-06-01 03:00:00,12412,24.46,81.73,21.53,100.0,49.2,2025.0,6
2025-06-01 04:00:00,12413,23.72,82.9,21.16,100.0,56.3,2025.0,6
2025-06-01 05:00:00,12414,23.14,83.4,20.87,100.0,57.98,2025.0,6
2025-06-01 06:00:00,12415,23.96,79.27,21.47,97.9,67.23,2025.0,6
2025-06-01 07:00:00,12416,27.17,70.27,23.95,90.8,89.53,2025.0,6
2025-06-01 08:00:00,12417,28.38,66.2,25.3,86.2,122.63,2025.0,6
2025-06-01 09:00:00,12418,30.22,60.47,27.24,79.8,94.03,2025.0,6
2025-06-01 10:00:00,12419,32.95,49.33,29.46,68.6,55.53,2025.0,6
2025-06-01 11:00:00,12420,33.81,46.1,30.63,66.47,51.9,2025.0,6
2025-06-01 12:00:00,12421,34.2,44.0,30.59,65.13,49.77,2025.0,6
2025-06-01 13:00:00,12422,36.07,40.63,33.06,60.03,49.2,2025.0,6
2025-06-01 14:00:00,12423,32.92,48.83,30.42,67.27,49.23,2025.0,6
2025-06-01 15:00:00,12424,28.4,63.1,27.04,77.2,47.87,2025.0,6
2025-06-01 16:00:00,12425,26.53,69.37,25.15,83.17,53.7,2025.0,6
2025-06-01 17:00:00,12426,26.15,69.2,24.18,84.93,60.17,2025.0,6
2025-06-01 18:00:00,12427,25.65,73.6,23.8,89.03,78.03,2025.0,6
2025-06-01 19:00:00,12428,25.96,72.8,23.67,89.83,81.33,2025.0,6
2025-06-01 20:00:00,12429,26.04,71.67,23.77,88.43,91.4,2025.0,6
2025-06-01 21:00:00,12430,25.89,72.86,23.14,91.48,116.38,2025.0,6
2025-06-01 22:00:00,12431,25.86,74.2,22.75,94.2,112.03,2025.0,6
2025-06-01 23:00:00,12432,25.51,76.7,22.48,96.8,103.4,2025.0,6
2025-06-02 00:00:00,12433,25.04,78.07,22.12,97.77,95.02,2025.0,6
2025-06-02 01:00:00,12434,23.89,79.23,21.26,98.33,99.54,2025.0,6
2025-06-02 02:00:00,12435,23.87,76.28,20.82,96.48,101.62,2025.0,6
2025-06-02 03:00:00,12436,24.24,78.17,21.14,98.53,108.15,2025.0,6
2025-06-02 04:00:00,12437,23.49,81.5,20.5,100.0,82.39,2025.0,6
2025-06-02 05:00:00,12438,22.84,79.87,20.15,99.0,99.41,2025.0,6
2025-06-02 06:00:00,12439,23.68,76.8,20.96,95.97,124.38,2025.0,6
2025-06-02 07:00:00,12440,26.17,70.6,23.05,90.83,129.2,2025.0,6
2025-06-02 08:00:00,12441,27.25,67.07,24.04,87.57,115.1,2025.0,6
2025-06-02 09:00:00,12442,32.5,53.1,29.21,72.77,99.57,2025.0,6
2025-06-02 10:00:00,12443,33.71,48.43,29.75,71.23,78.37,2025.0,6
2025-06-02 11:00:00,12444,33.36,47.4,29.85,69.63,52.27,2025.0,6
2025-06-02 12:00:00,12445,35.45,39.97,31.27,62.3,29.33,2025.0,6
2025-06-02 13:00:00,12446,38.37,33.67,33.65,54.47,24.33,2025.0,6
2025-06-02 14:00:00,12447,,29.87,36.08,49.2,35.63,2025.0,6
2025-06-02 15:00:00,12448,34.48,45.29,32.48,62.86,55.11,2025.0,6
2025-06-02 16:00:00,12449,32.11,49.63,30.51,66.67,46.3,2025.0,6
2025-06-02 17:00:00,12450,29.08,60.9,27.12,76.83,49.0,2025.0,6
2025-06-02 18:00:00,12451,27.8,69.76,25.66,85.86,62.31,2025.0,6
2025-06-02 19:00:00,12452,27.06,72.96,24.85,89.46,64.68,2025.0,6
2025-06-02 20:00:00,12453,26.82,74.54,24.49,91.64,68.21,2025.0,6
2025-06-02 21:00:00,12454,26.2,77.82,24.16,93.96,81.93,2025.0,6
2025-06-02 22:00:00,12455,26.37,76.87,23.85,94.77,99.63,2025.0,6
2025-06-02 23:00:00,12456,26.27,76.4,23.21,96.33,114.93,2025.0,6
2025-06-03 00:00:00,12457,25.34,75.1,22.54,94.1,127.63,2025.0,6
2025-06-03 01:00:00,12458,24.55,74.73,22.19,92.6,107.8,2025.0,6
2025-06-03 02:00:00,12459,24.29,70.6,21.61,89.1,64.2,2025.0,6
2025-06-03 03:00:00,12460,23.89,74.13,21.55,91.57,86.43,2025.0,6
2025-06-03 04:00:00,12461,23.72,74.53,21.47,91.73,87.47,2025.0,6
2025-06-03 05:00:00,12462,23.39,74.52,21.0,92.07,85.03,2025.0,6
2025-06-03 06:00:00,12463,23.99,74.43,21.35,93.1,103.3,2025.0,6
2025-06-03 07:00:00,12464,25.98,69.57,23.17,88.53,108.97,2025.0,6
2025-06-03 08:00:00,12465,28.58,63.57,25.61,82.87,122.9,2025.0,6
2025-06-03 09:00:00,12466,31.37,55.73,27.97,75.73,107.87,2025.0,6
2025-06-03 10:00:00,12467,34.45,47.17,30.88,66.43,90.2,2025.0,6
2025-06-03 11:00:00,12468,36.29,41.23,32.19,61.3,59.17,2025.0,6
2025-06-03 12:00:00,12469,37.35,39.2,33.21,60.77,84.73,2025.0,6
2025-06-03 13:00:00,12470,38.06,38.1,33.5,60.1,98.7,2025.0,6
2025-06-03 14:00:00,12471,34.02,43.63,30.17,65.33,71.9,2025.0,6
2025-06-03 15:00:00,12472,30.12,59.07,28.29,74.8,81.9,2025.0,6
2025-06-03 16:00:00,12473,29.26,63.2,27.43,78.57,80.67,2025.0,6
2025-06-03 17:00:00,12474,29.1,62.6,26.56,80.0,70.5,2025.0,6
2025-06-03 18:00:00,12475,28.15,68.33,25.51,86.0,101.67,2025.0,6
2025-06-03 19:00:00,12476,27.77,69.83,25.14,87.83,88.47,2025.0,6
2025-06-03 20:00:00,12477,27.13,70.17,24.0,89.67,75.9,2025.0,6
2025-06-03 21:00:00,12478,26.35,73.27,23.43,92.47,97.03,2025.0,6
2025-06-03 22:00:00,12479,25.61,74.2,22.98,92.4,89.57,2025.0,6
2025-06-03 23:00:00,12480,25.42,75.1,22.65,93.83,102.93,2025.0,6
2025-06-04 00:00:00,12481,24.86,78.13,22.09,97.07,115.39,2025.0,6
2025-06-04 01:00:00,12482,24.49,79.4,21.49,99.43,134.08,2025.0,6
2025-06-04 02:00:00,12483,24.47,79.23,21.4,99.73,127.63,2025.0,6
2025-06-04 03:00:00,12484,24.16,78.2,20.96,99.27,119.83,2025.0,6
2025-06-04 04:00:00,12485,23.3,79.97,20.51,99.67,98.87,2025.0,6
2025-06-04 05:00:00,12486,23.51,78.17,20.53,98.31,110.24,2025.0,6
2025-06-04 06:00:00,12487,24.19,75.6,21.59,94.13,112.7,2025.0,6
2025-06-04 07:00:00,12488,29.25,59.13,25.5,80.4,96.7,2025.0,6
2025-06-04 08:00:00,12489,34.22,45.87,30.59,65.2,74.1,2025.0,6
2025-06-04 09:00:00,12490,35.6,41.6,31.6,62.8,56.5,2025.0,6
2025-06-04 10:00:00,12491,34.38,42.73,30.95,63.47,43.03,2025.0,6
2025-06-04 11:00:00,12492,38.81,33.53,32.31,57.83,32.97,2025.0,6
2025-06-04 12:00:00,12493,37.69,36.07,32.21,59.27,38.23,2025.0,6
2025-06-04 13:00:00,12494,35.08,41.17,31.41,62.27,45.33,2025.0,6
2025-06-04 14:00:00,12495,31.78,51.9,29.15,69.93,67.38,2025.0,6
2025-06-04 15:00:00,12496,30.89,54.37,28.85,71.97,61.8,2025.0,6
2025-06-04 16:00:00,12497,30.98,49.7,28.6,68.97,42.37,2025.0,6
2025-06-04 17:00:00,12498,30.64,55.2,27.67,74.43,51.17,2025.0,6
2025-06-04 18:00:00,12499,28.77,61.8,25.86,80.1,50.77,2025.0,6
2025-06-04 19:00:00,12500,27.97,66.07,25.24,84.07,59.5,2025.0,6
2025-06-04 20:00:00,12501,27.24,68.8,25.12,85.0,72.47,2025.0,6
2025-06-04 21:00:00,12502,26.61,68.73,24.57,84.6,71.53,2025.0,6
2025-06-04 22:00:00,12503,26.17,76.87,23.81,93.93,106.9,2025.0,6
2025-06-04 23:00:00,12504,25.74,79.3,23.18,97.47,107.66,2025.0,6
2025-06-05 00:00:00,12505,25.71,79.43,22.98,98.23,118.59,2025.0,6
2025-06-05 01:00:00,12506,25.46,78.07,22.67,97.03,114.53,2025.0,6
2025-06-05 02:00:00,12507,25.02,78.7,22.23,97.8,102.83,2025.0,6
2025-06-05 03:00:00,12508,24.42,80.9,22.04,98.43,94.24,2025.0,6
2025-06-05 04:00:00,12509,25.24,77.1,22.36,96.47,103.63,2025.0,6
2025-06-05 05:00:00,12510,24.86,78.23,22.0,97.87,99.81,2025.0,6
2025-06-05 06:00:00,12511,25.52,75.73,22.8,94.6,99.27,2025.0,6
2025-06-05 07:00:00,12512,27.26,70.53,24.06,90.77,111.17,2025.0,6
2025-06-05 08:00:00,12513,28.95,64.6,25.88,84.43,117.23,2025.0,6
2025-06-05 09:00:00,12514,33.9,50.17,30.71,68.83,89.43,2025.0,6
2025-06-05 10:00:00,12515,37.37,39.63,32.69,62.3,52.53,2025.0,6
2025-06-05 11:00:00,12516,35.08,42.9,31.37,64.6,44.17,2025.0,6
2025-06-05 12:00:00,12517,35.27,42.93,31.36,65.07,42.63,2025.0,6
2025-06-05 13:00:00,12518,31.87,53.27,29.57,72.3,92.73,2025.0,6
2025-06-05 14:00:00,12519,29.18,62.97,27.3,78.8,81.67,2025.0,6
2025-06-05 15:00:00,12520,29.3,59.87,27.89,74.07,67.9,2025.0,6
2025-06-05 16:00:00,12521,29.19,59.53,27.27,75.07,76.43,2025.0,6
2025-06-05 17:00:00,12522,28.31,64.27,25.94,81.23,101.83,2025.0,6
2025-06-05 18:00:00,12523,27.59,68.83,25.22,85.93,143.0,2025.0,6
2025-06-05 19:00:00,12524,27.42,70.3,24.84,87.97,130.07,2025.0,6
2025-06-05 20:00:00,12525,27.5,71.5,24.72,90.1,113.83,2025.0,6
2025-06-05 21:00:00,12526,26.39,73.97,23.65,92.57,69.87,2025.0,6
2025-06-05 22:00:00,12527,26.37,75.43,23.58,94.3,85.47,2025.0,6
2025-06-05 23:00:00,12528,26.39,75.77,23.76,94.03,89.63,2025.0,6
2025-06-06 00:00:00,12529,26.02,76.73,23.1,96.57,86.03,2025.0,6
2025-06-06 01:00:00,12530,25.48,76.27,21.74,100.0,60.47,2025.0,6
2025-06-06 02:00:00,12531,25.48,75.87,22.23,98.1,62.73,2025.0,6
2025-06-06 03:00:00,12532,24.48,80.97,21.89,99.27,60.93,2025.0,6
2025-06-06 04:00:00,12533,24.15,82.2,21.4,100.0,58.58,2025.0,6
2025-06-06 05:00:00,12534,24.16,81.17,21.11,100.0,55.36,2025.0,6
2025-06-06 06:00:00,12535,24.66,78.83,22.09,97.17,64.02,2025.0,6
2025-06-06 07:00:00,12536,29.07,64.57,25.8,84.57,68.5,2025.0,6
2025-06-06 08:00:00,12537,32.85,53.57,28.99,74.5,65.23,2025.0,6
2025-06-06 09:00:00,12538,35.84,43.6,31.57,64.67,44.27,2025.0,6
2025-06-06 10:00:00,12539,37.88,38.4,32.64,62.0,37.97,2025.0,6
2025-06-06 11:00:00,12540,38.96,36.13,33.58,59.27,35.93,2025.0,6
2025-06-06 12:00:00,12541,,32.4,34.71,55.43,35.97,2025.0,6
2025-06-06 13:00:00,12542,34.7,46.77,31.35,66.0,49.77,2025.0,6
2025-06-06 14:00:00,12543,25.78,76.23,22.74,97.5,48.62,2025.0,6
2025-06-06 15:00:00,12544,27.94,68.13,23.65,100.0,55.47,2025.0,6
2025-06-06 16:00:00,12545,28.56,66.67,24.1,100.0,54.7,2025.0,6
2025-06-06 17:00:00,12546,26.36,68.52,23.84,90.41,51.0,2025.0,6
2025-06-06 18:00:00,12547,25.1,76.46,22.24,95.54,42.64,2025.0,6
2025-06-06 19:00:00,12548,23.72,81.27,20.54,100.0,26.22,2025.0,6
2025-06-06 20:00:00,12549,23.92,81.17,20.66,100.0,28.21,2025.0,6
2025-06-06 21:00:00,12550,24.09,81.33,20.78,100.0,29.9,2025.0,6
2025-06-06 22:00:00,12551,24.14,81.9,20.96,100.0,34.68,2025.0,6
2025-06-06 23:00:00,12552,24.22,81.13,20.83,100.0,32.81,2025.0,6
2025-06-07 00:00:00,12553,24.33,81.17,20.88,100.0,36.54,2025.0,6
2025-06-07 01:00:00,12554,24.37,80.8,20.84,100.0,32.94,2025.0,6
2025-06-07 02:00:00,12555,24.33,81.03,20.88,100.0,35.11,2025.0,6
2025-06-07 03:00:00,12556,24.15,81.17,20.72,100.0,33.08,2025.0,6
2025-06-07 04:00:00,12557,24.11,81.57,20.74,100.0,36.67,2025.0,6
2025-06-07 05:00:00,12558,23.39,83.87,20.54,100.0,46.14,2025.0,6
2025-06-07 06:00:00,12559,22.88,83.9,20.26,100.0,35.35,2025.0,6
2025-06-07 07:00:00,12560,26.12,73.37,22.23,100.0,54.39,2025.0,6
2025-06-07 08:00:00,12561,28.94,63.4,24.96,94.57,50.27,2025.0,6
2025-06-07 09:00:00,12562,33.53,48.47,30.05,67.5,41.2,2025.0,6
2025-06-07 10:00:00,12563,36.86,41.13,31.82,63.33,40.37,2025.0,6
2025-06-07 11:00:00,12564,37.68,36.07,31.29,60.53,27.47,2025.0,6
2025-06-07 12:00:00,12565,39.7,31.17,32.45,55.63,22.17,2025.0,6
2025-06-07 13:00:00,12566,37.75,38.23,33.25,58.9,39.67,2025.0,6
2025-06-07 14:00:00,12567,36.14,42.27,33.19,60.7,42.07,2025.0,6
2025-06-07 15:00:00,12568,28.35,63.73,24.26,89.93,42.37,2025.0,6
2025-06-07 16:00:00,12569,24.76,79.2,21.55,100.0,38.91,2025.0,6
2025-06-07 17:00:00,12570,25.42,79.13,22.04,100.0,45.02,2025.0,6
2025-06-07 18:00:00,12571,25.16,80.9,22.13,100.0,41.52,2025.0,6
2025-06-07 19:00:00,12572,25.0,80.77,21.93,100.0,48.4,2025.0,6
2025-06-07 20:00:00,12573,25.17,79.1,21.86,100.0,47.22,2025.0,6
2025-06-07 21:00:00,12574,25.48,79.53,22.16,100.0,70.9,2025.0,6
2025-06-07 22:00:00,12575,25.17,75.97,21.88,100.0,56.3,2025.0,6
2025-06-07 23:00:00,12576,24.94,71.27,22.26,95.23,34.13,2025.0,6
2025-06-08 00:00:00,12577,24.75,70.9,22.09,90.13,27.73,2025.0,6
2025-06-08 01:00:00,12578,24.26,71.47,21.62,90.33,22.7,2025.0,6
2025-06-08 02:00:00,12579,23.54,77.3,20.89,96.37,59.81,2025.0,6
2025-06-08 03:00:00,12580,22.88,84.43,20.61,100.0,59.63,2025.0,6
2025-06-08 04:00:00,12581,22.76,79.87,20.29,98.5,42.28,2025.0,6
2025-06-08 05:00:00,12582,22.15,79.93,19.29,99.63,41.75,2025.0,6
2025-06-08 06:00:00,12583,22.95,79.0,21.91,92.07,69.56,2025.0,6
2025-06-08 07:00:00,12584,29.5,58.03,26.8,76.0,65.9,2025.0,6
2025-06-08 08:00:00,12585,33.22,46.93,29.36,66.3,47.13,2025.0,6
2025-06-08 09:00:00,12586,35.51,41.23,31.52,62.8,41.3,2025.0,6
2025-06-08 10:00:00,12587,37.24,36.47,31.86,59.67,29.8,2025.0,6
2025-06-08 11:00:00,12588,37.21,36.03,30.82,61.2,22.37,2025.0,6
2025-06-08 12:00:00,12589,38.93,32.73,31.67,58.3,14.73,2025.0,6
2025-06-08 13:00:00,12590,38.5,31.3,33.1,52.73,6.97,2025.0,6
2025-06-08 14:00:00,12591,38.86,33.53,34.84,52.63,22.43,2025.0,6
2025-06-08 15:00:00,12592,35.74,41.17,33.39,59.03,37.52,2025.0,6
2025-06-08 16:00:00,12593,34.03,44.6,32.07,62.0,41.0,2025.0,6
2025-06-08 17:00:00,12594,31.0,54.1,27.83,73.7,33.8,2025.0,6
2025-06-08 18:00:00,12595,28.99,59.07,26.13,77.07,42.27,2025.0,6
2025-06-08 19:00:00,12596,27.4,63.63,25.05,80.4,64.03,2025.0,6
2025-06-08 20:00:00,12597,27.01,66.97,24.34,84.87,59.4,2025.0,6
2025-06-08 21:00:00,12598,26.24,69.3,23.46,87.87,47.53,2025.0,6
2025-06-08 22:00:00,12599,25.84,70.6,22.96,89.63,56.53,2025.0,6
2025-06-08 23:00:00,12600,25.55,72.27,22.69,91.43,83.33,2025.0,6
2025-06-09 00:00:00,12601,24.96,75.57,21.84,95.97,119.93,2025.0,6
2025-06-09 01:00:00,12602,24.11,77.23,21.31,96.7,96.59,2025.0,6
2025-06-09 02:00:00,12603,23.95,77.6,20.75,98.73,108.37,2025.0,6
2025-06-09 03:00:00,12604,23.34,78.67,20.22,99.4,101.47,2025.0,6
2025-06-09 04:00:00,12605,22.59,79.7,19.99,98.5,60.02,2025.0,6
2025-06-09 05:00:00,12606,23.28,77.93,20.01,99.62,80.34,2025.0,6
2025-06-09 06:00:00,12607,23.59,79.03,20.46,99.23,92.01,2025.0,6
2025-06-09 07:00:00,12608,26.49,70.13,23.78,89.1,137.17,2025.0,6
2025-06-09 08:00:00,12609,29.56,59.67,25.54,81.9,124.83,2025.0,6
2025-06-09 09:00:00,12610,30.37,55.53,27.44,74.3,71.63,2025.0,6
2025-06-09 10:00:00,12611,31.19,53.77,28.19,72.23,51.83,2025.0,6
2025-06-09 11:00:00,12612,30.92,53.87,28.68,70.9,36.7,2025.0,6
2025-06-09 12:00:00,12613,34.08,45.5,30.13,67.1,26.33,2025.0,6
2025-06-09 13:00:00,12614,35.35,41.79,31.85,62.66,25.24,2025.0,6
2025-06-09 14:00:00,12615,35.54,40.77,32.92,59.5,30.37,2025.0,6
2025-06-09 15:00:00,12616,33.94,45.87,31.25,64.03,34.77,2025.0,6
2025-06-09 16:00:00,12617,31.0,54.38,28.25,72.52,40.31,2025.0,6
2025-06-09 17:00:00,12618,28.79,63.73,26.31,80.8,61.63,2025.0,6
2025-06-09 18:00:00,12619,27.42,68.63,25.26,84.93,62.2,2025.0,6
2025-06-09 19:00:00,12620,27.3,70.0,24.69,87.83,70.27,2025.0,6
2025-06-09 20:00:00,12621,26.79,73.47,24.31,90.93,74.13,2025.0,6
2025-06-09 21:00:00,12622,26.6,75.6,24.03,93.83,77.23,2025.0,6
2025-06-09 22:00:00,12623,26.41,77.17,24.1,94.2,76.73,2025.0,6
2025-06-09 23:00:00,12624,25.88,78.2,23.48,95.77,103.82,2025.0,6
2025-06-10 00:00:00,12625,26.13,74.0,23.05,94.0,126.47,2025.0,6
2025-06-10 01:00:00,12626,25.06,75.53,22.01,95.63,118.4,2025.0,6
2025-06-10 02:00:00,12627,24.0,77.23,21.29,96.2,101.43,2025.0,6
2025-06-10 03:00:00,12628,23.87,77.93,21.08,97.33,117.93,2025.0,6
2025-06-10 04:00:00,12629,24.07,75.73,21.26,95.17,87.77,2025.0,6
2025-06-10 05:00:00,12630,24.32,76.77,21.4,96.57,86.37,2025.0,6
2025-06-10 06:00:00,12631,25.36,72.33,22.38,92.1,75.07,2025.0,6
2025-06-10 07:00:00,12632,26.94,68.67,24.14,87.8,113.03,2025.0,6
2025-06-10 08:00:00,12633,32.55,52.77,29.26,71.47,83.53,2025.0,6
2025-06-10 09:00:00,12634,35.39,44.1,31.56,62.73,47.53,2025.0,6
2025-06-10 10:00:00,12635,34.94,44.14,31.33,62.45,32.79,2025.0,6
2025-06-10 14:00:00,12639,31.44,48.33,28.23,67.46,26.67,2025.0,6
2025-06-10 15:00:00,12640,27.45,68.52,25.63,83.72,72.52,2025.0,6
2025-06-10 16:00:00,12641,27.75,67.55,25.81,83.24,78.31,2025.0,6
2025-06-10 17:00:00,12642,26.91,70.69,24.78,86.86,78.79,2025.0,6
2025-06-10 18:00:00,12643,26.59,71.72,24.55,87.9,90.0,2025.0,6
2025-06-10 19:00:00,12644,25.87,75.37,22.64,96.9,86.1,2025.0,6
2025-06-10 20:00:00,12645,25.08,78.45,22.07,100.0,75.49,2025.0,6
2025-06-10 21:00:00,12646,25.26,78.03,22.54,99.93,75.62,2025.0,6
2025-06-10 22:00:00,12647,25.08,79.41,23.03,96.24,61.17,2025.0,6
2025-06-10 23:00:00,12648,25.04,80.43,22.46,99.23,59.12,2025.0,6
2025-06-11 00:00:00,12649,25.24,79.9,22.9,98.1,64.11,2025.0,6
2025-06-11 01:00:00,12650,25.12,80.03,22.65,98.37,61.11,2025.0,6
2025-06-11 02:00:00,12651,24.9,81.13,22.47,99.6,44.04,2025.0,6
2025-06-11 03:00:00,12652,25.25,80.07,22.61,99.17,55.98,2025.0,6
2025-06-11 04:00:00,12653,25.11,79.47,22.51,98.4,45.06,2025.0,6
2025-06-11 05:00:00,12654,25.27,78.36,22.38,98.04,61.9,2025.0,6
2025-06-11 06:00:00,12655,24.88,79.1,22.37,97.72,69.62,2025.0,6
2025-06-11 07:00:00,12656,27.2,73.77,24.51,92.57,107.17,2025.0,6
2025-06-11 08:00:00,12657,28.72,68.47,25.93,87.4,100.73,2025.0,6
2025-06-11 09:00:00,12658,34.51,51.07,32.32,67.25,69.39,2025.0,6
2025-06-11 10:00:00,12659,34.91,49.63,31.43,69.23,75.77,2025.0,6
2025-06-11 11:00:00,12660,33.1,52.31,30.55,71.45,66.97,2025.0,6
2025-06-11 12:00:00,12661,30.9,56.4,29.19,73.93,48.9,2025.0,6
2025-06-11 13:00:00,12662,28.74,64.43,27.13,79.57,52.96,2025.0,6
2025-06-11 14:00:00,12663,30.1,60.67,27.91,77.04,59.62,2025.0,6
2025-06-11 15:00:00,12664,32.76,53.17,29.63,72.09,46.13,2025.0,6
2025-06-11 16:00:00,12665,29.27,56.83,26.95,73.5,31.73,2025.0,6
2025-06-11 17:00:00,12666,27.61,59.47,25.41,75.8,28.53,2025.0,6
2025-06-11 18:00:00,12667,26.58,63.96,24.56,79.88,33.04,2025.0,6
2025-06-11 19:00:00,12668,26.21,66.73,24.01,83.2,37.87,2025.0,6
2025-06-11 20:00:00,12669,25.85,72.96,23.24,90.82,54.64,2025.0,6
2025-06-11 21:00:00,12670,25.18,76.38,22.95,93.24,64.79,2025.0,6
2025-06-11 22:00:00,12671,25.3,76.57,22.54,95.46,75.32,2025.0,6
2025-06-11 23:00:00,12672,25.07,76.72,22.35,95.59,69.17,2025.0,6
2025-06-12 00:00:00,12673,24.27,79.03,21.83,97.07,68.26,2025.0,6
2025-06-12 01:00:00,12674,23.47,80.87,21.14,98.57,60.62,2025.0,6
2025-06-12 02:00:00,12675,23.23,79.97,20.94,97.48,73.89,2025.0,6
2025-06-12 03:00:00,12676,22.89,81.46,20.71,98.61,64.68,2025.0,6
2025-06-12 04:00:00,12677,23.14,79.33,20.28,98.93,77.91,2025.0,6
2025-06-12 05:00:00,12678,23.39,78.8,20.35,99.43,90.54,2025.0,6
2025-06-12 06:00:00,12679,23.99,79.7,21.76,97.27,90.9,2025.0,6
2025-06-12 07:00:00,12680,30.22,60.87,26.92,80.7,108.0,2025.0,6
2025-06-12 08:00:00,12681,33.14,52.3,28.54,74.93,82.11,2025.0,6
2025-06-12 09:00:00,12682,32.0,54.67,29.59,71.7,60.73,2025.0,6
2025-06-12 10:00:00,12683,32.31,52.17,30.02,68.63,41.5,2025.0,6
2025-06-12 11:00:00,12684,34.22,46.66,30.31,67.38,37.66,2025.0,6
2025-06-12 12:00:00,12685,34.74,45.38,30.7,67.07,40.52,2025.0,6
2025-06-12 13:00:00,12686,34.78,44.21,31.44,65.07,41.18,2025.0,6
2025-06-12 14:00:00,12687,33.47,47.97,31.14,66.7,42.63,2025.0,6
2025-06-12 15:00:00,12688,33.32,50.57,30.85,68.97,44.87,2025.0,6
2025-06-12 16:00:00,12689,30.09,60.1,27.86,76.37,51.4,2025.0,6
2025-06-12 17:00:00,12690,29.13,63.03,26.67,80.13,54.13,2025.0,6
2025-06-12 18:00:00,12691,27.4,72.63,25.05,89.73,81.43,2025.0,6
2025-06-12 19:00:00,12692,27.34,72.23,24.5,91.23,78.43,2025.0,6
2025-06-12 20:00:00,12693,27.3,69.4,24.46,88.27,60.8,2025.0,6
2025-06-12 21:00:00,12694,27.25,70.43,24.42,89.13,80.03,2025.0,6
2025-06-12 22:00:00,12695,26.74,73.17,23.84,92.47,75.57,2025.0,6
2025-06-12 23:00:00,12696,26.33,74.77,23.44,93.93,77.93,2025.0,6
2025-06-13 00:00:00,12697,25.72,77.1,22.81,96.53,88.03,2025.0,6
2025-06-13 01:00:00,12698,25.4,77.89,22.43,97.68,96.71,2025.0,6
2025-06-13 02:00:00,12699,24.76,78.67,22.09,97.8,102.58,2025.0,6
2025-06-13 03:00:00,12700,24.4,78.83,21.45,98.93,100.71,2025.0,6
2025-06-13 04:00:00,12701,24.15,78.8,21.24,98.83,92.41,2025.0,6
2025-06-13 05:00:00,12702,23.89,80.2,20.79,99.97,84.78,2025.0,6
2025-06-13 06:00:00,12703,24.49,77.6,21.75,97.0,109.38,2025.0,6
2025-06-13 07:00:00,12704,28.85,63.97,25.53,84.33,103.03,2025.0,6
2025-06-13 10:00:00,12707,32.31,50.23,30.03,69.53,43.3,2025.0,6
2025-06-13 11:00:00,12708,34.68,42.5,30.86,64.4,35.53,2025.0,6
2025-06-13 12:00:00,12709,35.89,38.9,31.56,61.0,35.5,2025.0,6
2025-06-13 13:00:00,12710,35.72,37.14,31.93,57.32,33.93,2025.0,6
2025-06-13 14:00:00,12711,35.19,40.67,32.68,59.13,39.1,2025.0,6
2025-06-13 15:00:00,12712,33.16,45.77,30.96,64.1,35.5,2025.0,6
2025-06-13 16:00:00,12713,30.91,51.93,28.49,71.13,36.47,2025.0,6
2025-06-13 17:00:00,12714,29.39,57.4,26.77,75.5,41.5,2025.0,6
2025-06-13 18:00:00,12715,28.32,61.63,25.52,79.7,47.8,2025.0,6
2025-06-13 19:00:00,12716,27.48,65.0,24.81,82.8,55.17,2025.0,6
2025-06-13 20:00:00,12717,26.85,69.13,24.05,87.57,67.3,2025.0,6
2025-06-13 21:00:00,12718,26.66,69.6,23.54,89.17,59.63,2025.0,6
2025-06-13 22:00:00,12719,26.3,69.8,23.22,89.53,57.97,2025.0,6
2025-06-13 23:00:00,12720,26.04,71.1,22.79,91.53,99.23,2025.0,6
2025-06-14 00:00:00,12721,25.76,70.43,22.75,90.17,68.4,2025.0,6
2025-06-14 01:00:00,12722,24.8,75.43,21.73,95.63,130.14,2025.0,6
2025-06-14 02:00:00,12723,24.76,74.93,21.71,95.13,124.67,2025.0,6
2025-06-14 03:00:00,12724,23.74,78.33,21.19,96.67,110.77,2025.0,6
2025-06-14 04:00:00,12725,23.52,77.93,20.54,97.93,107.73,2025.0,6
2025-06-14 05:00:00,12726,23.64,77.43,20.35,98.77,111.9,2025.0,6
2025-06-14 06:00:00,12727,23.8,77.27,21.68,94.53,136.9,2025.0,6
2025-06-14 07:00:00,12728,29.18,60.27,26.35,78.77,124.77,2025.0,6
2025-06-14 08:00:00,12729,34.29,47.77,29.93,68.97,68.43,2025.0,6
2025-06-14 09:00:00,12730,34.86,46.7,31.57,67.27,45.77,2025.0,6
2025-06-14 10:00:00,12731,34.08,47.03,31.35,67.3,32.3,2025.0,6
2025-06-14 11:00:00,12732,34.53,45.3,31.22,66.7,29.0,2025.0,6
2025-06-14 12:00:00,12733,34.5,46.17,31.4,67.33,30.57,2025.0,6
2025-06-14 13:00:00,12734,32.24,53.03,29.46,72.03,36.83,2025.0,6
2025-06-14 14:00:00,12735,27.8,67.43,26.21,82.13,46.5,2025.0,6
2025-06-14 15:00:00,12736,27.6,69.97,25.71,85.53,45.93,2025.0,6
2025-06-14 16:00:00,12737,26.7,74.93,24.61,91.03,55.47,2025.0,6
2025-06-14 17:00:00,12738,24.7,79.59,21.89,98.83,28.66,2025.0,6
2025-06-14 18:00:00,12739,25.34,76.27,21.49,100.0,29.9,2025.0,6
2025-06-14 19:00:00,12740,25.03,77.93,21.86,100.0,40.83,2025.0,6
2025-06-14 20:00:00,12741,25.31,76.45,22.28,99.24,50.21,2025.0,6
2025-06-14 21:00:00,12742,25.39,75.1,22.39,95.5,60.33,2025.0,6
2025-06-14 22:00:00,12743,25.45,75.77,22.32,96.5,61.73,2025.0,6
2025-06-14 23:00:00,12744,24.85,79.2,22.11,98.9,66.3,2025.0,6
2025-06-15 00:00:00,12745,24.7,77.6,21.95,96.87,76.22,2025.0,6
2025-06-15 01:00:00,12746,24.39,77.07,21.39,97.33,91.3,2025.0,6
2025-06-15 02:00:00,12747,24.52,75.97,21.27,97.23,82.33,2025.0,6
2025-06-15 03:00:00,12748,24.26,77.67,20.98,99.37,93.63,2025.0,6
2025-06-15 04:00:00,12749,24.39,78.13,21.33,99.07,92.84,2025.0,6
2025-06-15 05:00:00,12750,24.53,77.63,21.46,98.3,83.62,2025.0,6
2025-06-15 06:00:00,12751,25.03,76.53,22.22,96.23,123.57,2025.0,6
2025-06-15 07:00:00,12752,26.92,70.47,23.84,90.8,118.03,2025.0,6
2025-06-15 08:00:00,12753,28.72,63.63,25.48,83.9,50.53,2025.0,6
2025-06-15 09:00:00,12754,30.09,59.13,27.09,78.33,46.33,2025.0,6
2025-06-15 10:00:00,12755,29.64,61.0,27.43,77.93,44.3,2025.0,6
2025-06-15 11:00:00,12756,34.13,48.73,29.82,69.83,26.7,2025.0,6
2025-06-15 12:00:00,12757,34.33,47.17,30.82,66.57,23.7,2025.0,6
2025-06-15 13:00:00,12758,34.7,46.03,31.34,66.37,24.83,2025.0,6
2025-06-15 14:00:00,12759,31.45,51.72,29.36,69.21,26.59,2025.0,6
2025-06-15 15:00:00,12760,31.09,53.97,28.65,71.9,28.63,2025.0,6
2025-06-15 16:00:00,12761,29.67,60.9,27.28,77.63,33.77,2025.0,6
2025-06-15 17:00:00,12762,28.52,64.4,25.82,82.27,39.17,2025.0,6
2025-06-15 18:00:00,12763,27.66,66.9,25.06,84.7,44.7,2025.0,6
2025-06-15 19:00:00,12764,26.88,70.33,24.46,87.77,52.93,2025.0,6
2025-06-15 20:00:00,12765,26.74,72.97,23.96,91.63,78.87,2025.0,6
2025-06-15 21:00:00,12766,26.28,75.03,23.37,94.53,74.97,2025.0,6
2025-06-15 22:00:00,12767,25.65,76.1,22.62,95.83,111.37,2025.0,6
2025-06-15 23:00:00,12768,25.17,76.7,22.3,96.23,130.3,2025.0,6
2025-06-16 00:00:00,12769,25.01,77.07,22.2,96.43,126.45,2025.0,6
2025-06-16 01:00:00,12770,24.3,79.2,21.47,98.73,103.52,2025.0,6
2025-06-16 02:00:00,12771,23.86,79.4,20.85,99.8,98.39,2025.0,6
2025-06-16 03:00:00,12772,23.96,79.67,21.13,99.47,113.45,2025.0,6
2025-06-16 04:00:00,12773,23.88,79.3,20.81,99.6,91.0,2025.0,6
2025-06-16 05:00:00,12774,23.31,81.07,20.43,100.0,84.08,2025.0,6
2025-06-16 06:00:00,12775,23.2,80.1,21.85,94.47,73.04,2025.0,6
2025-06-16 07:00:00,12776,30.25,59.13,27.43,77.6,98.4,2025.0,6
2025-06-16 08:00:00,12777,33.86,49.13,29.58,70.13,72.07,2025.0,6
2025-06-16 09:00:00,12778,33.88,49.47,30.76,67.93,64.03,2025.0,6
2025-06-16 10:00:00,12779,36.06,43.53,32.03,65.37,43.27,2025.0,6
2025-06-16 11:00:00,12780,35.59,43.07,31.37,65.7,33.77,2025.0,6
2025-06-16 12:00:00,12781,35.88,40.8,32.07,62.23,22.07,2025.0,6
2025-06-16 13:00:00,12782,35.41,45.03,32.07,64.9,36.53,2025.0,6
2025-06-16 14:00:00,12783,30.65,59.37,28.17,80.5,41.6,2025.0,6
2025-06-16 15:00:00,12784,30.28,62.37,28.52,81.07,41.77,2025.0,6
2025-06-16 16:00:00,12785,31.89,57.37,29.07,74.87,43.17,2025.0,6
2025-06-16 17:00:00,12786,27.09,71.8,25.32,87.2,41.53,2025.0,6
2025-06-16 18:00:00,12787,26.98,69.24,24.96,85.41,37.14,2025.0,6
2025-06-16 19:00:00,12788,25.4,77.6,23.58,93.0,38.99,2025.0,6
2025-06-16 20:00:00,12789,24.48,80.47,21.88,99.03,36.47,2025.0,6
2025-06-16 21:00:00,12790,23.87,82.97,21.09,100.0,32.38,2025.0,6
2025-06-16 22:00:00,12791,23.62,84.43,21.08,100.0,36.36,2025.0,6
2025-06-16 23:00:00,12792,23.75,83.7,21.09,100.0,39.4,2025.0,6
2025-06-17 00:00:00,12793,24.2,81.6,21.21,100.0,43.93,2025.0,6
2025-06-17 01:00:00,12794,24.9,80.4,21.48,100.0,42.43,2025.0,6
2025-06-17 02:00:00,12795,24.86,80.13,21.36,100.0,43.35,2025.0,6
2025-06-17 03:00:00,12796,24.26,82.23,21.23,100.0,48.78,2025.0,6
2025-06-17 04:00:00,12797,23.68,84.33,20.93,100.0,52.95,2025.0,6
2025-06-17 05:00:00,12798,23.89,83.3,20.86,100.0,58.04,2025.0,6
2025-06-17 06:00:00,12799,23.98,83.4,21.02,100.0,55.01,2025.0,6
2025-06-17 07:00:00,12800,26.37,77.6,23.2,99.93,77.64,2025.0,6
2025-06-17 08:00:00,12801,31.86,58.1,28.24,80.07,71.73,2025.0,6
2025-06-17 09:00:00,12802,35.31,49.37,31.46,69.53,64.57,2025.0,6
2025-06-17 10:00:00,12803,38.3,41.6,32.93,66.7,58.07,2025.0,6
2025-06-17 11:00:00,12804,37.22,42.14,32.97,65.0,54.64,2025.0,6
2025-06-17 12:00:00,12805,33.98,48.1,30.75,68.9,58.47,2025.0,6
2025-06-17 13:00:00,12806,30.18,55.44,28.51,73.63,43.15,2025.0,6
2025-06-17 14:00:00,12807,30.93,55.33,29.33,73.4,41.73,2025.0,6
2025-06-17 15:00:00,12808,29.49,60.63,26.63,81.3,40.47,2025.0,6
2025-06-17 16:00:00,12809,27.23,72.53,24.75,92.1,56.73,2025.0,6
2025-06-17 17:00:00,12810,26.7,76.9,23.92,96.03,63.8,2025.0,6
2025-06-17 18:00:00,12811,25.44,81.59,22.44,100.0,44.34,2025.0,6
2025-06-17 19:00:00,12812,25.53,80.6,22.22,100.0,46.98,2025.0,6
2025-06-17 20:00:00,12813,24.86,83.07,21.95,100.0,40.31,2025.0,6
2025-06-17 21:00:00,12814,24.32,84.73,21.75,100.0,37.97,2025.0,6
2025-06-17 22:00:00,12815,24.21,84.86,21.63,100.0,39.85,2025.0,6
2025-06-17 23:00:00,12816,24.39,83.52,21.41,100.0,32.39,2025.0,6
2025-06-18 00:00:00,12817,24.0,81.14,20.63,100.0,6.75,2025.0,6
2025-06-18 01:00:00,12818,23.76,81.77,20.48,100.0,16.75,2025.0,6
2025-06-18 02:00:00,12819,23.71,82.27,20.59,100.0,21.15,2025.0,6
2025-06-18 03:00:00,12820,23.98,81.87,20.68,100.0,24.54,2025.0,6
2025-06-18 04:00:00,12821,23.4,84.03,20.66,100.0,25.19,2025.0,6
2025-06-18 05:00:00,12822,23.29,84.75,20.73,100.0,25.08,2025.0,6
2025-06-18 06:00:00,12823,23.78,83.63,21.07,100.0,32.12,2025.0,6
2025-06-18 07:00:00,12824,28.05,69.43,24.34,100.0,44.52,2025.0,6
2025-06-18 08:00:00,12825,30.16,61.63,26.19,92.43,46.07,2025.0,6
2025-06-18 09:00:00,12826,33.61,50.67,30.31,69.3,38.03,2025.0,6
2025-06-18 10:00:00,12827,33.73,49.53,30.15,70.5,35.67,2025.0,6
2025-06-18 11:00:00,12828,34.16,46.77,30.02,70.0,23.73,2025.0,6
2025-06-18 12:00:00,12829,33.46,48.43,29.73,71.23,25.1,2025.0,6
2025-06-18 13:00:00,12830,30.5,59.17,28.35,78.2,52.37,2025.0,6
2025-06-18 14:00:00,12831,27.14,69.9,23.51,96.33,48.7,2025.0,6
2025-06-18 15:00:00,12832,25.77,75.57,22.31,100.0,49.9,2025.0,6
2025-06-18 16:00:00,12833,27.54,69.59,23.17,100.0,57.45,2025.0,6
2025-06-18 17:00:00,12834,26.42,74.0,23.72,96.17,50.23,2025.0,6
2025-06-18 18:00:00,12835,25.36,77.43,22.85,95.97,46.67,2025.0,6
2025-06-18 19:00:00,12836,24.36,81.12,21.28,100.0,34.33,2025.0,6
2025-06-18 20:00:00,12837,23.91,83.0,21.18,100.0,43.1,2025.0,6
2025-06-18 21:00:00,12838,23.45,82.43,20.64,100.0,34.59,2025.0,6
2025-06-18 22:00:00,12839,23.08,85.1,20.67,100.0,32.14,2025.0,6
2025-06-18 23:00:00,12840,23.39,80.87,20.18,100.0,27.2,2025.0,6
2025-06-19 00:00:00,12841,23.83,81.5,20.68,100.0,30.49,2025.0,6
2025-06-19 01:00:00,12842,23.72,80.8,20.5,100.0,39.69,2025.0,6
2025-06-19 02:00:00,12843,23.59,81.0,20.56,100.0,37.44,2025.0,6
2025-06-19 03:00:00,12844,23.22,79.9,20.43,100.0,46.87,2025.0,6
2025-06-19 04:00:00,12845,23.46,80.7,20.8,99.9,38.93,2025.0,6
2025-06-19 05:00:00,12846,23.96,78.73,20.96,99.67,51.04,2025.0,6
2025-06-19 06:00:00,12847,24.34,73.55,21.49,93.66,51.41,2025.0,6
2025-06-19 07:00:00,12848,24.72,67.33,22.1,86.0,48.23,2025.0,6
2025-06-19 08:00:00,12849,26.35,62.17,23.74,80.47,42.6,2025.0,6
2025-06-19 09:00:00,12850,28.1,57.4,25.63,75.03,45.63,2025.0,6
2025-06-19 10:00:00,12851,29.63,52.5,26.93,69.9,38.07,2025.0,6
2025-06-19 11:00:00,12852,31.13,47.26,28.61,63.59,30.85,2025.0,6
2025-06-19 12:00:00,12853,31.59,44.7,29.22,61.97,30.47,2025.0,6
2025-06-19 13:00:00,12854,29.03,52.0,27.08,68.73,37.5,2025.0,6
2025-06-19 14:00:00,12855,28.63,48.3,26.49,66.87,29.78,2025.0,6
2025-06-19 15:00:00,12856,27.9,53.53,25.37,72.27,31.97,2025.0,6
2025-06-19 16:00:00,12857,27.24,57.97,24.68,76.17,38.14,2025.0,6
2025-06-19 17:00:00,12858,27.03,61.73,23.99,80.77,54.07,2025.0,6
2025-06-19 18:00:00,12859,25.74,66.8,22.89,85.73,69.63,2025.0,6
2025-06-19 20:00:00,12861,25.02,71.8,22.07,91.27,94.07,2025.0,6
2025-06-19 21:00:00,12862,24.67,74.07,21.92,93.03,118.59,2025.0,6
2025-06-19 22:00:00,12863,24.12,74.93,21.36,94.03,115.37,2025.0,6
2025-06-19 23:00:00,12864,23.92,76.59,21.02,96.31,135.52,2025.0,6
2025-06-20 00:00:00,12865,23.84,76.77,20.82,96.97,147.97,2025.0,6
2025-06-20 01:00:00,12866,23.3,78.63,20.5,98.3,126.83,2025.0,6
2025-06-20 02:00:00,12867,23.52,77.13,20.53,97.57,114.28,2025.0,6
2025-06-20 03:00:00,12868,23.88,76.57,20.7,97.78,122.48,2025.0,6
2025-06-20 04:00:00,12869,23.76,77.47,20.66,98.17,96.9,2025.0,6
2025-06-20 05:00:00,12870,23.35,78.8,20.16,100.0,87.23,2025.0,6
2025-06-20 06:00:00,12871,23.78,77.5,20.73,98.2,116.97,2025.0,6
2025-06-20 07:00:00,12872,25.3,72.53,22.41,92.33,120.53,2025.0,6
2025-06-20 08:00:00,12873,31.02,53.6,27.96,72.43,78.3,2025.0,6
2025-06-20 09:00:00,12874,33.96,45.4,30.31,66.03,64.3,2025.0,6
2025-06-20 10:00:00,12875,34.11,42.77,30.15,64.33,46.87,2025.0,6
2025-06-20 11:00:00,12876,34.69,41.83,29.86,65.17,47.14,2025.0,6
2025-06-20 12:00:00,12877,35.05,41.53,30.83,63.73,48.53,2025.0,6
2025-06-20 13:00:00,12878,35.92,40.14,30.56,64.28,46.48,2025.0,6
2025-06-20 18:00:00,12883,25.67,73.4,22.71,96.57,62.93,2025.0,6
2025-06-20 19:00:00,12884,25.54,73.33,23.53,89.97,60.33,2025.0,6
2025-06-20 20:00:00,12885,25.36,75.03,23.06,92.33,58.93,2025.0,6
2025-06-20 21:00:00,12886,25.52,74.13,22.77,93.17,63.4,2025.0,6
2025-06-20 22:00:00,12887,24.51,78.0,22.25,95.17,68.17,2025.0,6
2025-06-20 23:00:00,12888,24.51,78.63,21.87,97.43,78.11,2025.0,6
2025-06-21 00:00:00,12889,25.17,74.62,22.1,94.69,65.24,2025.0,6
2025-06-21 01:00:00,12890,24.97,73.93,21.94,94.23,54.0,2025.0,6
2025-06-21 02:00:00,12891,24.19,79.27,21.48,98.47,68.07,2025.0,6
2025-06-21 03:00:00,12892,24.12,77.28,21.09,97.45,65.9,2025.0,6
2025-06-21 04:00:00,12893,23.52,79.37,20.61,99.5,75.18,2025.0,6
2025-06-21 05:00:00,12894,23.06,83.8,20.72,100.0,69.14,2025.0,6
2025-06-21 06:00:00,12895,24.17,79.47,21.38,98.27,86.11,2025.0,6
2025-06-21 07:00:00,12896,27.98,66.73,24.62,87.57,118.93,2025.0,6
2025-06-21 08:00:00,12897,31.09,57.53,27.24,79.17,105.23,2025.0,6
2025-06-21 09:00:00,12898,35.19,46.04,31.15,67.3,74.41,2025.0,6
2025-06-21 10:00:00,12899,33.94,47.0,30.35,68.07,56.27,2025.0,6
2025-06-21 11:00:00,12900,33.27,47.87,30.4,68.0,47.77,2025.0,6
2025-06-21 12:00:00,12901,34.29,45.5,30.67,67.2,46.3,2025.0,6
2025-06-21 13:00:00,12902,29.8,61.27,28.15,76.07,89.93,2025.0,6
2025-06-21 14:00:00,12903,27.48,70.0,26.04,84.67,83.77,2025.0,6
2025-06-21 15:00:00,12904,27.23,70.83,25.97,84.5,77.23,2025.0,6
2025-06-21 16:00:00,12905,26.82,71.86,24.55,89.52,79.69,2025.0,6
2025-06-21 17:00:00,12906,25.64,77.03,22.21,100.0,83.5,2025.0,6
2025-06-21 18:00:00,12907,25.69,77.83,22.78,99.4,103.67,2025.0,6
2025-06-21 19:00:00,12908,25.56,78.0,23.16,96.17,104.97,2025.0,6
2025-06-21 20:00:00,12909,25.39,79.63,22.71,98.57,98.33,2025.0,6
2025-06-21 21:00:00,12910,25.78,79.3,22.67,99.97,143.98,2025.0,6
2025-06-21 22:00:00,12911,25.38,81.21,22.83,100.0,142.01,2025.0,6
2025-06-21 23:00:00,12912,25.91,79.4,22.88,100.0,,2025.0,6
2025-06-22 00:00:00,12913,24.97,82.36,22.41,99.96,117.01,2025.0,6
2025-06-22 01:00:00,12914,25.27,80.56,22.43,99.85,107.83,2025.0,6
2025-06-22 02:00:00,12915,24.97,82.0,22.41,100.0,102.39,2025.0,6
2025-06-22 04:00:00,12917,25.42,80.93,22.31,100.0,97.56,2025.0,6
2025-06-22 05:00:00,12918,25.17,80.9,22.07,100.0,83.24,2025.0,6
2025-06-22 07:00:00,12920,26.35,76.12,23.43,95.92,99.4,2025.0,6
2025-06-22 08:00:00,12921,28.45,68.17,26.13,86.1,75.73,2025.0,6
2025-06-22 09:00:00,12922,29.8,61.57,27.88,77.57,52.37,2025.0,6
2025-06-22 10:00:00,12923,32.6,52.33,30.17,69.2,43.43,2025.0,6
2025-06-22 11:00:00,12924,33.05,49.17,29.97,68.57,40.07,2025.0,6
2025-06-22 12:00:00,12925,34.32,46.03,30.57,67.77,40.03,2025.0,6
2025-06-22 13:00:00,12926,32.42,51.67,29.94,70.17,44.13,2025.0,6
2025-06-22 14:00:00,12927,33.77,49.73,31.58,68.13,44.17,2025.0,6
2025-06-22 15:00:00,12928,30.4,57.76,28.46,73.92,49.52,2025.0,6
2025-06-22 16:00:00,12929,28.84,60.7,26.69,77.03,49.67,2025.0,6
2025-06-22 17:00:00,12930,27.9,65.97,25.59,82.83,61.4,2025.0,6
2025-06-22 18:00:00,12931,27.21,68.83,24.96,85.63,72.03,2025.0,6
2025-06-22 19:00:00,12932,26.64,73.6,24.38,90.57,85.93,2025.0,6
2025-06-22 20:00:00,12933,26.24,73.37,24.08,90.23,64.83,2025.0,6
2025-06-22 21:00:00,12934,26.14,72.86,23.51,91.1,60.62,2025.0,6
2025-06-22 22:00:00,12935,25.78,75.53,22.76,95.33,71.1,2025.0,6
2025-06-22 23:00:00,12936,25.29,77.17,22.5,96.33,86.39,2025.0,6
2025-06-23 00:00:00,12937,25.44,75.53,22.61,95.03,76.2,2025.0,6
2025-06-23 01:00:00,12938,25.42,76.17,22.4,96.2,87.03,2025.0,6
2025-06-23 02:00:00,12939,25.03,77.77,22.21,97.5,91.18,2025.0,6
2025-06-23 03:00:00,12940,24.73,79.03,22.27,97.3,72.87,2025.0,6
2025-06-23 04:00:00,12941,24.51,79.07,22.4,96.07,56.23,2025.0,6
2025-06-23 05:00:00,12942,24.61,77.97,22.53,94.67,51.98,2025.0,6
2025-06-23 06:00:00,12943,24.74,77.93,22.6,94.77,67.44,2025.0,6
2025-06-23 07:00:00,12944,25.79,75.07,23.63,92.1,75.07,2025.0,6
2025-06-23 08:00:00,12945,28.9,63.17,25.94,82.4,59.4,2025.0,6
2025-06-23 09:00:00,12946,30.53,56.36,28.06,73.75,47.39,2025.0,6
2025-06-23 10:00:00,12947,32.61,48.86,29.54,68.24,41.93,2025.0,6
2025-06-23 11:00:00,12948,33.37,46.7,29.68,68.07,38.87,2025.0,6
2025-06-23 12:00:00,12949,34.85,43.33,30.55,66.3,35.57,2025.0,6
2025-06-23 13:00:00,12950,33.66,42.17,30.65,62.3,30.9,2025.0,6
2025-06-23 14:00:00,12951,33.41,38.47,31.12,56.03,30.9,2025.0,6
2025-06-23 15:00:00,12952,31.66,46.63,29.49,64.37,39.27,2025.0,6
2025-06-23 16:00:00,12953,30.54,54.17,28.61,71.07,46.47,2025.0,6
2025-06-23 17:00:00,12954,28.84,56.83,26.41,74.27,47.67,2025.0,6
2025-06-23 18:00:00,12955,26.86,71.2,24.29,88.83,70.97,2025.0,6
2025-06-23 19:00:00,12956,26.36,73.77,23.5,92.73,67.57,2025.0,6
2025-06-23 20:00:00,12957,26.18,72.6,23.15,92.33,72.47,2025.0,6
2025-06-23 21:00:00,12958,25.77,72.17,23.01,90.8,63.47,2025.0,6
2025-06-23 22:00:00,12959,25.41,74.3,22.42,93.9,75.1,2025.0,6
2025-06-23 23:00:00,12960,24.97,76.7,21.87,96.97,91.47,2025.0,6
2025-06-24 00:00:00,12961,24.81,76.71,21.52,98.04,97.14,2025.0,6
2025-06-24 01:00:00,12962,24.46,78.0,21.34,98.83,98.9,2025.0,6
2025-06-24 02:00:00,12963,23.92,79.13,20.85,99.73,94.93,2025.0,6
2025-06-24 03:00:00,12964,23.82,78.13,20.73,98.83,105.96,2025.0,6
2025-06-24 04:00:00,12965,23.46,78.83,20.21,99.73,113.52,2025.0,6
2025-06-24 05:00:00,12966,22.75,82.3,19.97,100.0,91.54,2025.0,6
2025-06-24 06:00:00,12967,23.05,80.8,20.16,99.6,107.19,2025.0,6
2025-06-24 07:00:00,12968,26.82,69.48,23.93,88.52,131.14,2025.0,6
2025-06-24 08:00:00,12969,31.94,55.17,28.53,75.2,111.73,2025.0,6
2025-06-24 09:00:00,12970,32.53,52.0,28.0,74.6,80.73,2025.0,6
2025-06-24 10:00:00,12971,33.78,48.47,30.09,70.37,69.9,2025.0,6
2025-06-24 11:00:00,12972,33.53,48.1,30.6,68.69,51.14,2025.0,6
2025-06-24 12:00:00,12973,35.16,44.9,30.69,68.67,47.93,2025.0,6
2025-06-24 13:00:00,12974,33.39,51.33,30.4,70.53,69.73,2025.0,6
2025-06-24 14:00:00,12975,28.17,66.43,27.18,79.23,77.5,2025.0,6
2025-06-24 15:00:00,12976,29.04,64.5,27.86,77.83,58.73,2025.0,6
2025-06-24 16:00:00,12977,27.55,69.57,26.37,82.93,56.57,2025.0,6
2025-06-24 17:00:00,12978,25.44,76.6,23.55,93.47,65.6,2025.0,6
2025-06-24 18:00:00,12979,24.98,78.53,21.81,100.0,63.66,2025.0,6
2025-06-24 19:00:00,12980,25.27,76.73,21.95,100.0,73.2,2025.0,6
2025-06-24 20:00:00,12981,25.21,76.87,22.19,100.0,73.53,2025.0,6
2025-06-24 21:00:00,12982,25.25,77.83,22.23,98.87,80.55,2025.0,6
2025-06-24 22:00:00,12983,25.34,78.5,22.11,100.0,99.13,2025.0,6
2025-06-24 23:00:00,12984,25.26,79.53,22.25,99.8,85.82,2025.0,6
2025-06-25 00:00:00,12985,24.85,80.3,21.64,100.0,79.37,2025.0,6
2025-06-25 01:00:00,12986,24.8,80.13,21.72,100.0,80.01,2025.0,6
2025-06-25 02:00:00,12987,24.02,82.5,21.44,100.0,91.12,2025.0,6
2025-06-25 03:00:00,12988,24.28,81.0,21.05,100.0,96.7,2025.0,6
2025-06-25 04:00:00,12989,23.93,79.43,21.01,99.1,94.14,2025.0,6
2025-06-25 05:00:00,12990,23.52,81.3,20.57,100.0,86.1,2025.0,6
2025-06-25 06:00:00,12991,23.46,81.79,20.71,100.0,94.05,2025.0,6
2025-06-25 07:00:00,12992,25.66,75.97,23.39,93.73,145.3,2025.0,6
2025-06-25 08:00:00,12993,30.28,60.87,27.65,79.0,113.77,2025.0,6
2025-06-25 09:00:00,12994,33.93,49.67,30.26,69.53,64.8,2025.0,6
2025-06-25 10:00:00,12995,34.03,48.73,30.36,69.37,50.7,2025.0,6
2025-06-25 11:00:00,12996,36.56,42.43,31.03,67.4,42.13,2025.0,6
2025-06-25 12:00:00,12997,37.18,40.03,31.7,64.9,32.9,2025.0,6
2025-06-25 13:00:00,12998,36.99,39.5,32.74,61.5,30.3,2025.0,6
2025-06-25 14:00:00,12999,30.75,58.0,28.35,75.3,62.3,2025.0,6
2025-06-25 15:00:00,13000,23.69,79.8,21.7,96.13,54.02,2025.0,6
2025-06-25 16:00:00,13001,23.48,84.23,21.29,100.0,40.77,2025.0,6
2025-06-25 17:00:00,13002,24.51,79.1,21.59,100.0,51.24,2025.0,6
2025-06-25 18:00:00,13003,24.86,79.45,21.73,100.0,53.65,2025.0,6
2025-06-25 19:00:00,13004,24.94,80.23,21.9,100.0,54.37,2025.0,6
2025-06-25 21:00:00,13006,24.75,81.62,21.64,100.0,90.24,2025.0,6
2025-06-25 22:00:00,13007,24.05,83.0,21.24,100.0,113.47,2025.0,6
2025-06-25 23:00:00,13008,23.66,83.5,21.03,100.0,103.71,2025.0,6
2025-06-26 00:00:00,13009,23.44,81.92,20.68,100.0,85.48,2025.0,6
2025-06-26 01:00:00,13010,23.34,81.8,20.52,100.0,85.8,2025.0,6
2025-06-26 02:00:00,13011,23.13,81.23,20.15,100.0,63.88,2025.0,6
2025-06-26 04:00:00,13013,22.21,83.9,19.35,100.0,74.09,2025.0,6
2025-06-26 05:00:00,13014,22.01,83.73,19.13,100.0,88.04,2025.0,6
2025-06-26 06:00:00,13015,22.1,81.47,20.31,96.9,65.6,2025.0,6
2025-06-26 09:00:00,13018,31.23,53.4,29.19,69.0,36.27,2025.0,6
2025-06-26 10:00:00,13019,32.76,48.79,29.96,68.28,30.52,2025.0,6
2025-06-26 11:00:00,13020,34.03,44.8,29.87,68.07,25.7,2025.0,6
2025-06-26 12:00:00,13021,34.87,42.77,30.26,66.93,24.57,2025.0,6
2025-06-26 13:00:00,13022,36.07,40.77,32.06,62.83,25.63,2025.0,6
2025-06-26 14:00:00,13023,36.64,37.57,33.3,57.0,25.1,2025.0,6
2025-06-26 15:00:00,13024,33.66,46.1,30.73,66.03,34.86,2025.0,6
2025-06-26 16:00:00,13025,31.43,55.03,28.87,73.67,53.0,2025.0,6
2025-06-26 17:00:00,13026,29.01,65.73,26.88,81.9,86.57,2025.0,6
2025-06-26 18:00:00,13027,28.09,68.7,25.63,86.13,112.3,2025.0,6
2025-06-26 19:00:00,13028,27.65,68.07,25.28,85.1,92.3,2025.0,6
2025-06-26 20:00:00,13029,26.51,68.29,24.09,85.57,52.89,2025.0,6
2025-06-26 21:00:00,13030,26.04,69.79,23.38,88.11,55.11,2025.0,6
2025-06-26 22:00:00,13031,25.52,71.43,22.87,89.7,49.67,2025.0,6
2025-06-26 23:00:00,13032,24.84,73.0,22.32,91.0,46.21,2025.0,6
2025-06-27 00:00:00,13033,24.47,73.12,22.0,90.85,43.38,2025.0,6
2025-06-27 01:00:00,13034,24.43,72.58,21.99,90.27,42.69,2025.0,6
2025-06-27 02:00:00,13035,24.62,69.93,21.78,89.0,45.13,2025.0,6
2025-06-27 03:00:00,13036,24.29,70.77,21.11,90.97,46.7,2025.0,6
2025-06-27 04:00:00,13037,22.94,80.5,20.77,97.47,70.6,2025.0,6
2025-06-27 05:00:00,13038,23.05,78.11,20.08,98.07,93.24,2025.0,6
2025-06-27 06:00:00,13039,23.61,77.75,21.36,95.42,103.68,2025.0,6
2025-06-27 07:00:00,13040,30.09,58.19,26.9,77.58,114.92,2025.0,6
2025-06-27 08:00:00,13041,33.5,47.93,28.87,69.97,66.79,2025.0,6
2025-06-27 09:00:00,13042,33.12,47.52,29.93,67.32,50.86,2025.0,6
2025-06-27 10:00:00,13043,32.7,46.0,29.67,66.66,31.55,2025.0,6
2025-06-27 11:00:00,13044,33.56,45.48,29.92,67.34,34.24,2025.0,6
2025-06-27 12:00:00,13045,33.4,45.34,29.79,67.21,32.86,2025.0,6
2025-06-27 13:00:00,13046,34.66,42.59,31.26,63.79,31.28,2025.0,6
2025-06-27 14:00:00,13047,35.92,39.07,32.94,58.37,23.4,2025.0,6
2025-06-27 15:00:00,13048,33.6,41.72,31.96,60.52,25.66,2025.0,6
2025-06-27 16:00:00,13049,32.72,46.4,29.78,66.17,31.2,2025.0,6
2025-06-27 17:00:00,13050,29.04,63.92,26.63,80.81,75.5,2025.0,6
2025-06-27 18:00:00,13051,28.25,66.45,25.65,84.14,66.59,2025.0,6
2025-06-27 19:00:00,13052,27.76,68.63,25.04,86.89,50.19,2025.0,6
2025-06-27 21:00:00,13054,26.23,75.03,23.54,93.62,62.76,2025.0,6
2025-06-27 22:00:00,13055,25.98,75.07,23.03,94.59,68.48,2025.0,6
2025-06-27 23:00:00,13056,25.98,73.97,23.08,93.2,60.23,2025.0,6
2025-06-28 00:00:00,13057,26.02,72.52,23.15,91.86,50.21,2025.0,6
2025-06-28 01:00:00,13058,25.29,76.07,22.73,94.2,85.6,2025.0,6
2025-06-28 02:00:00,13059,24.42,79.77,21.96,97.33,74.45,2025.0,6
2025-06-28 03:00:00,13060,24.78,80.2,21.43,100.0,51.09,2025.0,6
2025-06-28 04:00:00,13061,25.01,80.3,21.69,100.0,56.95,2025.0,6
2025-06-28 05:00:00,13062,24.05,83.63,21.51,100.0,56.46,2025.0,6
2025-06-28 06:00:00,13063,24.84,80.87,21.7,100.0,63.68,2025.0,6
2025-06-28 07:00:00,13064,25.74,78.97,22.53,100.0,76.0,2025.0,6
2025-06-28 08:00:00,13065,24.96,79.0,21.8,100.0,45.75,2025.0,6
2025-06-28 09:00:00,13066,24.13,76.97,20.94,99.87,34.37,2025.0,6
2025-06-28 13:00:00,13070,30.62,58.54,25.68,93.31,25.58,2025.0,6
2025-06-28 14:00:00,13071,25.79,74.35,22.98,96.81,21.69,2025.0,6
2025-06-28 15:00:00,13072,27.69,66.37,25.3,84.43,14.0,2025.0,6
2025-06-28 16:00:00,13073,27.76,66.41,24.94,85.66,24.1,2025.0,6
2025-06-28 17:00:00,13074,26.71,68.86,23.78,88.29,28.75,2025.0,6
2025-06-28 18:00:00,13075,25.66,71.56,23.39,89.15,30.44,2025.0,6
2025-06-28 19:00:00,13076,24.82,76.17,22.48,94.23,32.8,2025.0,6
2025-06-28 20:00:00,13077,24.55,75.52,22.15,93.59,24.0,2025.0,6
2025-06-28 21:00:00,13078,24.62,75.76,21.49,96.41,31.28,2025.0,6
2025-06-28 22:00:00,13079,24.15,75.8,21.33,95.27,30.77,2025.0,6
2025-06-28 23:00:00,13080,23.97,75.93,21.08,95.77,35.93,2025.0,6
2025-06-29 00:00:00,13081,23.76,78.23,20.73,99.1,50.61,2025.0,6
2025-06-29 01:00:00,13082,23.44,79.23,20.55,99.27,46.43,2025.0,6
2025-06-29 02:00:00,13083,22.74,81.93,19.96,100.0,41.54,2025.0,6
2025-06-29 03:00:00,13084,21.31,86.73,19.48,100.0,45.22,2025.0,6
2025-06-29 04:00:00,13085,22.33,79.7,20.04,97.3,39.35,2025.0,6
2025-06-29 05:00:00,13086,22.51,79.93,19.54,99.63,49.21,2025.0,6
2025-06-29 06:00:00,13087,23.21,78.63,21.11,95.53,78.25,2025.0,6
2025-06-29 07:00:00,13088,28.12,62.73,25.56,80.87,77.63,2025.0,6
2025-06-29 08:00:00,13089,31.09,55.2,26.86,77.33,68.23,2025.0,6
2025-06-29 09:00:00,13090,31.49,54.5,28.7,72.6,45.37,2025.0,6
2025-06-29 10:00:00,13091,32.35,52.13,29.32,70.6,28.1,2025.0,6
2025-06-29 11:00:00,13092,33.38,48.63,29.87,68.0,22.8,2025.0,6
2025-06-29 12:00:00,13093,32.97,49.9,29.65,68.87,27.97,2025.0,6
2025-06-29 13:00:00,13094,31.76,53.23,29.27,70.33,26.53,2025.0,6
2025-06-29 14:00:00,13095,31.71,53.97,28.89,71.8,36.4,2025.0,6
2025-06-29 15:00:00,13096,28.17,65.4,25.57,83.17,51.7,2025.0,6
2025-06-29 16:00:00,13097,26.31,70.77,24.36,86.77,53.9,2025.0,6
2025-06-29 17:00:00,13098,26.08,71.9,23.58,89.57,66.93,2025.0,6
2025-06-29 18:00:00,13099,25.71,74.07,23.17,92.13,90.4,2025.0,6
2025-06-29 19:00:00,13100,25.4,75.23,23.03,92.9,95.27,2025.0,6
2025-06-29 20:00:00,13101,25.24,75.67,22.98,93.0,107.37,2025.0,6
2025-06-29 21:00:00,13102,24.95,77.45,22.52,95.52,104.17,2025.0,6
2025-06-29 22:00:00,13103,24.73,79.5,21.64,100.0,79.49,2025.0,6
2025-06-29 23:00:00,13104,24.52,79.37,21.23,100.0,54.1,2025.0,6
2025-06-30 00:00:00,13105,23.76,81.76,21.2,100.0,32.91,2025.0,6
2025-06-30 01:00:00,13106,23.78,81.5,20.61,100.0,33.84,2025.0,6
2025-06-30 02:00:00,13107,24.01,81.5,20.91,100.0,34.53,2025.0,6
2025-06-30 03:00:00,13108,23.5,84.04,20.97,100.0,44.05,2025.0,6
2025-06-30 04:00:00,13109,23.78,82.87,20.98,100.0,44.73,2025.0,6
2025-06-30 05:00:00,13110,23.37,83.69,21.1,100.0,44.91,2025.0,6
2025-06-30 06:00:00,13111,23.21,82.3,21.78,97.2,39.69,2025.0,6
2025-06-30 07:00:00,13112,25.5,74.43,23.96,89.5,54.83,2025.0,6
2025-06-30 08:00:00,13113,28.73,62.1,26.81,78.13,36.73,2025.0,6
2025-06-30 09:00:00,13114,29.26,60.5,27.97,74.6,37.57,2025.0,6
2025-06-30 10:00:00,13115,30.96,55.3,28.86,71.23,35.83,2025.0,6
2025-06-30 11:00:00,13116,31.66,53.73,28.94,71.4,34.03,2025.0,6
2025-06-30 12:00:00,13117,31.84,53.03,28.95,71.23,30.87,2025.0,6
2025-06-30 13:00:00,13118,31.17,54.5,28.8,72.0,29.53,2025.0,6
2025-06-30 14:00:00,13119,29.65,58.54,27.52,75.12,28.77,2025.0,6
2025-06-30 15:00:00,13120,27.46,68.28,24.27,90.45,36.76,2025.0,6
2025-06-30 16:00:00,13121,26.56,72.86,22.52,100.0,39.69,2025.0,6
2025-06-30 17:00:00,13122,26.43,68.37,23.42,94.83,26.77,2025.0,6
2025-06-30 18:00:00,13123,25.34,72.97,23.36,89.63,26.93,2025.0,6
2025-06-30 19:00:00,13124,25.16,70.93,23.11,87.56,20.87,2025.0,6
2025-06-30 20:00:00,13125,24.99,71.17,22.76,88.5,21.5,2025.0,6
2025-06-30 21:00:00,13126,24.72,74.62,22.47,92.03,32.69,2025.0,6
2025-06-30 22:00:00,13127,24.93,75.27,22.48,93.43,40.13,2025.0,6
2025-06-30 23:00:00,13128,24.72,76.6,22.25,94.83,53.0,2025.0,6
2025-07-01 00:00:00,13129,24.38,75.2,21.63,94.47,61.87,2025.0,7
2025-07-01 01:00:00,13130,24.57,74.27,21.68,93.8,51.1,2025.0,7
2025-07-01 02:00:00,13131,24.79,74.27,21.78,94.47,57.37,2025.0,7
2025-07-01 03:00:00,13132,24.36,75.33,21.49,94.83,50.17,2025.0,7
2025-07-01 04:00:00,13133,24.29,76.83,21.67,95.57,47.27,2025.0,7
2025-07-01 05:00:00,13134,23.9,79.7,20.58,99.97,35.56,2025.0,7
2025-07-01 06:00:00,13135,24.47,79.43,21.07,100.0,36.67,2025.0,7
2025-07-01 07:00:00,13136,24.64,78.4,21.3,100.0,64.09,2025.0,7
2025-07-01 08:00:00,13137,26.53,73.07,22.9,98.45,71.03,2025.0,7
2025-07-01 09:00:00,13138,30.3,60.83,27.32,80.07,45.4,2025.0,7
2025-07-01 10:00:00,13139,30.81,57.57,27.82,76.37,33.3,2025.0,7
2025-07-01 11:00:00,13140,32.3,54.9,29.09,73.77,41.63,2025.0,7
2025-07-01 12:00:00,13141,36.21,44.83,30.85,68.97,35.8,2025.0,7
2025-07-01 13:00:00,13142,33.42,50.3,29.27,72.9,36.47,2025.0,7
2025-07-01 14:00:00,13143,30.74,59.57,28.3,77.57,38.1,2025.0,7
2025-07-01 15:00:00,13144,32.6,52.73,28.97,72.67,35.4,2025.0,7
2025-07-01 16:00:00,13145,25.79,74.83,22.14,98.93,45.33,2025.0,7
2025-07-01 17:00:00,13146,26.59,73.57,22.4,100.0,54.33,2025.0,7
2025-07-01 18:00:00,13147,25.85,77.6,22.45,100.0,,2025.0,7
2025-07-01 19:00:00,13148,25.8,76.53,22.54,100.0,,2025.0,7
2025-07-01 20:00:00,13149,25.0,80.07,22.31,99.57,61.87,2025.0,7
2025-07-01 21:00:00,13150,24.68,81.9,21.62,100.0,48.73,2025.0,7
2025-07-01 22:00:00,13151,24.81,78.03,21.68,99.76,45.63,2025.0,7
2025-07-01 23:00:00,13152,24.23,83.9,21.91,100.0,71.36,2025.0,7
2025-07-02 00:00:00,13153,24.48,82.0,21.41,100.0,72.14,2025.0,7
2025-07-02 01:00:00,13154,24.38,82.53,21.27,100.0,79.62,2025.0,7
2025-07-02 02:00:00,13155,23.59,84.2,21.02,100.0,,2025.0,7
2025-07-02 03:00:00,13156,23.15,84.9,20.99,100.0,69.34,2025.0,7
2025-07-02 04:00:00,13157,23.47,82.1,20.73,100.0,64.59,2025.0,7
2025-07-02 05:00:00,13158,23.14,82.13,20.3,100.0,61.51,2025.0,7
2025-07-02 06:00:00,13159,23.35,81.93,20.57,100.0,71.65,2025.0,7
2025-07-02 07:00:00,13160,26.54,73.07,24.02,91.3,,2025.0,7
2025-07-02 08:00:00,13161,31.56,58.5,28.11,78.67,85.67,2025.0,7
2025-07-02 09:00:00,13162,32.04,55.0,27.88,76.52,61.79,2025.0,7
2025-07-02 10:00:00,13163,32.95,51.97,29.36,72.03,53.73,2025.0,7
2025-07-02 11:00:00,13164,36.88,42.13,31.01,66.73,41.83,2025.0,7
2025-07-02 12:00:00,13165,38.77,38.13,32.48,63.63,41.23,2025.0,7
2025-07-02 13:00:00,13166,35.81,43.37,31.21,65.56,49.74,2025.0,7
2025-07-02 14:00:00,13167,30.92,56.63,28.27,74.5,71.03,2025.0,7
2025-07-02 15:00:00,13168,26.37,75.1,23.39,95.93,62.1,2025.0,7
2025-07-02 16:00:00,13169,27.42,74.17,23.52,100.0,59.37,2025.0,7
2025-07-02 17:00:00,13170,26.69,76.68,23.16,100.0,67.43,2025.0,7
2025-07-02 18:00:00,13171,26.13,77.47,23.37,99.33,62.29,2025.0,7
2025-07-02 19:00:00,13172,25.4,80.13,23.13,98.5,40.22,2025.0,7
2025-07-02 20:00:00,13173,24.63,82.53,21.85,99.8,29.78,2025.0,7
2025-07-02 21:00:00,13174,24.06,82.87,21.21,100.0,34.19,2025.0,7
2025-07-02 22:00:00,13175,23.98,82.63,21.11,100.0,36.96,2025.0,7
2025-07-02 23:00:00,13176,24.06,83.1,21.31,100.0,39.82,2025.0,7
2025-07-03 00:00:00,13177,24.16,83.18,21.44,100.0,47.0,2025.0,7
2025-07-03 01:00:00,13178,24.56,81.7,21.48,100.0,39.33,2025.0,7
2025-07-03 02:00:00,13179,24.93,80.57,21.57,100.0,38.61,2025.0,7
2025-07-03 03:00:00,13180,24.68,81.13,21.43,100.0,47.66,2025.0,7
2025-07-03 04:00:00,13181,24.67,81.97,21.42,100.0,50.74,2025.0,7
2025-07-03 05:00:00,13182,24.81,81.87,21.55,100.0,48.82,2025.0,7
2025-07-03 06:00:00,13183,24.76,82.03,21.71,100.0,60.05,2025.0,7
2025-07-03 07:00:00,13184,27.22,75.37,24.84,94.73,83.05,2025.0,7
2025-07-03 08:00:00,13185,30.37,59.77,26.75,80.77,47.5,2025.0,7
2025-07-03 09:00:00,13186,33.92,48.63,29.94,68.73,36.47,2025.0,7
2025-07-03 10:00:00,13187,32.31,50.87,28.96,70.63,36.97,2025.0,7
2025-07-03 11:00:00,13188,33.53,48.27,29.49,70.5,33.47,2025.0,7
2025-07-03 12:00:00,13189,33.83,47.77,29.73,70.6,33.53,2025.0,7
2025-07-03 13:00:00,13190,34.16,46.9,30.57,68.83,30.3,2025.0,7
2025-07-03 14:00:00,13191,34.07,47.23,31.17,67.8,31.0,2025.0,7
2025-07-03 15:00:00,13192,33.54,48.53,30.82,68.57,30.03,2025.0,7
2025-07-03 16:00:00,13193,30.71,56.9,27.96,76.0,34.03,2025.0,7
2025-07-03 17:00:00,13194,28.29,65.73,25.86,83.33,43.4,2025.0,7
2025-07-03 18:00:00,13195,26.25,74.34,24.28,90.31,53.3,2025.0,7
2025-07-03 19:00:00,13196,25.79,78.53,23.3,96.53,53.65,2025.0,7
2025-07-03 20:00:00,13197,26.17,75.47,23.64,93.77,67.37,2025.0,7
2025-07-03 21:00:00,13198,25.82,71.77,23.58,89.03,44.97,2025.0,7
2025-07-03 22:00:00,13199,25.32,72.2,22.81,90.3,40.57,2025.0,7
2025-07-03 23:00:00,13200,24.48,77.13,22.31,93.9,41.13,2025.0,7
2025-07-04 00:00:00,13201,23.82,77.9,21.72,94.73,19.53,2025.0,7
2025-07-04 01:00:00,13202,23.41,78.37,20.84,96.8,36.27,2025.0,7
2025-07-04 02:00:00,13203,23.65,78.17,20.57,98.93,41.62,2025.0,7
2025-07-04 03:00:00,13204,23.88,77.73,20.99,97.5,35.43,2025.0,7
2025-07-04 04:00:00,13205,23.31,80.67,20.69,99.57,37.54,2025.0,7
2025-07-04 05:00:00,13206,23.77,79.73,20.75,99.97,63.15,2025.0,7
2025-07-04 06:00:00,13207,24.13,78.7,21.1,99.37,70.64,2025.0,7
2025-07-04 07:00:00,13208,25.1,75.0,22.17,94.9,66.82,2025.0,7
2025-07-04 08:00:00,13209,27.39,66.37,24.93,84.78,49.89,2025.0,7
2025-07-04 09:00:00,13210,36.14,43.67,33.8,61.53,42.67,2025.0,7
2025-07-04 10:00:00,13211,35.53,42.9,30.68,67.0,40.97,2025.0,7
2025-07-04 11:00:00,13212,35.08,43.17,30.13,68.0,35.67,2025.0,7
2025-07-04 12:00:00,13213,36.25,41.67,30.74,67.33,33.2,2025.0,7
2025-07-04 13:00:00,13214,35.39,44.23,30.95,68.07,38.53,2025.0,7
2025-07-04 14:00:00,13215,29.22,63.5,26.91,82.2,52.8,2025.0,7
2025-07-04 15:00:00,13216,27.82,68.79,23.52,99.86,47.57,2025.0,7
2025-07-04 16:00:00,13217,28.08,65.73,25.18,89.03,45.1,2025.0,7
2025-07-04 17:00:00,13218,27.44,66.1,24.94,84.23,44.1,2025.0,7
2025-07-04 18:00:00,13219,27.14,68.93,24.49,87.47,52.57,2025.0,7
2025-07-04 19:00:00,13220,26.59,70.37,23.99,88.7,51.5,2025.0,7
2025-07-04 20:00:00,13221,26.26,70.4,23.76,88.57,47.23,2025.0,7
2025-07-04 21:00:00,13222,26.21,70.13,23.29,89.67,40.5,2025.0,7
2025-07-04 22:00:00,13223,25.52,72.17,22.6,91.8,38.33,2025.0,7
2025-07-04 23:00:00,13224,25.03,74.17,22.13,93.83,33.57,2025.0,7
2025-07-05 00:00:00,13225,24.67,75.17,21.73,95.23,25.63,2025.0,7
2025-07-05 01:00:00,13226,24.95,74.47,21.92,94.9,31.33,2025.0,7
2025-07-05 02:00:00,13227,24.6,75.4,21.68,95.17,45.33,2025.0,7
2025-07-05 03:00:00,13228,24.63,75.0,21.67,94.97,41.37,2025.0,7
2025-07-05 04:00:00,13229,24.7,76.0,21.62,96.57,53.83,2025.0,7
2025-07-05 05:00:00,13230,24.59,75.87,21.46,96.87,65.8,2025.0,7
2025-07-05 06:00:00,13231,24.94,75.67,21.83,96.33,78.53,2025.0,7
2025-07-05 07:00:00,13232,26.04,71.3,23.06,91.3,68.0,2025.0,7
2025-07-05 08:00:00,13233,27.79,65.47,24.75,85.33,58.9,2025.0,7
2025-07-05 09:00:00,13234,30.92,56.27,27.71,75.7,45.7,2025.0,7
2025-07-05 10:00:00,13235,34.89,47.0,30.38,68.7,48.83,2025.0,7
2025-07-05 11:00:00,13236,38.51,38.73,32.65,63.63,41.83,2025.0,7
2025-07-05 12:00:00,13237,36.62,41.8,31.62,65.7,43.87,2025.0,7
2025-07-05 13:00:00,13238,31.14,54.63,28.33,73.5,49.4,2025.0,7
2025-07-05 14:00:00,13239,27.46,66.2,23.51,94.53,58.33,2025.0,7
2025-07-05 15:00:00,13240,27.19,66.33,25.44,84.6,47.9,2025.0,7
2025-07-05 16:00:00,13241,29.04,61.07,26.52,78.47,41.63,2025.0,7
2025-07-05 17:00:00,13242,27.83,65.7,24.89,84.8,46.23,2025.0,7
2025-07-05 18:00:00,13243,26.2,72.5,23.96,89.97,53.57,2025.0,7
2025-07-05 19:00:00,13244,25.1,75.87,21.32,100.0,42.37,2025.0,7
2025-07-05 20:00:00,13245,25.01,77.33,21.34,100.0,43.77,2025.0,7
2025-07-05 21:00:00,13246,24.87,78.27,21.85,100.0,43.98,2025.0,7
2025-07-05 22:00:00,13247,24.93,78.9,22.18,99.67,50.4,2025.0,7
2025-07-05 23:00:00,13248,24.42,81.8,21.61,99.97,52.86,2025.0,7
2025-07-06 00:00:00,13249,24.61,79.2,21.1,100.0,47.95,2025.0,7
2025-07-06 01:00:00,13250,23.95,81.97,21.05,100.0,53.71,2025.0,7
2025-07-06 02:00:00,13251,24.1,81.93,21.17,100.0,59.43,2025.0,7
2025-07-06 03:00:00,13252,24.31,81.83,21.36,100.0,57.06,2025.0,7
2025-07-06 04:00:00,13253,24.47,80.63,21.38,100.0,51.14,2025.0,7
2025-07-06 05:00:00,13254,24.35,81.77,21.24,100.0,60.75,2025.0,7
2025-07-06 06:00:00,13255,24.32,82.3,21.14,100.0,54.85,2025.0,7
2025-07-06 07:00:00,13256,24.75,81.0,21.36,100.0,56.62,2025.0,7
2025-07-06 08:00:00,13257,31.09,62.5,27.94,89.97,66.9,2025.0,7
2025-07-06 09:00:00,13258,36.6,44.9,34.09,62.63,44.1,2025.0,7
2025-07-06 10:00:00,13259,37.05,42.87,32.23,66.13,49.53,2025.0,7
2025-07-06 11:00:00,13260,39.17,36.3,33.5,59.7,34.7,2025.0,7
2025-07-06 12:00:00,13261,33.52,47.67,30.9,66.57,43.17,2025.0,7
2025-07-06 13:00:00,13262,28.48,65.03,26.45,84.17,46.07,2025.0,7
2025-07-06 14:00:00,13263,29.18,64.4,26.7,82.3,49.0,2025.0,7
2025-07-06 15:00:00,13264,26.51,70.8,23.52,93.73,43.87,2025.0,7
2025-07-06 16:00:00,13265,25.8,74.53,22.35,98.4,44.5,2025.0,7
2025-07-06 17:00:00,13266,25.19,76.0,21.73,100.0,49.67,2025.0,7
2025-07-06 18:00:00,13267,24.39,80.37,22.01,99.5,43.3,2025.0,7
2025-07-06 19:00:00,13268,24.4,80.55,22.22,98.34,42.72,2025.0,7
2025-07-06 20:00:00,13269,24.46,78.37,21.98,97.0,49.94,2025.0,7
2025-07-06 21:00:00,13270,24.05,79.63,21.63,97.83,56.81,2025.0,7
2025-07-06 22:00:00,13271,23.53,81.77,21.12,100.0,66.44,2025.0,7
2025-07-06 23:00:00,13272,23.67,81.07,21.41,98.93,60.83,2025.0,7
2025-07-07 00:00:00,13273,23.71,81.67,21.51,99.1,60.43,2025.0,7
2025-07-07 01:00:00,13274,23.93,75.43,21.59,93.5,56.17,2025.0,7
2025-07-07 02:00:00,13275,23.88,79.8,21.51,97.7,54.24,2025.0,7
2025-07-07 03:00:00,13276,23.99,80.33,20.9,100.0,50.69,2025.0,7
2025-07-07 04:00:00,13277,23.89,80.57,20.83,100.0,56.46,2025.0,7
2025-07-07 05:00:00,13278,23.54,83.37,20.83,100.0,70.39,2025.0,7
2025-07-07 06:00:00,13279,24.08,81.37,21.47,98.83,64.06,2025.0,7
2025-07-07 07:00:00,13280,27.52,69.57,24.57,89.23,92.53,2025.0,7
2025-07-07 10:00:00,13283,33.43,50.13,30.42,68.47,37.07,2025.0,7
2025-07-07 11:00:00,13284,33.68,48.47,30.4,68.83,36.23,2025.0,7
2025-07-07 12:00:00,13285,35.91,43.4,31.38,66.73,34.13,2025.0,7
2025-07-07 13:00:00,13286,34.6,44.67,31.04,66.0,29.5,2025.0,7
2025-07-07 14:00:00,13287,28.45,65.97,26.97,80.23,59.77,2025.0,7
2025-07-07 15:00:00,13288,27.89,68.0,26.41,82.53,55.93,2025.0,7
2025-07-07 16:00:00,13289,26.93,72.1,24.07,91.47,60.62,2025.0,7
2025-07-07 17:00:00,13290,23.88,83.23,21.1,100.0,34.21,2025.0,7
2025-07-07 18:00:00,13291,24.46,81.07,21.21,100.0,35.04,2025.0,7
2025-07-07 19:00:00,13292,24.87,81.14,21.49,100.0,39.1,2025.0,7
2025-07-07 20:00:00,13293,25.14,79.63,21.54,100.0,45.25,2025.0,7
2025-07-07 21:00:00,13294,25.01,79.93,21.56,100.0,53.91,2025.0,7
2025-07-07 22:00:00,13295,24.7,81.92,21.69,100.0,57.36,2025.0,7
2025-07-08 00:00:00,13297,23.97,83.77,21.37,100.0,52.71,2025.0,7
2025-07-08 01:00:00,13298,23.8,84.13,21.06,100.0,31.51,2025.0,7
2025-07-08 02:00:00,13299,24.09,82.77,21.04,100.0,29.9,2025.0,7
2025-07-08 03:00:00,13300,24.55,80.67,21.02,100.0,30.24,2025.0,7
2025-07-08 04:00:00,13301,24.19,81.97,20.87,100.0,37.97,2025.0,7
2025-07-08 05:00:00,13302,24.38,82.23,21.13,100.0,37.99,2025.0,7
2025-07-08 06:00:00,13303,24.67,82.0,21.58,100.0,69.27,2025.0,7
2025-07-08 07:00:00,13304,27.98,70.63,25.07,93.8,68.03,2025.0,7
2025-07-08 08:00:00,13305,31.18,59.63,27.63,80.7,54.83,2025.0,7
2025-07-08 09:00:00,13306,31.81,55.23,29.55,71.7,41.37,2025.0,7
2025-07-08 10:00:00,13307,32.39,52.3,29.73,69.5,35.07,2025.0,7
2025-07-08 11:00:00,13308,32.68,50.37,29.08,69.83,28.33,2025.0,7
2025-07-08 12:00:00,13309,32.67,50.07,29.67,68.0,25.93,2025.0,7
2025-07-08 13:00:00,13310,35.02,45.59,31.84,64.31,26.69,2025.0,7
2025-07-08 14:00:00,13311,34.35,48.33,31.19,67.73,35.03,2025.0,7
2025-07-08 15:00:00,13312,30.26,62.43,28.43,77.71,46.79,2025.0,7
2025-07-08 16:00:00,13313,28.76,67.1,26.91,82.5,47.8,2025.0,7
2025-07-08 17:00:00,13314,27.38,71.9,25.25,88.53,50.73,2025.0,7
2025-07-08 18:00:00,13315,26.92,73.73,24.42,91.8,60.37,2025.0,7
2025-07-08 19:00:00,13316,26.2,77.83,24.03,94.77,74.07,2025.0,7
2025-07-08 20:00:00,13317,26.09,78.2,23.77,95.67,63.37,2025.0,7
2025-07-08 21:00:00,13318,26.23,77.43,23.49,96.33,69.63,2025.0,7
2025-07-08 22:00:00,13319,26.39,70.87,23.69,92.03,50.5,2025.0,7
2025-07-08 23:00:00,13320,25.78,74.37,22.96,93.57,49.87,2025.0,7
2025-07-09 00:00:00,13321,25.5,75.17,22.82,94.14,44.38,2025.0,7
2025-07-09 01:00:00,13322,24.92,75.8,22.23,94.57,39.9,2025.0,7
2025-07-09 02:00:00,13323,24.13,75.87,21.57,94.27,35.3,2025.0,7
2025-07-09 03:00:00,13324,23.51,73.87,21.15,91.7,32.5,2025.0,7
2025-07-09 04:00:00,13325,23.09,72.13,21.0,88.97,30.77,2025.0,7
2025-07-09 05:00:00,13326,23.03,69.7,20.91,86.5,30.03,2025.0,7
2025-07-09 06:00:00,13327,24.52,65.3,22.56,81.53,30.7,2025.0,7
2025-07-09 07:00:00,13328,26.93,58.67,24.69,75.53,32.63,2025.0,7
2025-07-09 08:00:00,13329,28.66,49.62,25.86,67.55,26.34,2025.0,7
2025-07-09 09:00:00,13330,30.02,44.7,27.92,62.6,21.87,2025.0,7
2025-07-09 10:00:00,13331,30.92,40.53,28.16,59.37,17.6,2025.0,7
2025-07-09 11:00:00,13332,32.11,39.0,28.1,60.28,18.24,2025.0,7
2025-07-09 12:00:00,13333,33.58,35.93,28.74,57.93,17.97,2025.0,7
2025-07-09 13:00:00,13334,34.63,34.62,30.37,54.86,19.69,2025.0,7
2025-07-09 14:00:00,13335,35.52,33.73,32.2,51.73,22.0,2025.0,7
2025-07-09 15:00:00,13336,35.6,33.23,32.86,49.37,23.07,2025.0,7
2025-07-09 16:00:00,13337,33.39,41.33,30.02,60.4,29.63,2025.0,7
2025-07-09 17:00:00,13338,28.56,55.17,25.89,72.87,42.77,2025.0,7
2025-07-09 18:00:00,13339,27.17,59.1,24.48,76.67,46.53,2025.0,7
2025-07-09 19:00:00,13340,25.63,64.53,23.39,80.93,44.33,2025.0,7
2025-07-09 20:00:00,13341,25.13,66.63,22.54,84.63,42.9,2025.0,7
2025-07-09 21:00:00,13342,24.47,69.33,21.77,87.8,45.77,2025.0,7
2025-07-09 22:00:00,13343,24.31,70.43,21.38,89.87,59.87,2025.0,7
2025-07-09 23:00:00,13344,23.86,71.87,20.8,91.9,58.33,2025.0,7
2025-07-10 00:00:00,13345,23.21,72.4,20.26,92.07,56.07,2025.0,7
2025-07-10 01:00:00,13346,22.64,69.67,19.73,89.2,36.3,2025.0,7
2025-07-10 02:00:00,13347,22.45,69.1,19.52,88.8,36.87,2025.0,7
2025-07-10 03:00:00,13348,21.83,71.2,18.92,90.67,45.83,2025.0,7
2025-07-10 04:00:00,13349,21.55,69.62,18.45,89.79,53.07,2025.0,7
2025-07-10 05:00:00,13350,21.54,68.47,18.49,88.37,51.43,2025.0,7
2025-07-10 06:00:00,13351,21.59,72.63,19.62,89.07,79.3,2025.0,7
2025-07-10 07:00:00,13352,27.6,54.0,25.38,70.37,64.3,2025.0,7
2025-07-10 08:00:00,13353,30.18,44.13,25.76,66.8,48.13,2025.0,7
2025-07-10 09:00:00,13354,30.98,41.46,28.04,61.11,45.29,2025.0,7
2025-07-10 10:00:00,13355,33.74,36.13,29.69,56.3,38.57,2025.0,7
2025-07-10 11:00:00,13356,37.63,29.79,30.72,52.93,41.04,2025.0,7
2025-07-10 12:00:00,13357,38.1,27.55,31.15,49.41,39.97,2025.0,7
2025-07-10 13:00:00,13358,38.85,27.47,32.56,47.73,43.7,2025.0,7
2025-07-10 14:00:00,13359,34.46,43.26,31.82,61.52,63.56,2025.0,7
2025-07-10 15:00:00,13360,31.85,47.37,30.63,63.43,53.8,2025.0,7
2025-07-10 16:00:00,13361,31.03,46.67,29.36,63.53,46.43,2025.0,7
2025-07-10 17:00:00,13362,28.18,57.03,25.85,74.17,52.53,2025.0,7
2025-07-10 18:00:00,13363,27.42,59.9,24.73,77.34,56.41,2025.0,7
2025-07-10 19:00:00,13364,26.92,64.1,24.3,81.7,57.9,2025.0,7
2025-07-10 20:00:00,13365,26.12,67.8,23.49,85.63,66.9,2025.0,7
2025-07-10 21:00:00,13366,24.75,71.93,22.37,89.3,55.73,2025.0,7
2025-07-10 22:00:00,13367,23.83,74.97,21.62,91.8,79.67,2025.0,7
2025-07-10 23:00:00,13368,23.58,75.7,21.08,93.5,68.13,2025.0,7
2025-07-11 00:00:00,13369,23.33,75.57,20.52,94.77,57.0,2025.0,7
2025-07-11 01:00:00,13370,23.1,73.39,20.58,91.57,46.46,2025.0,7
2025-07-11 02:00:00,13371,22.92,71.73,20.27,90.17,41.37,2025.0,7
2025-07-11 03:00:00,13372,22.34,75.47,19.87,93.37,59.17,2025.0,7
2025-07-11 04:00:00,13373,22.81,73.57,20.21,91.87,47.1,2025.0,7
2025-07-11 05:00:00,13374,22.66,72.67,19.86,91.67,36.67,2025.0,7
2025-07-11 06:00:00,13375,23.14,71.27,20.34,90.43,42.93,2025.0,7
2025-07-11 07:00:00,13376,25.9,64.2,23.12,83.0,64.4,2025.0,7
2025-07-11 08:00:00,13377,31.38,50.57,27.74,70.3,79.37,2025.0,7
2025-07-11 09:00:00,13378,32.36,48.77,28.92,69.87,79.77,2025.0,7
2025-07-11 10:00:00,13379,34.04,45.21,29.99,68.07,69.14,2025.0,7
2025-07-11 11:00:00,13380,36.26,40.37,30.94,65.03,68.0,2025.0,7
2025-07-11 12:00:00,13381,31.78,49.07,28.63,70.5,81.23,2025.0,7
2025-07-11 13:00:00,13382,30.6,54.0,29.03,71.4,69.53,2025.0,7
2025-07-11 14:00:00,13383,32.16,49.83,30.23,68.43,61.4,2025.0,7
2025-07-11 15:00:00,13384,31.05,54.23,28.96,73.03,72.7,2025.0,7
2025-07-11 16:00:00,13385,29.53,59.07,27.16,76.83,73.53,2025.0,7
2025-07-11 17:00:00,13386,28.32,63.17,25.36,81.76,73.14,2025.0,7
2025-07-11 18:00:00,13387,26.87,67.93,23.79,87.21,74.5,2025.0,7
2025-07-11 19:00:00,13388,26.07,70.67,23.03,90.67,82.3,2025.0,7
2025-07-11 20:00:00,13389,25.28,73.73,22.44,92.73,90.23,2025.0,7
2025-07-11 21:00:00,13390,25.27,73.5,22.46,92.77,,2025.0,7
2025-07-11 22:00:00,13391,25.29,72.83,22.21,92.9,,2025.0,7
2025-07-11 23:00:00,13392,25.03,73.66,21.94,93.76,,2025.0,7
2025-07-12 00:00:00,13393,24.75,74.14,21.76,94.1,,2025.0,7
2025-07-12 01:00:00,13394,23.99,77.73,20.78,98.77,,2025.0,7
2025-07-12 02:00:00,13395,23.37,79.13,20.49,99.3,,2025.0,7
2025-07-12 03:00:00,13396,23.12,78.8,19.98,99.73,,2025.0,7
2025-07-12 04:00:00,13397,22.72,79.4,19.72,100.0,,2025.0,7
2025-07-12 05:00:00,13398,22.47,79.93,19.36,100.0,,2025.0,7
2025-07-12 06:00:00,13399,22.3,79.87,20.06,97.13,,2025.0,7
2025-07-12 07:00:00,13400,27.17,64.0,25.02,80.73,,2025.0,7
2025-07-12 08:00:00,13401,32.7,50.67,29.76,68.9,,2025.0,7
2025-07-12 09:00:00,13402,35.09,44.97,30.91,66.87,,2025.0,7
2025-07-12 10:00:00,13403,34.99,44.57,30.41,67.77,93.47,2025.0,7
2025-07-12 11:00:00,13404,34.85,43.97,29.97,68.13,74.7,2025.0,7
2025-07-12 12:00:00,13405,34.78,43.37,30.25,67.03,62.67,2025.0,7
2025-07-12 13:00:00,13406,35.89,39.27,31.6,61.43,49.73,2025.0,7
2025-07-12 14:00:00,13407,35.47,33.69,32.37,51.24,39.21,2025.0,7
2025-07-12 15:00:00,13408,32.99,36.3,30.36,53.13,37.8,2025.0,7
2025-07-12 16:00:00,13409,31.13,48.17,28.75,66.5,50.93,2025.0,7
2025-07-12 17:00:00,13410,28.6,59.03,26.18,75.9,63.93,2025.0,7
2025-07-12 18:00:00,13411,27.01,64.7,24.52,81.77,80.1,2025.0,7
2025-07-12 19:00:00,13412,26.32,67.0,23.34,85.9,84.03,2025.0,7
2025-07-12 20:00:00,13413,25.37,73.13,22.6,91.9,,2025.0,7
2025-07-12 21:00:00,13414,24.18,76.33,22.01,93.23,,2025.0,7
2025-07-12 22:00:00,13415,24.58,73.7,22.06,91.73,,2025.0,7
2025-07-12 23:00:00,13416,24.96,73.97,22.15,93.07,,2025.0,7
2025-07-13 00:00:00,13417,24.52,75.67,21.6,95.23,,2025.0,7
2025-07-13 01:00:00,13418,24.3,76.8,21.52,96.33,,2025.0,7
2025-07-13 02:00:00,13419,24.36,75.9,21.34,96.07,,2025.0,7
2025-07-13 03:00:00,13420,24.28,75.7,21.23,95.93,,2025.0,7
2025-07-13 04:00:00,13421,23.93,77.6,21.07,97.23,,2025.0,7
2025-07-13 05:00:00,13422,24.0,76.27,21.26,95.53,,2025.0,7
2025-07-13 06:00:00,13423,24.85,72.87,22.85,89.77,,2025.0,7
2025-07-13 07:00:00,13424,30.05,58.0,27.3,75.87,,2025.0,7
2025-07-13 08:00:00,13425,30.61,55.31,27.56,73.83,64.72,2025.0,7
2025-07-13 09:00:00,13426,30.79,54.0,28.82,69.53,42.8,2025.0,7
2025-07-13 10:00:00,13427,32.15,49.63,29.58,66.03,32.4,2025.0,7
2025-07-13 11:00:00,13428,33.04,48.48,29.58,66.93,35.45,2025.0,7
2025-07-13 12:00:00,13429,33.43,47.66,30.72,67.83,36.52,2025.0,7
2025-07-13 13:00:00,13430,32.87,49.79,30.26,69.97,40.66,2025.0,7
2025-07-13 14:00:00,13431,32.21,50.57,29.48,70.67,38.2,2025.0,7
2025-07-13 15:00:00,13432,29.73,59.73,27.64,75.6,55.03,2025.0,7
2025-07-13 16:00:00,13433,26.75,71.0,24.11,90.3,49.73,2025.0,7
2025-07-13 17:00:00,13434,26.67,72.89,22.78,99.96,65.22,2025.0,7
2025-07-13 18:00:00,13435,26.24,75.77,23.09,96.7,57.9,2025.0,7
2025-07-13 19:00:00,13436,24.87,80.57,21.73,100.0,32.58,2025.0,7
2025-07-13 20:00:00,13437,25.29,79.9,21.8,100.0,34.57,2025.0,7
2025-07-13 21:00:00,13438,25.2,80.27,21.76,100.0,49.25,2025.0,7
2025-07-13 22:00:00,13439,25.09,78.53,21.65,100.0,59.11,2025.0,7
2025-07-13 23:00:00,13440,25.02,79.0,21.6,100.0,57.15,2025.0,7
2025-07-14 00:00:00,13441,24.86,81.6,21.77,100.0,62.67,2025.0,7
2025-07-14 01:00:00,13442,25.08,78.13,21.87,100.0,53.16,2025.0,7
2025-07-14 02:00:00,13443,24.71,78.3,22.02,98.7,48.63,2025.0,7
2025-07-14 03:00:00,13444,24.6,77.16,21.99,96.36,41.48,2025.0,7
2025-07-14 04:00:00,13445,24.93,76.03,21.95,96.57,43.4,2025.0,7
2025-07-14 05:00:00,13446,25.0,76.1,22.07,96.27,53.47,2025.0,7
2025-07-14 06:00:00,13447,24.2,78.1,21.68,96.55,44.86,2025.0,7
2025-07-14 07:00:00,13448,23.19,84.07,20.65,100.0,26.5,2025.0,7
2025-07-14 09:00:00,13450,29.04,65.79,23.99,99.93,39.38,2025.0,7
2025-07-14 10:00:00,13451,29.73,61.93,27.01,85.76,39.45,2025.0,7
2025-07-14 11:00:00,13452,30.61,57.22,28.42,73.74,40.33,2025.0,7
2025-07-14 12:00:00,13453,32.32,51.83,29.3,70.79,39.66,2025.0,7
2025-07-14 13:00:00,13454,32.33,50.8,29.95,69.6,39.37,2025.0,7
2025-07-14 14:00:00,13455,30.96,53.89,28.97,71.59,39.81,2025.0,7
2025-07-14 15:00:00,13456,29.53,58.21,27.67,74.83,42.9,2025.0,7
2025-07-14 16:00:00,13457,29.7,58.57,27.52,76.27,43.6,2025.0,7
2025-07-14 17:00:00,13458,27.88,63.41,25.4,80.9,45.62,2025.0,7
2025-07-14 18:00:00,13459,26.49,66.83,24.38,83.24,47.79,2025.0,7
2025-07-14 19:00:00,13460,25.91,69.4,23.69,86.0,45.93,2025.0,7
2025-07-14 20:00:00,13461,25.53,70.87,23.01,88.63,46.53,2025.0,7
2025-07-14 21:00:00,13462,25.03,71.93,22.52,90.0,43.53,2025.0,7
2025-07-14 22:00:00,13463,24.8,69.2,22.11,87.73,42.4,2025.0,7
2025-07-14 23:00:00,13464,24.54,68.67,21.63,87.83,44.17,2025.0,7
2025-07-15 00:00:00,13465,24.26,69.5,21.42,88.4,54.93,2025.0,7
2025-07-15 01:00:00,13466,23.88,68.54,21.1,87.57,59.79,2025.0,7
2025-07-15 02:00:00,13467,23.37,68.8,20.61,87.3,50.47,2025.0,7
2025-07-15 03:00:00,13468,22.55,69.59,19.8,88.28,45.66,2025.0,7
2025-07-15 04:00:00,13469,22.12,69.97,19.32,88.97,41.4,2025.0,7
2025-07-15 05:00:00,13470,21.85,71.07,19.19,89.83,44.17,2025.0,7
2025-07-15 06:00:00,13471,22.94,67.23,20.77,84.37,54.27,2025.0,7
2025-07-15 07:00:00,13472,28.13,57.7,25.72,75.1,77.7,2025.0,7
2025-07-15 08:00:00,13473,33.28,43.13,29.38,65.33,55.63,2025.0,7
2025-07-15 09:00:00,13474,36.79,34.6,32.94,53.5,38.23,2025.0,7
2025-07-15 10:00:00,13475,36.35,34.47,31.39,55.47,28.93,2025.0,7
2025-07-15 11:00:00,13476,35.97,34.8,30.81,56.43,29.0,2025.0,7
2025-07-15 12:00:00,13477,34.98,36.7,31.06,56.57,29.57,2025.0,7
2025-07-15 13:00:00,13478,37.07,34.73,32.57,55.0,28.63,2025.0,7
2025-07-15 14:00:00,13479,38.42,33.1,33.64,53.03,31.83,2025.0,7
2025-07-15 15:00:00,13480,31.98,48.59,29.27,68.03,39.17,2025.0,7
2025-07-15 16:00:00,13481,31.0,52.3,28.17,72.7,41.33,2025.0,7
2025-07-15 17:00:00,13482,29.2,57.93,26.47,76.9,43.5,2025.0,7
2025-07-15 18:00:00,13483,28.36,60.1,25.47,78.4,45.6,2025.0,7
2025-07-15 19:00:00,13484,27.94,60.73,25.02,79.3,54.0,2025.0,7
2025-07-15 20:00:00,13485,27.35,62.97,24.29,82.07,64.97,2025.0,7
2025-07-15 21:00:00,13486,26.67,65.53,23.72,84.17,66.37,2025.0,7
2025-07-15 22:00:00,13487,25.73,69.6,22.98,87.97,49.77,2025.0,7
2025-07-15 23:00:00,13488,25.09,72.47,22.35,91.0,48.93,2025.0,7
2025-07-16 00:00:00,13489,24.36,74.97,21.7,93.7,44.97,2025.0,7
2025-07-16 01:00:00,13490,24.19,75.77,21.29,95.4,54.1,2025.0,7
2025-07-16 02:00:00,13491,23.5,77.97,20.81,97.17,,2025.0,7
2025-07-16 03:00:00,13492,23.96,75.3,20.92,95.43,85.43,2025.0,7
2025-07-16 04:00:00,13493,23.56,77.7,20.44,98.37,,2025.0,7
2025-07-16 05:00:00,13494,23.05,78.5,19.87,99.83,,2025.0,7
2025-07-16 06:00:00,13495,23.51,77.1,20.83,96.4,,2025.0,7
2025-07-16 07:00:00,13496,27.85,64.13,25.48,81.63,,2025.0,7
2025-07-16 08:00:00,13497,32.97,49.2,28.42,70.93,70.43,2025.0,7
2025-07-16 09:00:00,13498,34.69,44.33,30.53,66.67,54.23,2025.0,7
2025-07-16 10:00:00,13499,35.73,42.23,31.34,64.93,44.37,2025.0,7
2025-07-16 11:00:00,13500,35.33,41.83,30.86,64.67,34.83,2025.0,7
2025-07-16 12:00:00,13501,36.82,37.93,31.72,61.07,29.17,2025.0,7
2025-07-16 13:00:00,13502,36.81,39.3,32.94,59.97,32.8,2025.0,7
2025-07-16 14:00:00,13503,34.16,45.53,31.26,65.1,34.13,2025.0,7
2025-07-16 15:00:00,13504,30.97,56.0,28.14,74.33,70.07,2025.0,7
2025-07-16 16:00:00,13505,29.47,62.33,27.11,79.1,94.13,2025.0,7
2025-07-16 18:00:00,13507,27.25,71.52,24.02,93.39,,2025.0,7
2025-07-16 19:00:00,13508,26.36,71.9,23.01,95.79,66.79,2025.0,7
2025-07-16 20:00:00,13509,25.9,69.41,23.69,86.34,37.55,2025.0,7
2025-07-16 21:00:00,13510,25.53,69.87,23.29,87.0,33.73,2025.0,7
2025-07-16 22:00:00,13511,25.44,69.57,23.15,86.57,31.27,2025.0,7
2025-07-16 23:00:00,13512,25.05,70.57,22.62,88.1,25.47,2025.0,7
2025-07-17 00:00:00,13513,24.47,72.63,21.69,91.63,27.63,2025.0,7
2025-07-17 01:00:00,13514,23.79,74.37,21.08,93.07,29.3,2025.0,7
2025-07-17 02:00:00,13515,23.69,74.03,20.81,93.33,33.17,2025.0,7
2025-07-17 03:00:00,13516,23.34,75.27,20.32,95.23,32.13,2025.0,7
2025-07-17 04:00:00,13517,22.93,75.97,20.16,95.23,34.4,2025.0,7
2025-07-17 05:00:00,13518,22.65,77.6,19.64,97.83,46.18,2025.0,7
2025-07-17 06:00:00,13519,23.48,76.23,21.04,94.57,74.78,2025.0,7
2025-07-17 07:00:00,13520,27.61,62.4,25.5,79.0,72.0,2025.0,7
2025-07-17 08:00:00,13521,32.57,49.0,27.97,70.57,54.83,2025.0,7
2025-07-17 09:00:00,13522,33.13,46.0,29.48,66.79,36.0,2025.0,7
2025-07-17 10:00:00,13523,32.04,48.03,28.74,68.57,33.97,2025.0,7
2025-07-17 11:00:00,13524,35.11,41.47,30.23,65.27,32.93,2025.0,7
2025-07-17 12:00:00,13525,36.51,36.8,30.92,60.87,21.17,2025.0,7
2025-07-17 13:00:00,13526,36.22,36.53,32.17,56.9,20.3,2025.0,7
2025-07-17 14:00:00,13527,36.92,32.0,33.62,49.17,17.9,2025.0,7
2025-07-17 15:00:00,13528,36.76,32.75,33.8,48.93,25.71,2025.0,7
2025-07-17 16:00:00,13529,34.95,41.45,31.62,60.21,40.59,2025.0,7
2025-07-17 17:00:00,13530,30.27,57.48,27.62,75.0,61.78,2025.0,7
2025-07-18 11:00:00,13548,37.66,35.33,32.27,57.7,54.3,2025.0,7
2025-07-18 12:00:00,13549,38.91,32.07,32.7,54.57,51.47,2025.0,7
2025-07-18 13:00:00,13550,36.66,35.6,31.67,57.03,50.5,2025.0,7
2025-07-18 14:00:00,13551,34.48,39.57,31.34,58.7,54.63,2025.0,7
2025-07-18 15:00:00,13552,35.25,39.77,32.15,58.33,60.17,2025.0,7
2025-07-18 16:00:00,13553,30.63,49.1,28.61,66.4,66.3,2025.0,7
2025-07-18 17:00:00,13554,29.22,54.7,26.55,72.4,62.63,2025.0,7
2025-07-18 18:00:00,13555,28.3,58.47,25.43,76.33,61.17,2025.0,7
2025-07-18 19:00:00,13556,27.17,62.9,24.41,80.8,71.43,2025.0,7
2025-07-18 20:00:00,13557,26.74,64.53,24.02,82.53,80.1,2025.0,7
2025-07-18 21:00:00,13558,26.59,66.17,23.71,84.63,88.33,2025.0,7
2025-07-18 22:00:00,13559,25.47,75.93,23.01,93.41,,2025.0,7
2025-07-19 01:00:00,13562,24.6,69.62,21.5,89.35,56.85,2025.0,7
2025-07-19 02:00:00,13563,24.3,71.07,21.1,91.27,74.97,2025.0,7
2025-07-19 03:00:00,13564,22.94,74.33,19.93,94.23,90.93,2025.0,7
2025-07-19 04:00:00,13565,22.09,73.4,19.31,92.5,79.17,2025.0,7
2025-07-19 05:00:00,13566,21.5,74.77,18.86,93.53,84.57,2025.0,7
2025-07-19 06:00:00,13567,22.02,73.97,19.86,91.17,,2025.0,7
2025-07-19 07:00:00,13568,28.77,54.27,27.79,67.73,94.37,2025.0,7
2025-07-19 08:00:00,13569,33.41,43.77,28.43,67.37,78.87,2025.0,7
2025-07-19 09:00:00,13570,34.71,39.0,30.42,60.9,50.63,2025.0,7
2025-07-19 10:00:00,13571,34.23,38.4,30.13,59.27,34.93,2025.0,7
2025-07-19 11:00:00,13572,33.61,37.83,29.99,57.83,28.34,2025.0,7
2025-07-19 12:00:00,13573,34.98,35.17,31.11,54.57,24.03,2025.0,7
2025-07-19 13:00:00,13574,35.4,35.73,31.81,54.67,31.67,2025.0,7
2025-07-19 14:00:00,13575,36.98,34.33,33.46,52.46,33.04,2025.0,7
2025-07-19 15:00:00,13576,34.97,38.08,30.93,58.2,34.8,2025.0,7
2025-07-19 16:00:00,13577,31.95,44.79,29.13,63.76,32.24,2025.0,7
2025-07-19 17:00:00,13578,29.48,53.23,26.81,71.03,35.8,2025.0,7
2025-07-19 18:00:00,13579,27.85,57.87,25.33,74.8,39.87,2025.0,7
2025-07-19 19:00:00,13580,27.08,61.5,24.52,78.37,45.13,2025.0,7
2025-07-19 20:00:00,13581,26.59,65.67,23.44,84.93,59.8,2025.0,7
2025-07-19 21:00:00,13582,25.69,65.87,23.26,83.13,49.43,2025.0,7
2025-07-19 22:00:00,13583,25.56,60.87,22.96,78.23,38.47,2025.0,7
2025-07-19 23:00:00,13584,25.01,61.57,22.28,79.43,28.8,2025.0,7
2025-07-20 00:00:00,13585,24.31,65.76,21.46,84.17,41.31,2025.0,7
2025-07-20 01:00:00,13586,23.51,68.69,20.49,88.1,39.59,2025.0,7
2025-07-20 02:00:00,13587,22.89,70.97,19.7,91.27,44.33,2025.0,7
2025-07-20 03:00:00,13588,22.52,73.5,19.29,93.93,70.03,2025.0,7
2025-07-20 04:00:00,13589,21.57,75.93,18.75,95.33,87.47,2025.0,7
2025-07-20 05:00:00,13590,21.31,76.4,18.01,97.33,90.23,2025.0,7
2025-07-20 06:00:00,13591,21.89,74.03,20.29,89.7,,2025.0,7
2025-07-20 07:00:00,13592,27.59,57.3,25.57,72.87,89.0,2025.0,7
2025-07-20 08:00:00,13593,33.38,43.1,28.5,66.2,59.1,2025.0,7
2025-07-20 09:00:00,13594,33.74,40.7,29.84,62.03,41.73,2025.0,7
2025-07-20 10:00:00,13595,35.23,35.6,30.97,56.0,13.43,2025.0,7
2025-07-20 11:00:00,13596,37.46,31.93,32.69,51.8,19.33,2025.0,7
2025-07-20 12:00:00,13597,37.08,32.73,32.01,53.2,26.63,2025.0,7
2025-07-20 13:00:00,13598,37.16,33.23,32.59,52.9,31.57,2025.0,7
2025-07-20 14:00:00,13599,34.73,37.43,32.0,54.87,39.2,2025.0,7
2025-07-20 15:00:00,13600,33.66,40.2,31.29,57.47,39.37,2025.0,7
2025-07-20 16:00:00,13601,31.63,44.67,28.77,63.77,34.13,2025.0,7
2025-07-20 17:00:00,13602,29.32,52.17,26.73,70.57,36.07,2025.0,7
2025-07-20 18:00:00,13603,27.99,55.87,25.65,73.4,39.77,2025.0,7
2025-07-20 19:00:00,13604,27.3,61.0,24.45,78.7,48.57,2025.0,7
2025-07-20 20:00:00,13605,26.28,67.2,23.12,86.77,52.07,2025.0,7
2025-07-20 21:00:00,13606,25.4,65.03,22.54,83.73,44.73,2025.0,7
2025-07-20 22:00:00,13607,24.93,64.43,22.1,82.83,36.67,2025.0,7
2025-07-20 23:00:00,13608,24.55,65.9,21.53,84.9,34.43,2025.0,7
2025-07-21 00:00:00,13609,23.88,68.3,20.89,87.5,38.0,2025.0,7
2025-07-21 01:00:00,13610,23.38,70.07,20.3,89.9,33.27,2025.0,7
2025-07-21 02:00:00,13611,22.98,70.67,20.04,89.97,30.83,2025.0,7
2025-07-21 03:00:00,13612,22.6,70.77,19.89,89.4,26.33,2025.0,7
2025-07-21 04:00:00,13613,22.38,72.27,19.44,91.67,39.33,2025.0,7
2025-07-21 05:00:00,13614,21.98,72.67,19.13,92.07,40.87,2025.0,7
2025-07-21 06:00:00,13615,22.62,72.53,19.99,91.2,67.8,2025.0,7
2025-07-21 07:00:00,13616,27.89,55.8,25.18,73.47,86.63,2025.0,7
2025-07-21 08:00:00,13617,31.81,45.13,26.88,68.7,54.93,2025.0,7
2025-07-21 09:00:00,13618,33.6,40.6,29.23,63.37,38.0,2025.0,7
2025-07-21 10:00:00,13619,34.88,38.2,30.22,60.3,36.27,2025.0,7
2025-07-21 11:00:00,13620,35.4,36.03,29.87,59.17,28.77,2025.0,7
2025-07-21 12:00:00,13621,38.23,31.5,31.68,54.73,31.0,2025.0,7
2025-07-21 13:00:00,13622,37.03,33.77,32.22,54.23,37.47,2025.0,7
2025-07-21 14:00:00,13623,33.72,39.47,30.2,59.33,42.5,2025.0,7
2025-07-21 15:00:00,13624,32.93,43.9,29.63,63.67,54.23,2025.0,7
2025-07-21 16:00:00,13625,31.75,47.13,28.87,66.27,46.83,2025.0,7
2025-07-21 17:00:00,13626,28.6,55.4,26.15,72.47,42.03,2025.0,7
2025-07-21 18:00:00,13627,26.63,63.3,24.18,80.07,57.7,2025.0,7
2025-07-21 19:00:00,13628,25.33,68.39,23.04,85.04,58.46,2025.0,7
2025-07-21 22:00:00,13631,23.5,71.34,20.88,89.55,54.45,2025.0,7
2025-07-22 07:00:00,13640,28.31,53.25,25.96,69.79,77.86,2025.0,7
2025-07-22 08:00:00,13641,32.1,44.73,27.65,67.23,81.5,2025.0,7
2025-07-22 09:00:00,13642,31.8,43.9,28.41,65.1,68.33,2025.0,7
2025-07-22 10:00:00,13643,32.77,37.87,29.61,56.97,39.97,2025.0,7
2025-07-22 11:00:00,13644,33.69,37.87,29.44,58.87,44.0,2025.0,7
2025-07-22 12:00:00,13645,36.05,34.67,30.47,57.2,43.27,2025.0,7
2025-07-22 13:00:00,13646,35.59,36.47,31.14,57.3,43.1,2025.0,7
2025-07-22 14:00:00,13647,32.97,41.27,29.79,61.0,42.67,2025.0,7
2025-07-22 15:00:00,13648,32.14,42.8,29.01,62.63,42.0,2025.0,7
2025-07-22 16:00:00,13649,30.13,48.87,27.37,68.03,45.53,2025.0,7
2025-07-22 17:00:00,13650,28.49,55.47,25.69,73.27,51.77,2025.0,7
2025-07-22 18:00:00,13651,27.22,60.33,24.18,78.77,69.17,2025.0,7
2025-07-22 19:00:00,13652,25.93,66.31,23.09,84.59,82.17,2025.0,7
2025-07-22 20:00:00,13653,24.85,71.46,22.28,89.25,87.43,2025.0,7
2025-07-22 21:00:00,13654,24.71,72.24,21.76,91.69,,2025.0,7
2025-07-22 22:00:00,13655,24.32,72.83,21.32,92.47,,2025.0,7
2025-07-22 23:00:00,13656,24.25,71.87,21.06,92.27,,2025.0,7
2025-07-23 00:00:00,13657,23.73,73.17,20.88,92.4,91.7,2025.0,7
2025-07-23 01:00:00,13658,23.45,74.47,20.38,94.5,,2025.0,7
2025-07-23 02:00:00,13659,23.13,75.8,20.01,96.23,,2025.0,7
2025-07-23 03:00:00,13660,22.83,76.4,19.68,97.27,,2025.0,7
2025-07-23 04:00:00,13661,22.39,77.93,19.3,98.53,,2025.0,7
2025-07-23 05:00:00,13662,22.14,78.13,18.93,99.67,,2025.0,7
2025-07-23 06:00:00,13663,22.46,76.67,19.72,96.1,,2025.0,7
2025-07-23 07:00:00,13664,26.83,62.8,24.2,81.0,,2025.0,7
2025-07-23 08:00:00,13665,32.46,49.27,28.54,70.07,,2025.0,7
2025-07-23 09:00:00,13666,35.15,40.8,30.47,64.1,78.6,2025.0,7
2025-07-23 10:00:00,13667,34.97,39.83,30.7,61.73,48.93,2025.0,7
2025-07-23 11:00:00,13668,34.98,40.38,30.44,63.0,48.59,2025.0,7
2025-07-23 12:00:00,13669,36.14,38.3,31.0,61.6,43.6,2025.0,7
2025-07-23 13:00:00,13670,33.38,42.34,30.13,62.62,40.69,2025.0,7
2025-07-23 14:00:00,13671,33.78,41.63,30.44,61.83,42.17,2025.0,7
2025-07-23 15:00:00,13672,30.92,51.2,28.5,70.1,65.87,2025.0,7
2025-07-23 16:00:00,13673,30.31,52.23,28.63,69.73,48.2,2025.0,7
2025-07-23 17:00:00,13674,28.53,57.57,26.29,75.27,49.03,2025.0,7
2025-07-23 18:00:00,13675,27.95,60.8,25.44,77.67,57.4,2025.0,7
2025-07-23 19:00:00,13676,27.53,63.13,24.85,80.6,69.5,2025.0,7
2025-07-23 20:00:00,13677,26.05,69.9,23.45,87.62,70.55,2025.0,7
2025-07-23 21:00:00,13678,25.39,71.7,22.99,89.0,68.9,2025.0,7
2025-07-23 22:00:00,13679,25.01,73.63,22.34,92.07,81.03,2025.0,7
2025-07-23 23:00:00,13680,24.16,77.3,21.59,95.53,,2025.0,7
2025-07-24 00:00:00,13681,24.16,76.47,21.03,97.1,,2025.0,7
2025-07-24 01:00:00,13682,23.71,77.5,20.64,97.77,,2025.0,7
2025-07-24 02:00:00,13683,23.37,77.1,20.18,98.0,,2025.0,7
2025-07-24 03:00:00,13684,22.9,77.97,19.6,99.37,,2025.0,7
2025-07-24 04:00:00,13685,22.79,77.54,19.53,99.12,,2025.0,7
2025-07-24 05:00:00,13686,22.4,77.17,19.27,98.2,,2025.0,7
2025-07-24 06:00:00,13687,22.94,75.37,20.31,94.33,,2025.0,7
2025-07-24 07:00:00,13688,28.18,59.17,25.6,76.73,,2025.0,7
2025-07-24 08:00:00,13689,32.11,48.8,27.49,70.97,91.63,2025.0,7
2025-07-24 09:00:00,13690,34.85,42.4,30.37,65.1,70.23,2025.0,7
2025-07-24 10:00:00,13691,34.49,40.67,30.58,62.03,47.13,2025.0,7
2025-07-24 11:00:00,13692,35.51,38.0,30.32,61.37,46.57,2025.0,7
2025-07-24 12:00:00,13693,37.88,30.27,31.73,51.97,37.23,2025.0,7
2025-07-24 13:00:00,13694,38.71,28.45,33.36,47.45,37.59,2025.0,7
2025-07-24 14:00:00,13695,34.94,37.87,31.64,56.27,42.8,2025.0,7
2025-07-24 15:00:00,13696,31.57,46.4,29.15,64.53,43.97,2025.0,7
2025-07-24 16:00:00,13697,30.16,51.13,27.86,69.23,44.37,2025.0,7
2025-07-24 17:00:00,13698,29.22,55.6,26.93,72.83,47.2,2025.0,7
2025-07-24 18:00:00,13699,28.16,63.1,25.67,79.93,59.87,2025.0,7
2025-07-24 19:00:00,13700,27.07,69.6,24.5,87.33,68.0,2025.0,7
2025-07-24 20:00:00,13701,26.51,71.83,24.15,88.9,76.37,2025.0,7
2025-07-24 21:00:00,13702,26.48,70.48,24.03,88.17,77.1,2025.0,7
2025-07-24 22:00:00,13703,26.5,69.37,23.82,87.6,67.37,2025.0,7
2025-07-25 00:00:00,13705,24.62,74.87,21.68,94.33,49.53,2025.0,7
2025-07-25 01:00:00,13706,24.15,75.8,21.31,95.1,48.57,2025.0,7
2025-07-25 02:00:00,13707,23.8,76.07,20.83,95.97,53.03,2025.0,7
2025-07-25 03:00:00,13708,23.39,75.87,20.48,95.57,55.13,2025.0,7
2025-07-25 04:00:00,13709,23.14,76.07,20.14,96.23,56.4,2025.0,7
2025-07-25 05:00:00,13710,23.01,76.33,19.93,96.87,65.13,2025.0,7
2025-07-25 06:00:00,13711,23.85,75.63,21.34,94.2,,2025.0,7
2025-07-25 07:00:00,13712,29.13,59.27,26.58,76.67,,2025.0,7
2025-07-25 08:00:00,13713,32.18,49.83,28.32,69.45,66.69,2025.0,7
2025-07-25 09:00:00,13714,33.37,46.67,29.66,66.57,56.2,2025.0,7
2025-07-25 10:00:00,13715,33.25,45.4,30.5,65.33,40.8,2025.0,7
2025-07-25 11:00:00,13716,33.75,44.97,30.6,65.52,42.0,2025.0,7
2025-07-25 12:00:00,13717,31.25,51.03,29.2,69.67,42.23,2025.0,7
2025-07-25 13:00:00,13718,30.35,53.63,28.44,71.97,41.9,2025.0,7
2025-07-25 14:00:00,13719,29.79,56.3,27.78,74.63,44.57,2025.0,7
2025-07-25 15:00:00,13720,29.95,58.03,27.62,76.1,49.77,2025.0,7
2025-07-25 16:00:00,13721,29.84,57.9,27.36,76.3,52.23,2025.0,7
2025-07-25 17:00:00,13722,28.66,60.67,26.17,78.23,51.13,2025.0,7
2025-07-25 18:00:00,13723,27.24,68.03,24.75,85.4,63.0,2025.0,7
2025-07-25 19:00:00,13724,26.23,73.6,23.85,90.87,70.4,2025.0,7
2025-07-25 20:00:00,13725,26.09,71.7,23.69,89.03,67.83,2025.0,7
2025-07-25 21:00:00,13726,25.49,75.5,22.75,94.13,81.37,2025.0,7
2025-07-25 22:00:00,13727,24.56,79.3,22.12,97.27,,2025.0,7
2025-07-25 23:00:00,13728,24.53,78.93,21.71,98.33,,2025.0,7
2025-07-26 00:00:00,13729,24.42,77.87,21.46,98.0,,2025.0,7
2025-07-26 01:00:00,13730,23.99,78.03,21.0,98.3,,2025.0,7
2025-07-26 02:00:00,13731,23.6,78.7,20.43,99.27,,2025.0,7
2025-07-26 03:00:00,13732,22.82,80.83,19.6,100.0,,2025.0,7
2025-07-26 04:00:00,13733,22.34,80.57,19.31,100.0,,2025.0,7
2025-07-26 05:00:00,13734,21.64,80.1,19.2,98.7,83.19,2025.0,7
2025-07-26 06:00:00,13735,22.92,73.73,20.8,91.0,,2025.0,7
2025-07-26 07:00:00,13736,28.8,58.33,26.55,74.9,,2025.0,7
2025-07-26 08:00:00,13737,32.15,49.9,28.01,71.3,73.8,2025.0,7
2025-07-26 09:00:00,13738,36.02,40.47,31.41,63.43,52.8,2025.0,7
2025-07-26 10:00:00,13739,36.65,39.0,32.1,61.17,48.53,2025.0,7
2025-07-26 11:00:00,13740,36.66,39.23,31.66,62.33,50.4,2025.0,7
2025-07-26 12:00:00,13741,35.68,40.77,31.41,62.63,42.4,2025.0,7
2025-07-26 13:00:00,13742,33.58,44.47,30.61,64.27,40.63,2025.0,7
2025-07-26 14:00:00,13743,32.55,48.0,29.52,67.8,44.1,2025.0,7
2025-07-26 15:00:00,13744,31.4,51.13,28.88,69.63,44.57,2025.0,7
2025-07-26 16:00:00,13745,31.76,50.83,28.72,70.63,47.27,2025.0,7
2025-07-26 17:00:00,13746,31.15,54.0,28.18,73.37,62.67,2025.0,7
2025-07-26 18:00:00,13747,29.05,61.87,26.14,80.23,75.87,2025.0,7
2025-07-26 19:00:00,13748,28.02,67.53,25.1,86.27,74.67,2025.0,7
2025-07-26 20:00:00,13749,27.13,72.77,24.47,90.9,81.1,2025.0,7
2025-07-26 21:00:00,13750,26.62,74.27,23.93,92.8,83.5,2025.0,7
2025-07-26 22:00:00,13751,26.59,73.5,23.82,92.33,93.37,2025.0,7
2025-07-26 23:00:00,13752,26.2,75.47,23.19,95.43,,2025.0,7
2025-07-27 00:00:00,13753,25.53,78.17,22.74,97.53,,2025.0,7
2025-07-27 01:00:00,13754,25.04,76.8,22.36,95.63,,2025.0,7
2025-07-27 02:00:00,13755,24.91,76.77,21.93,96.87,,2025.0,7
2025-07-27 03:00:00,13756,24.57,78.53,21.6,98.7,,2025.0,7
2025-07-27 04:00:00,13757,24.19,77.67,21.07,98.43,,2025.0,7
2025-07-27 05:00:00,13758,23.71,78.6,20.81,98.77,,2025.0,7
2025-07-27 06:00:00,13759,24.43,76.57,21.65,95.9,,2025.0,7
2025-07-27 07:00:00,13760,28.73,64.0,26.13,82.13,,2025.0,7
2025-07-27 08:00:00,13761,33.35,51.43,29.88,70.63,,2025.0,7
2025-07-27 09:00:00,13762,36.86,42.73,32.53,65.2,75.83,2025.0,7
2025-07-27 10:00:00,13763,38.84,37.73,34.75,58.33,63.13,2025.0,7
2025-07-27 11:00:00,13764,39.62,35.23,33.99,57.7,50.5,2025.0,7
2025-07-27 12:00:00,13765,33.49,46.57,30.52,66.03,57.23,2025.0,7
2025-07-27 13:00:00,13766,33.46,46.67,30.26,66.93,58.37,2025.0,7
2025-07-27 14:00:00,13767,33.4,47.9,30.52,67.77,60.2,2025.0,7
2025-07-27 15:00:00,13768,31.14,52.37,28.81,70.67,60.5,2025.0,7
2025-07-27 16:00:00,13769,30.35,56.1,27.73,74.17,66.57,2025.0,7
2025-07-27 17:00:00,13770,29.37,59.93,26.71,77.37,64.47,2025.0,7
2025-07-27 18:00:00,13771,28.49,65.2,25.96,82.57,68.33,2025.0,7
2025-07-27 19:00:00,13772,26.41,74.4,23.45,94.1,65.07,2025.0,7
2025-07-27 20:00:00,13773,25.19,81.23,21.99,100.0,50.72,2025.0,7
2025-07-27 21:00:00,13774,24.87,82.0,21.78,100.0,42.59,2025.0,7
2025-07-27 22:00:00,13775,24.9,79.4,21.4,100.0,59.97,2025.0,7
2025-07-27 23:00:00,13776,24.62,78.57,21.26,100.0,58.24,2025.0,7
2025-07-28 00:00:00,13777,24.56,75.53,20.95,100.0,59.93,2025.0,7
2025-07-28 01:00:00,13778,24.77,74.27,21.8,97.37,51.57,2025.0,7
2025-07-28 02:00:00,13779,24.44,73.27,21.42,93.87,47.2,2025.0,7
2025-07-28 03:00:00,13780,24.13,76.43,21.12,97.13,73.86,2025.0,7
2025-07-28 04:00:00,13781,23.87,75.9,21.19,95.63,59.73,2025.0,7
2025-07-28 05:00:00,13782,23.38,77.37,20.56,97.27,61.0,2025.0,7
2025-07-28 06:00:00,13783,24.5,75.63,21.95,94.67,87.31,2025.0,7
2025-07-28 07:00:00,13784,28.4,63.57,26.72,79.03,71.57,2025.0,7
2025-07-28 08:00:00,13785,32.34,51.77,28.57,71.6,48.43,2025.0,7
2025-07-28 09:00:00,13786,36.32,42.33,32.0,63.73,37.37,2025.0,7
2025-07-28 10:00:00,13787,36.68,41.47,32.19,63.73,35.9,2025.0,7
2025-07-28 11:00:00,13788,37.32,40.2,31.71,64.93,35.03,2025.0,7
2025-07-28 12:00:00,13789,37.34,38.37,31.87,62.53,26.4,2025.0,7
2025-07-28 13:00:00,13790,32.91,49.37,29.77,69.07,37.4,2025.0,7
2025-07-28 14:00:00,13791,27.36,65.17,25.23,83.83,44.4,2025.0,7
2025-07-28 15:00:00,13792,28.97,63.53,26.22,81.67,75.03,2025.0,7
2025-07-28 16:00:00,13793,29.11,63.87,26.43,81.9,77.13,2025.0,7
2025-07-28 17:00:00,13794,27.23,69.0,24.45,87.47,35.27,2025.0,7
2025-07-28 18:00:00,13795,25.42,74.73,22.74,93.3,38.37,2025.0,7
2025-07-28 19:00:00,13796,24.07,78.6,21.34,97.9,38.12,2025.0,7
2025-07-28 20:00:00,13797,24.47,77.73,21.47,97.97,47.57,2025.0,7
2025-07-28 21:00:00,13798,24.53,76.37,21.61,96.47,47.9,2025.0,7
2025-07-28 22:00:00,13799,24.37,78.19,21.21,99.31,63.92,2025.0,7
2025-07-28 23:00:00,13800,24.13,79.45,21.37,98.79,90.12,2025.0,7
2025-07-29 00:00:00,13801,24.11,80.07,21.01,100.0,83.95,2025.0,7
2025-07-29 01:00:00,13802,24.01,80.07,20.93,100.0,56.94,2025.0,7
2025-07-29 02:00:00,13803,23.6,80.87,20.77,100.0,52.37,2025.0,7
2025-07-29 03:00:00,13804,23.23,81.6,20.53,100.0,65.72,2025.0,7
2025-07-29 05:00:00,13806,23.08,81.1,20.38,100.0,46.48,2025.0,7
2025-07-29 06:00:00,13807,23.95,78.6,21.35,97.73,65.75,2025.0,7
2025-07-29 07:00:00,13808,28.18,66.63,26.19,83.03,59.3,2025.0,7
2025-07-29 08:00:00,13809,28.88,62.87,27.03,78.57,18.57,2025.0,7
2025-07-29 09:00:00,13810,31.13,56.87,29.22,72.57,16.87,2025.0,7
2025-07-29 10:00:00,13811,30.22,58.97,27.94,75.6,16.4,2025.0,7
2025-07-29 11:00:00,13812,31.9,53.8,29.62,71.47,10.8,2025.0,7
2025-07-29 12:00:00,13813,32.42,52.69,29.69,71.69,22.72,2025.0,7
2025-07-29 13:00:00,13814,32.94,51.8,29.91,71.93,17.23,2025.0,7
2025-07-29 17:00:00,13818,27.21,66.52,25.61,81.12,31.92,2025.0,7
2025-07-29 18:00:00,13819,26.51,68.93,24.49,84.83,34.73,2025.0,7
2025-07-29 19:00:00,13820,25.59,72.67,23.59,88.8,34.47,2025.0,7
2025-07-29 20:00:00,13821,25.17,74.0,23.08,90.37,36.93,2025.0,7
2025-07-29 21:00:00,13822,25.06,73.8,22.83,91.0,31.53,2025.0,7
2025-07-29 22:00:00,13823,24.9,74.5,22.51,92.07,26.97,2025.0,7
2025-07-29 23:00:00,13824,24.51,76.3,22.1,93.97,24.53,2025.0,7
2025-07-30 00:00:00,13825,24.23,77.43,21.48,96.7,31.47,2025.0,7
2025-07-30 01:00:00,13826,24.33,76.8,21.25,97.37,36.37,2025.0,7
2025-07-30 02:00:00,13827,24.46,76.43,21.44,96.77,47.63,2025.0,7
2025-07-30 03:00:00,13828,24.13,77.77,21.09,98.4,54.4,2025.0,7
2025-07-30 04:00:00,13829,23.88,78.23,20.73,99.38,63.13,2025.0,7
2025-07-30 05:00:00,13830,23.23,79.0,20.32,99.13,62.46,2025.0,7
2025-07-30 06:00:00,13831,23.14,80.3,20.73,98.6,65.08,2025.0,7
2025-07-30 07:00:00,13832,27.17,67.97,24.4,86.97,71.6,2025.0,7
2025-07-30 08:00:00,13833,28.39,64.8,25.96,82.57,50.63,2025.0,7
2025-07-30 09:00:00,13834,32.03,55.41,29.3,73.38,41.24,2025.0,7
2025-07-30 10:00:00,13835,32.02,55.0,29.42,72.27,33.33,2025.0,7
2025-07-30 11:00:00,13836,33.12,50.86,29.71,69.86,26.14,2025.0,7
2025-07-30 12:00:00,13837,33.11,50.67,29.44,71.46,23.33,2025.0,7
2025-07-31 16:00:00,13865,30.33,57.23,28.52,72.2,46.13,2025.0,7
2025-07-31 17:00:00,13866,28.64,62.13,26.17,79.13,49.4,2025.0,7
2025-07-31 18:00:00,13867,27.24,68.47,24.95,85.23,51.83,2025.0,7
2025-07-31 19:00:00,13868,26.34,71.34,24.24,87.45,51.52,2025.0,7
2025-07-31 20:00:00,13869,26.13,70.81,23.96,87.35,50.62,2025.0,7
2025-07-31 22:00:00,13871,25.04,75.17,22.52,93.27,72.87,2025.0,7
2025-07-31 23:00:00,13872,24.78,75.6,21.9,94.9,65.63,2025.0,7
2025-08-01 00:00:00,13873,24.34,76.83,21.42,96.6,58.83,2025.0,8
2025-08-01 01:00:00,13874,24.0,77.37,21.29,96.6,61.83,2025.0,8
2025-08-01 02:00:00,13875,23.91,77.3,20.77,97.9,104.07,2025.0,8
2025-08-01 03:00:00,13876,23.09,79.47,20.0,99.47,115.45,2025.0,8
2025-08-01 04:00:00,13877,22.98,79.0,19.62,100.0,100.06,2025.0,8
2025-08-01 05:00:00,13878,22.92,79.1,19.62,99.9,76.14,2025.0,8
2025-08-01 06:00:00,13879,23.67,78.2,21.43,95.33,101.5,2025.0,8
2025-08-01 07:00:00,13880,28.77,61.5,26.67,77.8,126.63,2025.0,8
2025-08-01 08:00:00,13881,31.68,51.17,28.7,70.3,60.0,2025.0,8
2025-08-01 09:00:00,13882,34.11,44.63,30.15,67.13,44.6,2025.0,8
2025-08-01 10:00:00,13883,33.67,46.17,30.72,66.67,47.7,2025.0,8
2025-08-01 11:00:00,13884,33.91,44.96,30.44,66.41,43.44,2025.0,8
2025-08-01 12:00:00,13885,34.28,44.8,30.96,65.87,43.1,2025.0,8
2025-08-01 13:00:00,13886,32.75,47.77,29.97,67.97,43.67,2025.0,8
2025-08-01 14:00:00,13887,31.7,52.37,28.91,72.03,53.4,2025.0,8
2025-08-01 15:00:00,13888,31.76,53.27,28.8,74.07,63.53,2025.0,8
2025-08-01 16:00:00,13889,31.14,54.63,28.3,75.17,53.23,2025.0,8
2025-08-01 17:00:00,13890,29.27,60.3,26.42,79.07,55.23,2025.0,8
2025-08-01 18:00:00,13891,27.07,67.2,24.86,84.0,58.17,2025.0,8
2025-08-01 19:00:00,13892,26.88,68.27,24.13,86.53,54.33,2025.0,8
2025-08-01 20:00:00,13893,25.79,69.8,23.02,88.43,50.23,2025.0,8
2025-08-01 21:00:00,13894,25.26,71.17,22.6,89.27,54.03,2025.0,8
2025-08-01 22:00:00,13895,24.42,74.33,22.16,91.5,77.87,2025.0,8
2025-08-01 23:00:00,13896,24.12,75.13,21.79,92.47,75.0,2025.0,8
2025-08-02 00:00:00,13897,24.09,75.03,21.29,94.1,85.87,2025.0,8
2025-08-02 01:00:00,13898,23.81,76.57,20.73,97.0,117.03,2025.0,8
2025-08-02 02:00:00,13899,23.24,76.97,20.53,96.23,109.3,2025.0,8
2025-08-02 03:00:00,13900,22.85,78.43,19.91,98.6,121.33,2025.0,8
2025-08-02 04:00:00,13901,22.39,77.03,19.33,97.63,105.87,2025.0,8
2025-08-02 05:00:00,13902,22.14,75.33,19.03,95.96,91.71,2025.0,8
2025-08-02 06:00:00,13903,23.65,69.82,21.38,87.36,115.71,2025.0,8
2025-08-02 07:00:00,13904,29.01,54.83,27.15,70.53,89.97,2025.0,8
2025-08-02 08:00:00,13905,33.08,46.13,29.92,66.2,104.97,2025.0,8
2025-08-02 09:00:00,13906,33.5,45.07,29.48,67.37,80.17,2025.0,8
2025-08-02 10:00:00,13907,34.81,41.1,31.52,61.37,59.3,2025.0,8
2025-08-02 11:00:00,13908,36.1,36.5,31.45,58.2,43.8,2025.0,8
2025-08-02 12:00:00,13909,35.74,36.21,31.26,57.21,38.0,2025.0,8
2025-08-02 13:00:00,13910,38.4,33.79,33.67,54.18,40.46,2025.0,8
2025-08-02 14:00:00,13911,33.26,46.6,30.13,65.8,53.43,2025.0,8
2025-08-02 15:00:00,13912,26.36,69.48,22.31,97.14,70.86,2025.0,8
2025-08-02 16:00:00,13913,30.36,60.7,25.88,95.43,77.97,2025.0,8
2025-08-02 17:00:00,13914,29.31,62.31,26.55,81.04,87.0,2025.0,8
2025-08-02 18:00:00,13915,27.82,66.27,25.01,85.03,71.2,2025.0,8
2025-08-02 19:00:00,13916,27.15,67.77,24.33,86.73,58.2,2025.0,8
2025-08-02 20:00:00,13917,26.3,69.03,23.88,86.62,53.69,2025.0,8
2025-08-02 21:00:00,13918,26.0,68.7,23.54,86.37,50.03,2025.0,8
2025-08-02 22:00:00,13919,25.16,72.33,22.76,89.93,58.47,2025.0,8
2025-08-02 23:00:00,13920,24.03,78.67,21.7,96.3,59.83,2025.0,8
2025-08-03 00:00:00,13921,24.38,76.73,21.53,96.23,74.3,2025.0,8
2025-08-03 01:00:00,13922,24.29,76.7,21.41,96.67,66.87,2025.0,8
2025-08-03 02:00:00,13923,23.51,79.07,20.9,98.14,77.44,2025.0,8
2025-08-03 03:00:00,13924,23.03,78.5,20.02,98.8,85.64,2025.0,8
2025-08-03 04:00:00,13925,22.56,80.33,19.48,99.97,73.72,2025.0,8
2025-08-03 05:00:00,13926,22.47,80.4,19.49,99.83,81.25,2025.0,8
2025-08-03 06:00:00,13927,23.3,76.2,21.23,93.47,95.47,2025.0,8
2025-08-03 07:00:00,13928,28.89,60.0,27.09,75.47,106.87,2025.0,8
2025-08-03 08:00:00,13929,31.46,53.9,27.59,74.5,112.07,2025.0,8
2025-08-03 09:00:00,13930,35.09,45.0,30.96,66.5,75.1,2025.0,8
2025-08-03 10:00:00,13931,35.61,42.07,31.67,63.83,50.9,2025.0,8
2025-08-03 11:00:00,13932,34.99,42.93,31.16,64.77,48.5,2025.0,8
2025-08-03 12:00:00,13933,36.15,39.93,31.74,62.27,42.13,2025.0,8
2025-08-03 13:00:00,13934,35.33,41.93,31.58,63.1,41.66,2025.0,8
2025-08-03 14:00:00,13935,30.29,58.87,28.49,74.33,51.83,2025.0,8
2025-08-03 15:00:00,13936,26.85,68.67,24.71,86.0,44.52,2025.0,8
2025-08-03 16:00:00,13937,24.82,78.9,21.45,100.0,51.57,2025.0,8
2025-08-03 17:00:00,13938,25.26,77.0,21.79,100.0,70.57,2025.0,8
2025-08-03 18:00:00,13939,25.78,76.1,22.44,100.0,82.93,2025.0,8
2025-08-03 19:00:00,13940,25.64,76.1,22.9,96.47,76.5,2025.0,8
2025-08-03 20:00:00,13941,25.73,76.17,23.11,95.4,98.5,2025.0,8
2025-08-03 21:00:00,13942,25.26,78.23,22.91,96.33,82.63,2025.0,8
2025-08-03 22:00:00,13943,24.95,79.17,22.33,98.45,75.12,2025.0,8
2025-08-03 23:00:00,13944,25.36,77.03,22.68,96.33,69.27,2025.0,8
2025-08-04 00:00:00,13945,25.1,79.47,22.24,99.43,86.64,2025.0,8
2025-08-04 01:00:00,13946,24.94,80.1,22.01,99.93,94.34,2025.0,8
2025-08-04 02:00:00,13947,24.52,81.47,21.64,100.0,81.03,2025.0,8
2025-08-04 03:00:00,13948,24.29,82.0,21.3,100.0,85.65,2025.0,8
2025-08-04 04:00:00,13949,23.94,82.13,20.91,100.0,74.48,2025.0,8
2025-08-04 05:00:00,13950,23.47,83.2,20.69,100.0,73.01,2025.0,8
2025-08-04 06:00:00,13951,23.25,83.83,21.04,99.9,90.09,2025.0,8
2025-08-04 07:00:00,13952,26.77,71.93,24.75,88.27,112.88,2025.0,8
2025-08-04 08:00:00,13953,29.14,63.2,25.86,83.5,81.87,2025.0,8
2025-08-04 09:00:00,13954,31.8,54.63,28.36,74.5,63.0,2025.0,8
2025-08-04 10:00:00,13955,34.32,47.77,30.71,68.3,48.8,2025.0,8
2025-08-04 11:00:00,13956,36.86,41.07,32.26,63.68,36.46,2025.0,8
2025-08-04 12:00:00,13957,36.76,39.97,32.41,61.83,36.27,2025.0,8
2025-08-04 13:00:00,13958,29.92,56.23,27.45,73.53,40.87,2025.0,8
2025-08-04 14:00:00,13959,26.57,64.47,24.84,79.63,44.6,2025.0,8
2025-08-04 15:00:00,13960,29.58,58.73,26.92,76.47,49.27,2025.0,8
2025-08-04 16:00:00,13961,28.96,59.8,25.75,79.03,49.5,2025.0,8
2025-08-04 17:00:00,13962,27.57,66.3,24.59,85.4,60.4,2025.0,8
2025-08-04 18:00:00,13963,25.36,76.37,22.92,94.3,64.57,2025.0,8
2025-08-04 19:00:00,13964,25.09,77.6,22.56,96.1,66.1,2025.0,8
2025-08-04 20:00:00,13965,25.13,77.23,22.26,96.87,76.33,2025.0,8
2025-08-04 21:00:00,13966,25.53,76.13,22.53,96.2,87.23,2025.0,8
2025-08-04 22:00:00,13967,25.29,76.93,22.35,97.0,98.61,2025.0,8
2025-08-04 23:00:00,13968,25.33,77.37,22.4,97.37,111.27,2025.0,8
2025-08-05 00:00:00,13969,25.32,77.07,22.25,97.57,114.97,2025.0,8
2025-08-05 01:00:00,13970,24.61,79.53,21.71,99.97,106.36,2025.0,8
2025-08-05 02:00:00,13971,24.36,79.67,21.38,99.77,92.59,2025.0,8
2025-08-05 03:00:00,13972,23.76,81.2,20.67,100.0,85.37,2025.0,8
2025-08-05 04:00:00,13973,23.49,82.03,20.83,100.0,77.54,2025.0,8
2025-08-05 05:00:00,13974,23.57,80.3,20.47,100.0,66.9,2025.0,8
2025-08-05 06:00:00,13975,24.3,78.6,21.36,98.7,94.93,2025.0,8
2025-08-05 07:00:00,13976,26.26,72.23,23.58,91.47,106.4,2025.0,8
2025-08-05 08:00:00,13977,31.98,55.63,29.13,73.83,91.2,2025.0,8
2025-08-05 09:00:00,13978,35.01,47.5,31.3,67.7,89.0,2025.0,8
2025-08-05 10:00:00,13979,36.44,42.27,32.15,64.1,67.43,2025.0,8
2025-08-05 11:00:00,13980,35.9,40.87,31.21,63.47,44.23,2025.0,8
2025-08-05 12:00:00,13981,37.17,37.13,31.39,61.43,35.7,2025.0,8
2025-08-05 13:00:00,13982,38.53,35.37,33.37,57.57,39.73,2025.0,8
2025-08-05 14:00:00,13983,32.38,51.34,29.64,69.72,73.79,2025.0,8
2025-08-05 15:00:00,13984,27.96,64.23,24.29,89.1,61.8,2025.0,8
2025-08-05 16:00:00,13985,26.72,70.7,22.46,100.0,56.47,2025.0,8
2025-08-05 17:00:00,13986,27.35,70.47,23.01,100.0,69.0,2025.0,8
2025-08-05 18:00:00,13987,25.42,75.5,21.67,100.0,53.97,2025.0,8
2025-08-05 19:00:00,13988,23.94,82.41,20.89,100.0,39.74,2025.0,8
2025-08-05 20:00:00,13989,23.58,83.13,20.61,100.0,29.03,2025.0,8
2025-08-05 21:00:00,13990,23.67,81.53,20.39,100.0,27.8,2025.0,8
2025-08-05 22:00:00,13991,24.11,79.97,20.56,100.0,34.85,2025.0,8
2025-08-05 23:00:00,13992,24.41,80.23,20.86,100.0,38.02,2025.0,8
2025-08-06 00:00:00,13993,24.24,81.33,20.94,100.0,43.44,2025.0,8
2025-08-06 01:00:00,13994,24.17,81.4,20.88,100.0,46.34,2025.0,8
2025-08-06 03:00:00,13996,24.1,80.69,20.7,100.0,48.97,2025.0,8
2025-08-06 04:00:00,13997,24.14,79.43,20.64,100.0,50.45,2025.0,8
2025-08-06 05:00:00,13998,23.8,80.23,20.3,100.0,41.86,2025.0,8
2025-08-06 06:00:00,13999,24.15,79.57,21.32,100.0,83.74,2025.0,8
2025-08-06 07:00:00,14000,29.7,59.77,27.4,80.4,46.4,2025.0,8
2025-08-06 08:00:00,14001,33.75,48.5,30.34,67.57,45.0,2025.0,8
2025-08-06 09:00:00,14002,35.77,44.43,31.47,66.53,46.23,2025.0,8
2025-08-06 10:00:00,14003,38.8,38.5,34.58,59.5,45.67,2025.0,8
2025-08-06 11:00:00,14004,37.93,39.27,32.81,62.07,50.0,2025.0,8
2025-08-06 12:00:00,14005,38.26,37.53,33.02,60.47,49.8,2025.0,8
2025-08-06 13:00:00,14006,35.28,43.6,32.65,62.37,47.7,2025.0,8
2025-08-06 14:00:00,14007,33.43,46.57,32.0,63.3,37.6,2025.0,8
2025-08-06 15:00:00,14008,31.13,53.6,29.51,69.9,39.93,2025.0,8
2025-08-06 16:00:00,14009,28.49,66.1,25.6,85.1,44.33,2025.0,8
2025-08-06 17:00:00,14010,24.59,76.9,20.98,100.0,23.87,2025.0,8
2025-08-06 18:00:00,14011,24.26,82.0,21.12,100.0,25.13,2025.0,8
2025-08-06 19:00:00,14012,24.59,81.45,21.22,100.0,27.68,2025.0,8
2025-08-06 20:00:00,14013,24.16,82.37,20.97,100.0,33.14,2025.0,8
2025-08-06 21:00:00,14014,24.12,81.97,20.83,100.0,35.91,2025.0,8
2025-08-06 22:00:00,14015,23.5,83.9,20.67,100.0,60.41,2025.0,8
2025-08-06 23:00:00,14016,23.55,84.43,20.72,100.0,69.68,2025.0,8
2025-08-07 00:00:00,14017,23.88,83.4,20.88,100.0,78.99,2025.0,8
2025-08-07 01:00:00,14018,24.2,82.37,21.0,100.0,69.93,2025.0,8
2025-08-07 02:00:00,14019,24.14,81.63,20.8,100.0,54.87,2025.0,8
2025-08-07 03:00:00,14020,23.94,82.23,20.74,100.0,57.66,2025.0,8
2025-08-07 04:00:00,14021,23.58,81.0,20.24,100.0,54.59,2025.0,8
2025-08-07 05:00:00,14022,23.24,80.13,19.9,100.0,60.99,2025.0,8
2025-08-07 06:00:00,14023,23.89,77.93,20.55,100.0,72.57,2025.0,8
2025-08-07 07:00:00,14024,24.97,74.37,21.91,96.93,78.93,2025.0,8
2025-08-07 08:00:00,14025,28.85,62.73,25.95,82.03,77.2,2025.0,8
2025-08-07 09:00:00,14026,34.51,48.27,30.5,69.4,75.07,2025.0,8
2025-08-07 10:00:00,14027,36.33,43.57,31.75,66.9,68.77,2025.0,8
2025-08-07 11:00:00,14028,38.03,37.03,32.38,60.77,53.63,2025.0,8
2025-08-07 12:00:00,14029,39.63,32.63,32.38,57.7,48.63,2025.0,8
2025-08-07 13:00:00,14030,38.73,34.0,33.12,55.57,49.53,2025.0,8
2025-08-07 14:00:00,14031,34.67,45.9,33.32,62.3,60.2,2025.0,8
2025-08-07 15:00:00,14032,33.52,48.1,32.15,64.6,58.43,2025.0,8
2025-08-07 16:00:00,14033,32.05,53.03,30.54,69.93,60.63,2025.0,8
2025-08-07 17:00:00,14034,29.6,61.7,27.24,78.6,70.9,2025.0,8
2025-08-07 18:00:00,14035,28.48,64.97,25.87,83.27,73.73,2025.0,8
2025-08-07 19:00:00,14036,27.05,73.57,22.86,99.9,96.57,2025.0,8
2025-08-07 20:00:00,14037,26.03,78.33,22.42,100.0,97.66,2025.0,8
2025-08-07 21:00:00,14038,26.57,78.33,22.84,100.0,117.93,2025.0,8
2025-08-07 22:00:00,14039,26.53,78.93,23.04,100.0,102.62,2025.0,8
2025-08-07 23:00:00,14040,26.08,78.57,22.66,100.0,78.92,2025.0,8
2025-08-08 00:00:00,14041,25.36,79.53,22.46,100.0,49.58,2025.0,8
2025-08-08 01:00:00,14042,25.23,79.13,22.54,99.47,56.91,2025.0,8
2025-08-08 02:00:00,14043,25.38,77.67,22.43,98.43,58.97,2025.0,8
2025-08-08 03:00:00,14044,25.5,76.2,22.41,97.47,52.67,2025.0,8
2025-08-08 04:00:00,14045,24.99,77.17,22.07,97.93,55.63,2025.0,8
2025-08-08 05:00:00,14046,24.97,76.23,22.1,96.77,51.07,2025.0,8
2025-08-08 06:00:00,14047,25.05,76.97,22.03,97.83,59.27,2025.0,8
2025-08-08 07:00:00,14048,26.07,73.67,23.8,91.93,92.13,2025.0,8
2025-08-08 08:00:00,14049,30.58,59.9,27.84,78.1,69.87,2025.0,8
2025-08-08 09:00:00,14050,33.12,52.8,29.53,72.53,69.2,2025.0,8
2025-08-08 10:00:00,14051,35.19,46.77,31.51,67.27,61.0,2025.0,8
2025-08-08 11:00:00,14052,36.15,43.67,31.2,67.77,46.93,2025.0,8
2025-08-08 12:00:00,14053,36.57,43.33,31.6,67.7,45.27,2025.0,8
2025-08-08 13:00:00,14054,34.1,49.63,30.69,70.93,57.93,2025.0,8
2025-08-08 14:00:00,14055,33.18,52.28,30.35,72.9,61.14,2025.0,8
2025-08-08 15:00:00,14056,28.71,64.1,26.92,79.43,54.73,2025.0,8
2025-08-08 16:00:00,14057,29.02,65.13,26.84,81.77,64.27,2025.0,8
2025-08-08 17:00:00,14058,28.32,68.59,25.73,86.59,74.17,2025.0,8
2025-08-08 18:00:00,14059,26.98,71.47,24.39,89.77,76.07,2025.0,8
2025-08-08 19:00:00,14060,26.79,70.07,23.93,89.17,68.4,2025.0,8
2025-08-08 20:00:00,14061,26.42,72.27,23.37,92.27,77.04,2025.0,8
2025-08-08 21:00:00,14062,25.82,75.19,22.76,95.7,94.07,2025.0,8
2025-08-08 22:00:00,14063,25.46,76.97,22.63,96.57,128.17,2025.0,8
2025-08-08 23:00:00,14064,25.36,79.13,22.54,99.0,,2025.0,8
2025-08-09 00:00:00,14065,25.75,77.63,22.81,97.87,,2025.0,8
2025-08-09 01:00:00,14066,25.45,78.43,22.62,98.37,,2025.0,8
2025-08-09 02:00:00,14067,24.76,79.67,21.84,99.87,113.48,2025.0,8
2025-08-09 03:00:00,14068,24.7,78.37,21.68,98.93,120.2,2025.0,8
2025-08-09 04:00:00,14069,24.78,78.9,21.67,99.48,125.05,2025.0,8
2025-08-09 05:00:00,14070,24.27,81.28,21.01,100.0,97.08,2025.0,8
2025-08-09 06:00:00,14071,24.3,79.2,21.67,98.23,108.31,2025.0,8
2025-08-09 07:00:00,14072,28.11,68.73,25.76,87.07,,2025.0,8
2025-08-09 08:00:00,14073,33.23,52.73,30.04,71.7,88.9,2025.0,8
2025-08-09 09:00:00,14074,33.38,50.37,30.25,71.43,56.67,2025.0,8
2025-08-09 10:00:00,14075,33.98,47.77,31.38,67.77,45.3,2025.0,8
2025-08-09 11:00:00,14076,35.49,44.57,31.39,67.33,44.7,2025.0,8
2025-08-09 12:00:00,14077,37.48,39.27,32.11,63.47,41.73,2025.0,8
2025-08-09 13:00:00,14078,35.31,43.43,31.72,64.8,45.57,2025.0,8
2025-08-09 14:00:00,14079,32.41,53.93,30.64,71.97,65.17,2025.0,8
2025-08-09 15:00:00,14080,30.76,58.53,29.43,74.87,68.37,2025.0,8
2025-08-09 16:00:00,14081,27.63,65.97,25.54,82.23,56.9,2025.0,8
2025-08-09 17:00:00,14082,25.17,71.93,22.63,89.93,49.3,2025.0,8
2025-08-09 18:00:00,14083,25.21,71.33,22.75,89.23,58.83,2025.0,8
2025-08-09 19:00:00,14084,25.47,74.36,23.15,91.96,77.79,2025.0,8
2025-08-09 20:00:00,14085,26.03,73.03,23.33,92.1,75.2,2025.0,8
2025-08-09 21:00:00,14086,24.52,78.6,21.03,99.8,41.24,2025.0,8
2025-08-09 22:00:00,14087,24.29,79.57,20.79,100.0,37.3,2025.0,8
2025-08-09 23:00:00,14088,24.39,79.13,21.05,100.0,44.08,2025.0,8
2025-08-10 00:00:00,14089,24.12,79.8,20.79,100.0,41.74,2025.0,8
2025-08-10 01:00:00,14090,23.96,80.35,20.71,100.0,57.61,2025.0,8
2025-08-10 02:00:00,14091,23.62,80.59,20.38,100.0,55.77,2025.0,8
2025-08-10 03:00:00,14092,23.34,81.43,20.09,100.0,45.34,2025.0,8
2025-08-10 04:00:00,14093,22.94,82.03,19.66,100.0,58.29,2025.0,8
2025-08-10 05:00:00,14094,22.55,82.3,19.21,100.0,71.09,2025.0,8
2025-08-10 06:00:00,14095,22.85,82.37,20.17,99.9,83.08,2025.0,8
2025-08-10 07:00:00,14096,27.99,67.3,26.99,80.5,108.9,2025.0,8
2025-08-10 08:00:00,14097,32.56,51.97,29.53,71.43,64.8,2025.0,8
2025-08-10 09:00:00,14098,33.9,46.33,29.68,69.8,48.43,2025.0,8
2025-08-10 10:00:00,14099,34.27,43.7,30.9,64.77,44.1,2025.0,8
2025-08-10 11:00:00,14100,34.32,42.57,30.33,64.77,43.7,2025.0,8
2025-08-10 12:00:00,14101,35.68,37.67,30.77,60.57,39.37,2025.0,8
2025-08-10 13:00:00,14102,38.05,33.53,33.42,53.57,37.53,2025.0,8
2025-08-10 14:00:00,14103,37.43,36.43,33.52,55.8,40.47,2025.0,8
2025-08-10 15:00:00,14104,31.92,47.93,29.32,67.47,43.3,2025.0,8
2025-08-10 16:00:00,14105,29.74,55.0,27.4,73.87,47.73,2025.0,8
2025-08-10 17:00:00,14106,28.54,61.3,25.63,79.53,58.37,2025.0,8
2025-08-10 18:00:00,14107,27.65,65.53,24.83,83.9,62.93,2025.0,8
2025-08-10 19:00:00,14108,26.91,68.6,23.89,87.9,73.2,2025.0,8
2025-08-10 20:00:00,14109,26.28,72.27,23.14,92.37,82.5,2025.0,8
2025-08-10 21:00:00,14110,25.03,76.13,22.34,95.03,77.97,2025.0,8
2025-08-10 22:00:00,14111,24.97,77.77,22.03,97.73,79.13,2025.0,8
2025-08-10 23:00:00,14112,25.16,77.63,22.28,97.57,79.23,2025.0,8
2025-08-11 00:00:00,14113,25.41,76.77,22.34,97.3,74.3,2025.0,8
2025-08-11 01:00:00,14114,25.24,77.2,22.1,98.17,75.73,2025.0,8
2025-08-11 02:00:00,14115,24.92,77.4,21.67,99.0,92.17,2025.0,8
2025-08-11 03:00:00,14116,23.99,80.2,21.0,100.0,93.12,2025.0,8
2025-08-11 04:00:00,14117,23.68,79.87,20.71,100.0,79.56,2025.0,8
2025-08-11 05:00:00,14118,23.77,79.5,20.46,100.0,89.51,2025.0,8
2025-08-11 06:00:00,14119,23.8,79.93,21.05,99.2,88.38,2025.0,8
2025-08-11 07:00:00,14120,27.99,65.77,25.76,83.1,99.83,2025.0,8
2025-08-11 08:00:00,14121,31.73,54.7,28.39,74.2,81.33,2025.0,8
2025-08-11 09:00:00,14122,33.95,47.77,29.68,69.77,60.47,2025.0,8
2025-08-11 10:00:00,14123,36.23,42.37,32.33,64.13,44.97,2025.0,8
2025-08-11 11:00:00,14124,36.87,40.39,31.99,63.82,42.32,2025.0,8
2025-08-11 12:00:00,14125,35.74,43.6,31.7,64.63,56.87,2025.0,8
2025-08-11 13:00:00,14126,25.38,75.73,21.93,98.9,67.01,2025.0,8
2025-08-11 14:00:00,14127,28.17,65.53,24.26,98.9,59.53,2025.0,8
2025-08-11 15:00:00,14128,29.68,60.13,26.29,84.0,66.03,2025.0,8
2025-08-11 16:00:00,14129,26.99,70.97,24.37,89.57,57.03,2025.0,8
2025-08-11 17:00:00,14130,26.36,73.79,23.45,93.5,62.36,2025.0,8
2025-08-11 18:00:00,14131,26.29,73.37,23.39,93.3,61.77,2025.0,8
2025-08-11 19:00:00,14132,25.79,75.23,23.1,94.4,66.7,2025.0,8
2025-08-11 20:00:00,14133,24.95,78.3,22.66,96.23,79.77,2025.0,8
2025-08-11 21:00:00,14134,24.79,80.03,21.96,98.77,63.89,2025.0,8
2025-08-11 22:00:00,14135,24.64,82.77,21.58,100.0,58.56,2025.0,8
2025-08-11 23:00:00,14136,22.81,81.3,19.47,100.0,15.89,2025.0,8
2025-08-12 00:00:00,14137,22.69,82.63,19.61,100.0,8.58,2025.0,8
2025-08-12 01:00:00,14138,22.67,82.67,19.53,100.0,6.34,2025.0,8
2025-08-12 02:00:00,14139,23.08,82.9,19.92,100.0,16.06,2025.0,8
2025-08-12 03:00:00,14140,23.38,82.27,20.09,100.0,21.84,2025.0,8
2025-08-12 04:00:00,14141,23.67,82.33,20.33,100.0,29.39,2025.0,8
2025-08-12 05:00:00,14142,23.62,82.53,20.32,100.0,30.11,2025.0,8
2025-08-12 06:00:00,14143,24.01,81.93,20.59,100.0,35.51,2025.0,8
2025-08-12 07:00:00,14144,25.43,78.23,21.65,100.0,47.11,2025.0,8
2025-08-12 08:00:00,14145,27.72,70.73,23.13,100.0,67.23,2025.0,8
2025-08-12 09:00:00,14146,28.47,67.17,23.64,100.0,54.87,2025.0,8
2025-08-12 10:00:00,14147,30.53,61.0,27.22,86.13,48.57,2025.0,8
2025-08-12 11:00:00,14148,29.8,60.53,27.15,79.0,40.03,2025.0,8
2025-08-12 12:00:00,14149,28.8,61.73,26.75,78.27,34.47,2025.0,8
2025-08-12 13:00:00,14150,27.59,64.86,25.71,81.0,18.79,2025.0,8
2025-08-12 14:00:00,14151,29.05,59.27,26.29,77.53,9.8,2025.0,8
2025-08-12 15:00:00,14152,29.15,59.67,25.58,80.07,21.43,2025.0,8
2025-08-12 16:00:00,14153,27.2,66.73,24.04,86.97,44.7,2025.0,8
2025-08-12 17:00:00,14154,24.58,75.23,21.89,96.33,55.63,2025.0,8
2025-08-12 18:00:00,14155,24.52,77.67,21.76,97.37,81.05,2025.0,8
2025-08-12 19:00:00,14156,24.38,77.33,21.59,97.23,68.31,2025.0,8
2025-08-12 20:00:00,14157,24.36,77.7,21.28,98.63,80.2,2025.0,8
2025-08-12 21:00:00,14158,24.44,78.27,21.36,99.3,89.03,2025.0,8
2025-08-12 22:00:00,14159,24.23,79.13,21.15,100.0,103.65,2025.0,8
2025-08-12 23:00:00,14160,24.15,79.4,20.98,100.0,106.07,2025.0,8
2025-08-13 00:00:00,14161,23.9,79.83,20.65,100.0,76.81,2025.0,8
2025-08-13 01:00:00,14162,23.46,81.37,20.32,100.0,71.62,2025.0,8
2025-08-13 02:00:00,14163,23.42,80.83,20.06,100.0,73.28,2025.0,8
2025-08-13 03:00:00,14164,22.83,83.6,20.02,100.0,70.64,2025.0,8
2025-08-13 04:00:00,14165,22.66,82.73,19.81,100.0,64.72,2025.0,8
2025-08-13 05:00:00,14166,23.2,80.97,20.0,100.0,59.14,2025.0,8
2025-08-13 06:00:00,14167,23.07,81.5,20.36,99.83,100.63,2025.0,8
2025-08-13 07:00:00,14168,27.94,67.47,25.36,85.7,110.37,2025.0,8
2025-08-13 08:00:00,14169,31.2,55.93,28.02,74.97,61.9,2025.0,8
2025-08-13 09:00:00,14170,32.48,49.27,29.1,69.73,42.03,2025.0,8
2025-08-13 10:00:00,14171,32.73,48.83,30.01,68.33,41.9,2025.0,8
2025-08-13 11:00:00,14172,35.87,40.03,31.4,62.33,34.67,2025.0,8
2025-08-13 12:00:00,14173,32.78,46.53,29.63,67.37,34.43,2025.0,8
2025-08-13 13:00:00,14174,31.87,52.33,29.63,71.63,49.47,2025.0,8
2025-08-13 14:00:00,14175,33.48,49.03,30.46,69.31,46.79,2025.0,8
2025-08-13 15:00:00,14176,27.1,64.86,24.82,81.93,44.59,2025.0,8
2025-08-13 16:00:00,14177,25.66,72.9,23.05,91.17,54.37,2025.0,8
2025-08-13 18:00:00,14179,24.52,76.37,21.8,95.57,80.7,2025.0,8
2025-08-13 19:00:00,14180,24.59,76.17,21.59,96.63,68.63,2025.0,8
2025-08-13 20:00:00,14181,24.94,74.8,21.92,95.2,68.8,2025.0,8
2025-08-13 21:00:00,14182,25.04,69.13,22.18,88.53,51.23,2025.0,8
2025-08-13 22:00:00,14183,23.32,76.0,20.6,95.33,46.47,2025.0,8
2025-08-13 23:00:00,14184,22.85,78.97,19.46,99.47,39.92,2025.0,8
2025-08-14 00:00:00,14185,22.87,79.63,19.36,100.0,41.24,2025.0,8
2025-08-14 01:00:00,14186,22.42,81.27,19.19,100.0,41.68,2025.0,8
2025-08-14 02:00:00,14187,22.2,81.7,18.95,100.0,35.2,2025.0,8
2025-08-14 03:00:00,14188,22.08,82.41,18.91,100.0,30.27,2025.0,8
2025-08-14 04:00:00,14189,21.74,79.73,18.18,100.0,35.25,2025.0,8
2025-08-14 05:00:00,14190,21.75,79.77,18.16,100.0,38.15,2025.0,8
2025-08-14 06:00:00,14191,22.12,78.3,18.41,100.0,49.9,2025.0,8
2025-08-14 07:00:00,14192,22.38,77.63,18.71,100.0,53.07,2025.0,8
2025-08-14 08:00:00,14193,24.6,71.97,20.58,100.0,59.33,2025.0,8
2025-08-14 09:00:00,14194,26.06,66.77,22.29,95.5,59.63,2025.0,8
2025-08-14 10:00:00,14195,25.33,72.27,22.22,94.93,68.4,2025.0,8
2025-08-14 11:00:00,14196,25.24,71.67,22.87,91.2,47.5,2025.0,8
2025-08-14 12:00:00,14197,26.11,64.73,24.18,81.37,38.3,2025.0,8
2025-08-14 13:00:00,14198,27.03,60.23,25.09,76.47,35.37,2025.0,8
2025-08-14 14:00:00,14199,26.46,59.93,24.53,75.9,29.17,2025.0,8
2025-08-14 15:00:00,14200,25.16,61.31,23.6,76.21,18.38,2025.0,8
2025-08-14 16:00:00,14201,25.71,60.6,23.66,76.93,31.57,2025.0,8
2025-08-14 17:00:00,14202,24.79,61.1,22.25,78.9,29.43,2025.0,8
2025-08-14 18:00:00,14203,24.08,59.3,21.73,76.33,27.03,2025.0,8
2025-08-14 19:00:00,14204,23.83,54.67,21.49,71.57,19.7,2025.0,8
2025-08-14 20:00:00,14205,23.37,52.47,20.94,70.7,13.03,2025.0,8
2025-08-14 21:00:00,14206,22.67,58.5,20.28,76.0,22.13,2025.0,8
2025-08-14 22:00:00,14207,22.17,60.97,19.8,78.13,26.1,2025.0,8
2025-08-14 23:00:00,14208,21.89,64.5,18.86,83.87,28.07,2025.0,8
2025-08-15 00:00:00,14209,21.42,65.23,18.37,84.9,34.47,2025.0,8
2025-08-15 01:00:00,14210,20.89,66.57,17.56,87.5,46.43,2025.0,8
2025-08-15 02:00:00,14211,20.6,69.17,17.5,89.4,48.3,2025.0,8
2025-08-15 03:00:00,14212,20.29,71.97,17.0,91.97,80.63,2025.0,8
2025-08-15 04:00:00,14213,20.29,72.0,17.0,92.0,81.0,2025.0,8
2025-08-15 05:00:00,14214,20.29,72.0,17.0,92.0,81.0,2025.0,8
2025-08-15 06:00:00,14215,21.81,67.73,19.87,84.37,91.7,2025.0,8
2025-08-15 07:00:00,14216,27.25,53.47,24.76,71.2,90.03,2025.0,8
2025-08-15 08:00:00,14217,30.58,44.79,27.54,64.86,37.69,2025.0,8
2025-08-15 10:00:00,14219,31.79,34.88,28.47,53.04,21.46,2025.0,8
2025-08-15 11:00:00,14220,33.64,36.33,29.03,57.57,22.43,2025.0,8
2025-08-15 12:00:00,14221,35.17,33.17,29.81,54.63,18.7,2025.0,8
2025-08-15 13:00:00,14222,35.0,35.13,31.42,53.67,25.43,2025.0,8
2025-08-15 14:00:00,14223,32.34,41.53,29.01,61.13,39.53,2025.0,8
2025-08-15 15:00:00,14224,29.86,49.27,26.75,69.0,52.13,2025.0,8
2025-08-15 16:00:00,14225,27.65,57.13,25.28,74.87,40.23,2025.0,8
2025-08-15 17:00:00,14226,26.14,62.27,23.86,78.93,46.93,2025.0,8
2025-08-15 18:00:00,14227,24.98,64.33,22.27,82.5,38.67,2025.0,8
2025-08-15 19:00:00,14228,24.23,63.57,21.7,81.3,32.3,2025.0,8
2025-08-15 20:00:00,14229,23.59,66.03,21.31,82.9,32.83,2025.0,8
2025-08-15 21:00:00,14230,22.96,69.53,20.58,86.97,32.73,2025.0,8
2025-08-15 22:00:00,14231,22.74,70.75,20.2,88.82,34.14,2025.0,8
2025-08-15 23:00:00,14232,22.59,71.03,19.55,90.97,43.23,2025.0,8
2025-08-16 00:00:00,14233,22.24,73.33,19.14,93.73,84.8,2025.0,8
2025-08-16 01:00:00,14234,21.77,75.63,18.8,95.83,91.07,2025.0,8
2025-08-16 02:00:00,14235,21.75,75.73,18.46,97.17,107.23,2025.0,8
2025-08-16 03:00:00,14236,21.28,77.0,17.9,99.1,113.47,2025.0,8
2025-08-16 04:00:00,14237,20.86,77.9,17.94,98.6,111.7,2025.0,8
2025-08-16 05:00:00,14238,20.53,79.63,17.58,99.8,84.86,2025.0,8
2025-08-16 06:00:00,14239,21.16,77.8,19.09,95.13,101.25,2025.0,8
2025-08-16 07:00:00,14240,27.24,59.23,25.6,74.43,104.6,2025.0,8
2025-08-16 08:00:00,14241,32.07,47.43,29.79,65.47,74.83,2025.0,8
2025-08-16 09:00:00,14242,32.53,47.53,28.02,71.37,62.03,2025.0,8
2025-08-16 10:00:00,14243,33.49,46.6,30.24,67.9,50.27,2025.0,8
2025-08-16 11:00:00,14244,33.9,44.9,29.85,67.7,37.27,2025.0,8
2025-08-16 12:00:00,14245,34.26,45.27,29.87,68.97,40.97,2025.0,8
2025-08-16 13:00:00,14246,31.74,49.97,29.13,70.07,37.0,2025.0,8
2025-08-16 14:00:00,14247,27.72,64.43,24.73,86.3,47.53,2025.0,8
2025-08-16 15:00:00,14248,26.24,69.0,24.09,87.43,47.8,2025.0,8
2025-08-16 16:00:00,14249,30.46,58.97,27.27,78.07,92.52,2025.0,8
2025-08-16 17:00:00,14250,28.42,63.73,25.38,82.93,83.23,2025.0,8
2025-08-16 18:00:00,14251,27.18,68.73,24.46,87.33,91.37,2025.0,8
2025-08-16 19:00:00,14252,25.91,72.8,23.32,91.2,71.3,2025.0,8
2025-08-16 20:00:00,14253,24.97,73.43,22.66,91.0,66.53,2025.0,8
2025-08-16 21:00:00,14254,24.74,73.3,22.03,92.17,69.43,2025.0,8
2025-08-16 22:00:00,14255,24.08,75.4,21.2,95.0,79.07,2025.0,8
2025-08-16 23:00:00,14256,23.56,77.03,20.79,96.33,85.67,2025.0,8
2025-08-17 00:00:00,14257,23.66,77.9,20.84,97.77,101.67,2025.0,8
2025-08-17 01:00:00,14258,23.54,77.87,20.18,99.47,96.77,2025.0,8
2025-08-17 02:00:00,14259,23.0,80.0,20.21,99.73,85.23,2025.0,8
2025-08-17 03:00:00,14260,22.64,80.43,19.59,100.0,84.98,2025.0,8
2025-08-17 04:00:00,14261,22.2,80.9,19.01,100.0,86.74,2025.0,8
2025-08-17 05:00:00,14262,21.79,81.63,18.95,100.0,82.1,2025.0,8
2025-08-17 06:00:00,14263,23.18,76.37,20.49,95.67,116.03,2025.0,8
2025-08-17 07:00:00,14264,28.85,60.4,27.14,75.8,105.5,2025.0,8
2025-08-17 08:00:00,14265,30.85,54.67,28.21,72.57,82.97,2025.0,8
2025-08-17 09:00:00,14266,31.55,51.43,28.31,71.97,53.93,2025.0,8
2025-08-17 10:00:00,14267,32.23,49.8,29.93,68.87,51.73,2025.0,8
2025-08-17 11:00:00,14268,31.94,46.53,29.19,66.57,47.1,2025.0,8
2025-08-17 12:00:00,14269,32.19,45.63,28.92,66.67,45.13,2025.0,8
2025-08-17 13:00:00,14270,33.85,40.33,30.93,59.67,39.13,2025.0,8
2025-08-17 14:00:00,14271,33.9,41.6,31.96,58.6,37.27,2025.0,8
2025-08-17 15:00:00,14272,31.59,44.87,29.75,61.77,32.43,2025.0,8
2025-08-17 16:00:00,14273,29.05,50.63,27.1,68.27,32.83,2025.0,8
2025-08-17 17:00:00,14274,27.94,51.33,25.88,69.2,35.2,2025.0,8
2025-08-17 18:00:00,14275,26.46,60.33,24.42,76.7,44.03,2025.0,8
2025-08-17 19:00:00,14276,26.04,60.77,23.73,77.63,42.27,2025.0,8
2025-08-17 20:00:00,14277,25.87,57.93,23.58,75.2,26.3,2025.0,8
2025-08-17 21:00:00,14278,25.35,63.37,22.19,82.57,40.27,2025.0,8
2025-08-17 22:00:00,14279,24.55,67.03,21.9,84.93,52.57,2025.0,8
2025-08-17 23:00:00,14280,24.02,73.5,21.14,92.77,92.4,2025.0,8
2025-08-18 00:00:00,14281,24.01,72.23,21.01,92.17,78.57,2025.0,8
2025-08-18 01:00:00,14282,23.3,74.17,20.05,95.13,84.6,2025.0,8
2025-08-18 02:00:00,14283,22.49,77.53,19.6,97.5,100.53,2025.0,8
2025-08-18 03:00:00,14284,22.6,77.77,19.47,98.73,107.07,2025.0,8
2025-08-18 04:00:00,14285,22.93,76.38,19.74,97.65,109.65,2025.0,8
2025-08-18 05:00:00,14286,22.56,76.9,19.22,98.9,90.21,2025.0,8
2025-08-18 06:00:00,14287,23.18,74.97,20.07,95.8,105.13,2025.0,8
2025-08-18 07:00:00,14288,26.98,62.9,24.74,80.23,110.2,2025.0,8
2025-08-18 08:00:00,14289,30.06,54.53,26.75,73.8,83.0,2025.0,8
2025-08-18 09:00:00,14290,33.54,48.03,29.91,69.5,81.6,2025.0,8
2025-08-18 10:00:00,14291,32.63,48.4,29.86,68.23,51.23,2025.0,8
2025-08-18 11:00:00,14292,31.35,52.0,28.93,70.9,50.73,2025.0,8
2025-08-18 12:00:00,14293,32.26,50.73,29.67,70.3,49.87,2025.0,8
2025-08-18 13:00:00,14294,33.65,47.77,30.81,68.1,51.63,2025.0,8
2025-08-18 14:00:00,14295,34.42,45.83,31.44,66.0,55.33,2025.0,8
2025-08-18 15:00:00,14296,31.51,51.5,29.11,70.53,49.1,2025.0,8
2025-08-18 16:00:00,14297,27.12,66.1,24.01,88.07,45.63,2025.0,8
2025-08-18 17:00:00,14298,26.01,71.97,22.55,97.13,62.83,2025.0,8
2025-08-18 18:00:00,14299,25.28,72.7,22.39,92.5,70.87,2025.0,8
2025-08-18 19:00:00,14300,25.73,69.73,22.73,89.5,59.17,2025.0,8
2025-08-18 20:00:00,14301,25.71,69.8,22.92,88.97,43.0,2025.0,8
2025-08-18 21:00:00,14302,25.49,71.6,22.59,91.1,45.67,2025.0,8
2025-08-18 22:00:00,14303,25.31,72.43,22.22,92.7,53.0,2025.0,8
2025-08-18 23:00:00,14304,25.02,74.03,22.15,93.83,88.17,2025.0,8
2025-08-19 00:00:00,14305,24.51,78.87,20.92,99.97,84.42,2025.0,8
2025-08-19 01:00:00,14306,24.1,79.97,20.6,100.0,77.61,2025.0,8
2025-08-19 02:00:00,14307,23.69,82.17,20.52,100.0,66.08,2025.0,8
2025-08-19 03:00:00,14308,23.4,82.63,20.33,100.0,70.71,2025.0,8
2025-08-19 04:00:00,14309,23.44,82.17,20.2,100.0,66.84,2025.0,8
2025-08-19 05:00:00,14310,23.73,81.24,20.45,100.0,67.35,2025.0,8
2025-08-19 06:00:00,14311,23.56,81.37,20.5,100.0,62.11,2025.0,8
2025-08-19 07:00:00,14312,24.01,79.17,21.19,99.73,88.58,2025.0,8
2025-08-19 08:00:00,14313,25.06,77.73,21.45,100.0,88.08,2025.0,8
2025-08-19 09:00:00,14314,25.6,75.27,21.95,100.0,72.27,2025.0,8
2025-08-19 10:00:00,14315,24.07,80.54,21.07,100.0,21.17,2025.0,8
2025-08-19 11:00:00,14316,27.91,68.37,23.26,100.0,15.3,2025.0,8
2025-08-19 12:00:00,14317,30.72,58.63,26.96,86.23,15.2,2025.0,8
2025-08-19 13:00:00,14318,31.96,55.6,28.58,74.97,22.7,2025.0,8
2025-08-19 14:00:00,14319,29.97,61.1,27.7,78.17,12.17,2025.0,8
2025-08-19 15:00:00,14320,29.23,62.97,26.08,82.62,17.62,2025.0,8
2025-08-19 16:00:00,14321,27.94,67.44,25.28,85.89,28.07,2025.0,8
2025-08-20 09:00:00,14338,34.4,50.13,30.61,71.07,75.93,2025.0,8
2025-08-20 10:00:00,14339,31.28,55.13,28.26,75.67,54.27,2025.0,8
2025-08-20 11:00:00,14340,34.38,47.63,30.96,69.6,48.7,2025.0,8
2025-08-20 12:00:00,14341,36.91,39.93,31.6,64.13,33.37,2025.0,8
2025-08-20 13:00:00,14342,32.85,49.5,30.31,69.57,45.39,2025.0,8
2025-08-20 14:00:00,14343,33.26,49.33,30.66,69.63,39.53,2025.0,8
2025-08-20 15:00:00,14344,33.08,52.27,30.07,73.17,41.93,2025.0,8
2025-08-20 16:00:00,14345,28.36,61.37,25.57,79.87,34.9,2025.0,8
2025-08-20 17:00:00,14346,25.19,74.67,22.61,93.87,44.3,2025.0,8
2025-08-20 18:00:00,14347,24.24,79.6,20.97,100.0,39.65,2025.0,8
2025-08-20 19:00:00,14348,23.96,81.47,20.75,100.0,32.8,2025.0,8
2025-08-20 20:00:00,14349,24.02,81.46,20.71,100.0,31.66,2025.0,8
2025-08-20 21:00:00,14350,24.22,81.23,20.81,100.0,33.99,2025.0,8
2025-08-20 22:00:00,14351,24.36,81.03,20.84,100.0,36.74,2025.0,8
2025-08-20 23:00:00,14352,24.24,81.47,20.74,100.0,44.18,2025.0,8
2025-08-21 00:00:00,14353,24.05,81.93,20.71,100.0,46.94,2025.0,8
2025-08-21 01:00:00,14354,24.09,82.13,20.74,100.0,51.92,2025.0,8
2025-08-21 02:00:00,14355,23.98,82.77,20.73,100.0,49.24,2025.0,8
2025-08-21 03:00:00,14356,23.41,82.7,20.28,100.0,40.31,2025.0,8
2025-08-21 04:00:00,14357,23.39,82.5,20.14,100.0,38.95,2025.0,8
2025-08-21 05:00:00,14358,23.54,82.68,20.36,100.0,40.23,2025.0,8
2025-08-21 06:00:00,14359,23.78,81.6,20.75,100.0,52.88,2025.0,8
2025-08-21 07:00:00,14360,26.32,72.85,22.38,100.0,65.46,2025.0,8
2025-08-21 08:00:00,14361,30.01,61.34,27.45,82.03,39.45,2025.0,8
2025-08-21 18:00:00,14371,26.78,70.13,24.07,88.67,48.77,2025.0,8
2025-08-21 19:00:00,14372,26.15,74.37,23.43,93.23,49.67,2025.0,8
2025-08-21 20:00:00,14373,25.93,75.73,23.31,94.47,51.0,2025.0,8
2025-08-21 21:00:00,14374,25.64,76.43,23.1,94.77,46.67,2025.0,8
2025-08-21 22:00:00,14375,25.67,75.8,22.95,94.9,46.43,2025.0,8
2025-08-21 23:00:00,14376,25.59,75.93,23.01,94.67,47.13,2025.0,8
2025-08-22 00:00:00,14377,24.84,79.37,21.63,99.03,36.24,2025.0,8
2025-08-22 01:00:00,14378,24.52,79.9,21.06,100.0,35.86,2025.0,8
2025-08-22 02:00:00,14379,24.25,80.47,21.08,100.0,31.4,2025.0,8
2025-08-22 03:00:00,14380,24.62,79.33,21.29,100.0,41.54,2025.0,8
2025-08-22 04:00:00,14381,24.54,79.33,21.15,100.0,42.41,2025.0,8
2025-08-22 05:00:00,14382,24.35,80.2,21.17,100.0,34.48,2025.0,8
2025-08-22 06:00:00,14383,24.66,80.07,21.67,99.87,51.03,2025.0,8
2025-08-22 07:00:00,14384,27.67,70.5,25.19,89.07,62.8,2025.0,8
2025-08-22 08:00:00,14385,31.35,58.8,28.85,76.43,54.63,2025.0,8
2025-08-22 09:00:00,14386,34.75,47.87,30.17,70.83,44.07,2025.0,8
2025-08-22 10:00:00,14387,34.76,45.41,30.94,67.72,35.34,2025.0,8
2025-08-22 11:00:00,14388,35.43,42.93,31.02,65.87,31.87,2025.0,8
2025-08-22 12:00:00,14389,36.8,38.93,31.77,62.2,29.4,2025.0,8
2025-08-22 13:00:00,14390,33.98,48.0,30.73,68.23,47.33,2025.0,8
2025-08-22 14:00:00,14391,29.26,62.6,27.34,79.4,58.83,2025.0,8
2025-08-22 15:00:00,14392,31.55,57.3,30.36,71.93,46.5,2025.0,8
2025-08-22 16:00:00,14393,31.87,55.1,29.08,74.03,47.2,2025.0,8
2025-08-22 17:00:00,14394,29.0,65.2,26.04,84.17,53.4,2025.0,8
2025-08-22 18:00:00,14395,27.53,70.8,24.67,89.8,59.03,2025.0,8
2025-08-22 19:00:00,14396,26.94,72.33,24.13,91.19,58.59,2025.0,8
2025-08-22 20:00:00,14397,26.44,73.87,23.74,92.57,57.87,2025.0,8
2025-08-22 21:00:00,14398,25.87,76.4,22.91,96.23,62.67,2025.0,8
2025-08-22 22:00:00,14399,25.49,77.8,22.58,97.93,68.37,2025.0,8
2025-08-22 23:00:00,14400,24.65,80.03,22.26,98.0,57.17,2025.0,8
2025-08-23 00:00:00,14401,24.6,79.6,21.93,98.8,67.16,2025.0,8
2025-08-23 01:00:00,14402,24.73,79.07,21.88,99.13,82.21,2025.0,8
2025-08-23 02:00:00,14403,23.93,81.07,21.26,100.0,68.06,2025.0,8
2025-08-23 03:00:00,14404,23.74,80.37,20.71,100.0,47.55,2025.0,8
2025-08-23 04:00:00,14405,23.38,80.27,20.17,100.0,50.58,2025.0,8
2025-08-23 05:00:00,14406,23.55,80.8,20.67,100.0,54.52,2025.0,8
2025-08-23 06:00:00,14407,24.48,77.13,21.63,97.07,71.86,2025.0,8
2025-08-23 07:00:00,14408,29.36,61.73,26.73,80.3,73.93,2025.0,8
2025-08-23 08:00:00,14409,32.92,52.27,29.85,71.6,71.8,2025.0,8
2025-08-23 09:00:00,14410,34.41,47.17,29.66,71.8,54.1,2025.0,8
2025-08-23 10:00:00,14411,35.5,43.8,31.68,66.0,49.73,2025.0,8
2025-08-23 11:00:00,14412,38.29,37.8,33.56,60.03,47.27,2025.0,8
2025-08-23 12:00:00,14413,37.06,38.9,32.4,60.87,54.17,2025.0,8
2025-08-23 13:00:00,14414,33.05,47.8,30.11,67.77,62.17,2025.0,8
2025-08-23 14:00:00,14415,29.33,58.53,26.43,82.43,49.87,2025.0,8
2025-08-23 15:00:00,14416,30.96,53.93,28.78,75.2,41.93,2025.0,8
2025-08-23 16:00:00,14417,32.02,49.73,30.1,68.0,39.63,2025.0,8
2025-08-23 17:00:00,14418,29.91,56.77,27.31,75.87,45.8,2025.0,8
2025-08-23 18:00:00,14419,28.2,66.6,25.45,84.87,57.63,2025.0,8
2025-08-23 19:00:00,14420,27.24,72.64,24.56,91.14,86.96,2025.0,8
2025-08-23 20:00:00,14421,26.66,74.2,24.08,92.63,86.47,2025.0,8
2025-08-23 21:00:00,14422,26.41,76.77,23.49,96.53,84.73,2025.0,8
2025-08-23 22:00:00,14423,26.18,76.4,23.24,96.1,64.17,2025.0,8
2025-08-23 23:00:00,14424,26.01,75.31,23.01,95.31,54.03,2025.0,8
2025-08-24 00:00:00,14425,25.64,75.79,22.92,94.97,61.66,2025.0,8
2025-08-24 01:00:00,14426,25.1,77.8,21.73,98.2,48.57,2025.0,8
2025-08-24 02:00:00,14427,23.9,81.33,20.67,100.0,42.13,2025.0,8
2025-08-24 03:00:00,14428,24.37,78.63,20.65,100.0,56.19,2025.0,8
2025-08-24 04:00:00,14429,24.22,80.23,20.76,100.0,45.95,2025.0,8
2025-08-24 05:00:00,14430,24.02,80.8,20.63,100.0,47.24,2025.0,8
2025-08-24 06:00:00,14431,25.03,78.1,21.38,100.0,73.79,2025.0,8
2025-08-24 07:00:00,14432,27.23,71.77,23.83,97.3,78.5,2025.0,8
2025-08-24 08:00:00,14433,33.1,55.3,30.99,72.4,64.27,2025.0,8
2025-08-24 09:00:00,14434,35.66,47.5,31.58,70.4,53.6,2025.0,8
2025-08-24 10:00:00,14435,35.96,44.13,32.24,65.7,48.73,2025.0,8
2025-08-24 11:00:00,14436,36.28,39.43,31.66,62.0,38.1,2025.0,8
2025-08-24 12:00:00,14437,38.29,36.83,33.04,59.5,42.53,2025.0,8
2025-08-24 13:00:00,14438,31.0,54.67,28.73,72.6,55.4,2025.0,8
2025-08-24 14:00:00,14439,31.44,52.1,30.51,68.47,50.03,2025.0,8
2025-08-24 15:00:00,14440,29.16,58.1,27.02,76.37,46.93,2025.0,8
2025-08-24 16:00:00,14441,29.05,57.77,26.22,77.87,55.13,2025.0,8
2025-08-24 17:00:00,14442,26.08,73.5,22.39,96.77,76.43,2025.0,8
2025-08-24 18:00:00,14443,25.12,76.73,22.37,97.0,65.3,2025.0,8
2025-08-24 19:00:00,14444,25.07,76.8,22.34,96.27,67.53,2025.0,8
2025-08-24 20:00:00,14445,25.62,74.14,22.62,94.41,72.59,2025.0,8
2025-08-24 21:00:00,14446,25.28,78.07,22.18,98.93,82.46,2025.0,8
2025-08-24 22:00:00,14447,25.12,78.7,21.99,99.67,90.98,2025.0,8
2025-08-24 23:00:00,14448,24.29,80.47,21.37,100.0,75.52,2025.0,8
2025-08-25 00:00:00,14449,24.0,80.57,20.88,100.0,70.01,2025.0,8
2025-08-25 01:00:00,14450,24.0,78.57,21.25,98.53,90.71,2025.0,8
2025-08-25 02:00:00,14451,24.33,78.4,21.21,99.53,85.33,2025.0,8
2025-08-25 03:00:00,14452,24.43,78.73,21.3,99.47,84.0,2025.0,8
2025-08-25 04:00:00,14453,24.17,80.83,21.11,100.0,81.72,2025.0,8
2025-08-25 05:00:00,14454,23.74,77.23,20.73,98.0,80.18,2025.0,8
2025-08-25 06:00:00,14455,24.03,77.17,21.07,97.67,86.7,2025.0,8
2025-08-25 07:00:00,14456,26.78,68.3,24.28,86.97,90.77,2025.0,8
2025-08-25 08:00:00,14457,31.37,54.8,28.31,73.47,67.43,2025.0,8
2025-08-25 09:00:00,14458,30.58,57.03,27.39,76.3,71.9,2025.0,8
2025-08-25 10:00:00,14459,34.81,44.9,31.13,66.13,50.07,2025.0,8
2025-08-25 11:00:00,14460,36.57,40.1,32.02,62.43,43.97,2025.0,8
2025-08-25 12:00:00,14461,36.36,37.54,31.31,60.17,37.12,2025.0,8
2025-08-25 14:00:00,14463,35.24,41.87,32.06,60.87,53.77,2025.0,8
2025-08-25 15:00:00,14464,28.81,61.81,26.31,78.92,74.35,2025.0,8
2025-08-25 16:00:00,14465,26.93,70.47,24.4,89.0,89.3,2025.0,8
2025-08-25 17:00:00,14466,25.72,75.73,21.84,100.0,100.2,2025.0,8
2025-08-25 18:00:00,14467,25.81,75.63,22.18,100.0,111.77,2025.0,8
2025-08-25 19:00:00,14468,25.68,75.27,22.15,100.0,118.97,2025.0,8
2025-08-25 20:00:00,14469,25.64,76.13,22.54,97.9,,2025.0,8
2025-08-25 21:00:00,14470,25.27,76.4,22.34,96.97,117.47,2025.0,8
2025-08-25 22:00:00,14471,24.54,74.37,21.87,93.87,62.13,2025.0,8
2025-08-25 23:00:00,14472,23.89,73.4,21.06,93.27,52.1,2025.0,8
2025-08-26 00:00:00,14473,23.1,74.33,20.11,94.9,57.67,2025.0,8
2025-08-26 01:00:00,14474,22.63,76.83,19.56,97.8,83.77,2025.0,8
2025-08-26 02:00:00,14475,21.55,75.97,18.76,95.87,79.0,2025.0,8
2025-08-26 03:00:00,14476,20.91,78.37,18.15,98.33,100.64,2025.0,8
2025-08-26 04:00:00,14477,20.43,77.07,17.75,96.7,81.8,2025.0,8
2025-08-26 05:00:00,14478,20.01,79.72,17.31,99.38,69.5,2025.0,8
2025-08-26 06:00:00,14479,21.35,74.62,18.58,94.17,99.75,2025.0,8
2025-08-26 07:00:00,14480,29.06,54.9,23.88,80.67,104.0,2025.0,8
2025-08-26 08:00:00,14481,31.03,47.8,28.53,66.43,52.43,2025.0,8
2025-08-26 09:00:00,14482,31.55,45.23,28.29,65.97,38.97,2025.0,8
2025-08-26 10:00:00,14483,32.45,42.43,29.68,61.57,33.77,2025.0,8
2025-08-26 11:00:00,14484,33.04,41.9,29.24,63.13,34.2,2025.0,8
2025-08-26 12:00:00,14485,34.15,39.65,29.36,62.65,34.46,2025.0,8
2025-08-26 13:00:00,14486,34.8,37.37,31.66,56.04,36.93,2025.0,8
2025-08-26 14:00:00,14487,34.67,36.04,32.83,51.25,33.64,2025.0,8
2025-08-26 15:00:00,14488,33.88,38.0,32.51,52.81,34.58,2025.0,8
2025-08-26 16:00:00,14489,32.93,39.3,31.47,54.33,30.83,2025.0,8
2025-08-26 17:00:00,14490,29.53,45.07,27.0,63.47,32.5,2025.0,8
2025-08-26 18:00:00,14491,26.58,52.97,24.17,71.73,38.43,2025.0,8
2025-08-26 19:00:00,14492,25.11,60.17,22.69,77.0,45.93,2025.0,8
2025-08-26 20:00:00,14493,24.35,60.6,21.84,77.57,40.07,2025.0,8
2025-08-26 21:00:00,14494,23.5,61.67,20.97,79.03,38.37,2025.0,8
2025-08-26 22:00:00,14495,23.12,61.7,20.19,80.33,43.87,2025.0,8
2025-08-26 23:00:00,14496,22.67,61.47,19.56,80.57,48.23,2025.0,8
2025-08-27 00:00:00,14497,22.0,64.3,18.68,84.3,68.3,2025.0,8
2025-08-27 01:00:00,14498,20.83,70.13,17.81,89.93,89.27,2025.0,8
2025-08-27 02:00:00,14499,20.07,73.7,17.02,94.03,93.6,2025.0,8
2025-08-27 03:00:00,14500,19.75,73.2,16.81,92.9,97.3,2025.0,8
2025-08-27 04:00:00,14501,19.53,73.2,16.16,94.8,92.33,2025.0,8
2025-08-27 05:00:00,14502,18.92,74.1,16.16,93.67,100.5,2025.0,8
2025-08-27 06:00:00,14503,22.45,63.73,19.18,83.8,86.77,2025.0,8
2025-08-27 07:00:00,14504,28.63,48.9,23.05,74.67,118.43,2025.0,8
2025-08-27 08:00:00,14505,32.98,39.93,30.26,58.07,105.9,2025.0,8
2025-08-27 09:00:00,14506,33.28,40.53,29.47,60.97,52.13,2025.0,8
2025-08-27 10:00:00,14507,31.4,47.0,29.66,64.17,23.23,2025.0,8
2025-08-27 11:00:00,14508,32.47,44.9,29.74,63.87,9.9,2025.0,8
2025-08-27 12:00:00,14509,33.81,42.13,29.91,63.33,11.77,2025.0,8
2025-08-27 13:00:00,14510,36.22,38.57,33.16,57.07,12.67,2025.0,8
2025-08-27 16:00:00,14513,29.12,62.03,25.63,84.03,24.22,2025.0,8
2025-08-27 17:00:00,14514,25.56,75.53,21.58,100.0,25.27,2025.0,8
2025-08-27 18:00:00,14515,25.59,75.33,21.76,100.0,31.37,2025.0,8
2025-08-27 19:00:00,14516,24.79,77.83,21.33,100.0,29.33,2025.0,8
2025-08-27 20:00:00,14517,25.04,74.77,21.44,100.0,22.27,2025.0,8
2025-08-27 21:00:00,14518,24.99,72.9,22.23,95.73,17.0,2025.0,8
2025-08-27 22:00:00,14519,24.65,73.27,21.95,93.07,16.17,2025.0,8
2025-08-27 23:00:00,14520,24.38,73.33,21.93,91.77,10.03,2025.0,8
2025-08-28 00:00:00,14521,24.19,73.7,21.36,93.53,17.13,2025.0,8
2025-08-28 01:00:00,14522,23.88,75.37,20.71,96.5,29.47,2025.0,8
2025-08-28 02:00:00,14523,23.45,77.13,20.38,98.07,35.13,2025.0,8
2025-08-28 03:00:00,14524,23.34,78.13,20.36,98.87,31.5,2025.0,8
2025-08-28 04:00:00,14525,22.36,81.73,19.67,99.63,38.04,2025.0,8
2025-08-28 05:00:00,14526,22.43,80.1,19.6,99.97,59.43,2025.0,8
2025-08-28 06:00:00,14527,23.56,77.0,20.65,97.3,48.35,2025.0,8
2025-08-28 07:00:00,14528,25.93,70.93,22.61,92.4,69.4,2025.0,8
2025-08-28 08:00:00,14529,29.39,60.3,26.86,78.23,47.47,2025.0,8
2025-08-28 09:00:00,14530,34.31,47.4,30.64,68.63,36.73,2025.0,8
2025-08-28 10:00:00,14531,33.86,46.87,30.43,68.33,18.5,2025.0,8
2025-08-28 11:00:00,14532,33.93,46.03,30.67,66.97,14.1,2025.0,8
2025-08-28 12:00:00,14533,31.94,48.88,29.48,68.36,11.12,2025.0,8
2025-08-28 13:00:00,14534,32.78,47.67,30.96,65.5,10.67,2025.0,8
2025-08-28 14:00:00,14535,34.88,43.47,33.02,60.77,7.27,2025.0,8
2025-08-28 15:00:00,14536,34.46,45.1,32.49,62.43,8.8,2025.0,8
2025-08-28 16:00:00,14537,28.73,58.93,26.64,75.87,10.2,2025.0,8
2025-08-28 17:00:00,14538,26.88,64.83,24.69,81.03,24.13,2025.0,8
2025-08-28 18:00:00,14539,25.54,68.0,23.37,84.37,24.67,2025.0,8
2025-08-28 19:00:00,14540,24.8,69.23,22.59,85.8,16.07,2025.0,8
2025-08-28 20:00:00,14541,24.58,70.27,22.04,88.17,23.0,2025.0,8
2025-08-28 21:00:00,14542,24.21,71.3,21.52,89.83,15.63,2025.0,8
2025-08-28 22:00:00,14543,23.89,72.23,21.11,91.33,15.33,2025.0,8
2025-08-28 23:00:00,14544,23.7,72.6,21.0,91.47,14.6,2025.0,8
2025-08-29 00:00:00,14545,23.41,73.87,20.64,93.03,26.8,2025.0,8
2025-08-29 01:00:00,14546,23.76,72.3,20.86,92.0,19.37,2025.0,8
2025-08-29 02:00:00,14547,23.72,71.8,20.63,91.93,23.53,2025.0,8
2025-08-29 03:00:00,14548,23.55,73.5,20.57,93.33,48.23,2025.0,8
2025-08-29 04:00:00,14549,23.19,76.5,19.79,98.13,68.73,2025.0,8
2025-08-29 05:00:00,14550,22.79,76.1,19.64,97.03,50.07,2025.0,8
2025-08-29 06:00:00,14551,24.39,71.23,22.1,88.97,72.33,2025.0,8
2025-08-29 07:00:00,14552,29.36,54.73,23.72,81.1,60.37,2025.0,8
2025-08-29 08:00:00,14553,31.26,51.0,28.62,69.27,54.9,2025.0,8
2025-08-29 09:00:00,14554,32.33,49.17,29.14,69.97,41.13,2025.0,8
2025-08-29 10:00:00,14555,33.59,47.72,30.85,67.52,33.48,2025.0,8
2025-08-29 11:00:00,14556,33.55,47.03,30.84,66.87,30.27,2025.0,8
2025-08-29 12:00:00,14557,33.04,49.3,30.88,68.0,30.17,2025.0,8
2025-08-29 13:00:00,14558,33.13,49.27,30.65,68.73,19.1,2025.0,8
2025-08-29 14:00:00,14559,29.61,60.2,26.72,78.93,38.13,2025.0,8
2025-08-29 15:00:00,14560,27.9,64.97,25.56,81.8,49.93,2025.0,8
2025-08-29 16:00:00,14561,27.22,67.5,24.73,84.83,46.53,2025.0,8
2025-08-29 17:00:00,14562,26.56,67.6,23.33,88.3,29.87,2025.0,8
2025-08-29 18:00:00,14563,25.26,70.23,22.85,88.0,23.2,2025.0,8
2025-08-29 19:00:00,14564,25.48,68.97,22.75,87.4,23.67,2025.0,8
2025-08-29 20:00:00,14565,25.09,70.83,22.15,90.23,32.53,2025.0,8
2025-08-29 21:00:00,14566,25.05,69.03,22.4,87.4,27.07,2025.0,8
2025-08-29 22:00:00,14567,24.85,68.83,22.44,86.13,18.03,2025.0,8
2025-08-29 23:00:00,14568,24.89,69.7,22.07,88.6,25.83,2025.0,8
2025-08-30 00:00:00,14569,24.89,70.17,21.85,89.87,32.73,2025.0,8
2025-08-30 01:00:00,14570,24.71,69.9,22.09,88.1,6.33,2025.0,8
2025-08-30 02:00:00,14571,24.47,71.4,21.81,89.9,4.67,2025.0,8
2025-08-30 03:00:00,14572,24.34,72.2,21.61,91.0,13.63,2025.0,8
2025-08-30 04:00:00,14573,24.09,72.1,21.89,89.4,2.47,2025.0,8
2025-08-30 05:00:00,14574,23.9,73.07,21.4,90.97,3.07,2025.0,8
2025-08-30 06:00:00,14575,23.95,73.17,21.89,90.0,3.63,2025.0,8
2025-08-30 07:00:00,14576,26.45,65.97,24.27,82.9,20.47,2025.0,8
2025-08-30 08:00:00,14577,30.02,55.57,28.55,70.47,7.0,2025.0,8
2025-08-30 09:00:00,14578,32.19,50.57,29.85,69.07,21.07,2025.0,8
2025-08-30 10:00:00,14579,32.88,48.17,30.46,67.4,12.07,2025.0,8
2025-08-30 11:00:00,14580,32.92,48.3,30.64,67.27,22.57,2025.0,8
2025-08-30 12:00:00,14581,33.05,47.6,30.43,67.27,29.6,2025.0,8
2025-08-30 13:00:00,14582,32.91,47.27,30.62,66.0,28.17,2025.0,8
2025-08-30 14:00:00,14583,32.13,51.07,29.41,70.17,33.07,2025.0,8
2025-08-30 15:00:00,14584,29.0,62.23,27.13,77.7,43.67,2025.0,8
2025-08-30 16:00:00,14585,28.92,62.8,26.85,78.67,43.57,2025.0,8
2025-08-30 17:00:00,14586,27.98,67.0,25.56,84.2,47.27,2025.0,8
2025-08-30 18:00:00,14587,25.56,77.9,22.17,98.7,41.67,2025.0,8
2025-08-30 19:00:00,14588,25.23,78.33,21.61,100.0,43.84,2025.0,8
2025-08-30 20:00:00,14589,25.22,77.83,21.61,100.0,60.47,2025.0,8
2025-08-30 21:00:00,14590,25.59,77.58,22.08,100.0,62.27,2025.0,8
2025-08-30 22:00:00,14591,24.89,80.17,21.61,100.0,52.7,2025.0,8
2025-08-30 23:00:00,14592,24.46,82.17,21.64,100.0,40.6,2025.0,8
2025-08-31 00:00:00,14593,24.53,82.0,21.66,100.0,41.75,2025.0,8
2025-08-31 01:00:00,14594,24.76,81.53,21.83,100.0,44.24,2025.0,8
2025-08-31 02:00:00,14595,24.51,81.7,21.85,100.0,37.83,2025.0,8
2025-08-31 03:00:00,14596,24.84,80.38,21.92,100.0,34.7,2025.0,8
2025-08-31 04:00:00,14597,24.24,81.0,20.89,100.0,29.92,2025.0,8
2025-08-31 05:00:00,14598,23.8,82.66,20.59,100.0,16.66,2025.0,8
2025-08-31 06:00:00,14599,23.87,82.87,20.85,100.0,23.47,2025.0,8
2025-08-31 07:00:00,14600,24.46,80.8,21.13,100.0,25.57,2025.0,8
2025-08-31 08:00:00,14601,24.51,80.83,21.42,100.0,21.72,2025.0,8
2025-08-31 09:00:00,14602,28.16,70.4,23.73,100.0,35.27,2025.0,8
2025-08-31 10:00:00,14603,30.63,60.73,27.13,87.47,28.13,2025.0,8
2025-08-31 11:00:00,14604,31.46,54.43,29.11,71.37,39.33,2025.0,8
2025-08-31 12:00:00,14605,32.69,49.1,29.87,69.23,36.53,2025.0,8
2025-08-31 13:00:00,14606,31.89,51.7,29.74,70.33,37.37,2025.0,8
2025-08-31 14:00:00,14607,31.61,51.1,30.49,67.8,39.17,2025.0,8
2025-08-31 15:00:00,14608,32.64,49.27,30.28,68.3,38.63,2025.0,8
2025-08-31 16:00:00,14609,30.82,52.87,28.59,71.9,42.63,2025.0,8
2025-08-31 17:00:00,14610,28.16,60.53,25.78,78.2,47.13,2025.0,8
2025-08-31 18:00:00,14611,26.3,66.48,24.25,82.6,48.96,2025.0,8
2025-08-31 19:00:00,14612,26.28,67.57,23.98,84.3,49.23,2025.0,8
2025-08-31 20:00:00,14613,26.44,67.2,23.76,85.37,49.4,2025.0,8
2025-08-31 21:00:00,14614,25.71,70.0,23.13,88.1,49.37,2025.0,8
2025-08-31 22:00:00,14615,25.26,72.7,22.63,91.2,51.73,2025.0,8
2025-08-31 23:00:00,14616,24.64,77.93,21.46,99.4,48.83,2025.0,8
2025-09-01 00:00:00,14617,24.82,78.27,21.9,98.17,56.39,2025.0,9
2025-09-01 01:00:00,14618,24.93,77.57,21.96,98.03,55.23,2025.0,9
2025-09-01 02:00:00,14619,24.85,76.7,22.21,95.87,49.13,2025.0,9
2025-09-01 03:00:00,14620,24.9,73.27,22.18,92.6,44.93,2025.0,9
2025-09-01 04:00:00,14621,24.43,73.47,21.7,92.6,41.87,2025.0,9
2025-09-01 05:00:00,14622,24.09,77.11,21.22,96.61,54.46,2025.0,9
2025-09-01 06:00:00,14623,25.16,74.33,23.1,91.6,63.8,2025.0,9
2025-09-01 07:00:00,14624,27.87,65.21,24.44,85.79,60.41,2025.0,9
2025-09-01 08:00:00,14625,32.16,53.07,29.72,70.57,49.07,2025.0,9
2025-09-01 09:00:00,14626,32.69,49.9,30.33,68.77,48.6,2025.0,9
2025-09-01 10:00:00,14627,34.08,46.47,30.71,67.67,43.97,2025.0,9
2025-09-01 11:00:00,14628,34.39,45.53,30.5,67.67,40.1,2025.0,9
2025-09-01 12:00:00,14629,34.1,46.76,30.27,69.28,41.79,2025.0,9
2025-09-01 13:00:00,14630,36.23,42.17,33.54,61.3,42.77,2025.0,9
2025-09-01 14:00:00,14631,34.26,45.43,31.47,64.93,41.9,2025.0,9
2025-09-01 15:00:00,14632,32.2,49.8,29.41,69.72,44.44,2025.0,9
2025-09-01 16:00:00,14633,30.32,55.18,28.08,74.07,48.21,2025.0,9
2025-09-01 17:00:00,14634,28.36,61.17,25.97,78.23,52.07,2025.0,9
2025-09-01 18:00:00,14635,26.73,64.62,24.48,81.24,50.45,2025.0,9
2025-09-01 19:00:00,14636,26.24,66.07,23.82,83.27,48.87,2025.0,9
2025-09-01 20:00:00,14637,25.63,69.57,22.87,87.97,53.93,2025.0,9
2025-09-01 21:00:00,14638,24.79,73.13,22.33,91.03,64.1,2025.0,9
2025-09-01 22:00:00,14639,24.59,74.41,22.05,92.48,77.07,2025.0,9
2025-09-01 23:00:00,14640,24.52,75.13,21.75,94.13,81.1,2025.0,9
2025-09-02 00:00:00,14641,24.28,76.93,21.67,95.73,111.93,2025.0,9
2025-09-02 01:00:00,14642,24.4,75.83,21.95,93.93,92.1,2025.0,9
2025-09-02 02:00:00,14643,24.65,74.8,21.73,94.53,89.03,2025.0,9
2025-09-02 03:00:00,14644,24.16,76.43,21.22,96.37,106.83,2025.0,9
2025-09-02 04:00:00,14645,23.77,78.1,20.74,98.37,98.91,2025.0,9
2025-09-02 05:00:00,14646,23.94,77.47,20.73,98.8,103.5,2025.0,9
2025-09-02 06:00:00,14647,25.2,74.11,22.73,92.71,107.61,2025.0,9
2025-09-02 07:00:00,14648,28.22,64.1,24.99,83.9,96.67,2025.0,9
2025-09-02 08:00:00,14649,31.24,54.77,29.07,71.73,59.5,2025.0,9
2025-09-02 09:00:00,14650,32.33,50.3,30.15,68.57,55.57,2025.0,9
2025-09-02 10:00:00,14651,33.03,43.7,30.54,62.67,42.33,2025.0,9
2025-09-02 11:00:00,14652,32.7,45.57,29.92,64.97,44.03,2025.0,9
2025-09-02 12:00:00,14653,32.19,42.43,29.25,61.97,34.2,2025.0,9
2025-09-02 13:00:00,14654,31.65,39.07,30.27,54.47,21.67,2025.0,9
2025-09-02 14:00:00,14655,32.14,37.87,31.23,51.67,25.63,2025.0,9
2025-09-02 15:00:00,14656,31.94,39.0,30.73,53.43,25.07,2025.0,9
2025-09-02 16:00:00,14657,32.22,41.3,30.75,56.57,26.8,2025.0,9
2025-09-02 17:00:00,14658,28.96,50.9,26.75,68.6,30.67,2025.0,9
2025-09-03 19:00:00,14684,27.04,67.91,24.27,86.09,61.52,2025.0,9
2025-09-03 20:00:00,14685,26.62,69.9,23.91,88.23,71.03,2025.0,9
2025-09-03 21:00:00,14686,26.38,70.5,23.57,89.17,64.47,2025.0,9
2025-09-03 22:00:00,14687,25.61,72.61,22.95,91.07,67.71,2025.0,9
2025-09-03 23:00:00,14688,25.18,75.9,22.49,94.43,62.5,2025.0,9
2025-09-04 00:00:00,14689,25.23,75.8,22.47,94.87,55.43,2025.0,9
2025-09-04 01:00:00,14690,25.11,75.73,22.02,96.13,72.87,2025.0,9
2025-09-04 02:00:00,14691,24.31,78.31,21.66,97.17,89.3,2025.0,9
2025-09-04 04:00:00,14693,24.07,78.17,21.15,98.38,103.03,2025.0,9
2025-09-04 05:00:00,14694,23.69,78.33,20.72,98.7,,2025.0,9
2025-09-04 06:00:00,14695,25.0,74.63,23.05,91.4,,2025.0,9
2025-09-04 07:00:00,14696,30.77,57.23,27.41,76.53,83.7,2025.0,9
2025-09-04 08:00:00,14697,33.32,49.13,29.53,70.47,56.57,2025.0,9
2025-09-04 09:00:00,14698,32.83,46.83,31.0,64.4,44.27,2025.0,9
2025-09-04 10:00:00,14699,33.6,43.57,31.07,62.07,40.57,2025.0,9
2025-09-04 11:00:00,14700,34.97,40.03,31.21,60.37,36.77,2025.0,9
2025-09-04 12:00:00,14701,35.62,40.27,31.26,61.97,40.07,2025.0,9
2025-09-04 13:00:00,14702,34.93,42.73,32.28,61.3,42.07,2025.0,9
2025-09-04 14:00:00,14703,35.39,41.53,33.35,58.5,41.53,2025.0,9
2025-09-04 15:00:00,14704,33.33,45.3,31.12,63.0,44.11,2025.0,9
2025-09-04 16:00:00,14705,31.67,49.73,29.47,68.13,54.1,2025.0,9
2025-09-04 17:00:00,14706,30.55,54.33,27.69,73.57,58.67,2025.0,9
2025-09-04 18:00:00,14707,27.98,62.23,25.5,79.03,74.8,2025.0,9
2025-09-04 19:00:00,14708,27.31,67.57,24.78,84.8,69.37,2025.0,9
2025-09-04 20:00:00,14709,26.79,71.03,24.23,88.83,67.07,2025.0,9
2025-09-04 21:00:00,14710,25.12,78.93,21.97,98.48,48.41,2025.0,9
2025-09-04 22:00:00,14711,24.73,80.8,21.54,100.0,40.7,2025.0,9
2025-09-04 23:00:00,14712,25.12,78.7,21.39,100.0,50.86,2025.0,9
2025-09-05 00:00:00,14713,24.69,80.73,21.23,100.0,46.35,2025.0,9
2025-09-05 01:00:00,14714,24.17,78.59,20.84,100.0,49.64,2025.0,9
2025-09-05 02:00:00,14715,23.95,78.79,20.47,100.0,52.98,2025.0,9
2025-09-05 03:00:00,14716,23.62,79.46,20.41,100.0,47.71,2025.0,9
2025-09-05 04:00:00,14717,23.4,80.87,20.24,100.0,52.33,2025.0,9
2025-09-05 05:00:00,14718,23.29,79.3,20.33,99.57,57.18,2025.0,9
2025-09-05 06:00:00,14719,24.5,76.07,22.15,94.43,71.93,2025.0,9
2025-09-05 07:00:00,14720,28.86,64.37,26.26,82.4,87.33,2025.0,9
2025-09-05 08:00:00,14721,33.58,49.63,29.34,71.3,62.03,2025.0,9
2025-09-05 09:00:00,14722,34.88,45.6,31.68,65.77,45.87,2025.0,9
2025-09-05 10:00:00,14723,36.11,43.47,32.09,65.4,48.57,2025.0,9
2025-09-05 11:00:00,14724,35.73,44.83,32.16,66.03,53.17,2025.0,9
2025-09-05 12:00:00,14725,35.37,45.66,31.86,66.83,50.28,2025.0,9
2025-09-05 13:00:00,14726,32.3,52.87,29.33,72.73,54.2,2025.0,9
2025-09-05 14:00:00,14727,26.08,73.6,24.27,89.5,50.03,2025.0,9
2025-09-05 15:00:00,14728,31.04,59.43,30.01,73.23,45.37,2025.0,9
2025-09-05 16:00:00,14729,30.79,58.93,27.64,78.4,53.93,2025.0,9
2025-09-05 17:00:00,14730,26.87,73.7,23.34,97.77,73.37,2025.0,9
2025-09-05 18:00:00,14731,24.7,78.13,22.57,95.3,34.26,2025.0,9
2025-09-05 19:00:00,14732,24.51,77.43,22.02,95.83,39.07,2025.0,9
2025-09-05 20:00:00,14733,24.82,75.97,22.1,95.07,55.1,2025.0,9
2025-09-05 21:00:00,14734,25.24,76.63,22.66,95.43,62.03,2025.0,9
2025-09-05 22:00:00,14735,25.21,77.37,22.51,96.43,72.83,2025.0,9
2025-09-05 23:00:00,14736,24.97,78.23,21.85,99.2,77.93,2025.0,9
2025-09-06 00:00:00,14737,24.84,79.3,21.9,99.53,75.0,2025.0,9
2025-09-06 01:00:00,14738,24.14,81.0,21.11,100.0,58.57,2025.0,9
2025-09-06 02:00:00,14739,23.52,83.33,20.52,100.0,67.25,2025.0,9
2025-09-06 03:00:00,14740,23.44,81.93,20.1,100.0,60.95,2025.0,9
2025-09-06 04:00:00,14741,22.91,81.19,19.64,100.0,53.07,2025.0,9
2025-09-06 05:00:00,14742,22.49,82.34,19.58,100.0,57.62,2025.0,9
2025-09-06 06:00:00,14743,24.6,76.27,23.13,90.4,74.92,2025.0,9
2025-09-06 07:00:00,14744,28.36,57.3,26.94,71.37,53.23,2025.0,9
2025-09-06 08:00:00,14745,32.1,43.4,28.22,64.57,28.1,2025.0,9
2025-09-06 09:00:00,14746,33.68,39.07,31.02,56.57,26.33,2025.0,9
2025-09-06 10:00:00,14747,32.51,40.97,29.79,59.17,27.63,2025.0,9
2025-09-06 11:00:00,14748,32.26,41.4,29.24,60.0,32.1,2025.0,9
2025-09-06 12:00:00,14749,34.67,36.48,30.47,56.45,30.1,2025.0,9
2025-09-06 13:00:00,14750,35.59,34.5,33.23,49.97,29.67,2025.0,9
2025-09-06 14:00:00,14751,34.67,37.1,32.41,53.0,31.63,2025.0,9
2025-09-06 15:00:00,14752,31.71,43.67,28.94,62.07,35.53,2025.0,9
2025-09-06 16:00:00,14753,30.45,47.4,27.6,66.77,37.7,2025.0,9
2025-09-06 17:00:00,14754,28.38,52.53,25.85,72.07,37.37,2025.0,9
2025-09-06 18:00:00,14755,26.68,54.38,24.47,73.45,36.62,2025.0,9
2025-09-06 19:00:00,14756,25.75,55.37,23.73,73.9,36.37,2025.0,9
2025-09-06 20:00:00,14757,25.4,56.03,23.1,75.4,37.6,2025.0,9
2025-09-06 21:00:00,14758,24.54,57.13,22.26,76.33,35.23,2025.0,9
2025-09-06 22:00:00,14759,24.11,58.67,21.53,77.33,33.67,2025.0,9
2025-09-06 23:00:00,14760,23.67,60.63,20.97,78.23,34.53,2025.0,9
2025-09-07 00:00:00,14761,23.3,62.4,20.37,80.73,35.43,2025.0,9
2025-09-07 01:00:00,14762,23.45,60.57,20.31,79.67,36.23,2025.0,9
2025-09-07 02:00:00,14763,22.95,61.2,19.84,80.33,33.03,2025.0,9
2025-09-07 03:00:00,14764,22.2,64.7,19.04,83.97,44.87,2025.0,9
2025-09-07 04:00:00,14765,21.04,70.7,18.12,89.9,62.73,2025.0,9
2025-09-07 05:00:00,14766,20.06,74.33,17.44,92.93,69.93,2025.0,9
2025-09-07 06:00:00,14767,21.88,64.7,21.02,77.9,64.8,2025.0,9
2025-09-07 07:00:00,14768,27.37,51.8,26.13,68.03,74.1,2025.0,9
2025-09-07 08:00:00,14769,31.96,42.17,27.75,64.2,51.77,2025.0,9
2025-09-07 09:00:00,14770,32.9,39.83,30.2,57.73,36.5,2025.0,9
2025-09-07 10:00:00,14771,33.69,39.47,30.27,58.8,31.7,2025.0,9
2025-09-07 11:00:00,14772,33.94,37.23,29.98,56.93,29.33,2025.0,9
2025-09-07 12:00:00,14773,34.61,33.7,30.33,52.73,28.57,2025.0,9
2025-09-07 13:00:00,14774,36.15,32.07,33.83,46.7,30.27,2025.0,9
2025-09-07 14:00:00,14775,35.76,33.97,33.45,49.1,31.77,2025.0,9
2025-09-07 15:00:00,14776,32.79,42.77,30.05,60.7,43.83,2025.0,9
2025-09-07 16:00:00,14777,31.7,45.9,30.29,61.63,44.37,2025.0,9
2025-09-07 17:00:00,14778,30.94,48.27,27.96,67.73,43.6,2025.0,9
2025-09-07 18:00:00,14779,27.37,59.83,24.69,77.83,56.9,2025.0,9
2025-09-07 19:00:00,14780,26.45,63.23,23.86,80.63,53.97,2025.0,9
2025-09-07 20:00:00,14781,25.6,66.5,23.35,83.07,47.9,2025.0,9
2025-09-07 21:00:00,14782,24.98,69.37,22.71,86.0,40.3,2025.0,9
2025-09-07 22:00:00,14783,24.64,70.7,21.89,89.27,40.3,2025.0,9
2025-09-07 23:00:00,14784,23.98,72.43,21.1,91.83,43.27,2025.0,9
2025-09-08 00:00:00,14785,23.71,73.07,20.57,93.3,43.83,2025.0,9
2025-09-08 01:00:00,14786,23.53,73.47,20.43,93.7,61.5,2025.0,9
2025-09-08 02:00:00,14787,23.26,74.77,20.18,95.57,74.83,2025.0,9
2025-09-08 03:00:00,14788,23.61,72.83,20.6,92.7,54.4,2025.0,9
2025-09-08 04:00:00,14789,22.77,76.4,19.93,96.07,99.4,2025.0,9
2025-09-08 05:00:00,14790,22.86,76.37,19.89,96.73,113.83,2025.0,9
2025-09-08 06:00:00,14791,24.03,72.41,21.13,92.28,112.38,2025.0,9
2025-09-08 07:00:00,14792,28.0,61.8,25.77,79.53,82.67,2025.0,9
2025-09-08 08:00:00,14793,32.39,52.23,29.29,72.6,47.2,2025.0,9
2025-09-08 09:00:00,14794,32.46,50.9,30.61,69.07,36.6,2025.0,9
2025-09-08 10:00:00,14795,34.88,44.73,31.46,65.65,29.0,2025.0,9
2025-09-08 11:00:00,14796,36.09,42.55,32.05,64.24,34.07,2025.0,9
2025-09-08 12:00:00,14797,35.03,43.77,31.44,64.63,35.07,2025.0,9
2025-09-08 13:00:00,14798,32.21,52.07,29.33,72.0,62.03,2025.0,9
2025-09-08 14:00:00,14799,28.63,63.43,26.07,81.43,68.77,2025.0,9
2025-09-08 15:00:00,14800,27.52,67.13,25.02,84.47,67.57,2025.0,9
2025-09-08 16:00:00,14801,26.96,69.47,24.41,87.23,77.67,2025.0,9
2025-09-08 17:00:00,14802,26.37,72.17,23.66,90.37,76.8,2025.0,9
2025-09-08 18:00:00,14803,25.08,74.17,22.3,92.9,51.93,2025.0,9
2025-09-08 19:00:00,14804,25.31,73.27,22.38,92.73,50.13,2025.0,9
2025-09-08 20:00:00,14805,25.14,69.83,22.7,88.0,44.34,2025.0,9
2025-09-09 00:00:00,14809,24.05,70.24,21.27,89.28,36.24,2025.0,9
2025-09-09 01:00:00,14810,23.92,69.47,21.09,88.33,32.3,2025.0,9
2025-09-09 02:00:00,14811,23.98,69.1,21.16,88.0,37.0,2025.0,9
2025-09-09 03:00:00,14812,24.11,69.3,21.18,88.73,41.5,2025.0,9
2025-09-09 04:00:00,14813,23.81,72.9,20.87,92.57,60.83,2025.0,9
2025-09-09 05:00:00,14814,23.57,75.63,20.74,94.87,86.6,2025.0,9
2025-09-09 06:00:00,14815,24.65,73.03,21.85,92.33,95.9,2025.0,9
2025-09-09 07:00:00,14816,29.18,58.63,27.7,74.6,66.4,2025.0,9
2025-09-09 08:00:00,14817,31.43,51.53,27.94,73.17,50.6,2025.0,9
2025-09-09 09:00:00,14818,34.05,47.27,31.06,67.73,43.73,2025.0,9
2025-09-09 10:00:00,14819,35.06,46.2,32.19,66.13,39.07,2025.0,9
2025-09-09 11:00:00,14820,33.69,48.17,31.57,66.63,29.7,2025.0,9
2025-09-09 12:00:00,14821,32.45,52.77,30.32,71.07,40.33,2025.0,9
2025-09-09 13:00:00,14822,29.51,61.87,28.02,77.83,53.73,2025.0,9
2025-09-09 14:00:00,14823,27.61,68.23,25.33,85.13,58.2,2025.0,9
2025-09-09 15:00:00,14824,25.77,76.47,22.53,96.83,59.15,2025.0,9
2025-09-09 16:00:00,14825,25.19,79.6,21.8,100.0,64.78,2025.0,9
2025-09-09 17:00:00,14826,25.01,79.43,21.71,100.0,65.68,2025.0,9
2025-09-09 18:00:00,14827,24.8,79.66,21.68,100.0,80.38,2025.0,9
2025-09-09 19:00:00,14828,24.66,80.1,21.75,100.0,72.19,2025.0,9
2025-09-09 20:00:00,14829,24.73,79.0,21.89,99.47,74.37,2025.0,9
2025-09-09 21:00:00,14830,25.02,78.96,22.01,99.36,89.47,2025.0,9
2025-09-09 22:00:00,14831,24.35,82.53,21.45,100.0,106.44,2025.0,9
2025-09-09 23:00:00,14832,24.19,82.77,21.0,100.0,,2025.0,9
2025-09-10 00:00:00,14833,23.98,82.67,20.65,100.0,,2025.0,9
2025-09-10 01:00:00,14834,23.86,82.8,20.57,100.0,,2025.0,9
2025-09-10 02:00:00,14835,24.04,82.67,20.73,100.0,96.26,2025.0,9
2025-09-10 03:00:00,14836,23.62,83.2,20.41,100.0,89.4,2025.0,9
2025-09-10 04:00:00,14837,23.58,83.37,20.41,100.0,98.71,2025.0,9
2025-09-10 05:00:00,14838,23.36,84.2,20.3,100.0,89.58,2025.0,9
2025-09-10 06:00:00,14839,23.71,84.17,21.12,100.0,87.46,2025.0,9
2025-09-10 07:00:00,14840,29.73,65.3,29.62,76.97,84.97,2025.0,9
2025-09-10 08:00:00,14841,32.95,53.61,29.4,74.29,39.93,2025.0,9
2025-09-10 09:00:00,14842,32.99,52.87,30.7,72.17,34.27,2025.0,9
2025-09-10 10:00:00,14843,33.87,50.84,31.28,70.76,40.56,2025.0,9
2025-09-11 16:00:00,14873,25.69,77.0,21.76,100.0,27.27,2025.0,9
2025-09-11 17:00:00,14874,25.04,79.86,21.68,100.0,36.79,2025.0,9
2025-09-11 18:00:00,14875,24.6,81.13,21.64,100.0,40.76,2025.0,9
2025-09-11 19:00:00,14876,25.47,79.0,21.9,100.0,66.94,2025.0,9
2025-09-11 20:00:00,14877,25.85,79.0,22.18,100.0,63.56,2025.0,9
2025-09-11 21:00:00,14878,25.62,79.9,22.26,100.0,48.01,2025.0,9
2025-09-11 22:00:00,14879,25.45,79.71,22.06,100.0,54.6,2025.0,9
2025-09-11 23:00:00,14880,25.1,80.86,21.7,100.0,73.44,2025.0,9
2025-09-12 00:00:00,14881,25.16,79.97,21.81,100.0,66.0,2025.0,9
2025-09-12 01:00:00,14882,25.12,79.3,21.43,100.0,69.8,2025.0,9
2025-09-12 02:00:00,14883,24.76,80.27,21.17,100.0,59.97,2025.0,9
2025-09-12 03:00:00,14884,24.46,80.24,21.06,100.0,65.83,2025.0,9
2025-09-12 04:00:00,14885,24.57,80.83,21.18,100.0,56.05,2025.0,9
2025-09-12 05:00:00,14886,24.0,83.0,21.08,100.0,56.18,2025.0,9
2025-09-12 06:00:00,14887,25.12,80.19,22.13,99.12,71.53,2025.0,9
2025-09-12 07:00:00,14888,27.48,72.11,24.36,92.81,84.48,2025.0,9
2025-09-12 08:00:00,14889,32.67,56.23,29.23,75.46,58.81,2025.0,9
2025-09-12 09:00:00,14890,34.24,50.11,30.81,71.33,39.79,2025.0,9
2025-09-12 10:00:00,14891,34.51,48.37,31.33,69.32,32.71,2025.0,9
2025-09-12 11:00:00,14892,34.46,46.61,30.88,68.32,23.04,2025.0,9
2025-09-12 12:00:00,14893,35.98,43.48,31.85,65.7,21.41,2025.0,9
2025-09-12 13:00:00,14894,35.87,43.5,33.3,62.33,22.25,2025.0,9
2025-09-12 14:00:00,14895,30.66,59.41,28.61,75.97,42.97,2025.0,9
2025-09-12 15:00:00,14896,28.74,64.33,29.15,74.97,41.43,2025.0,9
2025-09-12 16:00:00,14897,27.75,69.03,26.16,84.1,43.97,2025.0,9
2025-09-12 17:00:00,14898,24.95,80.97,21.89,100.0,32.15,2025.0,9
2025-09-12 18:00:00,14899,24.69,81.96,21.62,100.0,29.46,2025.0,9
2025-09-12 19:00:00,14900,24.67,83.24,21.69,100.0,28.74,2025.0,9
2025-09-12 20:00:00,14901,24.88,81.33,21.37,100.0,21.75,2025.0,9
2025-09-12 21:00:00,14902,25.1,80.67,21.32,100.0,27.58,2025.0,9
2025-09-12 22:00:00,14903,24.61,82.6,21.4,100.0,35.13,2025.0,9
2025-09-12 23:00:00,14904,24.65,82.17,21.23,100.0,41.36,2025.0,9
2025-09-13 00:00:00,14905,24.41,82.66,21.03,100.0,38.74,2025.0,9
2025-09-13 01:00:00,14906,24.26,82.28,20.81,100.0,61.94,2025.0,9
2025-09-13 02:00:00,14907,24.0,82.87,20.7,100.0,41.79,2025.0,9
2025-09-13 03:00:00,14908,24.03,81.93,20.45,100.0,46.39,2025.0,9
2025-09-13 04:00:00,14909,23.53,82.21,20.03,100.0,47.94,2025.0,9
2025-09-13 05:00:00,14910,22.66,80.57,19.15,100.0,53.77,2025.0,9
2025-09-13 06:00:00,14911,23.28,79.33,20.12,100.0,74.83,2025.0,9
2025-09-13 07:00:00,14912,27.8,68.47,24.6,98.87,78.03,2025.0,9
2025-09-13 08:00:00,14913,31.06,57.33,28.08,77.6,54.77,2025.0,9
2025-09-13 09:00:00,14914,31.79,53.63,28.76,73.97,49.0,2025.0,9
2025-09-13 10:00:00,14915,32.42,46.14,29.62,65.76,32.34,2025.0,9
2025-09-13 11:00:00,14916,34.1,42.72,30.57,63.24,31.0,2025.0,9
2025-09-13 12:00:00,14917,34.51,41.62,30.88,62.29,32.58,2025.0,9
2025-09-13 13:00:00,14918,36.07,36.97,33.85,53.1,30.93,2025.0,9
2025-09-13 14:00:00,14919,37.38,34.43,35.57,48.63,31.37,2025.0,9
2025-09-13 15:00:00,14920,33.66,42.9,31.15,60.1,32.27,2025.0,9
2025-09-13 16:00:00,14921,31.13,52.27,28.67,71.3,38.87,2025.0,9
2025-09-13 17:00:00,14922,29.45,57.0,26.72,77.07,43.27,2025.0,9
2025-09-13 18:00:00,14923,28.92,60.41,25.85,80.03,60.1,2025.0,9
2025-09-13 19:00:00,14924,27.43,68.7,24.33,88.3,64.33,2025.0,9
2025-09-13 20:00:00,14925,26.41,73.43,23.43,93.03,73.27,2025.0,9
2025-09-13 21:00:00,14926,25.61,76.43,22.72,95.87,73.83,2025.0,9
2025-09-13 22:00:00,14927,25.34,76.47,22.22,97.23,73.77,2025.0,9
2025-09-13 23:00:00,14928,25.09,76.43,22.03,96.93,77.57,2025.0,9
2025-09-14 00:00:00,14929,24.8,76.3,21.64,97.1,99.17,2025.0,9
2025-09-14 01:00:00,14930,24.67,76.37,21.31,98.3,107.4,2025.0,9
2025-09-14 02:00:00,14931,25.07,73.57,21.84,94.63,81.53,2025.0,9
2025-09-14 03:00:00,14932,24.62,75.1,21.27,96.77,74.23,2025.0,9
2025-09-14 04:00:00,14933,24.16,75.82,20.75,97.89,86.39,2025.0,9
2025-09-14 05:00:00,14934,22.67,80.27,19.79,99.9,85.89,2025.0,9
2025-09-14 06:00:00,14935,24.76,75.07,22.81,91.97,85.65,2025.0,9
2025-09-14 07:00:00,14936,28.7,61.17,26.24,78.63,81.93,2025.0,9
2025-09-14 08:00:00,14937,31.04,52.77,28.89,70.47,55.53,2025.0,9
2025-09-14 09:00:00,14938,32.78,46.47,29.41,67.53,44.87,2025.0,9
2025-09-14 10:00:00,14939,32.92,43.3,30.49,61.63,32.9,2025.0,9
2025-09-14 11:00:00,14940,32.82,42.03,29.93,60.9,28.17,2025.0,9
2025-09-14 12:00:00,14941,34.1,38.83,30.72,58.0,25.87,2025.0,9
2025-09-14 13:00:00,14942,35.7,36.73,33.04,53.47,23.73,2025.0,9
2025-09-14 14:00:00,14943,34.51,39.53,32.19,56.2,24.87,2025.0,9
2025-09-14 15:00:00,14944,31.33,48.2,29.01,66.23,28.33,2025.0,9
2025-09-14 16:00:00,14945,30.04,49.33,27.43,68.53,29.37,2025.0,9
2025-09-14 17:00:00,14946,28.1,48.47,25.59,67.3,30.03,2025.0,9
2025-09-14 18:00:00,14947,27.13,50.97,24.57,70.13,38.87,2025.0,9
2025-09-14 19:00:00,14948,25.97,59.47,23.5,77.63,39.3,2025.0,9
2025-09-14 20:00:00,14949,25.41,62.07,22.96,79.27,29.73,2025.0,9
2025-09-14 21:00:00,14950,25.34,62.03,22.77,79.67,26.13,2025.0,9
2025-09-14 22:00:00,14951,25.08,62.73,22.51,80.53,26.5,2025.0,9
2025-09-14 23:00:00,14952,25.05,63.33,22.12,82.1,28.17,2025.0,9
2025-09-15 00:00:00,14953,24.58,65.7,21.28,85.77,26.6,2025.0,9
2025-09-15 01:00:00,14954,24.2,67.13,20.92,87.4,24.77,2025.0,9
2025-09-15 02:00:00,14955,23.82,68.1,20.52,88.57,33.97,2025.0,9
2025-09-15 03:00:00,14956,23.45,68.73,20.05,89.77,38.23,2025.0,9
2025-09-15 04:00:00,14957,23.74,69.77,20.51,90.23,32.73,2025.0,9
2025-09-15 05:00:00,14958,23.68,69.62,20.53,89.9,42.21,2025.0,9
2025-09-15 06:00:00,14959,24.32,67.47,22.53,84.03,70.33,2025.0,9
2025-09-15 07:00:00,14960,30.44,50.83,29.1,67.2,44.5,2025.0,9
2025-09-15 08:00:00,14961,32.6,42.97,30.39,60.3,26.6,2025.0,9
2025-09-15 09:00:00,14962,33.52,39.37,29.58,59.73,23.97,2025.0,9
2025-09-15 10:00:00,14963,34.13,38.68,31.0,57.0,27.24,2025.0,9
2025-09-15 11:00:00,14964,35.33,36.63,31.34,56.07,25.2,2025.0,9
2025-09-15 12:00:00,14965,35.88,35.43,32.07,54.17,28.37,2025.0,9
2025-09-15 13:00:00,14966,34.9,40.07,32.93,56.13,33.2,2025.0,9
2025-09-15 14:00:00,14967,33.45,44.67,31.45,61.67,37.73,2025.0,9
2025-09-15 15:00:00,14968,31.59,49.1,29.12,67.87,40.07,2025.0,9
2025-09-15 16:00:00,14969,33.15,46.87,30.6,65.57,47.37,2025.0,9
2025-09-15 17:00:00,14970,29.48,56.93,26.96,75.47,59.73,2025.0,9
2025-09-15 18:00:00,14971,28.6,60.83,25.84,79.17,55.57,2025.0,9
2025-09-15 19:00:00,14972,27.0,64.9,24.04,83.8,47.63,2025.0,9
2025-09-15 20:00:00,14973,26.11,68.4,23.31,87.13,44.23,2025.0,9
2025-09-15 21:00:00,14974,25.72,70.1,22.77,89.27,42.47,2025.0,9
2025-09-15 22:00:00,14975,25.83,69.37,22.66,89.43,42.17,2025.0,9
2025-09-15 23:00:00,14976,25.41,71.5,22.15,92.13,44.47,2025.0,9
2025-09-16 00:00:00,14977,25.21,71.53,21.89,92.5,43.17,2025.0,9
2025-09-16 01:00:00,14978,24.82,73.0,21.46,94.3,54.9,2025.0,9
2025-09-16 02:00:00,14979,24.91,72.1,21.57,93.17,48.5,2025.0,9
2025-09-16 03:00:00,14980,24.88,72.1,21.37,93.77,56.4,2025.0,9
2025-09-16 04:00:00,14981,24.02,75.63,20.6,97.4,78.1,2025.0,9
2025-09-16 05:00:00,14982,23.67,77.6,20.4,99.3,101.13,2025.0,9
2025-09-16 06:00:00,14983,26.43,67.6,24.67,83.7,65.63,2025.0,9
2025-09-16 07:00:00,14984,29.47,58.67,28.12,74.4,86.67,2025.0,9
2025-09-16 08:00:00,14985,33.68,46.87,30.86,66.0,46.23,2025.0,9
2025-09-16 09:00:00,14986,34.08,46.0,30.21,67.63,44.43,2025.0,9
2025-09-16 10:00:00,14987,33.95,46.6,31.45,65.4,38.7,2025.0,9
2025-09-16 11:00:00,14988,35.18,43.48,32.42,62.41,35.66,2025.0,9
2025-09-16 12:00:00,14989,35.03,44.37,32.42,62.73,44.13,2025.0,9
2025-09-16 13:00:00,14990,27.76,64.2,25.87,82.13,60.77,2025.0,9
2025-09-16 14:00:00,14991,25.99,72.83,21.98,100.0,86.87,2025.0,9
2025-09-16 15:00:00,14992,28.5,64.88,24.9,93.12,77.56,2025.0,9
2025-09-16 16:00:00,14993,29.57,60.4,26.31,79.8,64.93,2025.0,9
2025-09-16 17:00:00,14994,27.9,65.5,24.85,84.67,62.5,2025.0,9
2025-09-16 18:00:00,14995,26.75,70.59,24.0,89.45,79.9,2025.0,9
2025-09-16 19:00:00,14996,26.05,72.53,23.35,91.4,58.93,2025.0,9
2025-09-16 20:00:00,14997,25.82,71.17,23.05,90.4,47.97,2025.0,9
2025-09-16 21:00:00,14998,25.81,71.13,22.73,91.1,47.5,2025.0,9
2025-09-16 22:00:00,14999,25.47,71.5,22.19,92.17,45.2,2025.0,9
2025-09-16 23:00:00,15000,24.36,77.2,21.97,95.13,64.57,2025.0,9
2025-09-17 00:00:00,15001,24.54,78.67,21.52,99.1,78.69,2025.0,9
2025-09-17 01:00:00,15002,24.9,75.93,21.72,96.9,67.9,2025.0,9
2025-09-17 02:00:00,15003,24.37,75.7,21.11,97.07,69.87,2025.0,9
2025-09-17 03:00:00,15004,24.06,76.17,20.59,98.47,74.43,2025.0,9
2025-09-17 04:00:00,15005,24.08,76.1,20.68,98.13,74.5,2025.0,9
2025-09-17 05:00:00,15006,23.1,80.13,20.72,98.6,69.76,2025.0,9
2025-09-17 06:00:00,15007,25.75,72.42,23.14,91.35,79.54,2025.0,9
2025-09-17 07:00:00,15008,29.58,60.4,26.99,78.3,73.23,2025.0,9
2025-09-17 08:00:00,15009,31.41,54.7,28.49,73.33,54.77,2025.0,9
2025-09-17 09:00:00,15010,34.27,48.1,30.54,68.69,36.62,2025.0,9
2025-09-17 10:00:00,15011,36.5,43.17,32.51,64.53,32.23,2025.0,9
2025-09-17 11:00:00,15012,36.64,41.8,32.38,63.53,29.47,2025.0,9
2025-09-17 12:00:00,15013,34.78,44.13,31.79,63.77,29.3,2025.0,9
2025-09-17 13:00:00,15014,35.64,44.23,33.53,61.8,33.93,2025.0,9
2025-09-17 14:00:00,15015,32.36,52.37,29.29,72.17,43.77,2025.0,9
2025-09-17 15:00:00,15016,26.62,70.77,23.71,86.37,55.77,2025.0,9
2025-09-17 16:00:00,15017,24.84,78.63,22.17,97.8,45.95,2025.0,9
2025-09-17 17:00:00,15018,23.19,84.97,21.19,100.0,31.78,2025.0,9
2025-09-17 18:00:00,15019,23.04,86.77,21.12,100.0,39.26,2025.0,9
2025-09-17 19:00:00,15020,23.48,82.37,20.57,100.0,30.11,2025.0,9
2025-09-17 20:00:00,15021,23.91,82.27,20.64,100.0,34.17,2025.0,9
2025-09-17 21:00:00,15022,24.14,82.3,20.83,100.0,30.93,2025.0,9
2025-09-17 22:00:00,15023,24.06,82.9,20.88,100.0,32.0,2025.0,9
2025-09-17 23:00:00,15024,24.36,81.57,20.9,100.0,34.01,2025.0,9
2025-09-18 00:00:00,15025,24.36,81.07,20.81,100.0,31.18,2025.0,9
2025-09-18 01:00:00,15026,24.2,81.89,20.85,100.0,35.61,2025.0,9
2025-09-18 02:00:00,15027,24.39,82.1,20.96,100.0,48.62,2025.0,9
2025-09-18 03:00:00,15028,24.36,81.87,20.92,100.0,48.37,2025.0,9
2025-09-18 04:00:00,15029,24.32,81.8,20.87,100.0,45.02,2025.0,9
2025-09-18 05:00:00,15030,24.37,81.67,20.91,100.0,46.23,2025.0,9
2025-09-18 06:00:00,15031,25.63,77.73,22.14,100.0,51.37,2025.0,9
2025-09-18 07:00:00,15032,26.22,72.33,22.7,98.77,49.8,2025.0,9
2025-09-18 08:00:00,15033,28.42,66.07,25.99,84.43,52.87,2025.0,9
2025-09-18 09:00:00,15034,35.24,47.67,32.36,66.17,40.3,2025.0,9
2025-09-18 10:00:00,15035,37.03,42.23,32.82,63.97,42.83,2025.0,9
2025-09-18 11:00:00,15036,38.05,38.63,33.63,59.67,30.67,2025.0,9
2025-09-18 12:00:00,15037,34.18,46.3,31.19,65.83,29.77,2025.0,9
2025-09-18 13:00:00,15038,31.37,54.3,29.37,72.5,35.97,2025.0,9
2025-09-18 14:00:00,15039,30.94,53.57,28.57,73.13,34.23,2025.0,9
2025-09-18 15:00:00,15040,29.98,59.04,27.71,76.88,45.33,2025.0,9
2025-09-18 16:00:00,15041,28.33,65.03,25.9,82.1,49.3,2025.0,9
2025-09-18 17:00:00,15042,27.36,68.29,24.79,86.0,51.46,2025.0,9
2025-09-18 18:00:00,15043,26.76,68.57,24.26,86.2,49.37,2025.0,9
2025-09-18 19:00:00,15044,26.31,69.8,23.69,87.93,48.53,2025.0,9
2025-09-18 20:00:00,15045,25.7,71.53,23.08,89.8,40.47,2025.0,9
2025-09-18 21:00:00,15046,25.08,73.3,22.49,91.47,32.7,2025.0,9
2025-09-18 22:00:00,15047,24.72,74.27,21.88,93.57,31.7,2025.0,9
2025-09-18 23:00:00,15048,24.58,73.7,21.72,93.23,35.6,2025.0,9
2025-09-19 00:00:00,15049,23.55,79.8,21.09,97.97,64.1,2025.0,9
2025-09-19 01:00:00,15050,23.04,82.83,20.98,99.7,58.76,2025.0,9
2025-09-19 02:00:00,15051,23.24,81.07,20.65,99.4,69.51,2025.0,9
2025-09-19 03:00:00,15052,23.41,80.55,20.12,100.0,73.12,2025.0,9
2025-09-19 04:00:00,15053,23.57,79.83,20.36,100.0,69.07,2025.0,9
2025-09-19 05:00:00,15054,23.07,80.53,19.97,100.0,67.34,2025.0,9
2025-09-19 06:00:00,15055,24.38,76.87,21.82,95.93,105.54,2025.0,9
2025-09-19 07:00:00,15056,29.78,60.8,28.62,74.7,105.53,2025.0,9
2025-09-19 08:00:00,15057,32.0,54.23,30.24,69.9,47.47,2025.0,9
2025-09-19 09:00:00,15058,32.86,51.03,30.29,70.13,35.57,2025.0,9
2025-09-19 10:00:00,15059,34.03,47.33,31.7,66.2,36.27,2025.0,9
2025-09-19 11:00:00,15060,35.95,44.43,33.07,63.87,36.57,2025.0,9
2025-09-19 12:00:00,15061,34.02,46.1,31.63,64.67,29.17,2025.0,9
2025-09-19 13:00:00,15062,32.1,52.57,29.77,70.97,39.47,2025.0,9
2025-09-19 14:00:00,15063,30.1,62.13,28.54,77.3,63.1,2025.0,9
2025-09-19 15:00:00,15064,27.37,72.43,24.67,91.17,57.96,2025.0,9
2025-09-19 16:00:00,15065,25.24,81.4,22.2,100.0,45.56,2025.0,9
2025-09-19 17:00:00,15066,25.39,81.17,22.36,100.0,54.1,2025.0,9
2025-09-19 18:00:00,15067,25.26,80.83,22.3,100.0,63.79,2025.0,9
2025-09-19 19:00:00,15068,26.01,78.47,22.55,100.0,85.66,2025.0,9
2025-09-19 20:00:00,15069,25.02,79.73,22.21,99.77,44.55,2025.0,9
2025-09-19 21:00:00,15070,25.93,74.63,22.89,95.43,47.53,2025.0,9
2025-09-19 22:00:00,15071,25.93,74.97,22.79,95.8,50.37,2025.0,9
2025-09-19 23:00:00,15072,25.23,77.11,22.08,98.21,54.0,2025.0,9
2025-09-20 00:00:00,15073,24.4,79.79,21.32,99.97,52.49,2025.0,9
2025-09-20 01:00:00,15074,24.33,78.4,21.34,99.23,60.07,2025.0,9
2025-09-20 02:00:00,15075,24.24,78.0,21.09,99.43,56.87,2025.0,9
2025-09-20 03:00:00,15076,24.03,78.07,20.9,99.61,55.36,2025.0,9
2025-09-20 04:00:00,15077,23.23,80.77,20.72,99.7,46.34,2025.0,9
2025-09-20 05:00:00,15078,23.39,79.57,20.73,99.1,42.63,2025.0,9
2025-09-20 06:00:00,15079,25.41,73.9,24.17,89.07,64.93,2025.0,9
2025-09-20 07:00:00,15080,28.92,63.87,27.15,79.87,66.33,2025.0,9
2025-09-20 08:00:00,15081,32.28,54.33,31.08,69.73,54.23,2025.0,9
2025-09-20 09:00:00,15082,32.36,52.47,30.22,70.73,44.13,2025.0,9
2025-09-20 10:00:00,15083,31.26,53.53,29.01,72.27,41.0,2025.0,9
2025-09-20 11:00:00,15084,29.68,57.1,28.17,74.23,34.3,2025.0,9
2025-09-20 12:00:00,15085,28.8,60.9,27.14,77.3,39.5,2025.0,9
2025-09-20 13:00:00,15086,29.36,56.43,27.94,73.1,38.17,2025.0,9
2025-09-20 14:00:00,15087,30.15,55.87,28.26,74.1,39.07,2025.0,9
2025-09-20 15:00:00,15088,27.85,63.07,25.34,81.1,39.3,2025.0,9
2025-09-20 16:00:00,15089,28.02,59.67,25.58,76.87,37.13,2025.0,9
2025-09-20 17:00:00,15090,27.36,63.86,24.77,81.52,43.24,2025.0,9
2025-09-20 18:00:00,15091,26.61,67.23,24.07,84.83,47.23,2025.0,9
2025-09-20 19:00:00,15092,26.09,68.31,23.29,86.76,48.41,2025.0,9
2025-09-20 20:00:00,15093,25.33,73.4,22.41,92.83,65.2,2025.0,9
2025-09-20 21:00:00,15094,24.9,75.57,22.08,95.0,99.27,2025.0,9
2025-09-20 22:00:00,15095,24.75,76.13,21.73,96.57,101.3,2025.0,9
2025-09-20 23:00:00,15096,24.55,76.33,21.37,97.2,95.1,2025.0,9
2025-09-21 00:00:00,15097,24.2,77.37,21.02,98.37,100.5,2025.0,9
2025-09-21 01:00:00,15098,23.94,78.5,20.6,99.87,,2025.0,9
2025-09-21 02:00:00,15099,23.65,79.07,20.52,99.97,116.3,2025.0,9
2025-09-21 03:00:00,15100,23.36,78.8,20.26,99.67,,2025.0,9
2025-09-21 04:00:00,15101,22.8,80.6,19.67,100.0,88.29,2025.0,9
2025-09-21 05:00:00,15102,22.29,81.93,19.72,99.87,82.37,2025.0,9
2025-09-21 06:00:00,15103,24.18,74.53,23.94,86.0,79.37,2025.0,9
2025-09-21 07:00:00,15104,31.15,54.8,30.32,68.43,56.43,2025.0,9
2025-09-21 08:00:00,15105,33.2,50.47,31.31,67.63,47.37,2025.0,9
2025-09-21 09:00:00,15106,33.07,47.77,30.52,66.63,34.03,2025.0,9
2025-09-21 10:00:00,15107,34.21,44.83,31.3,64.3,31.13,2025.0,9
2025-09-21 11:00:00,15108,34.57,44.83,31.55,64.6,31.77,2025.0,9
2025-09-21 12:00:00,15109,33.2,48.76,30.6,67.59,39.93,2025.0,9
2025-09-21 13:00:00,15110,31.45,53.87,31.19,68.13,40.3,2025.0,9
2025-09-21 14:00:00,15111,33.58,47.97,33.26,62.1,35.53,2025.0,9
2025-09-21 15:00:00,15112,31.5,55.07,30.92,69.77,40.4,2025.0,9
2025-09-21 16:00:00,15113,31.08,57.23,30.54,71.83,45.2,2025.0,9
2025-09-21 17:00:00,15114,28.58,65.23,26.58,81.57,49.6,2025.0,9
2025-09-21 18:00:00,15115,27.51,70.23,25.3,86.77,57.53,2025.0,9
2025-09-21 19:00:00,15116,27.23,73.37,24.75,91.0,65.93,2025.0,9
2025-09-21 20:00:00,15117,27.28,74.47,24.1,94.67,73.0,2025.0,9
2025-09-21 21:00:00,15118,26.33,78.3,23.54,97.57,74.22,2025.0,9
2025-09-21 22:00:00,15119,26.41,78.4,23.42,98.67,86.34,2025.0,9
2025-09-21 23:00:00,15120,26.29,78.1,22.83,99.77,92.93,2025.0,9
2025-09-22 00:00:00,15121,26.05,78.73,23.01,99.4,91.0,2025.0,9
2025-09-22 01:00:00,15122,25.9,77.86,22.56,99.38,98.63,2025.0,9
2025-09-22 02:00:00,15123,25.5,79.41,22.55,99.55,72.97,2025.0,9
2025-09-22 03:00:00,15124,25.03,80.0,22.14,99.87,70.49,2025.0,9
2025-09-22 04:00:00,15125,24.94,77.0,22.21,96.67,59.26,2025.0,9
2025-09-22 05:00:00,15126,24.85,74.83,22.14,94.27,38.63,2025.0,9
2025-09-22 06:00:00,15127,27.34,67.73,26.7,80.43,48.0,2025.0,9
2025-09-22 07:00:00,15128,28.69,63.87,28.92,73.97,34.5,2025.0,9
2025-09-22 08:00:00,15129,30.88,56.83,30.46,70.13,29.2,2025.0,9
2025-09-22 09:00:00,15130,32.74,50.8,30.72,68.67,31.17,2025.0,9
2025-09-22 10:00:00,15131,34.31,47.31,31.56,66.9,33.41,2025.0,9
2025-09-22 11:00:00,15132,34.75,45.27,31.46,65.8,34.4,2025.0,9
2025-09-22 12:00:00,15133,35.46,43.23,32.66,62.43,33.7,2025.0,9
2025-09-22 13:00:00,15134,37.3,38.77,35.93,53.83,34.2,2025.0,9
2025-09-22 14:00:00,15135,37.59,35.37,37.01,47.77,31.07,2025.0,9
2025-09-22 15:00:00,15136,36.78,41.6,35.81,55.2,40.0,2025.0,9
2025-09-22 16:00:00,15137,33.75,48.43,31.77,65.53,38.8,2025.0,9
2025-09-22 17:00:00,15138,30.6,52.63,28.09,71.63,36.53,2025.0,9
2025-09-22 18:00:00,15139,29.41,58.53,26.54,77.33,52.27,2025.0,9
2025-09-22 19:00:00,15140,28.27,62.77,25.04,82.03,87.2,2025.0,9
2025-09-22 20:00:00,15141,27.27,67.77,24.28,86.67,88.07,2025.0,9
2025-09-22 21:00:00,15142,26.65,71.63,23.66,91.0,77.13,2025.0,9
2025-09-22 22:00:00,15143,26.17,71.13,23.11,90.77,83.07,2025.0,9
2025-09-22 23:00:00,15144,25.85,69.47,22.57,89.83,61.87,2025.0,9
2025-09-23 00:00:00,15145,25.05,73.13,22.08,92.73,112.87,2025.0,9
2025-09-23 01:00:00,15146,24.67,68.63,21.4,89.1,94.53,2025.0,9
2025-09-23 02:00:00,15147,24.15,68.27,20.96,88.4,91.27,2025.0,9
2025-09-23 03:00:00,15148,23.86,68.03,20.56,88.6,76.83,2025.0,9
2025-09-23 04:00:00,15149,23.69,68.47,20.5,88.7,76.9,2025.0,9
2025-09-23 05:00:00,15150,23.33,68.27,20.03,88.87,69.5,2025.0,9
2025-09-23 06:00:00,15151,25.29,65.0,22.76,83.17,76.37,2025.0,9
2025-09-23 07:00:00,15152,30.73,52.37,30.19,66.87,73.9,2025.0,9
2025-09-23 08:00:00,15153,33.27,48.87,31.43,66.17,75.7,2025.0,9
2025-09-23 09:00:00,15154,33.74,47.13,31.37,65.8,45.2,2025.0,9
2025-09-23 10:00:00,15155,34.32,44.13,32.08,61.83,46.7,2025.0,9
2025-09-23 11:00:00,15156,35.15,35.15,31.98,52.41,35.81,2025.0,9
2025-09-23 12:00:00,15157,35.92,27.67,33.33,41.4,19.17,2025.0,9
2025-09-23 13:00:00,15158,36.14,29.43,34.44,42.13,24.33,2025.0,9
2025-09-23 14:00:00,15159,35.67,33.21,34.81,45.21,31.69,2025.0,9
2025-09-23 15:00:00,15160,35.76,35.45,33.13,50.97,36.72,2025.0,9
2025-09-23 16:00:00,15161,33.87,41.87,30.97,59.67,45.57,2025.0,9
2025-09-23 17:00:00,15162,30.59,57.93,27.98,76.27,60.0,2025.0,9
2025-09-23 18:00:00,15163,27.39,68.86,25.58,84.29,69.46,2025.0,9
2025-09-23 19:00:00,15164,25.9,68.5,23.9,84.27,54.3,2025.0,9
2025-09-23 20:00:00,15165,25.72,75.53,23.82,91.23,78.2,2025.0,9
2025-09-23 21:00:00,15166,26.13,74.97,23.43,93.53,82.7,2025.0,9
2025-09-23 22:00:00,15167,25.64,74.77,22.66,94.47,72.47,2025.0,9
2025-09-23 23:00:00,15168,24.91,77.37,22.4,95.57,85.17,2025.0,9
2025-09-24 00:00:00,15169,24.22,80.47,22.0,97.77,71.86,2025.0,9
2025-09-24 01:00:00,15170,24.18,80.93,21.3,99.83,82.72,2025.0,9
2025-09-24 02:00:00,15171,24.48,79.57,21.1,100.0,104.71,2025.0,9
2025-09-24 03:00:00,15172,24.38,78.57,21.05,99.97,,2025.0,9
2025-09-24 04:00:00,15173,23.84,74.3,20.86,94.57,107.17,2025.0,9
2025-09-24 05:00:00,15174,23.65,72.33,20.66,92.5,80.83,2025.0,9
2025-09-24 06:00:00,15175,25.05,67.4,22.85,84.87,84.47,2025.0,9
2025-09-24 07:00:00,15176,30.37,52.7,28.84,68.5,58.77,2025.0,9
2025-09-24 08:00:00,15177,32.9,48.03,30.58,66.07,61.9,2025.0,9
2025-09-24 09:00:00,15178,35.8,43.8,32.24,63.97,65.57,2025.0,9
2025-09-24 10:00:00,15179,37.28,39.22,33.11,59.81,60.07,2025.0,9
2025-09-24 11:00:00,15180,38.23,32.33,33.82,50.63,46.9,2025.0,9
2025-09-24 12:00:00,15181,39.82,25.57,35.48,40.89,34.36,2025.0,9
2025-09-24 13:00:00,15182,38.48,31.03,36.1,44.97,43.3,2025.0,9
2025-09-24 14:00:00,15183,29.86,52.93,25.49,80.0,45.67,2025.0,9
2025-09-24 15:00:00,15184,27.23,59.83,22.13,99.93,45.77,2025.0,9
2025-09-24 16:00:00,15185,27.45,65.37,24.69,94.63,77.27,2025.0,9
2025-09-24 17:00:00,15186,25.36,74.43,24.11,88.8,93.1,2025.0,9
2025-09-24 18:00:00,15187,24.9,69.63,23.0,86.2,61.53,2025.0,9
2025-09-24 19:00:00,15188,24.47,76.62,22.1,94.85,75.55,2025.0,9
2025-09-24 20:00:00,15189,24.47,77.87,22.23,95.43,89.84,2025.0,9
2025-09-24 21:00:00,15190,25.57,73.67,22.55,93.67,81.07,2025.0,9
2025-09-24 22:00:00,15191,25.62,73.23,22.62,93.23,76.53,2025.0,9
2025-09-24 23:00:00,15192,25.25,74.97,22.18,95.33,97.76,2025.0,9
2025-09-25 00:00:00,15193,24.24,78.27,21.64,97.33,98.37,2025.0,9
2025-09-25 01:00:00,15194,24.14,78.3,21.39,97.8,99.54,2025.0,9
2025-09-25 02:00:00,15195,24.32,78.76,21.24,99.72,,2025.0,9
2025-09-25 03:00:00,15196,24.09,79.73,21.0,100.0,101.55,2025.0,9
2025-09-25 04:00:00,15197,23.08,82.23,20.45,100.0,88.55,2025.0,9
2025-09-25 05:00:00,15198,23.31,80.87,20.07,100.0,83.42,2025.0,9
2025-09-25 06:00:00,15199,24.72,77.2,22.87,93.83,,2025.0,9
2025-09-25 07:00:00,15200,29.62,61.3,27.81,77.23,111.37,2025.0,9
2025-09-25 08:00:00,15201,33.17,51.5,31.79,66.83,84.93,2025.0,9
2025-09-25 09:00:00,15202,35.16,47.47,32.22,66.53,72.07,2025.0,9
2025-09-25 10:00:00,15203,37.29,43.0,33.43,63.82,75.14,2025.0,9
2025-09-25 11:00:00,15204,35.91,41.77,32.23,61.9,67.77,2025.0,9
2025-09-25 12:00:00,15205,35.27,43.36,31.38,63.75,65.93,2025.0,9
2025-09-25 13:00:00,15206,28.06,64.85,23.95,91.19,77.04,2025.0,9
2025-09-25 14:00:00,15207,29.73,62.27,24.55,99.07,60.77,2025.0,9
2025-09-25 15:00:00,15208,31.3,57.53,28.56,79.83,64.33,2025.0,9
2025-09-25 16:00:00,15209,32.21,54.57,29.73,71.9,59.1,2025.0,9
2025-09-25 17:00:00,15210,28.52,63.77,26.01,81.23,62.13,2025.0,9
2025-09-25 18:00:00,15211,27.27,68.13,24.78,85.6,69.53,2025.0,9
2025-09-25 19:00:00,15212,26.89,70.7,24.16,89.2,76.13,2025.0,9
2025-09-25 20:00:00,15213,26.37,73.67,23.88,91.83,76.03,2025.0,9
2025-09-25 21:00:00,15214,24.96,80.2,22.68,97.5,68.62,2025.0,9
2025-09-25 22:00:00,15215,24.17,81.1,20.93,100.0,50.34,2025.0,9
2025-09-25 23:00:00,15216,21.97,85.28,19.49,100.0,33.38,2025.0,9
2025-09-26 00:00:00,15217,21.38,89.64,19.8,100.0,34.43,2025.0,9
2025-09-26 01:00:00,15218,21.81,87.0,19.57,100.0,31.94,2025.0,9
2025-09-26 02:00:00,15219,22.2,83.37,19.29,100.0,28.3,2025.0,9
2025-09-26 03:00:00,15220,22.31,82.37,19.31,100.0,29.57,2025.0,9
2025-09-26 04:00:00,15221,23.26,80.73,19.76,100.0,34.66,2025.0,9
2025-09-26 05:00:00,15222,23.2,81.27,19.98,100.0,33.37,2025.0,9
2025-09-26 06:00:00,15223,24.42,79.07,21.41,100.0,55.68,2025.0,9
2025-09-26 07:00:00,15224,30.07,62.83,27.38,91.27,68.17,2025.0,9
2025-09-26 08:00:00,15225,32.65,55.1,30.85,70.67,59.87,2025.0,9
2025-09-26 09:00:00,15226,35.44,46.5,32.82,64.83,45.5,2025.0,9
2025-09-26 10:00:00,15227,38.22,38.57,34.04,58.63,40.3,2025.0,9
2025-09-26 11:00:00,15228,36.5,38.8,32.53,58.5,38.03,2025.0,9
2025-09-26 12:00:00,15229,35.97,41.57,33.22,59.7,44.6,2025.0,9
2025-09-26 13:00:00,15230,36.3,41.31,34.81,56.66,45.28,2025.0,9
2025-09-26 14:00:00,15231,33.74,46.48,32.06,62.38,42.9,2025.0,9
2025-09-26 15:00:00,15232,29.48,60.1,27.12,77.27,52.33,2025.0,9
2025-09-26 16:00:00,15233,27.53,68.37,24.7,87.03,69.97,2025.0,9
2025-09-26 17:00:00,15234,24.82,80.96,21.97,100.0,54.53,2025.0,9
2025-09-26 18:00:00,15235,25.87,76.13,22.44,100.0,68.86,2025.0,9
2025-09-26 19:00:00,15236,26.02,77.47,23.14,98.93,94.97,2025.0,9
2025-09-26 20:00:00,15237,25.53,78.37,23.34,96.2,107.0,2025.0,9
2025-09-26 21:00:00,15238,25.68,79.03,23.3,97.07,,2025.0,9
2025-09-26 22:00:00,15239,25.51,80.83,23.02,99.33,76.98,2025.0,9
2025-09-26 23:00:00,15240,25.63,80.37,22.89,99.9,76.43,2025.0,9
2025-09-27 00:00:00,15241,25.67,79.37,22.5,100.0,90.71,2025.0,9
2025-09-27 01:00:00,15242,25.1,81.13,22.19,100.0,75.98,2025.0,9
2025-09-27 02:00:00,15243,25.25,80.43,22.28,100.0,84.72,2025.0,9
2025-09-27 03:00:00,15244,25.07,78.93,21.85,100.0,100.87,2025.0,9
2025-09-27 04:00:00,15245,24.06,79.03,21.32,99.03,83.04,2025.0,9
2025-09-27 05:00:00,15246,23.75,80.38,20.88,99.83,71.1,2025.0,9
2025-09-27 06:00:00,15247,25.57,73.24,23.32,91.1,90.83,2025.0,9
2025-09-27 07:00:00,15248,28.97,61.9,27.29,77.03,67.37,2025.0,9
2025-09-27 08:00:00,15249,33.03,50.33,31.32,66.5,46.8,2025.0,9
2025-09-27 09:00:00,15250,33.03,48.93,31.49,65.1,44.43,2025.0,9
2025-09-27 10:00:00,15251,33.97,47.7,31.63,65.83,47.67,2025.0,9
2025-09-27 11:00:00,15252,33.94,49.27,31.4,68.07,48.73,2025.0,9
2025-09-27 12:00:00,15253,34.07,47.93,32.14,65.63,45.89,2025.0,9
2025-09-27 13:00:00,15254,31.41,54.6,29.36,70.97,44.8,2025.0,9
2025-09-27 14:00:00,15255,33.49,51.5,32.58,66.93,50.47,2025.0,9
2025-09-27 15:00:00,15256,34.15,49.27,32.4,66.47,49.3,2025.0,9
2025-09-27 16:00:00,15257,31.18,57.82,29.84,73.71,53.14,2025.0,9
2025-09-27 17:00:00,15258,28.95,66.0,26.66,82.38,64.86,2025.0,9
2025-09-27 18:00:00,15259,27.35,71.13,23.52,94.43,53.0,2025.0,9
2025-09-27 19:00:00,15260,26.51,73.77,22.6,100.0,52.43,2025.0,9
2025-09-27 20:00:00,15261,26.53,70.03,24.02,90.4,44.5,2025.0,9
2025-09-27 21:00:00,15262,26.67,67.21,24.38,84.41,39.66,2025.0,9
2025-09-27 22:00:00,15263,26.75,70.77,23.8,90.27,63.17,2025.0,9
2025-09-27 23:00:00,15264,26.15,66.9,23.84,84.1,29.23,2025.0,9
2025-09-28 00:00:00,15265,25.3,74.17,22.93,91.77,34.5,2025.0,9
2025-09-28 01:00:00,15266,25.35,73.63,22.9,91.53,37.73,2025.0,9
2025-09-28 02:00:00,15267,25.15,75.73,22.33,94.9,46.63,2025.0,9
2025-09-28 03:00:00,15268,24.87,77.63,22.04,97.23,67.4,2025.0,9
2025-09-28 04:00:00,15269,24.84,77.67,21.71,98.7,79.27,2025.0,9
2025-09-28 05:00:00,15270,24.5,78.6,21.52,99.03,83.31,2025.0,9
2025-09-28 06:00:00,15271,25.8,74.17,23.1,93.33,86.2,2025.0,9
2025-09-28 07:00:00,15272,27.93,68.3,25.34,86.87,94.47,2025.0,9
2025-09-28 08:00:00,15273,31.26,56.93,29.9,71.17,49.73,2025.0,9
2025-09-28 09:00:00,15274,33.31,50.47,31.74,66.83,38.47,2025.0,9
2025-09-28 10:00:00,15275,33.93,48.13,31.24,67.17,39.9,2025.0,9
2025-09-28 11:00:00,15276,33.83,48.03,31.1,67.27,39.5,2025.0,9
2025-09-28 12:00:00,15277,33.75,47.73,31.71,65.53,36.2,2025.0,9
2025-09-28 13:00:00,15278,34.11,45.1,33.14,60.33,28.57,2025.0,9
2025-09-28 14:00:00,15279,33.7,45.3,33.19,59.33,30.33,2025.0,9
2025-09-28 15:00:00,15280,33.18,46.47,32.47,60.87,30.7,2025.0,9
2025-09-28 16:00:00,15281,31.61,49.63,29.99,66.17,30.5,2025.0,9
2025-09-28 17:00:00,15282,29.78,53.83,27.22,72.6,32.5,2025.0,9
2025-09-28 18:00:00,15283,28.88,55.57,26.27,74.87,37.33,2025.0,9
2025-09-28 19:00:00,15284,27.92,59.83,24.8,78.37,60.4,2025.0,9
2025-09-28 20:00:00,15285,27.25,61.6,24.33,79.87,43.03,2025.0,9
2025-09-28 21:00:00,15286,26.4,67.1,23.15,86.73,58.43,2025.0,9
2025-09-28 22:00:00,15287,26.12,68.4,23.11,87.33,94.3,2025.0,9
2025-09-28 23:00:00,15288,25.77,70.03,22.67,89.6,92.33,2025.0,9
2025-09-29 00:00:00,15289,24.37,74.87,21.74,93.2,104.7,2025.0,9
2025-09-29 01:00:00,15290,24.61,73.93,21.5,94.03,84.63,2025.0,9
2025-09-29 02:00:00,15291,24.26,75.8,21.24,95.57,99.53,2025.0,9
2025-09-29 03:00:00,15292,23.9,77.17,20.87,97.7,110.37,2025.0,9
2025-09-29 04:00:00,15293,23.67,77.57,20.74,97.7,104.84,2025.0,9
2025-09-29 05:00:00,15294,22.89,79.53,20.52,97.77,83.3,2025.0,9
2025-09-29 06:00:00,15295,25.48,71.34,24.24,85.62,92.48,2025.0,9
2025-09-29 07:00:00,15296,30.57,57.31,30.15,69.72,82.0,2025.0,9
2025-09-29 08:00:00,15297,35.14,47.03,33.77,62.57,68.5,2025.0,9
2025-09-29 09:00:00,15298,36.1,43.97,33.24,62.4,45.8,2025.0,9
2025-09-29 10:00:00,15299,37.59,39.41,33.73,59.04,34.52,2025.0,9
2025-09-29 11:00:00,15300,35.77,40.81,32.63,59.26,37.26,2025.0,9
2025-09-29 12:00:00,15301,35.9,42.1,33.65,59.0,41.8,2025.0,9
2025-09-29 13:00:00,15302,30.87,53.96,29.94,67.75,43.11,2025.0,9
2025-09-29 16:00:00,15305,26.9,69.13,25.19,83.73,66.3,2025.0,9
2025-09-29 17:00:00,15306,26.43,69.8,24.56,84.87,61.17,2025.0,9
2025-09-29 18:00:00,15307,25.02,77.6,23.26,92.63,62.6,2025.0,9
2025-09-29 19:00:00,15308,25.81,74.33,23.18,93.13,62.0,2025.0,9
2025-09-29 20:00:00,15309,23.82,80.72,20.88,99.38,30.92,2025.0,9
2025-09-29 21:00:00,15310,23.69,83.43,20.73,100.0,30.48,2025.0,9
2025-09-29 22:00:00,15311,24.3,81.1,20.88,100.0,29.7,2025.0,9
2025-09-29 23:00:00,15312,24.46,81.03,20.97,100.0,39.71,2025.0,9
2025-09-30 00:00:00,15313,24.5,79.2,20.89,100.0,43.76,2025.0,9
2025-09-30 01:00:00,15314,24.29,78.53,20.74,100.0,42.52,2025.0,9
2025-09-30 02:00:00,15315,23.82,81.3,20.94,100.0,52.07,2025.0,9
2025-09-30 03:00:00,15316,23.54,81.7,21.18,100.0,47.94,2025.0,9
2025-09-30 04:00:00,15317,24.39,78.7,21.25,99.67,56.98,2025.0,9
2025-09-30 05:00:00,15318,24.17,80.44,21.18,100.0,49.53,2025.0,9
2025-09-30 06:00:00,15319,24.93,76.62,22.5,95.38,59.63,2025.0,9
2025-09-30 07:00:00,15320,29.51,62.4,28.67,76.23,54.03,2025.0,9
2025-09-30 08:00:00,15321,30.64,56.77,27.11,76.2,43.13,2025.0,9
2025-09-30 09:00:00,15322,30.82,57.6,28.07,76.03,38.13,2025.0,9
2025-09-30 10:00:00,15323,33.62,49.5,30.97,68.97,32.5,2025.0,9
2025-09-30 11:00:00,15324,34.26,46.15,31.55,65.22,31.19,2025.0,9
2025-09-30 12:00:00,15325,35.72,41.9,32.79,60.7,25.4,2025.0,9
2025-09-30 13:00:00,15326,35.86,43.23,33.46,60.8,28.57,2025.0,9
2025-09-30 14:00:00,15327,31.38,56.6,29.46,72.83,45.73,2025.0,9
2025-09-30 15:00:00,15328,25.2,74.87,21.8,96.17,42.73,2025.0,9
2025-09-30 16:00:00,15329,23.8,81.07,20.61,100.0,29.82,2025.0,9
2025-09-30 17:00:00,15330,24.05,82.2,20.85,100.0,32.58,2025.0,9
2025-09-30 18:00:00,15331,24.01,82.87,20.85,100.0,37.25,2025.0,9
2025-09-30 19:00:00,15332,23.36,84.33,20.62,100.0,40.42,2025.0,9
2025-09-30 20:00:00,15333,24.28,81.23,20.79,100.0,40.33,2025.0,9
2025-09-30 21:00:00,15334,24.36,81.7,20.96,100.0,47.03,2025.0,9
2025-09-30 22:00:00,15335,23.27,84.3,20.53,100.0,51.37,2025.0,9
2025-09-30 23:00:00,15336,23.36,82.76,20.2,100.0,41.47,2025.0,9
2025-10-01 00:00:00,15337,22.76,84.37,20.05,100.0,43.51,2025.0,10
2025-10-01 01:00:00,15338,22.52,83.5,19.76,100.0,50.88,2025.0,10
2025-10-01 02:00:00,15339,21.97,83.33,19.42,100.0,36.85,2025.0,10
2025-10-01 03:00:00,15340,22.58,79.17,19.09,100.0,60.72,2025.0,10
2025-10-01 04:00:00,15341,22.58,81.13,19.56,100.0,34.68,2025.0,10
2025-10-01 05:00:00,15342,22.76,81.63,19.53,100.0,44.53,2025.0,10
2025-10-01 06:00:00,15343,23.5,81.44,21.02,99.08,64.27,2025.0,10
2025-10-01 07:00:00,15344,30.25,61.52,29.74,73.87,72.13,2025.0,10
2025-10-01 08:00:00,15345,32.96,53.27,31.22,69.8,56.6,2025.0,10
2025-10-01 09:00:00,15346,31.63,53.03,30.3,69.53,27.47,2025.0,10
2025-10-01 10:00:00,15347,31.92,51.62,30.34,68.69,19.55,2025.0,10
2025-10-01 11:00:00,15348,31.57,53.08,29.16,72.12,17.0,2025.0,10
2025-10-01 19:00:00,15356,26.96,72.97,23.99,92.7,43.3,2025.0,10
2025-10-01 20:00:00,15357,25.96,72.57,23.11,91.87,35.37,2025.0,10
2025-10-01 21:00:00,15358,25.28,74.1,22.78,92.5,42.1,2025.0,10
2025-10-01 22:00:00,15359,24.83,75.7,22.1,94.6,45.1,2025.0,10
2025-10-01 23:00:00,15360,24.13,78.23,21.65,96.53,50.27,2025.0,10
2025-10-02 00:00:00,15361,24.36,77.03,21.46,96.8,54.77,2025.0,10
2025-10-02 01:00:00,15362,24.16,77.77,21.12,98.33,57.8,2025.0,10
2025-10-02 02:00:00,15363,24.04,78.0,20.92,98.93,60.44,2025.0,10
2025-10-02 03:00:00,15364,24.0,77.93,20.68,99.66,57.86,2025.0,10
2025-10-02 04:00:00,15365,23.77,78.6,20.52,99.77,65.02,2025.0,10
2025-10-02 05:00:00,15366,23.7,79.13,20.38,99.87,65.88,2025.0,10
2025-10-02 06:00:00,15367,25.22,75.79,23.42,92.41,,2025.0,10
2025-10-02 07:00:00,15368,31.7,56.97,30.82,72.47,86.28,2025.0,10
2025-10-02 08:00:00,15369,32.14,54.97,29.91,73.7,31.03,2025.0,10
2025-10-02 09:00:00,15370,31.62,55.9,29.82,73.87,23.83,2025.0,10
2025-10-02 10:00:00,15371,31.8,54.45,29.42,73.9,22.72,2025.0,10
2025-10-02 11:00:00,15372,30.77,57.31,28.49,76.86,19.28,2025.0,10
2025-10-02 12:00:00,15373,29.3,63.13,26.05,86.83,35.63,2025.0,10
2025-10-02 13:00:00,15374,24.04,81.31,22.1,96.55,34.36,2025.0,10
2025-10-02 14:00:00,15375,23.18,83.29,21.31,100.0,22.66,2025.0,10
2025-10-02 15:00:00,15376,24.93,79.43,21.37,100.0,32.82,2025.0,10
2025-10-02 16:00:00,15377,25.37,78.17,21.48,100.0,32.79,2025.0,10
2025-10-02 17:00:00,15378,25.34,76.73,21.16,100.0,34.27,2025.0,10
2025-10-02 18:00:00,15379,24.9,78.1,21.12,100.0,42.77,2025.0,10
2025-10-02 19:00:00,15380,24.54,79.8,20.98,100.0,50.53,2025.0,10
2025-10-02 20:00:00,15381,24.13,82.23,21.02,100.0,68.69,2025.0,10
2025-10-02 21:00:00,15382,24.19,81.97,20.83,100.0,57.98,2025.0,10
2025-10-02 22:00:00,15383,24.28,82.0,20.93,100.0,66.06,2025.0,10
2025-10-02 23:00:00,15384,24.11,82.43,20.87,100.0,55.45,2025.0,10
2025-10-03 00:00:00,15385,23.67,82.8,20.55,100.0,50.83,2025.0,10
2025-10-03 01:00:00,15386,23.92,82.2,20.75,100.0,55.41,2025.0,10
2025-10-03 02:00:00,15387,24.05,81.83,20.85,100.0,54.64,2025.0,10
2025-10-03 03:00:00,15388,24.04,81.79,20.95,100.0,51.17,2025.0,10
2025-10-03 04:00:00,15389,23.73,81.57,20.68,100.0,45.27,2025.0,10
2025-10-03 05:00:00,15390,23.42,82.33,20.43,100.0,46.45,2025.0,10
2025-10-03 06:00:00,15391,23.51,82.03,20.58,100.0,58.49,2025.0,10
2025-10-03 07:00:00,15392,25.27,76.77,22.37,97.03,97.03,2025.0,10
2025-10-03 08:00:00,15393,28.32,67.47,24.93,88.23,98.43,2025.0,10
2025-10-03 09:00:00,15394,30.5,59.67,26.92,80.23,63.87,2025.0,10
2025-10-03 10:00:00,15395,33.72,50.37,29.81,71.53,47.57,2025.0,10
2025-10-03 13:00:00,15398,35.74,37.89,33.14,54.64,34.86,2025.0,10
2025-10-03 22:00:00,15407,25.56,74.92,22.32,95.67,,2025.0,10
2025-10-03 23:00:00,15408,25.1,76.24,21.85,97.42,,2025.0,10
2025-10-04 00:00:00,15409,24.15,78.77,21.39,98.52,,2025.0,10
2025-10-04 01:00:00,15410,23.71,78.48,21.1,97.59,,2025.0,10
2025-10-04 02:00:00,15411,23.44,79.57,20.41,99.68,,2025.0,10
2025-10-04 03:00:00,15412,23.01,79.97,19.82,100.0,,2025.0,10
2025-10-04 04:00:00,15413,23.03,80.21,19.72,100.0,87.98,2025.0,10
2025-10-04 05:00:00,15414,22.69,81.27,19.25,100.0,102.53,2025.0,10
2025-10-04 06:00:00,15415,24.3,77.76,23.36,91.31,,2025.0,10
2025-10-04 07:00:00,15416,30.98,56.7,31.06,69.17,110.7,2025.0,10
2025-10-04 08:00:00,15417,33.13,49.53,31.13,67.53,73.1,2025.0,10
2025-10-05 17:00:00,15450,27.51,63.0,25.08,80.59,60.11,2025.0,10
2025-10-05 18:00:00,15451,25.9,67.93,23.68,84.57,61.53,2025.0,10
2025-10-06 02:00:00,15459,24.05,76.86,20.93,97.61,,2025.0,10
2025-10-06 03:00:00,15460,23.26,79.32,20.39,98.96,,2025.0,10
2025-10-06 04:00:00,15461,22.78,80.21,19.76,100.0,95.96,2025.0,10
2025-10-06 05:00:00,15462,22.77,78.46,19.51,99.2,90.7,2025.0,10
2025-10-06 06:00:00,15463,25.09,72.96,,89.87,,2025.0,10
2025-10-06 07:00:00,15464,30.09,59.65,28.91,74.46,,2025.0,10
2025-10-06 08:00:00,15465,32.1,52.56,30.59,68.93,81.56,2025.0,10
2025-10-06 09:00:00,15466,32.13,47.84,30.83,63.6,43.32,2025.0,10
2025-10-06 10:00:00,15467,32.96,45.84,31.15,62.36,44.64,2025.0,10
2025-10-06 11:00:00,15468,32.72,46.43,30.44,64.0,44.0,2025.0,10
2025-10-06 14:00:00,15471,35.82,39.25,34.38,53.61,36.18,2025.0,10
2025-10-06 15:00:00,15472,32.83,46.67,31.08,62.63,42.03,2025.0,10
2025-10-06 16:00:00,15473,32.04,49.89,30.68,65.3,45.56,2025.0,10
2025-10-06 19:00:00,15476,26.83,65.52,24.7,81.34,50.28,2025.0,10
2025-10-06 20:00:00,15477,26.64,68.84,23.83,87.0,54.56,2025.0,10
2025-10-06 21:00:00,15478,24.63,73.43,22.94,92.32,77.93,2025.0,10
2025-10-06 22:00:00,15479,25.51,74.77,22.93,92.87,79.47,2025.0,10
2025-10-06 23:00:00,15480,25.48,74.23,22.49,93.7,85.27,2025.0,10
2025-10-07 00:00:00,15481,25.66,73.3,22.69,92.77,90.67,2025.0,10
2025-10-07 01:00:00,15482,24.7,75.77,21.94,94.87,96.2,2025.0,10
2025-10-07 02:00:00,15483,24.83,75.23,21.54,96.13,86.8,2025.0,10
2025-10-07 03:00:00,15484,24.27,76.6,21.23,96.9,,2025.0,10
2025-10-07 04:00:00,15485,24.27,76.7,20.72,98.97,,2025.0,10
2025-10-07 05:00:00,15486,23.28,80.4,20.61,99.6,93.61,2025.0,10
2025-10-07 06:00:00,15487,25.18,74.07,23.47,90.27,,2025.0,10
2025-10-07 07:00:00,15488,29.98,60.03,29.18,73.87,,2025.0,10
2025-10-07 08:00:00,15489,33.17,50.59,31.82,66.48,65.9,2025.0,10
2025-10-07 09:00:00,15490,32.36,50.14,31.15,65.52,51.66,2025.0,10
2025-10-07 10:00:00,15491,33.83,42.07,31.57,58.93,42.81,2025.0,10
2025-10-07 11:00:00,15492,34.33,40.93,31.08,59.5,41.6,2025.0,10
2025-10-07 12:00:00,15493,35.78,38.67,32.98,55.73,42.97,2025.0,10
2025-10-07 13:00:00,15494,35.71,36.89,33.96,51.48,38.11,2025.0,10
2025-10-07 14:00:00,15495,35.32,39.13,34.85,51.67,41.93,2025.0,10
2025-10-07 15:00:00,15496,33.91,41.87,31.97,57.4,43.87,2025.0,10
2025-10-07 16:00:00,15497,32.01,46.7,29.04,65.4,46.9,2025.0,10
2025-10-08 08:00:00,15513,32.34,51.83,30.76,68.34,61.76,2025.0,10
2025-10-08 09:00:00,15514,34.16,44.61,32.22,61.26,45.0,2025.0,10
2025-10-08 12:00:00,15517,35.27,40.1,33.01,56.57,42.63,2025.0,10
2025-10-08 13:00:00,15518,34.94,40.23,33.2,55.47,41.77,2025.0,10
2025-10-08 14:00:00,15519,33.35,43.9,31.41,59.8,43.23,2025.0,10
2025-10-08 15:00:00,15520,31.85,51.5,30.11,67.73,46.27,2025.0,10
2025-10-08 16:00:00,15521,30.15,56.2,27.34,75.13,51.27,2025.0,10
2025-10-08 17:00:00,15522,26.88,67.7,24.6,84.7,76.47,2025.0,10
2025-10-08 18:00:00,15523,26.85,68.97,24.51,85.6,106.57,2025.0,10
2025-10-08 19:00:00,15524,26.92,69.37,24.14,87.5,80.23,2025.0,10
2025-10-08 20:00:00,15525,26.76,69.03,23.6,88.67,86.97,2025.0,10
2025-10-08 21:00:00,15526,26.19,65.57,23.01,85.03,56.37,2025.0,10
2025-10-08 22:00:00,15527,25.41,67.07,22.47,86.03,56.93,2025.0,10
2025-10-08 23:00:00,15528,23.91,75.57,20.87,95.37,102.1,2025.0,10
2025-10-09 00:00:00,15529,24.14,71.43,21.14,91.1,71.5,2025.0,10
2025-10-09 01:00:00,15530,23.51,73.43,20.26,93.9,88.27,2025.0,10
2025-10-09 02:00:00,15531,21.33,76.9,19.21,93.79,92.31,2025.0,10
2025-10-09 03:00:00,15532,20.89,75.53,18.92,91.63,71.84,2025.0,10
2025-10-09 04:00:00,15533,20.88,80.0,18.44,97.7,67.33,2025.0,10
2025-10-09 05:00:00,15534,21.19,77.0,18.14,97.13,111.13,2025.0,10
2025-10-09 06:00:00,15535,21.98,73.83,21.51,86.13,110.15,2025.0,10
2025-10-09 07:00:00,15536,29.13,54.97,28.64,68.77,68.47,2025.0,10
2025-10-09 08:00:00,15537,31.55,49.23,30.22,64.8,48.43,2025.0,10
2025-10-09 09:00:00,15538,32.41,46.27,30.97,62.1,41.53,2025.0,10
2025-10-09 10:00:00,15539,33.42,41.17,31.21,57.59,33.97,2025.0,10
2025-10-09 11:00:00,15540,35.4,37.96,31.07,57.89,39.19,2025.0,10
2025-10-09 12:00:00,15541,38.53,34.03,35.02,50.87,42.07,2025.0,10
2025-10-09 13:00:00,15542,33.27,48.2,32.96,61.17,60.07,2025.0,10
2025-10-09 14:00:00,15543,31.8,53.0,31.21,66.4,55.17,2025.0,10
2025-10-09 15:00:00,15544,25.18,70.81,21.74,93.52,40.41,2025.0,10
2025-10-09 16:00:00,15545,26.16,68.64,21.29,100.0,46.6,2025.0,10
2025-10-09 17:00:00,15546,26.12,70.87,22.15,99.8,60.33,2025.0,10
2025-10-09 18:00:00,15547,26.08,70.97,23.2,90.97,68.9,2025.0,10
2025-10-09 19:00:00,15548,25.4,74.33,22.11,95.83,110.53,2025.0,10
2025-10-09 20:00:00,15549,24.75,75.63,20.79,100.0,69.37,2025.0,10
2025-10-09 21:00:00,15550,23.94,75.38,21.19,95.85,54.08,2025.0,10
2025-10-09 22:00:00,15551,23.87,76.31,20.81,97.76,66.97,2025.0,10
2025-10-09 23:00:00,15552,22.85,81.23,19.91,99.57,58.6,2025.0,10
2025-10-10 00:00:00,15553,23.35,79.63,19.74,100.0,58.34,2025.0,10
2025-10-10 01:00:00,15554,23.67,79.27,19.89,100.0,81.45,2025.0,10
2025-10-10 02:00:00,15555,23.76,78.79,20.0,100.0,82.8,2025.0,10
2025-10-10 03:00:00,15556,22.87,81.43,19.73,100.0,72.74,2025.0,10
2025-10-10 04:00:00,15557,22.89,80.4,19.53,100.0,63.64,2025.0,10
2025-10-10 05:00:00,15558,22.55,80.27,19.4,100.0,71.82,2025.0,10
2025-10-10 06:00:00,15559,24.66,74.5,24.35,87.83,76.91,2025.0,10
2025-10-10 07:00:00,15560,28.72,60.4,26.31,77.43,63.5,2025.0,10
2025-10-10 08:00:00,15561,31.44,51.9,30.2,66.73,47.9,2025.0,10
2025-10-10 09:00:00,15562,33.49,47.07,31.48,64.1,49.7,2025.0,10
2025-10-10 10:00:00,15563,35.28,42.63,31.87,62.0,44.63,2025.0,10
2025-10-10 11:00:00,15564,35.75,41.17,31.61,61.8,46.0,2025.0,10
2025-10-10 12:00:00,15565,34.93,42.23,32.98,58.53,46.7,2025.0,10
2025-10-10 13:00:00,15566,29.62,57.2,27.95,72.5,54.67,2025.0,10
2025-10-10 14:00:00,15567,28.32,61.62,27.21,76.28,61.03,2025.0,10
2025-10-10 15:00:00,15568,29.99,59.2,29.34,73.87,67.3,2025.0,10
2025-10-10 16:00:00,15569,28.96,61.07,26.9,78.13,57.7,2025.0,10
2025-10-10 17:00:00,15570,26.62,66.77,23.38,88.0,54.73,2025.0,10
2025-10-10 18:00:00,15571,25.44,71.97,22.03,96.8,74.17,2025.0,10
2025-10-10 19:00:00,15572,25.03,76.87,23.34,92.17,94.5,2025.0,10
2025-10-10 20:00:00,15573,24.82,78.47,22.46,95.57,72.7,2025.0,10
2025-10-10 21:00:00,15574,24.64,81.69,21.35,100.0,49.93,2025.0,10
2025-10-10 22:00:00,15575,24.98,79.0,21.25,100.0,50.92,2025.0,10
2025-10-10 23:00:00,15576,23.81,82.53,20.83,100.0,54.03,2025.0,10
2025-10-11 00:00:00,15577,23.28,84.47,20.74,100.0,46.97,2025.0,10
2025-10-11 01:00:00,15578,23.91,81.23,20.71,100.0,51.3,2025.0,10
2025-10-11 03:00:00,15580,23.55,81.36,20.69,100.0,43.22,2025.0,10
2025-10-11 04:00:00,15581,24.22,80.03,21.02,100.0,39.65,2025.0,10
2025-10-11 05:00:00,15582,24.43,79.97,21.23,100.0,49.51,2025.0,10
2025-10-11 06:00:00,15583,24.76,79.17,21.85,99.6,75.71,2025.0,10
2025-10-11 07:00:00,15584,28.87,66.73,27.05,82.77,78.07,2025.0,10
2025-10-11 08:00:00,15585,33.65,52.17,31.42,68.9,64.33,2025.0,10
2025-10-11 09:00:00,15586,34.85,46.55,31.77,65.24,47.83,2025.0,10
2025-10-11 10:00:00,15587,33.51,47.28,30.93,65.41,48.79,2025.0,10
2025-10-11 11:00:00,15588,34.47,44.34,31.39,63.41,44.34,2025.0,10
2025-10-11 12:00:00,15589,35.68,40.97,32.9,58.6,41.1,2025.0,10
2025-10-11 13:00:00,15590,37.29,39.67,35.41,55.03,45.2,2025.0,10
2025-10-11 14:00:00,15591,32.22,52.77,29.55,70.6,57.7,2025.0,10
2025-10-11 15:00:00,15592,29.83,59.73,28.53,74.73,63.57,2025.0,10
2025-10-11 16:00:00,15593,30.63,58.21,29.58,73.21,58.17,2025.0,10
2025-10-11 17:00:00,15594,29.07,63.3,26.67,80.0,68.8,2025.0,10
2025-10-11 18:00:00,15595,28.1,64.93,25.48,82.4,56.9,2025.0,10
2025-10-11 19:00:00,15596,27.49,64.57,24.82,82.1,52.83,2025.0,10
2025-10-11 20:00:00,15597,26.69,69.47,24.07,87.1,73.3,2025.0,10
2025-10-11 21:00:00,15598,26.31,70.96,23.3,90.0,73.5,2025.0,10
2025-10-11 22:00:00,15599,25.77,73.5,22.69,93.3,74.13,2025.0,10
2025-10-11 23:00:00,15600,25.41,74.87,22.26,95.03,58.97,2025.0,10
2025-10-12 00:00:00,15601,25.14,75.33,21.87,96.13,60.77,2025.0,10
2025-10-12 01:00:00,15602,23.93,80.2,21.31,99.0,79.5,2025.0,10
2025-10-12 02:00:00,15603,23.49,81.14,21.02,99.45,76.07,2025.0,10
2025-10-12 03:00:00,15604,23.93,77.83,20.47,99.73,95.95,2025.0,10
2025-10-12 04:00:00,15605,24.1,78.4,20.68,99.8,106.74,2025.0,10
2025-10-12 05:00:00,15606,23.09,81.43,20.38,99.93,79.73,2025.0,10
2025-10-12 06:00:00,15607,26.1,71.07,24.8,85.6,78.23,2025.0,10
2025-10-12 07:00:00,15608,30.26,60.23,29.04,74.4,76.5,2025.0,10
2025-10-12 08:00:00,15609,31.27,55.37,30.57,69.53,44.5,2025.0,10
2025-10-12 09:00:00,15610,32.83,50.67,31.53,66.33,45.47,2025.0,10
2025-10-12 10:00:00,15611,33.28,45.9,31.56,62.17,42.33,2025.0,10
2025-10-12 11:00:00,15612,34.0,44.4,31.35,62.43,44.23,2025.0,10
2025-10-12 12:00:00,15613,34.32,42.67,33.02,57.73,39.1,2025.0,10
2025-10-12 13:00:00,15614,35.34,38.8,34.59,51.73,34.1,2025.0,10
2025-10-12 14:00:00,15615,35.53,40.6,34.75,53.63,41.67,2025.0,10
2025-10-12 15:00:00,15616,34.7,42.13,33.82,55.57,39.5,2025.0,10
2025-10-12 16:00:00,15617,33.03,45.77,31.22,61.47,36.3,2025.0,10
2025-10-12 17:00:00,15618,30.42,54.33,27.94,72.57,40.1,2025.0,10
2025-10-12 18:00:00,15619,29.53,58.93,26.82,77.4,44.73,2025.0,10
2025-10-12 19:00:00,15620,28.89,62.27,26.18,80.0,46.77,2025.0,10
2025-10-12 20:00:00,15621,28.22,66.13,25.34,84.3,48.5,2025.0,10
2025-10-12 21:00:00,15622,27.69,69.7,24.56,89.07,61.2,2025.0,10
2025-10-12 22:00:00,15623,27.19,71.03,24.01,90.77,72.5,2025.0,10
2025-10-12 23:00:00,15624,26.56,72.72,23.36,92.86,91.31,2025.0,10
2025-10-13 00:00:00,15625,25.72,74.9,22.74,94.59,87.38,2025.0,10
2025-10-13 01:00:00,15626,24.68,78.26,22.47,95.22,87.13,2025.0,10
2025-10-13 02:00:00,15627,25.02,76.74,21.84,97.26,83.53,2025.0,10
2025-10-13 03:00:00,15628,25.12,77.0,21.88,97.8,90.43,2025.0,10
2025-10-13 04:00:00,15629,24.97,77.0,21.79,97.9,100.21,2025.0,10
2025-10-13 05:00:00,15630,24.91,76.71,21.82,97.39,96.22,2025.0,10
2025-10-13 06:00:00,15631,27.56,66.93,25.09,85.03,96.63,2025.0,10
2025-10-13 07:00:00,15632,30.5,59.07,28.29,76.2,91.43,2025.0,10
2025-10-13 08:00:00,15633,33.97,51.28,31.27,70.03,73.72,2025.0,10
2025-10-13 09:00:00,15634,35.01,48.07,32.34,66.82,55.68,2025.0,10
2025-10-13 11:00:00,15636,35.55,43.96,32.57,62.78,35.63,2025.0,10
2025-10-13 13:00:00,15638,31.9,55.63,30.43,71.77,41.63,2025.0,10
2025-10-13 14:00:00,15639,25.87,77.1,23.36,99.97,42.78,2025.0,10
2025-10-13 15:00:00,15640,30.12,60.9,29.59,74.87,36.87,2025.0,10
2025-10-13 17:00:00,15642,28.8,61.07,26.27,78.34,31.76,2025.0,10
2025-10-13 18:00:00,15643,27.45,66.74,25.07,83.56,40.3,2025.0,10
2025-10-13 19:00:00,15644,27.41,69.2,24.52,87.64,49.68,2025.0,10
2025-10-13 20:00:00,15645,27.17,70.19,24.3,88.81,69.54,2025.0,10
2025-10-13 21:00:00,15646,26.47,75.19,23.65,93.96,88.08,2025.0,10
2025-10-13 22:00:00,15647,26.15,76.43,23.41,95.26,78.65,2025.0,10
2025-10-13 23:00:00,15648,25.59,79.21,23.03,97.55,94.41,2025.0,10
2025-10-14 09:00:00,15658,34.3,48.21,32.72,64.82,34.36,2025.0,10
2025-10-14 10:00:00,15659,34.57,45.85,32.38,63.26,34.26,2025.0,10
2025-10-14 11:00:00,15660,35.67,44.4,32.16,64.53,38.33,2025.0,10
2025-10-14 12:00:00,15661,35.67,45.24,33.75,62.0,33.69,2025.0,10
2025-10-14 13:00:00,15662,36.69,42.55,35.06,58.45,31.66,2025.0,10
2025-10-14 14:00:00,15663,36.53,42.17,35.94,55.4,33.1,2025.0,10
2025-10-14 15:00:00,15664,36.69,41.63,35.95,54.93,35.0,2025.0,10
2025-10-14 16:00:00,15665,33.97,48.24,32.01,64.76,38.83,2025.0,10
2025-10-14 17:00:00,15666,30.4,59.13,27.98,76.77,42.03,2025.0,10
2025-10-14 18:00:00,15667,28.64,63.37,25.96,80.8,89.97,2025.0,10
2025-10-14 19:00:00,15668,27.88,68.66,25.32,85.93,97.72,2025.0,10
2025-10-14 20:00:00,15669,27.65,71.1,24.95,89.07,75.97,2025.0,10
2025-10-14 21:00:00,15670,27.48,70.72,24.59,89.55,81.97,2025.0,10
2025-10-14 22:00:00,15671,27.11,70.07,24.0,89.43,75.63,2025.0,10
2025-10-14 23:00:00,15672,26.77,70.47,23.67,90.17,72.03,2025.0,10
2025-10-15 00:00:00,15673,26.22,72.67,23.26,91.83,78.87,2025.0,10
2025-10-15 01:00:00,15674,25.94,73.5,22.68,93.9,72.83,2025.0,10
2025-10-15 02:00:00,15675,25.48,75.0,22.31,95.33,80.2,2025.0,10
2025-10-15 03:00:00,15676,25.19,74.9,22.14,95.03,82.93,2025.0,10
2025-10-15 04:00:00,15677,24.45,78.1,21.4,98.5,94.02,2025.0,10
2025-10-15 05:00:00,15678,24.41,78.13,21.5,98.23,105.73,2025.0,10
2025-10-15 06:00:00,15679,25.69,74.8,23.35,92.37,,2025.0,10
2025-10-15 07:00:00,15680,31.53,58.33,30.02,74.23,77.6,2025.0,10
2025-10-15 08:00:00,15681,35.03,49.27,33.02,66.63,59.67,2025.0,10
2025-10-15 09:00:00,15682,33.9,49.2,32.3,65.83,44.83,2025.0,10
2025-10-15 10:00:00,15683,35.66,44.23,32.93,62.53,44.1,2025.0,10
2025-10-15 11:00:00,15684,36.52,42.13,32.93,61.73,46.1,2025.0,10
2025-10-15 12:00:00,15685,37.88,39.21,35.32,55.9,46.14,2025.0,10
2025-10-15 13:00:00,15686,38.09,38.63,36.46,53.2,43.1,2025.0,10
2025-10-15 14:00:00,15687,38.16,38.41,37.14,51.79,43.17,2025.0,10
2025-10-15 15:00:00,15688,35.88,43.07,34.79,56.97,44.55,2025.0,10
2025-10-15 16:00:00,15689,33.84,49.6,31.41,67.33,47.97,2025.0,10
2025-10-15 17:00:00,15690,30.13,56.47,27.44,75.53,45.03,2025.0,10
2025-10-15 18:00:00,15691,28.63,62.17,25.76,80.97,47.2,2025.0,10
2025-10-15 19:00:00,15692,27.58,67.57,24.78,85.8,55.5,2025.0,10
2025-10-15 20:00:00,15693,27.41,68.37,24.73,86.47,55.1,2025.0,10
2025-10-15 21:00:00,15694,27.36,68.5,24.47,87.33,64.93,2025.0,10
2025-10-15 22:00:00,15695,27.25,69.4,24.06,89.27,74.57,2025.0,10
2025-10-15 23:00:00,15696,27.08,69.77,23.94,89.97,67.87,2025.0,10
2025-10-16 00:00:00,15697,26.54,72.47,23.58,92.23,53.9,2025.0,10
2025-10-16 01:00:00,15698,26.76,72.37,23.58,92.43,49.13,2025.0,10
2025-10-16 02:00:00,15699,26.43,73.3,23.38,93.03,55.33,2025.0,10
2025-10-16 03:00:00,15700,26.62,71.57,23.57,91.33,54.93,2025.0,10
2025-10-16 04:00:00,15701,26.33,70.7,23.58,89.43,32.2,2025.0,10
2025-10-16 05:00:00,15702,25.39,73.6,22.72,92.47,27.43,2025.0,10
2025-10-16 06:00:00,15703,26.06,71.93,23.6,90.13,35.07,2025.0,10
2025-10-16 07:00:00,15704,30.83,58.27,29.14,75.03,39.6,2025.0,10
2025-10-16 08:00:00,15705,32.42,53.5,30.71,70.57,30.97,2025.0,10
2025-10-16 09:00:00,15706,32.91,52.93,30.96,70.57,49.43,2025.0,10
2025-10-16 10:00:00,15707,33.61,50.14,31.76,67.34,47.76,2025.0,10
2025-10-16 11:00:00,15708,34.5,47.9,31.72,67.0,44.47,2025.0,10
2025-10-16 12:00:00,15709,35.22,46.52,33.46,63.19,42.96,2025.0,10
2025-10-16 13:00:00,15710,31.66,56.03,27.76,82.5,39.93,2025.0,10
2025-10-16 14:00:00,15711,29.01,63.43,23.4,99.67,39.27,2025.0,10
2025-10-16 15:00:00,15712,32.25,54.19,28.41,89.22,44.67,2025.0,10
2025-10-16 16:00:00,15713,29.39,60.93,27.37,77.8,44.67,2025.0,10
2025-10-16 17:00:00,15714,28.48,63.1,26.65,79.13,45.73,2025.0,10
2025-10-16 18:00:00,15715,28.24,64.77,25.65,82.67,46.07,2025.0,10
2025-10-16 19:00:00,15716,27.74,66.8,24.82,85.57,54.13,2025.0,10
2025-10-16 20:00:00,15717,27.21,69.07,24.05,88.9,88.1,2025.0,10
2025-10-16 21:00:00,15718,26.63,70.03,23.81,88.87,58.27,2025.0,10
2025-10-16 22:00:00,15719,26.29,70.77,23.1,90.8,70.33,2025.0,10
2025-10-16 23:00:00,15720,25.56,72.83,22.74,91.7,96.37,2025.0,10
2025-10-17 00:00:00,15721,25.53,72.77,22.76,91.53,91.47,2025.0,10
2025-10-17 01:00:00,15722,24.19,78.5,22.31,94.27,,2025.0,10
2025-10-17 02:00:00,15723,23.94,78.77,22.2,94.17,105.57,2025.0,10
2025-10-17 03:00:00,15724,24.27,75.8,22.01,92.93,91.19,2025.0,10
2025-10-17 04:00:00,15725,24.63,75.5,21.64,95.13,90.1,2025.0,10
2025-10-17 05:00:00,15726,23.77,77.2,21.63,94.0,83.99,2025.0,10
2025-10-17 06:00:00,15727,28.02,66.6,26.41,82.47,81.07,2025.0,10
2025-10-17 07:00:00,15728,32.92,54.3,31.73,69.8,59.5,2025.0,10
2025-10-17 08:00:00,15729,31.28,56.6,28.87,74.9,45.5,2025.0,10
2025-10-17 09:00:00,15730,31.58,56.13,29.24,74.8,43.5,2025.0,10
2025-10-17 12:00:00,15733,37.14,40.2,35.21,56.27,33.27,2025.0,10
2025-10-17 13:00:00,15734,37.41,39.77,35.87,54.43,32.67,2025.0,10
2025-10-17 14:00:00,15735,37.95,39.0,36.27,53.93,30.04,2025.0,10
2025-10-17 15:00:00,15736,35.79,44.27,33.31,61.5,33.5,2025.0,10
2025-10-17 16:00:00,15737,29.48,64.17,27.61,79.87,54.83,2025.0,10
2025-10-17 17:00:00,15738,26.71,74.76,23.92,93.55,52.47,2025.0,10
2025-10-17 18:00:00,15739,26.12,78.41,22.41,100.0,47.83,2025.0,10
2025-10-17 19:00:00,15740,24.23,82.1,21.22,100.0,25.95,2025.0,10
2025-10-17 20:00:00,15741,23.92,84.53,21.31,100.0,31.91,2025.0,10
2025-10-17 21:00:00,15742,24.66,82.07,21.52,100.0,33.5,2025.0,10
2025-10-17 22:00:00,15743,25.04,79.93,21.59,100.0,43.06,2025.0,10
2025-10-17 23:00:00,15744,24.76,81.47,21.67,100.0,54.43,2025.0,10
2025-10-18 00:00:00,15745,25.3,80.7,21.77,100.0,52.3,2025.0,10
2025-10-18 01:00:00,15746,24.98,81.5,21.6,100.0,52.53,2025.0,10
2025-10-18 02:00:00,15747,24.67,82.47,21.41,100.0,70.08,2025.0,10
2025-10-18 03:00:00,15748,25.14,80.7,21.45,100.0,65.66,2025.0,10
2025-10-18 04:00:00,15749,24.66,81.3,21.04,100.0,65.48,2025.0,10
2025-10-18 05:00:00,15750,24.24,83.47,21.36,100.0,61.66,2025.0,10
2025-10-18 06:00:00,15751,25.84,77.77,23.67,95.67,68.24,2025.0,10
2025-10-18 07:00:00,15752,32.11,59.8,30.51,74.9,76.7,2025.0,10
2025-10-18 08:00:00,15753,34.93,51.03,32.35,68.76,51.59,2025.0,10
2025-10-18 09:00:00,15754,36.59,46.1,34.04,64.03,46.67,2025.0,10
2025-10-18 10:00:00,15755,36.0,45.03,32.8,64.37,44.53,2025.0,10
2025-10-18 11:00:00,15756,35.59,44.4,32.11,64.3,42.87,2025.0,10
2025-10-18 12:00:00,15757,35.98,42.87,34.14,58.97,36.97,2025.0,10
2025-10-18 13:00:00,15758,35.34,46.9,33.11,64.2,48.9,2025.0,10
2025-10-18 14:00:00,15759,31.76,54.73,30.72,69.8,50.5,2025.0,10
2025-10-18 15:00:00,15760,33.93,49.27,31.57,67.27,47.83,2025.0,10
2025-10-18 16:00:00,15761,30.09,63.55,27.94,80.07,53.48,2025.0,10
2025-10-18 17:00:00,15762,28.37,70.57,26.54,85.7,56.77,2025.0,10
2025-10-18 18:00:00,15763,27.95,73.13,25.93,89.2,64.23,2025.0,10
2025-10-18 19:00:00,15764,26.41,75.77,23.01,97.0,55.17,2025.0,10
2025-10-18 20:00:00,15765,24.9,76.5,20.93,100.0,39.67,2025.0,10
2025-10-18 21:00:00,15766,26.08,76.0,21.94,100.0,53.13,2025.0,10
2025-10-18 22:00:00,15767,26.44,75.4,22.48,100.0,68.83,2025.0,10
2025-10-18 23:00:00,15768,25.73,78.83,22.61,100.0,76.71,2025.0,10
2025-10-19 00:00:00,15769,25.29,80.83,22.49,100.0,50.84,2025.0,10
2025-10-19 01:00:00,15770,25.35,81.17,22.54,100.0,45.86,2025.0,10
2025-10-19 02:00:00,15771,25.09,81.76,22.25,100.0,36.41,2025.0,10
2025-10-19 03:00:00,15772,24.99,82.62,22.16,100.0,45.7,2025.0,10
2025-10-19 04:00:00,15773,24.92,82.63,21.68,100.0,44.52,2025.0,10
2025-10-19 05:00:00,15774,25.39,79.27,21.9,99.73,48.62,2025.0,10
2025-10-19 06:00:00,15775,27.62,71.31,25.32,89.1,66.59,2025.0,10
2025-10-19 07:00:00,15776,31.72,60.73,29.27,78.17,69.6,2025.0,10
2025-10-19 09:00:00,15778,37.53,45.3,36.15,60.53,57.2,2025.0,10
2025-10-19 10:00:00,15779,38.41,42.28,34.53,61.97,49.83,2025.0,10
2025-10-19 11:00:00,15780,35.94,47.43,32.69,65.93,60.9,2025.0,10
2025-10-19 12:00:00,15781,27.84,68.34,25.12,91.0,55.75,2025.0,10
2025-10-19 13:00:00,15782,29.63,62.83,26.93,87.77,46.2,2025.0,10
2025-10-19 14:00:00,15783,32.88,57.43,31.6,71.9,48.73,2025.0,10
2025-10-19 15:00:00,15784,29.37,65.33,27.6,80.53,48.67,2025.0,10
2025-10-19 16:00:00,15785,29.15,64.3,26.99,80.6,49.0,2025.0,10
2025-10-19 17:00:00,15786,28.18,67.47,25.66,84.97,55.87,2025.0,10
2025-10-19 18:00:00,15787,27.57,68.52,24.95,86.34,64.62,2025.0,10
2025-10-19 19:00:00,15788,27.32,70.4,24.37,89.4,69.87,2025.0,10
2025-10-19 20:00:00,15789,27.49,70.2,24.19,90.53,73.63,2025.0,10
2025-10-19 21:00:00,15790,27.29,70.21,24.25,89.64,89.54,2025.0,10
2025-10-19 22:00:00,15791,27.17,70.9,24.04,90.8,79.27,2025.0,10
2025-10-19 23:00:00,15792,26.63,73.03,23.5,93.1,78.43,2025.0,10
2025-10-20 00:00:00,15793,26.23,73.5,23.14,93.4,82.57,2025.0,10
2025-10-20 01:00:00,15794,25.86,75.03,22.55,95.9,100.7,2025.0,10
2025-10-20 02:00:00,15795,25.32,77.07,22.33,97.1,,2025.0,10
2025-10-20 03:00:00,15796,25.17,77.37,22.11,97.83,,2025.0,10
2025-10-20 04:00:00,15797,24.7,80.37,22.1,99.17,79.0,2025.0,10
2025-10-20 05:00:00,15798,25.15,79.43,21.76,100.0,84.58,2025.0,10
2025-10-20 06:00:00,15799,26.69,74.69,24.07,93.72,107.52,2025.0,10
2025-10-20 07:00:00,15800,31.19,60.28,29.54,76.21,110.28,2025.0,10
2025-10-20 08:00:00,15801,35.64,48.69,34.0,65.38,79.62,2025.0,10
2025-10-20 09:00:00,15802,37.03,43.38,34.1,61.86,52.28,2025.0,10
2025-10-20 10:00:00,15803,36.62,43.32,33.28,62.76,51.64,2025.0,10
2025-10-20 11:00:00,15804,35.44,44.97,32.1,64.5,45.33,2025.0,10
2025-10-20 12:00:00,15805,32.35,53.83,29.92,72.4,57.07,2025.0,10
2025-10-20 13:00:00,15806,27.98,67.4,27.37,81.17,53.37,2025.0,10
2025-10-20 14:00:00,15807,30.63,61.3,29.97,74.4,55.03,2025.0,10
2025-10-20 15:00:00,15808,28.02,69.0,26.16,84.4,65.2,2025.0,10
2025-10-20 16:00:00,15809,27.41,67.43,25.05,84.3,60.6,2025.0,10
2025-10-20 17:00:00,15810,27.15,67.45,24.53,85.31,64.45,2025.0,10
2025-10-20 18:00:00,15811,27.04,68.03,24.06,86.97,68.23,2025.0,10
2025-10-20 19:00:00,15812,27.42,67.5,24.35,86.93,88.73,2025.0,10
2025-10-20 20:00:00,15813,26.5,72.33,23.63,91.3,108.2,2025.0,10
2025-10-20 21:00:00,15814,26.2,75.13,23.4,93.83,106.7,2025.0,10
2025-10-20 22:00:00,15815,26.47,75.97,23.18,96.53,,2025.0,10
2025-10-20 23:00:00,15816,25.73,79.83,22.86,99.17,97.63,2025.0,10
2025-10-21 00:00:00,15817,25.55,81.17,22.8,100.0,100.73,2025.0,10
2025-10-21 01:00:00,15818,25.67,81.07,22.88,100.0,108.76,2025.0,10
2025-10-21 02:00:00,15819,25.48,82.2,22.49,100.0,99.79,2025.0,10
2025-10-21 03:00:00,15820,25.34,82.1,22.07,100.0,95.97,2025.0,10
2025-10-21 04:00:00,15821,25.59,80.55,22.31,100.0,105.13,2025.0,10
2025-10-21 05:00:00,15822,25.28,81.37,22.3,100.0,108.43,2025.0,10
2025-10-21 06:00:00,15823,26.5,76.57,23.86,95.77,,2025.0,10
2025-10-21 07:00:00,15824,28.94,68.23,27.73,83.23,,2025.0,10
2025-10-21 08:00:00,15825,34.96,51.37,33.14,68.1,,2025.0,10
2025-10-21 16:00:00,15833,27.7,68.9,25.18,86.13,65.13,2025.0,10
2025-10-21 17:00:00,15834,26.49,70.97,23.51,90.63,68.27,2025.0,10
2025-10-21 18:00:00,15835,24.52,79.77,21.0,100.0,41.46,2025.0,10
2025-10-21 19:00:00,15836,24.44,81.67,21.08,100.0,38.73,2025.0,10
2025-10-21 20:00:00,15837,24.31,81.9,20.88,100.0,42.23,2025.0,10
2025-10-21 21:00:00,15838,24.73,81.43,21.11,100.0,47.21,2025.0,10
2025-10-21 22:00:00,15839,24.43,81.21,20.89,100.0,35.65,2025.0,10
2025-10-21 23:00:00,15840,24.6,80.73,20.89,100.0,39.69,2025.0,10
2025-10-22 00:00:00,15841,24.45,80.93,20.77,100.0,43.43,2025.0,10
2025-10-22 01:00:00,15842,23.04,86.76,20.83,100.0,56.1,2025.0,10
2025-10-22 02:00:00,15843,23.95,83.77,20.81,100.0,64.12,2025.0,10
2025-10-22 03:00:00,15844,24.39,81.67,20.87,100.0,53.6,2025.0,10
2025-10-22 04:00:00,15845,24.55,81.5,20.94,100.0,56.59,2025.0,10
2025-10-22 05:00:00,15846,24.4,81.17,20.84,100.0,53.44,2025.0,10
2025-10-22 06:00:00,15847,27.38,72.8,24.45,97.13,60.72,2025.0,10
2025-10-22 07:00:00,15848,28.23,68.73,24.99,89.6,69.7,2025.0,10
2025-10-22 08:00:00,15849,30.98,62.33,28.37,80.23,81.4,2025.0,10
2025-10-22 09:00:00,15850,34.04,53.96,30.9,73.08,85.28,2025.0,10
2025-10-22 10:00:00,15851,37.42,45.34,34.35,64.34,67.45,2025.0,10
2025-10-22 11:00:00,15852,38.85,40.67,34.76,60.6,49.77,2025.0,10
2025-10-22 12:00:00,15853,30.89,59.73,26.97,82.1,48.5,2025.0,10
2025-10-22 13:00:00,15854,24.85,79.63,21.99,100.0,32.01,2025.0,10
2025-10-22 14:00:00,15855,25.27,78.14,22.41,99.54,46.2,2025.0,10
2025-10-22 15:00:00,15856,26.88,74.53,22.82,100.0,49.87,2025.0,10
2025-10-22 16:00:00,15857,26.31,78.43,22.49,100.0,60.95,2025.0,10
2025-10-22 17:00:00,15858,25.62,80.22,21.84,100.0,49.57,2025.0,10
2025-10-22 18:00:00,15859,25.0,80.07,21.62,100.0,35.64,2025.0,10
2025-10-22 19:00:00,15860,25.66,79.29,21.73,,60.15,2025.0,10
2025-10-22 20:00:00,15861,25.46,79.6,21.66,100.0,55.96,2025.0,10
2025-10-22 21:00:00,15862,25.4,80.4,21.6,100.0,49.47,2025.0,10
2025-10-22 22:00:00,15863,24.38,82.03,21.24,100.0,57.24,2025.0,10
2025-10-22 23:00:00,15864,24.33,82.43,21.22,100.0,69.03,2025.0,10
2025-10-23 00:00:00,15865,23.72,83.87,21.2,100.0,52.3,2025.0,10
2025-10-23 01:00:00,15866,23.69,84.1,21.29,100.0,54.34,2025.0,10
2025-10-23 02:00:00,15867,23.83,83.38,21.25,100.0,49.14,2025.0,10
2025-10-23 03:00:00,15868,24.38,80.03,20.99,100.0,47.37,2025.0,10
2025-10-23 04:00:00,15869,24.62,79.97,21.09,100.0,46.43,2025.0,10
2025-10-23 05:00:00,15870,24.54,81.6,21.34,100.0,46.39,2025.0,10
2025-10-23 06:00:00,15871,27.15,74.0,25.31,91.0,68.07,2025.0,10
2025-10-23 07:00:00,15872,31.84,60.55,29.75,77.03,65.34,2025.0,10
2025-10-23 08:00:00,15873,32.09,58.97,28.85,78.7,67.03,2025.0,10
2025-10-23 09:00:00,15874,36.6,47.63,34.19,65.37,50.33,2025.0,10
2025-10-23 10:00:00,15875,38.93,39.87,35.32,58.57,31.13,2025.0,10
2025-10-23 11:00:00,15876,39.32,39.8,34.85,60.36,33.4,2025.0,10
2025-10-23 12:00:00,15877,31.82,57.0,30.01,73.03,34.43,2025.0,10
2025-10-23 13:00:00,15878,25.22,78.62,21.69,99.97,32.52,2025.0,10
2025-10-23 14:00:00,15879,24.46,80.7,21.23,100.0,30.71,2025.0,10
2025-10-23 16:00:00,15881,24.91,81.0,21.24,100.0,27.88,2025.0,10
2025-10-23 17:00:00,15882,24.11,81.63,20.69,100.0,22.0,2025.0,10
2025-10-23 18:00:00,15883,24.18,82.34,20.83,100.0,28.65,2025.0,10
2025-10-23 20:00:00,15885,24.72,81.56,21.1,100.0,33.1,2025.0,10
2025-10-23 21:00:00,15886,24.69,82.0,21.13,100.0,30.62,2025.0,10
2025-10-23 22:00:00,15887,24.77,82.17,21.22,100.0,31.45,2025.0,10
2025-10-23 23:00:00,15888,24.5,82.77,21.05,100.0,39.31,2025.0,10
2025-10-24 00:00:00,15889,24.47,82.9,21.08,100.0,42.92,2025.0,10
2025-10-24 01:00:00,15890,24.53,82.43,21.09,100.0,37.68,2025.0,10
2025-10-24 02:00:00,15891,24.64,82.07,21.1,100.0,38.95,2025.0,10
2025-10-24 03:00:00,15892,24.72,81.52,21.09,100.0,32.9,2025.0,10
2025-10-24 04:00:00,15893,24.56,82.17,21.04,100.0,42.28,2025.0,10
2025-10-24 05:00:00,15894,24.69,81.83,21.09,100.0,35.14,2025.0,10
2025-10-24 06:00:00,15895,25.09,81.52,21.61,100.0,38.35,2025.0,10
2025-10-24 07:00:00,15896,27.55,74.27,23.42,100.0,62.7,2025.0,10
2025-10-24 08:00:00,15897,31.62,61.07,28.72,84.36,54.25,2025.0,10
2025-10-24 09:00:00,15898,36.92,46.69,34.28,64.62,39.17,2025.0,10
2025-10-24 10:00:00,15899,37.36,43.71,33.01,64.75,29.32,2025.0,10
2025-10-24 11:00:00,15900,35.24,48.8,31.69,69.83,33.07,2025.0,10
2025-10-24 12:00:00,15901,31.19,59.72,28.48,78.48,21.85,2025.0,10
2025-10-24 13:00:00,15902,24.46,80.33,21.25,100.0,11.09,2025.0,10
2025-10-24 14:00:00,15903,25.01,79.48,21.35,100.0,19.01,2025.0,10
2025-10-24 15:00:00,15904,24.8,80.03,21.18,100.0,24.12,2025.0,10
2025-10-24 16:00:00,15905,24.73,80.66,21.19,100.0,24.83,2025.0,10
2025-10-24 17:00:00,15906,,,21.1,100.0,35.41,2025.0,10
2025-10-24 18:00:00,15907,24.32,79.38,20.55,100.0,32.16,2025.0,10
2025-10-24 19:00:00,15908,24.54,79.8,20.81,100.0,37.56,2025.0,10
2025-10-24 20:00:00,15909,24.84,78.04,20.86,100.0,47.41,2025.0,10
2025-10-24 21:00:00,15910,24.74,76.3,20.89,100.0,48.93,2025.0,10
2025-10-24 22:00:00,15911,25.17,74.03,21.19,100.0,54.76,2025.0,10
2025-10-24 23:00:00,15912,24.79,78.23,21.57,100.0,94.06,2025.0,10
2025-10-25 00:00:00,15913,24.61,79.63,21.34,100.0,88.72,2025.0,10
2025-10-25 01:00:00,15914,24.57,79.3,21.31,100.0,88.76,2025.0,10
2025-10-25 02:00:00,15915,24.26,80.37,20.68,100.0,74.62,2025.0,10
2025-10-25 03:00:00,15916,24.0,80.9,20.71,100.0,49.9,2025.0,10
2025-10-25 04:00:00,15917,24.32,80.32,20.91,100.0,60.58,2025.0,10
2025-10-25 05:00:00,15918,24.22,81.07,21.04,100.0,51.39,2025.0,10
2025-10-25 06:00:00,15919,25.72,77.2,22.81,97.3,64.71,2025.0,10
2025-10-25 07:00:00,15920,29.63,64.73,27.66,81.2,81.63,2025.0,10
2025-10-25 08:00:00,15921,33.4,54.3,30.73,73.93,66.2,2025.0,10
2025-10-25 09:00:00,15922,34.39,50.83,31.2,71.87,57.87,2025.0,10
2025-10-25 10:00:00,15923,35.47,46.77,32.52,66.83,44.73,2025.0,10
2025-10-25 11:00:00,15924,36.69,43.1,33.34,62.6,26.23,2025.0,10
2025-10-25 12:00:00,15925,35.49,46.18,33.28,63.75,26.18,2025.0,10
2025-10-25 13:00:00,15926,34.88,46.56,33.52,62.22,27.22,2025.0,10
2025-10-25 14:00:00,15927,27.33,65.9,23.37,90.93,22.07,2025.0,10
2025-10-25 15:00:00,15928,24.69,75.59,20.94,100.0,17.21,2025.0,10
2025-10-25 16:00:00,15929,24.86,75.48,21.23,,33.04,2025.0,10
2025-10-25 18:00:00,15931,25.13,77.75,22.12,98.82,47.68,2025.0,10
2025-10-25 19:00:00,15932,25.48,77.8,22.19,99.7,66.87,2025.0,10
2025-10-25 20:00:00,15933,25.25,78.07,22.01,99.6,88.9,2025.0,10
2025-10-25 21:00:00,15934,24.65,80.0,21.46,100.0,69.53,2025.0,10
2025-10-25 22:00:00,15935,24.62,80.77,21.34,100.0,70.91,2025.0,10
2025-10-25 23:00:00,15936,24.36,81.57,20.86,100.0,84.26,2025.0,10
2025-10-26 00:00:00,15937,23.29,84.86,20.64,100.0,107.75,2025.0,10
2025-10-26 01:00:00,15938,23.75,81.59,20.56,100.0,89.23,2025.0,10
2025-10-26 02:00:00,15939,23.77,80.52,20.56,100.0,90.47,2025.0,10
2025-10-26 03:00:00,15940,23.93,81.19,20.49,100.0,102.51,2025.0,10
2025-10-26 04:00:00,15941,23.71,80.78,20.1,100.0,88.43,2025.0,10
2025-10-26 05:00:00,15942,23.35,82.83,20.04,100.0,79.73,2025.0,10
2025-10-26 06:00:00,15943,,81.39,21.6,,90.03,2025.0,10
2025-10-26 07:00:00,15944,28.8,68.03,27.02,84.83,110.38,2025.0,10
2025-10-26 08:00:00,15945,33.53,52.9,31.26,72.13,71.13,2025.0,10
2025-10-26 09:00:00,15946,34.9,48.03,32.32,67.2,41.03,2025.0,10
2025-10-26 10:00:00,15947,36.32,41.73,32.6,61.67,4.47,2025.0,10
2025-10-26 11:00:00,15948,36.41,41.41,32.34,62.1,13.03,2025.0,10
2025-10-26 12:00:00,15949,36.94,40.59,35.33,55.48,17.86,2025.0,10
2025-10-26 13:00:00,15950,35.02,48.83,33.76,64.27,34.93,2025.0,10
2025-10-26 14:00:00,15951,31.36,57.14,29.19,74.55,33.45,2025.0,10
2025-10-26 15:00:00,15952,28.08,64.37,26.19,80.8,34.13,2025.0,10
2025-10-26 16:00:00,15953,26.12,72.6,24.08,89.33,45.73,2025.0,10
2025-10-26 17:00:00,15954,24.88,80.14,23.09,95.45,37.46,2025.0,10
2025-10-26 18:00:00,15955,23.74,84.4,22.13,99.37,29.84,2025.0,10
2025-10-26 19:00:00,15956,24.29,80.3,22.2,97.17,27.2,2025.0,10
2025-10-26 20:00:00,15957,25.42,75.77,22.4,95.8,22.1,2025.0,10
2025-10-26 21:00:00,15958,25.83,74.73,22.78,94.73,36.1,2025.0,10
2025-10-26 22:00:00,15959,24.82,79.67,22.26,98.2,54.7,2025.0,10
2025-10-26 23:00:00,15960,24.12,83.27,21.71,100.0,71.47,2025.0,10
2025-10-27 00:00:00,15961,24.23,82.53,21.6,100.0,62.96,2025.0,10
2025-10-27 01:00:00,15962,24.81,80.4,21.47,100.0,58.89,2025.0,10
2025-10-27 02:00:00,15963,24.78,80.97,21.65,100.0,59.25,2025.0,10
2025-10-27 03:00:00,15964,24.7,81.57,21.45,100.0,63.09,2025.0,10
2025-10-27 04:00:00,15965,24.45,81.87,21.31,100.0,58.07,2025.0,10
2025-10-27 05:00:00,15966,24.06,82.8,21.18,100.0,61.24,2025.0,10
2025-10-27 06:00:00,15967,26.83,73.17,25.46,88.37,63.13,2025.0,10
2025-10-27 07:00:00,15968,33.36,53.53,30.93,71.93,54.23,2025.0,10
2025-10-27 08:00:00,15969,35.85,47.27,33.09,66.57,49.2,2025.0,10
2025-10-27 09:00:00,15970,36.75,43.67,33.92,62.27,34.27,2025.0,10
2025-10-27 10:00:00,15971,37.11,41.5,33.02,61.97,27.53,2025.0,10
2025-10-27 11:00:00,15972,39.38,38.4,35.38,57.97,33.6,2025.0,10
2025-10-27 12:00:00,15973,36.12,45.3,33.32,63.17,49.53,2025.0,10
2025-10-27 13:00:00,15974,25.4,77.63,22.43,98.23,40.45,2025.0,10
2025-10-27 14:00:00,15975,25.74,72.87,22.26,100.0,29.98,2025.0,10
2025-10-27 15:00:00,15976,27.12,68.17,23.12,99.9,44.47,2025.0,10
2025-10-27 16:00:00,15977,26.44,72.55,23.44,93.62,47.1,2025.0,10
2025-10-27 17:00:00,15978,25.12,80.3,21.58,100.0,32.44,2025.0,10
2025-10-27 18:00:00,15979,24.73,82.57,21.64,100.0,45.05,2025.0,10
2025-10-27 19:00:00,15980,24.11,85.14,21.77,100.0,56.03,2025.0,10
2025-10-27 20:00:00,15981,24.46,81.03,21.37,100.0,38.33,2025.0,10
2025-10-27 21:00:00,15982,24.98,80.13,21.68,100.0,53.86,2025.0,10
2025-10-27 22:00:00,15983,25.24,79.73,21.94,100.0,51.82,2025.0,10
2025-10-27 23:00:00,15984,25.27,79.1,21.87,100.0,61.32,2025.0,10
2025-10-28 00:00:00,15985,24.78,80.97,21.49,100.0,56.14,2025.0,10
2025-10-28 01:00:00,15986,24.59,82.2,21.2,100.0,77.01,2025.0,10
2025-10-28 02:00:00,15987,24.06,84.2,21.26,100.0,70.91,2025.0,10
2025-10-28 03:00:00,15988,24.21,82.77,21.21,100.0,60.48,2025.0,10
2025-10-28 04:00:00,15989,24.3,83.47,21.2,100.0,77.05,2025.0,10
2025-10-28 05:00:00,15990,24.03,84.17,21.16,100.0,72.16,2025.0,10
2025-10-28 06:00:00,15991,24.73,81.69,21.81,100.0,65.65,2025.0,10
2025-10-28 07:00:00,15992,26.86,75.33,23.7,96.37,105.8,2025.0,10
2025-10-28 08:00:00,15993,30.03,66.77,26.82,86.97,104.6,2025.0,10
2025-10-28 09:00:00,15994,33.01,57.7,29.88,77.03,97.67,2025.0,10
2025-10-28 10:00:00,15995,30.03,62.07,27.7,79.6,82.93,2025.0,10
2025-10-28 11:00:00,15996,27.72,69.7,26.23,84.5,66.03,2025.0,10
2025-10-28 12:00:00,15997,26.61,73.41,24.66,90.67,53.52,2025.0,10
2025-10-28 13:00:00,15998,25.67,78.0,22.23,99.69,64.9,2025.0,10
2025-10-28 16:00:00,16001,26.54,74.97,22.0,100.0,51.6,2025.0,10
2025-10-28 17:00:00,16002,25.82,78.57,21.93,100.0,82.23,2025.0,10
2025-10-28 18:00:00,16003,25.46,80.17,21.78,100.0,67.42,2025.0,10
2025-10-28 19:00:00,16004,24.99,81.17,21.57,100.0,55.07,2025.0,10
2025-10-28 20:00:00,16005,24.98,81.17,21.54,100.0,59.47,2025.0,10
2025-10-28 21:00:00,16006,25.09,80.7,21.74,100.0,61.8,2025.0,10
2025-10-28 22:00:00,16007,24.64,82.27,21.61,100.0,74.95,2025.0,10
2025-10-28 23:00:00,16008,24.19,83.2,21.33,100.0,82.86,2025.0,10
2025-10-29 00:00:00,16009,24.5,81.8,21.23,100.0,78.35,2025.0,10
2025-10-29 01:00:00,16010,24.28,82.73,21.15,100.0,84.13,2025.0,10
2025-10-29 02:00:00,16011,23.03,86.13,20.86,100.0,75.84,2025.0,10
2025-10-29 03:00:00,16012,23.84,81.9,20.6,100.0,62.53,2025.0,10
2025-10-29 04:00:00,16013,23.88,82.0,20.67,100.0,61.1,2025.0,10
2025-10-29 05:00:00,16014,23.97,82.73,20.74,100.0,59.43,2025.0,10
2025-10-29 06:00:00,16015,25.4,80.0,22.92,97.77,74.99,2025.0,10
2025-10-29 07:00:00,16016,27.95,70.17,25.34,88.77,,2025.0,10
2025-10-29 08:00:00,16017,31.22,59.53,28.12,78.67,78.8,2025.0,10
2025-10-29 09:00:00,16018,31.34,58.87,29.21,76.23,66.0,2025.0,10
2025-10-29 10:00:00,16019,33.64,52.0,30.86,72.53,45.5,2025.0,10
2025-10-29 11:00:00,16020,34.96,47.37,32.17,67.1,33.23,2025.0,10
2025-10-29 12:00:00,16021,35.3,46.15,32.59,65.19,29.85,2025.0,10
2025-10-29 13:00:00,16022,32.69,55.32,29.5,75.2,55.14,2025.0,10
2025-10-29 14:00:00,16023,28.72,66.38,26.86,82.66,52.62,2025.0,10
2025-10-29 15:00:00,16024,30.89,59.73,29.22,74.03,47.63,2025.0,10
2025-10-29 16:00:00,16025,29.34,65.3,27.09,82.47,67.47,2025.0,10
2025-10-29 17:00:00,16026,27.89,72.43,25.7,89.07,80.17,2025.0,10
2025-10-29 18:00:00,16027,26.41,75.9,23.29,96.47,61.2,2025.0,10
2025-10-29 19:00:00,16028,24.72,79.69,21.07,100.0,22.16,2025.0,10
2025-10-29 20:00:00,16029,24.68,80.2,21.14,100.0,27.6,2025.0,10
2025-10-29 21:00:00,16030,25.15,78.54,21.3,100.0,39.35,2025.0,10
2025-10-29 22:00:00,16031,25.17,79.41,21.45,100.0,46.83,2025.0,10
2025-10-29 23:00:00,16032,25.18,79.14,21.39,100.0,45.54,2025.0,10
2025-10-30 00:00:00,16033,24.57,81.1,21.18,100.0,36.94,2025.0,10
2025-10-30 03:00:00,16036,24.33,82.39,20.89,100.0,65.83,2025.0,10
2025-10-30 04:00:00,16037,24.31,83.27,21.07,100.0,62.21,2025.0,10
2025-10-30 06:00:00,16039,25.0,81.63,22.15,99.93,64.43,2025.0,10
2025-10-30 07:00:00,16040,29.63,67.17,29.12,80.69,105.62,2025.0,10
2025-10-30 08:00:00,16041,34.83,52.5,32.56,71.1,76.67,2025.0,10
2025-10-30 09:00:00,16042,37.4,45.1,34.91,63.13,52.27,2025.0,10
2025-10-30 10:00:00,16043,38.11,42.7,35.14,60.87,50.03,2025.0,10
2025-10-30 11:00:00,16044,33.31,52.57,30.52,72.07,49.67,2025.0,10
2025-10-30 12:00:00,16045,29.16,66.21,27.63,82.29,58.39,2025.0,10
2025-10-30 13:00:00,16046,25.93,74.52,22.93,93.93,39.48,2025.0,10
2025-10-30 14:00:00,16047,25.49,78.57,21.51,100.0,48.27,2025.0,10
2025-10-30 15:00:00,16048,25.03,79.69,21.22,100.0,34.91,2025.0,10
2025-10-30 16:00:00,16049,24.85,81.77,21.49,100.0,31.62,2025.0,10
2025-10-30 17:00:00,16050,25.25,81.13,21.6,100.0,35.09,2025.0,10
2025-10-30 18:00:00,16051,25.12,81.53,21.53,100.0,48.95,2025.0,10
2025-10-30 19:00:00,16052,24.7,81.93,21.23,100.0,44.0,2025.0,10
2025-10-30 20:00:00,16053,24.48,82.45,21.12,100.0,55.63,2025.0,10
2025-10-30 21:00:00,16054,23.18,86.47,20.86,100.0,68.74,2025.0,10
2025-10-30 22:00:00,16055,23.65,84.3,20.6,100.0,89.0,2025.0,10
2025-10-30 23:00:00,16056,22.46,85.47,20.18,100.0,53.49,2025.0,10
2025-10-31 00:00:00,16057,23.09,82.87,20.07,100.0,61.04,2025.0,10
2025-10-31 01:00:00,16058,22.86,82.63,19.67,100.0,54.4,2025.0,10
2025-10-31 02:00:00,16059,22.41,82.77,19.38,100.0,58.94,2025.0,10
2025-10-31 03:00:00,16060,22.62,82.93,19.35,100.0,61.8,2025.0,10
2025-10-31 04:00:00,16061,22.84,83.17,19.49,100.0,73.54,2025.0,10
2025-10-31 05:00:00,16062,23.04,83.0,19.76,100.0,77.36,2025.0,10
2025-10-31 06:00:00,16063,24.86,78.7,22.44,96.13,72.57,2025.0,10
2025-10-31 07:00:00,16064,30.06,63.17,28.86,78.17,74.13,2025.0,10
2025-10-31 08:00:00,16065,33.6,53.37,31.22,71.97,69.7,2025.0,10
2025-10-31 09:00:00,16066,36.18,46.37,33.64,64.63,43.8,2025.0,10
2025-10-31 10:00:00,16067,36.85,42.2,32.84,62.7,27.07,2025.0,10
2025-10-31 11:00:00,16068,36.73,41.03,32.22,62.73,7.03,2025.0,10
2025-10-31 12:00:00,16069,38.63,38.57,35.64,55.29,12.93,2025.0,10
2025-10-31 13:00:00,16070,30.48,64.03,29.82,78.0,56.33,2025.0,10
2025-10-31 14:00:00,16071,27.44,73.13,24.14,96.33,54.93,2025.0,10
2025-10-31 15:00:00,16072,23.14,85.23,20.8,100.0,21.56,2025.0,10
2025-10-31 16:00:00,16073,23.25,83.47,20.22,100.0,15.21,2025.0,10
2025-10-31 17:00:00,16074,23.96,81.67,20.39,100.0,15.54,2025.0,10
2025-10-31 19:00:00,16076,23.41,83.66,20.28,100.0,22.6,2025.0,10
2025-10-31 20:00:00,16077,23.34,85.33,20.55,100.0,32.12,2025.0,10
2025-10-31 21:00:00,16078,23.7,83.97,20.6,100.0,30.95,2025.0,10
2025-10-31 22:00:00,16079,23.94,82.93,20.58,100.0,29.97,2025.0,10
2025-10-31 23:00:00,16080,23.74,84.4,20.7,100.0,44.31,2025.0,10
2025-11-01 00:00:00,16081,22.57,88.5,20.57,100.0,63.45,2025.0,11
2025-11-01 01:00:00,16082,23.08,85.8,20.32,100.0,57.46,2025.0,11
2025-11-01 02:00:00,16083,23.7,83.2,20.27,100.0,55.99,2025.0,11
2025-11-01 03:00:00,16084,23.55,83.97,20.4,100.0,45.42,2025.0,11
2025-11-01 04:00:00,16085,23.81,82.3,20.48,100.0,38.84,2025.0,11
2025-11-01 05:00:00,16086,23.88,82.97,20.7,100.0,52.22,2025.0,11
2025-11-01 06:00:00,16087,24.64,80.53,21.34,100.0,52.55,2025.0,11
2025-11-01 07:00:00,16088,28.08,70.97,25.65,98.17,67.72,2025.0,11
2025-11-01 08:00:00,16089,34.99,52.46,32.88,70.65,54.88,2025.0,11
2025-11-01 09:00:00,16090,37.26,46.3,34.16,65.4,42.87,2025.0,11
2025-11-01 10:00:00,16091,39.02,42.46,34.86,62.86,39.79,2025.0,11
2025-11-01 11:00:00,16092,34.46,49.8,32.45,67.4,46.6,2025.0,11
2025-11-01 12:00:00,16093,34.64,49.07,32.27,67.24,46.52,2025.0,11
2025-11-01 13:00:00,16094,26.36,75.1,23.7,94.23,40.32,2025.0,11
2025-11-01 14:00:00,16095,28.08,71.5,24.11,100.0,54.3,2025.0,11
2025-11-01 15:00:00,16096,28.47,70.28,25.42,94.41,49.38,2025.0,11
2025-11-01 16:00:00,16097,26.13,76.8,22.81,97.67,39.62,2025.0,11
2025-11-01 17:00:00,16098,25.38,80.2,21.84,100.0,29.78,2025.0,11
2025-11-01 18:00:00,16099,25.9,79.17,22.21,100.0,41.52,2025.0,11
2025-11-01 19:00:00,16100,24.32,84.2,21.87,100.0,32.18,2025.0,11
2025-11-01 20:00:00,16101,23.64,86.7,21.34,100.0,26.93,2025.0,11
2025-11-01 21:00:00,16102,24.29,84.37,21.27,100.0,25.5,2025.0,11
2025-11-01 22:00:00,16103,24.73,82.5,21.35,100.0,27.11,2025.0,11
2025-11-01 23:00:00,16104,24.4,84.03,21.19,100.0,39.46,2025.0,11
2025-11-02 00:00:00,16105,24.49,83.62,21.16,100.0,42.95,2025.0,11
2025-11-02 01:00:00,16106,24.47,83.57,21.15,100.0,43.88,2025.0,11
2025-11-02 02:00:00,16107,24.42,84.0,21.13,100.0,58.45,2025.0,11
2025-11-02 03:00:00,16108,24.6,83.1,21.12,100.0,45.96,2025.0,11
2025-11-02 04:00:00,16109,24.16,84.73,21.08,100.0,53.11,2025.0,11
2025-11-02 05:00:00,16110,23.92,85.17,21.02,100.0,52.97,2025.0,11
2025-11-02 06:00:00,16111,24.6,81.83,21.51,100.0,56.08,2025.0,11
2025-11-02 07:00:00,16112,27.86,71.67,24.31,99.7,72.6,2025.0,11
2025-11-02 08:00:00,16113,34.38,54.53,32.96,71.27,70.17,2025.0,11
2025-11-02 09:00:00,16114,37.28,45.79,34.51,63.97,53.62,2025.0,11
2025-11-02 10:00:00,16115,37.76,43.63,34.71,62.07,42.8,2025.0,11
2025-11-02 11:00:00,16116,35.0,49.93,31.67,70.0,41.13,2025.0,11
2025-11-02 12:00:00,16117,26.51,72.57,23.2,95.17,27.89,2025.0,11
2025-11-02 13:00:00,16118,27.48,73.33,23.66,99.93,35.08,2025.0,11
2025-11-02 14:00:00,16119,31.11,60.43,29.13,85.17,34.07,2025.0,11
2025-11-02 15:00:00,16120,32.23,55.03,32.13,69.03,32.9,2025.0,11
2025-11-02 16:00:00,16121,31.81,55.5,30.64,70.97,30.77,2025.0,11
2025-11-02 17:00:00,16122,27.74,72.97,25.74,89.28,46.93,2025.0,11
2025-11-02 18:00:00,16123,26.76,76.69,24.35,94.35,50.42,2025.0,11
2025-11-02 19:00:00,16124,23.85,80.07,20.83,98.04,14.07,2025.0,11
2025-11-02 20:00:00,16125,23.39,83.8,20.37,100.0,13.78,2025.0,11
2025-11-02 21:00:00,16126,23.92,82.67,20.49,100.0,18.25,2025.0,11
2025-11-02 22:00:00,16127,23.9,82.33,20.37,100.0,25.57,2025.0,11
2025-11-02 23:00:00,16128,24.03,82.17,20.45,100.0,28.61,2025.0,11
2025-11-03 00:00:00,16129,24.11,82.0,20.53,100.0,31.78,2025.0,11
2025-11-03 02:00:00,16131,23.78,83.24,20.4,100.0,35.74,2025.0,11
2025-11-03 03:00:00,16132,23.73,82.97,20.33,100.0,36.05,2025.0,11
2025-11-03 04:00:00,16133,23.79,82.37,20.2,100.0,36.89,2025.0,11
2025-11-03 05:00:00,16134,23.72,82.87,20.32,100.0,44.51,2025.0,11
2025-11-03 06:00:00,16135,24.72,80.93,21.39,100.0,51.61,2025.0,11
2025-11-03 07:00:00,16136,27.15,72.9,23.01,100.0,62.1,2025.0,11
2025-11-03 08:00:00,16137,30.66,63.37,27.16,92.2,59.27,2025.0,11
2025-11-03 09:00:00,16138,35.57,50.77,32.56,71.33,49.6,2025.0,11
2025-11-03 10:00:00,16139,36.77,47.0,32.81,69.03,46.17,2025.0,11
2025-11-03 11:00:00,16140,34.86,49.6,30.78,72.33,48.1,2025.0,11
2025-11-03 12:00:00,16141,30.3,59.24,27.66,79.72,38.93,2025.0,11
2025-11-03 14:00:00,16143,32.75,53.04,32.89,66.22,28.0,2025.0,11
2025-11-03 15:00:00,16144,29.15,64.17,27.58,81.43,37.8,2025.0,11
2025-11-03 16:00:00,16145,27.28,69.83,25.37,88.27,42.37,2025.0,11
2025-11-03 17:00:00,16146,26.46,74.0,24.34,91.63,50.13,2025.0,11
2025-11-03 18:00:00,16147,25.86,78.41,22.82,97.76,52.63,2025.0,11
2025-11-03 19:00:00,16148,25.33,79.83,21.65,100.0,41.57,2025.0,11
2025-11-03 20:00:00,16149,25.31,80.5,21.7,100.0,31.73,2025.0,11
2025-11-03 21:00:00,16150,25.36,79.83,21.5,100.0,34.32,2025.0,11
2025-11-03 22:00:00,16151,24.37,83.4,21.41,100.0,37.61,2025.0,11
2025-11-03 23:00:00,16152,24.26,82.93,21.15,100.0,40.11,2025.0,11
2025-11-04 00:00:00,16153,23.77,84.77,21.01,100.0,64.05,2025.0,11
2025-11-04 01:00:00,16154,23.12,85.23,20.58,100.0,50.61,2025.0,11
2025-11-04 02:00:00,16155,23.73,83.7,20.58,100.0,42.97,2025.0,11
2025-11-04 03:00:00,16156,23.84,83.63,20.55,100.0,57.78,2025.0,11
2025-11-04 04:00:00,16157,24.05,82.43,20.45,100.0,50.52,2025.0,11
2025-11-04 05:00:00,16158,24.2,82.53,20.73,100.0,48.69,2025.0,11
2025-11-04 06:00:00,16159,25.24,80.5,22.86,98.73,66.66,2025.0,11
2025-11-04 07:00:00,16160,29.99,65.13,29.37,78.0,81.53,2025.0,11
2025-11-04 08:00:00,16161,34.34,51.8,32.31,69.87,50.13,2025.0,11
2025-11-04 09:00:00,16162,36.43,46.61,34.23,64.0,47.82,2025.0,11
2025-11-04 10:00:00,16163,37.5,42.47,34.07,61.5,42.5,2025.0,11
2025-11-04 11:00:00,16164,38.18,40.47,34.19,60.4,41.77,2025.0,11
2025-11-04 12:00:00,16165,33.99,48.5,33.66,62.17,28.03,2025.0,11
2025-11-04 13:00:00,16166,32.71,51.5,32.79,64.13,22.5,2025.0,11
2025-11-04 14:00:00,16167,31.98,53.48,31.47,67.48,28.26,2025.0,11
2025-11-04 15:00:00,16168,30.78,59.43,27.51,79.87,38.07,2025.0,11
2025-11-04 16:00:00,16169,27.6,69.79,24.78,88.83,39.93,2025.0,11
2025-11-04 17:00:00,16170,26.78,72.13,23.81,91.53,34.5,2025.0,11
2025-11-04 18:00:00,16171,25.34,77.07,22.34,96.97,23.0,2025.0,11
2025-11-04 19:00:00,16172,25.61,75.67,22.49,96.15,25.63,2025.0,11
2025-11-04 20:00:00,16173,25.55,75.77,22.54,96.0,34.67,2025.0,11
2025-11-04 21:00:00,16174,25.81,75.83,22.66,96.47,43.8,2025.0,11
2025-11-04 22:00:00,16175,24.82,80.83,22.37,99.1,54.4,2025.0,11
2025-11-04 23:00:00,16176,25.16,80.38,22.21,100.0,69.39,2025.0,11
2025-11-05 00:00:00,16177,25.28,80.23,22.07,100.0,73.53,2025.0,11
2025-11-05 01:00:00,16178,24.65,81.97,21.68,100.0,78.72,2025.0,11
2025-11-05 02:00:00,16179,24.26,82.27,21.41,100.0,62.64,2025.0,11
2025-11-05 03:00:00,16180,24.76,80.7,21.61,100.0,61.62,2025.0,11
2025-11-05 04:00:00,16181,24.78,79.53,21.49,100.0,71.43,2025.0,11
2025-11-05 05:00:00,16182,24.62,81.43,21.53,100.0,66.13,2025.0,11
2025-11-05 06:00:00,16183,25.85,77.17,23.86,94.4,75.45,2025.0,11
2025-11-05 07:00:00,16184,29.53,64.56,26.2,84.81,72.37,2025.0,11
2025-11-05 08:00:00,16185,30.97,60.03,27.33,80.77,65.0,2025.0,11
2025-11-05 09:00:00,16186,32.87,55.27,29.8,74.67,71.23,2025.0,11
2025-11-05 10:00:00,16187,36.76,45.97,34.51,63.77,61.6,2025.0,11
2025-11-05 11:00:00,16188,34.12,46.47,32.54,62.67,34.7,2025.0,11
2025-11-05 12:00:00,16189,34.19,47.43,33.78,60.97,26.77,2025.0,11
2025-11-05 13:00:00,16190,32.85,53.3,33.31,65.17,34.67,2025.0,11
2025-11-05 14:00:00,16191,31.33,55.93,31.37,68.97,30.8,2025.0,11
2025-11-05 15:00:00,16192,29.57,58.0,28.19,74.03,28.31,2025.0,11
2025-11-10 11:00:00,16308,33.54,47.69,32.59,61.88,11.96,2025.0,11
2025-11-10 12:00:00,16309,33.22,48.67,33.62,60.17,10.17,2025.0,11
2025-11-10 13:00:00,16310,33.77,48.2,34.28,59.23,21.03,2025.0,11
2025-11-10 14:00:00,16311,32.14,53.28,31.1,67.83,31.66,2025.0,11
2025-11-10 15:00:00,16312,27.65,70.17,26.1,86.41,38.01,2025.0,11
2025-11-10 18:00:00,16315,26.57,77.54,22.54,100.0,59.42,2025.0,11
2025-11-10 19:00:00,16316,26.31,77.23,22.49,100.0,61.47,2025.0,11
2025-11-10 20:00:00,16317,25.86,79.53,22.86,100.0,58.29,2025.0,11
2025-11-10 21:00:00,16318,25.09,81.33,22.9,99.73,50.52,2025.0,11
2025-11-10 22:00:00,16319,24.97,81.77,22.81,99.47,58.92,2025.0,11
2025-11-10 23:00:00,16320,25.43,81.13,22.83,99.87,64.83,2025.0,11
2025-11-11 00:00:00,16321,25.6,79.87,22.35,99.97,50.54,2025.0,11
2025-11-11 01:00:00,16322,24.76,82.38,22.43,99.97,47.45,2025.0,11
2025-11-11 02:00:00,16323,24.66,82.1,21.89,100.0,36.29,2025.0,11
2025-11-11 03:00:00,16324,25.45,79.1,22.26,100.0,47.94,2025.0,11
2025-11-11 04:00:00,16325,25.22,79.7,22.18,100.0,40.24,2025.0,11
2025-11-11 05:00:00,16326,24.06,84.03,21.48,100.0,41.12,2025.0,11
2025-11-11 06:00:00,16327,24.55,82.33,22.36,99.63,42.33,2025.0,11
2025-11-11 07:00:00,16328,28.22,70.4,25.78,88.77,59.9,2025.0,11
2025-11-11 08:00:00,16329,32.44,57.27,29.88,75.6,46.33,2025.0,11
2025-11-11 09:00:00,16330,35.76,48.67,32.55,69.4,47.47,2025.0,11
2025-11-11 10:00:00,16331,34.53,48.43,31.96,67.33,33.83,2025.0,11
2025-11-11 11:00:00,16332,31.27,54.53,30.98,68.6,19.07,2025.0,11
2025-11-11 12:00:00,16333,31.3,55.57,31.92,67.33,16.43,2025.0,11
2025-11-11 13:00:00,16334,28.1,67.97,27.47,80.6,24.77,2025.0,11
2025-11-11 14:00:00,16335,27.67,67.9,26.7,82.07,25.4,2025.0,11
2025-11-11 15:00:00,16336,24.96,79.9,22.29,98.53,28.02,2025.0,11
2025-11-11 16:00:00,16337,24.42,81.97,21.31,100.0,14.58,2025.0,11
2025-11-11 17:00:00,16338,25.05,81.0,21.54,100.0,26.76,2025.0,11
2025-11-11 18:00:00,16339,25.04,81.77,21.7,100.0,29.46,2025.0,11
2025-11-11 19:00:00,16340,24.63,82.1,21.33,100.0,33.32,2025.0,11
2025-11-11 20:00:00,16341,24.45,82.23,21.19,100.0,48.87,2025.0,11
2025-11-11 21:00:00,16342,24.46,81.0,20.9,100.0,21.82,2025.0,11
2025-11-11 22:00:00,16343,24.71,80.67,21.07,100.0,33.89,2025.0,11
2025-11-11 23:00:00,16344,24.17,84.07,21.19,100.0,42.88,2025.0,11
2025-11-12 00:00:00,16345,23.84,84.93,21.03,100.0,36.83,2025.0,11
2025-11-12 01:00:00,16346,23.84,85.03,20.97,100.0,43.33,2025.0,11
2025-11-12 02:00:00,16347,23.4,86.37,20.83,100.0,47.7,2025.0,11
2025-11-12 03:00:00,16348,23.66,84.7,20.65,100.0,40.47,2025.0,11
2025-11-12 04:00:00,16349,23.66,84.4,20.58,100.0,35.22,2025.0,11
2025-11-12 05:00:00,16350,22.81,85.7,20.34,100.0,53.72,2025.0,11
2025-11-12 06:00:00,16351,24.81,80.3,21.75,100.0,59.17,2025.0,11
2025-11-12 07:00:00,16352,27.7,69.57,24.27,99.2,35.47,2025.0,11
2025-11-12 08:00:00,16353,29.42,64.21,28.65,77.97,43.55,2025.0,11
2025-11-12 09:00:00,16354,32.91,54.6,31.25,72.27,36.67,2025.0,11
2025-11-12 10:00:00,16355,31.06,59.03,28.48,77.87,34.5,2025.0,11
2025-11-12 11:00:00,16356,24.92,79.7,21.8,100.0,27.85,2025.0,11
2025-11-12 12:00:00,16357,26.67,73.53,22.74,100.0,28.23,2025.0,11
2025-11-12 18:00:00,16363,24.82,81.21,21.58,100.0,31.52,2025.0,11
2025-11-12 19:00:00,16364,25.12,80.97,21.64,100.0,39.33,2025.0,11
2025-11-12 22:00:00,16367,24.02,81.63,21.03,100.0,33.28,2025.0,11
2025-11-12 23:00:00,16368,24.5,80.0,21.37,100.0,42.6,2025.0,11
2025-11-13 00:00:00,16369,24.38,81.17,21.19,100.0,58.0,2025.0,11
2025-11-13 01:00:00,16370,23.76,83.57,20.73,100.0,52.64,2025.0,11
2025-11-13 02:00:00,16371,23.28,84.3,20.66,100.0,47.82,2025.0,11
2025-11-13 03:00:00,16372,23.75,82.3,20.57,100.0,56.59,2025.0,11
2025-11-13 04:00:00,16373,23.93,82.57,20.79,100.0,48.6,2025.0,11
2025-11-13 05:00:00,16374,23.94,83.7,20.91,100.0,58.38,2025.0,11
2025-11-13 06:00:00,16375,24.51,81.63,22.15,99.03,72.58,2025.0,11
2025-11-13 07:00:00,16376,29.21,65.6,26.54,83.73,68.53,2025.0,11
2025-11-13 08:00:00,16377,32.31,56.07,31.1,70.67,60.97,2025.0,11
2025-11-13 09:00:00,16378,36.33,45.1,34.77,60.07,45.9,2025.0,11
2025-11-13 10:00:00,16379,33.01,48.8,31.98,63.57,26.97,2025.0,11
2025-11-13 11:00:00,16380,31.54,54.33,30.9,68.6,14.63,2025.0,11
2025-11-13 12:00:00,16381,31.93,54.32,32.35,66.24,23.6,2025.0,11
2025-11-13 16:00:00,16385,27.87,67.55,25.76,83.48,38.62,2025.0,11
2025-11-13 20:00:00,16389,26.06,72.57,23.24,91.87,45.9,2025.0,11
2025-11-13 21:00:00,16390,26.01,73.8,23.02,93.4,60.5,2025.0,11
2025-11-13 22:00:00,16391,25.15,79.17,22.68,97.28,,2025.0,11
2025-11-13 23:00:00,16392,24.62,81.69,22.08,100.0,79.27,2025.0,11
2025-11-14 00:00:00,16393,24.18,81.82,21.64,99.96,76.93,2025.0,11
2025-11-14 01:00:00,16394,24.04,81.13,21.52,99.77,73.92,2025.0,11
2025-11-14 02:00:00,16395,24.12,80.6,21.58,99.37,58.32,2025.0,11
2025-11-14 03:00:00,16396,23.83,80.97,21.08,100.0,46.68,2025.0,11
2025-11-14 04:00:00,16397,22.96,84.77,20.83,100.0,52.39,2025.0,11
2025-11-14 05:00:00,16398,23.3,83.37,20.79,100.0,65.24,2025.0,11
2025-11-14 06:00:00,16399,25.42,76.6,22.77,95.67,,2025.0,11
2025-11-14 07:00:00,16400,29.77,62.3,27.25,79.73,57.5,2025.0,11
2025-11-14 08:00:00,16401,33.41,52.8,30.58,73.13,59.33,2025.0,11
2025-11-14 09:00:00,16402,32.66,52.97,30.35,72.2,37.63,2025.0,11
2025-11-14 10:00:00,16403,32.26,53.1,31.12,69.53,21.9,2025.0,11
2025-11-14 11:00:00,16404,32.46,52.31,31.82,67.23,13.5,2025.0,11
2025-11-14 12:00:00,16405,31.06,55.93,30.26,71.23,10.67,2025.0,11
2025-11-14 13:00:00,16406,27.46,69.63,24.94,92.23,28.5,2025.0,11
2025-11-14 14:00:00,16407,23.81,84.14,21.34,100.0,26.32,2025.0,11
2025-11-14 15:00:00,16408,25.51,78.7,22.13,100.0,37.8,2025.0,11
2025-11-14 20:00:00,16413,24.87,78.55,22.3,97.83,28.57,2025.0,11
2025-11-14 21:00:00,16414,25.1,76.46,22.57,95.46,31.93,2025.0,11
2025-11-14 23:00:00,16416,24.95,77.67,22.18,97.07,50.52,2025.0,11
2025-11-15 00:00:00,16417,24.96,73.46,22.2,92.96,37.64,2025.0,11
2025-11-15 02:00:00,16419,24.16,79.43,21.69,97.8,72.69,2025.0,11
2025-11-15 03:00:00,16420,24.52,72.5,21.92,91.23,34.0,2025.0,11
2025-11-15 04:00:00,16421,24.62,71.07,21.78,90.27,33.43,2025.0,11
2025-11-15 05:00:00,16422,24.55,74.87,21.46,95.2,56.63,2025.0,11
2025-11-15 06:00:00,16423,27.09,71.07,25.4,87.07,,2025.0,11
2025-11-15 07:00:00,16424,32.14,57.07,30.81,73.13,72.27,2025.0,11
2025-11-15 08:00:00,16425,35.03,48.03,32.37,66.57,50.3,2025.0,11
2025-11-15 09:00:00,16426,33.9,46.5,32.59,61.77,27.77,2025.0,11
2025-11-15 10:00:00,16427,31.48,52.77,30.55,67.73,27.0,2025.0,11
2025-11-15 12:00:00,16429,31.8,53.6,32.26,65.73,32.53,2025.0,11
2025-11-15 13:00:00,16430,32.39,51.93,33.26,62.83,35.57,2025.0,11
2025-11-15 14:00:00,16431,32.85,51.37,34.93,59.37,40.41,2025.0,11
2025-11-15 15:00:00,16432,30.27,58.08,29.65,71.8,46.16,2025.0,11
2025-11-15 16:00:00,16433,26.03,75.8,24.04,94.0,69.47,2025.0,11
2025-11-15 18:00:00,16435,26.7,73.74,24.57,90.15,,2025.0,11
2025-11-15 20:00:00,16437,25.66,78.71,23.6,95.04,,2025.0,11
2025-11-15 21:00:00,16438,25.3,80.83,23.24,97.2,,2025.0,11
2025-11-15 22:00:00,16439,25.59,79.37,23.07,97.4,,2025.0,11
2025-11-15 23:00:00,16440,24.56,81.23,22.63,97.67,,2025.0,11
2025-11-16 00:00:00,16441,24.96,80.07,22.36,98.76,,2025.0,11
2025-11-16 01:00:00,16442,25.37,77.24,22.59,96.59,77.69,2025.0,11
2025-11-16 02:00:00,16443,25.18,74.79,22.49,93.64,58.43,2025.0,11
2025-11-16 03:00:00,16444,24.95,73.57,22.86,90.3,24.7,2025.0,11
2025-11-16 04:00:00,16445,24.66,75.28,22.46,92.31,12.93,2025.0,11
2025-11-16 05:00:00,16446,24.93,74.59,22.77,91.44,20.04,2025.0,11
2025-11-16 06:00:00,16447,26.5,69.78,24.44,86.22,22.44,2025.0,11
2025-11-16 07:00:00,16448,31.17,58.6,28.71,76.53,33.43,2025.0,11
2025-11-16 08:00:00,16449,32.87,54.77,29.62,76.47,42.7,2025.0,11
2025-11-16 09:00:00,16450,35.96,46.9,32.52,67.72,40.31,2025.0,11
2025-11-16 10:00:00,16451,35.63,45.2,32.45,64.77,27.43,2025.0,11
2025-11-16 11:00:00,16452,33.12,50.79,30.41,69.79,20.66,2025.0,11
2025-11-16 12:00:00,16453,33.17,50.14,32.11,65.59,11.07,2025.0,11
2025-11-16 13:00:00,16454,31.2,57.27,28.36,80.5,13.53,2025.0,11
2025-11-16 14:00:00,16455,30.03,59.8,28.5,78.03,11.87,2025.0,11
2025-11-16 15:00:00,16456,28.92,62.7,27.54,79.63,8.73,2025.0,11
2025-11-16 17:00:00,16458,28.63,65.55,25.66,84.41,33.83,2025.0,11
2025-11-16 18:00:00,16459,27.76,65.55,25.37,82.48,30.07,2025.0,11
2025-11-16 19:00:00,16460,27.51,68.62,24.81,86.31,43.97,2025.0,11
2025-11-16 20:00:00,16461,27.32,69.86,24.2,89.36,48.86,2025.0,11
2025-11-16 21:00:00,16462,26.01,73.03,23.72,89.9,66.4,2025.0,11
2025-11-16 22:00:00,16463,25.76,73.73,23.26,91.43,73.37,2025.0,11
2025-11-16 23:00:00,16464,25.16,74.28,23.04,90.76,52.1,2025.0,11
2025-11-17 00:00:00,16465,24.86,75.5,22.62,92.47,54.27,2025.0,11
2025-11-17 01:00:00,16466,24.31,77.79,21.98,95.17,54.46,2025.0,11
2025-11-17 03:00:00,16468,23.73,78.87,20.97,97.97,72.71,2025.0,11
2025-11-17 04:00:00,16469,23.08,79.0,20.65,97.0,47.18,2025.0,11
2025-11-17 05:00:00,16470,23.12,79.73,20.46,98.88,41.12,2025.0,11
2025-11-17 06:00:00,16471,27.44,67.08,25.69,82.46,71.62,2025.0,11
2025-11-17 07:00:00,16472,32.88,52.9,31.93,68.0,55.07,2025.0,11
2025-11-17 08:00:00,16473,37.81,42.3,36.43,56.83,48.4,2025.0,11
2025-11-17 09:00:00,16474,36.02,43.62,34.02,59.45,32.55,2025.0,11
2025-11-17 10:00:00,16475,34.83,46.9,33.02,62.86,24.07,2025.0,11
2025-11-17 11:00:00,16476,31.83,53.96,30.84,68.96,31.52,2025.0,11
2025-11-17 12:00:00,16477,33.27,50.47,32.44,64.93,33.87,2025.0,11
2025-11-17 13:00:00,16478,32.32,50.83,32.93,62.14,23.62,2025.0,11
2025-11-17 14:00:00,16479,31.16,55.0,30.3,69.5,28.07,2025.0,11
2025-11-17 15:00:00,16480,28.47,64.1,26.52,82.57,32.23,2025.0,11
2025-11-17 16:00:00,16481,27.17,66.12,25.26,81.84,32.72,2025.0,11
2025-11-17 18:00:00,16483,25.87,76.39,22.34,99.57,36.52,2025.0,11
2025-11-17 20:00:00,16485,25.28,78.7,22.37,98.67,39.25,2025.0,11
2025-11-17 21:00:00,16486,25.6,77.43,22.35,98.2,45.04,2025.0,11
2025-11-17 22:00:00,16487,25.14,79.53,22.15,99.8,45.9,2025.0,11
2025-11-17 23:00:00,16488,25.4,79.27,22.16,100.0,62.97,2025.0,11
2025-11-18 00:00:00,16489,25.38,78.31,22.09,99.76,59.66,2025.0,11
2025-11-18 01:00:00,16490,24.91,79.97,21.6,100.0,54.9,2025.0,11
2025-11-18 02:00:00,16491,24.82,80.32,21.5,100.0,50.15,2025.0,11
2025-11-18 03:00:00,16492,24.28,81.6,21.03,100.0,47.44,2025.0,11
2025-11-18 04:00:00,16493,23.19,83.93,20.42,100.0,54.31,2025.0,11
2025-11-18 05:00:00,16494,23.93,82.07,21.07,99.77,49.02,2025.0,11
2025-11-18 06:00:00,16495,28.27,69.21,26.8,83.55,61.96,2025.0,11
2025-11-18 07:00:00,16496,30.6,60.5,26.6,81.6,60.9,2025.0,11
2025-11-18 08:00:00,16497,31.5,58.03,28.69,78.1,68.76,2025.0,11
2025-11-18 09:00:00,16498,33.18,51.17,30.43,70.45,51.72,2025.0,11
2025-11-18 10:00:00,16499,30.21,58.3,28.5,75.93,44.0,2025.0,11
2025-11-18 11:00:00,16500,29.41,62.38,28.24,78.45,48.14,2025.0,11
2025-11-18 12:00:00,16501,31.01,59.84,30.76,74.0,43.24,2025.0,11
2025-11-18 13:00:00,16502,29.89,63.63,27.67,82.83,41.0,2025.0,11
2025-11-18 14:00:00,16503,23.56,80.7,21.42,98.4,22.18,2025.0,11
2025-11-18 15:00:00,16504,23.13,83.4,20.4,100.0,23.03,2025.0,11
2025-11-18 16:00:00,16505,22.67,83.77,19.96,100.0,22.31,2025.0,11
2025-11-18 17:00:00,16506,24.14,79.47,20.35,100.0,37.88,2025.0,11
2025-11-18 18:00:00,16507,24.48,78.74,20.59,100.0,36.93,2025.0,11
2025-11-18 19:00:00,16508,24.57,79.03,20.82,100.0,49.87,2025.0,11
2025-11-18 20:00:00,16509,24.11,80.53,20.61,100.0,44.88,2025.0,11
2025-11-18 21:00:00,16510,23.84,81.93,20.54,100.0,53.69,2025.0,11
2025-11-18 22:00:00,16511,24.08,81.47,20.63,100.0,48.8,2025.0,11
2025-11-18 23:00:00,16512,24.29,81.17,20.84,100.0,46.14,2025.0,11
2025-11-19 00:00:00,16513,24.04,81.23,20.58,100.0,46.39,2025.0,11
2025-11-19 01:00:00,16514,23.63,82.21,20.23,100.0,62.59,2025.0,11
2025-11-19 02:00:00,16515,23.32,83.38,19.95,100.0,71.48,2025.0,11
2025-11-19 03:00:00,16516,23.24,83.53,20.05,100.0,62.85,2025.0,11
2025-11-19 04:00:00,16517,23.35,83.27,20.12,100.0,64.01,2025.0,11
2025-11-19 05:00:00,16518,23.52,83.07,20.36,100.0,65.19,2025.0,11
2025-11-19 06:00:00,16519,24.47,81.6,21.64,99.5,77.61,2025.0,11
2025-11-19 07:00:00,16520,29.32,66.7,27.83,82.0,84.97,2025.0,11
2025-11-19 08:00:00,16521,34.93,51.43,33.35,67.47,73.33,2025.0,11
2025-11-19 09:00:00,16522,32.67,53.21,30.99,70.03,53.34,2025.0,11
2025-11-19 10:00:00,16523,31.61,54.63,31.18,68.87,30.83,2025.0,11
2025-11-19 11:00:00,16524,31.01,56.27,30.49,70.77,22.8,2025.0,11
2025-11-19 13:00:00,16526,29.45,63.0,28.12,78.21,33.57,2025.0,11
2025-11-19 14:00:00,16527,26.86,72.07,25.8,85.73,42.43,2025.0,11
2025-11-19 15:00:00,16528,26.52,73.5,24.24,93.97,52.9,2025.0,11
2025-11-19 16:00:00,16529,26.0,75.87,24.07,91.9,44.63,2025.0,11
2025-11-19 17:00:00,16530,23.81,81.8,20.96,100.0,18.74,2025.0,11
2025-11-19 18:00:00,16531,24.1,82.27,20.93,100.0,22.6,2025.0,11
2025-11-19 19:00:00,16532,25.14,80.17,21.29,100.0,23.77,2025.0,11
2025-11-19 20:00:00,16533,25.05,81.2,21.42,100.0,36.43,2025.0,11
2025-11-19 21:00:00,16534,24.58,82.87,21.29,100.0,45.18,2025.0,11
2025-11-19 22:00:00,16535,24.53,82.83,21.19,100.0,40.47,2025.0,11
2025-11-19 23:00:00,16536,24.7,81.6,21.09,100.0,35.53,2025.0,11
2025-11-20 00:00:00,16537,24.34,82.8,21.09,100.0,44.76,2025.0,11
2025-11-20 01:00:00,16538,24.49,82.66,21.12,100.0,55.98,2025.0,11
2025-11-20 03:00:00,16540,23.37,84.41,20.4,100.0,46.14,2025.0,11
2025-11-20 04:00:00,16541,23.71,81.6,20.44,100.0,39.8,2025.0,11
2025-11-20 05:00:00,16542,24.15,82.47,21.0,100.0,50.0,2025.0,11
2025-11-20 06:00:00,16543,25.66,78.57,23.5,95.83,75.05,2025.0,11
2025-11-20 07:00:00,16544,30.36,64.33,27.78,81.17,77.03,2025.0,11
2025-11-20 08:00:00,16545,32.12,57.41,29.57,74.0,67.41,2025.0,11
2025-11-20 09:00:00,16546,32.52,54.57,30.96,71.6,46.47,2025.0,11
2025-11-20 10:00:00,16547,31.58,57.4,30.34,73.97,36.53,2025.0,11
2025-11-20 11:00:00,16548,30.78,59.77,30.73,73.6,34.0,2025.0,11
2025-11-20 12:00:00,16549,32.72,53.97,33.8,64.83,25.53,2025.0,11
2025-11-20 13:00:00,16550,31.44,57.17,32.7,67.23,18.3,2025.0,11
2025-11-20 14:00:00,16551,29.48,62.83,30.49,72.87,24.3,2025.0,11
2025-11-21 13:00:00,16574,32.74,50.62,32.24,63.72,14.93,2025.0,11
2025-11-21 14:00:00,16575,30.94,55.47,30.23,69.57,18.73,2025.0,11
2025-11-21 15:00:00,16576,27.55,64.4,26.67,79.23,25.97,2025.0,11
2025-11-21 16:00:00,16577,27.66,67.63,26.04,83.4,36.23,2025.0,11
2025-11-21 17:00:00,16578,27.89,70.2,25.26,87.73,49.77,2025.0,11
2025-11-21 18:00:00,16579,27.73,70.27,24.78,88.8,45.4,2025.0,11
2025-11-21 19:00:00,16580,26.82,75.53,23.99,94.4,50.7,2025.0,11
2025-11-21 20:00:00,16581,26.54,75.77,23.5,95.37,38.63,2025.0,11
2025-11-21 21:00:00,16582,26.41,76.7,23.23,96.8,44.4,2025.0,11
2025-11-21 22:00:00,16583,26.19,77.67,23.06,98.03,48.17,2025.0,11
2025-11-21 23:00:00,16584,25.86,77.37,22.81,97.63,44.43,2025.0,11
2025-11-22 00:00:00,16585,25.58,78.77,22.42,99.33,56.77,2025.0,11
2025-11-22 01:00:00,16586,25.49,78.37,22.28,99.43,48.07,2025.0,11
2025-11-22 02:00:00,16587,25.14,77.8,21.95,98.67,,2025.0,11
2025-11-22 03:00:00,16588,25.12,78.33,21.69,99.8,,2025.0,11
2025-11-22 04:00:00,16589,25.08,77.8,21.75,99.3,69.5,2025.0,11
2025-11-22 05:00:00,16590,25.2,77.07,21.94,98.33,66.07,2025.0,11
2025-11-22 06:00:00,16591,27.49,69.53,24.73,88.27,53.47,2025.0,11
2025-11-22 07:00:00,16592,29.93,61.7,26.96,80.37,49.17,2025.0,11
2025-11-22 08:00:00,16593,31.02,57.67,28.13,75.87,43.63,2025.0,11
2025-11-22 09:00:00,16594,34.55,50.2,31.57,70.83,46.97,2025.0,11
2025-11-22 10:00:00,16595,37.41,43.6,33.41,63.9,43.0,2025.0,11
2025-11-22 11:00:00,16596,28.95,66.13,24.37,91.23,55.63,2025.0,11
2025-11-22 12:00:00,16597,24.78,78.28,21.25,100.0,36.21,2025.0,11
2025-11-22 13:00:00,16598,26.51,73.17,22.03,100.0,40.97,2025.0,11
2025-11-22 14:00:00,16599,27.82,71.2,23.66,100.0,55.93,2025.0,11
2025-11-22 15:00:00,16600,26.11,75.67,25.03,91.1,63.87,2025.0,11
2025-11-22 16:00:00,16601,25.39,77.53,23.88,92.27,45.12,2025.0,11
2025-11-22 17:00:00,16602,24.3,83.67,21.63,100.0,29.03,2025.0,11
2025-11-22 18:00:00,16603,24.01,85.5,21.39,100.0,35.13,2025.0,11
2025-11-22 19:00:00,16604,24.83,82.33,21.35,100.0,40.91,2025.0,11
2025-11-22 20:00:00,16605,25.05,81.87,21.43,100.0,49.98,2025.0,11
2025-11-22 21:00:00,16606,25.12,81.73,21.45,100.0,67.6,2025.0,11
2025-11-22 22:00:00,16607,24.95,82.97,21.55,100.0,54.27,2025.0,11
2025-11-22 23:00:00,16608,24.85,83.17,21.47,100.0,50.09,2025.0,11
2025-11-23 00:00:00,16609,24.37,84.52,21.33,100.0,61.59,2025.0,11
2025-11-23 01:00:00,16610,23.36,86.67,20.88,100.0,67.89,2025.0,11
2025-11-23 02:00:00,16611,23.64,85.07,20.82,100.0,61.75,2025.0,11
2025-11-23 03:00:00,16612,24.12,83.86,21.05,100.0,62.89,2025.0,11
2025-11-23 04:00:00,16613,24.55,82.83,21.11,100.0,60.14,2025.0,11
2025-11-23 05:00:00,16614,24.74,82.47,21.24,100.0,61.46,2025.0,11
2025-11-23 06:00:00,16615,26.39,79.03,22.88,100.0,85.77,2025.0,11
2025-11-23 07:00:00,16616,29.2,68.86,26.23,89.62,77.21,2025.0,11
2025-11-23 08:00:00,16617,32.62,59.0,30.29,76.57,67.93,2025.0,11
2025-11-23 09:00:00,16618,35.65,49.83,32.43,70.3,50.8,2025.0,11
2025-11-23 10:00:00,16619,35.49,49.33,32.37,69.1,50.4,2025.0,11
2025-11-23 11:00:00,16620,32.0,54.57,30.01,72.6,44.47,2025.0,11
2025-11-23 12:00:00,16621,34.95,51.4,32.49,69.97,49.83,2025.0,11
2025-11-23 13:00:00,16622,34.2,51.62,32.52,68.59,42.38,2025.0,11
2025-11-23 14:00:00,16623,29.53,64.9,28.38,78.8,46.93,2025.0,11
2025-11-23 15:00:00,16624,26.28,74.0,24.73,88.2,30.47,2025.0,11
2025-11-23 16:00:00,16625,26.21,73.96,23.85,91.0,33.7,2025.0,11
2025-11-23 17:00:00,16626,26.14,76.43,23.18,95.9,35.98,2025.0,11
2025-11-23 18:00:00,16627,25.84,78.7,22.75,99.07,39.96,2025.0,11
2025-11-23 19:00:00,16628,25.91,78.47,22.67,99.5,38.47,2025.0,11
2025-11-23 20:00:00,16629,25.55,79.67,22.4,100.0,31.05,2025.0,11
2025-11-23 21:00:00,16630,25.63,79.67,22.38,100.0,37.92,2025.0,11
2025-11-23 22:00:00,16631,25.57,79.03,22.28,99.53,41.66,2025.0,11
2025-11-23 23:00:00,16632,25.34,71.4,22.13,91.83,53.13,2025.0,11
2025-11-24 00:00:00,16633,24.41,74.63,21.61,93.9,61.27,2025.0,11
2025-11-24 01:00:00,16634,23.31,73.57,20.98,91.3,58.03,2025.0,11
2025-11-24 02:00:00,16635,23.38,71.1,20.77,89.47,47.43,2025.0,11
2025-11-24 03:00:00,16636,23.8,74.2,20.65,94.6,58.63,2025.0,11
2025-11-24 04:00:00,16637,24.08,73.8,20.68,95.1,63.83,2025.0,11
2025-11-24 05:00:00,16638,24.03,75.73,20.71,96.97,74.87,2025.0,11
2025-11-24 06:00:00,16639,26.01,70.53,23.25,89.63,86.57,2025.0,11
2025-11-24 07:00:00,16640,31.05,58.53,28.65,75.53,82.2,2025.0,11
2025-11-24 08:00:00,16641,34.09,48.8,30.85,69.23,72.67,2025.0,11
2025-11-24 09:00:00,16642,34.46,45.37,31.67,64.1,63.47,2025.0,11
2025-11-24 10:00:00,16643,37.52,38.2,32.93,58.1,55.03,2025.0,11
2025-11-24 11:00:00,16644,34.81,40.07,32.55,56.07,35.5,2025.0,11
2025-11-25 11:00:00,16668,38.89,33.74,35.1,50.26,30.35,2025.0,11
2025-11-25 12:00:00,16669,39.57,34.59,36.63,49.48,32.63,2025.0,11
2025-11-25 13:00:00,16670,35.4,38.77,35.32,49.57,38.6,2025.0,11
2025-11-25 14:00:00,16671,34.28,46.97,34.86,57.27,34.03,2025.0,11
2025-11-25 15:00:00,16672,32.39,51.97,32.1,64.43,25.07,2025.0,11
2025-11-25 16:00:00,16673,31.13,53.27,30.15,67.77,25.33,2025.0,11
2025-11-25 17:00:00,16674,30.15,53.9,28.2,70.43,29.17,2025.0,11
2025-11-25 18:00:00,16675,28.37,61.1,26.07,77.83,40.4,2025.0,11
2025-11-25 19:00:00,16676,27.63,67.73,25.08,84.6,60.0,2025.0,11
2025-11-25 20:00:00,16677,27.14,71.3,24.33,89.1,74.0,2025.0,11
2025-11-25 21:00:00,16678,26.86,72.93,23.77,92.37,75.03,2025.0,11
2025-11-25 22:00:00,16679,26.71,75.37,23.6,95.13,76.03,2025.0,11
2025-11-25 23:00:00,16680,25.91,78.17,22.99,97.7,66.61,2025.0,11
2025-11-26 00:00:00,16681,25.97,77.67,22.8,98.2,65.8,2025.0,11
2025-11-26 01:00:00,16682,24.98,78.7,22.14,98.47,59.77,2025.0,11
2025-11-26 02:00:00,16683,24.6,76.97,21.65,96.87,74.6,2025.0,11
2025-11-26 03:00:00,16684,24.61,77.07,21.27,98.5,76.75,2025.0,11
2025-11-26 04:00:00,16685,23.46,79.1,20.69,98.57,67.65,2025.0,11
2025-11-26 05:00:00,16686,23.79,77.23,20.61,98.1,77.0,2025.0,11
2025-11-26 06:00:00,16687,26.2,71.9,23.76,89.83,,2025.0,11
2025-11-26 07:00:00,16688,30.19,61.67,28.32,76.77,,2025.0,11
2025-11-26 08:00:00,16689,33.73,52.47,32.29,68.27,,2025.0,11
2025-11-26 09:00:00,16690,36.57,43.9,33.51,62.4,50.3,2025.0,11
2025-11-26 10:00:00,16691,37.38,39.43,34.16,56.77,47.07,2025.0,11
2025-11-26 11:00:00,16692,38.78,37.13,35.06,54.7,60.53,2025.0,11
2025-11-26 12:00:00,16693,38.05,37.23,35.47,52.43,55.47,2025.0,11
2025-11-26 13:00:00,16694,35.67,41.8,33.38,57.53,52.03,2025.0,11
2025-11-26 14:00:00,16695,34.1,47.9,31.56,65.13,48.6,2025.0,11
2025-11-26 15:00:00,16696,31.26,56.9,28.53,75.7,50.17,2025.0,11
2025-11-26 16:00:00,16697,28.24,67.3,25.33,87.4,56.9,2025.0,11
2025-11-26 17:00:00,16698,24.6,83.2,21.89,100.0,59.66,2025.0,11
2025-11-26 18:00:00,16699,25.11,82.63,21.86,100.0,50.58,2025.0,11
2025-11-26 19:00:00,16700,25.47,81.25,21.85,100.0,45.44,2025.0,11
2025-11-26 20:00:00,16701,25.57,81.84,22.02,100.0,53.44,2025.0,11
2025-11-26 21:00:00,16702,25.65,80.7,22.06,100.0,60.6,2025.0,11
2025-11-26 22:00:00,16703,25.89,79.5,22.08,100.0,82.72,2025.0,11
2025-11-26 23:00:00,16704,25.52,80.0,22.05,100.0,78.61,2025.0,11
2025-11-27 00:00:00,16705,25.33,80.3,22.14,100.0,55.92,2025.0,11
2025-11-27 01:00:00,16706,25.9,78.1,22.51,100.0,68.55,2025.0,11
2025-11-27 02:00:00,16707,25.6,77.79,22.66,98.93,37.59,2025.0,11
2025-11-27 03:00:00,16708,25.51,77.93,22.28,99.4,27.7,2025.0,11
2025-11-27 04:00:00,16709,25.09,79.6,21.88,100.0,33.11,2025.0,11
2025-11-27 05:00:00,16710,24.7,81.73,21.61,100.0,44.02,2025.0,11
2025-11-27 06:00:00,16711,29.06,69.5,28.68,82.1,48.8,2025.0,11
2025-11-27 07:00:00,16712,33.56,55.37,31.22,74.43,34.23,2025.0,11
2025-11-27 08:00:00,16713,35.96,49.27,33.29,68.2,41.63,2025.0,11
2025-11-27 09:00:00,16714,34.98,49.8,32.71,67.97,34.0,2025.0,11
2025-11-27 10:00:00,16715,36.27,46.37,33.11,65.43,34.67,2025.0,11
2025-11-27 11:00:00,16716,34.7,49.7,31.27,70.37,40.67,2025.0,11
2025-11-27 12:00:00,16717,26.42,75.5,22.22,100.0,45.28,2025.0,11
2025-11-27 13:00:00,16718,24.37,81.67,21.21,100.0,31.03,2025.0,11
2025-11-27 14:00:00,16719,26.25,77.6,22.19,100.0,45.7,2025.0,11
2025-11-27 15:00:00,16720,27.52,74.0,22.97,100.0,54.13,2025.0,11
2025-11-27 16:00:00,16721,27.91,72.9,23.17,100.0,79.67,2025.0,11
2025-11-27 17:00:00,16722,27.25,74.93,23.2,100.0,,2025.0,11
2025-11-27 18:00:00,16723,26.55,77.63,23.35,99.63,80.27,2025.0,11
2025-11-27 19:00:00,16724,26.55,76.97,23.4,98.53,71.53,2025.0,11
2025-11-27 20:00:00,16725,26.53,78.1,23.21,99.53,,2025.0,11
2025-11-27 21:00:00,16726,26.24,79.4,23.1,100.0,,2025.0,11
2025-11-27 22:00:00,16727,25.93,78.8,22.76,99.53,84.82,2025.0,11
2025-11-27 23:00:00,16728,25.42,75.43,22.82,94.37,34.57,2025.0,11
2025-11-28 00:00:00,16729,24.94,76.76,22.25,96.31,29.03,2025.0,11
2025-11-28 01:00:00,16730,24.72,78.37,21.73,99.33,38.13,2025.0,11
2025-11-28 02:00:00,16731,24.62,77.32,21.69,97.78,33.39,2025.0,11
2025-11-28 03:00:00,16732,24.03,78.38,20.96,99.28,29.9,2025.0,11
2025-11-28 04:00:00,16733,23.65,80.13,20.38,100.0,31.89,2025.0,11
2025-11-28 05:00:00,16734,22.95,80.61,20.03,99.61,40.32,2025.0,11
2025-11-28 06:00:00,16735,25.11,72.67,23.78,87.9,73.0,2025.0,11
2025-11-28 07:00:00,16736,29.52,61.21,27.6,77.93,74.43,2025.0,11
2025-11-28 08:00:00,16737,32.48,53.07,29.78,73.33,34.57,2025.0,11
2025-11-28 09:00:00,16738,33.95,49.53,30.86,69.57,34.77,2025.0,11
2025-11-28 10:00:00,16739,35.54,45.48,31.4,67.28,31.14,2025.0,11
2025-11-28 11:00:00,16740,35.98,45.13,32.45,65.4,24.9,2025.0,11
2025-11-28 12:00:00,16741,38.37,40.73,35.09,58.83,23.77,2025.0,11
2025-11-28 13:00:00,16742,34.14,49.5,31.99,66.43,38.64,2025.0,11
2025-11-28 14:00:00,16743,31.44,54.79,31.16,68.21,33.89,2025.0,11
2025-11-28 15:00:00,16744,30.7,55.59,29.71,70.93,25.37,2025.0,11
2025-11-28 17:00:00,16746,29.12,60.41,26.44,79.07,37.15,2025.0,11
2025-11-28 18:00:00,16747,27.51,71.85,24.51,90.92,54.65,2025.0,11
2025-11-28 19:00:00,16748,27.52,67.68,24.57,86.43,50.0,2025.0,11
2025-11-28 20:00:00,16749,27.02,68.38,23.93,87.62,39.28,2025.0,11
2025-11-28 21:00:00,16750,26.31,70.81,23.3,89.92,32.23,2025.0,11
2025-11-28 22:00:00,16751,25.81,73.17,22.68,93.0,45.0,2025.0,11
2025-11-28 23:00:00,16752,25.36,74.96,22.23,94.96,45.85,2025.0,11
2025-11-29 00:00:00,16753,24.74,76.0,21.79,95.8,40.4,2025.0,11
2025-11-29 01:00:00,16754,24.54,76.63,21.44,97.15,42.78,2025.0,11
2025-11-29 02:00:00,16755,23.75,79.5,20.9,99.21,43.65,2025.0,11
2025-11-29 03:00:00,16756,23.82,77.57,20.41,99.29,70.06,2025.0,11
2025-11-29 04:00:00,16757,24.0,76.56,20.96,97.0,48.96,2025.0,11
2025-11-29 05:00:00,16758,24.06,76.3,20.86,97.26,45.78,2025.0,11
2025-11-29 06:00:00,16759,26.62,68.59,24.88,84.22,66.37,2025.0,11
2025-11-29 07:00:00,16760,31.7,53.71,29.63,72.25,45.54,2025.0,11
2025-11-29 08:00:00,16761,33.77,48.75,31.51,66.93,42.75,2025.0,11
2025-11-29 09:00:00,16762,37.64,40.68,34.5,58.48,37.24,2025.0,11
2025-11-29 10:00:00,16763,37.53,39.07,33.33,58.04,30.75,2025.0,11
2025-11-29 11:00:00,16764,37.69,38.74,34.54,55.89,30.3,2025.0,11
2025-11-29 12:00:00,16765,35.77,44.03,32.6,62.34,37.21,2025.0,11
2025-11-29 13:00:00,16766,34.39,47.26,31.07,66.81,44.48,2025.0,11
2025-11-29 14:00:00,16767,32.38,53.62,29.01,74.62,44.66,2025.0,11
2025-11-29 15:00:00,16768,30.54,60.5,28.04,79.69,46.27,2025.0,11
2025-11-29 16:00:00,16769,27.23,71.48,24.73,89.74,43.22,2025.0,11
2025-11-29 17:00:00,16770,26.21,75.96,23.3,95.0,37.1,2025.0,11
2025-11-29 18:00:00,16771,25.87,77.79,22.2,100.0,45.24,2025.0,11
2025-11-29 19:00:00,16772,26.5,76.69,23.52,97.42,59.65,2025.0,11
2025-11-29 20:00:00,16773,26.12,78.5,22.98,99.64,53.12,2025.0,11
2025-11-29 22:00:00,16775,26.28,79.38,23.2,99.88,58.22,2025.0,11
2025-11-29 23:00:00,16776,26.48,77.21,23.39,97.72,54.46,2025.0,11
2025-11-30 00:00:00,16777,26.12,74.73,23.18,94.46,33.65,2025.0,11
2025-11-30 01:00:00,16778,25.78,75.41,22.67,95.59,28.96,2025.0,11
2025-11-30 02:00:00,16779,25.69,76.18,22.24,97.82,31.82,2025.0,11
2025-11-30 03:00:00,16780,25.09,78.7,21.47,99.93,38.96,2025.0,11
2025-11-30 04:00:00,16781,24.75,80.04,21.8,100.0,40.41,2025.0,11
2025-11-30 05:00:00,16782,25.36,79.15,22.21,99.78,51.97,2025.0,11
2025-11-30 06:00:00,16783,26.0,75.04,22.9,95.54,46.73,2025.0,11
2025-11-30 07:00:00,16784,28.61,67.83,26.32,85.46,49.67,2025.0,11
2025-11-30 08:00:00,16785,34.61,52.29,32.56,70.39,44.82,2025.0,11
2025-11-30 09:00:00,16786,36.83,45.75,33.59,65.21,38.79,2025.0,11
2025-11-30 10:00:00,16787,37.37,42.65,32.61,64.48,37.91,2025.0,11
2025-11-30 11:00:00,16788,37.89,41.79,33.7,62.28,42.38,2025.0,11
2025-11-30 12:00:00,16789,38.56,40.69,34.97,59.08,43.85,2025.0,11
2025-11-30 13:00:00,16790,32.77,55.79,29.72,75.59,54.31,2025.0,11
2025-11-30 14:00:00,16791,23.02,81.23,20.1,100.0,37.63,2025.0,11
2025-11-30 15:00:00,16792,27.1,73.37,23.44,100.0,53.3,2025.0,11
2025-11-30 16:00:00,16793,30.72,63.67,26.51,91.6,49.57,2025.0,11
2025-11-30 17:00:00,16794,27.14,70.97,24.2,91.1,56.07,2025.0,11
2025-11-30 18:00:00,16795,23.71,81.67,20.53,100.0,36.54,2025.0,11
2025-11-30 19:00:00,16796,24.02,84.33,21.07,100.0,43.55,2025.0,11
2025-11-30 20:00:00,16797,24.4,84.2,21.34,100.0,39.37,2025.0,11
2025-11-30 21:00:00,16798,24.24,83.63,21.08,100.0,42.12,2025.0,11
2025-11-30 22:00:00,16799,24.8,82.7,21.31,100.0,39.84,2025.0,11
2025-11-30 23:00:00,16800,24.45,82.63,20.89,100.0,41.47,2025.0,11
2025-12-01 00:00:00,16801,24.36,83.33,20.98,100.0,50.85,2025.0,12
2025-12-01 01:00:00,16802,24.32,83.23,20.94,100.0,46.01,2025.0,12
2025-12-01 02:00:00,16803,23.94,83.4,20.6,100.0,43.42,2025.0,12
2025-12-01 03:00:00,16804,23.9,84.03,20.65,100.0,46.32,2025.0,12
2025-12-01 04:00:00,16805,24.15,83.07,20.7,100.0,46.97,2025.0,12
2025-12-01 05:00:00,16806,24.22,82.2,20.72,100.0,49.85,2025.0,12
2025-12-01 06:00:00,16807,26.06,77.8,22.69,100.0,57.75,2025.0,12
2025-12-01 07:00:00,16808,,59.87,29.08,94.23,56.97,2025.0,12
2025-12-01 08:00:00,16809,,55.83,32.31,72.13,54.67,2025.0,12
2025-12-01 09:00:00,16810,,54.9,34.01,67.13,46.7,2025.0,12
2025-12-01 10:00:00,16811,,48.0,36.27,59.93,39.97,2025.0,12
2025-12-01 11:00:00,16812,,44.23,36.91,56.47,33.53,2025.0,12
2025-12-01 12:00:00,16813,,42.5,35.2,58.93,34.4,2025.0,12
2025-12-01 13:00:00,16814,,46.17,32.92,65.0,37.3,2025.0,12
2025-12-01 14:00:00,16815,,63.6,27.12,80.1,46.77,2025.0,12
2025-12-01 15:00:00,16816,23.26,83.83,21.01,98.53,33.43,2025.0,12
2025-12-01 16:00:00,16817,23.73,85.2,21.05,100.0,36.25,2025.0,12
2025-12-01 17:00:00,16818,23.08,84.53,20.26,100.0,30.24,2025.0,12
2025-12-01 18:00:00,16819,23.88,83.03,20.55,100.0,34.75,2025.0,12
2025-12-01 19:00:00,16820,23.95,83.3,20.73,100.0,32.36,2025.0,12
2025-12-01 20:00:00,16821,23.73,83.73,20.65,100.0,34.51,2025.0,12
2025-12-01 21:00:00,16822,23.39,85.6,20.77,100.0,55.52,2025.0,12
2025-12-01 22:00:00,16823,24.67,80.97,20.96,100.0,46.54,2025.0,12
2025-12-01 23:00:00,16824,24.7,81.3,21.2,100.0,52.24,2025.0,12
2025-12-02 00:00:00,16825,24.68,83.13,21.38,100.0,61.39,2025.0,12
2025-12-02 01:00:00,16826,24.4,83.27,21.12,100.0,57.58,2025.0,12
2025-12-02 02:00:00,16827,24.37,83.43,21.04,100.0,62.09,2025.0,12
2025-12-02 03:00:00,16828,23.35,86.93,20.97,100.0,67.13,2025.0,12
2025-12-02 04:00:00,16829,23.0,88.0,20.76,100.0,60.55,2025.0,12
2025-12-02 05:00:00,16830,23.66,84.7,20.71,100.0,64.01,2025.0,12
2025-12-02 06:00:00,16831,25.63,79.37,22.2,100.0,83.18,2025.0,12
2025-12-02 07:00:00,16832,,66.47,27.42,86.57,73.87,2025.0,12
2025-12-02 08:00:00,16833,,58.63,29.72,76.4,58.83,2025.0,12
2025-12-02 09:00:00,16834,,51.97,32.17,70.87,52.5,2025.0,12
2025-12-02 10:00:00,16835,,40.67,36.55,54.37,27.6,2025.0,12
2025-12-02 11:00:00,16836,,41.8,32.96,59.63,18.73,2025.0,12
2025-12-02 12:00:00,16837,,41.53,34.42,58.53,25.2,2025.0,12
2025-12-02 13:00:00,16838,,56.03,30.27,71.33,45.87,2025.0,12
2025-12-02 14:00:00,16839,,53.6,31.96,67.7,48.47,2025.0,12
2025-12-02 15:00:00,16840,,56.97,29.24,73.03,49.5,2025.0,12
2025-12-02 16:00:00,16841,,63.93,26.98,79.7,46.93,2025.0,12
2025-12-02 17:00:00,16842,25.5,77.6,21.5,100.0,41.02,2025.0,12
2025-12-02 18:00:00,16843,25.89,78.83,22.01,100.0,54.79,2025.0,12
2025-12-02 19:00:00,16844,24.78,81.57,21.87,100.0,34.72,2025.0,12
2025-12-02 20:00:00,16845,24.98,80.47,21.86,100.0,41.97,2025.0,12
2025-12-02 21:00:00,16846,24.59,81.23,21.69,100.0,36.3,2025.0,12
2025-12-02 22:00:00,16847,24.8,79.73,21.68,100.0,38.35,2025.0,12
2025-12-02 23:00:00,16848,24.71,80.34,22.09,99.76,47.15,2025.0,12
2025-12-03 00:00:00,16849,25.04,79.43,22.1,99.83,69.39,2025.0,12
2025-12-03 01:00:00,16850,24.79,82.1,22.02,100.0,66.17,2025.0,12
2025-12-03 02:00:00,16851,24.58,82.3,21.76,100.0,58.04,2025.0,12
2025-12-03 03:00:00,16852,24.55,83.87,21.5,100.0,74.15,2025.0,12
2025-12-03 04:00:00,16853,24.72,83.3,21.71,100.0,77.9,2025.0,12
2025-12-03 05:00:00,16854,24.88,83.17,21.91,100.0,62.69,2025.0,12
2025-12-03 06:00:00,16855,25.25,82.47,22.55,99.97,64.97,2025.0,12
2025-12-03 07:00:00,16856,,72.83,25.52,92.23,95.4,2025.0,12
2025-12-03 08:00:00,16857,,64.2,28.12,80.97,72.33,2025.0,12
2025-12-03 09:00:00,16858,,58.03,30.59,73.57,61.8,2025.0,12
2025-12-03 10:00:00,16859,,53.53,31.83,69.93,40.07,2025.0,12
2025-12-03 11:00:00,16860,,51.17,33.96,63.87,38.9,2025.0,12
2025-12-03 12:00:00,16861,,49.27,33.7,64.3,36.17,2025.0,12
2025-12-03 13:00:00,16862,,46.67,33.12,64.27,31.23,2025.0,12
2025-12-03 14:00:00,16863,,51.4,31.29,69.23,36.37,2025.0,12
2025-12-03 15:00:00,16864,,67.4,26.9,81.83,45.9,2025.0,12
2025-12-03 16:00:00,16865,27.26,72.97,25.86,86.47,61.53,2025.0,12
2025-12-03 17:00:00,16866,25.79,76.43,23.88,91.6,39.78,2025.0,12
2025-12-03 18:00:00,16867,24.17,82.97,21.0,100.0,20.08,2025.0,12
2025-12-03 19:00:00,16868,23.1,87.77,20.99,100.0,28.54,2025.0,12
2025-12-03 20:00:00,16869,24.23,83.7,21.09,100.0,29.57,2025.0,12
2025-12-03 21:00:00,16870,24.13,84.07,21.06,100.0,26.09,2025.0,12
2025-12-03 22:00:00,16871,24.21,81.77,20.65,100.0,18.2,2025.0,12
2025-12-03 23:00:00,16872,24.08,81.97,20.6,100.0,23.12,2025.0,12
2025-12-04 00:00:00,16873,24.08,83.33,20.9,100.0,36.65,2025.0,12
2025-12-04 01:00:00,16874,24.78,81.1,21.05,100.0,35.62,2025.0,12
2025-12-04 02:00:00,16875,24.71,80.86,20.98,100.0,31.12,2025.0,12
2025-12-04 03:00:00,16876,24.31,82.5,20.98,100.0,30.8,2025.0,12
2025-12-04 04:00:00,16877,24.27,83.03,20.92,100.0,32.83,2025.0,12
2025-12-04 05:00:00,16878,24.34,82.3,20.96,100.0,37.1,2025.0,12
2025-12-04 06:00:00,16879,25.61,80.0,22.24,100.0,61.03,2025.0,12
2025-12-04 07:00:00,16880,,65.03,28.9,89.21,70.69,2025.0,12
2025-12-04 08:00:00,16881,,54.03,32.73,71.43,47.83,2025.0,12
2025-12-04 09:00:00,16882,,48.87,32.55,68.13,34.93,2025.0,12
2025-12-04 10:00:00,16883,,44.76,35.76,59.86,38.62,2025.0,12
2025-12-04 11:00:00,16884,,44.73,33.17,62.77,32.23,2025.0,12
2025-12-04 12:00:00,16885,,56.17,28.2,76.67,35.4,2025.0,12
2025-12-04 13:00:00,16886,25.93,75.53,22.85,94.3,28.49,2025.0,12
2025-12-04 14:00:00,16887,24.02,81.33,20.67,100.0,18.63,2025.0,12
2025-12-04 15:00:00,16888,23.63,81.77,20.3,100.0,23.33,2025.0,12
2025-12-04 16:00:00,16889,23.29,85.37,20.58,100.0,29.3,2025.0,12
2025-12-04 17:00:00,16890,23.11,86.67,20.57,100.0,41.88,2025.0,12
2025-12-04 18:00:00,16891,23.16,86.1,20.43,100.0,36.2,2025.0,12
2025-12-04 19:00:00,16892,23.73,83.73,20.4,100.0,35.09,2025.0,12
2025-12-04 20:00:00,16893,24.01,83.2,20.62,100.0,36.27,2025.0,12
2025-12-04 21:00:00,16894,24.06,83.27,20.63,100.0,41.0,2025.0,12
2025-12-04 22:00:00,16895,23.49,84.27,20.3,100.0,48.55,2025.0,12
2025-12-04 23:00:00,16896,23.18,84.53,20.04,100.0,52.08,2025.0,12
2025-12-05 00:00:00,16897,22.88,86.73,20.22,100.0,68.88,2025.0,12
2025-12-05 01:00:00,16898,22.74,85.07,19.85,100.0,37.99,2025.0,12
2025-12-05 02:00:00,16899,23.13,83.3,19.77,100.0,43.59,2025.0,12
2025-12-05 03:00:00,16900,23.58,82.43,20.09,100.0,43.46,2025.0,12
2025-12-05 04:00:00,16901,23.74,82.57,20.31,100.0,52.01,2025.0,12
2025-12-05 05:00:00,16902,23.4,83.7,20.18,100.0,52.71,2025.0,12
2025-12-05 06:00:00,16903,25.41,78.13,21.61,100.0,65.94,2025.0,12
2025-12-05 07:00:00,16904,,67.33,26.06,99.57,78.33,2025.0,12
2025-12-05 09:00:00,16906,,43.83,36.96,54.48,32.97,2025.0,12
2025-12-05 10:00:00,16907,,39.93,37.1,51.0,17.1,2025.0,12
2025-12-05 11:00:00,16908,,39.23,37.05,51.47,18.83,2025.0,12
2025-12-05 12:00:00,16909,,40.57,35.08,55.47,21.43,2025.0,12
2025-12-05 13:00:00,16910,26.98,71.27,23.27,92.87,33.1,2025.0,12
2025-12-05 14:00:00,16911,23.76,81.79,20.61,100.0,22.1,2025.0,12
2025-12-05 15:00:00,16912,23.88,85.2,21.07,100.0,37.65,2025.0,12
2025-12-05 16:00:00,16913,24.33,83.61,21.13,100.0,34.22,2025.0,12
2025-12-05 17:00:00,16914,24.4,83.33,21.02,100.0,31.89,2025.0,12
2025-12-05 18:00:00,16915,24.19,84.17,21.0,100.0,38.17,2025.0,12
2025-12-05 19:00:00,16916,24.31,84.47,21.11,100.0,46.5,2025.0,12
2025-12-05 20:00:00,16917,24.32,83.63,20.96,100.0,34.68,2025.0,12
2025-12-05 21:00:00,16918,24.67,82.5,21.02,100.0,35.15,2025.0,12
2025-12-05 22:00:00,16919,24.09,84.07,20.82,100.0,37.92,2025.0,12
2025-12-05 23:00:00,16920,24.24,83.43,20.82,100.0,58.74,2025.0,12
2025-12-06 00:00:00,16921,24.18,83.4,20.77,100.0,48.33,2025.0,12
2025-12-06 01:00:00,16922,24.16,84.33,20.91,100.0,59.96,2025.0,12
2025-12-06 02:00:00,16923,23.72,85.1,20.68,100.0,55.28,2025.0,12
2025-12-06 03:00:00,16924,23.94,84.23,20.64,100.0,58.85,2025.0,12
2025-12-06 04:00:00,16925,23.54,85.03,20.39,100.0,63.25,2025.0,12
2025-12-06 05:00:00,16926,23.37,85.4,20.32,100.0,57.6,2025.0,12
2025-12-06 06:00:00,16927,23.89,84.37,21.68,100.0,57.0,2025.0,12
2025-12-06 07:00:00,16928,,67.3,24.8,99.97,55.83,2025.0,12
2025-12-06 08:00:00,16929,,61.47,27.13,88.13,41.33,2025.0,12
2025-12-06 09:00:00,16930,,54.07,30.59,71.53,33.77,2025.0,12
2025-12-06 10:00:00,16931,,46.33,34.39,60.67,22.77,2025.0,12
2025-12-06 11:00:00,16932,,43.83,36.13,55.5,23.4,2025.0,12
2025-12-06 12:00:00,16933,,59.5,28.84,73.93,46.47,2025.0,12
2025-12-06 13:00:00,16934,,64.53,27.12,79.2,39.93,2025.0,12
2025-12-06 14:00:00,16935,26.83,70.9,24.14,88.6,30.2,2025.0,12
2025-12-06 15:00:00,16936,27.48,70.31,24.64,88.65,34.31,2025.0,12
2025-12-06 16:00:00,16937,27.46,68.33,24.83,85.73,31.7,2025.0,12
2025-12-06 17:00:00,16938,27.5,68.8,24.4,87.8,40.7,2025.0,12
2025-12-06 18:00:00,16939,26.99,71.13,23.97,90.17,45.67,2025.0,12
2025-12-06 19:00:00,16940,26.47,74.9,23.75,93.27,91.37,2025.0,12
2025-12-06 20:00:00,16941,25.87,78.13,23.45,95.83,,2025.0,12
2025-12-06 21:00:00,16942,25.41,79.63,23.1,97.0,85.82,2025.0,12
2025-12-06 22:00:00,16943,25.25,80.57,22.83,98.67,67.0,2025.0,12
2025-12-06 23:00:00,16944,24.87,81.77,22.45,99.57,70.95,2025.0,12
2025-12-07 00:00:00,16945,24.91,81.83,22.42,100.0,73.1,2025.0,12
2025-12-07 01:00:00,16946,24.87,81.7,22.38,100.0,65.64,2025.0,12
2025-12-07 02:00:00,16947,24.72,81.87,22.23,100.0,61.1,2025.0,12
2025-12-07 03:00:00,16948,24.56,82.63,22.11,100.0,60.32,2025.0,12
2025-12-07 04:00:00,16949,24.39,83.77,21.98,100.0,50.81,2025.0,12
2025-12-07 05:00:00,16950,24.75,82.27,22.09,100.0,55.45,2025.0,12
2025-12-07 06:00:00,16951,24.44,83.43,22.44,99.96,47.02,2025.0,12
2025-12-07 07:00:00,16952,26.25,78.1,24.95,92.67,51.06,2025.0,12
2025-12-07 08:00:00,16953,,65.9,28.57,77.6,38.1,2025.0,12
2025-12-07 09:00:00,16954,,57.47,33.73,65.6,43.4,2025.0,12
2025-12-07 10:00:00,16955,,45.1,38.67,54.6,45.63,2025.0,12
2025-12-07 11:00:00,16956,,46.2,33.72,63.83,46.8,2025.0,12
2025-12-07 12:00:00,16957,,46.8,33.51,64.5,44.6,2025.0,12
2025-12-07 13:00:00,16958,,45.9,33.34,64.38,45.14,2025.0,12
2025-12-07 14:00:00,16959,,53.0,29.48,74.33,47.13,2025.0,12
2025-12-07 15:00:00,16960,,67.17,25.83,85.07,46.5,2025.0,12
2025-12-07 16:00:00,16961,25.62,78.67,22.69,97.3,36.1,2025.0,12
2025-12-07 17:00:00,16962,25.57,81.0,22.12,100.0,26.83,2025.0,12
2025-12-07 18:00:00,16963,25.41,81.5,22.06,100.0,28.81,2025.0,12
2025-12-07 19:00:00,16964,25.65,80.7,22.17,100.0,27.27,2025.0,12
2025-12-07 20:00:00,16965,25.73,80.77,22.57,100.0,32.16,2025.0,12
2025-12-07 21:00:00,16966,26.01,79.43,23.0,100.0,42.82,2025.0,12
2025-12-07 22:00:00,16967,25.91,80.3,23.03,99.97,46.9,2025.0,12
2025-12-07 23:00:00,16968,25.86,79.03,22.87,99.83,49.16,2025.0,12
2025-12-08 00:00:00,16969,25.68,78.73,22.95,98.17,46.33,2025.0,12
2025-12-08 01:00:00,16970,25.59,79.17,22.61,99.37,46.1,2025.0,12
2025-12-08 02:00:00,16971,24.95,79.47,22.03,98.77,40.67,2025.0,12
2025-12-08 03:00:00,16972,24.42,82.63,21.51,100.0,47.68,2025.0,12
2025-12-08 04:00:00,16973,23.89,82.83,21.53,100.0,41.12,2025.0,12
2025-12-08 05:00:00,16974,23.69,82.77,21.28,100.0,44.11,2025.0,12
2025-12-08 06:00:00,16975,25.31,78.33,22.67,97.53,85.35,2025.0,12
2025-12-08 07:00:00,16976,,65.83,26.85,83.27,76.33,2025.0,12
2025-12-08 08:00:00,16977,,59.66,28.72,78.07,61.31,2025.0,12
2025-12-08 09:00:00,16978,,51.63,33.09,68.43,61.47,2025.0,12
2025-12-08 10:00:00,16979,,48.53,34.09,62.67,56.1,2025.0,12
2025-12-08 11:00:00,16980,,56.8,30.3,70.73,53.1,2025.0,12
2025-12-08 12:00:00,16981,,56.2,30.17,71.27,33.6,2025.0,12
2025-12-08 13:00:00,16982,26.26,77.64,23.09,98.5,42.82,2025.0,12
2025-12-08 14:00:00,16983,26.95,75.31,23.48,100.0,43.17,2025.0,12
2025-12-08 15:00:00,16984,27.27,73.14,25.01,92.41,50.55,2025.0,12
2025-12-08 16:00:00,16985,27.5,71.77,25.17,89.07,39.47,2025.0,12
2025-12-08 17:00:00,16986,27.2,73.66,24.25,92.86,46.45,2025.0,12
2025-12-08 18:00:00,16987,25.87,76.75,23.2,95.29,25.11,2025.0,12
2025-12-08 19:00:00,16988,25.22,80.13,22.5,99.17,21.77,2025.0,12
2025-12-08 20:00:00,16989,24.78,81.53,22.04,100.0,22.09,2025.0,12
2025-12-08 21:00:00,16990,25.31,79.11,22.21,99.93,39.31,2025.0,12
2025-12-08 22:00:00,16991,25.04,80.1,22.16,99.83,21.21,2025.0,12
2025-12-08 23:00:00,16992,24.84,81.9,21.92,100.0,25.93,2025.0,12
2025-12-09 00:00:00,16993,24.62,82.63,21.45,100.0,35.33,2025.0,12
2025-12-09 01:00:00,16994,23.88,84.67,21.28,100.0,55.21,2025.0,12
2025-12-09 02:00:00,16995,24.46,82.21,21.45,100.0,51.08,2025.0,12
2025-12-09 03:00:00,16996,24.62,82.33,21.55,100.0,70.98,2025.0,12
2025-12-09 04:00:00,16997,24.14,83.47,21.18,100.0,40.89,2025.0,12
2025-12-09 05:00:00,16998,23.71,83.29,20.74,100.0,44.41,2025.0,12
2025-12-09 06:00:00,16999,25.07,79.82,22.17,99.14,60.91,2025.0,12
2025-12-09 07:00:00,17000,,69.64,25.54,88.46,65.18,2025.0,12
2025-12-09 08:00:00,17001,,57.0,30.67,72.6,51.7,2025.0,12
2025-12-09 09:00:00,17002,,52.47,30.32,72.63,42.7,2025.0,12
2025-12-09 10:00:00,17003,,49.21,32.31,67.83,51.9,2025.0,12
2025-12-09 11:00:00,17004,,42.17,37.8,54.48,51.97,2025.0,12
2025-12-09 12:00:00,17005,,43.52,33.95,60.1,50.48,2025.0,12
2025-12-09 13:00:00,17006,,46.07,30.92,62.55,37.07,2025.0,12
2025-12-09 14:00:00,17007,,45.79,30.8,61.38,27.45,2025.0,12
2025-12-09 15:00:00,17008,,65.85,25.87,85.56,45.15,2025.0,12
2025-12-09 16:00:00,17009,26.94,71.79,24.67,88.28,47.34,2025.0,12
2025-12-09 17:00:00,17010,26.17,74.3,24.15,90.2,50.23,2025.0,12
2025-12-09 18:00:00,17011,26.13,75.25,23.63,92.75,54.61,2025.0,12
2025-12-09 19:00:00,17012,26.04,75.43,23.37,93.73,50.87,2025.0,12
2025-12-09 20:00:00,17013,25.95,76.1,23.09,95.0,61.03,2025.0,12
2025-12-09 21:00:00,17014,25.73,77.17,22.98,96.03,69.72,2025.0,12
2025-12-09 22:00:00,17015,25.57,77.17,22.83,95.8,66.5,2025.0,12
2025-12-09 23:00:00,17016,25.26,77.97,22.62,96.53,60.93,2025.0,12
2025-12-10 00:00:00,17017,25.09,78.07,22.3,97.07,60.5,2025.0,12
2025-12-10 01:00:00,17018,24.8,79.13,22.03,98.5,59.5,2025.0,12
2025-12-10 02:00:00,17019,24.71,79.72,21.74,99.48,60.26,2025.0,12
2025-12-10 03:00:00,17020,24.82,79.59,21.77,99.86,67.04,2025.0,12
2025-12-10 04:00:00,17021,24.84,79.67,21.71,100.0,70.33,2025.0,12
2025-12-10 05:00:00,17022,24.61,79.72,21.64,99.79,64.88,2025.0,12
2025-12-10 06:00:00,17023,25.32,77.2,22.4,97.07,80.27,2025.0,12
2025-12-10 07:00:00,17024,,66.21,26.83,83.57,83.5,2025.0,12
2025-12-10 08:00:00,17025,,56.55,31.01,72.41,95.72,2025.0,12
2025-12-10 09:00:00,17026,,51.57,33.71,65.77,67.13,2025.0,12
2025-12-10 10:00:00,17027,,46.63,34.9,60.13,42.4,2025.0,12
2025-12-10 11:00:00,17028,,41.4,36.75,54.3,33.73,2025.0,12
2025-12-10 12:00:00,17029,,50.77,32.32,67.77,73.83,2025.0,12
2025-12-10 13:00:00,17030,,56.03,31.95,69.23,66.33,2025.0,12
2025-12-10 14:00:00,17031,25.79,73.67,22.25,95.6,49.6,2025.0,12
2025-12-10 15:00:00,17032,24.23,81.23,21.01,100.0,37.02,2025.0,12
2025-12-10 16:00:00,17033,24.15,82.2,20.86,100.0,26.35,2025.0,12
2025-12-10 17:00:00,17034,24.8,80.8,21.05,100.0,24.81,2025.0,12
2025-12-10 18:00:00,17035,25.1,80.47,21.23,100.0,33.01,2025.0,12
2025-12-10 19:00:00,17036,24.59,82.3,21.23,100.0,48.91,2025.0,12
2025-12-10 20:00:00,17037,24.84,81.37,21.31,100.0,59.59,2025.0,12
2025-12-10 21:00:00,17038,23.9,85.03,21.44,100.0,80.6,2025.0,12
2025-12-10 22:00:00,17039,24.33,84.93,21.6,100.0,88.42,2025.0,12
2025-12-10 23:00:00,17040,24.64,83.1,21.58,100.0,86.07,2025.0,12
2025-12-11 00:00:00,17041,24.86,82.77,21.52,100.0,91.05,2025.0,12
2025-12-11 01:00:00,17042,24.87,82.6,21.37,100.0,90.76,2025.0,12
2025-12-11 02:00:00,17043,24.6,82.57,21.14,100.0,73.92,2025.0,12
2025-12-11 03:00:00,17044,24.61,82.33,21.05,100.0,77.65,2025.0,12
2025-12-11 04:00:00,17045,24.1,84.37,21.05,100.0,83.04,2025.0,12
2025-12-11 05:00:00,17046,23.75,84.37,20.89,100.0,71.2,2025.0,12
2025-12-11 06:00:00,17047,25.7,79.17,22.89,98.93,100.09,2025.0,12
2025-12-11 07:00:00,17048,,68.87,26.95,85.97,101.0,2025.0,12
2025-12-11 08:00:00,17049,,54.6,33.32,70.17,91.37,2025.0,12
2025-12-11 09:00:00,17050,,50.77,35.17,65.63,91.2,2025.0,12
2025-12-11 10:00:00,17051,,45.13,36.64,58.13,56.87,2025.0,12
2025-12-11 11:00:00,17052,,40.97,36.16,52.9,27.03,2025.0,12
2025-12-11 12:00:00,17053,,37.8,36.15,51.7,27.47,2025.0,12
2025-12-11 13:00:00,17054,,47.8,34.23,62.1,48.03,2025.0,12
2025-12-24 17:00:00,17370,,68.64,0.0,0.0,57.46,2025.0,12
2025-12-24 18:00:00,17371,27.37,73.62,0.0,0.0,72.38,2025.0,12
2025-12-24 19:00:00,17372,26.25,79.97,0.0,0.0,65.86,2025.0,12
2025-12-24 20:00:00,17373,26.25,80.77,0.0,0.0,66.98,2025.0,12
2025-12-24 21:00:00,17374,25.85,82.17,0.0,0.0,54.47,2025.0,12
2025-12-24 22:00:00,17375,25.52,84.37,0.0,0.0,68.09,2025.0,12
2025-12-24 23:00:00,17376,25.65,80.77,0.0,0.0,,2025.0,12
2025-12-25 00:00:00,17377,25.28,79.43,0.0,0.0,,2025.0,12
2025-12-25 01:00:00,17378,25.29,78.33,0.0,0.0,,2025.0,12
2025-12-25 02:00:00,17379,24.58,80.63,0.0,0.0,78.62,2025.0,12
2025-12-25 03:00:00,17380,24.24,81.8,0.0,0.0,79.13,2025.0,12
2025-12-25 04:00:00,17381,24.51,80.83,0.0,0.0,81.36,2025.0,12
2025-12-25 05:00:00,17382,25.25,79.63,0.0,0.0,,2025.0,12
2025-12-25 06:00:00,17383,25.1,79.17,0.0,0.0,,2025.0,12
2025-12-25 07:00:00,17384,,69.4,0.0,0.0,,2025.0,12
2025-12-25 08:00:00,17385,,52.3,0.0,0.0,92.73,2025.0,12
2025-12-25 09:00:00,17386,,47.33,0.0,0.0,60.17,2025.0,12
2025-12-25 10:00:00,17387,,44.3,0.0,0.0,35.73,2025.0,12
2025-12-25 11:00:00,17388,,42.31,0.0,0.0,29.72,2025.0,12
2025-12-25 12:00:00,17389,,48.93,0.02,0.0,33.1,2025.0,12
2025-12-25 13:00:00,17390,,57.97,0.0,0.0,37.43,2025.0,12
2025-12-25 14:00:00,17391,,70.47,0.0,0.0,35.2,2025.0,12
2025-12-25 15:00:00,17392,25.97,76.83,0.0,0.0,36.8,2025.0,12
2025-12-25 16:00:00,17393,25.87,79.44,0.0,0.0,39.72,2025.0,12
2025-12-25 17:00:00,17394,25.88,80.83,0.0,0.0,37.14,2025.0,12
2025-12-25 18:00:00,17395,25.64,81.7,0.0,0.0,43.33,2025.0,12
2025-12-25 19:00:00,17396,25.94,79.97,0.0,0.0,48.64,2025.0,12
2025-12-25 20:00:00,17397,25.67,80.43,0.0,0.0,42.84,2025.0,12
2025-12-25 21:00:00,17398,25.49,82.0,0.0,0.0,46.83,2025.0,12
2025-12-25 22:00:00,17399,25.41,82.17,0.0,0.0,48.35,2025.0,12
2025-12-25 23:00:00,17400,25.27,83.67,0.0,0.0,65.73,2025.0,12
2025-12-26 00:00:00,17401,24.72,84.97,0.0,0.0,64.36,2025.0,12
2025-12-26 01:00:00,17402,24.7,84.5,0.0,0.0,63.74,2025.0,12
2025-12-26 02:00:00,17403,24.98,83.73,0.0,0.0,52.8,2025.0,12
2025-12-26 03:00:00,17404,25.09,83.2,0.0,0.0,56.35,2025.0,12
2025-12-26 04:00:00,17405,24.22,83.83,0.0,0.0,30.46,2025.0,12
2025-12-26 05:00:00,17406,23.95,84.8,0.0,0.0,31.76,2025.0,12
2025-12-26 06:00:00,17407,25.89,79.13,0.0,0.0,43.8,2025.0,12
2025-12-26 07:00:00,17408,,63.13,0.0,0.0,50.7,2025.0,12
2025-12-26 08:00:00,17409,,53.77,0.0,0.0,64.73,2025.0,12
2025-12-26 09:00:00,17410,,57.77,0.0,0.0,47.33,2025.0,12
2025-12-26 10:00:00,17411,,61.17,0.0,0.0,30.33,2025.0,12
2025-12-26 11:00:00,17412,,64.73,0.0,0.0,26.33,2025.0,12
2025-12-26 12:00:00,17413,,65.9,0.0,0.0,15.93,2025.0,12
2025-12-26 13:00:00,17414,26.66,76.43,0.0,0.0,23.67,2025.0,12
2025-12-26 14:00:00,17415,26.11,79.47,0.0,0.0,32.63,2025.0,12
2025-12-26 15:00:00,17416,26.31,77.97,0.0,0.0,46.48,2025.0,12
2025-12-26 16:00:00,17417,26.31,78.47,0.0,0.0,48.9,2025.0,12
2025-12-26 17:00:00,17418,26.52,78.53,0.0,0.0,49.19,2025.0,12
2025-12-26 18:00:00,17419,26.0,81.33,0.0,0.0,37.88,2025.0,12
2025-12-26 19:00:00,17420,25.96,79.72,0.0,0.0,39.23,2025.0,12
2025-12-26 20:00:00,17421,25.64,81.03,0.0,0.0,48.09,2025.0,12
2025-12-26 21:00:00,17422,25.36,84.13,0.0,0.0,94.11,2025.0,12
2025-12-26 22:00:00,17423,25.48,83.83,0.0,0.0,89.29,2025.0,12
2025-12-26 23:00:00,17424,25.28,83.77,0.0,0.0,91.59,2025.0,12
2025-12-27 00:00:00,17425,24.6,84.77,0.0,0.0,68.14,2025.0,12
2025-12-27 06:00:00,17431,24.96,78.57,0.0,0.0,72.27,2025.0,12
2025-12-27 07:00:00,17432,,66.0,0.0,0.0,69.87,2025.0,12
2025-12-27 08:00:00,17433,,59.0,0.0,0.0,45.2,2025.0,12
2025-12-27 09:00:00,17434,,49.83,0.0,0.0,51.53,2025.0,12
2025-12-27 10:00:00,17435,,54.97,0.0,0.0,35.6,2025.0,12
2025-12-27 11:00:00,17436,,60.6,0.0,0.0,24.07,2025.0,12
2025-12-27 12:00:00,17437,,57.67,0.0,0.0,12.3,2025.0,12
2025-12-27 13:00:00,17438,,62.13,0.0,0.0,10.8,2025.0,12
2025-12-27 14:00:00,17439,,65.5,0.0,0.0,8.17,2025.0,12
2025-12-27 15:00:00,17440,,65.13,0.0,0.0,11.17,2025.0,12
2025-12-27 16:00:00,17441,27.27,66.97,0.0,0.0,24.93,2025.0,12
2025-12-27 17:00:00,17442,26.91,68.87,0.0,0.0,33.9,2025.0,12
2025-12-27 18:00:00,17443,27.07,67.63,0.0,0.0,42.43,2025.0,12
2025-12-27 19:00:00,17444,,64.57,0.0,0.0,50.43,2025.0,12
2025-12-27 20:00:00,17445,26.92,67.27,0.0,0.0,44.07,2025.0,12
2025-12-27 21:00:00,17446,26.31,69.17,0.0,0.0,39.93,2025.0,12
2025-12-27 22:00:00,17447,25.13,73.3,0.0,0.0,37.63,2025.0,12
2025-12-27 23:00:00,17448,25.66,72.43,0.0,0.0,33.83,2025.0,12
2025-12-28 00:00:00,17449,26.17,71.87,0.0,0.0,56.9,2025.0,12
2025-12-28 01:00:00,17450,25.74,73.43,0.0,0.0,79.57,2025.0,12
2025-12-28 02:00:00,17451,24.98,75.1,0.0,0.0,72.37,2025.0,12
2025-12-28 03:00:00,17452,24.88,76.23,0.0,0.0,61.7,2025.0,12
2025-12-28 04:00:00,17453,24.5,78.6,0.0,0.0,78.82,2025.0,12
2025-12-28 05:00:00,17454,23.58,81.07,0.0,0.0,51.23,2025.0,12
2025-12-28 06:00:00,17455,26.41,73.17,0.0,0.0,87.66,2025.0,12
2025-12-28 07:00:00,17456,,54.53,0.0,0.0,54.77,2025.0,12
2025-12-28 08:00:00,17457,,50.47,0.0,0.0,67.37,2025.0,12
2025-12-28 09:00:00,17458,,45.47,0.0,0.0,67.4,2025.0,12
2025-12-28 10:00:00,17459,,39.9,0.0,0.0,33.03,2025.0,12
2025-12-28 11:00:00,17460,,37.7,0.0,0.0,28.23,2025.0,12
2025-12-28 12:00:00,17461,,38.93,0.0,0.0,24.2,2025.0,12
2025-12-28 13:00:00,17462,,56.0,0.0,0.0,33.3,2025.0,12
2025-12-28 14:00:00,17463,,57.33,0.0,0.0,32.23,2025.0,12
2025-12-28 15:00:00,17464,24.06,82.37,0.0,0.0,14.61,2025.0,12
2025-12-28 16:00:00,17465,24.41,83.37,0.0,0.0,25.17,2025.0,12
2025-12-28 17:00:00,17466,24.56,80.27,0.0,0.0,14.0,2025.0,12
2025-12-28 18:00:00,17467,24.96,78.33,0.0,0.0,11.51,2025.0,12
2025-12-28 19:00:00,17468,24.43,81.5,0.0,0.0,28.91,2025.0,12
2025-12-28 20:00:00,17469,24.44,80.97,0.0,0.0,31.59,2025.0,12
2025-12-28 21:00:00,17470,25.34,79.77,0.0,0.0,33.54,2025.0,12
2025-12-28 22:00:00,17471,25.13,80.5,0.0,0.0,33.23,2025.0,12
2025-12-28 23:00:00,17472,24.91,80.87,0.0,0.0,33.84,2025.0,12
2025-12-29 00:00:00,17473,24.24,83.3,0.0,0.0,57.06,2025.0,12
2025-12-29 01:00:00,17474,23.62,85.23,0.0,0.0,71.91,2025.0,12
2025-12-29 02:00:00,17475,23.76,83.87,0.0,0.0,69.7,2025.0,12
2025-12-29 03:00:00,17476,24.08,83.93,0.0,0.0,61.1,2025.0,12
2025-12-29 04:00:00,17477,24.0,84.43,0.0,0.0,64.43,2025.0,12
2025-12-29 05:00:00,17478,23.69,84.23,0.0,0.0,74.37,2025.0,12
2025-12-29 06:00:00,17479,24.82,79.97,0.0,0.0,77.87,2025.0,12
2025-12-29 07:00:00,17480,,66.37,0.0,0.0,,2025.0,12
2025-12-29 08:00:00,17481,,60.8,0.0,0.0,,2025.0,12
2025-12-29 09:00:00,17482,,52.03,0.0,0.0,59.37,2025.0,12
2025-12-29 10:00:00,17483,,44.57,0.0,0.0,40.07,2025.0,12
2025-12-29 11:00:00,17484,,43.27,0.0,0.0,35.67,2025.0,12
2025-12-29 12:00:00,17485,,39.1,0.0,0.0,22.27,2025.0,12
2025-12-29 13:00:00,17486,,42.97,0.0,0.0,18.7,2025.0,12
2025-12-29 14:00:00,17487,,66.04,0.0,0.0,41.18,2025.0,12
2025-12-29 15:00:00,17488,25.84,78.87,0.0,0.0,46.31,2025.0,12
2025-12-29 16:00:00,17489,24.16,82.7,0.0,0.0,33.97,2025.0,12
2025-12-29 17:00:00,17490,23.72,82.13,0.0,0.0,31.82,2025.0,12
2025-12-29 18:00:00,17491,24.33,79.69,0.0,0.0,45.98,2025.0,12
2025-12-29 19:00:00,17492,24.9,78.07,0.0,0.0,56.95,2025.0,12
2025-12-29 20:00:00,17493,25.24,77.43,0.0,0.0,56.38,2025.0,12
2025-12-29 21:00:00,17494,25.33,78.33,0.0,0.0,82.61,2025.0,12
2025-12-29 22:00:00,17495,24.41,82.4,0.0,0.0,64.28,2025.0,12
2025-12-29 23:00:00,17496,24.22,84.1,0.0,0.0,81.38,2025.0,12
2025-12-30 00:00:00,17497,24.48,82.27,0.0,0.0,74.41,2025.0,12
2025-12-30 01:00:00,17498,24.53,81.2,0.0,0.0,67.49,2025.0,12
2025-12-30 02:00:00,17499,24.15,83.6,0.0,0.0,63.45,2025.0,12
2025-12-30 03:00:00,17500,24.04,83.97,0.0,0.0,64.23,2025.0,12
2025-12-30 04:00:00,17501,23.98,83.83,0.0,0.0,80.82,2025.0,12
2025-12-30 05:00:00,17502,23.57,85.43,0.0,0.0,89.15,2025.0,12
2025-12-30 06:00:00,17503,24.56,84.37,0.0,0.0,98.57,2025.0,12
2025-12-30 07:00:00,17504,,68.4,0.0,0.0,,2025.0,12
2025-12-30 08:00:00,17505,,55.4,0.0,0.0,97.97,2025.0,12
2025-12-30 09:00:00,17506,,48.1,0.0,0.0,70.77,2025.0,12
2025-12-30 10:00:00,17507,,50.1,0.0,0.0,51.2,2025.0,12
2025-12-30 11:00:00,17508,,49.87,0.0,0.0,47.43,2025.0,12
2025-12-30 12:00:00,17509,,53.1,0.0,0.0,33.23,2025.0,12
2025-12-30 13:00:00,17510,,58.93,0.0,0.0,35.53,2025.0,12
2025-12-30 14:00:00,17511,,65.67,0.0,0.0,31.9,2025.0,12
2025-12-30 15:00:00,17512,26.67,73.37,0.0,0.0,30.82,2025.0,12
2025-12-30 16:00:00,17513,24.57,82.89,0.0,0.0,24.53,2025.0,12
2025-12-30 17:00:00,17514,24.97,82.31,0.0,0.0,33.84,2025.0,12
2025-12-30 18:00:00,17515,25.86,78.93,0.0,0.0,64.77,2025.0,12
2025-12-30 19:00:00,17516,25.31,81.07,0.0,0.0,51.23,2025.0,12
2025-12-30 20:00:00,17517,25.3,82.36,0.0,0.0,58.98,2025.0,12
2025-12-30 21:00:00,17518,25.39,82.15,0.0,0.0,54.64,2025.0,12
2025-12-30 22:00:00,17519,25.19,81.79,0.0,0.0,55.29,2025.0,12
2025-12-30 23:00:00,17520,24.65,82.17,0.0,0.0,45.9,2025.0,12
2025-12-31 00:00:00,17521,24.52,80.76,0.0,0.0,50.71,2025.0,12
2025-12-31 01:00:00,17522,24.38,83.03,0.0,0.0,39.4,2025.0,12
2025-12-31 02:00:00,17523,24.42,82.2,0.0,0.0,31.56,2025.0,12
2025-12-31 03:00:00,17524,24.49,82.43,0.0,0.0,32.0,2025.0,12
2025-12-31 04:00:00,17525,24.26,82.63,0.0,0.0,34.13,2025.0,12
2025-12-31 05:00:00,17526,22.64,88.07,0.0,0.0,20.82,2025.0,12
2025-12-31 06:00:00,17527,23.65,84.37,0.0,0.0,26.04,2025.0,12
2025-12-31 07:00:00,17528,24.87,79.73,0.0,0.0,31.31,2025.0,12
2025-12-31 08:00:00,17529,26.1,75.72,0.0,0.0,35.48,2025.0,12
2025-12-31 09:00:00,17530,24.09,84.0,0.0,0.0,28.0,2025.0,12
2025-12-31 10:00:00,17531,23.14,89.33,0.0,0.0,25.26,2025.0,12
2025-12-31 11:00:00,17532,24.03,83.62,0.0,0.0,24.0,2025.0,12
2025-12-31 12:00:00,17533,23.99,82.97,0.0,0.0,24.27,2025.0,12
2025-12-31 13:00:00,17534,25.25,78.3,0.0,0.0,25.15,2025.0,12
2025-12-31 14:00:00,17535,26.09,75.62,0.0,0.0,29.23,2025.0,12
2025-12-31 15:00:00,17536,25.02,78.1,0.0,0.0,28.9,2025.0,12
2025-12-31 16:00:00,17537,24.36,81.73,0.0,0.0,29.32,2025.0,12
2025-12-31 17:00:00,17538,23.41,84.83,0.0,0.0,26.6,2025.0,12
2025-12-31 18:00:00,17539,23.21,85.93,0.0,0.0,30.57,2025.0,12
2025-12-31 19:00:00,17540,24.28,81.53,0.0,0.0,42.66,2025.0,12
2025-12-31 20:00:00,17541,24.2,83.17,0.0,0.0,72.74,2025.0,12
2025-12-31 21:00:00,17542,23.88,85.9,0.0,0.0,,2025.0,12
2025-12-31 22:00:00,17543,23.93,84.83,0.0,0.0,100.34,2025.0,12
2025-12-31 23:00:00,17544,23.55,85.73,0.0,0.0,,2025.0,12
